province,zone,no,score
กำแพงเพชร,1,15,32642
กำแพงเพชร,1,11,18834
กำแพงเพชร,1,13,17082
กำแพงเพชร,1,17,11416
กำแพงเพชร,1,16,9732
กำแพงเพชร,1,9,1195
กำแพงเพชร,1,20,1189
กำแพงเพชร,1,2,667
กำแพงเพชร,1,12,645
กำแพงเพชร,1,14,618
กำแพงเพชร,1,5,332
กำแพงเพชร,1,3,295
กำแพงเพชร,1,26,288
กำแพงเพชร,1,1,275
กำแพงเพชร,1,7,254
กำแพงเพชร,1,21,251
กำแพงเพชร,1,18,248
กำแพงเพชร,1,25,245
กำแพงเพชร,1,23,191
กำแพงเพชร,1,8,174
กำแพงเพชร,1,4,167
กำแพงเพชร,1,30,136
กำแพงเพชร,1,22,116
กำแพงเพชร,1,6,91
กำแพงเพชร,1,28,91
กำแพงเพชร,1,27,69
กำแพงเพชร,1,24,68
กำแพงเพชร,1,19,54
กำแพงเพชร,1,10,0
กำแพงเพชร,1,29,0
กำแพงเพชร,2,13,34271
กำแพงเพชร,2,17,18626
กำแพงเพชร,2,4,13261
กำแพงเพชร,2,16,12891
กำแพงเพชร,2,2,3634
กำแพงเพชร,2,14,1502
กำแพงเพชร,2,21,1086
กำแพงเพชร,2,23,796
กำแพงเพชร,2,3,707
กำแพงเพชร,2,7,475
กำแพงเพชร,2,10,439
กำแพงเพชร,2,12,406
กำแพงเพชร,2,9,388
กำแพงเพชร,2,15,349
กำแพงเพชร,2,1,338
กำแพงเพชร,2,22,338
กำแพงเพชร,2,11,295
กำแพงเพชร,2,24,281
กำแพงเพชร,2,6,248
กำแพงเพชร,2,8,227
กำแพงเพชร,2,5,225
กำแพงเพชร,2,26,165
กำแพงเพชร,2,20,157
กำแพงเพชร,2,25,149
กำแพงเพชร,2,29,138
กำแพงเพชร,2,27,133
กำแพงเพชร,2,28,71
กำแพงเพชร,2,18,0
กำแพงเพชร,2,19,0
กำแพงเพชร,3,3,31127
กำแพงเพชร,3,2,21071
กำแพงเพชร,3,12,18522
กำแพงเพชร,3,17,8966
กำแพงเพชร,3,13,981
กำแพงเพชร,3,1,902
กำแพงเพชร,3,9,849
กำแพงเพชร,3,23,687
กำแพงเพชร,3,21,676
กำแพงเพชร,3,4,541
กำแพงเพชร,3,11,510
กำแพงเพชร,3,32,297
กำแพงเพชร,3,8,226
กำแพงเพชร,3,5,195
กำแพงเพชร,3,16,178
กำแพงเพชร,3,15,159
กำแพงเพชร,3,7,122
กำแพงเพชร,3,25,119
กำแพงเพชร,3,14,114
กำแพงเพชร,3,29,112
กำแพงเพชร,3,24,82
กำแพงเพชร,3,10,81
กำแพงเพชร,3,20,81
กำแพงเพชร,3,18,68
กำแพงเพชร,3,31,59
กำแพงเพชร,3,26,54
กำแพงเพชร,3,30,53
กำแพงเพชร,3,19,51
กำแพงเพชร,3,27,37
กำแพงเพชร,3,28,31
กำแพงเพชร,3,6,0
กำแพงเพชร,3,22,0
กำแพงเพชร,4,2,30112
กำแพงเพชร,4,6,26446
กำแพงเพชร,4,12,11536
กำแพงเพชร,4,16,8242
กำแพงเพชร,4,14,5351
กำแพงเพชร,4,5,1135
กำแพงเพชร,4,3,1011
กำแพงเพชร,4,22,738
กำแพงเพชร,4,19,612
กำแพงเพชร,4,1,582
กำแพงเพชร,4,11,487
กำแพงเพชร,4,10,472
กำแพงเพชร,4,26,467
กำแพงเพชร,4,23,322
กำแพงเพชร,4,13,220
กำแพงเพชร,4,25,220
กำแพงเพชร,4,17,210
กำแพงเพชร,4,4,175
กำแพงเพชร,4,18,152
กำแพงเพชร,4,8,150
กำแพงเพชร,4,9,134
กำแพงเพชร,4,24,132
กำแพงเพชร,4,28,67
กำแพงเพชร,4,31,57
กำแพงเพชร,4,20,43
กำแพงเพชร,4,29,41
กำแพงเพชร,4,30,38
กำแพงเพชร,4,7,0
กำแพงเพชร,4,15,0
กำแพงเพชร,4,21,0
กำแพงเพชร,4,27,0
กระบี่,1,18,44346
กระบี่,1,2,30381
กระบี่,1,15,17783
กระบี่,1,16,8484
กระบี่,1,10,4784
กระบี่,1,11,2032
กระบี่,1,8,1986
กระบี่,1,24,1596
กระบี่,1,7,1128
กระบี่,1,17,942
กระบี่,1,25,714
กระบี่,1,4,672
กระบี่,1,22,634
กระบี่,1,1,623
กระบี่,1,28,572
กระบี่,1,19,455
กระบี่,1,30,452
กระบี่,1,14,424
กระบี่,1,29,415
กระบี่,1,21,401
กระบี่,1,13,374
กระบี่,1,27,313
กระบี่,1,9,289
กระบี่,1,6,273
กระบี่,1,32,272
กระบี่,1,33,116
กระบี่,1,20,108
กระบี่,1,23,93
กระบี่,1,31,76
กระบี่,1,3,0
กระบี่,2,3,41978
กระบี่,2,13,40014
กระบี่,2,1,12531
กระบี่,2,11,12412
กระบี่,2,2,6852
กระบี่,2,5,5204
กระบี่,2,7,1660
กระบี่,2,22,1227
กระบี่,2,15,993
กระบี่,2,18,858
กระบี่,2,19,705
กระบี่,2,23,593
กระบี่,2,10,538
กระบี่,2,12,481
กระบี่,2,17,418
กระบี่,2,16,324
กระบี่,2,14,298
กระบี่,2,21,289
กระบี่,2,4,286
กระบี่,2,27,247
กระบี่,2,8,243
กระบี่,2,33,224
กระบี่,2,6,216
กระบี่,2,29,212
กระบี่,2,26,205
กระบี่,2,30,169
กระบี่,2,25,160
กระบี่,2,24,150
กระบี่,2,28,146
กระบี่,2,34,110
กระบี่,2,32,107
กระบี่,2,9,106
กระบี่,2,31,106
กระบี่,2,20,0
กระบี่,1,5,3474
กระบี่,1,26,389
กระบี่,1,12,272
กรุงเทพมหานคร,1,14,23246
กรุงเทพมหานคร,1,11,18091
กรุงเทพมหานคร,1,9,15904
กรุงเทพมหานคร,1,3,14348
กรุงเทพมหานคร,1,21,4522
กรุงเทพมหานคร,1,17,1687
กรุงเทพมหานคร,1,13,806
กรุงเทพมหานคร,1,7,547
กรุงเทพมหานคร,1,2,426
กรุงเทพมหานคร,1,12,301
กรุงเทพมหานคร,1,5,268
กรุงเทพมหานคร,1,1,223
กรุงเทพมหานคร,1,4,212
กรุงเทพมหานคร,1,10,168
กรุงเทพมหานคร,1,6,91
กรุงเทพมหานคร,1,20,62
กรุงเทพมหานคร,1,15,54
กรุงเทพมหานคร,1,19,36
กรุงเทพมหานคร,1,23,34
กรุงเทพมหานคร,1,16,33
กรุงเทพมหานคร,1,24,27
กรุงเทพมหานคร,1,26,25
กรุงเทพมหานคร,1,30,25
กรุงเทพมหานคร,1,25,24
กรุงเทพมหานคร,1,18,23
กรุงเทพมหานคร,1,28,21
กรุงเทพมหานคร,1,29,20
กรุงเทพมหานคร,1,22,18
กรุงเทพมหานคร,1,27,15
กรุงเทพมหานคร,1,8,0
กรุงเทพมหานคร,2,2,26909
กรุงเทพมหานคร,2,5,26636
กรุงเทพมหานคร,2,4,16269
กรุงเทพมหานคร,2,19,5610
กรุงเทพมหานคร,2,6,3434
กรุงเทพมหานคร,2,3,2947
กรุงเทพมหานคร,2,7,2142
กรุงเทพมหานคร,2,1,1022
กรุงเทพมหานคร,2,18,246
กรุงเทพมหานคร,2,12,195
กรุงเทพมหานคร,2,13,189
กรุงเทพมหานคร,2,8,166
กรุงเทพมหานคร,2,11,162
กรุงเทพมหานคร,2,31,103
กรุงเทพมหานคร,2,9,102
กรุงเทพมหานคร,2,23,86
กรุงเทพมหานคร,2,22,55
กรุงเทพมหานคร,2,21,51
กรุงเทพมหานคร,2,24,49
กรุงเทพมหานคร,2,30,47
กรุงเทพมหานคร,2,25,41
กรุงเทพมหานคร,2,20,40
กรุงเทพมหานคร,2,16,38
กรุงเทพมหานคร,2,15,36
กรุงเทพมหานคร,2,26,34
กรุงเทพมหานคร,2,29,27
กรุงเทพมหานคร,2,27,23
กรุงเทพมหานคร,2,28,23
กรุงเทพมหานคร,2,17,19
กรุงเทพมหานคร,2,10,0
กรุงเทพมหานคร,2,14,0
กรุงเทพมหานคร,3,14,28444
กรุงเทพมหานคร,3,3,25148
กรุงเทพมหานคร,3,13,17029
กรุงเทพมหานคร,3,20,5788
กรุงเทพมหานคร,3,11,3832
กรุงเทพมหานคร,3,10,1209
กรุงเทพมหานคร,3,12,1082
กรุงเทพมหานคร,3,5,546
กรุงเทพมหานคร,3,15,369
กรุงเทพมหานคร,3,4,350
กรุงเทพมหานคร,3,6,284
กรุงเทพมหานคร,3,19,247
กรุงเทพมหานคร,3,8,235
กรุงเทพมหานคร,3,9,208
กรุงเทพมหานคร,3,2,186
กรุงเทพมหานคร,3,18,183
กรุงเทพมหานคร,3,23,147
กรุงเทพมหานคร,3,21,142
กรุงเทพมหานคร,3,22,129
กรุงเทพมหานคร,3,7,102
กรุงเทพมหานคร,3,26,101
กรุงเทพมหานคร,3,16,40
กรุงเทพมหานคร,3,17,36
กรุงเทพมหานคร,3,25,34
กรุงเทพมหานคร,3,31,34
กรุงเทพมหานคร,3,28,32
กรุงเทพมหานคร,3,24,29
กรุงเทพมหานคร,3,33,28
กรุงเทพมหานคร,3,29,27
กรุงเทพมหานคร,3,30,25
กรุงเทพมหานคร,3,32,12
กรุงเทพมหานคร,3,27,9
กรุงเทพมหานคร,3,1,0
กรุงเทพมหานคร,4,6,27620
กรุงเทพมหานคร,4,2,25588
กรุงเทพมหานคร,4,11,13890
กรุงเทพมหานคร,4,21,4408
กรุงเทพมหานคร,4,1,3424
กรุงเทพมหานคร,4,3,3199
กรุงเทพมหานคร,4,5,898
กรุงเทพมหานคร,4,4,712
กรุงเทพมหานคร,4,8,420
กรุงเทพมหานคร,4,17,395
กรุงเทพมหานคร,4,7,269
กรุงเทพมหานคร,4,16,269
กรุงเทพมหานคร,4,14,202
กรุงเทพมหานคร,4,12,179
กรุงเทพมหานคร,4,10,165
กรุงเทพมหานคร,4,28,124
กรุงเทพมหานคร,4,22,75
กรุงเทพมหานคร,4,24,74
กรุงเทพมหานคร,4,26,71
กรุงเทพมหานคร,4,20,64
กรุงเทพมหานคร,4,13,62
กรุงเทพมหานคร,4,19,51
กรุงเทพมหานคร,4,23,45
กรุงเทพมหานคร,4,9,40
กรุงเทพมหานคร,4,25,35
กรุงเทพมหานคร,4,31,32
กรุงเทพมหานคร,4,15,26
กรุงเทพมหานคร,4,29,25
กรุงเทพมหานคร,4,30,20
กรุงเทพมหานคร,4,32,17
กรุงเทพมหานคร,4,27,13
กรุงเทพมหานคร,4,18,0
กรุงเทพมหานคร,5,13,27897
กรุงเทพมหานคร,5,2,27667
กรุงเทพมหานคร,5,8,25484
กรุงเทพมหานคร,5,9,18711
กรุงเทพมหานคร,5,29,5707
กรุงเทพมหานคร,5,7,2583
กรุงเทพมหานคร,5,4,746
กรุงเทพมหานคร,5,17,603
กรุงเทพมหานคร,5,11,436
กรุงเทพมหานคร,5,15,369
กรุงเทพมหานคร,5,1,291
กรุงเทพมหานคร,5,14,221
กรุงเทพมหานคร,5,6,209
กรุงเทพมหานคร,5,24,164
กรุงเทพมหานคร,5,3,140
กรุงเทพมหานคร,5,21,107
กรุงเทพมหานคร,5,22,104
กรุงเทพมหานคร,5,12,97
กรุงเทพมหานคร,5,18,97
กรุงเทพมหานคร,5,10,92
กรุงเทพมหานคร,5,26,86
กรุงเทพมหานคร,5,33,82
กรุงเทพมหานคร,5,25,77
กรุงเทพมหานคร,5,23,56
กรุงเทพมหานคร,5,16,38
กรุงเทพมหานคร,5,20,38
กรุงเทพมหานคร,5,30,30
กรุงเทพมหานคร,5,28,24
กรุงเทพมหานคร,5,32,16
กรุงเทพมหานคร,5,19,14
กรุงเทพมหานคร,5,27,9
กรุงเทพมหานคร,5,5,0
กรุงเทพมหานคร,5,31,0
กรุงเทพมหานคร,6,11,28690
กรุงเทพมหานคร,6,8,23980
กรุงเทพมหานคร,6,3,22275
กรุงเทพมหานคร,6,10,16525
กรุงเทพมหานคร,6,20,5416
กรุงเทพมหานคร,6,2,2471
กรุงเทพมหานคร,6,1,1101
กรุงเทพมหานคร,6,7,811
กรุงเทพมหานคร,6,18,429
กรุงเทพมหานคร,6,15,384
กรุงเทพมหานคร,6,9,276
กรุงเทพมหานคร,6,4,263
กรุงเทพมหานคร,6,6,224
กรุงเทพมหานคร,6,16,164
กรุงเทพมหานคร,6,17,117
กรุงเทพมหานคร,6,13,115
กรุงเทพมหานคร,6,12,102
กรุงเทพมหานคร,6,21,75
กรุงเทพมหานคร,6,5,66
กรุงเทพมหานคร,6,27,63
กรุงเทพมหานคร,6,23,59
กรุงเทพมหานคร,6,25,49
กรุงเทพมหานคร,6,30,44
กรุงเทพมหานคร,6,19,39
กรุงเทพมหานคร,6,22,38
กรุงเทพมหานคร,6,14,36
กรุงเทพมหานคร,6,24,33
กรุงเทพมหานคร,6,26,16
กรุงเทพมหานคร,6,28,15
กรุงเทพมหานคร,6,29,3
กรุงเทพมหานคร,7,4,25180
กรุงเทพมหานคร,7,17,23998
กรุงเทพมหานคร,7,3,21339
กรุงเทพมหานคร,7,15,12896
กรุงเทพมหานคร,7,12,5160
กรุงเทพมหานคร,7,22,3848
กรุงเทพมหานคร,7,7,2006
กรุงเทพมหานคร,7,14,1003
กรุงเทพมหานคร,7,11,658
กรุงเทพมหานคร,7,16,476
กรุงเทพมหานคร,7,13,426
กรุงเทพมหานคร,7,1,259
กรุงเทพมหานคร,7,8,242
กรุงเทพมหานคร,7,9,238
กรุงเทพมหานคร,7,6,224
กรุงเทพมหานคร,7,2,164
กรุงเทพมหานคร,7,5,123
กรุงเทพมหานคร,7,18,97
กรุงเทพมหานคร,7,21,92
กรุงเทพมหานคร,7,24,89
กรุงเทพมหานคร,7,10,81
กรุงเทพมหานคร,7,27,59
กรุงเทพมหานคร,7,29,58
กรุงเทพมหานคร,7,23,39
กรุงเทพมหานคร,7,31,32
กรุงเทพมหานคร,7,19,30
กรุงเทพมหานคร,7,26,30
กรุงเทพมหานคร,7,30,26
กรุงเทพมหานคร,7,20,20
กรุงเทพมหานคร,7,28,20
กรุงเทพมหานคร,7,25,13
กรุงเทพมหานคร,8,2,29090
กรุงเทพมหานคร,8,6,26122
กรุงเทพมหานคร,8,12,25656
กรุงเทพมหานคร,8,16,15384
กรุงเทพมหานคร,8,22,5661
กรุงเทพมหานคร,8,7,2338
กรุงเทพมหานคร,8,3,764
กรุงเทพมหานคร,8,11,690
กรุงเทพมหานคร,8,10,597
กรุงเทพมหานคร,8,19,450
กรุงเทพมหานคร,8,1,293
กรุงเทพมหานคร,8,8,205
กรุงเทพมหานคร,8,13,195
กรุงเทพมหานคร,8,14,171
กรุงเทพมหานคร,8,21,151
กรุงเทพมหานคร,8,15,129
กรุงเทพมหานคร,8,5,105
กรุงเทพมหานคร,8,4,89
กรุงเทพมหานคร,8,9,75
กรุงเทพมหานคร,8,26,73
กรุงเทพมหานคร,8,20,64
กรุงเทพมหานคร,8,17,50
กรุงเทพมหานคร,8,18,48
กรุงเทพมหานคร,8,23,46
กรุงเทพมหานคร,8,30,43
กรุงเทพมหานคร,8,24,36
กรุงเทพมหานคร,8,25,31
กรุงเทพมหานคร,8,34,25
กรุงเทพมหานคร,8,29,20
กรุงเทพมหานคร,8,27,19
กรุงเทพมหานคร,8,33,15
กรุงเทพมหานคร,8,32,11
กรุงเทพมหานคร,8,31,10
กรุงเทพมหานคร,8,28,0
กรุงเทพมหานคร,9,6,34907
กรุงเทพมหานคร,9,2,32115
กรุงเทพมหานคร,9,12,25735
กรุงเทพมหานคร,9,5,16255
กรุงเทพมหานคร,9,20,5873
กรุงเทพมหานคร,9,13,2593
กรุงเทพมหานคร,9,7,1666
กรุงเทพมหานคร,9,11,760
กรุงเทพมหานคร,9,15,578
กรุงเทพมหานคร,9,1,380
กรุงเทพมหานคร,9,4,348
กรุงเทพมหานคร,9,8,241
กรุงเทพมหานคร,9,10,237
กรุงเทพมหานคร,9,9,170
กรุงเทพมหานคร,9,3,147
กรุงเทพมหานคร,9,22,98
กรุงเทพมหานคร,9,16,81
กรุงเทพมหานคร,9,19,71
กรุงเทพมหานคร,9,23,59
กรุงเทพมหานคร,9,14,58
กรุงเทพมหานคร,9,26,55
กรุงเทพมหานคร,9,17,54
กรุงเทพมหานคร,9,24,52
กรุงเทพมหานคร,9,28,49
กรุงเทพมหานคร,9,25,46
กรุงเทพมหานคร,9,21,41
กรุงเทพมหานคร,9,30,38
กรุงเทพมหานคร,9,27,25
กรุงเทพมหานคร,9,18,23
กรุงเทพมหานคร,9,29,0
กรุงเทพมหานคร,10,1,30800
กรุงเทพมหานคร,10,13,22067
กรุงเทพมหานคร,10,17,22062
กรุงเทพมหานคร,10,11,14061
กรุงเทพมหานคร,10,4,2326
กรุงเทพมหานคร,10,3,627
กรุงเทพมหานคร,10,18,428
กรุงเทพมหานคร,10,8,257
กรุงเทพมหานคร,10,5,245
กรุงเทพมหานคร,10,6,227
กรุงเทพมหานคร,10,10,183
กรุงเทพมหานคร,10,12,164
กรุงเทพมหานคร,10,7,129
กรุงเทพมหานคร,10,9,126
กรุงเทพมหานคร,10,15,113
กรุงเทพมหานคร,10,16,107
กรุงเทพมหานคร,10,14,88
กรุงเทพมหานคร,10,22,65
กรุงเทพมหานคร,10,23,64
กรุงเทพมหานคร,10,29,60
กรุงเทพมหานคร,10,25,40
กรุงเทพมหานคร,10,20,38
กรุงเทพมหานคร,10,24,35
กรุงเทพมหานคร,10,28,28
กรุงเทพมหานคร,10,27,26
กรุงเทพมหานคร,10,26,16
กรุงเทพมหานคร,10,19,8
กรุงเทพมหานคร,10,2,0
กรุงเทพมหานคร,10,21,0
กรุงเทพมหานคร,11,12,34679
กรุงเทพมหานคร,11,13,25098
กรุงเทพมหานคร,11,8,24815
กรุงเทพมหานคร,11,7,18960
กรุงเทพมหานคร,11,19,4141
กรุงเทพมหานคร,11,4,2363
กรุงเทพมหานคร,11,10,661
กรุงเทพมหานคร,11,21,361
กรุงเทพมหานคร,11,9,354
กรุงเทพมหานคร,11,2,336
กรุงเทพมหานคร,11,11,217
กรุงเทพมหานคร,11,1,173
กรุงเทพมหานคร,11,6,173
กรุงเทพมหานคร,11,30,160
กรุงเทพมหานคร,11,15,130
กรุงเทพมหานคร,11,14,124
กรุงเทพมหานคร,11,18,84
กรุงเทพมหานคร,11,3,78
กรุงเทพมหานคร,11,17,72
กรุงเทพมหานคร,11,16,69
กรุงเทพมหานคร,11,5,64
กรุงเทพมหานคร,11,28,62
กรุงเทพมหานคร,11,24,40
กรุงเทพมหานคร,11,22,38
กรุงเทพมหานคร,11,29,37
กรุงเทพมหานคร,11,27,33
กรุงเทพมหานคร,11,31,26
กรุงเทพมหานคร,11,25,23
กรุงเทพมหานคร,11,20,19
กรุงเทพมหานคร,11,26,18
กรุงเทพมหานคร,11,23,0
กรุงเทพมหานคร,12,8,30254
กรุงเทพมหานคร,12,1,27629
กรุงเทพมหานคร,12,12,27571
กรุงเทพมหานคร,12,6,11075
กรุงเทพมหานคร,12,24,5174
กรุงเทพมหานคร,12,11,4057
กรุงเทพมหานคร,12,13,2394
กรุงเทพมหานคร,12,4,625
กรุงเทพมหานคร,12,14,510
กรุงเทพมหานคร,12,9,436
กรุงเทพมหานคร,12,7,345
กรุงเทพมหานคร,12,3,304
กรุงเทพมหานคร,12,5,181
กรุงเทพมหานคร,12,32,145
กรุงเทพมหานคร,12,16,143
กรุงเทพมหานคร,12,2,139
กรุงเทพมหานคร,12,10,127
กรุงเทพมหานคร,12,28,118
กรุงเทพมหานคร,12,21,106
กรุงเทพมหานคร,12,27,78
กรุงเทพมหานคร,12,29,63
กรุงเทพมหานคร,12,22,58
กรุงเทพมหานคร,12,30,56
กรุงเทพมหานคร,12,26,47
กรุงเทพมหานคร,12,20,41
กรุงเทพมหานคร,12,25,41
กรุงเทพมหานคร,12,33,37
กรุงเทพมหานคร,12,15,30
กรุงเทพมหานคร,12,18,30
กรุงเทพมหานคร,12,23,30
กรุงเทพมหานคร,12,31,28
กรุงเทพมหานคร,12,19,27
กรุงเทพมหานคร,12,17,16
กรุงเทพมหานคร,13,9,27489
กรุงเทพมหานคร,13,5,23912
กรุงเทพมหานคร,13,10,23707
กรุงเทพมหานคร,13,8,17958
กรุงเทพมหานคร,13,21,4803
กรุงเทพมหานคร,13,17,2091
กรุงเทพมหานคร,13,14,1544
กรุงเทพมหานคร,13,6,918
กรุงเทพมหานคร,13,2,677
กรุงเทพมหานคร,13,16,333
กรุงเทพมหานคร,13,1,253
กรุงเทพมหานคร,13,4,237
กรุงเทพมหานคร,13,15,179
กรุงเทพมหานคร,13,7,129
กรุงเทพมหานคร,13,12,129
กรุงเทพมหานคร,13,13,119
กรุงเทพมหานคร,13,25,101
กรุงเทพมหานคร,13,11,93
กรุงเทพมหานคร,13,24,82
กรุงเทพมหานคร,13,29,75
กรุงเทพมหานคร,13,22,71
กรุงเทพมหานคร,13,20,57
กรุงเทพมหานคร,13,3,52
กรุงเทพมหานคร,13,23,48
กรุงเทพมหานคร,13,19,37
กรุงเทพมหานคร,13,18,32
กรุงเทพมหานคร,13,31,27
กรุงเทพมหานคร,13,26,26
กรุงเทพมหานคร,13,28,25
กรุงเทพมหานคร,13,27,21
กรุงเทพมหานคร,13,30,13
กรุงเทพมหานคร,14,5,31445
กรุงเทพมหานคร,14,9,25908
กรุงเทพมหานคร,14,10,24461
กรุงเทพมหานคร,14,6,13375
กรุงเทพมหานคร,14,14,5518
กรุงเทพมหานคร,14,23,4767
กรุงเทพมหานคร,14,4,2424
กรุงเทพมหานคร,14,8,1332
กรุงเทพมหานคร,14,19,368
กรุงเทพมหานคร,14,13,230
กรุงเทพมหานคร,14,11,225
กรุงเทพมหานคร,14,1,206
กรุงเทพมหานคร,14,16,202
กรุงเทพมหานคร,14,20,198
กรุงเทพมหานคร,14,7,159
กรุงเทพมหานคร,14,15,140
กรุงเทพมหานคร,14,21,134
กรุงเทพมหานคร,14,25,129
กรุงเทพมหานคร,14,12,85
กรุงเทพมหานคร,14,3,80
กรุงเทพมหานคร,14,22,71
กรุงเทพมหานคร,14,24,53
กรุงเทพมหานคร,14,29,50
กรุงเทพมหานคร,14,26,48
กรุงเทพมหานคร,14,2,44
กรุงเทพมหานคร,14,18,44
กรุงเทพมหานคร,14,30,44
กรุงเทพมหานคร,14,17,35
กรุงเทพมหานคร,14,33,27
กรุงเทพมหานคร,14,32,20
กรุงเทพมหานคร,14,28,19
กรุงเทพมหานคร,14,31,10
กรุงเทพมหานคร,14,27,0
กรุงเทพมหานคร,15,12,31551
กรุงเทพมหานคร,15,6,30123
กรุงเทพมหานคร,15,2,21186
กรุงเทพมหานคร,15,1,8949
กรุงเทพมหานคร,15,20,3557
กรุงเทพมหานคร,15,13,1925
กรุงเทพมหานคร,15,7,627
กรุงเทพมหานคร,15,16,367
กรุงเทพมหานคร,15,11,320
กรุงเทพมหานคร,15,9,260
กรุงเทพมหานคร,15,5,219
กรุงเทพมหานคร,15,15,209
กรุงเทพมหานคร,15,8,169
กรุงเทพมหานคร,15,14,119
กรุงเทพมหานคร,15,17,116
กรุงเทพมหานคร,15,10,111
กรุงเทพมหานคร,15,21,90
กรุงเทพมหานคร,15,26,81
กรุงเทพมหานคร,15,4,77
กรุงเทพมหานคร,15,3,76
กรุงเทพมหานคร,15,22,71
กรุงเทพมหานคร,15,32,50
กรุงเทพมหานคร,15,28,34
กรุงเทพมหานคร,15,30,32
กรุงเทพมหานคร,15,23,26
กรุงเทพมหานคร,15,25,24
กรุงเทพมหานคร,15,29,19
กรุงเทพมหานคร,15,18,17
กรุงเทพมหานคร,15,24,16
กรุงเทพมหานคร,15,27,15
กรุงเทพมหานคร,15,31,11
กรุงเทพมหานคร,15,19,0
กรุงเทพมหานคร,16,6,31481
กรุงเทพมหานคร,16,11,29304
กรุงเทพมหานคร,16,13,26352
กรุงเทพมหานคร,16,12,10683
กรุงเทพมหานคร,16,22,4389
กรุงเทพมหานคร,16,5,2652
กรุงเทพมหานคร,16,10,1241
กรุงเทพมหานคร,16,4,876
กรุงเทพมหานคร,16,9,363
กรุงเทพมหานคร,16,1,329
กรุงเทพมหานคร,16,16,281
กรุงเทพมหานคร,16,3,245
กรุงเทพมหานคร,16,7,145
กรุงเทพมหานคร,16,14,134
กรุงเทพมหานคร,16,23,116
กรุงเทพมหานคร,16,17,108
กรุงเทพมหานคร,16,8,106
กรุงเทพมหานคร,16,25,106
กรุงเทพมหานคร,16,24,97
กรุงเทพมหานคร,16,26,94
กรุงเทพมหานคร,16,19,78
กรุงเทพมหานคร,16,21,78
กรุงเทพมหานคร,16,20,73
กรุงเทพมหานคร,16,18,72
กรุงเทพมหานคร,16,31,71
กรุงเทพมหานคร,16,2,69
กรุงเทพมหานคร,16,28,52
กรุงเทพมหานคร,16,30,40
กรุงเทพมหานคร,16,15,33
กรุงเทพมหานคร,16,27,29
กรุงเทพมหานคร,16,29,19
กรุงเทพมหานคร,17,10,25329
กรุงเทพมหานคร,17,9,24610
กรุงเทพมหานคร,17,1,18391
กรุงเทพมหานคร,17,6,8868
กรุงเทพมหานคร,17,4,7190
กรุงเทพมหานคร,17,26,2070
กรุงเทพมหานคร,17,7,1781
กรุงเทพมหานคร,17,20,732
กรุงเทพมหานคร,17,3,306
กรุงเทพมหานคร,17,5,223
กรุงเทพมหานคร,17,18,179
กรุงเทพมหานคร,17,30,174
กรุงเทพมหานคร,17,2,159
กรุงเทพมหานคร,17,14,142
กรุงเทพมหานคร,17,29,126
กรุงเทพมหานคร,17,21,121
กรุงเทพมหานคร,17,17,108
กรุงเทพมหานคร,17,16,96
กรุงเทพมหานคร,17,11,89
กรุงเทพมหานคร,17,13,88
กรุงเทพมหานคร,17,15,67
กรุงเทพมหานคร,17,25,65
กรุงเทพมหานคร,17,12,60
กรุงเทพมหานคร,17,24,58
กรุงเทพมหานคร,17,22,56
กรุงเทพมหานคร,17,23,41
กรุงเทพมหานคร,17,19,37
กรุงเทพมหานคร,17,27,32
กรุงเทพมหานคร,17,36,32
กรุงเทพมหานคร,17,28,30
กรุงเทพมหานคร,17,33,28
กรุงเทพมหานคร,17,34,15
กรุงเทพมหานคร,17,31,13
กรุงเทพมหานคร,17,35,12
กรุงเทพมหานคร,17,8,0
กรุงเทพมหานคร,17,32,0
กรุงเทพมหานคร,18,15,35361
กรุงเทพมหานคร,18,11,22346
กรุงเทพมหานคร,18,1,20739
กรุงเทพมหานคร,18,9,7295
กรุงเทพมหานคร,18,29,3119
กรุงเทพมหานคร,18,2,2143
กรุงเทพมหานคร,18,14,955
กรุงเทพมหานคร,18,8,603
กรุงเทพมหานคร,18,3,275
กรุงเทพมหานคร,18,22,275
กรุงเทพมหานคร,18,13,256
กรุงเทพมหานคร,18,4,229
กรุงเทพมหานคร,18,6,214
กรุงเทพมหานคร,18,10,180
กรุงเทพมหานคร,18,5,179
กรุงเทพมหานคร,18,21,137
กรุงเทพมหานคร,18,25,124
กรุงเทพมหานคร,18,7,105
กรุงเทพมหานคร,18,17,72
กรุงเทพมหานคร,18,19,71
กรุงเทพมหานคร,18,12,69
กรุงเทพมหานคร,18,20,59
กรุงเทพมหานคร,18,16,58
กรุงเทพมหานคร,18,24,47
กรุงเทพมหานคร,18,23,30
กรุงเทพมหานคร,18,26,28
กรุงเทพมหานคร,18,18,22
กรุงเทพมหานคร,18,28,19
กรุงเทพมหานคร,18,27,15
กรุงเทพมหานคร,19,9,28203
กรุงเทพมหานคร,19,3,23554
กรุงเทพมหานคร,19,1,21839
กรุงเทพมหานคร,19,14,16284
กรุงเทพมหานคร,19,20,5082
กรุงเทพมหานคร,19,16,2094
กรุงเทพมหานคร,19,5,957
กรุงเทพมหานคร,19,8,767
กรุงเทพมหานคร,19,17,352
กรุงเทพมหานคร,19,11,341
กรุงเทพมหานคร,19,10,211
กรุงเทพมหานคร,19,7,174
กรุงเทพมหานคร,19,12,171
กรุงเทพมหานคร,19,6,168
กรุงเทพมหานคร,19,2,105
กรุงเทพมหานคร,19,13,102
กรุงเทพมหานคร,19,15,99
กรุงเทพมหานคร,19,21,87
กรุงเทพมหานคร,19,22,86
กรุงเทพมหานคร,19,24,75
กรุงเทพมหานคร,19,4,66
กรุงเทพมหานคร,19,19,54
กรุงเทพมหานคร,19,29,49
กรุงเทพมหานคร,19,25,47
กรุงเทพมหานคร,19,23,46
กรุงเทพมหานคร,19,18,39
กรุงเทพมหานคร,19,30,32
กรุงเทพมหานคร,19,26,19
กรุงเทพมหานคร,19,28,14
กรุงเทพมหานคร,19,27,10
กรุงเทพมหานคร,20,2,40483
กรุงเทพมหานคร,20,6,29557
กรุงเทพมหานคร,20,11,18548
กรุงเทพมหานคร,20,23,6879
กรุงเทพมหานคร,20,3,5447
กรุงเทพมหานคร,20,1,5130
กรุงเทพมหานคร,20,13,3365
กรุงเทพมหานคร,20,21,1130
กรุงเทพมหานคร,20,8,872
กรุงเทพมหานคร,20,5,473
กรุงเทพมหานคร,20,12,426
กรุงเทพมหานคร,20,9,329
กรุงเทพมหานคร,20,14,217
กรุงเทพมหานคร,20,10,216
กรุงเทพมหานคร,20,4,133
กรุงเทพมหานคร,20,17,90
กรุงเทพมหานคร,20,15,89
กรุงเทพมหานคร,20,22,80
กรุงเทพมหานคร,20,26,75
กรุงเทพมหานคร,20,25,66
กรุงเทพมหานคร,20,16,65
กรุงเทพมหานคร,20,30,55
กรุงเทพมหานคร,20,18,54
กรุงเทพมหานคร,20,31,53
กรุงเทพมหานคร,20,24,49
กรุงเทพมหานคร,20,29,37
กรุงเทพมหานคร,20,19,24
กรุงเทพมหานคร,20,28,23
กรุงเทพมหานคร,20,20,18
กรุงเทพมหานคร,20,27,8
กรุงเทพมหานคร,20,7,0
กรุงเทพมหานคร,21,5,35702
กรุงเทพมหานคร,21,2,28944
กรุงเทพมหานคร,21,6,14339
กรุงเทพมหานคร,21,17,6387
กรุงเทพมหานคร,21,1,5514
กรุงเทพมหานคร,21,9,4263
กรุงเทพมหานคร,21,8,850
กรุงเทพมหานคร,21,15,485
กรุงเทพมหานคร,21,14,426
กรุงเทพมหานคร,21,3,377
กรุงเทพมหานคร,21,18,272
กรุงเทพมหานคร,21,10,225
กรุงเทพมหานคร,21,4,197
กรุงเทพมหานคร,21,7,182
กรุงเทพมหานคร,21,19,109
กรุงเทพมหานคร,21,21,93
กรุงเทพมหานคร,21,11,83
กรุงเทพมหานคร,21,20,77
กรุงเทพมหานคร,21,22,68
กรุงเทพมหานคร,21,24,68
กรุงเทพมหานคร,21,23,61
กรุงเทพมหานคร,21,13,52
กรุงเทพมหานคร,21,16,52
กรุงเทพมหานคร,21,25,49
กรุงเทพมหานคร,21,27,48
กรุงเทพมหานคร,21,26,45
กรุงเทพมหานคร,21,12,0
กรุงเทพมหานคร,22,7,34368
กรุงเทพมหานคร,22,11,27421
กรุงเทพมหานคร,22,14,20376
กรุงเทพมหานคร,22,4,6488
กรุงเทพมหานคร,22,23,6283
กรุงเทพมหานคร,22,15,2680
กรุงเทพมหานคร,22,13,1569
กรุงเทพมหานคร,22,5,1445
กรุงเทพมหานคร,22,2,599
กรุงเทพมหานคร,22,6,469
กรุงเทพมหานคร,22,17,398
กรุงเทพมหานคร,22,9,374
กรุงเทพมหานคร,22,8,321
กรุงเทพมหานคร,22,3,277
กรุงเทพมหานคร,22,21,232
กรุงเทพมหานคร,22,12,187
กรุงเทพมหานคร,22,1,178
กรุงเทพมหานคร,22,24,177
กรุงเทพมหานคร,22,26,120
กรุงเทพมหานคร,22,16,106
กรุงเทพมหานคร,22,28,79
กรุงเทพมหานคร,22,32,71
กรุงเทพมหานคร,22,20,67
กรุงเทพมหานคร,22,18,56
กรุงเทพมหานคร,22,19,53
กรุงเทพมหานคร,22,27,46
กรุงเทพมหานคร,22,31,46
กรุงเทพมหานคร,22,22,41
กรุงเทพมหานคร,22,30,16
กรุงเทพมหานคร,22,10,0
กรุงเทพมหานคร,22,25,0
กรุงเทพมหานคร,22,29,0
กรุงเทพมหานคร,23,1,27651
กรุงเทพมหานคร,23,5,26015
กรุงเทพมหานคร,23,6,24959
กรุงเทพมหานคร,23,4,17247
กรุงเทพมหานคร,23,19,5617
กรุงเทพมหานคร,23,10,3036
กรุงเทพมหานคร,23,3,2379
กรุงเทพมหานคร,23,9,425
กรุงเทพมหานคร,23,15,292
กรุงเทพมหานคร,23,30,212
กรุงเทพมหานคร,23,11,184
กรุงเทพมหานคร,23,13,157
กรุงเทพมหานคร,23,7,139
กรุงเทพมหานคร,23,8,134
กรุงเทพมหานคร,23,14,127
กรุงเทพมหานคร,23,18,121
กรุงเทพมหานคร,23,25,107
กรุงเทพมหานคร,23,22,102
กรุงเทพมหานคร,23,12,80
กรุงเทพมหานคร,23,17,78
กรุงเทพมหานคร,23,21,63
กรุงเทพมหานคร,23,26,62
กรุงเทพมหานคร,23,20,61
กรุงเทพมหานคร,23,2,56
กรุงเทพมหานคร,23,16,52
กรุงเทพมหานคร,23,24,52
กรุงเทพมหานคร,23,23,35
กรุงเทพมหานคร,23,27,27
กรุงเทพมหานคร,23,29,22
กรุงเทพมหานคร,23,28,15
กรุงเทพมหานคร,24,4,38409
กรุงเทพมหานคร,24,6,29154
กรุงเทพมหานคร,24,12,14784
กรุงเทพมหานคร,24,1,7187
กรุงเทพมหานคร,24,8,6748
กรุงเทพมหานคร,24,28,5859
กรุงเทพมหานคร,24,9,2908
กรุงเทพมหานคร,24,3,1113
กรุงเทพมหานคร,24,5,914
กรุงเทพมหานคร,24,2,590
กรุงเทพมหานคร,24,10,529
กรุงเทพมหานคร,24,7,443
กรุงเทพมหานคร,24,15,405
กรุงเทพมหานคร,24,11,146
กรุงเทพมหานคร,24,20,144
กรุงเทพมหานคร,24,21,137
กรุงเทพมหานคร,24,14,112
กรุงเทพมหานคร,24,26,108
กรุงเทพมหานคร,24,24,63
กรุงเทพมหานคร,24,18,60
กรุงเทพมหานคร,24,16,58
กรุงเทพมหานคร,24,17,45
กรุงเทพมหานคร,24,32,42
กรุงเทพมหานคร,24,19,30
กรุงเทพมหานคร,24,27,30
กรุงเทพมหานคร,24,29,30
กรุงเทพมหานคร,24,22,28
กรุงเทพมหานคร,24,30,24
กรุงเทพมหานคร,24,33,21
กรุงเทพมหานคร,24,23,20
กรุงเทพมหานคร,24,31,15
กรุงเทพมหานคร,24,13,0
กรุงเทพมหานคร,24,25,0
กรุงเทพมหานคร,25,2,38340
กรุงเทพมหานคร,25,8,23425
กรุงเทพมหานคร,25,5,16782
กรุงเทพมหานคร,25,3,5358
กรุงเทพมหานคร,25,20,5260
กรุงเทพมหานคร,25,11,2467
กรุงเทพมหานคร,25,1,2376
กรุงเทพมหานคร,25,7,535
กรุงเทพมหานคร,25,6,455
กรุงเทพมหานคร,25,4,416
กรุงเทพมหานคร,25,12,275
กรุงเทพมหานคร,25,14,257
กรุงเทพมหานคร,25,13,251
กรุงเทพมหานคร,25,16,136
กรุงเทพมหานคร,25,9,118
กรุงเทพมหานคร,25,15,114
กรุงเทพมหานคร,25,24,114
กรุงเทพมหานคร,25,25,100
กรุงเทพมหานคร,25,22,96
กรุงเทพมหานคร,25,23,94
กรุงเทพมหานคร,25,26,80
กรุงเทพมหานคร,25,31,61
กรุงเทพมหานคร,25,21,59
กรุงเทพมหานคร,25,28,58
กรุงเทพมหานคร,25,19,46
กรุงเทพมหานคร,25,18,45
กรุงเทพมหานคร,25,29,40
กรุงเทพมหานคร,25,17,34
กรุงเทพมหานคร,25,27,31
กรุงเทพมหานคร,25,30,17
กรุงเทพมหานคร,25,10,0
กรุงเทพมหานคร,26,13,30538
กรุงเทพมหานคร,26,9,27244
กรุงเทพมหานคร,26,8,19202
กรุงเทพมหานคร,26,14,18032
กรุงเทพมหานคร,26,27,4309
กรุงเทพมหานคร,26,5,2622
กรุงเทพมหานคร,26,12,602
กรุงเทพมหานคร,26,1,508
กรุงเทพมหานคร,26,6,289
กรุงเทพมหานคร,26,17,261
กรุงเทพมหานคร,26,4,244
กรุงเทพมหานคร,26,7,182
กรุงเทพมหานคร,26,10,166
กรุงเทพมหานคร,26,2,163
กรุงเทพมหานคร,26,15,149
กรุงเทพมหานคร,26,11,145
กรุงเทพมหานคร,26,25,125
กรุงเทพมหานคร,26,3,78
กรุงเทพมหานคร,26,28,72
กรุงเทพมหานคร,26,18,53
กรุงเทพมหานคร,26,21,51
กรุงเทพมหานคร,26,26,45
กรุงเทพมหานคร,26,24,42
กรุงเทพมหานคร,26,19,37
กรุงเทพมหานคร,26,23,32
กรุงเทพมหานคร,26,22,31
กรุงเทพมหานคร,26,16,30
กรุงเทพมหานคร,26,29,29
กรุงเทพมหานคร,26,20,21
กรุงเทพมหานคร,27,7,29545
กรุงเทพมหานคร,27,3,28367
กรุงเทพมหานคร,27,14,24981
กรุงเทพมหานคร,27,8,23803
กรุงเทพมหานคร,27,26,5213
กรุงเทพมหานคร,27,11,3834
กรุงเทพมหานคร,27,4,886
กรุงเทพมหานคร,27,12,542
กรุงเทพมหานคร,27,17,375
กรุงเทพมหานคร,27,2,358
กรุงเทพมหานคร,27,6,335
กรุงเทพมหานคร,27,9,323
กรุงเทพมหานคร,27,1,319
กรุงเทพมหานคร,27,10,250
กรุงเทพมหานคร,27,23,191
กรุงเทพมหานคร,27,13,182
กรุงเทพมหานคร,27,16,168
กรุงเทพมหานคร,27,21,145
กรุงเทพมหานคร,27,5,129
กรุงเทพมหานคร,27,15,127
กรุงเทพมหานคร,27,25,104
กรุงเทพมหานคร,27,24,67
กรุงเทพมหานคร,27,28,61
กรุงเทพมหานคร,27,22,53
กรุงเทพมหานคร,27,30,39
กรุงเทพมหานคร,27,27,38
กรุงเทพมหานคร,27,19,32
กรุงเทพมหานคร,27,18,23
กรุงเทพมหานคร,27,29,23
กรุงเทพมหานคร,27,20,0
กรุงเทพมหานคร,28,9,29590
กรุงเทพมหานคร,28,4,29413
กรุงเทพมหานคร,28,3,23510
กรุงเทพมหานคร,28,10,17279
กรุงเทพมหานคร,28,12,3755
กรุงเทพมหานคร,28,1,2391
กรุงเทพมหานคร,28,8,812
กรุงเทพมหานคร,28,5,429
กรุงเทพมหานคร,28,16,326
กรุงเทพมหานคร,28,11,273
กรุงเทพมหานคร,28,2,267
กรุงเทพมหานคร,28,14,185
กรุงเทพมหานคร,28,21,159
กรุงเทพมหานคร,28,24,116
กรุงเทพมหานคร,28,7,104
กรุงเทพมหานคร,28,15,102
กรุงเทพมหานคร,28,19,96
กรุงเทพมหานคร,28,13,90
กรุงเทพมหานคร,28,17,68
กรุงเทพมหานคร,28,20,48
กรุงเทพมหานคร,28,27,43
กรุงเทพมหานคร,28,22,38
กรุงเทพมหานคร,28,28,35
กรุงเทพมหานคร,28,6,0
กรุงเทพมหานคร,28,18,0
กรุงเทพมหานคร,28,23,0
กรุงเทพมหานคร,28,25,0
กรุงเทพมหานคร,28,26,0
กรุงเทพมหานคร,29,11,28765
กรุงเทพมหานคร,29,15,24622
กรุงเทพมหานคร,29,6,23477
กรุงเทพมหานคร,29,3,13612
กรุงเทพมหานคร,29,19,5077
กรุงเทพมหานคร,29,1,3407
กรุงเทพมหานคร,29,8,772
กรุงเทพมหานคร,29,14,537
กรุงเทพมหานคร,29,2,293
กรุงเทพมหานคร,29,5,287
กรุงเทพมหานคร,29,13,285
กรุงเทพมหานคร,29,17,262
กรุงเทพมหานคร,29,9,257
กรุงเทพมหานคร,29,7,227
กรุงเทพมหานคร,29,4,205
กรุงเทพมหานคร,29,10,175
กรุงเทพมหานคร,29,24,166
กรุงเทพมหานคร,29,12,126
กรุงเทพมหานคร,29,22,109
กรุงเทพมหานคร,29,23,98
กรุงเทพมหานคร,29,31,93
กรุงเทพมหานคร,29,18,91
กรุงเทพมหานคร,29,25,59
กรุงเทพมหานคร,29,21,54
กรุงเทพมหานคร,29,16,53
กรุงเทพมหานคร,29,30,52
กรุงเทพมหานคร,29,26,36
กรุงเทพมหานคร,29,20,32
กรุงเทพมหานคร,29,29,24
กรุงเทพมหานคร,29,27,18
กรุงเทพมหานคร,29,28,16
กรุงเทพมหานคร,30,8,31394
กรุงเทพมหานคร,30,6,25745
กรุงเทพมหานคร,30,4,23724
กรุงเทพมหานคร,30,10,17535
กรุงเทพมหานคร,30,20,5344
กรุงเทพมหานคร,30,7,3991
กรุงเทพมหานคร,30,5,766
กรุงเทพมหานคร,30,1,695
กรุงเทพมหานคร,30,16,437
กรุงเทพมหานคร,30,3,360
กรุงเทพมหานคร,30,9,351
กรุงเทพมหานคร,30,11,257
กรุงเทพมหานคร,30,30,211
กรุงเทพมหานคร,30,12,186
กรุงเทพมหานคร,30,2,170
กรุงเทพมหานคร,30,14,134
กรุงเทพมหานคร,30,13,127
กรุงเทพมหานคร,30,26,75
กรุงเทพมหานคร,30,23,64
กรุงเทพมหานคร,30,19,60
กรุงเทพมหานคร,30,18,59
กรุงเทพมหานคร,30,17,58
กรุงเทพมหานคร,30,24,58
กรุงเทพมหานคร,30,31,58
กรุงเทพมหานคร,30,21,56
กรุงเทพมหานคร,30,22,54
กรุงเทพมหานคร,30,25,52
กรุงเทพมหานคร,30,28,52
กรุงเทพมหานคร,30,15,37
กรุงเทพมหานคร,30,27,22
กรุงเทพมหานคร,30,29,19
กาญจนบุรี,1,2,40308
กาญจนบุรี,1,16,25696
กาญจนบุรี,1,10,15952
กาญจนบุรี,1,8,5251
กาญจนบุรี,1,3,4450
กาญจนบุรี,1,6,2844
กาญจนบุรี,1,1,877
กาญจนบุรี,1,29,652
กาญจนบุรี,1,7,590
กาญจนบุรี,1,9,563
กาญจนบุรี,1,14,563
กาญจนบุรี,1,22,479
กาญจนบุรี,1,5,368
กาญจนบุรี,1,4,283
กาญจนบุรี,1,15,248
กาญจนบุรี,1,26,209
กาญจนบุรี,1,21,199
กาญจนบุรี,1,12,160
กาญจนบุรี,1,23,118
กาญจนบุรี,1,20,115
กาญจนบุรี,1,25,108
กาญจนบุรี,1,13,105
กาญจนบุรี,1,27,82
กาญจนบุรี,1,24,72
กาญจนบุรี,1,28,56
กาญจนบุรี,1,11,0
กาญจนบุรี,1,17,0
กาญจนบุรี,1,18,0
กาญจนบุรี,1,19,0
กาญจนบุรี,2,7,32882
กาญจนบุรี,2,2,20656
กาญจนบุรี,2,6,13533
กาญจนบุรี,2,11,5685
กาญจนบุรี,2,8,3461
กาญจนบุรี,2,3,2083
กาญจนบุรี,2,15,914
กาญจนบุรี,2,10,376
กาญจนบุรี,2,4,198
กาญจนบุรี,2,16,183
กาญจนบุรี,2,12,159
กาญจนบุรี,2,5,131
กาญจนบุรี,2,9,128
กาญจนบุรี,2,22,125
กาญจนบุรี,2,21,112
กาญจนบุรี,2,13,95
กาญจนบุรี,2,19,81
กาญจนบุรี,2,20,79
กาญจนบุรี,2,17,74
กาญจนบุรี,2,14,37
กาญจนบุรี,2,18,29
กาญจนบุรี,2,1,0
กาญจนบุรี,3,12,30582
กาญจนบุรี,3,5,26637
กาญจนบุรี,3,4,20087
กาญจนบุรี,3,7,14393
กาญจนบุรี,3,6,6879
กาญจนบุรี,3,8,2479
กาญจนบุรี,3,9,1468
กาญจนบุรี,3,22,1262
กาญจนบุรี,3,15,432
กาญจนบุรี,3,1,395
กาญจนบุรี,3,25,392
กาญจนบุรี,3,3,390
กาญจนบุรี,3,11,373
กาญจนบุรี,3,10,369
กาญจนบุรี,3,14,342
กาญจนบุรี,3,13,283
กาญจนบุรี,3,18,229
กาญจนบุรี,3,23,223
กาญจนบุรี,3,21,194
กาญจนบุรี,3,24,154
กาญจนบุรี,3,17,138
กาญจนบุรี,3,19,133
กาญจนบุรี,3,16,85
กาญจนบุรี,3,20,53
กาญจนบุรี,3,2,0
กาญจนบุรี,4,6,30287
กาญจนบุรี,4,10,21995
กาญจนบุรี,4,3,21924
กาญจนบุรี,4,7,4742
กาญจนบุรี,4,11,4327
กาญจนบุรี,4,2,3197
กาญจนบุรี,4,4,1030
กาญจนบุรี,4,5,848
กาญจนบุรี,4,13,831
กาญจนบุรี,4,27,799
กาญจนบุรี,4,22,755
กาญจนบุรี,4,1,675
กาญจนบุรี,4,26,630
กาญจนบุรี,4,9,553
กาญจนบุรี,4,19,433
กาญจนบุรี,4,23,418
กาญจนบุรี,4,31,289
กาญจนบุรี,4,12,270
กาญจนบุรี,4,18,227
กาญจนบุรี,4,25,207
กาญจนบุรี,4,15,189
กาญจนบุรี,4,29,177
กาญจนบุรี,4,20,176
กาญจนบุรี,4,21,175
กาญจนบุรี,4,14,164
กาญจนบุรี,4,30,156
กาญจนบุรี,4,16,112
กาญจนบุรี,4,17,105
กาญจนบุรี,4,24,70
กาญจนบุรี,4,28,53
กาญจนบุรี,4,8,0
กาญจนบุรี,5,11,21363
กาญจนบุรี,5,6,11025
กาญจนบุรี,5,10,8226
กาญจนบุรี,5,2,6524
กาญจนบุรี,5,4,2827
กาญจนบุรี,5,13,1020
กาญจนบุรี,5,1,574
กาญจนบุรี,5,18,574
กาญจนบุรี,5,3,401
กาญจนบุรี,5,5,295
กาญจนบุรี,5,12,255
กาญจนบุรี,5,16,250
กาญจนบุรี,5,21,173
กาญจนบุรี,5,14,169
กาญจนบุรี,5,7,167
กาญจนบุรี,5,24,129
กาญจนบุรี,5,20,91
กาญจนบุรี,5,22,68
กาญจนบุรี,5,25,63
กาญจนบุรี,5,26,61
กาญจนบุรี,5,15,57
กาญจนบุรี,5,17,30
กาญจนบุรี,5,23,27
กาญจนบุรี,5,8,0
กาญจนบุรี,5,9,0
กาญจนบุรี,5,19,0
กาฬสินธุ์,1,12,37532
กาฬสินธุ์,1,7,32275
กาฬสินธุ์,1,1,17750
กาฬสินธุ์,1,2,9014
กาฬสินธุ์,1,4,1787
กาฬสินธุ์,1,14,1317
กาฬสินธุ์,1,27,853
กาฬสินธุ์,1,11,786
กาฬสินธุ์,1,3,769
กาฬสินธุ์,1,8,763
กาฬสินธุ์,1,32,474
กาฬสินธุ์,1,26,328
กาฬสินธุ์,1,21,308
กาฬสินธุ์,1,9,244
กาฬสินธุ์,1,28,240
กาฬสินธุ์,1,22,233
กาฬสินธุ์,1,10,186
กาฬสินธุ์,1,6,175
กาฬสินธุ์,1,13,166
กาฬสินธุ์,1,20,153
กาฬสินธุ์,1,16,141
กาฬสินธุ์,1,30,139
กาฬสินธุ์,1,25,128
กาฬสินธุ์,1,5,101
กาฬสินธุ์,1,23,92
กาฬสินธุ์,1,31,78
กาฬสินธุ์,1,18,64
กาฬสินธุ์,1,36,61
กาฬสินธุ์,1,15,58
กาฬสินธุ์,1,33,49
กาฬสินธุ์,1,29,47
กาฬสินธุ์,1,24,40
กาฬสินธุ์,1,34,37
กาฬสินธุ์,1,35,28
กาฬสินธุ์,1,19,26
กาฬสินธุ์,1,17,0
กาฬสินธุ์,2,11,38058
กาฬสินธุ์,2,14,30003
กาฬสินธุ์,2,8,13699
กาฬสินธุ์,2,7,12059
กาฬสินธุ์,2,4,3955
กาฬสินธุ์,2,6,1411
กาฬสินธุ์,2,3,1238
กาฬสินธุ์,2,31,480
กาฬสินธุ์,2,17,463
กาฬสินธุ์,2,34,406
กาฬสินธุ์,2,12,389
กาฬสินธุ์,2,28,385
กาฬสินธุ์,2,13,306
กาฬสินธุ์,2,21,233
กาฬสินธุ์,2,27,232
กาฬสินธุ์,2,10,226
กาฬสินธุ์,2,24,218
กาฬสินธุ์,2,1,210
กาฬสินธุ์,2,15,175
กาฬสินธุ์,2,9,145
กาฬสินธุ์,2,2,133
กาฬสินธุ์,2,5,133
กาฬสินธุ์,2,23,105
กาฬสินธุ์,2,26,90
กาฬสินธุ์,2,22,85
กาฬสินธุ์,2,32,83
กาฬสินธุ์,2,18,66
กาฬสินธุ์,2,30,54
กาฬสินธุ์,2,25,40
กาฬสินธุ์,2,20,29
กาฬสินธุ์,2,29,21
กาฬสินธุ์,2,16,0
กาฬสินธุ์,2,19,0
กาฬสินธุ์,2,33,0
กาฬสินธุ์,3,15,32588
กาฬสินธุ์,3,16,30373
กาฬสินธุ์,3,13,17503
กาฬสินธุ์,3,4,3699
กาฬสินธุ์,3,7,3495
กาฬสินธุ์,3,9,2322
กาฬสินธุ์,3,6,1035
กาฬสินธุ์,3,8,989
กาฬสินธุ์,3,1,833
กาฬสินธุ์,3,36,830
กาฬสินธุ์,3,17,722
กาฬสินธุ์,3,19,606
กาฬสินธุ์,3,3,591
กาฬสินธุ์,3,35,531
กาฬสินธุ์,3,14,380
กาฬสินธุ์,3,27,305
กาฬสินธุ์,3,11,299
กาฬสินธุ์,3,5,278
กาฬสินธุ์,3,24,272
กาฬสินธุ์,3,40,249
กาฬสินธุ์,3,2,230
กาฬสินธุ์,3,39,210
กาฬสินธุ์,3,12,193
กาฬสินธุ์,3,26,174
กาฬสินธุ์,3,29,166
กาฬสินธุ์,3,10,146
กาฬสินธุ์,3,28,140
กาฬสินธุ์,3,21,137
กาฬสินธุ์,3,34,134
กาฬสินธุ์,3,31,129
กาฬสินธุ์,3,25,120
กาฬสินธุ์,3,37,116
กาฬสินธุ์,3,32,103
กาฬสินธุ์,3,18,81
กาฬสินธุ์,3,23,77
กาฬสินธุ์,3,38,76
กาฬสินธุ์,3,20,65
กาฬสินธุ์,3,22,55
กาฬสินธุ์,3,30,0
กาฬสินธุ์,3,33,0
กาฬสินธุ์,4,2,45503
กาฬสินธุ์,4,12,17196
กาฬสินธุ์,4,8,14973
กาฬสินธุ์,4,21,3573
กาฬสินธุ์,4,1,3074
กาฬสินธุ์,4,10,2949
กาฬสินธุ์,4,5,2791
กาฬสินธุ์,4,22,1725
กาฬสินธุ์,4,16,1239
กาฬสินธุ์,4,9,867
กาฬสินธุ์,4,14,864
กาฬสินธุ์,4,32,716
กาฬสินธุ์,4,15,686
กาฬสินธุ์,4,6,592
กาฬสินธุ์,4,3,523
กาฬสินธุ์,4,7,493
กาฬสินธุ์,4,20,428
กาฬสินธุ์,4,33,332
กาฬสินธุ์,4,4,229
กาฬสินธุ์,4,17,205
กาฬสินธุ์,4,28,199
กาฬสินธุ์,4,25,131
กาฬสินธุ์,4,34,118
กาฬสินธุ์,4,13,115
กาฬสินธุ์,4,31,113
กาฬสินธุ์,4,19,110
กาฬสินธุ์,4,26,107
กาฬสินธุ์,4,24,83
กาฬสินธุ์,4,38,81
กาฬสินธุ์,4,23,73
กาฬสินธุ์,4,27,68
กาฬสินธุ์,4,35,58
กาฬสินธุ์,4,29,45
กาฬสินธุ์,4,36,32
กาฬสินธุ์,4,37,22
กาฬสินธุ์,4,11,0
กาฬสินธุ์,4,18,0
กาฬสินธุ์,4,30,0
กาฬสินธุ์,5,12,40262
กาฬสินธุ์,5,10,18266
กาฬสินธุ์,5,11,17625
กาฬสินธุ์,5,6,8460
กาฬสินธุ์,5,1,2841
กาฬสินธุ์,5,33,2401
กาฬสินธุ์,5,23,2265
กาฬสินธุ์,5,8,1965
กาฬสินธุ์,5,13,1430
กาฬสินธุ์,5,2,1111
กาฬสินธุ์,5,32,1060
กาฬสินธุ์,5,30,847
กาฬสินธุ์,5,9,567
กาฬสินธุ์,5,7,546
กาฬสินธุ์,5,19,487
กาฬสินธุ์,5,3,411
กาฬสินธุ์,5,15,405
กาฬสินธุ์,5,5,368
กาฬสินธุ์,5,26,352
กาฬสินธุ์,5,31,290
กาฬสินธุ์,5,34,271
กาฬสินธุ์,5,17,248
กาฬสินธุ์,5,28,242
กาฬสินธุ์,5,21,230
กาฬสินธุ์,5,22,174
กาฬสินธุ์,5,20,153
กาฬสินธุ์,5,29,128
กาฬสินธุ์,5,16,121
กาฬสินธุ์,5,4,90
กาฬสินธุ์,5,14,89
กาฬสินธุ์,5,18,72
กาฬสินธุ์,5,35,68
กาฬสินธุ์,5,24,67
กาฬสินธุ์,5,27,56
กาฬสินธุ์,5,25,40
กาฬสินธุ์,5,36,26
กาฬสินธุ์,5,37,21
กาฬสินธุ์,5,38,20
กาฬสินธุ์,5,39,0
ขอนแก่น,1,2,38717
ขอนแก่น,1,10,29396
ขอนแก่น,1,1,21935
ขอนแก่น,1,11,5325
ขอนแก่น,1,12,5014
ขอนแก่น,1,20,4656
ขอนแก่น,1,5,2977
ขอนแก่น,1,13,697
ขอนแก่น,1,18,581
ขอนแก่น,1,4,320
ขอนแก่น,1,36,276
ขอนแก่น,1,8,274
ขอนแก่น,1,26,245
ขอนแก่น,1,9,232
ขอนแก่น,1,24,228
ขอนแก่น,1,16,227
ขอนแก่น,1,15,198
ขอนแก่น,1,3,181
ขอนแก่น,1,19,125
ขอนแก่น,1,25,119
ขอนแก่น,1,22,117
ขอนแก่น,1,6,115
ขอนแก่น,1,35,111
ขอนแก่น,1,31,105
ขอนแก่น,1,14,104
ขอนแก่น,1,21,103
ขอนแก่น,1,40,100
ขอนแก่น,1,42,98
ขอนแก่น,1,32,79
ขอนแก่น,1,37,73
ขอนแก่น,1,41,73
ขอนแก่น,1,34,69
ขอนแก่น,1,17,61
ขอนแก่น,1,29,60
ขอนแก่น,1,33,51
ขอนแก่น,1,23,24
ขอนแก่น,1,38,20
ขอนแก่น,1,28,13
ขอนแก่น,1,39,9
ขอนแก่น,1,30,0
ขอนแก่น,2,5,46276
ขอนแก่น,2,16,34115
ขอนแก่น,2,7,21449
ขอนแก่น,2,30,2422
ขอนแก่น,2,18,2263
ขอนแก่น,2,6,2225
ขอนแก่น,2,10,1871
ขอนแก่น,2,3,831
ขอนแก่น,2,13,495
ขอนแก่น,2,15,332
ขอนแก่น,2,11,261
ขอนแก่น,2,23,241
ขอนแก่น,2,12,219
ขอนแก่น,2,41,213
ขอนแก่น,2,2,211
ขอนแก่น,2,27,205
ขอนแก่น,2,29,197
ขอนแก่น,2,21,177
ขอนแก่น,2,4,176
ขอนแก่น,2,14,120
ขอนแก่น,2,17,106
ขอนแก่น,2,26,95
ขอนแก่น,2,22,93
ขอนแก่น,2,9,91
ขอนแก่น,2,38,91
ขอนแก่น,2,19,80
ขอนแก่น,2,35,64
ขอนแก่น,2,31,61
ขอนแก่น,2,20,57
ขอนแก่น,2,24,57
ขอนแก่น,2,39,52
ขอนแก่น,2,28,47
ขอนแก่น,2,34,45
ขอนแก่น,2,33,43
ขอนแก่น,2,42,43
ขอนแก่น,2,36,38
ขอนแก่น,2,40,34
ขอนแก่น,2,25,25
ขอนแก่น,2,37,18
ขอนแก่น,3,1,34676
ขอนแก่น,3,18,29274
ขอนแก่น,3,3,26636
ขอนแก่น,3,11,7577
ขอนแก่น,3,8,1181
ขอนแก่น,3,2,932
ขอนแก่น,3,21,776
ขอนแก่น,3,23,766
ขอนแก่น,3,24,590
ขอนแก่น,3,15,475
ขอนแก่น,3,12,419
ขอนแก่น,3,4,374
ขอนแก่น,3,28,323
ขอนแก่น,3,31,286
ขอนแก่น,3,38,265
ขอนแก่น,3,17,237
ขอนแก่น,3,29,208
ขอนแก่น,3,16,188
ขอนแก่น,3,25,185
ขอนแก่น,3,14,169
ขอนแก่น,3,32,165
ขอนแก่น,3,5,146
ขอนแก่น,3,6,118
ขอนแก่น,3,9,113
ขอนแก่น,3,10,98
ขอนแก่น,3,22,97
ขอนแก่น,3,7,85
ขอนแก่น,3,20,56
ขอนแก่น,3,19,49
ขอนแก่น,3,40,39
ขอนแก่น,3,34,37
ขอนแก่น,3,37,26
ขอนแก่น,3,33,23
ขอนแก่น,3,36,23
ขอนแก่น,3,26,17
ขอนแก่น,3,39,15
ขอนแก่น,3,27,14
ขอนแก่น,3,35,9
ขอนแก่น,4,14,45092
ขอนแก่น,4,1,30603
ขอนแก่น,4,8,15320
ขอนแก่น,4,35,1748
ขอนแก่น,4,15,1477
ขอนแก่น,4,12,1476
ขอนแก่น,4,36,1044
ขอนแก่น,4,24,950
ขอนแก่น,4,16,799
ขอนแก่น,4,6,746
ขอนแก่น,4,26,687
ขอนแก่น,4,13,583
ขอนแก่น,4,9,569
ขอนแก่น,4,39,509
ขอนแก่น,4,2,421
ขอนแก่น,4,33,414
ขอนแก่น,4,7,387
ขอนแก่น,4,3,355
ขอนแก่น,4,10,296
ขอนแก่น,4,25,283
ขอนแก่น,4,11,278
ขอนแก่น,4,4,259
ขอนแก่น,4,5,243
ขอนแก่น,4,41,224
ขอนแก่น,4,34,178
ขอนแก่น,4,18,177
ขอนแก่น,4,21,158
ขอนแก่น,4,31,146
ขอนแก่น,4,27,135
ขอนแก่น,4,37,124
ขอนแก่น,4,22,117
ขอนแก่น,4,29,112
ขอนแก่น,4,32,97
ขอนแก่น,4,40,81
ขอนแก่น,4,42,80
ขอนแก่น,4,28,68
ขอนแก่น,4,23,60
ขอนแก่น,4,38,47
ขอนแก่น,4,20,37
ขอนแก่น,4,19,34
ขอนแก่น,5,7,39112
ขอนแก่น,5,15,21024
ขอนแก่น,5,5,9574
ขอนแก่น,5,31,3890
ขอนแก่น,5,10,2867
ขอนแก่น,5,2,1162
ขอนแก่น,5,27,905
ขอนแก่น,5,35,598
ขอนแก่น,5,11,427
ขอนแก่น,5,6,379
ขอนแก่น,5,8,354
ขอนแก่น,5,13,335
ขอนแก่น,5,20,325
ขอนแก่น,5,14,298
ขอนแก่น,5,1,204
ขอนแก่น,5,24,201
ขอนแก่น,5,4,185
ขอนแก่น,5,30,166
ขอนแก่น,5,9,142
ขอนแก่น,5,17,142
ขอนแก่น,5,25,129
ขอนแก่น,5,16,102
ขอนแก่น,5,29,101
ขอนแก่น,5,18,95
ขอนแก่น,5,19,84
ขอนแก่น,5,23,82
ขอนแก่น,5,21,70
ขอนแก่น,5,22,64
ขอนแก่น,5,34,60
ขอนแก่น,5,12,54
ขอนแก่น,5,33,50
ขอนแก่น,5,36,45
ขอนแก่น,5,40,33
ขอนแก่น,5,38,22
ขอนแก่น,5,37,17
ขอนแก่น,5,39,6
ขอนแก่น,6,5,32751
ขอนแก่น,6,8,27694
ขอนแก่น,6,3,13377
ขอนแก่น,6,15,5834
ขอนแก่น,6,1,1706
ขอนแก่น,6,9,1273
ขอนแก่น,6,28,919
ขอนแก่น,6,25,824
ขอนแก่น,6,16,655
ขอนแก่น,6,2,350
ขอนแก่น,6,17,322
ขอนแก่น,6,4,321
ขอนแก่น,6,18,307
ขอนแก่น,6,13,273
ขอนแก่น,6,27,264
ขอนแก่น,6,7,230
ขอนแก่น,6,21,230
ขอนแก่น,6,35,193
ขอนแก่น,6,29,188
ขอนแก่น,6,14,174
ขอนแก่น,6,23,158
ขอนแก่น,6,20,157
ขอนแก่น,6,10,138
ขอนแก่น,6,12,126
ขอนแก่น,6,33,77
ขอนแก่น,6,36,71
ขอนแก่น,6,34,68
ขอนแก่น,6,40,63
ขอนแก่น,6,31,62
ขอนแก่น,6,24,39
ขอนแก่น,6,19,29
ขอนแก่น,6,22,28
ขอนแก่น,6,39,24
ขอนแก่น,6,37,23
ขอนแก่น,6,32,21
ขอนแก่น,6,38,14
ขอนแก่น,7,16,29710
ขอนแก่น,7,7,26553
ขอนแก่น,7,9,12414
ขอนแก่น,7,5,9350
ขอนแก่น,7,24,1767
ขอนแก่น,7,10,1062
ขอนแก่น,7,14,889
ขอนแก่น,7,27,798
ขอนแก่น,7,36,599
ขอนแก่น,7,1,564
ขอนแก่น,7,3,549
ขอนแก่น,7,15,473
ขอนแก่น,7,25,442
ขอนแก่น,7,20,417
ขอนแก่น,7,6,318
ขอนแก่น,7,28,263
ขอนแก่น,7,4,255
ขอนแก่น,7,39,229
ขอนแก่น,7,8,217
ขอนแก่น,7,2,200
ขอนแก่น,7,17,187
ขอนแก่น,7,13,156
ขอนแก่น,7,22,147
ขอนแก่น,7,12,132
ขอนแก่น,7,18,130
ขอนแก่น,7,30,129
ขอนแก่น,7,26,107
ขอนแก่น,7,11,106
ขอนแก่น,7,37,106
ขอนแก่น,7,21,72
ขอนแก่น,7,19,69
ขอนแก่น,7,38,65
ขอนแก่น,7,23,55
ขอนแก่น,7,34,53
ขอนแก่น,7,33,51
ขอนแก่น,7,35,42
ขอนแก่น,7,32,23
ขอนแก่น,7,31,12
ขอนแก่น,8,13,53205
ขอนแก่น,8,6,12266
ขอนแก่น,8,18,10984
ขอนแก่น,8,3,2133
ขอนแก่น,8,2,1408
ขอนแก่น,8,8,1256
ขอนแก่น,8,22,1036
ขอนแก่น,8,9,1003
ขอนแก่น,8,10,837
ขอนแก่น,8,33,827
ขอนแก่น,8,38,720
ขอนแก่น,8,31,479
ขอนแก่น,8,16,478
ขอนแก่น,8,14,444
ขอนแก่น,8,12,368
ขอนแก่น,8,15,288
ขอนแก่น,8,29,270
ขอนแก่น,8,1,233
ขอนแก่น,8,19,184
ขอนแก่น,8,5,179
ขอนแก่น,8,7,177
ขอนแก่น,8,34,172
ขอนแก่น,8,30,160
ขอนแก่น,8,23,146
ขอนแก่น,8,11,137
ขอนแก่น,8,35,122
ขอนแก่น,8,17,119
ขอนแก่น,8,37,113
ขอนแก่น,8,36,108
ขอนแก่น,8,28,103
ขอนแก่น,8,32,94
ขอนแก่น,8,21,92
ขอนแก่น,8,27,88
ขอนแก่น,8,4,84
ขอนแก่น,8,25,75
ขอนแก่น,8,26,66
ขอนแก่น,8,24,55
ขอนแก่น,8,39,33
ขอนแก่น,8,41,33
ขอนแก่น,8,40,19
ขอนแก่น,9,11,51843
ขอนแก่น,9,14,11214
ขอนแก่น,9,16,8633
ขอนแก่น,9,1,4576
ขอนแก่น,9,12,2550
ขอนแก่น,9,10,1057
ขอนแก่น,9,36,837
ขอนแก่น,9,29,786
ขอนแก่น,9,27,777
ขอนแก่น,9,17,728
ขอนแก่น,9,13,534
ขอนแก่น,9,24,374
ขอนแก่น,9,2,334
ขอนแก่น,9,3,303
ขอนแก่น,9,26,298
ขอนแก่น,9,4,250
ขอนแก่น,9,8,250
ขอนแก่น,9,39,247
ขอนแก่น,9,33,208
ขอนแก่น,9,34,150
ขอนแก่น,9,6,130
ขอนแก่น,9,25,117
ขอนแก่น,9,15,98
ขอนแก่น,9,19,88
ขอนแก่น,9,28,83
ขอนแก่น,9,42,81
ขอนแก่น,9,32,76
ขอนแก่น,9,35,70
ขอนแก่น,9,40,70
ขอนแก่น,9,38,68
ขอนแก่น,9,44,66
ขอนแก่น,9,5,63
ขอนแก่น,9,31,56
ขอนแก่น,9,7,55
ขอนแก่น,9,41,43
ขอนแก่น,9,21,41
ขอนแก่น,9,23,28
ขอนแก่น,9,30,27
ขอนแก่น,9,22,25
ขอนแก่น,9,20,20
ขอนแก่น,9,43,14
ขอนแก่น,10,3,30111
ขอนแก่น,10,16,19997
ขอนแก่น,10,2,14439
ขอนแก่น,10,14,9588
ขอนแก่น,10,7,7936
ขอนแก่น,10,24,3100
ขอนแก่น,10,15,791
ขอนแก่น,10,17,744
ขอนแก่น,10,4,528
ขอนแก่น,10,6,385
ขอนแก่น,10,22,327
ขอนแก่น,10,28,306
ขอนแก่น,10,27,257
ขอนแก่น,10,41,230
ขอนแก่น,10,38,186
ขอนแก่น,10,26,160
ขอนแก่น,10,5,129
ขอนแก่น,10,32,129
ขอนแก่น,10,19,123
ขอนแก่น,10,8,121
ขอนแก่น,10,13,113
ขอนแก่น,10,12,97
ขอนแก่น,10,30,87
ขอนแก่น,10,29,77
ขอนแก่น,10,18,75
ขอนแก่น,10,44,57
ขอนแก่น,10,9,50
ขอนแก่น,10,10,48
ขอนแก่น,10,31,47
ขอนแก่น,10,21,39
ขอนแก่น,10,23,39
ขอนแก่น,10,34,39
ขอนแก่น,10,11,35
ขอนแก่น,10,37,33
ขอนแก่น,10,42,32
ขอนแก่น,10,36,28
ขอนแก่น,10,20,22
ขอนแก่น,10,35,20
ขอนแก่น,10,39,16
ขอนแก่น,10,43,15
ขอนแก่น,10,25,14
ขอนแก่น,10,33,13
จันทบุรี,1,14,364
จันทบุรี,1,17,249
จันทบุรี,1,10,181
จันทบุรี,1,2,0
จันทบุรี,2,18,154
จันทบุรี,2,24,98
จันทบุรี,3,5,515
จันทบุรี,1,12,26805
จันทบุรี,1,15,25661
จันทบุรี,1,1,14692
จันทบุรี,1,9,12589
จันทบุรี,1,6,4360
จันทบุรี,1,19,1911
จันทบุรี,1,3,1104
จันทบุรี,1,8,575
จันทบุรี,1,11,455
จันทบุรี,1,13,369
จันทบุรี,1,5,356
จันทบุรี,1,21,304
จันทบุรี,1,7,300
จันทบุรี,1,16,284
จันทบุรี,1,25,183
จันทบุรี,1,4,96
จันทบุรี,1,24,85
จันทบุรี,1,23,76
จันทบุรี,1,22,65
จันทบุรี,1,27,57
จันทบุรี,1,26,52
จันทบุรี,1,20,50
จันทบุรี,1,18,45
จันทบุรี,2,3,28750
จันทบุรี,2,1,27766
จันทบุรี,2,16,19711
จันทบุรี,2,10,7071
จันทบุรี,2,11,2216
จันทบุรี,2,15,2044
จันทบุรี,2,20,1265
จันทบุรี,2,7,920
จันทบุรี,2,17,747
จันทบุรี,2,26,621
จันทบุรี,2,21,532
จันทบุรี,2,5,469
จันทบุรี,2,25,441
จันทบุรี,2,12,395
จันทบุรี,2,4,372
จันทบุรี,2,6,370
จันทบุรี,2,8,364
จันทบุรี,2,13,328
จันทบุรี,2,14,271
จันทบุรี,2,9,234
จันทบุรี,2,23,217
จันทบุรี,2,22,202
จันทบุรี,2,27,172
จันทบุรี,2,19,104
จันทบุรี,2,2,0
จันทบุรี,3,7,32687
จันทบุรี,3,11,26892
จันทบุรี,3,10,16023
จันทบุรี,3,4,9879
จันทบุรี,3,12,6310
จันทบุรี,3,3,4106
จันทบุรี,3,16,2288
จันทบุรี,3,28,1149
จันทบุรี,3,13,711
จันทบุรี,3,1,566
จันทบุรี,3,6,498
จันทบุรี,3,15,425
จันทบุรี,3,2,307
จันทบุรี,3,14,306
จันทบุรี,3,25,252
จันทบุรี,3,27,252
จันทบุรี,3,8,247
จันทบุรี,3,21,240
จันทบุรี,3,18,227
จันทบุรี,3,23,210
จันทบุรี,3,24,156
จันทบุรี,3,20,148
จันทบุรี,3,17,141
จันทบุรี,3,29,119
จันทบุรี,3,22,73
จันทบุรี,3,19,58
จันทบุรี,3,9,0
จันทบุรี,3,26,0
ฉะเชิงเทรา,1,10,35045
ฉะเชิงเทรา,1,9,30116
ฉะเชิงเทรา,1,7,22761
ฉะเชิงเทรา,1,6,9100
ฉะเชิงเทรา,1,3,2741
ฉะเชิงเทรา,1,19,2109
ฉะเชิงเทรา,1,8,416
ฉะเชิงเทรา,1,15,348
ฉะเชิงเทรา,1,4,323
ฉะเชิงเทรา,1,13,249
ฉะเชิงเทรา,1,16,234
ฉะเชิงเทรา,1,5,154
ฉะเชิงเทรา,1,21,117
ฉะเชิงเทรา,1,20,105
ฉะเชิงเทรา,1,12,103
ฉะเชิงเทรา,1,14,100
ฉะเชิงเทรา,1,11,94
ฉะเชิงเทรา,1,18,58
ฉะเชิงเทรา,1,17,44
ฉะเชิงเทรา,1,1,0
ฉะเชิงเทรา,1,2,0
ฉะเชิงเทรา,2,4,44500
ฉะเชิงเทรา,2,10,34926
ฉะเชิงเทรา,2,3,12103
ฉะเชิงเทรา,2,1,5769
ฉะเชิงเทรา,2,8,1560
ฉะเชิงเทรา,2,25,1078
ฉะเชิงเทรา,2,6,570
ฉะเชิงเทรา,2,24,557
ฉะเชิงเทรา,2,9,255
ฉะเชิงเทรา,2,18,239
ฉะเชิงเทรา,2,21,208
ฉะเชิงเทรา,2,7,185
ฉะเชิงเทรา,2,23,173
ฉะเชิงเทรา,2,28,167
ฉะเชิงเทรา,2,12,160
ฉะเชิงเทรา,2,16,144
ฉะเชิงเทรา,2,2,113
ฉะเชิงเทรา,2,14,101
ฉะเชิงเทรา,2,22,86
ฉะเชิงเทรา,2,13,72
ฉะเชิงเทรา,2,20,57
ฉะเชิงเทรา,2,15,53
ฉะเชิงเทรา,2,27,46
ฉะเชิงเทรา,2,19,35
ฉะเชิงเทรา,2,17,32
ฉะเชิงเทรา,2,26,24
ฉะเชิงเทรา,2,5,0
ฉะเชิงเทรา,2,11,0
ฉะเชิงเทรา,3,5,31265
ฉะเชิงเทรา,3,6,23462
ฉะเชิงเทรา,3,3,15513
ฉะเชิงเทรา,3,10,4608
ฉะเชิงเทรา,3,12,4530
ฉะเชิงเทรา,3,2,1981
ฉะเชิงเทรา,3,25,1266
ฉะเชิงเทรา,3,14,953
ฉะเชิงเทรา,3,4,493
ฉะเชิงเทรา,3,16,407
ฉะเชิงเทรา,3,1,370
ฉะเชิงเทรา,3,9,358
ฉะเชิงเทรา,3,7,356
ฉะเชิงเทรา,3,22,331
ฉะเชิงเทรา,3,26,318
ฉะเชิงเทรา,3,15,273
ฉะเชิงเทรา,3,21,182
ฉะเชิงเทรา,3,24,155
ฉะเชิงเทรา,3,13,137
ฉะเชิงเทรา,3,19,136
ฉะเชิงเทรา,3,11,135
ฉะเชิงเทรา,3,27,121
ฉะเชิงเทรา,3,18,118
ฉะเชิงเทรา,3,17,108
ฉะเชิงเทรา,3,23,97
ฉะเชิงเทรา,3,20,88
ฉะเชิงเทรา,3,8,0
ฉะเชิงเทรา,4,3,42342
ฉะเชิงเทรา,4,4,39361
ฉะเชิงเทรา,4,2,10379
ฉะเชิงเทรา,4,7,4098
ฉะเชิงเทรา,4,18,2354
ฉะเชิงเทรา,4,1,2111
ฉะเชิงเทรา,4,16,697
ฉะเชิงเทรา,4,20,604
ฉะเชิงเทรา,4,24,500
ฉะเชิงเทรา,4,13,444
ฉะเชิงเทรา,4,5,401
ฉะเชิงเทรา,4,15,368
ฉะเชิงเทรา,4,9,340
ฉะเชิงเทรา,4,17,313
ฉะเชิงเทรา,4,14,292
ฉะเชิงเทรา,4,19,269
ฉะเชิงเทรา,4,8,250
ฉะเชิงเทรา,4,23,233
ฉะเชิงเทรา,4,22,197
ฉะเชิงเทรา,4,21,96
ฉะเชิงเทรา,4,12,94
ฉะเชิงเทรา,4,11,74
ฉะเชิงเทรา,4,6,0
ฉะเชิงเทรา,4,10,0
ชุมพร,1,7,42683
ชุมพร,1,5,32219
ชุมพร,1,11,10347
ชุมพร,1,4,2813
ชุมพร,1,24,1273
ชุมพร,1,6,1169
ชุมพร,1,10,1051
ชุมพร,1,8,712
ชุมพร,1,3,388
ชุมพร,1,14,378
ชุมพร,1,12,334
ชุมพร,1,27,332
ชุมพร,1,2,320
ชุมพร,1,25,316
ชุมพร,1,15,297
ชุมพร,1,9,263
ชุมพร,1,13,251
ชุมพร,1,21,194
ชุมพร,1,22,107
ชุมพร,1,20,86
ชุมพร,1,19,72
ชุมพร,1,26,62
ชุมพร,1,17,61
ชุมพร,1,18,58
ชุมพร,1,28,58
ชุมพร,1,16,55
ชุมพร,1,23,46
ชุมพร,1,1,0
ชุมพร,2,8,32765
ชุมพร,2,4,26037
ชุมพร,2,5,12344
ชุมพร,2,1,8674
ชุมพร,2,6,4966
ชุมพร,2,14,4895
ชุมพร,2,3,1468
ชุมพร,2,28,1109
ชุมพร,2,7,638
ชุมพร,2,11,550
ชุมพร,2,12,358
ชุมพร,2,19,358
ชุมพร,2,16,354
ชุมพร,2,2,287
ชุมพร,2,25,222
ชุมพร,2,15,214
ชุมพร,2,32,204
ชุมพร,2,9,196
ชุมพร,2,22,183
ชุมพร,2,10,133
ชุมพร,2,26,127
ชุมพร,2,23,126
ชุมพร,2,20,80
ชุมพร,2,21,70
ชุมพร,2,27,60
ชุมพร,2,34,57
ชุมพร,2,30,56
ชุมพร,2,31,50
ชุมพร,2,17,45
ชุมพร,2,29,39
ชุมพร,2,33,30
ชุมพร,2,13,0
ชุมพร,2,18,0
ชุมพร,2,24,0
ชุมพร,3,24,41464
ชุมพร,3,8,19397
ชุมพร,3,5,12243
ชุมพร,3,7,7438
ชุมพร,3,6,3368
ชุมพร,3,11,1682
ชุมพร,3,13,1549
ชุมพร,3,4,1464
ชุมพร,3,10,761
ชุมพร,3,15,739
ชุมพร,3,1,720
ชุมพร,3,2,704
ชุมพร,3,22,690
ชุมพร,3,18,444
ชุมพร,3,25,416
ชุมพร,3,28,402
ชุมพร,3,3,373
ชุมพร,3,23,234
ชุมพร,3,21,222
ชุมพร,3,14,167
ชุมพร,3,31,157
ชุมพร,3,9,143
ชุมพร,3,16,139
ชุมพร,3,26,117
ชุมพร,3,29,105
ชุมพร,3,33,96
ชุมพร,3,17,60
ชุมพร,3,27,60
ชุมพร,3,32,50
ชุมพร,3,20,16
ชุมพร,3,30,16
ชุมพร,3,19,15
ชุมพร,3,12,0
ชัยนาท,1,11,44104
ชัยนาท,1,9,22916
ชัยนาท,1,2,15144
ชัยนาท,1,3,5143
ชัยนาท,1,6,1752
ชัยนาท,1,4,1267
ชัยนาท,1,14,647
ชัยนาท,1,7,488
ชัยนาท,1,8,487
ชัยนาท,1,1,482
ชัยนาท,1,5,466
ชัยนาท,1,15,299
ชัยนาท,1,12,256
ชัยนาท,1,17,222
ชัยนาท,1,13,190
ชัยนาท,1,16,166
ชัยนาท,1,25,150
ชัยนาท,1,19,148
ชัยนาท,1,21,109
ชัยนาท,1,23,105
ชัยนาท,1,27,78
ชัยนาท,1,24,68
ชัยนาท,1,26,56
ชัยนาท,1,20,31
ชัยนาท,1,10,0
ชัยนาท,1,18,0
ชัยนาท,1,22,0
ชัยนาท,1,28,0
ชัยนาท,2,5,48505
ชัยนาท,2,4,27592
ชัยนาท,2,3,4642
ชัยนาท,2,12,3188
ชัยนาท,2,11,2771
ชัยนาท,2,1,776
ชัยนาท,2,20,663
ชัยนาท,2,10,590
ชัยนาท,2,14,574
ชัยนาท,2,24,533
ชัยนาท,2,9,371
ชัยนาท,2,22,319
ชัยนาท,2,15,310
ชัยนาท,2,7,277
ชัยนาท,2,19,273
ชัยนาท,2,13,193
ชัยนาท,2,23,192
ชัยนาท,2,8,189
ชัยนาท,2,17,166
ชัยนาท,2,21,132
ชัยนาท,2,18,36
ชัยนาท,2,2,0
ชัยนาท,2,6,0
ชัยนาท,2,16,0
ชัยภูมิ,1,6,38481
ชัยภูมิ,1,1,17463
ชัยภูมิ,1,19,15469
ชัยภูมิ,1,14,13715
ชัยภูมิ,1,12,5231
ชัยภูมิ,1,18,1324
ชัยภูมิ,1,17,1086
ชัยภูมิ,1,26,773
ชัยภูมิ,1,21,680
ชัยภูมิ,1,10,621
ชัยภูมิ,1,9,579
ชัยภูมิ,1,13,541
ชัยภูมิ,1,4,422
ชัยภูมิ,1,22,328
ชัยภูมิ,1,39,279
ชัยภูมิ,1,8,262
ชัยภูมิ,1,5,239
ชัยภูมิ,1,7,216
ชัยภูมิ,1,11,198
ชัยภูมิ,1,2,187
ชัยภูมิ,1,3,150
ชัยภูมิ,1,34,97
ชัยภูมิ,1,33,94
ชัยภูมิ,1,35,94
ชัยภูมิ,1,27,82
ชัยภูมิ,1,20,80
ชัยภูมิ,1,29,80
ชัยภูมิ,1,30,78
ชัยภูมิ,1,37,67
ชัยภูมิ,1,36,66
ชัยภูมิ,1,38,58
ชัยภูมิ,1,25,56
ชัยภูมิ,1,23,46
ชัยภูมิ,1,28,24
ชัยภูมิ,1,15,0
ชัยภูมิ,1,16,0
ชัยภูมิ,1,24,0
ชัยภูมิ,1,31,0
ชัยภูมิ,1,32,0
ชัยภูมิ,2,4,33614
ชัยภูมิ,2,2,31990
ชัยภูมิ,2,11,12688
ชัยภูมิ,2,17,9866
ชัยภูมิ,2,14,6363
ชัยภูมิ,2,10,1770
ชัยภูมิ,2,1,1078
ชัยภูมิ,2,24,1051
ชัยภูมิ,2,23,751
ชัยภูมิ,2,22,553
ชัยภูมิ,2,9,526
ชัยภูมิ,2,3,469
ชัยภูมิ,2,31,305
ชัยภูมิ,2,15,268
ชัยภูมิ,2,12,182
ชัยภูมิ,2,34,180
ชัยภูมิ,2,5,179
ชัยภูมิ,2,16,163
ชัยภูมิ,2,21,144
ชัยภูมิ,2,19,143
ชัยภูมิ,2,36,105
ชัยภูมิ,2,18,97
ชัยภูมิ,2,7,92
ชัยภูมิ,2,6,85
ชัยภูมิ,2,20,79
ชัยภูมิ,2,37,77
ชัยภูมิ,2,8,44
ชัยภูมิ,2,32,41
ชัยภูมิ,2,30,35
ชัยภูมิ,2,35,35
ชัยภูมิ,2,25,32
ชัยภูมิ,2,26,27
ชัยภูมิ,2,29,27
ชัยภูมิ,2,27,22
ชัยภูมิ,2,33,21
ชัยภูมิ,2,28,6
ชัยภูมิ,2,13,0
ชัยภูมิ,3,4,32352
ชัยภูมิ,3,6,24141
ชัยภูมิ,3,20,7902
ชัยภูมิ,3,7,7266
ชัยภูมิ,3,5,2665
ชัยภูมิ,3,8,2156
ชัยภูมิ,3,24,733
ชัยภูมิ,3,15,685
ชัยภูมิ,3,11,639
ชัยภูมิ,3,13,513
ชัยภูมิ,3,3,435
ชัยภูมิ,3,26,399
ชัยภูมิ,3,1,366
ชัยภูมิ,3,23,338
ชัยภูมิ,3,16,244
ชัยภูมิ,3,27,215
ชัยภูมิ,3,2,128
ชัยภูมิ,3,25,186
ชัยภูมิ,3,14,155
ชัยภูมิ,3,9,144
ชัยภูมิ,3,29,137
ชัยภูมิ,3,10,102
ชัยภูมิ,3,21,102
ชัยภูมิ,3,28,97
ชัยภูมิ,3,17,94
ชัยภูมิ,3,22,89
ชัยภูมิ,3,19,81
ชัยภูมิ,3,18,79
ชัยภูมิ,3,36,75
ชัยภูมิ,3,34,48
ชัยภูมิ,3,35,48
ชัยภูมิ,3,33,45
ชัยภูมิ,3,32,34
ชัยภูมิ,3,31,33
ชัยภูมิ,3,12,0
ชัยภูมิ,3,30,0
ชัยภูมิ,4,9,41991
ชัยภูมิ,4,7,27694
ชัยภูมิ,4,15,11760
ชัยภูมิ,4,31,7293
ชัยภูมิ,4,25,4845
ชัยภูมิ,4,1,1870
ชัยภูมิ,4,22,1195
ชัยภูมิ,4,12,1128
ชัยภูมิ,4,29,940
ชัยภูมิ,4,4,894
ชัยภูมิ,4,5,636
ชัยภูมิ,4,11,553
ชัยภูมิ,4,8,515
ชัยภูมิ,4,24,496
ชัยภูมิ,4,10,374
ชัยภูมิ,4,20,358
ชัยภูมิ,4,2,313
ชัยภูมิ,4,17,309
ชัยภูมิ,4,3,289
ชัยภูมิ,4,35,217
ชัยภูมิ,4,19,205
ชัยภูมิ,4,13,179
ชัยภูมิ,4,21,163
ชัยภูมิ,4,26,148
ชัยภูมิ,4,23,132
ชัยภูมิ,4,16,107
ชัยภูมิ,4,30,106
ชัยภูมิ,4,14,95
ชัยภูมิ,4,37,92
ชัยภูมิ,4,33,83
ชัยภูมิ,4,18,81
ชัยภูมิ,4,28,77
ชัยภูมิ,4,32,70
ชัยภูมิ,4,36,65
ชัยภูมิ,4,34,45
ชัยภูมิ,4,6,0
ชัยภูมิ,4,27,0
ชัยภูมิ,5,13,33313
ชัยภูมิ,5,16,25624
ชัยภูมิ,5,18,14633
ชัยภูมิ,5,6,12300
ชัยภูมิ,5,1,1609
ชัยภูมิ,5,4,1343
ชัยภูมิ,5,11,1312
ชัยภูมิ,5,3,1201
ชัยภูมิ,5,36,684
ชัยภูมิ,5,14,635
ชัยภูมิ,5,2,536
ชัยภูมิ,5,15,455
ชัยภูมิ,5,24,433
ชัยภูมิ,5,38,381
ชัยภูมิ,5,23,378
ชัยภูมิ,5,8,319
ชัยภูมิ,5,17,313
ชัยภูมิ,5,26,268
ชัยภูมิ,5,12,253
ชัยภูมิ,5,28,222
ชัยภูมิ,5,30,156
ชัยภูมิ,5,7,154
ชัยภูมิ,5,21,149
ชัยภูมิ,5,19,146
ชัยภูมิ,5,5,119
ชัยภูมิ,5,20,116
ชัยภูมิ,5,9,101
ชัยภูมิ,5,31,86
ชัยภูมิ,5,40,81
ชัยภูมิ,5,22,73
ชัยภูมิ,5,37,71
ชัยภูมิ,5,35,68
ชัยภูมิ,5,32,50
ชัยภูมิ,5,25,39
ชัยภูมิ,5,34,35
ชัยภูมิ,5,39,25
ชัยภูมิ,5,29,23
ชัยภูมิ,5,10,0
ชัยภูมิ,5,27,0
ชัยภูมิ,5,33,0
ชัยภูมิ,6,15,36009
ชัยภูมิ,6,2,23290
ชัยภูมิ,6,11,18527
ชัยภูมิ,6,19,12557
ชัยภูมิ,6,14,1195
ชัยภูมิ,6,10,1184
ชัยภูมิ,6,1,1090
ชัยภูมิ,6,16,689
ชัยภูมิ,6,35,614
ชัยภูมิ,6,22,548
ชัยภูมิ,6,31,455
ชัยภูมิ,6,27,411
ชัยภูมิ,6,12,290
ชัยภูมิ,6,21,239
ชัยภูมิ,6,5,220
ชัยภูมิ,6,24,212
ชัยภูมิ,6,26,209
ชัยภูมิ,6,8,198
ชัยภูมิ,6,13,198
ชัยภูมิ,6,17,175
ชัยภูมิ,6,3,170
ชัยภูมิ,6,18,150
ชัยภูมิ,6,25,123
ชัยภูมิ,6,30,116
ชัยภูมิ,6,4,108
ชัยภูมิ,6,33,97
ชัยภูมิ,6,37,79
ชัยภูมิ,6,6,73
ชัยภูมิ,6,20,68
ชัยภูมิ,6,23,59
ชัยภูมิ,6,9,56
ชัยภูมิ,6,34,50
ชัยภูมิ,6,36,49
ชัยภูมิ,6,29,26
ชัยภูมิ,6,7,0
ชัยภูมิ,6,28,0
ชัยภูมิ,6,32,0
ชลบุรี,1,6,38268
ชลบุรี,1,8,27430
ชลบุรี,1,10,14877
ชลบุรี,1,3,8362
ชลบุรี,1,1,8266
ชลบุรี,1,4,5327
ชลบุรี,1,7,5199
ชลบุรี,1,5,624
ชลบุรี,1,16,436
ชลบุรี,1,2,399
ชลบุรี,1,13,388
ชลบุรี,1,12,296
ชลบุรี,1,9,250
ชลบุรี,1,20,209
ชลบุรี,1,15,178
ชลบุรี,1,17,162
ชลบุรี,1,19,160
ชลบุรี,1,26,149
ชลบุรี,1,23,130
ชลบุรี,1,21,111
ชลบุรี,1,14,109
ชลบุรี,1,18,84
ชลบุรี,1,25,54
ชลบุรี,1,22,49
ชลบุรี,2,5,42427
ชลบุรี,2,6,21147
ชลบุรี,2,9,20853
ชลบุรี,2,4,11102
ชลบุรี,2,7,6020
ชลบุรี,2,16,2903
ชลบุรี,2,2,2707
ชลบุรี,2,1,485
ชลบุรี,2,18,311
ชลบุรี,2,8,302
ชลบุรี,2,3,235
ชลบุรี,2,14,216
ชลบุรี,2,11,159
ชลบุรี,2,25,140
ชลบุรี,2,19,108
ชลบุรี,2,22,107
ชลบุรี,2,23,107
ชลบุรี,2,17,96
ชลบุรี,2,21,78
ชลบุรี,2,15,69
ชลบุรี,2,13,63
ชลบุรี,2,12,50
ชลบุรี,2,20,19
ชลบุรี,3,8,54644
ชลบุรี,3,7,15038
ชลบุรี,3,9,13815
ชลบุรี,3,3,10025
ชลบุรี,3,4,5458
ชลบุรี,3,5,2422
ชลบุรี,3,17,1623
ชลบุรี,3,28,534
ชลบุรี,3,19,344
ชลบุรี,3,6,306
ชลบุรี,3,2,263
ชลบุรี,3,13,215
ชลบุรี,3,1,176
ชลบุรี,3,21,165
ชลบุรี,3,24,124
ชลบุรี,3,22,109
ชลบุรี,3,27,109
ชลบุรี,3,15,103
ชลบุรี,3,10,97
ชลบุรี,3,25,80
ชลบุรี,3,14,74
ชลบุรี,3,23,74
ชลบุรี,3,11,67
ชลบุรี,3,16,66
ชลบุรี,3,18,64
ชลบุรี,3,26,32
ชลบุรี,3,20,29
ชลบุรี,4,1,31261
ชลบุรี,4,12,21021
ชลบุรี,4,10,14732
ชลบุรี,4,2,10940
ชลบุรี,4,7,9426
ชลบุรี,4,17,1933
ชลบุรี,4,5,1685
ชลบุรี,4,21,938
ชลบุรี,4,19,407
ชลบุรี,4,3,327
ชลบุรี,4,6,248
ชลบุรี,4,8,224
ชลบุรี,4,11,208
ชลบุรี,4,9,160
ชลบุรี,4,4,133
ชลบุรี,4,22,133
ชลบุรี,4,13,118
ชลบุรี,4,24,96
ชลบุรี,4,14,83
ชลบุรี,4,26,76
ชลบุรี,4,25,64
ชลบุรี,4,23,59
ชลบุรี,4,20,54
ชลบุรี,4,15,53
ชลบุรี,4,16,52
ชลบุรี,4,18,38
ชลบุรี,5,3,43284
ชลบุรี,5,5,38321
ชลบุรี,5,2,9696
ชลบุรี,5,8,7591
ชลบุรี,5,10,4346
ชลบุรี,5,7,1722
ชลบุรี,5,14,1604
ชลบุรี,5,15,1103
ชลบุรี,5,4,745
ชลบุรี,5,18,558
ชลบุรี,5,6,530
ชลบุรี,5,9,517
ชลบุรี,5,17,373
ชลบุรี,5,13,331
ชลบุรี,5,16,169
ชลบุรี,5,20,109
ชลบุรี,5,26,103
ชลบุรี,5,23,100
ชลบุรี,5,22,79
ชลบุรี,5,24,78
ชลบุรี,5,12,76
ชลบุรี,5,19,61
ชลบุรี,5,11,54
ชลบุรี,6,5,39189
ชลบุรี,6,4,33440
ชลบุรี,6,6,7155
ชลบุรี,6,2,6582
ชลบุรี,6,1,4345
ชลบุรี,6,16,2933
ชลบุรี,6,3,719
ชลบุรี,6,18,580
ชลบุรี,6,9,414
ชลบุรี,6,19,362
ชลบุรี,6,10,345
ชลบุรี,6,24,292
ชลบุรี,6,12,215
ชลบุรี,6,17,212
ชลบุรี,6,13,157
ชลบุรี,6,27,118
ชลบุรี,6,11,107
ชลบุรี,6,23,104
ชลบุรี,6,15,94
ชลบุรี,6,7,89
ชลบุรี,6,22,88
ชลบุรี,6,25,75
ชลบุรี,6,21,66
ชลบุรี,6,29,61
ชลบุรี,6,28,49
ชลบุรี,6,26,45
ชลบุรี,6,20,38
ชลบุรี,7,13,31247
ชลบุรี,7,6,28001
ชลบุรี,7,5,7708
ชลบุรี,7,11,6946
ชลบุรี,7,8,5243
ชลบุรี,7,16,2256
ชลบุรี,7,15,1383
ชลบุรี,7,1,690
ชลบุรี,7,4,670
ชลบุรี,7,10,336
ชลบุรี,7,17,289
ชลบุรี,7,23,273
ชลบุรี,7,14,259
ชลบุรี,7,12,244
ชลบุรี,7,7,229
ชลบุรี,7,2,164
ชลบุรี,7,20,148
ชลบุรี,7,19,137
ชลบุรี,7,9,136
ชลบุรี,7,26,129
ชลบุรี,7,21,117
ชลบุรี,7,24,115
ชลบุรี,7,22,104
ชลบุรี,7,18,64
ชลบุรี,7,25,55
ชลบุรี,8,8,33967
ชลบุรี,8,11,25874
ชลบุรี,8,4,5865
ชลบุรี,8,2,5755
ชลบุรี,8,7,2998
ชลบุรี,8,15,2518
ชลบุรี,8,13,2313
ชลบุรี,8,1,489
ชลบุรี,8,10,389
ชลบุรี,8,21,353
ชลบุรี,8,16,332
ชลบุรี,8,9,322
ชลบุรี,8,12,276
ชลบุรี,8,24,170
ชลบุรี,8,5,163
ชลบุรี,8,14,157
ชลบุรี,8,22,134
ชลบุรี,8,3,126
ชลบุรี,8,19,112
ชลบุรี,8,25,109
ชลบุรี,8,20,81
ชลบุรี,8,26,80
ชลบุรี,8,17,63
ชลบุรี,8,18,59
ชลบุรี,8,23,53
เชียงราย,1,6,30719
เชียงราย,1,1,28891
เชียงราย,1,5,28391
เชียงราย,1,8,2472
เชียงราย,1,26,1752
เชียงราย,1,11,1649
เชียงราย,1,10,1102
เชียงราย,1,9,862
เชียงราย,1,25,676
เชียงราย,1,4,544
เชียงราย,1,21,448
เชียงราย,1,2,283
เชียงราย,1,16,244
เชียงราย,1,7,238
เชียงราย,1,3,140
เชียงราย,1,29,112
เชียงราย,1,18,103
เชียงราย,1,24,95
เชียงราย,1,13,91
เชียงราย,1,19,88
เชียงราย,1,20,74
เชียงราย,1,34,73
เชียงราย,1,12,69
เชียงราย,1,30,64
เชียงราย,1,23,63
เชียงราย,1,14,60
เชียงราย,1,32,59
เชียงราย,1,17,51
เชียงราย,1,22,51
เชียงราย,1,31,44
เชียงราย,1,27,43
เชียงราย,1,28,39
เชียงราย,1,33,19
เชียงราย,1,15,0
เชียงราย,2,10,41603
เชียงราย,2,6,21219
เชียงราย,2,2,20333
เชียงราย,2,13,4074
เชียงราย,2,4,3225
เชียงราย,2,1,1842
เชียงราย,2,26,1267
เชียงราย,2,30,802
เชียงราย,2,11,618
เชียงราย,2,7,602
เชียงราย,2,15,592
เชียงราย,2,9,590
เชียงราย,2,24,572
เชียงราย,2,12,514
เชียงราย,2,3,387
เชียงราย,2,5,379
เชียงราย,2,21,350
เชียงราย,2,22,292
เชียงราย,2,14,253
เชียงราย,2,18,245
เชียงราย,2,19,244
เชียงราย,2,8,229
เชียงราย,2,16,228
เชียงราย,2,29,213
เชียงราย,2,20,183
เชียงราย,2,27,182
เชียงราย,2,31,161
เชียงราย,2,23,142
เชียงราย,2,33,127
เชียงราย,2,25,115
เชียงราย,2,17,102
เชียงราย,2,35,98
เชียงราย,2,34,72
เชียงราย,2,28,55
เชียงราย,2,32,49
เชียงราย,3,12,53202
เชียงราย,3,4,25397
เชียงราย,3,1,17647
เชียงราย,3,8,4521
เชียงราย,3,16,2244
เชียงราย,3,11,2019
เชียงราย,3,27,994
เชียงราย,3,21,749
เชียงราย,3,32,530
เชียงราย,3,26,509
เชียงราย,3,10,459
เชียงราย,3,2,400
เชียงราย,3,5,345
เชียงราย,3,20,309
เชียงราย,3,13,283
เชียงราย,3,3,236
เชียงราย,3,22,233
เชียงราย,3,14,217
เชียงราย,3,9,212
เชียงราย,3,6,194
เชียงราย,3,7,192
เชียงราย,3,28,187
เชียงราย,3,18,176
เชียงราย,3,24,152
เชียงราย,3,31,142
เชียงราย,3,34,115
เชียงราย,3,25,97
เชียงราย,3,15,77
เชียงราย,3,17,71
เชียงราย,3,23,62
เชียงราย,3,19,53
เชียงราย,3,33,43
เชียงราย,3,29,40
เชียงราย,3,30,38
เชียงราย,4,9,62026
เชียงราย,4,1,24897
เชียงราย,4,2,14024
เชียงราย,4,12,2188
เชียงราย,4,10,1378
เชียงราย,4,29,898
เชียงราย,4,5,805
เชียงราย,4,16,563
เชียงราย,4,22,487
เชียงราย,4,8,483
เชียงราย,4,26,474
เชียงราย,4,24,452
เชียงราย,4,4,361
เชียงราย,4,6,358
เชียงราย,4,3,289
เชียงราย,4,19,266
เชียงราย,4,13,259
เชียงราย,4,28,233
เชียงราย,4,11,209
เชียงราย,4,7,195
เชียงราย,4,27,165
เชียงราย,4,33,119
เชียงราย,4,17,95
เชียงราย,4,15,89
เชียงราย,4,30,83
เชียงราย,4,23,75
เชียงราย,4,32,73
เชียงราย,4,25,66
เชียงราย,4,20,64
เชียงราย,4,18,53
เชียงราย,4,14,47
เชียงราย,4,31,33
เชียงราย,4,21,0
เชียงราย,4,34,0
เชียงราย,5,9,40972
เชียงราย,5,5,20736
เชียงราย,5,7,15954
เชียงราย,5,4,5261
เชียงราย,5,10,2646
เชียงราย,5,15,2460
เชียงราย,5,1,1596
เชียงราย,5,8,1261
เชียงราย,5,16,1011
เชียงราย,5,29,723
เชียงราย,5,27,572
เชียงราย,5,24,544
เชียงราย,5,31,510
เชียงราย,5,13,503
เชียงราย,5,14,489
เชียงราย,5,6,446
เชียงราย,5,11,305
เชียงราย,5,21,286
เชียงราย,5,18,213
เชียงราย,5,20,210
เชียงราย,5,17,197
เชียงราย,5,25,189
เชียงราย,5,2,165
เชียงราย,5,3,145
เชียงราย,5,12,144
เชียงราย,5,34,141
เชียงราย,5,30,135
เชียงราย,5,28,121
เชียงราย,5,36,83
เชียงราย,5,26,71
เชียงราย,5,23,69
เชียงราย,5,19,59
เชียงราย,5,33,58
เชียงราย,5,35,57
เชียงราย,5,22,56
เชียงราย,5,32,37
เชียงราย,6,1,23273
เชียงราย,6,12,23081
เชียงราย,6,8,16806
เชียงราย,6,10,2732
เชียงราย,6,11,1960
เชียงราย,6,14,1124
เชียงราย,6,21,740
เชียงราย,6,25,725
เชียงราย,6,6,638
เชียงราย,6,9,399
เชียงราย,6,28,393
เชียงราย,6,2,315
เชียงราย,6,7,307
เชียงราย,6,24,262
เชียงราย,6,32,243
เชียงราย,6,26,188
เชียงราย,6,3,183
เชียงราย,6,27,175
เชียงราย,6,13,148
เชียงราย,6,22,146
เชียงราย,6,16,112
เชียงราย,6,34,105
เชียงราย,6,5,93
เชียงราย,6,30,90
เชียงราย,6,20,89
เชียงราย,6,4,87
เชียงราย,6,15,74
เชียงราย,6,17,63
เชียงราย,6,23,47
เชียงราย,6,18,45
เชียงราย,6,31,39
เชียงราย,6,29,37
เชียงราย,6,19,36
เชียงราย,6,33,30
เชียงราย,7,7,32769
เชียงราย,7,9,19837
เชียงราย,7,1,11472
เชียงราย,7,12,2342
เชียงราย,7,3,1133
เชียงราย,7,2,1087
เชียงราย,7,5,1030
เชียงราย,7,21,799
เชียงราย,7,8,555
เชียงราย,7,27,540
เชียงราย,7,24,482
เชียงราย,7,6,430
เชียงราย,7,10,319
เชียงราย,7,4,266
เชียงราย,7,11,232
เชียงราย,7,19,216
เชียงราย,7,23,215
เชียงราย,7,14,190
เชียงราย,7,30,173
เชียงราย,7,22,171
เชียงราย,7,29,155
เชียงราย,7,20,153
เชียงราย,7,26,141
เชียงราย,7,16,110
เชียงราย,7,18,92
เชียงราย,7,15,85
เชียงราย,7,13,83
เชียงราย,7,25,81
เชียงราย,7,17,80
เชียงราย,7,28,71
เชียงใหม่,1,6,45894
เชียงใหม่,1,9,45120
เชียงใหม่,1,16,21183
เชียงใหม่,1,11,10676
เชียงใหม่,1,20,5373
เชียงใหม่,1,13,4148
เชียงใหม่,1,25,1610
เชียงใหม่,1,10,957
เชียงใหม่,1,12,875
เชียงใหม่,1,1,807
เชียงใหม่,1,7,687
เชียงใหม่,1,4,432
เชียงใหม่,1,15,390
เชียงใหม่,1,5,341
เชียงใหม่,1,26,336
เชียงใหม่,1,2,219
เชียงใหม่,1,14,210
เชียงใหม่,1,17,204
เชียงใหม่,1,23,203
เชียงใหม่,1,29,156
เชียงใหม่,1,8,143
เชียงใหม่,1,21,126
เชียงใหม่,1,22,108
เชียงใหม่,1,24,89
เชียงใหม่,1,35,81
เชียงใหม่,1,33,72
เชียงใหม่,1,31,59
เชียงใหม่,1,19,51
เชียงใหม่,1,18,45
เชียงใหม่,1,34,34
เชียงใหม่,1,27,32
เชียงใหม่,1,30,31
เชียงใหม่,1,28,25
เชียงใหม่,1,32,22
เชียงใหม่,1,3,0
เชียงใหม่,2,6,50127
เชียงใหม่,2,2,32617
เชียงใหม่,2,5,17022
เชียงใหม่,2,14,4416
เชียงใหม่,2,4,2887
เชียงใหม่,2,7,693
เชียงใหม่,2,18,670
เชียงใหม่,2,22,576
เชียงใหม่,2,8,510
เชียงใหม่,2,26,470
เชียงใหม่,2,1,406
เชียงใหม่,2,16,225
เชียงใหม่,2,3,187
เชียงใหม่,2,32,184
เชียงใหม่,2,10,170
เชียงใหม่,2,9,166
เชียงใหม่,2,13,145
เชียงใหม่,2,27,135
เชียงใหม่,2,19,113
เชียงใหม่,2,12,102
เชียงใหม่,2,15,94
เชียงใหม่,2,36,91
เชียงใหม่,2,21,80
เชียงใหม่,2,17,67
เชียงใหม่,2,24,67
เชียงใหม่,2,20,58
เชียงใหม่,2,30,55
เชียงใหม่,2,35,46
เชียงใหม่,2,23,45
เชียงใหม่,2,29,44
เชียงใหม่,2,33,31
เชียงใหม่,2,31,28
เชียงใหม่,2,11,0
เชียงใหม่,2,25,0
เชียงใหม่,2,28,0
เชียงใหม่,2,34,0
เชียงใหม่,3,13,64040
เชียงใหม่,3,8,28624
เชียงใหม่,3,16,12769
เชียงใหม่,3,14,4308
เชียงใหม่,3,2,2568
เชียงใหม่,3,18,2154
เชียงใหม่,3,9,1251
เชียงใหม่,3,12,1028
เชียงใหม่,3,3,494
เชียงใหม่,3,15,487
เชียงใหม่,3,30,399
เชียงใหม่,3,1,339
เชียงใหม่,3,5,315
เชียงใหม่,3,33,308
เชียงใหม่,3,7,267
เชียงใหม่,3,32,244
เชียงใหม่,3,10,240
เชียงใหม่,3,4,201
เชียงใหม่,3,23,197
เชียงใหม่,3,6,187
เชียงใหม่,3,19,185
เชียงใหม่,3,11,182
เชียงใหม่,3,31,144
เชียงใหม่,3,29,137
เชียงใหม่,3,20,114
เชียงใหม่,3,17,90
เชียงใหม่,3,34,90
เชียงใหม่,3,21,86
เชียงใหม่,3,28,78
เชียงใหม่,3,26,77
เชียงใหม่,3,25,62
เชียงใหม่,3,27,35
เชียงใหม่,3,22,0
เชียงใหม่,3,24,0
เชียงใหม่,4,10,37454
เชียงใหม่,4,2,35576
เชียงใหม่,4,4,30520
เชียงใหม่,4,8,4918
เชียงใหม่,4,6,2948
เชียงใหม่,4,13,1444
เชียงใหม่,4,5,563
เชียงใหม่,4,24,536
เชียงใหม่,4,21,497
เชียงใหม่,4,7,477
เชียงใหม่,4,17,417
เชียงใหม่,4,1,390
เชียงใหม่,4,30,356
เชียงใหม่,4,9,333
เชียงใหม่,4,3,320
เชียงใหม่,4,12,243
เชียงใหม่,4,15,234
เชียงใหม่,4,20,169
เชียงใหม่,4,27,169
เชียงใหม่,4,14,159
เชียงใหม่,4,32,142
เชียงใหม่,4,11,122
เชียงใหม่,4,22,111
เชียงใหม่,4,35,105
เชียงใหม่,4,19,98
เชียงใหม่,4,31,87
เชียงใหม่,4,18,86
เชียงใหม่,4,23,86
เชียงใหม่,4,25,80
เชียงใหม่,4,28,77
เชียงใหม่,4,16,67
เชียงใหม่,4,26,44
เชียงใหม่,4,33,44
เชียงใหม่,4,34,39
เชียงใหม่,4,29,0
เชียงใหม่,5,14,41169
เชียงใหม่,5,17,29170
เชียงใหม่,5,6,27940
เชียงใหม่,5,15,4816
เชียงใหม่,5,8,2550
เชียงใหม่,5,5,1761
เชียงใหม่,5,23,1347
เชียงใหม่,5,1,1292
เชียงใหม่,5,16,931
เชียงใหม่,5,11,505
เชียงใหม่,5,10,504
เชียงใหม่,5,4,499
เชียงใหม่,5,7,482
เชียงใหม่,5,2,438
เชียงใหม่,5,13,409
เชียงใหม่,5,9,318
เชียงใหม่,5,34,318
เชียงใหม่,5,27,312
เชียงใหม่,5,24,307
เชียงใหม่,5,18,299
เชียงใหม่,5,3,252
เชียงใหม่,5,12,245
เชียงใหม่,5,25,231
เชียงใหม่,5,35,216
เชียงใหม่,5,26,187
เชียงใหม่,5,19,177
เชียงใหม่,5,21,167
เชียงใหม่,5,20,141
เชียงใหม่,5,30,133
เชียงใหม่,5,31,130
เชียงใหม่,5,22,96
เชียงใหม่,5,28,91
เชียงใหม่,5,33,77
เชียงใหม่,5,29,58
เชียงใหม่,5,32,49
เชียงใหม่,6,1,23576
เชียงใหม่,6,10,17377
เชียงใหม่,6,5,12944
เชียงใหม่,6,13,4532
เชียงใหม่,6,9,1149
เชียงใหม่,6,19,1062
เชียงใหม่,6,11,983
เชียงใหม่,6,21,866
เชียงใหม่,6,2,569
เชียงใหม่,6,6,568
เชียงใหม่,6,25,387
เชียงใหม่,6,3,333
เชียงใหม่,6,8,280
เชียงใหม่,6,12,274
เชียงใหม่,6,4,273
เชียงใหม่,6,15,251
เชียงใหม่,6,14,219
เชียงใหม่,6,16,187
เชียงใหม่,6,20,166
เชียงใหม่,6,33,161
เชียงใหม่,6,7,153
เชียงใหม่,6,22,151
เชียงใหม่,6,26,122
เชียงใหม่,6,30,117
เชียงใหม่,6,32,113
เชียงใหม่,6,36,109
เชียงใหม่,6,29,77
เชียงใหม่,6,23,61
เชียงใหม่,6,28,60
เชียงใหม่,6,27,59
เชียงใหม่,6,31,58
เชียงใหม่,6,18,55
เชียงใหม่,6,17,49
เชียงใหม่,6,24,40
เชียงใหม่,6,35,34
เชียงใหม่,6,34,28
เชียงใหม่,7,12,27477
เชียงใหม่,7,16,19729
เชียงใหม่,7,7,18925
เชียงใหม่,7,17,8719
เชียงใหม่,7,15,3440
เชียงใหม่,7,4,1032
เชียงใหม่,7,5,645
เชียงใหม่,7,3,633
เชียงใหม่,7,2,613
เชียงใหม่,7,6,576
เชียงใหม่,7,1,537
เชียงใหม่,7,27,520
เชียงใหม่,7,8,478
เชียงใหม่,7,11,457
เชียงใหม่,7,18,332
เชียงใหม่,7,13,299
เชียงใหม่,7,21,273
เชียงใหม่,7,14,269
เชียงใหม่,7,32,237
เชียงใหม่,7,9,202
เชียงใหม่,7,22,163
เชียงใหม่,7,29,144
เชียงใหม่,7,23,132
เชียงใหม่,7,26,131
เชียงใหม่,7,10,130
เชียงใหม่,7,24,109
เชียงใหม่,7,25,99
เชียงใหม่,7,20,98
เชียงใหม่,7,30,89
เชียงใหม่,7,19,72
เชียงใหม่,7,31,52
เชียงใหม่,7,28,0
เชียงใหม่,8,8,52165
เชียงใหม่,8,4,39221
เชียงใหม่,8,9,29556
เชียงใหม่,8,2,2508
เชียงใหม่,8,1,1864
เชียงใหม่,8,29,1246
เชียงใหม่,8,24,868
เชียงใหม่,8,18,790
เชียงใหม่,8,6,677
เชียงใหม่,8,13,594
เชียงใหม่,8,26,581
เชียงใหม่,8,5,538
เชียงใหม่,8,7,500
เชียงใหม่,8,28,459
เชียงใหม่,8,3,440
เชียงใหม่,8,14,362
เชียงใหม่,8,23,317
เชียงใหม่,8,10,242
เชียงใหม่,8,16,231
เชียงใหม่,8,11,175
เชียงใหม่,8,33,139
เชียงใหม่,8,17,132
เชียงใหม่,8,25,131
เชียงใหม่,8,31,125
เชียงใหม่,8,12,119
เชียงใหม่,8,21,106
เชียงใหม่,8,15,86
เชียงใหม่,8,22,73
เชียงใหม่,8,32,57
เชียงใหม่,8,27,55
เชียงใหม่,8,20,54
เชียงใหม่,8,19,52
เชียงใหม่,8,30,0
เชียงใหม่,9,9,39390
เชียงใหม่,9,10,32532
เชียงใหม่,9,15,17558
เชียงใหม่,9,1,4692
เชียงใหม่,9,12,1574
เชียงใหม่,9,8,1242
เชียงใหม่,9,5,1064
เชียงใหม่,9,14,1055
เชียงใหม่,9,29,979
เชียงใหม่,9,30,946
เชียงใหม่,9,16,852
เชียงใหม่,9,3,708
เชียงใหม่,9,2,667
เชียงใหม่,9,6,643
เชียงใหม่,9,4,625
เชียงใหม่,9,7,481
เชียงใหม่,9,25,452
เชียงใหม่,9,21,450
เชียงใหม่,9,13,303
เชียงใหม่,9,24,231
เชียงใหม่,9,20,220
เชียงใหม่,9,18,206
เชียงใหม่,9,19,188
เชียงใหม่,9,22,188
เชียงใหม่,9,26,175
เชียงใหม่,9,28,160
เชียงใหม่,9,34,157
เชียงใหม่,9,23,114
เชียงใหม่,9,17,111
เชียงใหม่,9,31,108
เชียงใหม่,9,33,95
เชียงใหม่,9,27,79
เชียงใหม่,9,32,74
เชียงใหม่,9,11,0
ตรัง,1,4,39416
ตรัง,1,14,38332
ตรัง,1,7,17371
ตรัง,1,16,10017
ตรัง,1,15,2664
ตรัง,1,24,2491
ตรัง,1,1,1707
ตรัง,1,10,1395
ตรัง,1,13,1380
ตรัง,1,11,1338
ตรัง,1,3,958
ตรัง,1,9,760
ตรัง,1,21,706
ตรัง,1,5,690
ตรัง,1,22,618
ตรัง,1,17,594
ตรัง,1,18,470
ตรัง,1,26,412
ตรัง,1,6,319
ตรัง,1,25,303
ตรัง,1,35,303
ตรัง,1,30,282
ตรัง,1,19,281
ตรัง,1,31,281
ตรัง,1,8,264
ตรัง,1,34,251
ตรัง,1,2,248
ตรัง,1,28,226
ตรัง,1,23,217
ตรัง,1,32,161
ตรัง,1,29,149
ตรัง,1,27,125
ตรัง,1,36,105
ตรัง,1,33,78
ตรัง,1,20,52
ตรัง,1,12,0
ตรัง,2,10,47640
ตรัง,2,2,33457
ตรัง,2,4,12268
ตรัง,2,14,10427
ตรัง,2,22,3468
ตรัง,2,11,2848
ตรัง,2,1,1113
ตรัง,2,3,1028
ตรัง,2,23,936
ตรัง,2,6,879
ตรัง,2,9,786
ตรัง,2,27,758
ตรัง,2,5,616
ตรัง,2,7,486
ตรัง,2,17,486
ตรัง,2,30,452
ตรัง,2,15,401
ตรัง,2,21,315
ตรัง,2,28,269
ตรัง,2,19,264
ตรัง,2,20,230
ตรัง,2,8,217
ตรัง,2,24,215
ตรัง,2,12,205
ตรัง,2,29,157
ตรัง,2,16,148
ตรัง,2,25,119
ตรัง,2,36,117
ตรัง,2,31,84
ตรัง,2,35,79
ตรัง,2,26,71
ตรัง,2,32,49
ตรัง,2,18,48
ตรัง,2,34,31
ตรัง,2,33,29
ตรัง,2,13,0
ตรัง,3,11,51602
ตรัง,3,9,31019
ตรัง,3,6,13038
ตรัง,3,27,5183
ตรัง,3,5,3541
ตรัง,3,13,2879
ตรัง,3,1,2158
ตรัง,3,20,1267
ตรัง,3,10,998
ตรัง,3,12,894
ตรัง,3,16,754
ตรัง,3,3,670
ตรัง,3,29,567
ตรัง,3,8,533
ตรัง,3,7,509
ตรัง,3,33,483
ตรัง,3,31,460
ตรัง,3,26,350
ตรัง,3,35,326
ตรัง,3,22,321
ตรัง,3,30,311
ตรัง,3,4,302
ตรัง,3,18,301
ตรัง,3,37,281
ตรัง,3,14,260
ตรัง,3,28,224
ตรัง,3,25,211
ตรัง,3,36,191
ตรัง,3,34,161
ตรัง,3,19,98
ตรัง,3,17,92
ตรัง,3,23,81
ตรัง,3,24,77
ตรัง,3,2,0
ตรัง,3,15,0
ตรัง,3,21,0
ตรัง,3,32,0
ตราด,1,9,36744
ตราด,1,3,30642
ตราด,1,4,23417
ตราด,1,7,6310
ตราด,1,12,5667
ตราด,1,13,2861
ตราด,1,2,2786
ตราด,1,19,1997
ตราด,1,1,1433
ตราด,1,10,1409
ตราด,1,21,548
ตราด,1,5,513
ตราด,1,15,498
ตราด,1,23,439
ตราด,1,14,436
ตราด,1,11,400
ตราด,1,6,324
ตราด,1,24,275
ตราด,1,22,256
ตราด,1,17,235
ตราด,1,18,225
ตราด,1,16,189
ตราด,1,20,148
ตราด,1,25,132
ตราด,1,8,0
ตาก,1,10,43787
ตาก,1,1,19664
ตาก,1,2,16142
ตาก,1,3,10954
ตาก,1,8,9217
ตาก,1,6,2298
ตาก,1,4,757
ตาก,1,13,680
ตาก,1,5,595
ตาก,1,20,584
ตาก,1,17,507
ตาก,1,11,363
ตาก,1,21,279
ตาก,1,19,271
ตาก,1,7,229
ตาก,1,22,224
ตาก,1,12,218
ตาก,1,18,163
ตาก,1,23,145
ตาก,1,25,138
ตาก,1,14,79
ตาก,1,16,76
ตาก,1,24,64
ตาก,1,15,53
ตาก,1,9,0
ตาก,2,4,32929
ตาก,2,3,18314
ตาก,2,5,17164
ตาก,2,8,2116
ตาก,2,16,1603
ตาก,2,24,1012
ตาก,2,13,946
ตาก,2,10,641
ตาก,2,25,588
ตาก,2,1,467
ตาก,2,23,451
ตาก,2,2,445
ตาก,2,6,366
ตาก,2,19,343
ตาก,2,12,322
ตาก,2,21,191
ตาก,2,17,187
ตาก,2,11,171
ตาก,2,15,169
ตาก,2,7,167
ตาก,2,14,150
ตาก,2,18,149
ตาก,2,22,96
ตาก,2,26,96
ตาก,2,20,73
ตาก,2,27,63
ตาก,2,29,56
ตาก,2,28,41
ตาก,2,9,0
ตาก,2,30,0
ตาก,3,3,20784
ตาก,3,9,19244
ตาก,3,8,13238
ตาก,3,11,9916
ตาก,3,5,4389
ตาก,3,7,3047
ตาก,3,2,2072
ตาก,3,6,1444
ตาก,3,1,721
ตาก,3,23,704
ตาก,3,27,580
ตาก,3,10,498
ตาก,3,12,316
ตาก,3,21,292
ตาก,3,18,283
ตาก,3,17,253
ตาก,3,22,252
ตาก,3,16,238
ตาก,3,13,237
ตาก,3,19,202
ตาก,3,25,181
ตาก,3,15,160
ตาก,3,14,131
ตาก,3,24,125
ตาก,3,26,110
ตาก,3,20,109
ตาก,3,4,0
นครนายก,1,9,60943
นครนายก,1,7,35005
นครนายก,1,16,21038
นครนายก,1,11,17066
นครนายก,1,1,3439
นครนายก,1,18,1912
นครนายก,1,10,1707
นครนายก,1,15,1151
นครนายก,1,14,1134
นครนายก,1,8,1057
นครนายก,1,6,815
นครนายก,1,4,569
นครนายก,1,5,519
นครนายก,1,2,362
นครนายก,1,12,332
นครนายก,1,17,320
นครนายก,1,20,265
นครนายก,1,21,249
นครนายก,1,3,240
นครนายก,1,19,215
นครนายก,1,13,159
นครปฐม,1,2,35762
นครปฐม,1,9,35615
นครปฐม,1,4,20355
นครปฐม,1,6,4065
นครปฐม,1,11,2030
นครปฐม,1,10,1450
นครปฐม,1,12,1425
นครปฐม,1,3,664
นครปฐม,1,7,606
นครปฐม,1,16,459
นครปฐม,1,8,427
นครปฐม,1,1,316
นครปฐม,1,15,307
นครปฐม,1,19,275
นครปฐม,1,14,161
นครปฐม,1,22,159
นครปฐม,1,17,157
นครปฐม,1,20,149
นครปฐม,1,18,140
นครปฐม,1,13,135
นครปฐม,1,21,67
นครปฐม,1,5,0
นครปฐม,2,17,30215
นครปฐม,2,4,24763
นครปฐม,2,8,22634
นครปฐม,2,7,8933
นครปฐม,2,9,8692
นครปฐม,2,1,6522
นครปฐม,2,10,3332
นครปฐม,2,6,2815
นครปฐม,2,20,1672
นครปฐม,2,12,734
นครปฐม,2,16,397
นครปฐม,2,5,390
นครปฐม,2,3,258
นครปฐม,2,14,227
นครปฐม,2,11,189
นครปฐม,2,21,157
นครปฐม,2,18,145
นครปฐม,2,25,122
นครปฐม,2,15,99
นครปฐม,2,19,86
นครปฐม,2,13,84
นครปฐม,2,24,73
นครปฐม,2,26,73
นครปฐม,2,22,37
นครปฐม,2,23,29
นครปฐม,2,2,0
นครปฐม,3,4,40661
นครปฐม,3,13,23441
นครปฐม,3,15,12258
นครปฐม,3,9,8919
นครปฐม,3,8,6693
นครปฐม,3,10,3023
นครปฐม,3,19,1863
นครปฐม,3,3,1491
นครปฐม,3,1,1244
นครปฐม,3,5,919
นครปฐม,3,14,610
นครปฐม,3,11,594
นครปฐม,3,21,416
นครปฐม,3,12,393
นครปฐม,3,2,342
นครปฐม,3,23,335
นครปฐม,3,18,264
นครปฐม,3,17,261
นครปฐม,3,20,257
นครปฐม,3,6,247
นครปฐม,3,16,187
นครปฐม,3,24,182
นครปฐม,3,26,134
นครปฐม,3,22,92
นครปฐม,3,25,81
นครปฐม,3,7,0
นครปฐม,4,13,32110
นครปฐม,4,2,29998
นครปฐม,4,6,22533
นครปฐม,4,14,8613
นครปฐม,4,8,4286
นครปฐม,4,7,2557
นครปฐม,4,18,2042
นครปฐม,4,12,1214
นครปฐม,4,5,1029
นครปฐม,4,3,747
นครปฐม,4,1,510
นครปฐม,4,23,504
นครปฐม,4,22,412
นครปฐม,4,10,371
นครปฐม,4,19,327
นครปฐม,4,4,316
นครปฐม,4,11,216
นครปฐม,4,15,204
นครปฐม,4,17,172
นครปฐม,4,24,160
นครปฐม,4,16,122
นครปฐม,4,21,94
นครปฐม,4,20,56
นครปฐม,4,9,0
นครปฐม,5,15,34164
นครปฐม,5,2,18970
นครปฐม,5,5,18741
นครปฐม,5,17,12279
นครปฐม,5,3,6010
นครปฐม,5,19,3113
นครปฐม,5,13,2813
นครปฐม,5,1,1178
นครปฐม,5,6,779
นครปฐม,5,7,614
นครปฐม,5,4,449
นครปฐม,5,8,397
นครปฐม,5,11,394
นครปฐม,5,22,343
นครปฐม,5,12,342
นครปฐม,5,14,341
นครปฐม,5,10,192
นครปฐม,5,23,180
นครปฐม,5,16,168
นครปฐม,5,18,137
นครปฐม,5,24,121
นครปฐม,5,20,84
นครปฐม,5,21,70
นครปฐม,5,9,0
นครพนม,1,12,48719
นครพนม,1,19,21049
นครพนม,1,4,7354
นครพนม,1,2,6799
นครพนม,1,7,1538
นครพนม,1,6,1202
นครพนม,1,11,462
นครพนม,1,18,434
นครพนม,1,5,313
นครพนม,1,22,299
นครพนม,1,13,263
นครพนม,1,20,260
นครพนม,1,1,206
นครพนม,1,30,206
นครพนม,1,23,198
นครพนม,1,27,178
นครพนม,1,17,138
นครพนม,1,3,130
นครพนม,1,16,128
นครพนม,1,9,116
นครพนม,1,29,97
นครพนม,1,8,90
นครพนม,1,15,89
นครพนม,1,14,70
นครพนม,1,10,67
นครพนม,1,25,59
นครพนม,1,26,47
นครพนม,1,28,23
นครพนม,1,21,0
นครพนม,1,24,0
นครพนม,2,2,42990
นครพนม,2,10,22688
นครพนม,2,12,11229
นครพนม,2,6,2281
นครพนม,2,9,2251
นครพนม,2,11,2011
นครพนม,2,8,817
นครพนม,2,22,725
นครพนม,2,3,642
นครพนม,2,23,570
นครพนม,2,13,555
นครพนม,2,1,403
นครพนม,2,30,323
นครพนม,2,19,219
นครพนม,2,4,207
นครพนม,2,17,191
นครพนม,2,5,97
นครพนม,2,29,90
นครพนม,2,25,82
นครพนม,2,31,81
นครพนม,2,27,77
นครพนม,2,14,67
นครพนม,2,16,61
นครพนม,2,28,61
นครพนม,2,26,58
นครพนม,2,15,50
นครพนม,2,7,47
นครพนม,2,20,47
นครพนม,2,18,15
นครพนม,2,21,0
นครพนม,2,24,0
นครพนม,3,6,33645
นครพนม,3,5,29515
นครพนม,3,10,12059
นครพนม,3,2,5000
นครพนม,3,4,1823
นครพนม,3,17,1368
นครพนม,3,8,806
นครพนม,3,9,641
นครพนม,3,26,529
นครพนม,3,7,389
นครพนม,3,24,353
นครพนม,3,19,348
นครพนม,3,3,294
นครพนม,3,14,283
นครพนม,3,1,190
นครพนม,3,33,163
นครพนม,3,11,159
นครพนม,3,29,155
นครพนม,3,22,148
นครพนม,3,34,140
นครพนม,3,18,137
นครพนม,3,15,108
นครพนม,3,27,95
นครพนม,3,28,76
นครพนม,3,13,66
นครพนม,3,21,64
นครพนม,3,32,59
นครพนม,3,16,51
นครพนม,3,20,34
นครพนม,3,12,25
นครพนม,3,31,15
นครพนม,3,23,0
นครพนม,3,25,0
นครพนม,3,30,0
นครพนม,4,2,44675
นครพนม,4,8,28326
นครพนม,4,15,7795
นครพนม,4,9,1481
นครพนม,4,5,1341
นครพนม,4,4,1289
นครพนม,4,7,858
นครพนม,4,22,793
นครพนม,4,28,609
นครพนม,4,1,409
นครพนม,4,25,256
นครพนม,4,3,244
นครพนม,4,6,229
นครพนม,4,23,227
นครพนม,4,12,163
นครพนม,4,13,136
นครพนม,4,19,117
นครพนม,4,10,110
นครพนม,4,21,100
นครพนม,4,11,97
นครพนม,4,17,92
นครพนม,4,29,84
นครพนม,4,33,77
นครพนม,4,27,74
นครพนม,4,16,72
นครพนม,4,14,69
นครพนม,4,34,42
นครพนม,4,32,36
นครพนม,4,20,33
นครพนม,4,30,26
นครพนม,4,31,19
นครพนม,4,18,0
นครพนม,4,24,0
นครพนม,4,26,0
นครราชสีมา,1,17,25982
นครราชสีมา,1,9,23855
นครราชสีมา,1,11,15990
นครราชสีมา,1,6,15526
นครราชสีมา,1,7,11108
นครราชสีมา,1,13,3202
นครราชสีมา,1,12,3090
นครราชสีมา,1,5,2421
นครราชสีมา,1,8,1062
นครราชสีมา,1,21,528
นครราชสีมา,1,1,517
นครราชสีมา,1,4,387
นครราชสีมา,1,14,315
นครราชสีมา,1,2,302
นครราชสีมา,1,3,273
นครราชสีมา,1,23,258
นครราชสีมา,1,15,252
นครราชสีมา,1,31,145
นครราชสีมา,1,28,141
นครราชสีมา,1,10,140
นครราชสีมา,1,36,115
นครราชสีมา,1,19,107
นครราชสีมา,1,25,103
นครราชสีมา,1,41,101
นครราชสีมา,1,24,81
นครราชสีมา,1,18,73
นครราชสีมา,1,32,73
นครราชสีมา,1,30,71
นครราชสีมา,1,26,69
นครราชสีมา,1,27,61
นครราชสีมา,1,33,44
นครราชสีมา,1,20,43
นครราชสีมา,1,40,37
นครราชสีมา,1,29,26
นครราชสีมา,1,35,21
นครราชสีมา,1,37,21
นครราชสีมา,1,38,6
นครราชสีมา,1,16,0
นครราชสีมา,1,22,0
นครราชสีมา,1,34,0
นครราชสีมา,1,39,0
นครราชสีมา,2,18,28216
นครราชสีมา,2,3,25316
นครราชสีมา,2,9,24518
นครราชสีมา,2,7,18979
นครราชสีมา,2,8,3423
นครราชสีมา,2,5,2897
นครราชสีมา,2,11,2808
นครราชสีมา,2,6,564
นครราชสีมา,2,14,520
นครราชสีมา,2,26,458
นครราชสีมา,2,29,428
นครราชสีมา,2,17,418
นครราชสีมา,2,19,355
นครราชสีมา,2,30,300
นครราชสีมา,2,28,290
นครราชสีมา,2,10,255
นครราชสีมา,2,27,225
นครราชสีมา,2,12,213
นครราชสีมา,2,16,206
นครราชสีมา,2,15,176
นครราชสีมา,2,21,159
นครราชสีมา,2,35,147
นครราชสีมา,2,13,139
นครราชสีมา,2,23,131
นครราชสีมา,2,22,89
นครราชสีมา,2,25,83
นครราชสีมา,2,36,79
นครราชสีมา,2,37,79
นครราชสีมา,2,34,76
นครราชสีมา,2,24,73
นครราชสีมา,2,31,68
นครราชสีมา,2,20,67
นครราชสีมา,2,1,0
นครราชสีมา,2,2,0
นครราชสีมา,2,4,0
นครราชสีมา,2,32,0
นครราชสีมา,2,33,0
นครราชสีมา,3,14,41412
นครราชสีมา,3,4,27584
นครราชสีมา,3,12,12441
นครราชสีมา,3,3,11783
นครราชสีมา,3,9,8746
นครราชสีมา,3,17,1363
นครราชสีมา,3,7,1275
นครราชสีมา,3,1,1221
นครราชสีมา,3,24,701
นครราชสีมา,3,32,438
นครราชสีมา,3,34,386
นครราชสีมา,3,8,343
นครราชสีมา,3,15,322
นครราชสีมา,3,11,288
นครราชสีมา,3,16,231
นครราชสีมา,3,6,189
นครราชสีมา,3,5,154
นครราชสีมา,3,21,151
นครราชสีมา,3,2,140
นครราชสีมา,3,18,135
นครราชสีมา,3,19,117
นครราชสีมา,3,23,79
นครราชสีมา,3,27,77
นครราชสีมา,3,22,74
นครราชสีมา,3,26,69
นครราชสีมา,3,25,64
นครราชสีมา,3,20,54
นครราชสีมา,3,31,40
นครราชสีมา,3,33,36
นครราชสีมา,3,28,24
นครราชสีมา,3,10,0
นครราชสีมา,3,13,0
นครราชสีมา,3,29,0
นครราชสีมา,3,30,0
นครราชสีมา,4,9,39774
นครราชสีมา,4,10,33674
นครราชสีมา,4,1,14947
นครราชสีมา,4,17,8701
นครราชสีมา,4,29,1128
นครราชสีมา,4,5,1091
นครราชสีมา,4,13,875
นครราชสีมา,4,11,856
นครราชสีมา,4,30,649
นครราชสีมา,4,33,447
นครราชสีมา,4,8,421
นครราชสีมา,4,14,317
นครราชสีมา,4,21,239
นครราชสีมา,4,2,200
นครราชสีมา,4,6,177
นครราชสีมา,4,12,137
นครราชสีมา,4,34,120
นครราชสีมา,4,7,119
นครราชสีมา,4,20,115
นครราชสีมา,4,18,70
นครราชสีมา,4,37,65
นครราชสีมา,4,23,63
นครราชสีมา,4,15,50
นครราชสีมา,4,31,50
นครราชสีมา,4,22,48
นครราชสีมา,4,26,43
นครราชสีมา,4,28,42
นครราชสีมา,4,16,38
นครราชสีมา,4,19,37
นครราชสีมา,4,27,30
นครราชสีมา,4,24,29
นครราชสีมา,4,36,29
นครราชสีมา,4,25,18
นครราชสีมา,4,32,10
นครราชสีมา,4,3,0
นครราชสีมา,4,4,0
นครราชสีมา,4,35,0
นครราชสีมา,5,16,33606
นครราชสีมา,5,8,24177
นครราชสีมา,5,5,15185
นครราชสีมา,5,17,10365
นครราชสีมา,5,2,1546
นครราชสีมา,5,13,1431
นครราชสีมา,5,36,1293
นครราชสีมา,5,28,813
นครราชสีมา,5,1,704
นครราชสีมา,5,25,568
นครราชสีมา,5,27,402
นครราชสีมา,5,9,321
นครราชสีมา,5,4,296
นครราชสีมา,5,7,254
นครราชสีมา,5,6,251
นครราชสีมา,5,32,227
นครราชสีมา,5,3,224
นครราชสีมา,5,38,182
นครราชสีมา,5,21,169
นครราชสีมา,5,26,165
นครราชสีมา,5,12,141
นครราชสีมา,5,18,140
นครราชสีมา,5,35,135
นครราชสีมา,5,20,118
นครราชสีมา,5,11,108
นครราชสีมา,5,14,94
นครราชสีมา,5,24,93
นครราชสีมา,5,30,80
นครราชสีมา,5,23,66
นครราชสีมา,5,37,61
นครราชสีมา,5,19,58
นครราชสีมา,5,29,58
นครราชสีมา,5,22,53
นครราชสีมา,5,34,32
นครราชสีมา,5,33,31
นครราชสีมา,5,31,30
นครราชสีมา,5,10,0
นครราชสีมา,5,15,0
นครราชสีมา,6,11,40454
นครราชสีมา,6,9,26697
นครราชสีมา,6,8,7545
นครราชสีมา,6,10,4751
นครราชสีมา,6,15,860
นครราชสีมา,6,2,829
นครราชสีมา,6,31,824
นครราชสีมา,6,7,570
นครราชสีมา,6,16,527
นครราชสีมา,6,29,461
นครราชสีมา,6,12,325
นครราชสีมา,6,1,267
นครราชสีมา,6,14,231
นครราชสีมา,6,5,205
นครราชสีมา,6,6,164
นครราชสีมา,6,24,155
นครราชสีมา,6,21,146
นครราชสีมา,6,4,140
นครราชสีมา,6,22,134
นครราชสีมา,6,34,118
นครราชสีมา,6,30,115
นครราชสีมา,6,19,88
นครราชสีมา,6,3,82
นครราชสีมา,6,17,72
นครราชสีมา,6,28,70
นครราชสีมา,6,27,61
นครราชสีมา,6,23,55
นครราชสีมา,6,33,45
นครราชสีมา,6,25,41
นครราชสีมา,6,20,36
นครราชสีมา,6,18,28
นครราชสีมา,6,26,28
นครราชสีมา,6,13,0
นครราชสีมา,6,32,0
นครราชสีมา,7,15,35983
นครราชสีมา,7,8,23385
นครราชสีมา,7,10,21086
นครราชสีมา,7,2,9822
นครราชสีมา,7,5,1840
นครราชสีมา,7,13,1139
นครราชสีมา,7,28,808
นครราชสีมา,7,9,614
นครราชสีมา,7,6,552
นครราชสีมา,7,14,394
นครราชสีมา,7,16,360
นครราชสีมา,7,30,334
นครราชสีมา,7,17,310
นครราชสีมา,7,7,262
นครราชสีมา,7,18,234
นครราชสีมา,7,25,190
นครราชสีมา,7,21,161
นครราชสีมา,7,11,137
นครราชสีมา,7,4,102
นครราชสีมา,7,12,99
นครราชสีมา,7,32,97
นครราชสีมา,7,3,78
นครราชสีมา,7,20,74
นครราชสีมา,7,31,59
นครราชสีมา,7,22,58
นครราชสีมา,7,23,46
นครราชสีมา,7,29,41
นครราชสีมา,7,26,38
นครราชสีมา,7,19,34
นครราชสีมา,7,24,26
นครราชสีมา,7,1,0
นครราชสีมา,7,27,0
นครราชสีมา,8,16,36473
นครราชสีมา,8,1,34817
นครราชสีมา,8,9,12986
นครราชสีมา,8,15,8556
นครราชสีมา,8,21,997
นครราชสีมา,8,3,933
นครราชสีมา,8,10,879
นครราชสีมา,8,36,851
นครราชสีมา,8,11,823
นครราชสีมา,8,8,714
นครราชสีมา,8,33,467
นครราชสีมา,8,5,306
นครราชสีมา,8,17,252
นครราชสีมา,8,29,252
นครราชสีมา,8,2,191
นครราชสีมา,8,14,179
นครราชสีมา,8,6,156
นครราชสีมา,8,18,132
นครราชสีมา,8,19,120
นครราชสีมา,8,26,117
นครราชสีมา,8,12,115
นครราชสีมา,8,7,102
นครราชสีมา,8,23,102
นครราชสีมา,8,4,99
นครราชสีมา,8,38,77
นครราชสีมา,8,35,73
นครราชสีมา,8,22,71
นครราชสีมา,8,32,51
นครราชสีมา,8,28,49
นครราชสีมา,8,20,43
นครราชสีมา,8,24,40
นครราชสีมา,8,25,33
นครราชสีมา,8,30,26
นครราชสีมา,8,31,25
นครราชสีมา,8,37,21
นครราชสีมา,8,34,16
นครราชสีมา,8,27,15
นครราชสีมา,8,13,0
นครราชสีมา,9,16,38632
นครราชสีมา,9,12,30795
นครราชสีมา,9,3,13542
นครราชสีมา,9,14,12623
นครราชสีมา,9,4,4102
นครราชสีมา,9,1,1666
นครราชสีมา,9,18,1459
นครราชสีมา,9,13,1295
นครราชสีมา,9,36,643
นครราชสีมา,9,32,638
นครราชสีมา,9,8,349
นครราชสีมา,9,6,305
นครราชสีมา,9,15,286
นครราชสีมา,9,17,279
นครราชสีมา,9,2,252
นครราชสีมา,9,11,236
นครราชสีมา,9,24,231
นครราชสีมา,9,22,205
นครราชสีมา,9,10,184
นครราชสีมา,9,21,168
นครราชสีมา,9,23,157
นครราชสีมา,9,19,123
นครราชสีมา,9,35,118
นครราชสีมา,9,5,111
นครราชสีมา,9,26,103
นครราชสีมา,9,7,101
นครราชสีมา,9,27,69
นครราชสีมา,9,30,66
นครราชสีมา,9,28,61
นครราชสีมา,9,40,52
นครราชสีมา,9,33,51
นครราชสีมา,9,34,51
นครราชสีมา,9,25,47
นครราชสีมา,9,20,41
นครราชสีมา,9,38,39
นครราชสีมา,9,29,37
นครราชสีมา,9,37,32
นครราชสีมา,9,39,26
นครราชสีมา,9,9,0
นครราชสีมา,9,31,0
นครราชสีมา,10,3,51728
นครราชสีมา,10,2,28778
นครราชสีมา,10,6,9933
นครราชสีมา,10,11,7350
นครราชสีมา,10,14,846
นครราชสีมา,10,23,819
นครราชสีมา,10,4,766
นครราชสีมา,10,7,749
นครราชสีมา,10,22,568
นครราชสีมา,10,21,512
นครราชสีมา,10,1,344
นครราชสีมา,10,13,131
นครราชสีมา,10,17,118
นครราชสีมา,10,5,114
นครราชสีมา,10,26,112
นครราชสีมา,10,20,101
นครราชสีมา,10,9,98
นครราชสีมา,10,10,84
นครราชสีมา,10,16,83
นครราชสีมา,10,12,78
นครราชสีมา,10,18,61
นครราชสีมา,10,35,58
นครราชสีมา,10,30,48
นครราชสีมา,10,19,41
นครราชสีมา,10,39,40
นครราชสีมา,10,8,39
นครราชสีมา,10,31,33
นครราชสีมา,10,38,30
นครราชสีมา,10,25,23
นครราชสีมา,10,37,23
นครราชสีมา,10,27,22
นครราชสีมา,10,29,22
นครราชสีมา,10,32,22
นครราชสีมา,10,24,19
นครราชสีมา,10,33,8
นครราชสีมา,10,15,0
นครราชสีมา,10,28,0
นครราชสีมา,10,34,0
นครราชสีมา,10,36,0
นครราชสีมา,11,1,41918
นครราชสีมา,11,8,27780
นครราชสีมา,11,5,14414
นครราชสีมา,11,16,11436
นครราชสีมา,11,3,2560
นครราชสีมา,11,7,1335
นครราชสีมา,11,11,1270
นครราชสีมา,11,15,1068
นครราชสีมา,11,21,1048
นครราชสีมา,11,28,562
นครราชสีมา,11,12,355
นครราชสีมา,11,9,352
นครราชสีมา,11,4,255
นครราชสีมา,11,2,200
นครราชสีมา,11,6,174
นครราชสีมา,11,29,123
นครราชสีมา,11,26,113
นครราชสีมา,11,31,103
นครราชสีมา,11,17,87
นครราชสีมา,11,36,87
นครราชสีมา,11,22,62
นครราชสีมา,11,23,54
นครราชสีมา,11,14,53
นครราชสีมา,11,34,51
นครราชสีมา,11,27,42
นครราชสีมา,11,10,40
นครราชสีมา,11,18,36
นครราชสีมา,11,20,33
นครราชสีมา,11,19,22
นครราชสีมา,11,35,18
นครราชสีมา,11,13,0
นครราชสีมา,11,24,0
นครราชสีมา,11,25,0
นครราชสีมา,11,30,0
นครราชสีมา,11,32,0
นครราชสีมา,11,33,0
นครราชสีมา,12,5,33729
นครราชสีมา,12,1,25788
นครราชสีมา,12,13,14726
นครราชสีมา,12,10,12976
นครราชสีมา,12,6,2665
นครราชสีมา,12,12,1814
นครราชสีมา,12,7,1153
นครราชสีมา,12,16,1119
นครราชสีมา,12,4,1021
นครราชสีมา,12,20,389
นครราชสีมา,12,11,376
นครราชสีมา,12,25,363
นครราชสีมา,12,33,265
นครราชสีมา,12,17,263
นครราชสีมา,12,22,205
นครราชสีมา,12,3,191
นครราชสีมา,12,14,187
นครราชสีมา,12,8,178
นครราชสีมา,12,2,136
นครราชสีมา,12,23,128
นครราชสีมา,12,24,90
นครราชสีมา,12,31,84
นครราชสีมา,12,15,67
นครราชสีมา,12,34,42
นครราชสีมา,12,19,41
นครราชสีมา,12,26,38
นครราชสีมา,12,32,35
นครราชสีมา,12,29,32
นครราชสีมา,12,28,29
นครราชสีมา,12,18,26
นครราชสีมา,12,27,25
นครราชสีมา,12,35,19
นครราชสีมา,12,9,0
นครราชสีมา,12,21,0
นครราชสีมา,12,30,0
นครราชสีมา,12,36,0
นครราชสีมา,13,11,39161
นครราชสีมา,13,8,33983
นครราชสีมา,13,9,10697
นครราชสีมา,13,13,9407
นครราชสีมา,13,3,6531
นครราชสีมา,13,7,1603
นครราชสีมา,13,12,1486
นครราชสีมา,13,31,827
นครราชสีมา,13,28,588
นครราชสีมา,13,16,541
นครราชสีมา,13,10,450
นครราชสีมา,13,1,367
นครราชสีมา,13,23,269
นครราชสีมา,13,14,243
นครราชสีมา,13,2,242
นครราชสีมา,13,21,221
นครราชสีมา,13,5,191
นครราชสีมา,13,26,178
นครราชสีมา,13,6,157
นครราชสีมา,13,22,153
นครราชสีมา,13,27,129
นครราชสีมา,13,25,128
นครราชสีมา,13,33,106
นครราชสีมา,13,32,105
นครราชสีมา,13,30,102
นครราชสีมา,13,15,80
นครราชสีมา,13,19,66
นครราชสีมา,13,20,55
นครราชสีมา,13,35,52
นครราชสีมา,13,24,49
นครราชสีมา,13,18,48
นครราชสีมา,13,34,46
นครราชสีมา,13,4,0
นครราชสีมา,13,17,0
นครราชสีมา,13,29,0
นครราชสีมา,14,11,27569
นครราชสีมา,14,6,26731
นครราชสีมา,14,5,21536
นครราชสีมา,14,8,9785
นครราชสีมา,14,16,1300
นครราชสีมา,14,12,1198
นครราชสีมา,14,14,878
นครราชสีมา,14,25,699
นครราชสีมา,14,4,590
นครราชสีมา,14,26,579
นครราชสีมา,14,7,571
นครราชสีมา,14,32,431
นครราชสีมา,14,3,350
นครราชสีมา,14,1,295
นครราชสีมา,14,21,291
นครราชสีมา,14,10,268
นครราชสีมา,14,9,248
นครราชสีมา,14,15,187
นครราชสีมา,14,23,147
นครราชสีมา,14,2,107
นครราชสีมา,14,18,100
นครราชสีมา,14,34,97
นครราชสีมา,14,28,80
นครราชสีมา,14,24,78
นครราชสีมา,14,17,71
นครราชสีมา,14,30,70
นครราชสีมา,14,27,55
นครราชสีมา,14,22,42
นครราชสีมา,14,19,30
นครราชสีมา,14,20,25
นครราชสีมา,14,29,24
นครราชสีมา,14,33,19
นครราชสีมา,14,13,0
นครราชสีมา,14,31,0
นครศรีธรรมราช,1,9,36361
นครศรีธรรมราช,1,1,18611
นครศรีธรรมราช,1,3,18434
นครศรีธรรมราช,1,2,13524
นครศรีธรรมราช,1,27,1950
นครศรีธรรมราช,1,11,1876
นครศรีธรรมราช,1,4,1761
นครศรีธรรมราช,1,14,1606
นครศรีธรรมราช,1,17,641
นครศรีธรรมราช,1,10,497
นครศรีธรรมราช,1,32,423
นครศรีธรรมราช,1,5,417
นครศรีธรรมราช,1,19,379
นครศรีธรรมราช,1,16,320
นครศรีธรรมราช,1,24,302
นครศรีธรรมราช,1,7,294
นครศรีธรรมราช,1,15,281
นครศรีธรรมราช,1,29,265
นครศรีธรรมราช,1,21,237
นครศรีธรรมราช,1,23,196
นครศรีธรรมราช,1,18,136
นครศรีธรรมราช,1,12,112
นครศรีธรรมราช,1,20,106
นครศรีธรรมราช,1,13,96
นครศรีธรรมราช,1,28,92
นครศรีธรรมราช,1,30,91
นครศรีธรรมราช,1,6,87
นครศรีธรรมราช,1,26,82
นครศรีธรรมราช,1,25,75
นครศรีธรรมราช,1,31,73
นครศรีธรรมราช,1,22,63
นครศรีธรรมราช,1,35,59
นครศรีธรรมราช,1,33,40
นครศรีธรรมราช,1,37,32
นครศรีธรรมราช,1,34,29
นครศรีธรรมราช,1,36,11
นครศรีธรรมราช,1,8,0
นครศรีธรรมราช,2,8,34613
นครศรีธรรมราช,2,15,28181
นครศรีธรรมราช,2,3,13081
นครศรีธรรมราช,2,13,8771
นครศรีธรรมราช,2,6,7112
นครศรีธรรมราช,2,24,1618
นครศรีธรรมราช,2,16,1182
นครศรีธรรมราช,2,11,1170
นครศรีธรรมราช,2,25,1015
นครศรีธรรมราช,2,31,975
นครศรีธรรมราช,2,19,928
นครศรีธรรมราช,2,14,721
นครศรีธรรมราช,2,9,637
นครศรีธรรมราช,2,4,506
นครศรีธรรมราช,2,2,502
นครศรีธรรมราช,2,23,444
นครศรีธรรมราช,2,28,409
นครศรีธรรมราช,2,17,400
นครศรีธรรมราช,2,38,316
นครศรีธรรมราช,2,33,279
นครศรีธรรมราช,2,10,268
นครศรีธรรมราช,2,27,181
นครศรีธรรมราช,2,12,174
นครศรีธรรมราช,2,34,170
นครศรีธรรมราช,2,39,165
นครศรีธรรมราช,2,20,153
นครศรีธรรมราช,2,40,149
นครศรีธรรมราช,2,26,142
นครศรีธรรมราช,2,36,140
นครศรีธรรมราช,2,22,136
นครศรีธรรมราช,2,37,129
นครศรีธรรมราช,2,30,123
นครศรีธรรมราช,2,29,109
นครศรีธรรมราช,2,18,87
นครศรีธรรมราช,2,21,85
นครศรีธรรมราช,2,32,58
นครศรีธรรมราช,2,35,55
นครศรีธรรมราช,2,42,43
นครศรีธรรมราช,2,41,15
นครศรีธรรมราช,2,1,0
นครศรีธรรมราช,2,5,0
นครศรีธรรมราช,2,7,0
นครศรีธรรมราช,3,11,33310
นครศรีธรรมราช,3,9,28742
นครศรีธรรมราช,3,5,15490
นครศรีธรรมราช,3,6,11754
นครศรีธรรมราช,3,14,3323
นครศรีธรรมราช,3,22,1370
นครศรีธรรมราช,3,29,996
นครศรีธรรมราช,3,31,859
นครศรีธรรมราช,3,18,812
นครศรีธรรมราช,3,16,666
นครศรีธรรมราช,3,12,612
นครศรีธรรมราช,3,37,600
นครศรีธรรมราช,3,10,580
นครศรีธรรมราช,3,15,493
นครศรีธรรมราช,3,1,468
นครศรีธรรมราช,3,4,445
นครศรีธรรมราช,3,8,422
นครศรีธรรมราช,3,7,417
นครศรีธรรมราช,3,25,348
นครศรีธรรมราช,3,35,269
นครศรีธรรมราช,3,19,244
นครศรีธรรมราช,3,28,179
นครศรีธรรมราช,3,21,153
นครศรีธรรมราช,3,13,145
นครศรีธรรมราช,3,24,129
นครศรีธรรมราช,3,26,129
นครศรีธรรมราช,3,20,126
นครศรีธรรมราช,3,3,125
นครศรีธรรมราช,3,36,123
นครศรีธรรมราช,3,23,103
นครศรีธรรมราช,3,39,99
นครศรีธรรมราช,3,32,89
นครศรีธรรมราช,3,17,81
นครศรีธรรมราช,3,34,58
นครศรีธรรมราช,3,30,47
นครศรีธรรมราช,3,38,25
นครศรีธรรมราช,3,2,0
นครศรีธรรมราช,3,27,0
นครศรีธรรมราช,3,33,0
นครศรีธรรมราช,4,12,28880
นครศรีธรรมราช,4,10,22644
นครศรีธรรมราช,4,5,17037
นครศรีธรรมราช,4,6,8972
นครศรีธรรมราช,4,11,4170
นครศรีธรรมราช,4,15,4003
นครศรีธรรมราช,4,24,2808
นครศรีธรรมราช,4,4,2349
นครศรีธรรมราช,4,9,2120
นครศรีธรรมราช,4,7,1394
นครศรีธรรมราช,4,1,933
นครศรีธรรมราช,4,13,933
นครศรีธรรมราช,4,34,892
นครศรีธรรมราช,4,25,571
นครศรีธรรมราช,4,3,555
นครศรีธรรมราช,4,32,401
นครศรีธรรมราช,4,16,351
นครศรีธรรมราช,4,18,351
นครศรีธรรมราช,4,23,350
นครศรีธรรมราช,4,21,342
นครศรีธรรมราช,4,30,326
นครศรีธรรมราช,4,35,274
นครศรีธรรมราช,4,22,224
นครศรีธรรมราช,4,39,180
นครศรีธรรมราช,4,26,174
นครศรีธรรมราช,4,14,169
นครศรีธรรมราช,4,29,164
นครศรีธรรมราช,4,31,157
นครศรีธรรมราช,4,36,153
นครศรีธรรมราช,4,2,138
นครศรีธรรมราช,4,33,103
นครศรีธรรมราช,4,27,70
นครศรีธรรมราช,4,40,64
นครศรีธรรมราช,4,17,54
นครศรีธรรมราช,4,28,50
นครศรีธรรมราช,4,37,45
นครศรีธรรมราช,4,38,41
นครศรีธรรมราช,4,20,39
นครศรีธรรมราช,4,8,0
นครศรีธรรมราช,4,19,0
นครศรีธรรมราช,5,5,30815
นครศรีธรรมราช,5,1,24435
นครศรีธรรมราช,5,16,19591
นครศรีธรรมราช,5,18,7226
นครศรีธรรมราช,5,7,2849
นครศรีธรรมราช,5,17,2493
นครศรีธรรมราช,5,10,1800
นครศรีธรรมราช,5,4,1077
นครศรีธรรมราช,5,21,772
นครศรีธรรมราช,5,25,593
นครศรีธรรมราช,5,13,584
นครศรีธรรมราช,5,22,554
นครศรีธรรมราช,5,35,510
นครศรีธรรมราช,5,20,482
นครศรีธรรมราช,5,30,413
นครศรีธรรมราช,5,6,380
นครศรีธรรมราช,5,2,377
นครศรีธรรมราช,5,11,357
นครศรีธรรมราช,5,28,334
นครศรีธรรมราช,5,26,308
นครศรีธรรมราช,5,3,302
นครศรีธรรมราช,5,12,293
นครศรีธรรมราช,5,15,282
นครศรีธรรมราช,5,36,278
นครศรีธรรมราช,5,9,254
นครศรีธรรมราช,5,31,179
นครศรีธรรมราช,5,19,173
นครศรีธรรมราช,5,37,137
นครศรีธรรมราช,5,29,134
นครศรีธรรมราช,5,33,128
นครศรีธรรมราช,5,27,110
นครศรีธรรมราช,5,32,106
นครศรีธรรมราช,5,14,105
นครศรีธรรมราช,5,23,87
นครศรีธรรมราช,5,24,65
นครศรีธรรมราช,5,38,63
นครศรีธรรมราช,5,34,12
นครศรีธรรมราช,5,8,0
นครศรีธรรมราช,6,13,34618
นครศรีธรรมราช,6,16,23274
นครศรีธรรมราช,6,6,13720
นครศรีธรรมราช,6,8,8798
นครศรีธรรมราช,6,1,5470
นครศรีธรรมราช,6,5,1891
นครศรีธรรมราช,6,17,1841
นครศรีธรรมราช,6,32,625
นครศรีธรรมราช,6,9,477
นครศรีธรรมราช,6,21,408
นครศรีธรรมราช,6,33,373
นครศรีธรรมราช,6,26,372
นครศรีธรรมราช,6,12,337
นครศรีธรรมราช,6,11,315
นครศรีธรรมราช,6,20,294
นครศรีธรรมราช,6,36,293
นครศรีธรรมราช,6,3,286
นครศรีธรรมราช,6,25,275
นครศรีธรรมราช,6,23,222
นครศรีธรรมราช,6,19,183
นครศรีธรรมราช,6,7,178
นครศรีธรรมราช,6,10,135
นครศรีธรรมราช,6,27,125
นครศรีธรรมราช,6,4,115
นครศรีธรรมราช,6,2,114
นครศรีธรรมราช,6,14,109
นครศรีธรรมราช,6,34,107
นครศรีธรรมราช,6,22,103
นครศรีธรรมราช,6,28,93
นครศรีธรรมราช,6,18,87
นครศรีธรรมราช,6,24,82
นครศรีธรรมราช,6,39,81
นครศรีธรรมราช,6,29,71
นครศรีธรรมราช,6,31,50
นครศรีธรรมราช,6,35,42
นครศรีธรรมราช,6,38,39
นครศรีธรรมราช,6,37,35
นครศรีธรรมราช,6,30,18
นครศรีธรรมราช,6,15,0
นครศรีธรรมราช,7,2,29576
นครศรีธรรมราช,7,17,24686
นครศรีธรรมราช,7,13,10222
นครศรีธรรมราช,7,8,8787
นครศรีธรรมราช,7,3,4251
นครศรีธรรมราช,7,19,2540
นครศรีธรรมราช,7,18,1556
นครศรีธรรมราช,7,11,1255
นครศรีธรรมราช,7,15,1046
นครศรีธรรมราช,7,1,1010
นครศรีธรรมราช,7,21,964
นครศรีธรรมราช,7,16,915
นครศรีธรรมราช,7,36,834
นครศรีธรรมราช,7,22,682
นครศรีธรรมราช,7,6,669
นครศรีธรรมราช,7,7,572
นครศรีธรรมราช,7,4,392
นครศรีธรรมราช,7,10,391
นครศรีธรรมราช,7,25,327
นครศรีธรรมราช,7,39,280
นครศรีธรรมราช,7,37,257
นครศรีธรรมราช,7,28,247
นครศรีธรรมราช,7,12,242
นครศรีธรรมราช,7,5,233
นครศรีธรรมราช,7,23,224
นครศรีธรรมราช,7,26,177
นครศรีธรรมราช,7,31,130
นครศรีธรรมราช,7,14,93
นครศรีธรรมราช,7,40,92
นครศรีธรรมราช,7,27,83
นครศรีธรรมราช,7,20,59
นครศรีธรรมราช,7,38,56
นครศรีธรรมราช,7,32,51
นครศรีธรรมราช,7,33,46
นครศรีธรรมราช,7,24,38
นครศรีธรรมราช,7,35,21
นครศรีธรรมราช,7,34,14
นครศรีธรรมราช,7,9,0
นครศรีธรรมราช,7,29,0
นครศรีธรรมราช,7,30,0
นครศรีธรรมราช,8,13,41771
นครศรีธรรมราช,8,7,22933
นครศรีธรรมราช,8,16,11371
นครศรีธรรมราช,8,8,4511
นครศรีธรรมราช,8,19,4305
นครศรีธรรมราช,8,20,3847
นครศรีธรรมราช,8,14,1973
นครศรีธรรมราช,8,11,1478
นครศรีธรรมราช,8,4,1227
นครศรีธรรมราช,8,26,1200
นครศรีธรรมราช,8,2,1150
นครศรีธรรมราช,8,18,1055
นครศรีธรรมราช,8,6,931
นครศรีธรรมราช,8,9,812
นครศรีธรรมราช,8,17,617
นครศรีธรรมราช,8,1,512
นครศรีธรรมราช,8,10,436
นครศรีธรรมราช,8,27,402
นครศรีธรรมราช,8,33,360
นครศรีธรรมราช,8,32,300
นครศรีธรรมราช,8,36,276
นครศรีธรรมราช,8,12,272
นครศรีธรรมราช,8,5,219
นครศรีธรรมราช,8,15,214
นครศรีธรรมราช,8,25,205
นครศรีธรรมราช,8,29,204
นครศรีธรรมราช,8,23,201
นครศรีธรรมราช,8,22,191
นครศรีธรรมราช,8,31,171
นครศรีธรรมราช,8,28,160
นครศรีธรรมราช,8,24,144
นครศรีธรรมราช,8,34,114
นครศรีธรรมราช,8,30,99
นครศรีธรรมราช,8,21,42
นครศรีธรรมราช,8,35,25
นครศรีธรรมราช,8,3,0
นครสวรรค์,1,14,24656
นครสวรรค์,1,7,22643
นครสวรรค์,1,11,19987
นครสวรรค์,1,3,17374
นครสวรรค์,1,1,4959
นครสวรรค์,1,2,2159
นครสวรรค์,1,17,1817
นครสวรรค์,1,8,705
นครสวรรค์,1,9,449
นครสวรรค์,1,22,443
นครสวรรค์,1,16,384
นครสวรรค์,1,12,369
นครสวรรค์,1,13,347
นครสวรรค์,1,4,303
นครสวรรค์,1,5,298
นครสวรรค์,1,27,206
นครสวรรค์,1,10,205
นครสวรรค์,1,21,169
นครสวรรค์,1,6,133
นครสวรรค์,1,15,122
นครสวรรค์,1,24,108
นครสวรรค์,1,30,84
นครสวรรค์,1,18,74
นครสวรรค์,1,26,63
นครสวรรค์,1,28,61
นครสวรรค์,1,23,53
นครสวรรค์,1,25,50
นครสวรรค์,1,20,47
นครสวรรค์,1,29,22
นครสวรรค์,1,19,0
นครสวรรค์,2,7,31051
นครสวรรค์,2,3,25069
นครสวรรค์,2,2,22479
นครสวรรค์,2,8,11001
นครสวรรค์,2,9,6313
นครสวรรค์,2,17,1143
นครสวรรค์,2,13,1106
นครสวรรค์,2,1,547
นครสวรรค์,2,27,407
นครสวรรค์,2,23,357
นครสวรรค์,2,6,349
นครสวรรค์,2,19,311
นครสวรรค์,2,22,292
นครสวรรค์,2,4,246
นครสวรรค์,2,11,242
นครสวรรค์,2,14,211
นครสวรรค์,2,12,198
นครสวรรค์,2,21,147
นครสวรรค์,2,10,138
นครสวรรค์,2,5,135
นครสวรรค์,2,18,101
นครสวรรค์,2,29,88
นครสวรรค์,2,28,73
นครสวรรค์,2,30,65
นครสวรรค์,2,26,62
นครสวรรค์,2,20,59
นครสวรรค์,2,15,56
นครสวรรค์,2,24,42
นครสวรรค์,2,25,42
นครสวรรค์,2,16,0
นครสวรรค์,3,1,32868
นครสวรรค์,3,10,27193
นครสวรรค์,3,7,10668
นครสวรรค์,3,3,10623
นครสวรรค์,3,6,6629
นครสวรรค์,3,12,1347
นครสวรรค์,3,2,1014
นครสวรรค์,3,21,889
นครสวรรค์,3,24,511
นครสวรรค์,3,9,491
นครสวรรค์,3,4,296
นครสวรรค์,3,30,274
นครสวรรค์,3,23,260
นครสวรรค์,3,11,255
นครสวรรค์,3,18,235
นครสวรรค์,3,22,233
นครสวรรค์,3,13,216
นครสวรรค์,3,26,174
นครสวรรค์,3,5,154
นครสวรรค์,3,14,154
นครสวรรค์,3,25,132
นครสวรรค์,3,29,125
นครสวรรค์,3,31,117
นครสวรรค์,3,8,116
นครสวรรค์,3,20,110
นครสวรรค์,3,16,98
นครสวรรค์,3,15,81
นครสวรรค์,3,19,59
นครสวรรค์,3,17,58
นครสวรรค์,3,28,55
นครสวรรค์,3,27,52
นครสวรรค์,4,4,33642
นครสวรรค์,4,11,30141
นครสวรรค์,4,9,10144
นครสวรรค์,4,7,8340
นครสวรรค์,4,12,3240
นครสวรรค์,4,1,1466
นครสวรรค์,4,24,1087
นครสวรรค์,4,19,475
นครสวรรค์,4,31,428
นครสวรรค์,4,29,422
นครสวรรค์,4,8,399
นครสวรรค์,4,3,390
นครสวรรค์,4,10,370
นครสวรรค์,4,2,342
นครสวรรค์,4,5,239
นครสวรรค์,4,6,228
นครสวรรค์,4,14,184
นครสวรรค์,4,26,163
นครสวรรค์,4,23,156
นครสวรรค์,4,25,148
นครสวรรค์,4,13,136
นครสวรรค์,4,21,127
นครสวรรค์,4,18,104
นครสวรรค์,4,22,99
นครสวรรค์,4,32,96
นครสวรรค์,4,30,86
นครสวรรค์,4,20,64
นครสวรรค์,4,27,60
นครสวรรค์,4,16,45
นครสวรรค์,4,28,43
นครสวรรค์,4,15,41
นครสวรรค์,4,17,0
นครสวรรค์,5,7,34367
นครสวรรค์,5,11,26192
นครสวรรค์,5,8,16051
นครสวรรค์,5,9,9415
นครสวรรค์,5,13,1094
นครสวรรค์,5,6,990
นครสวรรค์,5,24,715
นครสวรรค์,5,2,575
นครสวรรค์,5,27,523
นครสวรรค์,5,4,508
นครสวรรค์,5,5,498
นครสวรรค์,5,1,414
นครสวรรค์,5,28,336
นครสวรรค์,5,31,277
นครสวรรค์,5,10,271
นครสวรรค์,5,12,267
นครสวรรค์,5,14,198
นครสวรรค์,5,3,175
นครสวรรค์,5,19,171
นครสวรรค์,5,15,168
นครสวรรค์,5,21,158
นครสวรรค์,5,18,138
นครสวรรค์,5,26,88
นครสวรรค์,5,23,81
นครสวรรค์,5,17,74
นครสวรรค์,5,16,72
นครสวรรค์,5,22,69
นครสวรรค์,5,30,66
นครสวรรค์,5,25,51
นครสวรรค์,5,20,0
นครสวรรค์,5,29,0
นครสวรรค์,6,8,25998
นครสวรรค์,6,9,22956
นครสวรรค์,6,2,19692
นครสวรรค์,6,11,6331
นครสวรรค์,6,3,3093
นครสวรรค์,6,14,1382
นครสวรรค์,6,5,685
นครสวรรค์,6,28,680
นครสวรรค์,6,29,617
นครสวรรค์,6,7,485
นครสวรรค์,6,1,388
นครสวรรค์,6,21,376
นครสวรรค์,6,10,369
นครสวรรค์,6,22,296
นครสวรรค์,6,6,232
นครสวรรค์,6,33,198
นครสวรรค์,6,20,134
นครสวรรค์,6,13,131
นครสวรรค์,6,23,109
นครสวรรค์,6,15,105
นครสวรรค์,6,27,100
นครสวรรค์,6,12,94
นครสวรรค์,6,31,83
นครสวรรค์,6,16,73
นครสวรรค์,6,17,64
นครสวรรค์,6,25,60
นครสวรรค์,6,30,59
นครสวรรค์,6,18,41
นครสวรรค์,6,32,37
นครสวรรค์,6,24,30
นครสวรรค์,6,4,0
นครสวรรค์,6,19,0
นครสวรรค์,6,26,0
นนทบุรี,1,5,31767
นนทบุรี,1,1,30982
นนทบุรี,1,7,27292
นนทบุรี,1,6,21225
นนทบุรี,1,21,5523
นนทบุรี,1,10,2988
นนทบุรี,1,3,1014
นนทบุรี,1,2,726
นนทบุรี,1,19,560
นนทบุรี,1,11,551
นนทบุรี,1,15,308
นนทบุรี,1,9,297
นนทบุรี,1,27,256
นนทบุรี,1,4,229
นนทบุรี,1,22,202
นนทบุรี,1,14,198
นนทบุรี,1,8,127
นนทบุรี,1,26,118
นนทบุรี,1,20,104
นนทบุรี,1,25,102
นนทบุรี,1,23,87
นนทบุรี,1,12,85
นนทบุรี,1,16,76
นนทบุรี,1,13,61
นนทบุรี,1,18,51
นนทบุรี,1,24,49
นนทบุรี,1,28,38
นนทบุรี,1,17,36
นนทบุรี,2,1,28954
นนทบุรี,2,3,27725
นนทบุรี,2,12,22816
นนทบุรี,2,2,18011
นนทบุรี,2,25,4924
นนทบุรี,2,10,2731
นนทบุรี,2,9,680
นนทบุรี,2,14,550
นนทบุรี,2,15,384
นนทบุรี,2,8,264
นนทบุรี,2,6,263
นนทบุรี,2,4,247
นนทบุรี,2,28,229
นนทบุรี,2,5,202
นนทบุรี,2,20,157
นนทบุรี,2,7,156
นนทบุรี,2,21,156
นนทบุรี,2,22,104
นนทบุรี,2,11,78
นนทบุรี,2,23,73
นนทบุรี,2,24,72
นนทบุรี,2,18,71
นนทบุรี,2,16,56
นนทบุรี,2,19,52
นนทบุรี,2,30,46
นนทบุรี,2,27,45
นนทบุรี,2,13,40
นนทบุรี,2,29,34
นนทบุรี,2,26,27
นนทบุรี,2,17,0
นนทบุรี,3,9,32905
นนทบุรี,3,7,29171
นนทบุรี,3,4,28962
นนทบุรี,3,5,18344
นนทบุรี,3,28,5045
นนทบุรี,3,1,3540
นนทบุรี,3,3,3055
นนทบุรี,3,12,508
นนทบุรี,3,8,462
นนทบุรี,3,22,430
นนทบุรี,3,15,372
นนทบุรี,3,25,306
นนทบุรี,3,6,273
นนทบุรี,3,14,245
นนทบุรี,3,2,212
นนทบุรี,3,11,192
นนทบุรี,3,29,169
นนทบุรี,3,21,156
นนทบุรี,3,27,153
นนทบุรี,3,10,146
นนทบุรี,3,24,116
นนทบุรี,3,13,115
นนทบุรี,3,17,114
นนทบุรี,3,18,111
นนทบุรี,3,19,98
นนทบุรี,3,16,74
นนทบุรี,3,23,57
นนทบุรี,3,26,50
นนทบุรี,3,32,48
นนทบุรี,3,30,46
นนทบุรี,3,31,16
นนทบุรี,3,20,0
นนทบุรี,4,7,33408
นนทบุรี,4,1,27979
นนทบุรี,4,8,25342
นนทบุรี,4,4,21160
นนทบุรี,4,3,3890
นนทบุรี,4,12,2787
นนทบุรี,4,9,991
นนทบุรี,4,16,511
นนทบุรี,4,2,309
นนทบุรี,4,13,239
นนทบุรี,4,5,238
นนทบุรี,4,14,226
นนทบุรี,4,27,226
นนทบุรี,4,18,214
นนทบุรี,4,6,157
นนทบุรี,4,24,140
นนทบุรี,4,15,114
นนทบุรี,4,26,101
นนทบุรี,4,21,90
นนทบุรี,4,11,89
นนทบุรี,4,23,87
นนทบุรี,4,10,79
นนทบุรี,4,22,74
นนทบุรี,4,20,55
นนทบุรี,4,19,48
นนทบุรี,4,29,48
นนทบุรี,4,28,34
นนทบุรี,4,25,20
นนทบุรี,4,17,0
นนทบุรี,5,6,33764
นนทบุรี,5,8,32972
นนทบุรี,5,10,32953
นนทบุรี,5,5,18406
นนทบุรี,5,13,3575
นนทบุรี,5,4,2024
นนทบุรี,5,1,1231
นนทบุรี,5,9,742
นนทบุรี,5,14,658
นนทบุรี,5,7,432
นนทบุรี,5,2,287
นนทบุรี,5,21,276
นนทบุรี,5,11,275
นนทบุรี,5,12,221
นนทบุรี,5,19,219
นนทบุรี,5,22,215
นนทบุรี,5,16,185
นนทบุรี,5,25,172
นนทบุรี,5,3,170
นนทบุรี,5,20,110
นนทบุรี,5,15,84
นนทบุรี,5,17,72
นนทบุรี,5,23,60
นนทบุรี,5,24,49
นนทบุรี,5,18,41
นนทบุรี,6,4,32748
นนทบุรี,6,12,27782
นนทบุรี,6,2,23175
นนทบุรี,6,6,17639
นนทบุรี,6,25,3032
นนทบุรี,6,11,2946
นนทบุรี,6,10,2270
นนทบุรี,6,5,649
นนทบุรี,6,8,516
นนทบุรี,6,16,500
นนทบุรี,6,26,350
นนทบุรี,6,14,342
นนทบุรี,6,9,319
นนทบุรี,6,24,278
นนทบุรี,6,3,266
นนทบุรี,6,1,251
นนทบุรี,6,17,234
นนทบุรี,6,13,189
นนทบุรี,6,22,175
นนทบุรี,6,23,158
นนทบุรี,6,7,134
นนทบุรี,6,29,91
นนทบุรี,6,28,86
นนทบุรี,6,20,60
นนทบุรี,6,31,59
นนทบุรี,6,18,58
นนทบุรี,6,15,55
นนทบุรี,6,19,54
นนทบุรี,6,27,37
นนทบุรี,6,30,29
นนทบุรี,6,21,0
นราธิวาส,1,5,32268
นราธิวาส,1,3,22555
นราธิวาส,1,10,15122
นราธิวาส,1,8,12102
นราธิวาส,1,6,8761
นราธิวาส,1,4,2267
นราธิวาส,1,1,1532
นราธิวาส,1,22,789
นราธิวาส,1,11,570
นราธิวาส,1,17,402
นราธิวาส,1,27,379
นราธิวาส,1,23,278
นราธิวาส,1,9,199
นราธิวาส,1,28,183
นราธิวาส,1,30,175
นราธิวาส,1,26,143
นราธิวาส,1,7,121
นราธิวาส,1,19,115
นราธิวาส,1,33,115
นราธิวาส,1,38,113
นราธิวาส,1,12,104
นราธิวาส,1,24,98
นราธิวาส,1,20,88
นราธิวาส,1,16,76
นราธิวาส,1,21,69
นราธิวาส,1,13,64
นราธิวาส,1,31,59
นราธิวาส,1,14,51
นราธิวาส,1,18,48
นราธิวาส,1,15,33
นราธิวาส,1,35,24
นราธิวาส,1,29,22
นราธิวาส,1,36,15
นราธิวาส,1,37,11
นราธิวาส,1,32,9
นราธิวาส,1,2,0
นราธิวาส,1,25,0
นราธิวาส,1,34,0
นราธิวาส,2,2,34211
นราธิวาส,2,11,21825
นราธิวาส,2,6,13012
นราธิวาส,2,4,8695
นราธิวาส,2,16,6325
นราธิวาส,2,9,1013
นราธิวาส,2,1,967
นราธิวาส,2,3,643
นราธิวาส,2,22,450
นราธิวาส,2,26,444
นราธิวาส,2,23,391
นราธิวาส,2,10,316
นราธิวาส,2,5,224
นราธิวาส,2,12,223
นราธิวาส,2,15,218
นราธิวาส,2,13,185
นราธิวาส,2,31,179
นราธิวาส,2,34,169
นราธิวาส,2,32,160
นราธิวาส,2,20,154
นราธิวาส,2,24,133
นราธิวาส,2,8,100
นราธิวาส,2,21,94
นราธิวาส,2,14,83
นราธิวาส,2,37,76
นราธิวาส,2,25,61
นราธิวาส,2,17,56
นราธิวาส,2,33,37
นราธิวาส,2,19,36
นราธิวาส,2,35,35
นราธิวาส,2,18,34
นราธิวาส,2,28,34
นราธิวาส,2,27,25
นราธิวาส,2,36,24
นราธิวาส,2,30,19
นราธิวาส,2,29,9
นราธิวาส,2,7,0
นราธิวาส,3,2,39438
นราธิวาส,3,8,19525
นราธิวาส,3,35,15596
นราธิวาส,3,6,10583
นราธิวาส,3,15,6129
นราธิวาส,3,3,1321
นราธิวาส,3,7,772
นราธิวาส,3,4,585
นราธิวาส,3,1,467
นราธิวาส,3,22,417
นราธิวาส,3,28,411
นราธิวาส,3,10,248
นราธิวาส,3,5,225
นราธิวาส,3,26,208
นราธิวาส,3,12,185
นราธิวาส,3,14,173
นราธิวาส,3,23,173
นราธิวาส,3,9,165
นราธิวาส,3,20,154
นราธิวาส,3,11,147
นราธิวาส,3,25,139
นราธิวาส,3,27,112
นราธิวาส,3,13,97
นราธิวาส,3,33,94
นราธิวาส,3,21,89
นราธิวาส,3,24,79
นราธิวาส,3,30,77
นราธิวาส,3,32,76
นราธิวาส,3,34,72
นราธิวาส,3,18,62
นราธิวาส,3,31,61
นราธิวาส,3,29,53
นราธิวาส,3,16,45
นราธิวาส,3,19,40
นราธิวาส,3,17,21
นราธิวาส,4,11,40807
นราธิวาส,4,4,34451
นราธิวาส,4,9,11540
นราธิวาส,4,1,8777
นราธิวาส,4,15,6470
นราธิวาส,4,2,3179
นราธิวาส,4,8,1453
นราธิวาส,4,10,709
นราธิวาส,4,24,560
นราธิวาส,4,31,447
นราธิวาส,4,3,396
นราธิวาส,4,12,322
นราธิวาส,4,29,241
นราธิวาส,4,5,222
นราธิวาส,4,36,198
นราธิวาส,4,7,159
นราธิวาส,4,23,157
นราธิวาส,4,21,155
นราธิวาส,4,27,149
นราธิวาส,4,14,147
นราธิวาส,4,33,133
นราธิวาส,4,6,122
นราธิวาส,4,19,121
นราธิวาส,4,13,109
นราธิวาส,4,20,102
นราธิวาส,4,17,79
นราธิวาส,4,16,69
นราธิวาส,4,22,69
นราธิวาส,4,35,48
นราธิวาส,4,30,43
นราธิวาส,4,25,41
นราธิวาส,4,28,37
นราธิวาส,4,18,31
นราธิวาส,4,32,30
นราธิวาส,4,34,18
นราธิวาส,4,26,0
น่าน,1,4,36949
น่าน,1,7,23269
น่าน,1,15,18394
น่าน,1,6,9663
น่าน,1,9,6916
น่าน,1,12,1210
น่าน,1,1,1061
น่าน,1,19,917
น่าน,1,2,884
น่าน,1,10,745
น่าน,1,3,647
น่าน,1,20,494
น่าน,1,8,451
น่าน,1,27,431
น่าน,1,24,398
น่าน,1,5,316
น่าน,1,26,276
น่าน,1,14,274
น่าน,1,13,246
น่าน,1,23,210
น่าน,1,16,143
น่าน,1,22,138
น่าน,1,28,137
น่าน,1,11,135
น่าน,1,21,129
น่าน,1,17,114
น่าน,1,25,92
น่าน,1,18,67
น่าน,2,6,46824
น่าน,2,15,16066
น่าน,2,5,13829
น่าน,2,7,8954
น่าน,2,10,3776
น่าน,2,1,2145
น่าน,2,14,979
น่าน,2,26,521
น่าน,2,19,480
น่าน,2,4,467
น่าน,2,22,405
น่าน,2,25,347
น่าน,2,21,331
น่าน,2,12,310
น่าน,2,2,259
น่าน,2,3,259
น่าน,2,8,234
น่าน,2,9,216
น่าน,2,16,174
น่าน,2,18,164
น่าน,2,27,162
น่าน,2,11,153
น่าน,2,20,138
น่าน,2,24,127
น่าน,2,17,126
น่าน,2,23,118
น่าน,2,28,79
น่าน,2,13,0
น่าน,3,3,31659
น่าน,3,9,22640
น่าน,3,15,13014
น่าน,3,10,5351
น่าน,3,6,2743
น่าน,3,8,2203
น่าน,3,4,1609
น่าน,3,21,903
น่าน,3,12,882
น่าน,3,23,715
น่าน,3,7,647
น่าน,3,1,604
น่าน,3,2,591
น่าน,3,20,521
น่าน,3,13,412
น่าน,3,5,297
น่าน,3,28,274
น่าน,3,14,261
น่าน,3,22,201
น่าน,3,11,179
น่าน,3,19,178
น่าน,3,17,151
น่าน,3,26,142
น่าน,3,18,137
น่าน,3,24,119
น่าน,3,25,94
น่าน,3,27,78
น่าน,3,16,0
บึงกาฬ,1,5,36117
บึงกาฬ,1,3,30926
บึงกาฬ,1,8,17072
บึงกาฬ,1,7,11862
บึงกาฬ,1,14,1268
บึงกาฬ,1,10,1253
บึงกาฬ,1,23,1233
บึงกาฬ,1,25,676
บึงกาฬ,1,4,572
บึงกาฬ,1,22,562
บึงกาฬ,1,32,495
บึงกาฬ,1,13,457
บึงกาฬ,1,1,366
บึงกาฬ,1,2,339
บึงกาฬ,1,27,324
บึงกาฬ,1,16,316
บึงกาฬ,1,21,315
บึงกาฬ,1,6,261
บึงกาฬ,1,28,198
บึงกาฬ,1,18,189
บึงกาฬ,1,34,159
บึงกาฬ,1,15,146
บึงกาฬ,1,20,142
บึงกาฬ,1,30,134
บึงกาฬ,1,26,87
บึงกาฬ,1,24,86
บึงกาฬ,1,11,78
บึงกาฬ,1,17,70
บึงกาฬ,1,36,65
บึงกาฬ,1,12,54
บึงกาฬ,1,29,53
บึงกาฬ,1,33,44
บึงกาฬ,1,35,42
บึงกาฬ,1,19,30
บึงกาฬ,1,31,23
บึงกาฬ,1,9,0
บึงกาฬ,2,9,35359
บึงกาฬ,2,3,19732
บึงกาฬ,2,2,16584
บึงกาฬ,2,8,15861
บึงกาฬ,2,22,2549
บึงกาฬ,2,13,1918
บึงกาฬ,2,1,1896
บึงกาฬ,2,6,1352
บึงกาฬ,2,15,1310
บึงกาฬ,2,36,761
บึงกาฬ,2,29,745
บึงกาฬ,2,28,565
บึงกาฬ,2,19,314
บึงกาฬ,2,33,277
บึงกาฬ,2,10,234
บึงกาฬ,2,5,232
บึงกาฬ,2,23,215
บึงกาฬ,2,7,201
บึงกาฬ,2,4,145
บึงกาฬ,2,12,126
บึงกาฬ,2,16,126
บึงกาฬ,2,17,125
บึงกาฬ,2,20,123
บึงกาฬ,2,32,112
บึงกาฬ,2,18,110
บึงกาฬ,2,21,108
บึงกาฬ,2,14,103
บึงกาฬ,2,31,89
บึงกาฬ,2,24,84
บึงกาฬ,2,27,79
บึงกาฬ,2,26,75
บึงกาฬ,2,30,52
บึงกาฬ,2,25,41
บึงกาฬ,2,34,32
บึงกาฬ,2,35,23
บึงกาฬ,2,11,0
บุรีรัมย์,1,2,41513
บุรีรัมย์,1,5,25979
บุรีรัมย์,1,7,19403
บุรีรัมย์,1,9,2770
บุรีรัมย์,1,12,2118
บุรีรัมย์,1,8,2054
บุรีรัมย์,1,19,1190
บุรีรัมย์,1,25,800
บุรีรัมย์,1,1,778
บุรีรัมย์,1,22,609
บุรีรัมย์,1,4,428
บุรีรัมย์,1,13,366
บุรีรัมย์,1,26,280
บุรีรัมย์,1,6,267
บุรีรัมย์,1,29,238
บุรีรัมย์,1,21,224
บุรีรัมย์,1,30,200
บุรีรัมย์,1,17,162
บุรีรัมย์,1,28,159
บุรีรัมย์,1,31,158
บุรีรัมย์,1,15,156
บุรีรัมย์,1,16,136
บุรีรัมย์,1,11,126
บุรีรัมย์,1,10,114
บุรีรัมย์,1,23,82
บุรีรัมย์,1,27,78
บุรีรัมย์,1,24,64
บุรีรัมย์,1,18,63
บุรีรัมย์,1,20,54
บุรีรัมย์,1,3,0
บุรีรัมย์,1,14,0
บุรีรัมย์,2,3,34212
บุรีรัมย์,2,7,27956
บุรีรัมย์,2,9,13137
บุรีรัมย์,2,16,11560
บุรีรัมย์,2,6,2091
บุรีรัมย์,2,10,868
บุรีรัมย์,2,23,591
บุรีรัมย์,2,1,556
บุรีรัมย์,2,27,443
บุรีรัมย์,2,5,418
บุรีรัมย์,2,30,333
บุรีรัมย์,2,29,328
บุรีรัมย์,2,2,289
บุรีรัมย์,2,8,282
บุรีรัมย์,2,4,261
บุรีรัมย์,2,15,206
บุรีรัมย์,2,24,144
บุรีรัมย์,2,21,134
บุรีรัมย์,2,19,133
บุรีรัมย์,2,31,129
บุรีรัมย์,2,18,128
บุรีรัมย์,2,20,128
บุรีรัมย์,2,26,79
บุรีรัมย์,2,22,76
บุรีรัมย์,2,25,74
บุรีรัมย์,2,11,73
บุรีรัมย์,2,17,61
บุรีรัมย์,2,12,47
บุรีรัมย์,2,14,47
บุรีรัมย์,2,28,34
บุรีรัมย์,2,13,0
บุรีรัมย์,3,2,45821
บุรีรัมย์,3,11,24001
บุรีรัมย์,3,8,11147
บุรีรัมย์,3,7,10101
บุรีรัมย์,3,3,1513
บุรีรัมย์,3,22,1076
บุรีรัมย์,3,12,677
บุรีรัมย์,3,1,635
บุรีรัมย์,3,13,423
บุรีรัมย์,3,10,409
บุรีรัมย์,3,28,290
บุรีรัมย์,3,31,277
บุรีรัมย์,3,21,125
บุรีรัมย์,3,4,121
บุรีรัมย์,3,29,104
บุรีรัมย์,3,6,101
บุรีรัมย์,3,32,89
บุรีรัมย์,3,5,78
บุรีรัมย์,3,17,74
บุรีรัมย์,3,18,73
บุรีรัมย์,3,14,62
บุรีรัมย์,3,25,61
บุรีรัมย์,3,23,58
บุรีรัมย์,3,30,58
บุรีรัมย์,3,27,56
บุรีรัมย์,3,15,45
บุรีรัมย์,3,20,45
บุรีรัมย์,3,16,41
บุรีรัมย์,3,24,32
บุรีรัมย์,3,19,29
บุรีรัมย์,3,26,18
บุรีรัมย์,3,9,0
บุรีรัมย์,4,4,47481
บุรีรัมย์,4,12,20910
บุรีรัมย์,4,13,16741
บุรีรัมย์,4,14,7780
บุรีรัมย์,4,24,1252
บุรีรัมย์,4,16,958
บุรีรัมย์,4,15,719
บุรีรัมย์,4,5,498
บุรีรัมย์,4,3,489
บุรีรัมย์,4,1,402
บุรีรัมย์,4,18,352
บุรีรัมย์,4,11,316
บุรีรัมย์,4,2,240
บุรีรัมย์,4,33,234
บุรีรัมย์,4,21,201
บุรีรัมย์,4,6,199
บุรีรัมย์,4,32,199
บุรีรัมย์,4,22,185
บุรีรัมย์,4,23,160
บุรีรัมย์,4,7,125
บุรีรัมย์,4,20,104
บุรีรัมย์,4,31,100
บุรีรัมย์,4,29,94
บุรีรัมย์,4,8,85
บุรีรัมย์,4,28,81
บุรีรัมย์,4,9,74
บุรีรัมย์,4,17,65
บุรีรัมย์,4,25,55
บุรีรัมย์,4,30,49
บุรีรัมย์,4,19,40
บุรีรัมย์,4,27,34
บุรีรัมย์,4,26,19
บุรีรัมย์,4,10,0
บุรีรัมย์,5,12,47609
บุรีรัมย์,5,4,16557
บุรีรัมย์,5,9,13643
บุรีรัมย์,5,10,2324
บุรีรัมย์,5,6,1938
บุรีรัมย์,5,1,1319
บุรีรัมย์,5,13,1091
บุรีรัมย์,5,24,865
บุรีรัมย์,5,23,853
บุรีรัมย์,5,32,679
บุรีรัมย์,5,21,669
บุรีรัมย์,5,11,527
บุรีรัมย์,5,2,526
บุรีรัมย์,5,22,439
บุรีรัมย์,5,29,403
บุรีรัมย์,5,5,351
บุรีรัมย์,5,14,333
บุรีรัมย์,5,27,265
บุรีรัมย์,5,8,260
บุรีรัมย์,5,3,246
บุรีรัมย์,5,19,209
บุรีรัมย์,5,16,167
บุรีรัมย์,5,17,88
บุรีรัมย์,5,30,86
บุรีรัมย์,5,25,83
บุรีรัมย์,5,18,73
บุรีรัมย์,5,20,73
บุรีรัมย์,5,28,57
บุรีรัมย์,5,31,48
บุรีรัมย์,5,7,0
บุรีรัมย์,5,15,0
บุรีรัมย์,5,26,0
บุรีรัมย์,6,5,43327
บุรีรัมย์,6,1,33562
บุรีรัมย์,6,2,14702
บุรีรัมย์,6,21,12114
บุรีรัมย์,6,7,1901
บุรีรัมย์,6,3,1268
บุรีรัมย์,6,25,820
บุรีรัมย์,6,15,715
บุรีรัมย์,6,9,518
บุรีรัมย์,6,22,400
บุรีรัมย์,6,6,388
บุรีรัมย์,6,4,266
บุรีรัมย์,6,16,232
บุรีรัมย์,6,8,182
บุรีรัมย์,6,17,162
บุรีรัมย์,6,10,154
บุรีรัมย์,6,30,154
บุรีรัมย์,6,13,142
บุรีรัมย์,6,11,120
บุรีรัมย์,6,26,105
บุรีรัมย์,6,12,104
บุรีรัมย์,6,20,93
บุรีรัมย์,6,24,77
บุรีรัมย์,6,27,61
บุรีรัมย์,6,23,42
บุรีรัมย์,6,34,37
บุรีรัมย์,6,19,34
บุรีรัมย์,6,18,33
บุรีรัมย์,6,31,33
บุรีรัมย์,6,33,27
บุรีรัมย์,6,32,24
บุรีรัมย์,6,28,23
บุรีรัมย์,6,14,0
บุรีรัมย์,6,29,0
บุรีรัมย์,7,6,39215
บุรีรัมย์,7,1,26885
บุรีรัมย์,7,4,16931
บุรีรัมย์,7,9,5222
บุรีรัมย์,7,5,1808
บุรีรัมย์,7,13,1387
บุรีรัมย์,7,21,630
บุรีรัมย์,7,26,559
บุรีรัมย์,7,27,444
บุรีรัมย์,7,3,436
บุรีรัมย์,7,7,251
บุรีรัมย์,7,16,220
บุรีรัมย์,7,22,181
บุรีรัมย์,7,8,157
บุรีรัมย์,7,24,118
บุรีรัมย์,7,23,116
บุรีรัมย์,7,10,109
บุรีรัมย์,7,19,109
บุรีรัมย์,7,25,109
บุรีรัมย์,7,11,105
บุรีรัมย์,7,29,102
บุรีรัมย์,7,20,73
บุรีรัมย์,7,17,70
บุรีรัมย์,7,15,57
บุรีรัมย์,7,18,31
บุรีรัมย์,7,28,31
บุรีรัมย์,7,2,0
บุรีรัมย์,7,12,0
บุรีรัมย์,7,14,0
บุรีรัมย์,8,3,40597
บุรีรัมย์,8,17,19348
บุรีรัมย์,8,12,13218
บุรีรัมย์,8,4,3858
บุรีรัมย์,8,1,3461
บุรีรัมย์,8,6,2899
บุรีรัมย์,8,23,975
บุรีรัมย์,8,20,643
บุรีรัมย์,8,2,533
บุรีรัมย์,8,21,477
บุรีรัมย์,8,32,458
บุรีรัมย์,8,27,450
บุรีรัมย์,8,19,434
บุรีรัมย์,8,13,351
บุรีรัมย์,8,5,301
บุรีรัมย์,8,22,289
บุรีรัมย์,8,30,286
บุรีรัมย์,8,11,285
บุรีรัมย์,8,34,270
บุรีรัมย์,8,18,253
บุรีรัมย์,8,16,251
บุรีรัมย์,8,24,167
บุรีรัมย์,8,10,155
บุรีรัมย์,8,33,140
บุรีรัมย์,8,8,137
บุรีรัมย์,8,26,129
บุรีรัมย์,8,14,112
บุรีรัมย์,8,25,110
บุรีรัมย์,8,28,85
บุรีรัมย์,8,15,76
บุรีรัมย์,8,29,64
บุรีรัมย์,8,31,41
บุรีรัมย์,8,7,0
บุรีรัมย์,8,9,0
ปทุมธานี,1,4,43437
ปทุมธานี,1,1,21659
ปทุมธานี,1,9,18720
ปทุมธานี,1,8,9589
ปทุมธานี,1,5,9411
ปทุมธานี,1,2,2697
ปทุมธานี,1,3,654
ปทุมธานี,1,13,387
ปทุมธานี,1,7,319
ปทุมธานี,1,11,304
ปทุมธานี,1,14,284
ปทุมธานี,1,19,277
ปทุมธานี,1,10,186
ปทุมธานี,1,6,165
ปทุมธานี,1,15,112
ปทุมธานี,1,22,110
ปทุมธานี,1,16,84
ปทุมธานี,1,12,51
ปทุมธานี,1,21,48
ปทุมธานี,1,18,37
ปทุมธานี,1,20,26
ปทุมธานี,1,17,0
ปทุมธานี,2,7,45443
ปทุมธานี,2,2,22752
ปทุมธานี,2,3,19864
ปทุมธานี,2,4,9220
ปทุมธานี,2,1,8560
ปทุมธานี,2,8,3164
ปทุมธานี,2,6,559
ปทุมธานี,2,11,373
ปทุมธานี,2,5,347
ปทุมธานี,2,15,300
ปทุมธานี,2,10,276
ปทุมธานี,2,14,169
ปทุมธานี,2,9,131
ปทุมธานี,2,22,90
ปทุมธานี,2,17,88
ปทุมธานี,2,24,77
ปทุมธานี,2,25,77
ปทุมธานี,2,12,76
ปทุมธานี,2,18,71
ปทุมธานี,2,23,71
ปทุมธานี,2,21,70
ปทุมธานี,2,20,63
ปทุมธานี,2,16,39
ปทุมธานี,2,13,0
ปทุมธานี,2,19,0
ปทุมธานี,2,26,0
ปทุมธานี,3,10,32550
ปทุมธานี,3,8,30372
ปทุมธานี,3,7,17465
ปทุมธานี,3,3,6426
ปทุมธานี,3,4,5608
ปทุมธานี,3,2,3030
ปทุมธานี,3,1,627
ปทุมธานี,3,11,375
ปทุมธานี,3,9,238
ปทุมธานี,3,17,214
ปทุมธานี,3,23,209
ปทุมธานี,3,22,195
ปทุมธานี,3,12,185
ปทุมธานี,3,5,154
ปทุมธานี,3,6,136
ปทุมธานี,3,14,131
ปทุมธานี,3,21,111
ปทุมธานี,3,19,95
ปทุมธานี,3,15,90
ปทุมธานี,3,20,59
ปทุมธานี,3,13,54
ปทุมธานี,3,25,42
ปทุมธานี,3,18,31
ปทุมธานี,3,24,20
ปทุมธานี,3,16,0
ปทุมธานี,4,4,28600
ปทุมธานี,4,10,27330
ปทุมธานี,4,5,21085
ปทุมธานี,4,6,14024
ปทุมธานี,4,1,10221
ปทุมธานี,4,17,3478
ปทุมธานี,4,3,2797
ปทุมธานี,4,9,464
ปทุมธานี,4,25,343
ปทุมธานี,4,16,330
ปทุมธานี,4,24,191
ปทุมธานี,4,8,127
ปทุมธานี,4,2,122
ปทุมธานี,4,12,119
ปทุมธานี,4,23,108
ปทุมธานี,4,11,90
ปทุมธานี,4,21,90
ปทุมธานี,4,13,65
ปทุมธานี,4,20,60
ปทุมธานี,4,14,51
ปทุมธานี,4,26,46
ปทุมธานี,4,15,40
ปทุมธานี,4,18,31
ปทุมธานี,4,19,28
ปทุมธานี,4,22,28
ปทุมธานี,4,7,0
ปทุมธานี,5,10,35152
ปทุมธานี,5,1,26837
ปทุมธานี,5,2,21149
ปทุมธานี,5,3,13074
ปทุมธานี,5,4,5403
ปทุมธานี,5,6,2531
ปทุมธานี,5,5,927
ปทุมธานี,5,11,840
ปทุมธานี,5,9,476
ปทุมธานี,5,14,323
ปทุมธานี,5,12,307
ปทุมธานี,5,7,223
ปทุมธานี,5,8,166
ปทุมธานี,5,25,164
ปทุมธานี,5,19,114
ปทุมธานี,5,13,112
ปทุมธานี,5,22,105
ปทุมธานี,5,16,95
ปทุมธานี,5,24,76
ปทุมธานี,5,21,75
ปทุมธานี,5,23,59
ปทุมธานี,5,15,58
ปทุมธานี,5,26,52
ปทุมธานี,5,20,26
ปทุมธานี,5,18,15
ปทุมธานี,5,17,0
ปทุมธานี,6,9,31496
ปทุมธานี,6,1,30886
ปทุมธานี,6,12,16589
ปทุมธานี,6,6,13353
ปทุมธานี,6,11,3949
ปทุมธานี,6,16,1862
ปทุมธานี,6,10,1731
ปทุมธานี,6,8,305
ปทุมธานี,6,21,272
ปทุมธานี,6,3,247
ปทุมธานี,6,7,243
ปทุมธานี,6,13,198
ปทุมธานี,6,19,191
ปทุมธานี,6,25,189
ปทุมธานี,6,5,171
ปทุมธานี,6,2,123
ปทุมธานี,6,20,103
ปทุมธานี,6,14,87
ปทุมธานี,6,4,69
ปทุมธานี,6,26,65
ปทุมธานี,6,23,60
ปทุมธานี,6,15,53
ปทุมธานี,6,22,46
ปทุมธานี,6,27,44
ปทุมธานี,6,17,41
ปทุมธานี,6,18,31
ปทุมธานี,6,24,29
ประจวบคีรีขันธ์,2,6,32507
ประจวบคีรีขันธ์,2,7,15696
ประจวบคีรีขันธ์,2,8,2096
ประจวบคีรีขันธ์,2,2,487
ประจวบคีรีขันธ์,3,8,676
ประจวบคีรีขันธ์,3,17,66
ประจวบคีรีขันธ์,3,11,65
ประจวบคีรีขันธ์,3,20,59
ประจวบคีรีขันธ์,1,7,30114
ประจวบคีรีขันธ์,1,1,21108
ประจวบคีรีขันธ์,1,5,17723
ประจวบคีรีขันธ์,1,8,14862
ประจวบคีรีขันธ์,1,6,9872
ประจวบคีรีขันธ์,1,10,1740
ประจวบคีรีขันธ์,1,19,943
ประจวบคีรีขันธ์,1,4,604
ประจวบคีรีขันธ์,1,11,573
ประจวบคีรีขันธ์,1,2,507
ประจวบคีรีขันธ์,1,9,349
ประจวบคีรีขันธ์,1,21,224
ประจวบคีรีขันธ์,1,12,197
ประจวบคีรีขันธ์,1,22,153
ประจวบคีรีขันธ์,1,18,149
ประจวบคีรีขันธ์,1,3,118
ประจวบคีรีขันธ์,1,20,105
ประจวบคีรีขันธ์,1,14,72
ประจวบคีรีขันธ์,1,15,61
ประจวบคีรีขันธ์,1,13,58
ประจวบคีรีขันธ์,1,16,56
ประจวบคีรีขันธ์,1,17,41
ประจวบคีรีขันธ์,2,3,32401
ประจวบคีรีขันธ์,2,9,14925
ประจวบคีรีขันธ์,2,14,523
ประจวบคีรีขันธ์,2,18,475
ประจวบคีรีขันธ์,2,11,380
ประจวบคีรีขันธ์,2,12,254
ประจวบคีรีขันธ์,2,1,252
ประจวบคีรีขันธ์,2,4,252
ประจวบคีรีขันธ์,2,23,240
ประจวบคีรีขันธ์,2,5,230
ประจวบคีรีขันธ์,2,22,161
ประจวบคีรีขันธ์,2,13,153
ประจวบคีรีขันธ์,2,20,123
ประจวบคีรีขันธ์,2,21,123
ประจวบคีรีขันธ์,2,19,104
ประจวบคีรีขันธ์,2,10,93
ประจวบคีรีขันธ์,2,25,72
ประจวบคีรีขันธ์,2,16,62
ประจวบคีรีขันธ์,2,15,46
ประจวบคีรีขันธ์,2,17,36
ประจวบคีรีขันธ์,2,24,21
ประจวบคีรีขันธ์,3,1,27656
ประจวบคีรีขันธ์,3,9,23981
ประจวบคีรีขันธ์,3,2,16202
ประจวบคีรีขันธ์,3,16,8080
ประจวบคีรีขันธ์,3,12,5028
ประจวบคีรีขันธ์,3,7,3404
ประจวบคีรีขันธ์,3,13,511
ประจวบคีรีขันธ์,3,15,383
ประจวบคีรีขันธ์,3,27,335
ประจวบคีรีขันธ์,3,6,305
ประจวบคีรีขันธ์,3,21,300
ประจวบคีรีขันธ์,3,22,225
ประจวบคีรีขันธ์,3,3,205
ประจวบคีรีขันธ์,3,26,197
ประจวบคีรีขันธ์,3,5,195
ประจวบคีรีขันธ์,3,24,195
ประจวบคีรีขันธ์,3,14,172
ประจวบคีรีขันธ์,3,10,131
ประจวบคีรีขันธ์,3,19,65
ประจวบคีรีขันธ์,3,23,55
ประจวบคีรีขันธ์,3,28,49
ประจวบคีรีขันธ์,3,18,45
ประจวบคีรีขันธ์,3,25,45
ประจวบคีรีขันธ์,3,4,0
ปราจีนบุรี,1,10,37454
ปราจีนบุรี,1,11,22986
ปราจีนบุรี,1,8,13861
ปราจีนบุรี,1,3,13232
ปราจีนบุรี,1,7,3170
ปราจีนบุรี,1,2,1702
ปราจีนบุรี,1,20,1248
ปราจีนบุรี,1,9,728
ปราจีนบุรี,1,1,550
ปราจีนบุรี,1,4,312
ปราจีนบุรี,1,16,280
ปราจีนบุรี,1,14,247
ปราจีนบุรี,1,5,153
ปราจีนบุรี,1,12,129
ปราจีนบุรี,1,6,119
ปราจีนบุรี,1,17,103
ปราจีนบุรี,1,23,103
ปราจีนบุรี,1,18,93
ปราจีนบุรี,1,15,62
ปราจีนบุรี,1,22,55
ปราจีนบุรี,1,19,48
ปราจีนบุรี,1,21,47
ปราจีนบุรี,1,13,0
ปราจีนบุรี,2,6,34359
ปราจีนบุรี,2,9,18298
ปราจีนบุรี,2,5,16575
ปราจีนบุรี,2,10,13219
ปราจีนบุรี,2,2,7902
ปราจีนบุรี,2,1,2144
ปราจีนบุรี,2,22,1143
ปราจีนบุรี,2,8,573
ปราจีนบุรี,2,26,535
ปราจีนบุรี,2,3,400
ปราจีนบุรี,2,7,317
ปราจีนบุรี,2,11,249
ปราจีนบุรี,2,4,233
ปราจีนบุรี,2,15,151
ปราจีนบุรี,2,21,114
ปราจีนบุรี,2,20,105
ปราจีนบุรี,2,14,84
ปราจีนบุรี,2,19,83
ปราจีนบุรี,2,13,82
ปราจีนบุรี,2,25,70
ปราจีนบุรี,2,16,60
ปราจีนบุรี,2,24,55
ปราจีนบุรี,2,18,34
ปราจีนบุรี,2,23,34
ปราจีนบุรี,2,12,0
ปราจีนบุรี,2,17,0
ปราจีนบุรี,3,10,36266
ปราจีนบุรี,3,6,22160
ปราจีนบุรี,3,8,10843
ปราจีนบุรี,3,5,9137
ปราจีนบุรี,3,3,3282
ปราจีนบุรี,3,12,2434
ปราจีนบุรี,3,9,1328
ปราจีนบุรี,3,1,649
ปราจีนบุรี,3,19,630
ปราจีนบุรี,3,2,454
ปราจีนบุรี,3,7,427
ปราจีนบุรี,3,4,330
ปราจีนบุรี,3,14,322
ปราจีนบุรี,3,11,309
ปราจีนบุรี,3,23,208
ปราจีนบุรี,3,18,181
ปราจีนบุรี,3,17,143
ปราจีนบุรี,3,21,140
ปราจีนบุรี,3,13,136
ปราจีนบุรี,3,20,83
ปราจีนบุรี,3,16,62
ปราจีนบุรี,3,22,53
ปราจีนบุรี,3,15,0
ปัตตานี,1,5,19883
ปัตตานี,1,1,15233
ปัตตานี,1,7,13614
ปัตตานี,1,3,13487
ปัตตานี,1,17,11951
ปัตตานี,1,6,11095
ปัตตานี,1,9,5673
ปัตตานี,1,11,1421
ปัตตานี,1,14,857
ปัตตานี,1,27,826
ปัตตานี,1,8,333
ปัตตานี,1,4,292
ปัตตานี,1,2,255
ปัตตานี,1,25,178
ปัตตานี,1,23,136
ปัตตานี,1,28,132
ปัตตานี,1,26,128
ปัตตานี,1,21,110
ปัตตานี,1,33,83
ปัตตานี,1,16,77
ปัตตานี,1,22,73
ปัตตานี,1,30,73
ปัตตานี,1,31,61
ปัตตานี,1,19,59
ปัตตานี,1,29,58
ปัตตานี,1,10,55
ปัตตานี,1,13,52
ปัตตานี,1,32,46
ปัตตานี,1,12,43
ปัตตานี,1,34,29
ปัตตานี,1,35,26
ปัตตานี,1,24,24
ปัตตานี,1,18,20
ปัตตานี,1,20,17
ปัตตานี,1,15,0
ปัตตานี,1,36,0
ปัตตานี,2,1,17652
ปัตตานี,2,7,17218
ปัตตานี,2,19,14918
ปัตตานี,2,10,12885
ปัตตานี,2,4,6936
ปัตตานี,2,6,5667
ปัตตานี,2,8,3923
ปัตตานี,2,5,1137
ปัตตานี,2,14,857
ปัตตานี,2,20,499
ปัตตานี,2,26,344
ปัตตานี,2,21,305
ปัตตานี,2,2,272
ปัตตานี,2,3,267
ปัตตานี,2,27,214
ปัตตานี,2,24,210
ปัตตานี,2,29,197
ปัตตานี,2,12,188
ปัตตานี,2,11,187
ปัตตานี,2,33,183
ปัตตานี,2,18,177
ปัตตานี,2,30,150
ปัตตานี,2,15,116
ปัตตานี,2,22,94
ปัตตานี,2,13,84
ปัตตานี,2,17,81
ปัตตานี,2,16,76
ปัตตานี,2,28,75
ปัตตานี,2,34,66
ปัตตานี,2,25,56
ปัตตานี,2,31,50
ปัตตานี,2,32,30
ปัตตานี,2,23,24
ปัตตานี,2,9,0
ปัตตานี,3,3,36799
ปัตตานี,3,14,18109
ปัตตานี,3,10,11740
ปัตตานี,3,6,9980
ปัตตานี,3,13,6742
ปัตตานี,3,15,2322
ปัตตานี,3,5,810
ปัตตานี,3,1,632
ปัตตานี,3,18,483
ปัตตานี,3,23,459
ปัตตานี,3,11,282
ปัตตานี,3,8,269
ปัตตานี,3,30,232
ปัตตานี,3,4,211
ปัตตานี,3,26,177
ปัตตานี,3,34,168
ปัตตานี,3,29,160
ปัตตานี,3,9,150
ปัตตานี,3,16,140
ปัตตานี,3,7,97
ปัตตานี,3,33,83
ปัตตานี,3,12,69
ปัตตานี,3,28,63
ปัตตานี,3,17,62
ปัตตานี,3,27,60
ปัตตานี,3,21,52
ปัตตานี,3,22,50
ปัตตานี,3,24,49
ปัตตานี,3,25,47
ปัตตานี,3,36,45
ปัตตานี,3,35,42
ปัตตานี,3,31,39
ปัตตานี,3,19,35
ปัตตานี,3,32,26
ปัตตานี,3,20,23
ปัตตานี,3,2,0
ปัตตานี,4,6,29323
ปัตตานี,4,4,15718
ปัตตานี,4,5,12623
ปัตตานี,4,9,8636
ปัตตานี,4,8,7685
ปัตตานี,4,10,6741
ปัตตานี,4,3,485
ปัตตานี,4,19,392
ปัตตานี,4,24,328
ปัตตานี,4,1,326
ปัตตานี,4,7,309
ปัตตานี,4,26,228
ปัตตานี,4,25,222
ปัตตานี,4,17,207
ปัตตานี,4,29,162
ปัตตานี,4,12,147
ปัตตานี,4,28,135
ปัตตานี,4,2,132
ปัตตานี,4,11,117
ปัตตานี,4,22,110
ปัตตานี,4,27,95
ปัตตานี,4,14,91
ปัตตานี,4,30,85
ปัตตานี,4,15,75
ปัตตานี,4,13,60
ปัตตานี,4,16,58
ปัตตานี,4,21,49
ปัตตานี,4,34,39
ปัตตานี,4,20,34
ปัตตานี,4,23,34
ปัตตานี,4,32,26
ปัตตานี,4,33,25
ปัตตานี,4,31,12
ปัตตานี,4,18,0
พิจิตร,1,1,24781
พิจิตร,1,16,20375
พิจิตร,1,4,18947
พิจิตร,1,3,11983
พิจิตร,1,10,11580
พิจิตร,1,17,939
พิจิตร,1,21,876
พิจิตร,1,8,788
พิจิตร,1,15,611
พิจิตร,1,23,499
พิจิตร,1,25,346
พิจิตร,1,6,336
พิจิตร,1,24,314
พิจิตร,1,9,306
พิจิตร,1,11,280
พิจิตร,1,5,270
พิจิตร,1,26,220
พิจิตร,1,28,196
พิจิตร,1,13,190
พิจิตร,1,2,189
พิจิตร,1,14,181
พิจิตร,1,7,159
พิจิตร,1,20,61
พิจิตร,1,19,56
พิจิตร,1,27,51
พิจิตร,1,22,37
พิจิตร,1,12,0
พิจิตร,1,18,0
พิจิตร,2,6,21466
พิจิตร,2,14,18845
พิจิตร,2,4,16821
พิจิตร,2,13,10464
พิจิตร,2,15,5651
พิจิตร,2,3,4469
พิจิตร,2,8,1545
พิจิตร,2,20,952
พิจิตร,2,11,932
พิจิตร,2,24,678
พิจิตร,2,29,575
พิจิตร,2,26,494
พิจิตร,2,5,451
พิจิตร,2,1,399
พิจิตร,2,12,337
พิจิตร,2,16,327
พิจิตร,2,17,324
พิจิตร,2,10,232
พิจิตร,2,2,223
พิจิตร,2,22,200
พิจิตร,2,31,196
พิจิตร,2,23,170
พิจิตร,2,19,162
พิจิตร,2,21,154
พิจิตร,2,9,153
พิจิตร,2,28,146
พิจิตร,2,25,139
พิจิตร,2,27,80
พิจิตร,2,30,29
พิจิตร,2,7,0
พิจิตร,2,18,0
พิจิตร,3,5,30325
พิจิตร,3,2,29535
พิจิตร,3,10,16768
พิจิตร,3,4,6241
พิจิตร,3,3,3222
พิจิตร,3,1,1875
พิจิตร,3,12,744
พิจิตร,3,16,699
พิจิตร,3,22,627
พิจิตร,3,25,602
พิจิตร,3,14,438
พิจิตร,3,7,296
พิจิตร,3,9,248
พิจิตร,3,24,243
พิจิตร,3,6,238
พิจิตร,3,27,193
พิจิตร,3,11,158
พิจิตร,3,18,144
พิจิตร,3,15,137
พิจิตร,3,23,125
พิจิตร,3,17,120
พิจิตร,3,21,116
พิจิตร,3,13,100
พิจิตร,3,26,100
พิจิตร,3,29,69
พิจิตร,3,28,41
พิจิตร,3,20,39
พิจิตร,3,8,0
พิจิตร,3,19,0
พระนครศรีอยุธยา,1,3,33632
พระนครศรีอยุธยา,1,1,25164
พระนครศรีอยุธยา,1,10,22016
พระนครศรีอยุธยา,1,9,6261
พระนครศรีอยุธยา,1,2,6198
พระนครศรีอยุธยา,1,7,3490
พระนครศรีอยุธยา,1,15,506
พระนครศรีอยุธยา,1,23,422
พระนครศรีอยุธยา,1,21,330
พระนครศรีอยุธยา,1,22,302
พระนครศรีอยุธยา,1,4,269
พระนครศรีอยุธยา,1,17,269
พระนครศรีอยุธยา,1,13,255
พระนครศรีอยุธยา,1,5,246
พระนครศรีอยุธยา,1,14,207
พระนครศรีอยุธยา,1,18,177
พระนครศรีอยุธยา,1,24,102
พระนครศรีอยุธยา,1,20,98
พระนครศรีอยุธยา,1,27,97
พระนครศรีอยุธยา,1,25,88
พระนครศรีอยุธยา,1,26,78
พระนครศรีอยุธยา,1,11,72
พระนครศรีอยุธยา,1,12,53
พระนครศรีอยุธยา,1,19,40
พระนครศรีอยุธยา,1,16,37
พระนครศรีอยุธยา,1,6,0
พระนครศรีอยุธยา,1,8,0
พระนครศรีอยุธยา,2,9,34309
พระนครศรีอยุธยา,2,2,27423
พระนครศรีอยุธยา,2,7,24831
พระนครศรีอยุธยา,2,1,17995
พระนครศรีอยุธยา,2,10,3342
พระนครศรีอยุธยา,2,5,1703
พระนครศรีอยุธยา,2,22,1568
พระนครศรีอยุธยา,2,6,640
พระนครศรีอยุธยา,2,8,590
พระนครศรีอยุธยา,2,13,445
พระนครศรีอยุธยา,2,3,346
พระนครศรีอยุธยา,2,27,333
พระนครศรีอยุธยา,2,4,243
พระนครศรีอยุธยา,2,25,226
พระนครศรีอยุธยา,2,20,224
พระนครศรีอยุธยา,2,15,221
พระนครศรีอยุธยา,2,12,192
พระนครศรีอยุธยา,2,18,192
พระนครศรีอยุธยา,2,21,186
พระนครศรีอยุธยา,2,11,171
พระนครศรีอยุธยา,2,24,158
พระนครศรีอยุธยา,2,19,105
พระนครศรีอยุธยา,2,23,99
พระนครศรีอยุธยา,2,17,69
พระนครศรีอยุธยา,2,16,66
พระนครศรีอยุธยา,2,26,51
พระนครศรีอยุธยา,2,14,49
พระนครศรีอยุธยา,3,8,61916
พระนครศรีอยุธยา,3,7,37635
พระนครศรีอยุธยา,3,12,20442
พระนครศรีอยุธยา,3,3,11610
พระนครศรีอยุธยา,3,11,3907
พระนครศรีอยุธยา,3,4,2116
พระนครศรีอยุธยา,3,6,431
พระนครศรีอยุธยา,3,1,410
พระนครศรีอยุธยา,3,18,375
พระนครศรีอยุธยา,3,9,334
พระนครศรีอยุธยา,3,10,259
พระนครศรีอยุธยา,3,2,217
พระนครศรีอยุธยา,3,5,155
พระนครศรีอยุธยา,3,23,155
พระนครศรีอยุธยา,3,15,133
พระนครศรีอยุธยา,3,13,130
พระนครศรีอยุธยา,3,20,122
พระนครศรีอยุธยา,3,21,112
พระนครศรีอยุธยา,3,17,94
พระนครศรีอยุธยา,3,19,85
พระนครศรีอยุธยา,3,26,80
พระนครศรีอยุธยา,3,25,70
พระนครศรีอยุธยา,3,22,57
พระนครศรีอยุธยา,3,14,52
พระนครศรีอยุธยา,3,16,50
พระนครศรีอยุธยา,3,24,38
พระนครศรีอยุธยา,4,11,50646
พระนครศรีอยุธยา,4,7,34105
พระนครศรีอยุธยา,4,1,16938
พระนครศรีอยุธยา,4,12,4002
พระนครศรีอยุธยา,4,9,2056
พระนครศรีอยุธยา,4,8,1975
พระนครศรีอยุธยา,4,28,1150
พระนครศรีอยุธยา,4,10,720
พระนครศรีอยุธยา,4,3,671
พระนครศรีอยุธยา,4,4,616
พระนครศรีอยุธยา,4,13,544
พระนครศรีอยุธยา,4,27,430
พระนครศรีอยุธยา,4,5,319
พระนครศรีอยุธยา,4,6,244
พระนครศรีอยุธยา,4,20,191
พระนครศรีอยุธยา,4,17,183
พระนครศรีอยุธยา,4,19,179
พระนครศรีอยุธยา,4,2,172
พระนครศรีอยุธยา,4,21,171
พระนครศรีอยุธยา,4,14,154
พระนครศรีอยุธยา,4,18,151
พระนครศรีอยุธยา,4,15,146
พระนครศรีอยุธยา,4,22,141
พระนครศรีอยุธยา,4,24,127
พระนครศรีอยุธยา,4,16,120
พระนครศรีอยุธยา,4,26,83
พระนครศรีอยุธยา,4,25,57
พระนครศรีอยุธยา,4,23,0
พิษณุโลก,1,2,35579
พิษณุโลก,1,17,23682
พิษณุโลก,1,5,18613
พิษณุโลก,1,3,5114
พิษณุโลก,1,20,2762
พิษณุโลก,1,13,2184
พิษณุโลก,1,16,1608
พิษณุโลก,1,15,750
พิษณุโลก,1,9,707
พิษณุโลก,1,25,612
พิษณุโลก,1,19,366
พิษณุโลก,1,22,353
พิษณุโลก,1,11,331
พิษณุโลก,1,24,307
พิษณุโลก,1,1,302
พิษณุโลก,1,12,299
พิษณุโลก,1,8,235
พิษณุโลก,1,7,223
พิษณุโลก,1,6,213
พิษณุโลก,1,18,191
พิษณุโลก,1,4,181
พิษณุโลก,1,21,145
พิษณุโลก,1,31,144
พิษณุโลก,1,27,139
พิษณุโลก,1,10,121
พิษณุโลก,1,23,115
พิษณุโลก,1,26,91
พิษณุโลก,1,28,44
พิษณุโลก,1,30,41
พิษณุโลก,1,29,34
พิษณุโลก,1,14,0
พิษณุโลก,2,14,32965
พิษณุโลก,2,5,27603
พิษณุโลก,2,3,14725
พิษณุโลก,2,2,14680
พิษณุโลก,2,4,1912
พิษณุโลก,2,22,1448
พิษณุโลก,2,15,1112
พิษณุโลก,2,9,966
พิษณุโลก,2,12,429
พิษณุโลก,2,11,390
พิษณุโลก,2,7,340
พิษณุโลก,2,34,339
พิษณุโลก,2,1,331
พิษณุโลก,2,16,251
พิษณุโลก,2,6,240
พิษณุโลก,2,24,240
พิษณุโลก,2,13,237
พิษณุโลก,2,19,215
พิษณุโลก,2,18,206
พิษณุโลก,2,17,159
พิษณุโลก,2,21,136
พิษณุโลก,2,28,121
พิษณุโลก,2,8,102
พิษณุโลก,2,26,98
พิษณุโลก,2,20,88
พิษณุโลก,2,10,87
พิษณุโลก,2,23,81
พิษณุโลก,2,29,51
พิษณุโลก,2,33,50
พิษณุโลก,2,27,47
พิษณุโลก,2,31,37
พิษณุโลก,2,32,33
พิษณุโลก,2,30,23
พิษณุโลก,2,25,0
พิษณุโลก,3,8,25207
พิษณุโลก,3,4,25003
พิษณุโลก,3,6,18820
พิษณุโลก,3,10,5680
พิษณุโลก,3,13,3554
พิษณุโลก,3,9,1284
พิษณุโลก,3,25,707
พิษณุโลก,3,1,585
พิษณุโลก,3,28,579
พิษณุโลก,3,12,575
พิษณุโลก,3,3,526
พิษณุโลก,3,18,505
พิษณุโลก,3,24,500
พิษณุโลก,3,5,424
พิษณุโลก,3,20,424
พิษณุโลก,3,21,309
พิษณุโลก,3,2,288
พิษณุโลก,3,19,254
พิษณุโลก,3,14,230
พิษณุโลก,3,16,187
พิษณุโลก,3,11,156
พิษณุโลก,3,17,146
พิษณุโลก,3,26,135
พิษณุโลก,3,15,133
พิษณุโลก,3,31,125
พิษณุโลก,3,23,114
พิษณุโลก,3,22,92
พิษณุโลก,3,29,74
พิษณุโลก,3,27,56
พิษณุโลก,3,7,0
พิษณุโลก,3,30,0
พิษณุโลก,4,9,40252
พิษณุโลก,4,13,18180
พิษณุโลก,4,10,17276
พิษณุโลก,4,6,10035
พิษณุโลก,4,5,1745
พิษณุโลก,4,8,1285
พิษณุโลก,4,17,993
พิษณุโลก,4,1,574
พิษณุโลก,4,21,573
พิษณุโลก,4,29,499
พิษณุโลก,4,4,438
พิษณุโลก,4,2,314
พิษณุโลก,4,26,305
พิษณุโลก,4,12,235
พิษณุโลก,4,25,201
พิษณุโลก,4,7,170
พิษณุโลก,4,11,159
พิษณุโลก,4,15,148
พิษณุโลก,4,20,127
พิษณุโลก,4,3,108
พิษณุโลก,4,16,103
พิษณุโลก,4,23,98
พิษณุโลก,4,28,85
พิษณุโลก,4,14,80
พิษณุโลก,4,24,61
พิษณุโลก,4,19,51
พิษณุโลก,4,18,41
พิษณุโลก,4,27,33
พิษณุโลก,4,22,0
พิษณุโลก,4,30,0
พิษณุโลก,5,16,28952
พิษณุโลก,5,8,25002
พิษณุโลก,5,11,16113
พิษณุโลก,5,6,10643
พิษณุโลก,5,36,860
พิษณุโลก,5,12,759
พิษณุโลก,5,28,748
พิษณุโลก,5,7,605
พิษณุโลก,5,15,583
พิษณุโลก,5,21,577
พิษณุโลก,5,9,486
พิษณุโลก,5,26,392
พิษณุโลก,5,10,367
พิษณุโลก,5,1,365
พิษณุโลก,5,31,324
พิษณุโลก,5,19,321
พิษณุโลก,5,18,310
พิษณุโลก,5,4,271
พิษณุโลก,5,20,235
พิษณุโลก,5,17,231
พิษณุโลก,5,5,230
พิษณุโลก,5,3,214
พิษณุโลก,5,2,166
พิษณุโลก,5,33,157
พิษณุโลก,5,14,146
พิษณุโลก,5,13,136
พิษณุโลก,5,27,136
พิษณุโลก,5,24,124
พิษณุโลก,5,30,117
พิษณุโลก,5,37,99
พิษณุโลก,5,29,82
พิษณุโลก,5,22,78
พิษณุโลก,5,35,74
พิษณุโลก,5,25,70
พิษณุโลก,5,34,47
พิษณุโลก,5,32,43
พิษณุโลก,5,23,42
พิษณุโลก,5,38,0
พะเยา,1,15,52417
พะเยา,1,7,21971
พะเยา,1,2,16326
พะเยา,1,9,2462
พะเยา,1,11,1220
พะเยา,1,24,798
พะเยา,1,14,414
พะเยา,1,3,304
พะเยา,1,23,260
พะเยา,1,6,253
พะเยา,1,10,242
พะเยา,1,8,221
พะเยา,1,1,208
พะเยา,1,5,199
พะเยา,1,20,181
พะเยา,1,19,167
พะเยา,1,16,157
พะเยา,1,25,156
พะเยา,1,4,154
พะเยา,1,22,142
พะเยา,1,27,135
พะเยา,1,13,134
พะเยา,1,21,117
พะเยา,1,12,115
พะเยา,1,17,112
พะเยา,1,18,28
พะเยา,1,26,28
พะเยา,2,4,37503
พะเยา,2,16,27017
พะเยา,2,12,19008
พะเยา,2,1,2026
พะเยา,2,10,2023
พะเยา,2,24,883
พะเยา,2,6,602
พะเยา,2,9,542
พะเยา,2,15,429
พะเยา,2,7,420
พะเยา,2,3,329
พะเยา,2,26,312
พะเยา,2,22,287
พะเยา,2,2,234
พะเยา,2,11,212
พะเยา,2,5,211
พะเยา,2,17,170
พะเยา,2,21,170
พะเยา,2,14,158
พะเยา,2,8,147
พะเยา,2,19,147
พะเยา,2,23,131
พะเยา,2,18,128
พะเยา,2,20,97
พะเยา,2,13,81
พะเยา,2,28,79
พะเยา,2,27,75
พะเยา,2,25,49
พะเยา,3,15,41755
พะเยา,3,11,30761
พะเยา,3,1,13259
พะเยา,3,12,3244
พะเยา,3,4,2426
พะเยา,3,8,969
พะเยา,3,25,596
พะเยา,3,5,497
พะเยา,3,13,469
พะเยา,3,10,445
พะเยา,3,9,374
พะเยา,3,6,310
พะเยา,3,21,292
พะเยา,3,24,230
พะเยา,3,3,219
พะเยา,3,16,215
พะเยา,3,2,188
พะเยา,3,7,178
พะเยา,3,19,166
พะเยา,3,22,150
พะเยา,3,30,124
พะเยา,3,18,115
พะเยา,3,23,101
พะเยา,3,26,87
พะเยา,3,29,86
พะเยา,3,27,83
พะเยา,3,28,79
พะเยา,3,17,69
พะเยา,3,20,60
พะเยา,3,14,0
พังงา,1,8,59816
พังงา,1,15,31793
พังงา,1,20,24296
พังงา,1,4,4332
พังงา,1,11,4094
พังงา,1,2,3299
พังงา,1,1,2123
พังงา,1,29,1874
พังงา,1,19,1701
พังงา,1,9,1433
พังงา,1,14,1257
พังงา,1,10,1107
พังงา,1,18,687
พังงา,1,12,614
พังงา,1,21,569
พังงา,1,16,557
พังงา,1,28,535
พังงา,1,17,533
พังงา,1,7,489
พังงา,1,23,435
พังงา,1,22,429
พังงา,1,6,427
พังงา,1,3,421
พังงา,1,27,402
พังงา,1,24,314
พังงา,1,26,287
พังงา,1,25,238
พังงา,1,32,228
พังงา,1,33,175
พังงา,1,30,170
พังงา,1,31,158
พังงา,1,5,0
พังงา,1,13,0
พัทลุง,1,14,40518
พัทลุง,1,11,30760
พัทลุง,1,26,12168
พัทลุง,1,3,9753
พัทลุง,1,2,1256
พัทลุง,1,4,916
พัทลุง,1,21,848
พัทลุง,1,12,812
พัทลุง,1,1,666
พัทลุง,1,9,475
พัทลุง,1,6,432
พัทลุง,1,5,370
พัทลุง,1,36,364
พัทลุง,1,24,357
พัทลุง,1,31,351
พัทลุง,1,25,341
พัทลุง,1,34,337
พัทลุง,1,29,305
พัทลุง,1,13,254
พัทลุง,1,7,185
พัทลุง,1,15,159
พัทลุง,1,27,136
พัทลุง,1,22,104
พัทลุง,1,32,104
พัทลุง,1,18,102
พัทลุง,1,8,96
พัทลุง,1,19,95
พัทลุง,1,17,86
พัทลุง,1,23,57
พัทลุง,1,33,46
พัทลุง,1,35,42
พัทลุง,1,30,41
พัทลุง,1,28,26
พัทลุง,1,10,0
พัทลุง,1,16,0
พัทลุง,1,20,0
พัทลุง,2,9,47584
พัทลุง,2,3,22428
พัทลุง,2,25,10309
พัทลุง,2,7,6539
พัทลุง,2,17,3297
พัทลุง,2,13,2606
พัทลุง,2,2,1978
พัทลุง,2,4,1688
พัทลุง,2,29,1060
พัทลุง,2,11,974
พัทลุง,2,12,804
พัทลุง,2,10,652
พัทลุง,2,1,597
พัทลุง,2,28,502
พัทลุง,2,30,452
พัทลุง,2,24,428
พัทลุง,2,5,406
พัทลุง,2,15,334
พัทลุง,2,23,287
พัทลุง,2,22,251
พัทลุง,2,26,239
พัทลุง,2,6,173
พัทลุง,2,20,160
พัทลุง,2,16,126
พัทลุง,2,14,125
พัทลุง,2,35,92
พัทลุง,2,27,91
พัทลุง,2,31,84
พัทลุง,2,21,76
พัทลุง,2,19,63
พัทลุง,2,18,55
พัทลุง,2,32,52
พัทลุง,2,33,46
พัทลุง,2,34,39
พัทลุง,2,8,0
พัทลุง,3,3,34406
พัทลุง,3,14,31555
พัทลุง,3,27,14144
พัทลุง,3,13,8766
พัทลุง,3,16,5127
พัทลุง,3,8,4282
พัทลุง,3,12,2582
พัทลุง,3,11,1997
พัทลุง,3,10,1308
พัทลุง,3,22,955
พัทลุง,3,31,934
พัทลุง,3,7,841
พัทลุง,3,19,780
พัทลุง,3,32,503
พัทลุง,3,2,481
พัทลุง,3,23,469
พัทลุง,3,6,406
พัทลุง,3,5,381
พัทลุง,3,17,348
พัทลุง,3,30,344
พัทลุง,3,9,294
พัทลุง,3,24,261
พัทลุง,3,20,222
พัทลุง,3,1,214
พัทลุง,3,15,198
พัทลุง,3,21,142
พัทลุง,3,26,141
พัทลุง,3,36,138
พัทลุง,3,28,134
พัทลุง,3,18,127
พัทลุง,3,29,101
พัทลุง,3,35,92
พัทลุง,3,25,77
พัทลุง,3,4,0
พัทลุง,3,33,0
พัทลุง,3,34,0
เพชรบุรี,1,9,35106
เพชรบุรี,1,10,16555
เพชรบุรี,1,6,16474
เพชรบุรี,1,1,14874
เพชรบุรี,1,11,2345
เพชรบุรี,1,25,1530
เพชรบุรี,1,13,1084
เพชรบุรี,1,2,1082
เพชรบุรี,1,3,856
เพชรบุรี,1,8,645
เพชรบุรี,1,18,411
เพชรบุรี,1,12,205
เพชรบุรี,1,17,187
เพชรบุรี,1,20,150
เพชรบุรี,1,19,149
เพชรบุรี,1,21,129
เพชรบุรี,1,4,115
เพชรบุรี,1,24,115
เพชรบุรี,1,15,72
เพชรบุรี,1,16,46
เพชรบุรี,1,22,44
เพชรบุรี,1,5,0
เพชรบุรี,1,7,0
เพชรบุรี,1,14,0
เพชรบุรี,1,23,0
เพชรบุรี,2,5,34637
เพชรบุรี,2,1,25657
เพชรบุรี,2,10,14670
เพชรบุรี,2,11,12141
เพชรบุรี,2,13,2638
เพชรบุรี,2,21,1797
เพชรบุรี,2,20,717
เพชรบุรี,2,14,698
เพชรบุรี,2,25,650
เพชรบุรี,2,8,649
เพชรบุรี,2,6,613
เพชรบุรี,2,12,453
เพชรบุรี,2,15,357
เพชรบุรี,2,4,356
เพชรบุรี,2,9,288
เพชรบุรี,2,18,243
เพชรบุรี,2,22,183
เพชรบุรี,2,7,165
เพชรบุรี,2,27,156
เพชรบุรี,2,3,127
เพชรบุรี,2,24,106
เพชรบุรี,2,26,68
เพชรบุรี,2,23,55
เพชรบุรี,2,17,39
เพชรบุรี,2,2,0
เพชรบุรี,2,16,0
เพชรบุรี,2,19,0
เพชรบุรี,3,7,46901
เพชรบุรี,3,5,21978
เพชรบุรี,3,10,13311
เพชรบุรี,3,13,2754
เพชรบุรี,3,3,2265
เพชรบุรี,3,4,1469
เพชรบุรี,3,9,1285
เพชรบุรี,3,28,1177
เพชรบุรี,3,6,864
เพชรบุรี,3,1,649
เพชรบุรี,3,27,532
เพชรบุรี,3,19,427
เพชรบุรี,3,8,347
เพชรบุรี,3,25,325
เพชรบุรี,3,18,319
เพชรบุรี,3,23,309
เพชรบุรี,3,15,293
เพชรบุรี,3,21,207
เพชรบุรี,3,17,185
เพชรบุรี,3,14,182
เพชรบุรี,3,11,154
เพชรบุรี,3,12,142
เพชรบุรี,3,22,98
เพชรบุรี,3,24,88
เพชรบุรี,3,16,82
เพชรบุรี,3,26,69
เพชรบุรี,3,2,0
เพชรบุรี,3,20,0
เพชรบูรณ์,1,12,37011
เพชรบูรณ์,1,3,15119
เพชรบูรณ์,1,4,14716
เพชรบูรณ์,1,10,14432
เพชรบูรณ์,1,8,14178
เพชรบูรณ์,1,5,1587
เพชรบูรณ์,1,20,1065
เพชรบูรณ์,1,13,679
เพชรบูรณ์,1,2,646
เพชรบูรณ์,1,1,644
เพชรบูรณ์,1,11,623
เพชรบูรณ์,1,6,595
เพชรบูรณ์,1,21,475
เพชรบูรณ์,1,14,443
เพชรบูรณ์,1,17,397
เพชรบูรณ์,1,23,339
เพชรบูรณ์,1,9,306
เพชรบูรณ์,1,7,300
เพชรบูรณ์,1,24,259
เพชรบูรณ์,1,22,229
เพชรบูรณ์,1,25,186
เพชรบูรณ์,1,30,148
เพชรบูรณ์,1,18,111
เพชรบูรณ์,1,15,93
เพชรบูรณ์,1,31,82
เพชรบูรณ์,1,28,77
เพชรบูรณ์,1,16,65
เพชรบูรณ์,1,26,44
เพชรบูรณ์,1,29,36
เพชรบูรณ์,1,27,26
เพชรบูรณ์,1,19,0
เพชรบูรณ์,2,1,49741
เพชรบูรณ์,2,4,27918
เพชรบูรณ์,2,5,12336
เพชรบูรณ์,2,2,6439
เพชรบูรณ์,2,11,2250
เพชรบูรณ์,2,10,2024
เพชรบูรณ์,2,21,675
เพชรบูรณ์,2,18,496
เพชรบูรณ์,2,24,372
เพชรบูรณ์,2,3,303
เพชรบูรณ์,2,12,300
เพชรบูรณ์,2,15,297
เพชรบูรณ์,2,7,253
เพชรบูรณ์,2,17,245
เพชรบูรณ์,2,9,196
เพชรบูรณ์,2,16,189
เพชรบูรณ์,2,6,162
เพชรบูรณ์,2,20,151
เพชรบูรณ์,2,22,140
เพชรบูรณ์,2,13,116
เพชรบูรณ์,2,25,106
เพชรบูรณ์,2,27,99
เพชรบูรณ์,2,23,95
เพชรบูรณ์,2,19,63
เพชรบูรณ์,2,14,58
เพชรบูรณ์,2,26,43
เพชรบูรณ์,2,8,0
เพชรบูรณ์,3,12,43242
เพชรบูรณ์,3,9,26655
เพชรบูรณ์,3,11,10723
เพชรบูรณ์,3,2,5797
เพชรบูรณ์,3,8,2597
เพชรบูรณ์,3,10,1725
เพชรบูรณ์,3,1,1329
เพชรบูรณ์,3,20,844
เพชรบูรณ์,3,21,670
เพชรบูรณ์,3,13,412
เพชรบูรณ์,3,7,402
เพชรบูรณ์,3,22,386
เพชรบูรณ์,3,4,333
เพชรบูรณ์,3,3,308
เพชรบูรณ์,3,17,304
เพชรบูรณ์,3,29,304
เพชรบูรณ์,3,6,287
เพชรบูรณ์,3,14,219
เพชรบูรณ์,3,23,189
เพชรบูรณ์,3,25,170
เพชรบูรณ์,3,5,144
เพชรบูรณ์,3,28,139
เพชรบูรณ์,3,15,116
เพชรบูรณ์,3,31,92
เพชรบูรณ์,3,24,85
เพชรบูรณ์,3,19,82
เพชรบูรณ์,3,18,75
เพชรบูรณ์,3,30,72
เพชรบูรณ์,3,16,58
เพชรบูรณ์,3,26,50
เพชรบูรณ์,3,27,46
เพชรบูรณ์,4,13,35225
เพชรบูรณ์,4,9,27842
เพชรบูรณ์,4,10,11906
เพชรบูรณ์,4,8,10246
เพชรบูรณ์,4,4,3875
เพชรบูรณ์,4,11,1643
เพชรบูรณ์,4,12,1187
เพชรบูรณ์,4,23,622
เพชรบูรณ์,4,3,523
เพชรบูรณ์,4,14,522
เพชรบูรณ์,4,15,481
เพชรบูรณ์,4,29,399
เพชรบูรณ์,4,7,361
เพชรบูรณ์,4,31,322
เพชรบูรณ์,4,21,269
เพชรบูรณ์,4,28,231
เพชรบูรณ์,4,5,206
เพชรบูรณ์,4,2,153
เพชรบูรณ์,4,19,150
เพชรบูรณ์,4,32,137
เพชรบูรณ์,4,17,131
เพชรบูรณ์,4,22,129
เพชรบูรณ์,4,24,122
เพชรบูรณ์,4,30,116
เพชรบูรณ์,4,25,104
เพชรบูรณ์,4,27,92
เพชรบูรณ์,4,16,62
เพชรบูรณ์,4,26,60
เพชรบูรณ์,4,18,43
เพชรบูรณ์,4,1,0
เพชรบูรณ์,4,6,0
เพชรบูรณ์,4,20,0
เพชรบูรณ์,5,1,36034
เพชรบูรณ์,5,2,30371
เพชรบูรณ์,5,8,5858
เพชรบูรณ์,5,9,5162
เพชรบูรณ์,5,5,4134
เพชรบูรณ์,5,4,3718
เพชรบูรณ์,5,7,1877
เพชรบูรณ์,5,19,1119
เพชรบูรณ์,5,22,828
เพชรบูรณ์,5,21,798
เพชรบูรณ์,5,3,706
เพชรบูรณ์,5,12,667
เพชรบูรณ์,5,13,601
เพชรบูรณ์,5,18,497
เพชรบูรณ์,5,28,487
เพชรบูรณ์,5,16,251
เพชรบูรณ์,5,6,247
เพชรบูรณ์,5,24,194
เพชรบูรณ์,5,14,189
เพชรบูรณ์,5,27,149
เพชรบูรณ์,5,10,146
เพชรบูรณ์,5,20,99
เพชรบูรณ์,5,15,97
เพชรบูรณ์,5,25,87
เพชรบูรณ์,5,23,77
เพชรบูรณ์,5,17,55
เพชรบูรณ์,5,26,37
เพชรบูรณ์,5,11,0
แพร่,1,7,72016
แพร่,1,9,38035
แพร่,1,1,15399
แพร่,1,3,5379
แพร่,1,2,3511
แพร่,1,4,3044
แพร่,1,8,983
แพร่,1,11,620
แพร่,1,24,553
แพร่,1,21,529
แพร่,1,27,506
แพร่,1,5,502
แพร่,1,6,367
แพร่,1,25,363
แพร่,1,13,269
แพร่,1,16,267
แพร่,1,23,190
แพร่,1,15,180
แพร่,1,19,151
แพร่,1,12,148
แพร่,1,20,139
แพร่,1,18,137
แพร่,1,22,116
แพร่,1,17,97
แพร่,1,14,78
แพร่,1,26,44
แพร่,1,10,0
แพร่,2,7,55695
แพร่,2,1,28223
แพร่,2,9,14312
แพร่,2,3,5329
แพร่,2,4,3821
แพร่,2,13,2454
แพร่,2,2,1666
แพร่,2,12,1481
แพร่,2,21,1251
แพร่,2,24,737
แพร่,2,6,535
แพร่,2,26,501
แพร่,2,8,480
แพร่,2,5,321
แพร่,2,23,185
แพร่,2,22,140
แพร่,2,17,134
แพร่,2,25,106
แพร่,2,16,105
แพร่,2,18,104
แพร่,2,19,100
แพร่,2,14,77
แพร่,2,15,49
แพร่,2,10,0
แพร่,2,11,0
แพร่,2,20,0
ภูเก็ต,1,17,32338
ภูเก็ต,1,13,25194
ภูเก็ต,1,8,22599
ภูเก็ต,1,25,3829
ภูเก็ต,1,3,3749
ภูเก็ต,1,2,1230
ภูเก็ต,1,7,1207
ภูเก็ต,1,14,1041
ภูเก็ต,1,4,799
ภูเก็ต,1,6,760
ภูเก็ต,1,12,746
ภูเก็ต,1,16,358
ภูเก็ต,1,11,341
ภูเก็ต,1,1,280
ภูเก็ต,1,26,255
ภูเก็ต,1,21,246
ภูเก็ต,1,5,222
ภูเก็ต,1,18,198
ภูเก็ต,1,10,160
ภูเก็ต,1,28,133
ภูเก็ต,1,15,106
ภูเก็ต,1,20,106
ภูเก็ต,1,23,100
ภูเก็ต,1,24,82
ภูเก็ต,1,22,58
ภูเก็ต,1,19,49
ภูเก็ต,1,9,0
ภูเก็ต,1,27,0
ภูเก็ต,2,2,27267
ภูเก็ต,2,11,23958
ภูเก็ต,2,6,19963
ภูเก็ต,2,7,7449
ภูเก็ต,2,13,4068
ภูเก็ต,2,24,3138
ภูเก็ต,2,28,3031
ภูเก็ต,2,5,2489
ภูเก็ต,2,16,2111
ภูเก็ต,2,4,1516
ภูเก็ต,2,15,876
ภูเก็ต,2,9,682
ภูเก็ต,2,3,523
ภูเก็ต,2,19,426
ภูเก็ต,2,17,374
ภูเก็ต,2,10,317
ภูเก็ต,2,30,284
ภูเก็ต,2,22,278
ภูเก็ต,2,8,276
ภูเก็ต,2,21,238
ภูเก็ต,2,29,176
ภูเก็ต,2,12,159
ภูเก็ต,2,14,148
ภูเก็ต,2,31,140
ภูเก็ต,2,20,131
ภูเก็ต,2,23,129
ภูเก็ต,2,18,127
ภูเก็ต,2,26,81
ภูเก็ต,2,27,80
ภูเก็ต,2,25,58
ภูเก็ต,2,1,0
มุกดาหาร,1,15,37937
มุกดาหาร,1,2,22884
มุกดาหาร,1,9,18663
มุกดาหาร,1,3,6160
มุกดาหาร,1,16,1165
มุกดาหาร,1,1,921
มุกดาหาร,1,18,826
มุกดาหาร,1,13,813
มุกดาหาร,1,17,708
มุกดาหาร,1,4,605
มุกดาหาร,1,22,426
มุกดาหาร,1,26,412
มุกดาหาร,1,10,334
มุกดาหาร,1,30,325
มุกดาหาร,1,14,309
มุกดาหาร,1,35,306
มุกดาหาร,1,23,268
มุกดาหาร,1,5,228
มุกดาหาร,1,8,220
มุกดาหาร,1,6,196
มุกดาหาร,1,25,184
มุกดาหาร,1,21,183
มุกดาหาร,1,11,155
มุกดาหาร,1,12,152
มุกดาหาร,1,28,141
มุกดาหาร,1,32,118
มุกดาหาร,1,29,105
มุกดาหาร,1,19,99
มุกดาหาร,1,24,84
มุกดาหาร,1,27,63
มุกดาหาร,1,20,56
มุกดาหาร,1,34,51
มุกดาหาร,1,33,41
มุกดาหาร,1,7,0
มุกดาหาร,1,31,0
มุกดาหาร,2,14,34040
มุกดาหาร,2,1,18327
มุกดาหาร,2,2,13620
มุกดาหาร,2,13,7954
มุกดาหาร,2,3,3675
มุกดาหาร,2,17,3495
มุกดาหาร,2,7,3133
มุกดาหาร,2,10,1134
มุกดาหาร,2,6,1095
มุกดาหาร,2,21,1034
มุกดาหาร,2,28,546
มุกดาหาร,2,8,538
มุกดาหาร,2,34,526
มุกดาหาร,2,38,375
มุกดาหาร,2,12,333
มุกดาหาร,2,4,332
มุกดาหาร,2,15,253
มุกดาหาร,2,24,232
มุกดาหาร,2,9,230
มุกดาหาร,2,29,225
มุกดาหาร,2,16,221
มุกดาหาร,2,33,212
มุกดาหาร,2,20,207
มุกดาหาร,2,32,201
มุกดาหาร,2,23,155
มุกดาหาร,2,11,149
มุกดาหาร,2,5,148
มุกดาหาร,2,22,144
มุกดาหาร,2,27,128
มุกดาหาร,2,18,105
มุกดาหาร,2,37,84
มุกดาหาร,2,31,81
มุกดาหาร,2,26,77
มุกดาหาร,2,30,60
มุกดาหาร,2,35,51
มุกดาหาร,2,25,29
มุกดาหาร,2,36,22
มุกดาหาร,2,19,0
มหาสารคาม,1,16,45366
มหาสารคาม,1,1,23679
มหาสารคาม,1,3,22805
มหาสารคาม,1,6,9526
มหาสารคาม,1,12,3057
มหาสารคาม,1,8,2468
มหาสารคาม,1,4,1550
มหาสารคาม,1,26,1068
มหาสารคาม,1,11,461
มหาสารคาม,1,28,331
มหาสารคาม,1,2,288
มหาสารคาม,1,5,284
มหาสารคาม,1,13,258
มหาสารคาม,1,41,258
มหาสารคาม,1,7,235
มหาสารคาม,1,19,209
มหาสารคาม,1,17,186
มหาสารคาม,1,39,182
มหาสารคาม,1,9,181
มหาสารคาม,1,18,174
มหาสารคาม,1,20,140
มหาสารคาม,1,33,140
มหาสารคาม,1,23,121
มหาสารคาม,1,21,113
มหาสารคาม,1,14,88
มหาสารคาม,1,10,84
มหาสารคาม,1,37,69
มหาสารคาม,1,32,60
มหาสารคาม,1,34,57
มหาสารคาม,1,22,56
มหาสารคาม,1,27,55
มหาสารคาม,1,36,55
มหาสารคาม,1,40,42
มหาสารคาม,1,30,32
มหาสารคาม,1,35,31
มหาสารคาม,1,29,25
มหาสารคาม,1,24,21
มหาสารคาม,1,38,20
มหาสารคาม,1,25,12
มหาสารคาม,1,15,0
มหาสารคาม,1,31,0
มหาสารคาม,2,15,39758
มหาสารคาม,2,12,25324
มหาสารคาม,2,11,12869
มหาสารคาม,2,6,12642
มหาสารคาม,2,13,1133
มหาสารคาม,2,2,934
มหาสารคาม,2,7,871
มหาสารคาม,2,14,684
มหาสารคาม,2,32,669
มหาสารคาม,2,35,628
มหาสารคาม,2,8,516
มหาสารคาม,2,5,508
มหาสารคาม,2,31,430
มหาสารคาม,2,16,298
มหาสารคาม,2,21,284
มหาสารคาม,2,19,269
มหาสารคาม,2,9,253
มหาสารคาม,2,10,225
มหาสารคาม,2,17,164
มหาสารคาม,2,22,156
มหาสารคาม,2,3,153
มหาสารคาม,2,28,125
มหาสารคาม,2,27,114
มหาสารคาม,2,25,107
มหาสารคาม,2,20,106
มหาสารคาม,2,18,104
มหาสารคาม,2,26,102
มหาสารคาม,2,34,98
มหาสารคาม,2,4,67
มหาสารคาม,2,24,66
มหาสารคาม,2,38,59
มหาสารคาม,2,36,40
มหาสารคาม,2,30,37
มหาสารคาม,2,33,37
มหาสารคาม,2,37,35
มหาสารคาม,2,23,30
มหาสารคาม,2,1,0
มหาสารคาม,2,29,0
มหาสารคาม,2,39,0
มหาสารคาม,3,9,36310
มหาสารคาม,3,3,26738
มหาสารคาม,3,11,16586
มหาสารคาม,3,5,10617
มหาสารคาม,3,2,1603
มหาสารคาม,3,13,1518
มหาสารคาม,3,29,643
มหาสารคาม,3,23,609
มหาสารคาม,3,12,546
มหาสารคาม,3,7,533
มหาสารคาม,3,6,470
มหาสารคาม,3,31,363
มหาสารคาม,3,10,361
มหาสารคาม,3,4,280
มหาสารคาม,3,8,251
มหาสารคาม,3,1,249
มหาสารคาม,3,26,246
มหาสารคาม,3,24,187
มหาสารคาม,3,16,165
มหาสารคาม,3,22,135
มหาสารคาม,3,32,119
มหาสารคาม,3,21,113
มหาสารคาม,3,18,100
มหาสารคาม,3,28,58
มหาสารคาม,3,17,51
มหาสารคาม,3,30,50
มหาสารคาม,3,20,49
มหาสารคาม,3,27,40
มหาสารคาม,3,33,38
มหาสารคาม,3,14,35
มหาสารคาม,3,15,32
มหาสารคาม,3,34,31
มหาสารคาม,3,19,0
มหาสารคาม,3,25,0
มหาสารคาม,4,11,43368
มหาสารคาม,4,8,21195
มหาสารคาม,4,14,14909
มหาสารคาม,4,24,9744
มหาสารคาม,4,5,1913
มหาสารคาม,4,12,1542
มหาสารคาม,4,4,1309
มหาสารคาม,4,13,1277
มหาสารคาม,4,30,950
มหาสารคาม,4,31,715
มหาสารคาม,4,28,562
มหาสารคาม,4,9,346
มหาสารคาม,4,1,334
มหาสารคาม,4,23,328
มหาสารคาม,4,10,326
มหาสารคาม,4,15,283
มหาสารคาม,4,6,253
มหาสารคาม,4,37,235
มหาสารคาม,4,34,200
มหาสารคาม,4,2,166
มหาสารคาม,4,16,163
มหาสารคาม,4,22,158
มหาสารคาม,4,17,141
มหาสารคาม,4,36,99
มหาสารคาม,4,19,94
มหาสารคาม,4,25,87
มหาสารคาม,4,18,75
มหาสารคาม,4,21,67
มหาสารคาม,4,29,60
มหาสารคาม,4,39,57
มหาสารคาม,4,26,56
มหาสารคาม,4,27,55
มหาสารคาม,4,33,46
มหาสารคาม,4,38,44
มหาสารคาม,4,35,42
มหาสารคาม,4,32,32
มหาสารคาม,4,20,26
มหาสารคาม,4,3,0
มหาสารคาม,4,7,0
มหาสารคาม,5,3,51230
มหาสารคาม,5,11,23826
มหาสารคาม,5,1,18303
มหาสารคาม,5,10,8984
มหาสารคาม,5,6,1289
มหาสารคาม,5,2,1272
มหาสารคาม,5,8,988
มหาสารคาม,5,15,597
มหาสารคาม,5,23,571
มหาสารคาม,5,31,401
มหาสารคาม,5,4,393
มหาสารคาม,5,9,354
มหาสารคาม,5,33,295
มหาสารคาม,5,13,231
มหาสารคาม,5,12,217
มหาสารคาม,5,22,206
มหาสารคาม,5,19,199
มหาสารคาม,5,35,150
มหาสารคาม,5,14,148
มหาสารคาม,5,30,139
มหาสารคาม,5,28,122
มหาสารคาม,5,17,121
มหาสารคาม,5,16,114
มหาสารคาม,5,7,109
มหาสารคาม,5,24,98
มหาสารคาม,5,20,92
มหาสารคาม,5,21,91
มหาสารคาม,5,5,80
มหาสารคาม,5,34,65
มหาสารคาม,5,36,65
มหาสารคาม,5,26,43
มหาสารคาม,5,32,39
มหาสารคาม,5,18,31
มหาสารคาม,5,27,24
มหาสารคาม,5,25,19
มหาสารคาม,5,29,0
แม่ฮ่องสอน,1,12,29754
แม่ฮ่องสอน,1,15,23050
แม่ฮ่องสอน,1,20,17148
แม่ฮ่องสอน,1,4,16747
แม่ฮ่องสอน,1,9,14264
แม่ฮ่องสอน,1,14,13872
แม่ฮ่องสอน,1,7,3402
แม่ฮ่องสอน,1,13,1724
แม่ฮ่องสอน,1,1,1612
แม่ฮ่องสอน,1,11,1407
แม่ฮ่องสอน,1,21,1057
แม่ฮ่องสอน,1,5,943
แม่ฮ่องสอน,1,8,863
แม่ฮ่องสอน,1,10,825
แม่ฮ่องสอน,1,2,823
แม่ฮ่องสอน,1,24,805
แม่ฮ่องสอน,1,3,753
แม่ฮ่องสอน,1,6,644
แม่ฮ่องสอน,1,22,638
แม่ฮ่องสอน,1,16,549
แม่ฮ่องสอน,1,25,453
แม่ฮ่องสอน,1,29,368
แม่ฮ่องสอน,1,19,323
แม่ฮ่องสอน,1,17,274
แม่ฮ่องสอน,1,23,273
แม่ฮ่องสอน,1,30,256
แม่ฮ่องสอน,1,27,206
แม่ฮ่องสอน,1,26,200
แม่ฮ่องสอน,1,28,194
แม่ฮ่องสอน,1,18,190
ยโสธร,1,4,38473
ยโสธร,1,11,23004
ยโสธร,1,1,15656
ยโสธร,1,9,15113
ยโสธร,1,7,1307
ยโสธร,1,13,1070
ยโสธร,1,3,697
ยโสธร,1,2,584
ยโสธร,1,24,498
ยโสธร,1,19,480
ยโสธร,1,8,408
ยโสธร,1,31,352
ยโสธร,1,27,308
ยโสธร,1,29,299
ยโสธร,1,16,231
ยโสธร,1,17,217
ยโสธร,1,22,214
ยโสธร,1,26,192
ยโสธร,1,6,164
ยโสธร,1,21,138
ยโสธร,1,12,124
ยโสธร,1,20,122
ยโสธร,1,18,104
ยโสธร,1,14,101
ยโสธร,1,25,92
ยโสธร,1,23,85
ยโสธร,1,28,74
ยโสธร,1,33,55
ยโสธร,1,32,49
ยโสธร,1,15,45
ยโสธร,1,30,26
ยโสธร,1,5,0
ยโสธร,1,10,0
ยโสธร,2,9,50584
ยโสธร,2,1,14292
ยโสธร,2,6,12176
ยโสธร,2,15,7236
ยโสธร,2,8,1768
ยโสธร,2,2,1136
ยโสธร,2,29,690
ยโสธร,2,17,602
ยโสธร,2,5,457
ยโสธร,2,21,350
ยโสธร,2,3,342
ยโสธร,2,25,256
ยโสธร,2,26,212
ยโสธร,2,4,142
ยโสธร,2,14,138
ยโสธร,2,13,122
ยโสธร,2,11,108
ยโสธร,2,16,88
ยโสธร,2,12,84
ยโสธร,2,28,82
ยโสธร,2,19,68
ยโสธร,2,20,51
ยโสธร,2,27,50
ยโสธร,2,23,43
ยโสธร,2,24,43
ยโสธร,2,22,39
ยโสธร,2,30,37
ยโสธร,2,18,32
ยโสธร,2,7,0
ยโสธร,2,10,0
ยโสธร,3,9,40612
ยโสธร,3,5,24383
ยโสธร,3,14,13555
ยโสธร,3,3,8433
ยโสธร,3,8,1882
ยโสธร,3,13,1385
ยโสธร,3,4,891
ยโสธร,3,16,889
ยโสธร,3,6,790
ยโสธร,3,29,571
ยโสธร,3,25,490
ยโสธร,3,24,284
ยโสธร,3,1,233
ยโสธร,3,21,212
ยโสธร,3,34,199
ยโสธร,3,10,172
ยโสธร,3,15,130
ยโสธร,3,7,118
ยโสธร,3,28,110
ยโสธร,3,11,90
ยโสธร,3,2,88
ยโสธร,3,33,86
ยโสธร,3,27,81
ยโสธร,3,30,70
ยโสธร,3,17,66
ยโสธร,3,23,65
ยโสธร,3,22,52
ยโสธร,3,26,50
ยโสธร,3,20,45
ยโสธร,3,18,40
ยโสธร,3,19,40
ยโสธร,3,31,21
ยโสธร,3,32,21
ยโสธร,3,12,0
ยะลา,1,4,23745
ยะลา,1,2,22515
ยะลา,1,8,19705
ยะลา,1,5,13229
ยะลา,1,12,2996
ยะลา,1,14,1659
ยะลา,1,6,832
ยะลา,1,22,759
ยะลา,1,1,387
ยะลา,1,13,313
ยะลา,1,7,277
ยะลา,1,24,203
ยะลา,1,28,178
ยะลา,1,9,176
ยะลา,1,11,156
ยะลา,1,3,155
ยะลา,1,18,150
ยะลา,1,15,148
ยะลา,1,16,127
ยะลา,1,25,84
ยะลา,1,20,68
ยะลา,1,35,66
ยะลา,1,30,59
ยะลา,1,27,57
ยะลา,1,21,55
ยะลา,1,29,55
ยะลา,1,17,45
ยะลา,1,23,40
ยะลา,1,31,39
ยะลา,1,32,36
ยะลา,1,26,21
ยะลา,1,34,19
ยะลา,1,36,19
ยะลา,1,33,17
ยะลา,1,10,0
ยะลา,1,19,0
ยะลา,1,37,0
ยะลา,2,8,37368
ยะลา,2,4,26638
ยะลา,2,11,9279
ยะลา,2,5,7126
ยะลา,2,2,6340
ยะลา,2,1,1850
ยะลา,2,3,514
ยะลา,2,7,477
ยะลา,2,28,329
ยะลา,2,9,270
ยะลา,2,16,202
ยะลา,2,10,173
ยะลา,2,13,163
ยะลา,2,6,144
ยะลา,2,14,141
ยะลา,2,25,141
ยะลา,2,31,109
ยะลา,2,20,86
ยะลา,2,29,80
ยะลา,2,34,77
ยะลา,2,18,71
ยะลา,2,27,69
ยะลา,2,33,68
ยะลา,2,17,64
ยะลา,2,22,60
ยะลา,2,21,59
ยะลา,2,19,42
ยะลา,2,15,36
ยะลา,2,23,36
ยะลา,2,32,36
ยะลา,2,30,35
ยะลา,2,12,0
ยะลา,2,24,0
ยะลา,2,26,0
ยะลา,3,9,38666
ยะลา,3,12,16816
ยะลา,3,3,12541
ยะลา,3,17,9399
ยะลา,3,13,2396
ยะลา,3,4,1088
ยะลา,3,2,917
ยะลา,3,8,808
ยะลา,3,7,738
ยะลา,3,30,701
ยะลา,3,1,651
ยะลา,3,27,515
ยะลา,3,6,430
ยะลา,3,29,393
ยะลา,3,16,227
ยะลา,3,11,221
ยะลา,3,20,147
ยะลา,3,23,146
ยะลา,3,32,136
ยะลา,3,28,134
ยะลา,3,5,124
ยะลา,3,10,121
ยะลา,3,31,120
ยะลา,3,26,118
ยะลา,3,19,104
ยะลา,3,24,93
ยะลา,3,25,79
ยะลา,3,22,66
ยะลา,3,18,58
ยะลา,3,15,35
ยะลา,3,34,33
ยะลา,3,33,28
ยะลา,3,14,0
ยะลา,3,21,0
ร้อยเอ็ด,1,1,44899
ร้อยเอ็ด,1,14,24000
ร้อยเอ็ด,1,3,17993
ร้อยเอ็ด,1,23,14263
ร้อยเอ็ด,1,13,3244
ร้อยเอ็ด,1,17,1749
ร้อยเอ็ด,1,21,1016
ร้อยเอ็ด,1,7,814
ร้อยเอ็ด,1,4,483
ร้อยเอ็ด,1,19,261
ร้อยเอ็ด,1,2,259
ร้อยเอ็ด,1,6,223
ร้อยเอ็ด,1,34,222
ร้อยเอ็ด,1,8,218
ร้อยเอ็ด,1,18,151
ร้อยเอ็ด,1,10,146
ร้อยเอ็ด,1,16,143
ร้อยเอ็ด,1,9,139
ร้อยเอ็ด,1,24,128
ร้อยเอ็ด,1,33,127
ร้อยเอ็ด,1,39,110
ร้อยเอ็ด,1,22,108
ร้อยเอ็ด,1,20,103
ร้อยเอ็ด,1,36,98
ร้อยเอ็ด,1,5,97
ร้อยเอ็ด,1,32,84
ร้อยเอ็ด,1,29,44
ร้อยเอ็ด,1,28,38
ร้อยเอ็ด,1,38,36
ร้อยเอ็ด,1,35,32
ร้อยเอ็ด,1,37,25
ร้อยเอ็ด,1,27,24
ร้อยเอ็ด,1,31,11
ร้อยเอ็ด,1,11,0
ร้อยเอ็ด,1,12,0
ร้อยเอ็ด,1,15,0
ร้อยเอ็ด,1,25,0
ร้อยเอ็ด,1,26,0
ร้อยเอ็ด,1,30,0
ร้อยเอ็ด,2,16,47826
ร้อยเอ็ด,2,15,21701
ร้อยเอ็ด,2,1,12220
ร้อยเอ็ด,2,6,7079
ร้อยเอ็ด,2,7,1162
ร้อยเอ็ด,2,13,967
ร้อยเอ็ด,2,12,932
ร้อยเอ็ด,2,3,688
ร้อยเอ็ด,2,5,658
ร้อยเอ็ด,2,36,534
ร้อยเอ็ด,2,35,416
ร้อยเอ็ด,2,17,390
ร้อยเอ็ด,2,18,353
ร้อยเอ็ด,2,26,294
ร้อยเอ็ด,2,25,259
ร้อยเอ็ด,2,2,197
ร้อยเอ็ด,2,19,164
ร้อยเอ็ด,2,21,142
ร้อยเอ็ด,2,24,140
ร้อยเอ็ด,2,4,139
ร้อยเอ็ด,2,33,122
ร้อยเอ็ด,2,31,115
ร้อยเอ็ด,2,11,111
ร้อยเอ็ด,2,10,107
ร้อยเอ็ด,2,38,100
ร้อยเอ็ด,2,28,79
ร้อยเอ็ด,2,9,78
ร้อยเอ็ด,2,34,78
ร้อยเอ็ด,2,29,68
ร้อยเอ็ด,2,8,64
ร้อยเอ็ด,2,32,51
ร้อยเอ็ด,2,23,44
ร้อยเอ็ด,2,37,34
ร้อยเอ็ด,2,20,27
ร้อยเอ็ด,2,14,0
ร้อยเอ็ด,2,22,0
ร้อยเอ็ด,2,27,0
ร้อยเอ็ด,2,30,0
ร้อยเอ็ด,3,9,37385
ร้อยเอ็ด,3,12,32715
ร้อยเอ็ด,3,5,12881
ร้อยเอ็ด,3,16,2384
ร้อยเอ็ด,3,17,949
ร้อยเอ็ด,3,7,940
ร้อยเอ็ด,3,10,881
ร้อยเอ็ด,3,6,649
ร้อยเอ็ด,3,8,583
ร้อยเอ็ด,3,32,482
ร้อยเอ็ด,3,2,462
ร้อยเอ็ด,3,13,422
ร้อยเอ็ด,3,1,379
ร้อยเอ็ด,3,28,371
ร้อยเอ็ด,3,27,255
ร้อยเอ็ด,3,11,250
ร้อยเอ็ด,3,36,199
ร้อยเอ็ด,3,25,197
ร้อยเอ็ด,3,39,162
ร้อยเอ็ด,3,21,136
ร้อยเอ็ด,3,22,109
ร้อยเอ็ด,3,18,102
ร้อยเอ็ด,3,31,96
ร้อยเอ็ด,3,3,92
ร้อยเอ็ด,3,15,88
ร้อยเอ็ด,3,24,82
ร้อยเอ็ด,3,37,57
ร้อยเอ็ด,3,4,51
ร้อยเอ็ด,3,26,47
ร้อยเอ็ด,3,20,46
ร้อยเอ็ด,3,30,40
ร้อยเอ็ด,3,23,31
ร้อยเอ็ด,3,35,27
ร้อยเอ็ด,3,33,18
ร้อยเอ็ด,3,34,8
ร้อยเอ็ด,3,14,0
ร้อยเอ็ด,3,19,0
ร้อยเอ็ด,3,29,0
ร้อยเอ็ด,3,38,0
ร้อยเอ็ด,4,14,50072
ร้อยเอ็ด,4,13,18408
ร้อยเอ็ด,4,10,12965
ร้อยเอ็ด,4,1,5971
ร้อยเอ็ด,4,16,835
ร้อยเอ็ด,4,6,809
ร้อยเอ็ด,4,2,664
ร้อยเอ็ด,4,22,468
ร้อยเอ็ด,4,33,418
ร้อยเอ็ด,4,12,266
ร้อยเอ็ด,4,19,217
ร้อยเอ็ด,4,7,215
ร้อยเอ็ด,4,11,215
ร้อยเอ็ด,4,24,193
ร้อยเอ็ด,4,29,189
ร้อยเอ็ด,4,17,187
ร้อยเอ็ด,4,20,170
ร้อยเอ็ด,4,21,159
ร้อยเอ็ด,4,31,139
ร้อยเอ็ด,4,4,115
ร้อยเอ็ด,4,9,113
ร้อยเอ็ด,4,26,90
ร้อยเอ็ด,4,5,85
ร้อยเอ็ด,4,23,78
ร้อยเอ็ด,4,32,75
ร้อยเอ็ด,4,25,60
ร้อยเอ็ด,4,8,36
ร้อยเอ็ด,4,35,30
ร้อยเอ็ด,4,27,28
ร้อยเอ็ด,4,36,25
ร้อยเอ็ด,4,28,21
ร้อยเอ็ด,4,18,19
ร้อยเอ็ด,4,3,0
ร้อยเอ็ด,4,15,0
ร้อยเอ็ด,4,30,0
ร้อยเอ็ด,4,34,0
ร้อยเอ็ด,5,2,58842
ร้อยเอ็ด,5,14,11172
ร้อยเอ็ด,5,12,9686
ร้อยเอ็ด,5,9,3743
ร้อยเอ็ด,5,21,1708
ร้อยเอ็ด,5,5,1065
ร้อยเอ็ด,5,22,982
ร้อยเอ็ด,5,15,955
ร้อยเอ็ด,5,1,839
ร้อยเอ็ด,5,3,521
ร้อยเอ็ด,5,13,403
ร้อยเอ็ด,5,7,393
ร้อยเอ็ด,5,6,316
ร้อยเอ็ด,5,29,285
ร้อยเอ็ด,5,19,233
ร้อยเอ็ด,5,34,159
ร้อยเอ็ด,5,32,156
ร้อยเอ็ด,5,26,152
ร้อยเอ็ด,5,4,126
ร้อยเอ็ด,5,30,100
ร้อยเอ็ด,5,18,93
ร้อยเอ็ด,5,23,78
ร้อยเอ็ด,5,28,74
ร้อยเอ็ด,5,16,61
ร้อยเอ็ด,5,10,59
ร้อยเอ็ด,5,20,51
ร้อยเอ็ด,5,8,47
ร้อยเอ็ด,5,24,38
ร้อยเอ็ด,5,17,32
ร้อยเอ็ด,5,33,31
ร้อยเอ็ด,5,25,29
ร้อยเอ็ด,5,11,0
ร้อยเอ็ด,5,27,0
ร้อยเอ็ด,5,31,0
ร้อยเอ็ด,6,7,52734
ร้อยเอ็ด,6,4,14325
ร้อยเอ็ด,6,2,13801
ร้อยเอ็ด,6,15,3922
ร้อยเอ็ด,6,3,1763
ร้อยเอ็ด,6,24,1057
ร้อยเอ็ด,6,19,1032
ร้อยเอ็ด,6,21,1003
ร้อยเอ็ด,6,32,898
ร้อยเอ็ด,6,5,458
ร้อยเอ็ด,6,27,385
ร้อยเอ็ด,6,12,364
ร้อยเอ็ด,6,26,324
ร้อยเอ็ด,6,6,323
ร้อยเอ็ด,6,29,312
ร้อยเอ็ด,6,16,300
ร้อยเอ็ด,6,17,296
ร้อยเอ็ด,6,8,257
ร้อยเอ็ด,6,31,241
ร้อยเอ็ด,6,34,151
ร้อยเอ็ด,6,9,150
ร้อยเอ็ด,6,13,121
ร้อยเอ็ด,6,20,120
ร้อยเอ็ด,6,40,119
ร้อยเอ็ด,6,22,118
ร้อยเอ็ด,6,14,116
ร้อยเอ็ด,6,11,107
ร้อยเอ็ด,6,28,67
ร้อยเอ็ด,6,33,53
ร้อยเอ็ด,6,25,51
ร้อยเอ็ด,6,41,49
ร้อยเอ็ด,6,36,46
ร้อยเอ็ด,6,37,37
ร้อยเอ็ด,6,39,19
ร้อยเอ็ด,6,38,6
ร้อยเอ็ด,6,1,0
ร้อยเอ็ด,6,10,0
ร้อยเอ็ด,6,18,0
ร้อยเอ็ด,6,23,0
ร้อยเอ็ด,6,30,0
ร้อยเอ็ด,6,35,0
ร้อยเอ็ด,7,18,51049
ร้อยเอ็ด,7,17,18024
ร้อยเอ็ด,7,20,11802
ร้อยเอ็ด,7,19,6507
ร้อยเอ็ด,7,10,3444
ร้อยเอ็ด,7,8,1883
ร้อยเอ็ด,7,37,657
ร้อยเอ็ด,7,11,645
ร้อยเอ็ด,7,4,550
ร้อยเอ็ด,7,3,462
ร้อยเอ็ด,7,21,406
ร้อยเอ็ด,7,23,354
ร้อยเอ็ด,7,16,301
ร้อยเอ็ด,7,28,269
ร้อยเอ็ด,7,1,254
ร้อยเอ็ด,7,14,249
ร้อยเอ็ด,7,9,230
ร้อยเอ็ด,7,5,201
ร้อยเอ็ด,7,7,199
ร้อยเอ็ด,7,12,169
ร้อยเอ็ด,7,27,152
ร้อยเอ็ด,7,33,147
ร้อยเอ็ด,7,15,138
ร้อยเอ็ด,7,24,138
ร้อยเอ็ด,7,2,124
ร้อยเอ็ด,7,6,119
ร้อยเอ็ด,7,30,111
ร้อยเอ็ด,7,29,90
ร้อยเอ็ด,7,26,77
ร้อยเอ็ด,7,13,64
ร้อยเอ็ด,7,36,49
ร้อยเอ็ด,7,32,40
ร้อยเอ็ด,7,35,26
ร้อยเอ็ด,7,34,16
ร้อยเอ็ด,7,22,0
ร้อยเอ็ด,7,25,0
ร้อยเอ็ด,7,31,0
ระนอง,1,3,36361
ระนอง,1,12,21943
ระนอง,1,14,17606
ระนอง,1,6,8541
ระนอง,1,5,1475
ระนอง,1,18,927
ระนอง,1,1,885
ระนอง,1,13,799
ระนอง,1,8,784
ระนอง,1,2,689
ระนอง,1,7,611
ระนอง,1,15,492
ระนอง,1,4,478
ระนอง,1,23,425
ระนอง,1,16,406
ระนอง,1,28,316
ระนอง,1,19,302
ระนอง,1,17,274
ระนอง,1,22,247
ระนอง,1,10,242
ระนอง,1,24,220
ระนอง,1,21,209
ระนอง,1,9,173
ระนอง,1,20,151
ระนอง,1,27,116
ระนอง,1,26,79
ระนอง,1,25,27
ระนอง,1,11,0
ระยอง,1,2,33376
ระยอง,1,7,21064
ระยอง,1,13,11368
ระยอง,1,8,2766
ระยอง,1,15,2640
ระยอง,1,6,2406
ระยอง,1,4,2298
ระยอง,1,9,549
ระยอง,1,10,454
ระยอง,1,5,394
ระยอง,1,1,358
ระยอง,1,3,333
ระยอง,1,14,244
ระยอง,1,22,212
ระยอง,1,21,142
ระยอง,1,18,138
ระยอง,1,27,111
ระยอง,1,28,94
ระยอง,1,23,93
ระยอง,1,24,82
ระยอง,1,19,67
ระยอง,1,17,43
ระยอง,1,20,40
ระยอง,1,16,37
ระยอง,1,25,33
ระยอง,1,26,25
ระยอง,1,11,0
ระยอง,1,12,0
ระยอง,2,4,35436
ระยอง,2,3,24602
ระยอง,2,5,20542
ระยอง,2,11,5840
ระยอง,2,9,3223
ระยอง,2,1,1955
ระยอง,2,6,1700
ระยอง,2,14,1621
ระยอง,2,24,541
ระยอง,2,2,465
ระยอง,2,7,444
ระยอง,2,22,385
ระยอง,2,19,360
ระยอง,2,8,301
ระยอง,2,13,239
ระยอง,2,20,217
ระยอง,2,21,174
ระยอง,2,16,155
ระยอง,2,12,107
ระยอง,2,17,92
ระยอง,2,23,86
ระยอง,2,18,74
ระยอง,2,15,68
ระยอง,2,10,0
ระยอง,3,12,29645
ระยอง,3,1,26166
ระยอง,3,8,17256
ระยอง,3,9,13957
ระยอง,3,2,3458
ระยอง,3,18,1870
ระยอง,3,7,1536
ระยอง,3,13,906
ระยอง,3,11,528
ระยอง,3,16,498
ระยอง,3,3,450
ระยอง,3,5,399
ระยอง,3,4,352
ระยอง,3,19,331
ระยอง,3,21,249
ระยอง,3,6,244
ระยอง,3,22,232
ระยอง,3,15,173
ระยอง,3,20,131
ระยอง,3,14,130
ระยอง,3,17,107
ระยอง,3,27,76
ระยอง,3,25,73
ระยอง,3,26,67
ระยอง,3,23,63
ระยอง,3,24,61
ระยอง,3,10,0
ระยอง,4,7,29077
ระยอง,4,4,23834
ระยอง,4,10,21704
ระยอง,4,8,13544
ระยอง,4,14,2875
ระยอง,4,5,2227
ระยอง,4,3,1484
ระยอง,4,2,362
ระยอง,4,11,346
ระยอง,4,6,317
ระยอง,4,1,204
ระยอง,4,9,166
ระยอง,4,13,143
ระยอง,4,27,124
ระยอง,4,22,111
ระยอง,4,21,72
ระยอง,4,23,65
ระยอง,4,18,63
ระยอง,4,20,62
ระยอง,4,17,49
ระยอง,4,24,47
ระยอง,4,15,45
ระยอง,4,25,30
ระยอง,4,26,30
ระยอง,4,16,24
ระยอง,4,19,20
ระยอง,4,12,0
ราชบุรี,1,9,39158
ราชบุรี,1,8,24214
ราชบุรี,1,14,18196
ราชบุรี,1,3,10848
ราชบุรี,1,6,2788
ราชบุรี,1,22,1727
ราชบุรี,1,2,1189
ราชบุรี,1,11,385
ราชบุรี,1,7,376
ราชบุรี,1,13,331
ราชบุรี,1,10,266
ราชบุรี,1,4,257
ราชบุรี,1,1,234
ราชบุรี,1,18,184
ราชบุรี,1,17,141
ราชบุรี,1,15,127
ราชบุรี,1,19,119
ราชบุรี,1,21,93
ราชบุรี,1,12,91
ราชบุรี,1,23,64
ราชบุรี,1,24,52
ราชบุรี,1,25,49
ราชบุรี,1,16,42
ราชบุรี,1,20,34
ราชบุรี,1,5,0
ราชบุรี,2,11,40030
ราชบุรี,2,4,30592
ราชบุรี,2,2,14597
ราชบุรี,2,7,6271
ราชบุรี,2,3,2520
ราชบุรี,2,20,972
ราชบุรี,2,22,836
ราชบุรี,2,5,585
ราชบุรี,2,10,554
ราชบุรี,2,17,391
ราชบุรี,2,1,374
ราชบุรี,2,24,355
ราชบุรี,2,12,324
ราชบุรี,2,6,249
ราชบุรี,2,25,178
ราชบุรี,2,14,172
ราชบุรี,2,19,168
ราชบุรี,2,8,152
ราชบุรี,2,21,128
ราชบุรี,2,18,112
ราชบุรี,2,23,112
ราชบุรี,2,27,107
ราชบุรี,2,13,90
ราชบุรี,2,16,76
ราชบุรี,2,15,48
ราชบุรี,2,26,45
ราชบุรี,2,9,0
ราชบุรี,3,13,46409
ราชบุรี,3,9,29423
ราชบุรี,3,11,15621
ราชบุรี,3,10,2514
ราชบุรี,3,12,1526
ราชบุรี,3,2,1407
ราชบุรี,3,23,1076
ราชบุรี,3,3,439
ราชบุรี,3,19,437
ราชบุรี,3,8,431
ราชบุรี,3,5,375
ราชบุรี,3,29,313
ราชบุรี,3,14,274
ราชบุรี,3,7,242
ราชบุรี,3,4,222
ราชบุรี,3,6,194
ราชบุรี,3,15,175
ราชบุรี,3,16,141
ราชบุรี,3,22,136
ราชบุรี,3,28,118
ราชบุรี,3,21,94
ราชบุรี,3,25,78
ราชบุรี,3,18,71
ราชบุรี,3,20,71
ราชบุรี,3,17,61
ราชบุรี,3,24,34
ราชบุรี,3,27,33
ราชบุรี,3,26,32
ราชบุรี,3,1,0
ราชบุรี,4,3,37423
ราชบุรี,4,11,32677
ราชบุรี,4,2,23520
ราชบุรี,4,1,3008
ราชบุรี,4,21,1265
ราชบุรี,4,5,705
ราชบุรี,4,18,570
ราชบุรี,4,7,565
ราชบุรี,4,10,393
ราชบุรี,4,4,368
ราชบุรี,4,15,330
ราชบุรี,4,23,290
ราชบุรี,4,13,265
ราชบุรี,4,12,186
ราชบุรี,4,9,142
ราชบุรี,4,14,142
ราชบุรี,4,19,142
ราชบุรี,4,17,111
ราชบุรี,4,20,69
ราชบุรี,4,22,67
ราชบุรี,4,25,59
ราชบุรี,4,24,58
ราชบุรี,4,6,55
ราชบุรี,4,16,24
ราชบุรี,4,8,0
ราชบุรี,5,2,37425
ราชบุรี,5,1,17897
ราชบุรี,5,11,16544
ราชบุรี,5,8,15763
ราชบุรี,5,9,3665
ราชบุรี,5,12,1741
ราชบุรี,5,22,1592
ราชบุรี,5,5,747
ราชบุรี,5,6,530
ราชบุรี,5,3,459
ราชบุรี,5,7,446
ราชบุรี,5,10,422
ราชบุรี,5,27,222
ราชบุรี,5,18,213
ราชบุรี,5,16,168
ราชบุรี,5,21,144
ราชบุรี,5,13,135
ราชบุรี,5,19,110
ราชบุรี,5,15,104
ราชบุรี,5,20,97
ราชบุรี,5,24,84
ราชบุรี,5,14,78
ราชบุรี,5,17,63
ราชบุรี,5,23,38
ราชบุรี,5,25,30
ราชบุรี,5,26,25
ราชบุรี,5,4,0
ลำปาง,1,10,36573
ลำปาง,1,1,34205
ลำปาง,1,7,32402
ลำปาง,1,2,5223
ลำปาง,1,9,2218
ลำปาง,1,12,2196
ลำปาง,1,17,2021
ลำปาง,1,13,590
ลำปาง,1,3,476
ลำปาง,1,27,388
ลำปาง,1,11,385
ลำปาง,1,6,348
ลำปาง,1,8,302
ลำปาง,1,19,234
ลำปาง,1,4,227
ลำปาง,1,15,215
ลำปาง,1,30,214
ลำปาง,1,5,206
ลำปาง,1,20,160
ลำปาง,1,18,147
ลำปาง,1,23,132
ลำปาง,1,26,121
ลำปาง,1,22,105
ลำปาง,1,29,98
ลำปาง,1,14,74
ลำปาง,1,24,64
ลำปาง,1,25,60
ลำปาง,1,16,55
ลำปาง,1,28,35
ลำปาง,1,21,0
ลำปาง,2,7,35625
ลำปาง,2,4,28921
ลำปาง,2,1,24107
ลำปาง,2,8,5442
ลำปาง,2,2,1773
ลำปาง,2,6,1357
ลำปาง,2,24,737
ลำปาง,2,9,598
ลำปาง,2,27,501
ลำปาง,2,12,497
ลำปาง,2,25,480
ลำปาง,2,5,427
ลำปาง,2,19,399
ลำปาง,2,21,395
ลำปาง,2,3,387
ลำปาง,2,10,216
ลำปาง,2,11,169
ลำปาง,2,14,149
ลำปาง,2,18,140
ลำปาง,2,20,134
ลำปาง,2,28,132
ลำปาง,2,29,129
ลำปาง,2,23,109
ลำปาง,2,22,104
ลำปาง,2,26,102
ลำปาง,2,16,91
ลำปาง,2,17,84
ลำปาง,2,13,53
ลำปาง,2,15,0
ลำปาง,3,10,50653
ลำปาง,3,8,27930
ลำปาง,3,6,22554
ลำปาง,3,4,8408
ลำปาง,3,1,2241
ลำปาง,3,19,1555
ลำปาง,3,5,999
ลำปาง,3,9,640
ลำปาง,3,17,565
ลำปาง,3,7,556
ลำปาง,3,2,510
ลำปาง,3,22,487
ลำปาง,3,12,481
ลำปาง,3,21,452
ลำปาง,3,11,357
ลำปาง,3,13,295
ลำปาง,3,3,288
ลำปาง,3,15,264
ลำปาง,3,27,219
ลำปาง,3,16,203
ลำปาง,3,29,190
ลำปาง,3,23,119
ลำปาง,3,20,106
ลำปาง,3,28,102
ลำปาง,3,14,89
ลำปาง,3,18,62
ลำปาง,3,24,0
ลำปาง,3,25,0
ลำปาง,3,26,0
ลำปาง,4,7,42984
ลำปาง,4,5,30368
ลำปาง,4,2,26471
ลำปาง,4,3,4243
ลำปาง,4,11,2469
ลำปาง,4,1,2466
ลำปาง,4,25,1320
ลำปาง,4,4,1034
ลำปาง,4,6,883
ลำปาง,4,27,627
ลำปาง,4,12,463
ลำปาง,4,9,343
ลำปาง,4,23,327
ลำปาง,4,10,280
ลำปาง,4,8,273
ลำปาง,4,21,246
ลำปาง,4,22,239
ลำปาง,4,16,207
ลำปาง,4,18,170
ลำปาง,4,17,162
ลำปาง,4,24,159
ลำปาง,4,26,130
ลำปาง,4,14,105
ลำปาง,4,28,102
ลำปาง,4,29,88
ลำปาง,4,20,87
ลำปาง,4,13,81
ลำปาง,4,19,79
ลำปาง,4,15,73
ลำพูน,1,10,51488
ลำพูน,1,3,41321
ลำพูน,1,23,15775
ลำพูน,1,13,12117
ลำพูน,1,12,3238
ลำพูน,1,7,2614
ลำพูน,1,16,1836
ลำพูน,1,6,1291
ลำพูน,1,1,928
ลำพูน,1,11,881
ลำพูน,1,9,738
ลำพูน,1,5,585
ลำพูน,1,24,482
ลำพูน,1,4,459
ลำพูน,1,15,452
ลำพูน,1,17,428
ลำพูน,1,8,283
ลำพูน,1,2,271
ลำพูน,1,21,244
ลำพูน,1,22,218
ลำพูน,1,20,212
ลำพูน,1,19,199
ลำพูน,1,25,165
ลำพูน,1,29,153
ลำพูน,1,27,90
ลำพูน,1,26,64
ลำพูน,1,18,56
ลำพูน,1,28,45
ลำพูน,1,14,0
ลำพูน,2,5,51197
ลำพูน,2,13,35009
ลำพูน,2,12,25488
ลำพูน,2,11,7792
ลำพูน,2,8,1721
ลำพูน,2,18,1566
ลำพูน,2,10,1459
ลำพูน,2,14,1353
ลำพูน,2,9,1018
ลำพูน,2,4,897
ลำพูน,2,3,805
ลำพูน,2,2,724
ลำพูน,2,25,686
ลำพูน,2,1,680
ลำพูน,2,31,477
ลำพูน,2,6,473
ลำพูน,2,7,444
ลำพูน,2,23,373
ลำพูน,2,21,262
ลำพูน,2,24,261
ลำพูน,2,19,247
ลำพูน,2,16,238
ลำพูน,2,26,216
ลำพูน,2,28,207
ลำพูน,2,15,206
ลำพูน,2,22,206
ลำพูน,2,20,195
ลำพูน,2,27,189
ลำพูน,2,17,117
ลำพูน,2,30,88
ลำพูน,2,29,73
ลพบุรี,1,4,31650
ลพบุรี,1,8,29375
ลพบุรี,1,6,21914
ลพบุรี,1,13,10173
ลพบุรี,1,22,2227
ลพบุรี,1,1,2043
ลพบุรี,1,16,1969
ลพบุรี,1,9,995
ลพบุรี,1,3,743
ลพบุรี,1,5,578
ลพบุรี,1,18,421
ลพบุรี,1,24,353
ลพบุรี,1,10,349
ลพบุรี,1,11,341
ลพบุรี,1,2,312
ลพบุรี,1,28,288
ลพบุรี,1,15,244
ลพบุรี,1,7,234
ลพบุรี,1,17,199
ลพบุรี,1,12,195
ลพบุรี,1,21,195
ลพบุรี,1,23,165
ลพบุรี,1,25,106
ลพบุรี,1,32,93
ลพบุรี,1,20,92
ลพบุรี,1,31,76
ลพบุรี,1,30,75
ลพบุรี,1,19,74
ลพบุรี,1,27,69
ลพบุรี,1,26,68
ลพบุรี,1,29,38
ลพบุรี,1,14,0
ลพบุรี,2,10,32234
ลพบุรี,2,7,28665
ลพบุรี,2,2,26576
ลพบุรี,2,5,10717
ลพบุรี,2,9,2565
ลพบุรี,2,6,1027
ลพบุรี,2,13,845
ลพบุรี,2,1,661
ลพบุรี,2,30,439
ลพบุรี,2,22,432
ลพบุรี,2,4,335
ลพบุรี,2,8,284
ลพบุรี,2,27,282
ลพบุรี,2,3,236
ลพบุรี,2,11,229
ลพบุรี,2,12,164
ลพบุรี,2,20,160
ลพบุรี,2,21,134
ลพบุรี,2,29,96
ลพบุรี,2,25,90
ลพบุรี,2,28,80
ลพบุรี,2,17,77
ลพบุรี,2,31,64
ลพบุรี,2,23,61
ลพบุรี,2,14,51
ลพบุรี,2,16,48
ลพบุรี,2,19,34
ลพบุรี,2,18,33
ลพบุรี,2,26,33
ลพบุรี,2,24,31
ลพบุรี,2,15,0
ลพบุรี,3,2,28326
ลพบุรี,3,12,26584
ลพบุรี,3,8,14581
ลพบุรี,3,1,9095
ลพบุรี,3,13,4655
ลพบุรี,3,9,1840
ลพบุรี,3,11,1329
ลพบุรี,3,3,1110
ลพบุรี,3,10,1095
ลพบุรี,3,22,850
ลพบุรี,3,21,548
ลพบุรี,3,5,507
ลพบุรี,3,32,405
ลพบุรี,3,29,313
ลพบุรี,3,16,295
ลพบุรี,3,28,293
ลพบุรี,3,7,281
ลพบุรี,3,4,205
ลพบุรี,3,31,197
ลพบุรี,3,15,196
ลพบุรี,3,24,188
ลพบุรี,3,23,157
ลพบุรี,3,17,156
ลพบุรี,3,33,140
ลพบุรี,3,6,122
ลพบุรี,3,19,101
ลพบุรี,3,27,83
ลพบุรี,3,25,73
ลพบุรี,3,30,60
ลพบุรี,3,26,44
ลพบุรี,3,14,0
ลพบุรี,3,18,0
ลพบุรี,3,20,0
ลพบุรี,4,9,31669
ลพบุรี,4,8,25342
ลพบุรี,4,4,21414
ลพบุรี,4,11,11360
ลพบุรี,4,5,5819
ลพบุรี,4,3,1082
ลพบุรี,4,10,1009
ลพบุรี,4,7,731
ลพบุรี,4,6,716
ลพบุรี,4,1,591
ลพบุรี,4,14,470
ลพบุรี,4,28,467
ลพบุรี,4,29,368
ลพบุรี,4,24,273
ลพบุรี,4,27,253
ลพบุรี,4,2,203
ลพบุรี,4,13,170
ลพบุรี,4,21,156
ลพบุรี,4,25,152
ลพบุรี,4,16,120
ลพบุรี,4,19,116
ลพบุรี,4,12,111
ลพบุรี,4,30,96
ลพบุรี,4,17,84
ลพบุรี,4,23,79
ลพบุรี,4,22,67
ลพบุรี,4,20,58
ลพบุรี,4,26,55
ลพบุรี,4,15,39
ลพบุรี,4,18,0
เลย,1,4,53289
เลย,1,12,21164
เลย,1,1,19367
เลย,1,9,13111
เลย,1,7,5259
เลย,1,2,2581
เลย,1,8,822
เลย,1,24,808
เลย,1,21,617
เลย,1,5,590
เลย,1,10,525
เลย,1,32,458
เลย,1,17,434
เลย,1,13,366
เลย,1,11,319
เลย,1,26,283
เลย,1,6,229
เลย,1,22,204
เลย,1,14,197
เลย,1,36,120
เลย,1,29,115
เลย,1,16,113
เลย,1,27,95
เลย,1,20,94
เลย,1,25,94
เลย,1,18,88
เลย,1,28,75
เลย,1,19,57
เลย,1,30,57
เลย,1,15,56
เลย,1,33,51
เลย,1,34,39
เลย,1,31,35
เลย,1,35,26
เลย,1,3,0
เลย,1,23,0
เลย,2,11,55514
เลย,2,9,31105
เลย,2,5,13271
เลย,2,14,2433
เลย,2,15,2014
เลย,2,13,1522
เลย,2,31,1382
เลย,2,4,1004
เลย,2,29,977
เลย,2,6,854
เลย,2,8,763
เลย,2,1,684
เลย,2,10,517
เลย,2,17,467
เลย,2,12,406
เลย,2,3,399
เลย,2,19,334
เลย,2,2,295
เลย,2,7,287
เลย,2,21,235
เลย,2,26,235
เลย,2,35,154
เลย,2,20,145
เลย,2,16,143
เลย,2,30,118
เลย,2,24,112
เลย,2,23,111
เลย,2,25,101
เลย,2,22,95
เลย,2,28,82
เลย,2,34,73
เลย,2,32,69
เลย,2,27,66
เลย,2,33,56
เลย,2,18,0
เลย,3,4,41763
เลย,3,5,35287
เลย,3,2,22291
เลย,3,12,11639
เลย,3,16,4869
เลย,3,3,2960
เลย,3,24,1029
เลย,3,9,973
เลย,3,25,660
เลย,3,21,640
เลย,3,22,582
เลย,3,1,497
เลย,3,17,308
เลย,3,20,280
เลย,3,6,270
เลย,3,13,245
เลย,3,10,238
เลย,3,23,144
เลย,3,15,143
เลย,3,31,139
เลย,3,11,137
เลย,3,7,135
เลย,3,19,127
เลย,3,33,117
เลย,3,18,103
เลย,3,32,95
เลย,3,30,79
เลย,3,8,70
เลย,3,26,62
เลย,3,28,54
เลย,3,29,39
เลย,3,27,35
เลย,3,14,0
ศรีสะเกษ,1,11,46797
ศรีสะเกษ,1,5,35582
ศรีสะเกษ,1,15,8970
ศรีสะเกษ,1,10,6524
ศรีสะเกษ,1,7,1127
ศรีสะเกษ,1,9,816
ศรีสะเกษ,1,6,778
ศรีสะเกษ,1,25,597
ศรีสะเกษ,1,31,525
ศรีสะเกษ,1,2,488
ศรีสะเกษ,1,1,403
ศรีสะเกษ,1,12,373
ศรีสะเกษ,1,4,187
ศรีสะเกษ,1,16,171
ศรีสะเกษ,1,30,154
ศรีสะเกษ,1,14,121
ศรีสะเกษ,1,19,120
ศรีสะเกษ,1,3,99
ศรีสะเกษ,1,26,90
ศรีสะเกษ,1,21,82
ศรีสะเกษ,1,17,81
ศรีสะเกษ,1,13,80
ศรีสะเกษ,1,20,56
ศรีสะเกษ,1,23,56
ศรีสะเกษ,1,22,55
ศรีสะเกษ,1,24,52
ศรีสะเกษ,1,32,44
ศรีสะเกษ,1,18,38
ศรีสะเกษ,1,27,37
ศรีสะเกษ,1,28,26
ศรีสะเกษ,1,29,19
ศรีสะเกษ,1,8,0
ศรีสะเกษ,2,6,49901
ศรีสะเกษ,2,9,13373
ศรีสะเกษ,2,8,11970
ศรีสะเกษ,2,13,7443
ศรีสะเกษ,2,10,1953
ศรีสะเกษ,2,7,1677
ศรีสะเกษ,2,4,1069
ศรีสะเกษ,2,5,728
ศรีสะเกษ,2,11,499
ศรีสะเกษ,2,29,421
ศรีสะเกษ,2,24,398
ศรีสะเกษ,2,1,362
ศรีสะเกษ,2,2,275
ศรีสะเกษ,2,12,272
ศรีสะเกษ,2,14,271
ศรีสะเกษ,2,22,236
ศรีสะเกษ,2,18,205
ศรีสะเกษ,2,23,184
ศรีสะเกษ,2,16,183
ศรีสะเกษ,2,33,172
ศรีสะเกษ,2,31,171
ศรีสะเกษ,2,32,169
ศรีสะเกษ,2,21,163
ศรีสะเกษ,2,19,159
ศรีสะเกษ,2,30,144
ศรีสะเกษ,2,15,108
ศรีสะเกษ,2,25,102
ศรีสะเกษ,2,17,91
ศรีสะเกษ,2,28,84
ศรีสะเกษ,2,27,77
ศรีสะเกษ,2,20,61
ศรีสะเกษ,2,3,0
ศรีสะเกษ,2,26,0
ศรีสะเกษ,3,11,41002
ศรีสะเกษ,3,5,23719
ศรีสะเกษ,3,6,9052
ศรีสะเกษ,3,14,8286
ศรีสะเกษ,3,12,1486
ศรีสะเกษ,3,3,778
ศรีสะเกษ,3,25,758
ศรีสะเกษ,3,8,575
ศรีสะเกษ,3,13,533
ศรีสะเกษ,3,15,521
ศรีสะเกษ,3,7,462
ศรีสะเกษ,3,10,401
ศรีสะเกษ,3,1,349
ศรีสะเกษ,3,17,343
ศรีสะเกษ,3,4,276
ศรีสะเกษ,3,21,256
ศรีสะเกษ,3,23,236
ศรีสะเกษ,3,16,226
ศรีสะเกษ,3,9,217
ศรีสะเกษ,3,28,131
ศรีสะเกษ,3,29,100
ศรีสะเกษ,3,22,99
ศรีสะเกษ,3,30,96
ศรีสะเกษ,3,36,80
ศรีสะเกษ,3,32,75
ศรีสะเกษ,3,24,72
ศรีสะเกษ,3,34,64
ศรีสะเกษ,3,37,62
ศรีสะเกษ,3,20,55
ศรีสะเกษ,3,18,46
ศรีสะเกษ,3,35,39
ศรีสะเกษ,3,33,38
ศรีสะเกษ,3,27,35
ศรีสะเกษ,3,19,28
ศรีสะเกษ,3,2,0
ศรีสะเกษ,3,26,0
ศรีสะเกษ,3,31,0
ศรีสะเกษ,4,3,40065
ศรีสะเกษ,4,1,38143
ศรีสะเกษ,4,2,9827
ศรีสะเกษ,4,21,1001
ศรีสะเกษ,4,8,995
ศรีสะเกษ,4,12,818
ศรีสะเกษ,4,23,780
ศรีสะเกษ,4,17,625
ศรีสะเกษ,4,6,441
ศรีสะเกษ,4,14,378
ศรีสะเกษ,4,22,237
ศรีสะเกษ,4,9,204
ศรีสะเกษ,4,27,196
ศรีสะเกษ,4,4,175
ศรีสะเกษ,4,35,158
ศรีสะเกษ,4,13,123
ศรีสะเกษ,4,5,118
ศรีสะเกษ,4,19,114
ศรีสะเกษ,4,11,109
ศรีสะเกษ,4,20,85
ศรีสะเกษ,4,28,83
ศรีสะเกษ,4,15,68
ศรีสะเกษ,4,18,63
ศรีสะเกษ,4,7,62
ศรีสะเกษ,4,24,44
ศรีสะเกษ,4,31,42
ศรีสะเกษ,4,34,39
ศรีสะเกษ,4,30,38
ศรีสะเกษ,4,33,34
ศรีสะเกษ,4,16,32
ศรีสะเกษ,4,32,27
ศรีสะเกษ,4,25,24
ศรีสะเกษ,4,26,23
ศรีสะเกษ,4,29,14
ศรีสะเกษ,4,10,0
ศรีสะเกษ,5,2,35794
ศรีสะเกษ,5,5,15755
ศรีสะเกษ,5,3,13909
ศรีสะเกษ,5,14,11725
ศรีสะเกษ,5,1,5582
ศรีสะเกษ,5,6,1421
ศรีสะเกษ,5,4,1414
ศรีสะเกษ,5,11,677
ศรีสะเกษ,5,25,673
ศรีสะเกษ,5,22,671
ศรีสะเกษ,5,23,576
ศรีสะเกษ,5,10,553
ศรีสะเกษ,5,21,289
ศรีสะเกษ,5,9,212
ศรีสะเกษ,5,12,205
ศรีสะเกษ,5,26,159
ศรีสะเกษ,5,13,149
ศรีสะเกษ,5,18,149
ศรีสะเกษ,5,15,133
ศรีสะเกษ,5,32,117
ศรีสะเกษ,5,16,102
ศรีสะเกษ,5,31,99
ศรีสะเกษ,5,7,97
ศรีสะเกษ,5,24,68
ศรีสะเกษ,5,27,57
ศรีสะเกษ,5,30,57
ศรีสะเกษ,5,20,48
ศรีสะเกษ,5,19,43
ศรีสะเกษ,5,17,41
ศรีสะเกษ,5,29,41
ศรีสะเกษ,5,28,26
ศรีสะเกษ,5,8,0
ศรีสะเกษ,6,8,30899
ศรีสะเกษ,6,9,14453
ศรีสะเกษ,6,12,13600
ศรีสะเกษ,6,7,10532
ศรีสะเกษ,6,13,10350
ศรีสะเกษ,6,10,2062
ศรีสะเกษ,6,11,1418
ศรีสะเกษ,6,2,744
ศรีสะเกษ,6,21,625
ศรีสะเกษ,6,6,581
ศรีสะเกษ,6,28,568
ศรีสะเกษ,6,29,422
ศรีสะเกษ,6,1,368
ศรีสะเกษ,6,27,360
ศรีสะเกษ,6,16,277
ศรีสะเกษ,6,22,251
ศรีสะเกษ,6,4,188
ศรีสะเกษ,6,3,178
ศรีสะเกษ,6,18,156
ศรีสะเกษ,6,5,126
ศรีสะเกษ,6,23,125
ศรีสะเกษ,6,26,115
ศรีสะเกษ,6,31,101
ศรีสะเกษ,6,30,99
ศรีสะเกษ,6,25,83
ศรีสะเกษ,6,15,79
ศรีสะเกษ,6,20,70
ศรีสะเกษ,6,17,69
ศรีสะเกษ,6,19,53
ศรีสะเกษ,6,24,44
ศรีสะเกษ,6,14,0
ศรีสะเกษ,7,2,49123
ศรีสะเกษ,7,3,28581
ศรีสะเกษ,7,4,6609
ศรีสะเกษ,7,14,6332
ศรีสะเกษ,7,22,809
ศรีสะเกษ,7,5,695
ศรีสะเกษ,7,23,522
ศรีสะเกษ,7,12,518
ศรีสะเกษ,7,1,436
ศรีสะเกษ,7,9,314
ศรีสะเกษ,7,10,269
ศรีสะเกษ,7,16,97
ศรีสะเกษ,7,24,97
ศรีสะเกษ,7,13,94
ศรีสะเกษ,7,15,94
ศรีสะเกษ,7,18,81
ศรีสะเกษ,7,21,65
ศรีสะเกษ,7,8,60
ศรีสะเกษ,7,11,53
ศรีสะเกษ,7,7,52
ศรีสะเกษ,7,20,52
ศรีสะเกษ,7,19,51
ศรีสะเกษ,7,26,42
ศรีสะเกษ,7,29,42
ศรีสะเกษ,7,17,34
ศรีสะเกษ,7,28,31
ศรีสะเกษ,7,27,27
ศรีสะเกษ,7,25,16
ศรีสะเกษ,7,6,0
ศรีสะเกษ,8,13,50319
ศรีสะเกษ,8,5,13974
ศรีสะเกษ,8,14,10712
ศรีสะเกษ,8,24,4744
ศรีสะเกษ,8,10,1433
ศรีสะเกษ,8,12,1341
ศรีสะเกษ,8,9,954
ศรีสะเกษ,8,33,810
ศรีสะเกษ,8,8,581
ศรีสะเกษ,8,25,542
ศรีสะเกษ,8,17,498
ศรีสะเกษ,8,23,470
ศรีสะเกษ,8,3,408
ศรีสะเกษ,8,6,367
ศรีสะเกษ,8,21,330
ศรีสะเกษ,8,1,308
ศรีสะเกษ,8,15,282
ศรีสะเกษ,8,31,281
ศรีสะเกษ,8,11,260
ศรีสะเกษ,8,7,235
ศรีสะเกษ,8,32,202
ศรีสะเกษ,8,20,193
ศรีสะเกษ,8,18,173
ศรีสะเกษ,8,16,158
ศรีสะเกษ,8,34,131
ศรีสะเกษ,8,27,119
ศรีสะเกษ,8,30,116
ศรีสะเกษ,8,35,95
ศรีสะเกษ,8,29,92
ศรีสะเกษ,8,26,86
ศรีสะเกษ,8,22,65
ศรีสะเกษ,8,2,63
ศรีสะเกษ,8,28,43
ศรีสะเกษ,8,19,42
ศรีสะเกษ,8,4,0
สุโขทัย,1,12,43957
สุโขทัย,1,10,32389
สุโขทัย,1,6,14619
สุโขทัย,1,15,13229
สุโขทัย,1,2,1539
สุโขทัย,1,13,1126
สุโขทัย,1,11,798
สุโขทัย,1,1,744
สุโขทัย,1,8,549
สุโขทัย,1,3,339
สุโขทัย,1,9,338
สุโขทัย,1,21,296
สุโขทัย,1,5,292
สุโขทัย,1,17,252
สุโขทัย,1,26,222
สุโขทัย,1,20,190
สุโขทัย,1,7,186
สุโขทัย,1,22,178
สุโขทัย,1,14,173
สุโขทัย,1,18,148
สุโขทัย,1,23,123
สุโขทัย,1,24,107
สุโขทัย,1,4,98
สุโขทัย,1,16,89
สุโขทัย,1,19,78
สุโขทัย,1,25,52
สุโขทัย,2,1,40419
สุโขทัย,2,13,26032
สุโขทัย,2,4,15948
สุโขทัย,2,18,10209
สุโขทัย,2,9,1488
สุโขทัย,2,15,1290
สุโขทัย,2,8,1149
สุโขทัย,2,21,937
สุโขทัย,2,3,832
สุโขทัย,2,12,831
สุโขทัย,2,19,566
สุโขทัย,2,16,423
สุโขทัย,2,7,413
สุโขทัย,2,2,403
สุโขทัย,2,24,392
สุโขทัย,2,23,318
สุโขทัย,2,10,193
สุโขทัย,2,14,193
สุโขทัย,2,20,162
สุโขทัย,2,26,162
สุโขทัย,2,6,155
สุโขทัย,2,5,138
สุโขทัย,2,28,114
สุโขทัย,2,17,111
สุโขทัย,2,11,96
สุโขทัย,2,29,96
สุโขทัย,2,22,84
สุโขทัย,2,25,54
สุโขทัย,2,27,21
สุโขทัย,3,7,34884
สุโขทัย,3,1,32133
สุโขทัย,3,3,27272
สุโขทัย,3,13,9934
สุโขทัย,3,11,5977
สุโขทัย,3,5,853
สุโขทัย,3,8,469
สุโขทัย,3,21,460
สุโขทัย,3,6,388
สุโขทัย,3,2,374
สุโขทัย,3,17,290
สุโขทัย,3,15,284
สุโขทัย,3,23,262
สุโขทัย,3,12,255
สุโขทัย,3,10,224
สุโขทัย,3,4,221
สุโขทัย,3,14,163
สุโขทัย,3,9,112
สุโขทัย,3,22,96
สุโขทัย,3,19,80
สุโขทัย,3,24,72
สุโขทัย,3,26,68
สุโขทัย,3,20,57
สุโขทัย,3,16,35
สุโขทัย,3,18,35
สุโขทัย,3,25,34
สกลนคร,1,12,38544
สกลนคร,1,8,31145
สกลนคร,1,13,20097
สกลนคร,1,7,2974
สกลนคร,1,1,2826
สกลนคร,1,4,1774
สกลนคร,1,21,1297
สกลนคร,1,2,1269
สกลนคร,1,16,735
สกลนคร,1,17,526
สกลนคร,1,28,506
สกลนคร,1,11,379
สกลนคร,1,3,374
สกลนคร,1,32,362
สกลนคร,1,27,277
สกลนคร,1,15,246
สกลนคร,1,18,232
สกลนคร,1,22,196
สกลนคร,1,24,174
สกลนคร,1,10,155
สกลนคร,1,9,154
สกลนคร,1,6,153
สกลนคร,1,23,145
สกลนคร,1,29,118
สกลนคร,1,34,88
สกลนคร,1,19,74
สกลนคร,1,5,73
สกลนคร,1,25,66
สกลนคร,1,30,50
สกลนคร,1,33,43
สกลนคร,1,26,42
สกลนคร,1,31,28
สกลนคร,1,14,0
สกลนคร,1,20,0
สกลนคร,2,17,34797
สกลนคร,2,4,23556
สกลนคร,2,18,4359
สกลนคร,2,14,3630
สกลนคร,2,6,3214
สกลนคร,2,1,2960
สกลนคร,2,3,1595
สกลนคร,2,10,1032
สกลนคร,2,30,1030
สกลนคร,2,24,998
สกลนคร,2,7,763
สกลนคร,2,2,757
สกลนคร,2,16,724
สกลนคร,2,22,683
สกลนคร,2,9,437
สกลนคร,2,5,352
สกลนคร,2,27,299
สกลนคร,2,19,219
สกลนคร,2,25,180
สกลนคร,2,26,172
สกลนคร,2,15,171
สกลนคร,2,12,164
สกลนคร,2,8,163
สกลนคร,2,23,154
สกลนคร,2,34,153
สกลนคร,2,21,138
สกลนคร,2,13,125
สกลนคร,2,31,108
สกลนคร,2,29,105
สกลนคร,2,20,91
สกลนคร,2,28,60
สกลนคร,2,33,32
สกลนคร,2,11,0
สกลนคร,2,32,0
สกลนคร,3,10,37644
สกลนคร,3,2,18427
สกลนคร,3,1,15305
สกลนคร,3,9,13549
สกลนคร,3,4,3009
สกลนคร,3,15,1425
สกลนคร,3,5,1151
สกลนคร,3,20,1000
สกลนคร,3,30,866
สกลนคร,3,3,567
สกลนคร,3,19,526
สกลนคร,3,22,491
สกลนคร,3,29,461
สกลนคร,3,11,418
สกลนคร,3,21,369
สกลนคร,3,26,333
สกลนคร,3,23,317
สกลนคร,3,28,311
สกลนคร,3,13,304
สกลนคร,3,24,175
สกลนคร,3,8,164
สกลนคร,3,18,138
สกลนคร,3,6,136
สกลนคร,3,12,129
สกลนคร,3,7,86
สกลนคร,3,16,60
สกลนคร,3,34,48
สกลนคร,3,25,45
สกลนคร,3,31,44
สกลนคร,3,27,23
สกลนคร,3,14,0
สกลนคร,3,17,0
สกลนคร,3,32,0
สกลนคร,3,33,0
สกลนคร,4,10,36669
สกลนคร,4,14,26578
สกลนคร,4,8,16895
สกลนคร,4,12,3404
สกลนคร,4,6,1936
สกลนคร,4,5,1163
สกลนคร,4,13,937
สกลนคร,4,20,918
สกลนคร,4,17,628
สกลนคร,4,1,516
สกลนคร,4,7,460
สกลนคร,4,30,430
สกลนคร,4,18,373
สกลนคร,4,11,338
สกลนคร,4,9,306
สกลนคร,4,31,290
สกลนคร,4,2,280
สกลนคร,4,24,249
สกลนคร,4,28,245
สกลนคร,4,3,223
สกลนคร,4,23,187
สกลนคร,4,21,177
สกลนคร,4,32,122
สกลนคร,4,16,107
สกลนคร,4,15,89
สกลนคร,4,19,89
สกลนคร,4,22,87
สกลนคร,4,27,67
สกลนคร,4,29,46
สกลนคร,4,26,42
สกลนคร,4,25,34
สกลนคร,4,4,0
สกลนคร,5,5,46049
สกลนคร,5,14,19766
สกลนคร,5,8,14032
สกลนคร,5,10,2419
สกลนคร,5,1,1905
สกลนคร,5,4,1290
สกลนคร,5,9,1224
สกลนคร,5,3,1138
สกลนคร,5,12,644
สกลนคร,5,13,406
สกลนคร,5,20,369
สกลนคร,5,6,324
สกลนคร,5,19,310
สกลนคร,5,30,249
สกลนคร,5,2,238
สกลนคร,5,15,222
สกลนคร,5,11,168
สกลนคร,5,33,130
สกลนคร,5,24,129
สกลนคร,5,31,128
สกลนคร,5,26,117
สกลนคร,5,7,111
สกลนคร,5,17,105
สกลนคร,5,28,96
สกลนคร,5,22,88
สกลนคร,5,23,83
สกลนคร,5,18,77
สกลนคร,5,27,67
สกลนคร,5,32,41
สกลนคร,5,16,0
สกลนคร,5,21,0
สกลนคร,5,25,0
สกลนคร,5,29,0
สกลนคร,6,6,28212
สกลนคร,6,1,24394
สกลนคร,6,2,18036
สกลนคร,6,7,6655
สกลนคร,6,22,5213
สกลนคร,6,11,2028
สกลนคร,6,5,1918
สกลนคร,6,4,1261
สกลนคร,6,17,986
สกลนคร,6,21,905
สกลนคร,6,20,856
สกลนคร,6,39,765
สกลนคร,6,24,636
สกลนคร,6,26,458
สกลนคร,6,9,455
สกลนคร,6,3,413
สกลนคร,6,36,296
สกลนคร,6,19,293
สกลนคร,6,10,246
สกลนคร,6,23,245
สกลนคร,6,12,231
สกลนคร,6,32,224
สกลนคร,6,27,193
สกลนคร,6,25,181
สกลนคร,6,14,157
สกลนคร,6,29,133
สกลนคร,6,30,118
สกลนคร,6,8,99
สกลนคร,6,31,93
สกลนคร,6,15,73
สกลนคร,6,34,71
สกลนคร,6,13,58
สกลนคร,6,35,49
สกลนคร,6,37,47
สกลนคร,6,18,35
สกลนคร,6,28,24
สกลนคร,6,33,24
สกลนคร,6,16,0
สกลนคร,6,38,0
สงขลา,1,8,37134
สงขลา,1,10,24540
สงขลา,1,5,12715
สงขลา,1,7,3415
สงขลา,1,22,2756
สงขลา,1,4,2344
สงขลา,1,3,2320
สงขลา,1,9,912
สงขลา,1,6,762
สงขลา,1,24,547
สงขลา,1,1,483
สงขลา,1,12,356
สงขลา,1,11,293
สงขลา,1,23,275
สงขลา,1,28,255
สงขลา,1,21,244
สงขลา,1,34,175
สงขลา,1,13,170
สงขลา,1,30,162
สงขลา,1,26,155
สงขลา,1,17,144
สงขลา,1,19,130
สงขลา,1,2,124
สงขลา,1,20,77
สงขลา,1,15,64
สงขลา,1,25,57
สงขลา,1,31,54
สงขลา,1,18,53
สงขลา,1,29,44
สงขลา,1,27,34
สงขลา,1,33,17
สงขลา,1,16,6
สงขลา,1,14,0
สงขลา,1,32,0
สงขลา,2,4,36802
สงขลา,2,9,19040
สงขลา,2,5,18903
สงขลา,2,6,12701
สงขลา,2,29,3778
สงขลา,2,10,2856
สงขลา,2,7,1495
สงขลา,2,2,832
สงขลา,2,12,785
สงขลา,2,11,459
สงขลา,2,3,410
สงขลา,2,20,389
สงขลา,2,18,285
สงขลา,2,24,228
สงขลา,2,8,173
สงขลา,2,21,173
สงขลา,2,26,160
สงขลา,2,14,157
สงขลา,2,22,138
สงขลา,2,17,132
สงขลา,2,28,116
สงขลา,2,16,113
สงขลา,2,15,111
สงขลา,2,23,77
สงขลา,2,32,75
สงขลา,2,25,72
สงขลา,2,19,70
สงขลา,2,13,46
สงขลา,2,31,41
สงขลา,2,30,25
สงขลา,2,1,0
สงขลา,2,27,0
สงขลา,3,6,42390
สงขลา,3,29,22857
สงขลา,3,5,15593
สงขลา,3,8,4707
สงขลา,3,24,3420
สงขลา,3,4,3235
สงขลา,3,11,2819
สงขลา,3,18,2142
สงขลา,3,9,1250
สงขลา,3,7,847
สงขลา,3,15,621
สงขลา,3,2,420
สงขลา,3,26,354
สงขลา,3,10,330
สงขลา,3,21,298
สงขลา,3,20,243
สงขลา,3,27,204
สงขลา,3,3,188
สงขลา,3,1,186
สงขลา,3,28,169
สงขลา,3,19,162
สงขลา,3,22,147
สงขลา,3,23,103
สงขลา,3,16,101
สงขลา,3,25,99
สงขลา,3,13,98
สงขลา,3,30,94
สงขลา,3,17,81
สงขลา,3,34,75
สงขลา,3,31,61
สงขลา,3,33,60
สงขลา,3,14,55
สงขลา,3,32,16
สงขลา,3,12,0
สงขลา,4,7,31913
สงขลา,4,4,31299
สงขลา,4,14,7070
สงขลา,4,13,4401
สงขลา,4,1,2744
สงขลา,4,6,1248
สงขลา,4,11,1194
สงขลา,4,10,1160
สงขลา,4,17,1109
สงขลา,4,20,1079
สงขลา,4,5,957
สงขลา,4,2,895
สงขลา,4,27,594
สงขลา,4,8,454
สงขลา,4,24,424
สงขลา,4,9,346
สงขลา,4,25,278
สงขลา,4,28,231
สงขลา,4,38,213
สงขลา,4,21,200
สงขลา,4,26,198
สงขลา,4,18,195
สงขลา,4,12,193
สงขลา,4,30,135
สงขลา,4,16,133
สงขลา,4,22,111
สงขลา,4,15,98
สงขลา,4,19,89
สงขลา,4,33,88
สงขลา,4,34,60
สงขลา,4,35,50
สงขลา,4,37,47
สงขลา,4,36,34
สงขลา,4,29,28
สงขลา,4,23,26
สงขลา,4,31,24
สงขลา,4,32,20
สงขลา,4,3,0
สงขลา,5,6,55386
สงขลา,5,9,24267
สงขลา,5,13,10106
สงขลา,5,4,4257
สงขลา,5,12,3730
สงขลา,5,11,2769
สงขลา,5,24,1140
สงขลา,5,2,1090
สงขลา,5,26,460
สงขลา,5,14,454
สงขลา,5,5,434
สงขลา,5,10,432
สงขลา,5,7,402
สงขลา,5,8,396
สงขลา,5,18,321
สงขลา,5,22,276
สงขลา,5,29,214
สงขลา,5,25,189
สงขลา,5,20,161
สงขลา,5,30,156
สงขลา,5,19,146
สงขลา,5,16,133
สงขลา,5,23,118
สงขลา,5,21,117
สงขลา,5,17,108
สงขลา,5,15,79
สงขลา,5,27,65
สงขลา,5,28,47
สงขลา,5,1,0
สงขลา,5,3,0
สงขลา,6,9,28465
สงขลา,6,15,19317
สงขลา,6,10,13864
สงขลา,6,4,11966
สงขลา,6,1,3132
สงขลา,6,6,2322
สงขลา,6,23,2243
สงขลา,6,13,1619
สงขลา,6,3,1130
สงขลา,6,17,804
สงขลา,6,21,793
สงขลา,6,7,338
สงขลา,6,8,297
สงขลา,6,19,277
สงขลา,6,25,269
สงขลา,6,29,197
สงขลา,6,22,196
สงขลา,6,14,193
สงขลา,6,5,175
สงขลา,6,30,163
สงขลา,6,18,125
สงขลา,6,28,122
สงขลา,6,11,99
สงขลา,6,16,84
สงขลา,6,24,79
สงขลา,6,12,68
สงขลา,6,32,60
สงขลา,6,27,56
สงขลา,6,20,44
สงขลา,6,26,43
สงขลา,6,31,24
สงขลา,6,2,0
สงขลา,6,33,0
สงขลา,7,1,31286
สงขลา,7,8,25140
สงขลา,7,2,12797
สงขลา,7,5,8588
สงขลา,7,10,7052
สงขลา,7,15,1360
สงขลา,7,12,1063
สงขลา,7,14,950
สงขลา,7,13,382
สงขลา,7,7,338
สงขลา,7,21,325
สงขลา,7,3,316
สงขลา,7,22,268
สงขลา,7,6,234
สงขลา,7,16,209
สงขลา,7,32,207
สงขลา,7,11,204
สงขลา,7,28,173
สงขลา,7,31,163
สงขลา,7,4,138
สงขลา,7,18,131
สงขลา,7,23,127
สงขลา,7,29,120
สงขลา,7,20,101
สงขลา,7,24,101
สงขลา,7,25,93
สงขลา,7,27,81
สงขลา,7,30,65
สงขลา,7,17,63
สงขลา,7,26,56
สงขลา,7,19,44
สงขลา,7,9,0
สงขลา,8,14,52075
สงขลา,8,10,15087
สงขลา,8,8,9966
สงขลา,8,3,7155
สงขลา,8,11,4076
สงขลา,8,9,2321
สงขลา,8,6,1107
สงขลา,8,20,870
สงขลา,8,37,780
สงขลา,8,4,720
สงขลา,8,1,648
สงขลา,8,2,610
สงขลา,8,13,589
สงขลา,8,24,570
สงขลา,8,15,501
สงขลา,8,19,379
สงขลา,8,34,378
สงขลา,8,21,310
สงขลา,8,35,291
สงขลา,8,23,277
สงขลา,8,30,265
สงขลา,8,5,241
สงขลา,8,28,239
สงขลา,8,7,191
สงขลา,8,26,157
สงขลา,8,32,154
สงขลา,8,16,117
สงขลา,8,31,104
สงขลา,8,17,102
สงขลา,8,22,100
สงขลา,8,33,98
สงขลา,8,36,78
สงขลา,8,18,55
สงขลา,8,29,48
สงขลา,8,25,36
สงขลา,8,27,36
สงขลา,8,12,0
สิงห์บุรี,1,9,48970
สิงห์บุรี,1,5,39085
สิงห์บุรี,1,8,19672
สิงห์บุรี,1,1,4060
สิงห์บุรี,1,15,2936
สิงห์บุรี,1,10,2268
สิงห์บุรี,1,6,2175
สิงห์บุรี,1,18,1328
สิงห์บุรี,1,14,847
สิงห์บุรี,1,2,753
สิงห์บุรี,1,4,745
สิงห์บุรี,1,11,500
สิงห์บุรี,1,3,355
สิงห์บุรี,1,21,321
สิงห์บุรี,1,23,211
สิงห์บุรี,1,20,192
สิงห์บุรี,1,12,187
สิงห์บุรี,1,19,171
สิงห์บุรี,1,22,148
สิงห์บุรี,1,13,119
สิงห์บุรี,1,16,77
สิงห์บุรี,1,17,66
สิงห์บุรี,1,7,0
สตูล,1,6,33897
สตูล,1,4,13045
สตูล,1,11,10011
สตูล,1,5,9053
สตูล,1,1,8522
สตูล,1,12,1566
สตูล,1,7,881
สตูล,1,10,685
สตูล,1,19,656
สตูล,1,3,376
สตูล,1,15,355
สตูล,1,2,317
สตูล,1,18,274
สตูล,1,8,251
สตูล,1,29,247
สตูล,1,26,179
สตูล,1,23,165
สตูล,1,13,152
สตูล,1,24,138
สตูล,1,14,98
สตูล,1,25,91
สตูล,1,27,86
สตูล,1,16,84
สตูล,1,21,80
สตูล,1,17,57
สตูล,1,20,48
สตูล,1,22,35
สตูล,1,28,13
สตูล,1,9,0
สตูล,2,3,51376
สตูล,2,12,13037
สตูล,2,1,10475
สตูล,2,6,6040
สตูล,2,10,5647
สตูล,2,18,3070
สตูล,2,11,980
สตูล,2,13,555
สตูล,2,28,503
สตูล,2,5,484
สตูล,2,21,465
สตูล,2,29,423
สตูล,2,8,409
สตูล,2,2,324
สตูล,2,23,309
สตูล,2,19,267
สตูล,2,9,172
สตูล,2,16,154
สตูล,2,7,141
สตูล,2,27,134
สตูล,2,30,113
สตูล,2,25,112
สตูล,2,15,93
สตูล,2,31,88
สตูล,2,22,86
สตูล,2,24,41
สตูล,2,14,38
สตูล,2,17,32
สตูล,2,20,24
สตูล,2,26,21
สตูล,2,4,0
สุพรรณบุรี,1,6,67149
สุพรรณบุรี,1,8,25414
สุพรรณบุรี,1,9,11867
สุพรรณบุรี,1,2,4410
สุพรรณบุรี,1,5,4125
สุพรรณบุรี,1,15,1368
สุพรรณบุรี,1,19,1253
สุพรรณบุรี,1,7,892
สุพรรณบุรี,1,23,703
สุพรรณบุรี,1,1,632
สุพรรณบุรี,1,26,575
สุพรรณบุรี,1,13,495
สุพรรณบุรี,1,3,483
สุพรรณบุรี,1,14,474
สุพรรณบุรี,1,16,431
สุพรรณบุรี,1,4,353
สุพรรณบุรี,1,10,311
สุพรรณบุรี,1,20,170
สุพรรณบุรี,1,11,169
สุพรรณบุรี,1,18,117
สุพรรณบุรี,1,27,99
สุพรรณบุรี,1,25,77
สุพรรณบุรี,1,17,75
สุพรรณบุรี,1,24,69
สุพรรณบุรี,1,12,0
สุพรรณบุรี,1,21,0
สุพรรณบุรี,1,22,0
สุพรรณบุรี,2,2,69274
สุพรรณบุรี,2,15,22668
สุพรรณบุรี,2,7,10414
สุพรรณบุรี,2,8,3464
สุพรรณบุรี,2,13,2301
สุพรรณบุรี,2,16,1186
สุพรรณบุรี,2,24,1155
สุพรรณบุรี,2,1,873
สุพรรณบุรี,2,3,869
สุพรรณบุรี,2,5,697
สุพรรณบุรี,2,22,659
สุพรรณบุรี,2,12,416
สุพรรณบุรี,2,10,414
สุพรรณบุรี,2,6,333
สุพรรณบุรี,2,21,320
สุพรรณบุรี,2,26,193
สุพรรณบุรี,2,9,183
สุพรรณบุรี,2,27,176
สุพรรณบุรี,2,17,149
สุพรรณบุรี,2,14,148
สุพรรณบุรี,2,23,148
สุพรรณบุรี,2,11,127
สุพรรณบุรี,2,19,89
สุพรรณบุรี,2,25,84
สุพรรณบุรี,2,20,67
สุพรรณบุรี,2,4,0
สุพรรณบุรี,2,18,0
สุพรรณบุรี,3,11,59783
สุพรรณบุรี,3,3,39726
สุพรรณบุรี,3,7,13933
สุพรรณบุรี,3,5,5377
สุพรรณบุรี,3,15,2858
สุพรรณบุรี,3,10,1896
สุพรรณบุรี,3,1,1649
สุพรรณบุรี,3,14,1018
สุพรรณบุรี,3,23,764
สุพรรณบุรี,3,4,508
สุพรรณบุรี,3,2,500
สุพรรณบุรี,3,13,397
สุพรรณบุรี,3,22,373
สุพรรณบุรี,3,21,255
สุพรรณบุรี,3,19,199
สุพรรณบุรี,3,16,187
สุพรรณบุรี,3,8,155
สุพรรณบุรี,3,6,152
สุพรรณบุรี,3,9,127
สุพรรณบุรี,3,29,111
สุพรรณบุรี,3,25,98
สุพรรณบุรี,3,26,93
สุพรรณบุรี,3,24,89
สุพรรณบุรี,3,17,76
สุพรรณบุรี,3,27,64
สุพรรณบุรี,3,20,42
สุพรรณบุรี,3,28,27
สุพรรณบุรี,3,12,0
สุพรรณบุรี,3,18,0
สุพรรณบุรี,4,4,59714
สุพรรณบุรี,4,5,33368
สุพรรณบุรี,4,6,11394
สุพรรณบุรี,4,16,5777
สุพรรณบุรี,4,24,1781
สุพรรณบุรี,4,9,1289
สุพรรณบุรี,4,25,602
สุพรรณบุรี,4,2,405
สุพรรณบุรี,4,12,379
สุพรรณบุรี,4,14,368
สุพรรณบุรี,4,27,283
สุพรรณบุรี,4,29,196
สุพรรณบุรี,4,11,183
สุพรรณบุรี,4,10,171
สุพรรณบุรี,4,23,161
สุพรรณบุรี,4,7,143
สุพรรณบุรี,4,26,128
สุพรรณบุรี,4,8,113
สุพรรณบุรี,4,15,107
สุพรรณบุรี,4,22,101
สุพรรณบุรี,4,13,83
สุพรรณบุรี,4,21,80
สุพรรณบุรี,4,19,70
สุพรรณบุรี,4,20,64
สุพรรณบุรี,4,28,48
สุพรรณบุรี,4,18,17
สุพรรณบุรี,4,1,0
สุพรรณบุรี,4,3,0
สุพรรณบุรี,4,17,0
สมุทรปราการ,1,2,34668
สมุทรปราการ,1,5,21344
สมุทรปราการ,1,3,21121
สมุทรปราการ,1,6,5685
สมุทรปราการ,1,26,2688
สมุทรปราการ,1,12,1977
สมุทรปราการ,1,7,837
สมุทรปราการ,1,13,300
สมุทรปราการ,1,1,263
สมุทรปราการ,1,11,240
สมุทรปราการ,1,25,219
สมุทรปราการ,1,9,167
สมุทรปราการ,1,17,157
สมุทรปราการ,1,22,153
สมุทรปราการ,1,4,131
สมุทรปราการ,1,15,112
สมุทรปราการ,1,8,98
สมุทรปราการ,1,21,83
สมุทรปราการ,1,23,81
สมุทรปราการ,1,14,73
สมุทรปราการ,1,10,72
สมุทรปราการ,1,16,65
สมุทรปราการ,1,28,50
สมุทรปราการ,1,18,42
สมุทรปราการ,1,19,29
สมุทรปราการ,1,27,27
สมุทรปราการ,1,24,9
สมุทรปราการ,1,20,0
สมุทรปราการ,2,1,35707
สมุทรปราการ,2,5,31655
สมุทรปราการ,2,6,30366
สมุทรปราการ,2,9,5382
สมุทรปราการ,2,13,2978
สมุทรปราการ,2,10,2871
สมุทรปราการ,2,27,2628
สมุทรปราการ,2,24,312
สมุทรปราการ,2,2,257
สมุทรปราการ,2,21,231
สมุทรปราการ,2,8,211
สมุทรปราการ,2,4,194
สมุทรปราการ,2,14,183
สมุทรปราการ,2,17,179
สมุทรปราการ,2,18,170
สมุทรปราการ,2,3,167
สมุทรปราการ,2,16,139
สมุทรปราการ,2,11,129
สมุทรปราการ,2,15,118
สมุทรปราการ,2,26,111
สมุทรปราการ,2,12,109
สมุทรปราการ,2,20,91
สมุทรปราการ,2,7,85
สมุทรปราการ,2,28,80
สมุทรปราการ,2,19,73
สมุทรปราการ,2,22,34
สมุทรปราการ,2,23,17
สมุทรปราการ,2,25,0
สมุทรปราการ,3,12,29424
สมุทรปราการ,3,4,23235
สมุทรปราการ,3,13,22703
สมุทรปราการ,3,9,10121
สมุทรปราการ,3,25,3633
สมุทรปราการ,3,14,2633
สมุทรปราการ,3,1,2569
สมุทรปราการ,3,3,2317
สมุทรปราการ,3,2,366
สมุทรปราการ,3,24,234
สมุทรปราการ,3,6,218
สมุทรปราการ,3,17,206
สมุทรปราการ,3,15,203
สมุทรปราการ,3,21,179
สมุทรปราการ,3,11,168
สมุทรปราการ,3,20,85
สมุทรปราการ,3,18,84
สมุทรปราการ,3,10,82
สมุทรปราการ,3,5,79
สมุทรปราการ,3,16,60
สมุทรปราการ,3,26,50
สมุทรปราการ,3,7,49
สมุทรปราการ,3,22,47
สมุทรปราการ,3,19,46
สมุทรปราการ,3,23,32
สมุทรปราการ,3,27,31
สมุทรปราการ,3,8,0
สมุทรปราการ,4,7,36320
สมุทรปราการ,4,13,35441
สมุทรปราการ,4,10,29402
สมุทรปราการ,4,9,9040
สมุทรปราการ,4,20,5737
สมุทรปราการ,4,11,3362
สมุทรปราการ,4,15,1282
สมุทรปราการ,4,5,1157
สมุทรปราการ,4,1,805
สมุทรปราการ,4,4,487
สมุทรปราการ,4,12,459
สมุทรปราการ,4,22,388
สมุทรปราการ,4,24,246
สมุทรปราการ,4,3,240
สมุทรปราการ,4,16,224
สมุทรปราการ,4,8,191
สมุทรปราการ,4,17,154
สมุทรปราการ,4,21,151
สมุทรปราการ,4,14,145
สมุทรปราการ,4,2,127
สมุทรปราการ,4,19,106
สมุทรปราการ,4,27,89
สมุทรปราการ,4,18,78
สมุทรปราการ,4,23,60
สมุทรปราการ,4,25,32
สมุทรปราการ,4,6,0
สมุทรปราการ,4,26,0
สมุทรปราการ,5,7,41745
สมุทรปราการ,5,11,33007
สมุทรปราการ,5,13,31430
สมุทรปราการ,5,12,6954
สมุทรปราการ,5,9,3714
สมุทรปราการ,5,3,1210
สมุทรปราการ,5,6,714
สมุทรปราการ,5,8,501
สมุทรปราการ,5,14,481
สมุทรปราการ,5,27,401
สมุทรปราการ,5,26,378
สมุทรปราการ,5,10,308
สมุทรปราการ,5,17,259
สมุทรปราการ,5,15,228
สมุทรปราการ,5,4,152
สมุทรปราการ,5,24,145
สมุทรปราการ,5,2,144
สมุทรปราการ,5,5,132
สมุทรปราการ,5,22,128
สมุทรปราการ,5,25,125
สมุทรปราการ,5,16,122
สมุทรปราการ,5,20,103
สมุทรปราการ,5,23,102
สมุทรปราการ,5,28,74
สมุทรปราการ,5,19,58
สมุทรปราการ,5,18,47
สมุทรปราการ,5,1,0
สมุทรปราการ,5,21,0
สมุทรปราการ,6,8,27806
สมุทรปราการ,6,3,22349
สมุทรปราการ,6,7,20177
สมุทรปราการ,6,11,19489
สมุทรปราการ,6,5,4609
สมุทรปราการ,6,4,2065
สมุทรปราการ,6,2,272
สมุทรปราการ,6,1,265
สมุทรปราการ,6,10,254
สมุทรปราการ,6,21,252
สมุทรปราการ,6,9,223
สมุทรปราการ,6,15,218
สมุทรปราการ,6,12,149
สมุทรปราการ,6,6,147
สมุทรปราการ,6,13,102
สมุทรปราการ,6,17,92
สมุทรปราการ,6,18,68
สมุทรปราการ,6,20,62
สมุทรปราการ,6,19,49
สมุทรปราการ,6,23,48
สมุทรปราการ,6,22,41
สมุทรปราการ,6,14,33
สมุทรปราการ,6,16,29
สมุทรปราการ,7,1,27875
สมุทรปราการ,7,3,27648
สมุทรปราการ,7,13,19679
สมุทรปราการ,7,7,6131
สมุทรปราการ,7,18,3736
สมุทรปราการ,7,25,2217
สมุทรปราการ,7,10,1805
สมุทรปราการ,7,2,478
สมุทรปราการ,7,5,254
สมุทรปราการ,7,17,243
สมุทรปราการ,7,21,207
สมุทรปราการ,7,6,204
สมุทรปราการ,7,4,196
สมุทรปราการ,7,11,144
สมุทรปราการ,7,15,127
สมุทรปราการ,7,8,87
สมุทรปราการ,7,12,85
สมุทรปราการ,7,23,75
สมุทรปราการ,7,20,62
สมุทรปราการ,7,9,57
สมุทรปราการ,7,16,57
สมุทรปราการ,7,14,56
สมุทรปราการ,7,27,46
สมุทรปราการ,7,22,39
สมุทรปราการ,7,19,32
สมุทรปราการ,7,24,18
สมุทรปราการ,7,26,16
สมุทรสงคราม,1,12,26718
สมุทรสงคราม,1,5,21868
สมุทรสงคราม,1,8,17268
สมุทรสงคราม,1,14,12641
สมุทรสงคราม,1,10,11951
สมุทรสงคราม,1,4,6270
สมุทรสงคราม,1,1,5592
สมุทรสงคราม,1,7,2498
สมุทรสงคราม,1,21,2296
สมุทรสงคราม,1,2,846
สมุทรสงคราม,1,17,478
สมุทรสงคราม,1,13,451
สมุทรสงคราม,1,24,426
สมุทรสงคราม,1,11,373
สมุทรสงคราม,1,25,354
สมุทรสงคราม,1,9,337
สมุทรสงคราม,1,27,331
สมุทรสงคราม,1,18,237
สมุทรสงคราม,1,19,203
สมุทรสงคราม,1,20,186
สมุทรสงคราม,1,15,165
สมุทรสงคราม,1,3,152
สมุทรสงคราม,1,22,151
สมุทรสงคราม,1,16,140
สมุทรสงคราม,1,23,106
สมุทรสงคราม,1,26,48
สมุทรสงคราม,1,6,0
สมุทรสาคร,1,1,29912
สมุทรสาคร,1,13,25644
สมุทรสาคร,1,11,20546
สมุทรสาคร,1,12,16073
สมุทรสาคร,1,6,3758
สมุทรสาคร,1,7,2557
สมุทรสาคร,1,9,1162
สมุทรสาคร,1,5,626
สมุทรสาคร,1,2,369
สมุทรสาคร,1,14,297
สมุทรสาคร,1,10,259
สมุทรสาคร,1,23,179
สมุทรสาคร,1,21,175
สมุทรสาคร,1,17,132
สมุทรสาคร,1,4,124
สมุทรสาคร,1,16,124
สมุทรสาคร,1,8,119
สมุทรสาคร,1,18,116
สมุทรสาคร,1,15,102
สมุทรสาคร,1,25,102
สมุทรสาคร,1,20,84
สมุทรสาคร,1,19,74
สมุทรสาคร,1,26,67
สมุทรสาคร,1,22,61
สมุทรสาคร,1,24,28
สมุทรสาคร,1,3,0
สมุทรสาคร,2,14,36738
สมุทรสาคร,2,13,16758
สมุทรสาคร,2,2,14997
สมุทรสาคร,2,11,10652
สมุทรสาคร,2,8,5719
สมุทรสาคร,2,7,4082
สมุทรสาคร,2,9,1463
สมุทรสาคร,2,10,1129
สมุทรสาคร,2,5,750
สมุทรสาคร,2,6,746
สมุทรสาคร,2,1,725
สมุทรสาคร,2,17,429
สมุทรสาคร,2,15,426
สมุทรสาคร,2,3,321
สมุทรสาคร,2,4,212
สมุทรสาคร,2,23,140
สมุทรสาคร,2,22,134
สมุทรสาคร,2,21,132
สมุทรสาคร,2,18,114
สมุทรสาคร,2,19,109
สมุทรสาคร,2,20,68
สมุทรสาคร,2,16,59
สมุทรสาคร,2,12,0
สมุทรสาคร,3,1,25323
สมุทรสาคร,3,4,23671
สมุทรสาคร,3,6,17309
สมุทรสาคร,3,8,14516
สมุทรสาคร,3,10,11823
สมุทรสาคร,3,2,2320
สมุทรสาคร,3,5,1467
สมุทรสาคร,3,9,1436
สมุทรสาคร,3,13,928
สมุทรสาคร,3,23,689
สมุทรสาคร,3,3,637
สมุทรสาคร,3,12,343
สมุทรสาคร,3,7,303
สมุทรสาคร,3,14,293
สมุทรสาคร,3,21,289
สมุทรสาคร,3,11,233
สมุทรสาคร,3,24,194
สมุทรสาคร,3,16,183
สมุทรสาคร,3,27,168
สมุทรสาคร,3,22,122
สมุทรสาคร,3,20,119
สมุทรสาคร,3,17,97
สมุทรสาคร,3,18,95
สมุทรสาคร,3,19,93
สมุทรสาคร,3,15,85
สมุทรสาคร,3,25,57
สมุทรสาคร,3,26,42
สระแก้ว,1,1,63099
สระแก้ว,1,10,19097
สระแก้ว,1,6,12013
สระแก้ว,1,4,2754
สระแก้ว,1,14,638
สระแก้ว,1,21,603
สระแก้ว,1,13,505
สระแก้ว,1,9,477
สระแก้ว,1,3,287
สระแก้ว,1,12,230
สระแก้ว,1,2,210
สระแก้ว,1,5,181
สระแก้ว,1,11,167
สระแก้ว,1,17,128
สระแก้ว,1,20,117
สระแก้ว,1,15,116
สระแก้ว,1,19,48
สระแก้ว,1,23,42
สระแก้ว,1,16,39
สระแก้ว,1,22,37
สระแก้ว,1,18,16
สระแก้ว,1,7,0
สระแก้ว,1,8,0
สระแก้ว,2,10,52787
สระแก้ว,2,5,21901
สระแก้ว,2,6,13560
สระแก้ว,2,7,4204
สระแก้ว,2,4,1973
สระแก้ว,2,14,595
สระแก้ว,2,9,569
สระแก้ว,2,11,475
สระแก้ว,2,1,470
สระแก้ว,2,15,411
สระแก้ว,2,2,252
สระแก้ว,2,8,222
สระแก้ว,2,13,177
สระแก้ว,2,21,142
สระแก้ว,2,3,128
สระแก้ว,2,19,104
สระแก้ว,2,17,97
สระแก้ว,2,20,68
สระแก้ว,2,23,65
สระแก้ว,2,16,52
สระแก้ว,2,18,40
สระแก้ว,2,12,0
สระแก้ว,2,22,0
สระแก้ว,3,7,41962
สระแก้ว,3,1,34141
สระแก้ว,3,6,12024
สระแก้ว,3,8,4276
สระแก้ว,3,5,1790
สระแก้ว,3,20,649
สระแก้ว,3,21,500
สระแก้ว,3,2,379
สระแก้ว,3,9,341
สระแก้ว,3,10,311
สระแก้ว,3,17,285
สระแก้ว,3,4,240
สระแก้ว,3,12,168
สระแก้ว,3,19,163
สระแก้ว,3,11,148
สระแก้ว,3,16,124
สระแก้ว,3,25,118
สระแก้ว,3,18,105
สระแก้ว,3,23,88
สระแก้ว,3,24,80
สระแก้ว,3,15,74
สระแก้ว,3,13,54
สระแก้ว,3,14,53
สระแก้ว,3,3,0
สระแก้ว,3,22,0
สระบุรี,1,4,31035
สระบุรี,1,8,26550
สระบุรี,1,11,25154
สระบุรี,1,5,21369
สระบุรี,1,3,6406
สระบุรี,1,1,2962
สระบุรี,1,16,941
สระบุรี,1,9,749
สระบุรี,1,14,740
สระบุรี,1,6,738
สระบุรี,1,24,568
สระบุรี,1,10,527
สระบุรี,1,7,518
สระบุรี,1,2,395
สระบุรี,1,25,339
สระบุรี,1,27,333
สระบุรี,1,23,238
สระบุรี,1,19,183
สระบุรี,1,18,172
สระบุรี,1,21,158
สระบุรี,1,13,157
สระบุรี,1,17,121
สระบุรี,1,20,118
สระบุรี,1,15,117
สระบุรี,1,22,81
สระบุรี,1,12,0
สระบุรี,1,26,0
สระบุรี,2,8,43776
สระบุรี,2,1,30636
สระบุรี,2,6,21796
สระบุรี,2,3,9423
สระบุรี,2,11,4728
สระบุรี,2,7,2887
สระบุรี,2,10,1905
สระบุรี,2,14,1457
สระบุรี,2,9,789
สระบุรี,2,4,545
สระบุรี,2,21,342
สระบุรี,2,2,340
สระบุรี,2,17,311
สระบุรี,2,5,275
สระบุรี,2,12,268
สระบุรี,2,23,227
สระบุรี,2,13,179
สระบุรี,2,29,173
สระบุรี,2,26,160
สระบุรี,2,22,113
สระบุรี,2,19,107
สระบุรี,2,20,107
สระบุรี,2,27,106
สระบุรี,2,24,81
สระบุรี,2,18,69
สระบุรี,2,16,48
สระบุรี,2,25,39
สระบุรี,2,15,0
สระบุรี,2,28,0
สระบุรี,3,1,32674
สระบุรี,3,3,31414
สระบุรี,3,9,25328
สระบุรี,3,13,19971
สระบุรี,3,6,5316
สระบุรี,3,7,3023
สระบุรี,3,4,2418
สระบุรี,3,11,1702
สระบุรี,3,2,646
สระบุรี,3,17,637
สระบุรี,3,8,426
สระบุรี,3,21,361
สระบุรี,3,5,360
สระบุรี,3,16,351
สระบุรี,3,12,340
สระบุรี,3,23,269
สระบุรี,3,18,254
สระบุรี,3,10,230
สระบุรี,3,14,186
สระบุรี,3,19,159
สระบุรี,3,24,155
สระบุรี,3,20,103
สระบุรี,3,15,100
สระบุรี,3,22,86
สุรินทร์,1,4,31614
สุรินทร์,1,7,27078
สุรินทร์,1,8,22229
สุรินทร์,1,1,13144
สุรินทร์,1,10,2120
สุรินทร์,1,14,1210
สุรินทร์,1,2,1025
สุรินทร์,1,24,506
สุรินทร์,1,28,478
สุรินทร์,1,16,458
สุรินทร์,1,23,441
สุรินทร์,1,27,415
สุรินทร์,1,11,371
สุรินทร์,1,3,269
สุรินทร์,1,9,237
สุรินทร์,1,5,230
สุรินทร์,1,6,230
สุรินทร์,1,17,215
สุรินทร์,1,25,149
สุรินทร์,1,22,129
สุรินทร์,1,20,95
สุรินทร์,1,30,95
สุรินทร์,1,13,93
สุรินทร์,1,18,76
สุรินทร์,1,19,72
สุรินทร์,1,26,58
สุรินทร์,1,29,34
สุรินทร์,1,12,0
สุรินทร์,1,15,0
สุรินทร์,1,21,0
สุรินทร์,2,10,35446
สุรินทร์,2,11,24465
สุรินทร์,2,6,20624
สุรินทร์,2,1,14236
สุรินทร์,2,12,2638
สุรินทร์,2,13,1527
สุรินทร์,2,9,1262
สุรินทร์,2,5,1134
สุรินทร์,2,30,699
สุรินทร์,2,26,437
สุรินทร์,2,17,357
สุรินทร์,2,2,255
สุรินทร์,2,21,235
สุรินทร์,2,7,213
สุรินทร์,2,15,200
สุรินทร์,2,4,186
สุรินทร์,2,29,171
สุรินทร์,2,8,130
สุรินทร์,2,23,121
สุรินทร์,2,32,87
สุรินทร์,2,3,82
สุรินทร์,2,34,79
สุรินทร์,2,25,78
สุรินทร์,2,16,68
สุรินทร์,2,14,66
สุรินทร์,2,18,54
สุรินทร์,2,24,49
สุรินทร์,2,22,48
สุรินทร์,2,27,41
สุรินทร์,2,28,41
สุรินทร์,2,19,38
สุรินทร์,2,33,26
สุรินทร์,2,20,0
สุรินทร์,2,31,0
สุรินทร์,3,12,29254
สุรินทร์,3,7,28492
สุรินทร์,3,13,18408
สุรินทร์,3,17,8698
สุรินทร์,3,4,3325
สุรินทร์,3,9,855
สุรินทร์,3,10,826
สุรินทร์,3,21,806
สุรินทร์,3,14,756
สุรินทร์,3,27,688
สุรินทร์,3,32,415
สุรินทร์,3,6,402
สุรินทร์,3,15,367
สุรินทร์,3,33,334
สุรินทร์,3,11,273
สุรินทร์,3,23,271
สุรินทร์,3,8,261
สุรินทร์,3,5,225
สุรินทร์,3,3,203
สุรินทร์,3,22,203
สุรินทร์,3,2,188
สุรินทร์,3,31,175
สุรินทร์,3,26,151
สุรินทร์,3,29,142
สุรินทร์,3,24,137
สุรินทร์,3,34,127
สุรินทร์,3,19,107
สุรินทร์,3,25,62
สุรินทร์,3,16,59
สุรินทร์,3,20,55
สุรินทร์,3,18,52
สุรินทร์,3,30,36
สุรินทร์,3,1,0
สุรินทร์,3,28,0
สุรินทร์,4,10,34673
สุรินทร์,4,5,27411
สุรินทร์,4,14,15771
สุรินทร์,4,11,11624
สุรินทร์,4,13,2641
สุรินทร์,4,4,1811
สุรินทร์,4,6,962
สุรินทร์,4,25,698
สุรินทร์,4,30,562
สุรินทร์,4,15,514
สุรินทร์,4,24,464
สุรินทร์,4,9,446
สุรินทร์,4,34,384
สุรินทร์,4,1,247
สุรินทร์,4,22,218
สุรินทร์,4,8,208
สุรินทร์,4,7,207
สุรินทร์,4,18,178
สุรินทร์,4,16,166
สุรินทร์,4,3,136
สุรินทร์,4,12,116
สุรินทร์,4,33,113
สุรินทร์,4,23,111
สุรินทร์,4,28,110
สุรินทร์,4,21,109
สุรินทร์,4,31,108
สุรินทร์,4,29,96
สุรินทร์,4,2,88
สุรินทร์,4,19,86
สุรินทร์,4,20,71
สุรินทร์,4,35,62
สุรินทร์,4,26,55
สุรินทร์,4,32,14
สุรินทร์,4,17,0
สุรินทร์,4,27,0
สุรินทร์,5,7,45681
สุรินทร์,5,10,14917
สุรินทร์,5,6,13976
สุรินทร์,5,8,10863
สุรินทร์,5,9,1518
สุรินทร์,5,27,939
สุรินทร์,5,13,816
สุรินทร์,5,20,815
สุรินทร์,5,5,658
สุรินทร์,5,28,555
สุรินทร์,5,30,484
สุรินทร์,5,17,482
สุรินทร์,5,26,442
สุรินทร์,5,18,425
สุรินทร์,5,2,406
สุรินทร์,5,15,405
สุรินทร์,5,1,309
สุรินทร์,5,3,215
สุรินทร์,5,11,207
สุรินทร์,5,16,191
สุรินทร์,5,21,185
สุรินทร์,5,22,165
สุรินทร์,5,36,148
สุรินทร์,5,23,134
สุรินทร์,5,29,133
สุรินทร์,5,4,125
สุรินทร์,5,14,69
สุรินทร์,5,34,66
สุรินทร์,5,25,51
สุรินทร์,5,24,50
สุรินทร์,5,31,40
สุรินทร์,5,32,38
สุรินทร์,5,35,37
สุรินทร์,5,19,33
สุรินทร์,5,33,21
สุรินทร์,5,12,0
สุรินทร์,6,5,23401
สุรินทร์,6,2,22262
สุรินทร์,6,3,18711
สุรินทร์,6,20,11167
สุรินทร์,6,14,4180
สุรินทร์,6,7,1547
สุรินทร์,6,10,1061
สุรินทร์,6,11,979
สุรินทร์,6,1,951
สุรินทร์,6,24,669
สุรินทร์,6,22,661
สุรินทร์,6,4,494
สุรินทร์,6,23,409
สุรินทร์,6,19,312
สุรินทร์,6,25,307
สุรินทร์,6,8,241
สุรินทร์,6,21,223
สุรินทร์,6,6,221
สุรินทร์,6,17,217
สุรินทร์,6,26,145
สุรินทร์,6,18,127
สุรินทร์,6,32,127
สุรินทร์,6,28,120
สุรินทร์,6,15,110
สุรินทร์,6,12,92
สุรินทร์,6,30,71
สุรินทร์,6,31,67
สุรินทร์,6,29,64
สุรินทร์,6,16,54
สุรินทร์,6,27,36
สุรินทร์,6,9,0
สุรินทร์,6,13,0
สุรินทร์,7,6,29026
สุรินทร์,7,10,21251
สุรินทร์,7,9,12973
สุรินทร์,7,11,12636
สุรินทร์,7,8,8346
สุรินทร์,7,1,1944
สุรินทร์,7,7,1484
สุรินทร์,7,5,580
สุรินทร์,7,15,533
สุรินทร์,7,26,516
สุรินทร์,7,28,379
สุรินทร์,7,29,366
สุรินทร์,7,14,330
สุรินทร์,7,31,216
สุรินทร์,7,2,197
สุรินทร์,7,18,143
สุรินทร์,7,17,140
สุรินทร์,7,3,107
สุรินทร์,7,19,94
สุรินทร์,7,20,88
สุรินทร์,7,12,85
สุรินทร์,7,33,82
สุรินทร์,7,22,81
สุรินทร์,7,23,76
สุรินทร์,7,24,73
สุรินทร์,7,27,64
สุรินทร์,7,13,63
สุรินทร์,7,25,61
สุรินทร์,7,16,50
สุรินทร์,7,32,38
สุรินทร์,7,4,0
สุรินทร์,7,21,0
สุรินทร์,7,30,0
สุราษฎร์ธานี,1,7,32092
สุราษฎร์ธานี,1,6,17093
สุราษฎร์ธานี,1,14,15953
สุราษฎร์ธานี,1,9,12068
สุราษฎร์ธานี,1,3,5445
สุราษฎร์ธานี,1,15,2693
สุราษฎร์ธานี,1,1,1539
สุราษฎร์ธานี,1,19,723
สุราษฎร์ธานี,1,4,673
สุราษฎร์ธานี,1,24,564
สุราษฎร์ธานี,1,10,426
สุราษฎร์ธานี,1,12,387
สุราษฎร์ธานี,1,5,363
สุราษฎร์ธานี,1,21,329
สุราษฎร์ธานี,1,2,309
สุราษฎร์ธานี,1,8,272
สุราษฎร์ธานี,1,27,226
สุราษฎร์ธานี,1,16,225
สุราษฎร์ธานี,1,31,220
สุราษฎร์ธานี,1,30,176
สุราษฎร์ธานี,1,28,158
สุราษฎร์ธานี,1,13,146
สุราษฎร์ธานี,1,32,125
สุราษฎร์ธานี,1,26,101
สุราษฎร์ธานี,1,23,80
สุราษฎร์ธานี,1,17,61
สุราษฎร์ธานี,1,25,60
สุราษฎร์ธานี,1,22,43
สุราษฎร์ธานี,1,33,36
สุราษฎร์ธานี,1,11,0
สุราษฎร์ธานี,1,18,0
สุราษฎร์ธานี,1,20,0
สุราษฎร์ธานี,1,29,0
สุราษฎร์ธานี,2,12,21957
สุราษฎร์ธานี,2,10,17366
สุราษฎร์ธานี,2,6,16342
สุราษฎร์ธานี,2,14,14158
สุราษฎร์ธานี,2,24,12187
สุราษฎร์ธานี,2,2,2913
สุราษฎร์ธานี,2,8,2156
สุราษฎร์ธานี,2,15,1821
สุราษฎร์ธานี,2,9,1351
สุราษฎร์ธานี,2,5,1231
สุราษฎร์ธานี,2,18,923
สุราษฎร์ธานี,2,1,532
สุราษฎร์ธานี,2,3,382
สุราษฎร์ธานี,2,26,368
สุราษฎร์ธานี,2,4,343
สุราษฎร์ธานี,2,11,315
สุราษฎร์ธานี,2,13,306
สุราษฎร์ธานี,2,16,288
สุราษฎร์ธานี,2,28,281
สุราษฎร์ธานี,2,25,237
สุราษฎร์ธานี,2,30,219
สุราษฎร์ธานี,2,34,216
สุราษฎร์ธานี,2,22,178
สุราษฎร์ธานี,2,32,165
สุราษฎร์ธานี,2,23,154
สุราษฎร์ธานี,2,31,134
สุราษฎร์ธานี,2,27,123
สุราษฎร์ธานี,2,29,121
สุราษฎร์ธานี,2,21,114
สุราษฎร์ธานี,2,17,61
สุราษฎร์ธานี,2,20,40
สุราษฎร์ธานี,2,33,40
สุราษฎร์ธานี,2,19,38
สุราษฎร์ธานี,2,35,29
สุราษฎร์ธานี,2,7,0
สุราษฎร์ธานี,3,1,44514
สุราษฎร์ธานี,3,6,12189
สุราษฎร์ธานี,3,8,12137
สุราษฎร์ธานี,3,4,5998
สุราษฎร์ธานี,3,15,2845
สุราษฎร์ธานี,3,11,2567
สุราษฎร์ธานี,3,12,2505
สุราษฎร์ธานี,3,24,1447
สุราษฎร์ธานี,3,32,1378
สุราษฎร์ธานี,3,19,1203
สุราษฎร์ธานี,3,37,1186
สุราษฎร์ธานี,3,30,1111
สุราษฎร์ธานี,3,14,656
สุราษฎร์ธานี,3,5,643
สุราษฎร์ธานี,3,2,537
สุราษฎร์ธานี,3,21,496
สุราษฎร์ธานี,3,9,477
สุราษฎร์ธานี,3,3,433
สุราษฎร์ธานี,3,16,424
สุราษฎร์ธานี,3,26,381
สุราษฎร์ธานี,3,10,350
สุราษฎร์ธานี,3,20,336
สุราษฎร์ธานี,3,25,290
สุราษฎร์ธานี,3,23,276
สุราษฎร์ธานี,3,27,196
สุราษฎร์ธานี,3,28,191
สุราษฎร์ธานี,3,18,182
สุราษฎร์ธานี,3,35,180
สุราษฎร์ธานี,3,34,137
สุราษฎร์ธานี,3,7,122
สุราษฎร์ธานี,3,33,95
สุราษฎร์ธานี,3,31,87
สุราษฎร์ธานี,3,17,85
สุราษฎร์ธานี,3,29,53
สุราษฎร์ธานี,3,22,39
สุราษฎร์ธานี,3,36,22
สุราษฎร์ธานี,3,13,0
สุราษฎร์ธานี,4,12,47408
สุราษฎร์ธานี,4,3,14279
สุราษฎร์ธานี,4,2,11608
สุราษฎร์ธานี,4,13,8671
สุราษฎร์ธานี,4,16,4297
สุราษฎร์ธานี,4,17,3138
สุราษฎร์ธานี,4,22,1767
สุราษฎร์ธานี,4,11,1168
สุราษฎร์ธานี,4,8,999
สุราษฎร์ธานี,4,14,713
สุราษฎร์ธานี,4,4,641
สุราษฎร์ธานี,4,27,540
สุราษฎร์ธานี,4,32,474
สุราษฎร์ธานี,4,23,433
สุราษฎร์ธานี,4,26,362
สุราษฎร์ธานี,4,18,332
สุราษฎร์ธานี,4,1,262
สุราษฎร์ธานี,4,10,252
สุราษฎร์ธานี,4,28,218
สุราษฎร์ธานี,4,20,204
สุราษฎร์ธานี,4,29,161
สุราษฎร์ธานี,4,15,146
สุราษฎร์ธานี,4,25,146
สุราษฎร์ธานี,4,6,132
สุราษฎร์ธานี,4,21,122
สุราษฎร์ธานี,4,9,107
สุราษฎร์ธานี,4,33,89
สุราษฎร์ธานี,4,30,61
สุราษฎร์ธานี,4,31,43
สุราษฎร์ธานี,4,19,18
สุราษฎร์ธานี,4,5,0
สุราษฎร์ธานี,4,7,0
สุราษฎร์ธานี,4,24,0
สุราษฎร์ธานี,5,5,44084
สุราษฎร์ธานี,5,6,11210
สุราษฎร์ธานี,5,8,9781
สุราษฎร์ธานี,5,12,8499
สุราษฎร์ธานี,5,9,4297
สุราษฎร์ธานี,5,3,3992
สุราษฎร์ธานี,5,22,1312
สุราษฎร์ธานี,5,11,1107
สุราษฎร์ธานี,5,14,962
สุราษฎร์ธานี,5,1,740
สุราษฎร์ธานี,5,4,735
สุราษฎร์ธานี,5,17,701
สุราษฎร์ธานี,5,18,699
สุราษฎร์ธานี,5,20,640
สุราษฎร์ธานี,5,26,567
สุราษฎร์ธานี,5,2,562
สุราษฎร์ธานี,5,7,544
สุราษฎร์ธานี,5,25,457
สุราษฎร์ธานี,5,30,376
สุราษฎร์ธานี,5,33,355
สุราษฎร์ธานี,5,10,332
สุราษฎร์ธานี,5,29,247
สุราษฎร์ธานี,5,27,207
สุราษฎร์ธานี,5,21,179
สุราษฎร์ธานี,5,32,169
สุราษฎร์ธานี,5,34,135
สุราษฎร์ธานี,5,15,124
สุราษฎร์ธานี,5,28,111
สุราษฎร์ธานี,5,23,91
สุราษฎร์ธานี,5,16,82
สุราษฎร์ธานี,5,24,65
สุราษฎร์ธานี,5,31,46
สุราษฎร์ธานี,5,35,38
สุราษฎร์ธานี,5,19,32
สุราษฎร์ธานี,5,13,0
สุราษฎร์ธานี,6,13,41877
สุราษฎร์ธานี,6,1,17620
สุราษฎร์ธานี,6,9,9970
สุราษฎร์ธานี,6,4,9149
สุราษฎร์ธานี,6,7,5207
สุราษฎร์ธานี,6,5,2311
สุราษฎร์ธานี,6,27,1356
สุราษฎร์ธานี,6,2,1124
สุราษฎร์ธานี,6,11,1058
สุราษฎร์ธานี,6,15,1010
สุราษฎร์ธานี,6,33,939
สุราษฎร์ธานี,6,3,675
สุราษฎร์ธานี,6,22,664
สุราษฎร์ธานี,6,12,590
สุราษฎร์ธานี,6,31,573
สุราษฎร์ธานี,6,10,387
สุราษฎร์ธานี,6,23,353
สุราษฎร์ธานี,6,21,288
สุราษฎร์ธานี,6,8,259
สุราษฎร์ธานี,6,28,249
สุราษฎร์ธานี,6,17,246
สุราษฎร์ธานี,6,29,228
สุราษฎร์ธานี,6,24,203
สุราษฎร์ธานี,6,19,195
สุราษฎร์ธานี,6,6,165
สุราษฎร์ธานี,6,32,137
สุราษฎร์ธานี,6,30,132
สุราษฎร์ธานี,6,26,112
สุราษฎร์ธานี,6,35,99
สุราษฎร์ธานี,6,16,86
สุราษฎร์ธานี,6,36,63
สุราษฎร์ธานี,6,18,49
สุราษฎร์ธานี,6,25,46
สุราษฎร์ธานี,6,34,36
สุราษฎร์ธานี,6,20,20
สุราษฎร์ธานี,6,14,0
หนองคาย,1,16,33492
หนองคาย,1,17,26695
หนองคาย,1,13,15696
หนองคาย,1,2,3932
หนองคาย,1,15,2055
หนองคาย,1,3,1518
หนองคาย,1,27,1009
หนองคาย,1,12,364
หนองคาย,1,19,317
หนองคาย,1,18,312
หนองคาย,1,1,274
หนองคาย,1,7,265
หนองคาย,1,22,256
หนองคาย,1,6,222
หนองคาย,1,9,197
หนองคาย,1,26,173
หนองคาย,1,4,166
หนองคาย,1,21,155
หนองคาย,1,5,142
หนองคาย,1,24,138
หนองคาย,1,10,135
หนองคาย,1,8,115
หนองคาย,1,11,86
หนองคาย,1,35,85
หนองคาย,1,23,80
หนองคาย,1,28,63
หนองคาย,1,20,50
หนองคาย,1,33,43
หนองคาย,1,34,39
หนองคาย,1,30,30
หนองคาย,1,31,28
หนองคาย,1,32,27
หนองคาย,1,25,24
หนองคาย,1,14,0
หนองคาย,1,29,0
หนองคาย,1,36,0
หนองคาย,2,16,29559
หนองคาย,2,12,13738
หนองคาย,2,10,13544
หนองคาย,2,7,13438
หนองคาย,2,9,1291
หนองคาย,2,1,1165
หนองคาย,2,36,687
หนองคาย,2,32,597
หนองคาย,2,27,508
หนองคาย,2,19,421
หนองคาย,2,6,379
หนองคาย,2,25,338
หนองคาย,2,2,247
หนองคาย,2,13,237
หนองคาย,2,24,223
หนองคาย,2,30,217
หนองคาย,2,21,197
หนองคาย,2,26,176
หนองคาย,2,11,164
หนองคาย,2,17,159
หนองคาย,2,8,130
หนองคาย,2,3,112
หนองคาย,2,5,110
หนองคาย,2,22,103
หนองคาย,2,14,99
หนองคาย,2,28,92
หนองคาย,2,29,71
หนองคาย,2,33,63
หนองคาย,2,31,62
หนองคาย,2,37,61
หนองคาย,2,35,57
หนองคาย,2,4,41
หนองคาย,2,18,39
หนองคาย,2,23,34
หนองคาย,2,20,30
หนองคาย,2,34,15
หนองคาย,2,15,0
หนองคาย,3,16,44024
หนองคาย,3,15,14523
หนองคาย,3,11,12443
หนองคาย,3,1,1798
หนองคาย,3,3,1733
หนองคาย,3,13,1489
หนองคาย,3,7,1138
หนองคาย,3,18,1094
หนองคาย,3,25,463
หนองคาย,3,14,414
หนองคาย,3,6,394
หนองคาย,3,36,334
หนองคาย,3,5,333
หนองคาย,3,4,322
หนองคาย,3,17,319
หนองคาย,3,31,319
หนองคาย,3,9,301
หนองคาย,3,10,296
หนองคาย,3,33,261
หนองคาย,3,23,210
หนองคาย,3,21,199
หนองคาย,3,24,184
หนองคาย,3,29,151
หนองคาย,3,28,131
หนองคาย,3,26,125
หนองคาย,3,8,121
หนองคาย,3,19,107
หนองคาย,3,2,103
หนองคาย,3,27,88
หนองคาย,3,34,79
หนองคาย,3,22,62
หนองคาย,3,30,33
หนองคาย,3,32,32
หนองคาย,3,20,14
หนองคาย,3,12,0
หนองคาย,3,35,0
หนองบัวลำภู,1,16,396
หนองบัวลำภู,1,7,93
หนองบัวลำภู,2,26,65
หนองบัวลำภู,2,15,55
หนองบัวลำภู,3,20,292
หนองบัวลำภู,3,7,213
หนองบัวลำภู,3,29,0
หนองบัวลำภู,1,5,36792
หนองบัวลำภู,1,9,16359
หนองบัวลำภู,1,4,15650
หนองบัวลำภู,1,15,7483
หนองบัวลำภู,1,12,1501
หนองบัวลำภู,1,1,1428
หนองบัวลำภู,1,8,1366
หนองบัวลำภู,1,11,1159
หนองบัวลำภู,1,25,879
หนองบัวลำภู,1,24,536
หนองบัวลำภู,1,3,503
หนองบัวลำภู,1,23,491
หนองบัวลำภู,1,22,456
หนองบัวลำภู,1,20,454
หนองบัวลำภู,1,6,426
หนองบัวลำภู,1,10,387
หนองบัวลำภู,1,14,300
หนองบัวลำภู,1,13,161
หนองบัวลำภู,1,21,132
หนองบัวลำภู,1,27,120
หนองบัวลำภู,1,2,117
หนองบัวลำภู,1,30,111
หนองบัวลำภู,1,33,106
หนองบัวลำภู,1,29,102
หนองบัวลำภู,1,17,87
หนองบัวลำภู,1,26,77
หนองบัวลำภู,1,32,67
หนองบัวลำภู,1,19,39
หนองบัวลำภู,1,28,33
หนองบัวลำภู,1,31,30
หนองบัวลำภู,1,18,20
หนองบัวลำภู,2,9,25732
หนองบัวลำภู,2,2,21345
หนองบัวลำภู,2,13,14266
หนองบัวลำภู,2,3,10444
หนองบัวลำภู,2,1,2839
หนองบัวลำภู,2,12,1446
หนองบัวลำภู,2,23,958
หนองบัวลำภู,2,29,729
หนองบัวลำภู,2,14,721
หนองบัวลำภู,2,20,607
หนองบัวลำภู,2,22,530
หนองบัวลำภู,2,33,524
หนองบัวลำภู,2,8,440
หนองบัวลำภู,2,10,406
หนองบัวลำภู,2,21,354
หนองบัวลำภู,2,5,225
หนองบัวลำภู,2,6,219
หนองบัวลำภู,2,4,196
หนองบัวลำภู,2,7,191
หนองบัวลำภู,2,36,172
หนองบัวลำภู,2,25,114
หนองบัวลำภู,2,11,104
หนองบัวลำภู,2,32,103
หนองบัวลำภู,2,31,89
หนองบัวลำภู,2,24,88
หนองบัวลำภู,2,18,83
หนองบัวลำภู,2,16,81
หนองบัวลำภู,2,19,54
หนองบัวลำภู,2,30,45
หนองบัวลำภู,2,28,42
หนองบัวลำภู,2,27,30
หนองบัวลำภู,2,17,23
หนองบัวลำภู,2,34,22
หนองบัวลำภู,2,35,0
หนองบัวลำภู,3,4,41260
หนองบัวลำภู,3,3,19217
หนองบัวลำภู,3,1,6994
หนองบัวลำภู,3,14,1724
หนองบัวลำภู,3,11,1588
หนองบัวลำภู,3,6,1533
หนองบัวลำภู,3,19,1477
หนองบัวลำภู,3,16,1086
หนองบัวลำภู,3,24,1066
หนองบัวลำภู,3,10,786
หนองบัวลำภู,3,15,736
หนองบัวลำภู,3,23,463
หนองบัวลำภู,3,21,234
หนองบัวลำภู,3,5,224
หนองบัวลำภู,3,25,210
หนองบัวลำภู,3,13,175
หนองบัวลำภู,3,2,167
หนองบัวลำภู,3,26,164
หนองบัวลำภู,3,31,129
หนองบัวลำภู,3,12,114
หนองบัวลำภู,3,33,113
หนองบัวลำภู,3,28,104
หนองบัวลำภู,3,17,95
หนองบัวลำภู,3,27,91
หนองบัวลำภู,3,9,75
หนองบัวลำภู,3,34,61
หนองบัวลำภู,3,22,57
หนองบัวลำภู,3,8,46
หนองบัวลำภู,3,18,43
หนองบัวลำภู,3,30,36
หนองบัวลำภู,3,32,29
อำนาจเจริญ,1,10,26320
อำนาจเจริญ,1,4,24654
อำนาจเจริญ,1,1,17425
อำนาจเจริญ,1,9,13915
อำนาจเจริญ,1,15,7724
อำนาจเจริญ,1,6,3231
อำนาจเจริญ,1,16,529
อำนาจเจริญ,1,21,518
อำนาจเจริญ,1,11,477
อำนาจเจริญ,1,24,464
อำนาจเจริญ,1,18,443
อำนาจเจริญ,1,30,331
อำนาจเจริญ,1,2,286
อำนาจเจริญ,1,3,194
อำนาจเจริญ,1,8,159
อำนาจเจริญ,1,5,158
อำนาจเจริญ,1,20,128
อำนาจเจริญ,1,26,105
อำนาจเจริญ,1,22,100
อำนาจเจริญ,1,13,96
อำนาจเจริญ,1,7,93
อำนาจเจริญ,1,17,93
อำนาจเจริญ,1,29,91
อำนาจเจริญ,1,25,83
อำนาจเจริญ,1,23,68
อำนาจเจริญ,1,32,67
อำนาจเจริญ,1,31,56
อำนาจเจริญ,1,27,36
อำนาจเจริญ,1,28,35
อำนาจเจริญ,1,12,0
อำนาจเจริญ,1,14,0
อำนาจเจริญ,1,19,0
อำนาจเจริญ,2,12,26540
อำนาจเจริญ,2,3,24721
อำนาจเจริญ,2,13,21367
อำนาจเจริญ,2,16,11498
อำนาจเจริญ,2,11,11384
อำนาจเจริญ,2,28,1329
อำนาจเจริญ,2,6,1317
อำนาจเจริญ,2,7,891
อำนาจเจริญ,2,23,612
อำนาจเจริญ,2,10,473
อำนาจเจริญ,2,2,407
อำนาจเจริญ,2,1,324
อำนาจเจริญ,2,21,274
อำนาจเจริญ,2,26,232
อำนาจเจริญ,2,15,218
อำนาจเจริญ,2,20,213
อำนาจเจริญ,2,17,212
อำนาจเจริญ,2,31,211
อำนาจเจริญ,2,14,154
อำนาจเจริญ,2,8,145
อำนาจเจริญ,2,5,113
อำนาจเจริญ,2,24,96
อำนาจเจริญ,2,18,90
อำนาจเจริญ,2,22,77
อำนาจเจริญ,2,27,70
อำนาจเจริญ,2,19,56
อำนาจเจริญ,2,29,55
อำนาจเจริญ,2,30,48
อำนาจเจริญ,2,25,43
อำนาจเจริญ,2,4,0
อำนาจเจริญ,2,9,0
อุดรธานี,1,2,30963
อุดรธานี,1,10,26552
อุดรธานี,1,17,24635
อุดรธานี,1,11,3200
อุดรธานี,1,3,2983
อุดรธานี,1,5,2442
อุดรธานี,1,9,2161
อุดรธานี,1,1,916
อุดรธานี,1,12,428
อุดรธานี,1,6,287
อุดรธานี,1,22,260
อุดรธานี,1,7,257
อุดรธานี,1,8,227
อุดรธานี,1,15,178
อุดรธานี,1,33,159
อุดรธานี,1,36,153
อุดรธานี,1,37,153
อุดรธานี,1,29,133
อุดรธานี,1,21,126
อุดรธานี,1,14,107
อุดรธานี,1,13,105
อุดรธานี,1,27,75
อุดรธานี,1,4,73
อุดรธานี,1,31,61
อุดรธานี,1,23,56
อุดรธานี,1,26,44
อุดรธานี,1,34,44
อุดรธานี,1,39,38
อุดรธานี,1,19,37
อุดรธานี,1,35,34
อุดรธานี,1,25,23
อุดรธานี,1,20,22
อุดรธานี,1,24,22
อุดรธานี,1,32,21
อุดรธานี,1,38,20
อุดรธานี,1,16,0
อุดรธานี,1,18,0
อุดรธานี,1,28,0
อุดรธานี,1,30,0
อุดรธานี,2,10,32587
อุดรธานี,2,5,24209
อุดรธานี,2,2,17400
อุดรธานี,2,16,16857
อุดรธานี,2,4,1546
อุดรธานี,2,15,1482
อุดรธานี,2,3,891
อุดรธานี,2,7,498
อุดรธานี,2,22,396
อุดรธานี,2,11,329
อุดรธานี,2,21,310
อุดรธานี,2,13,293
อุดรธานี,2,1,291
อุดรธานี,2,6,247
อุดรธานี,2,9,228
อุดรธานี,2,36,171
อุดรธานี,2,17,133
อุดรธานี,2,18,120
อุดรธานี,2,12,110
อุดรธานี,2,8,108
อุดรธานี,2,31,100
อุดรธานี,2,28,81
อุดรธานี,2,24,56
อุดรธานี,2,26,52
อุดรธานี,2,19,50
อุดรธานี,2,39,50
อุดรธานี,2,33,48
อุดรธานี,2,23,44
อุดรธานี,2,32,44
อุดรธานี,2,14,43
อุดรธานี,2,35,40
อุดรธานี,2,40,34
อุดรธานี,2,20,33
อุดรธานี,2,29,23
อุดรธานี,2,37,21
อุดรธานี,2,34,18
อุดรธานี,2,27,14
อุดรธานี,2,38,12
อุดรธานี,2,25,0
อุดรธานี,2,30,0
อุดรธานี,3,5,36728
อุดรธานี,3,2,24385
อุดรธานี,3,13,13906
อุดรธานี,3,14,5722
อุดรธานี,3,25,1354
อุดรธานี,3,8,1259
อุดรธานี,3,11,1118
อุดรธานี,3,6,788
อุดรธานี,3,22,705
อุดรธานี,3,18,547
อุดรธานี,3,3,351
อุดรธานี,3,7,350
อุดรธานี,3,21,299
อุดรธานี,3,34,292
อุดรธานี,3,12,265
อุดรธานี,3,4,242
อุดรธานี,3,26,152
อุดรธานี,3,9,121
อุดรธานี,3,23,121
อุดรธานี,3,33,117
อุดรธานี,3,28,100
อุดรธานี,3,15,99
อุดรธานี,3,19,96
อุดรธานี,3,10,91
อุดรธานี,3,16,87
อุดรธานี,3,29,84
อุดรธานี,3,35,76
อุดรธานี,3,17,70
อุดรธานี,3,30,69
อุดรธานี,3,24,52
อุดรธานี,3,31,46
อุดรธานี,3,37,44
อุดรธานี,3,38,31
อุดรธานี,3,39,25
อุดรธานี,3,40,24
อุดรธานี,3,36,21
อุดรธานี,3,32,17
อุดรธานี,3,20,16
อุดรธานี,3,1,0
อุดรธานี,3,27,0
อุดรธานี,4,2,47734
อุดรธานี,4,12,21739
อุดรธานี,4,16,9845
อุดรธานี,4,18,3572
อุดรธานี,4,10,1797
อุดรธานี,4,5,1349
อุดรธานี,4,6,1205
อุดรธานี,4,9,1142
อุดรธานี,4,22,836
อุดรธานี,4,11,490
อุดรธานี,4,1,481
อุดรธานี,4,25,409
อุดรธานี,4,21,361
อุดรธานี,4,19,356
อุดรธานี,4,3,237
อุดรธานี,4,17,234
อุดรธานี,4,34,228
อุดรธานี,4,36,214
อุดรธานี,4,8,181
อุดรธานี,4,15,163
อุดรธานี,4,32,163
อุดรธานี,4,7,153
อุดรธานี,4,14,122
อุดรธานี,4,23,107
อุดรธานี,4,31,107
อุดรธานี,4,13,95
อุดรธานี,4,20,69
อุดรธานี,4,28,60
อุดรธานี,4,24,57
อุดรธานี,4,30,57
อุดรธานี,4,33,50
อุดรธานี,4,27,48
อุดรธานี,4,35,33
อุดรธานี,4,4,0
อุดรธานี,4,26,0
อุดรธานี,4,29,0
อุดรธานี,4,37,0
อุดรธานี,5,9,40271
อุดรธานี,5,18,17643
อุดรธานี,5,5,15321
อุดรธานี,5,6,11128
อุดรธานี,5,2,1666
อุดรธานี,5,13,1244
อุดรธานี,5,11,1044
อุดรธานี,5,17,672
อุดรธานี,5,21,541
อุดรธานี,5,10,441
อุดรธานี,5,8,386
อุดรธานี,5,25,341
อุดรธานี,5,15,323
อุดรธานี,5,1,282
อุดรธานี,5,26,268
อุดรธานี,5,20,231
อุดรธานี,5,38,231
อุดรธานี,5,16,221
อุดรธานี,5,33,218
อุดรธานี,5,23,213
อุดรธานี,5,4,208
อุดรธานี,5,19,183
อุดรธานี,5,12,175
อุดรธานี,5,22,131
อุดรธานี,5,7,127
อุดรธานี,5,28,127
อุดรธานี,5,27,102
อุดรธานี,5,14,101
อุดรธานี,5,32,72
อุดรธานี,5,30,55
อุดรธานี,5,36,48
อุดรธานี,5,37,41
อุดรธานี,5,34,38
อุดรธานี,5,24,37
อุดรธานี,5,35,27
อุดรธานี,5,3,0
อุดรธานี,5,29,0
อุดรธานี,5,31,0
อุดรธานี,6,15,41307
อุดรธานี,6,3,19422
อุดรธานี,6,8,13317
อุดรธานี,6,9,4155
อุดรธานี,6,5,3818
อุดรธานี,6,32,2180
อุดรธานี,6,14,2054
อุดรธานี,6,39,1931
อุดรธานี,6,43,1731
อุดรธานี,6,16,1692
อุดรธานี,6,2,1505
อุดรธานี,6,6,860
อุดรธานี,6,11,797
อุดรธานี,6,1,593
อุดรธานี,6,10,576
อุดรธานี,6,40,450
อุดรธานี,6,13,328
อุดรธานี,6,28,322
อุดรธานี,6,19,290
อุดรธานี,6,4,253
อุดรธานี,6,23,198
อุดรธานี,6,34,196
อุดรธานี,6,7,192
อุดรธานี,6,38,169
อุดรธานี,6,30,166
อุดรธานี,6,12,164
อุดรธานี,6,26,164
อุดรธานี,6,35,157
อุดรธานี,6,20,141
อุดรธานี,6,24,135
อุดรธานี,6,25,131
อุดรธานี,6,31,103
อุดรธานี,6,36,101
อุดรธานี,6,41,92
อุดรธานี,6,42,83
อุดรธานี,6,27,72
อุดรธานี,6,17,69
อุดรธานี,6,29,67
อุดรธานี,6,22,40
อุดรธานี,6,21,23
อุดรธานี,6,37,23
อุดรธานี,6,18,0
อุดรธานี,6,33,0
อุดรธานี,7,4,46351
อุดรธานี,7,6,19449
อุดรธานี,7,15,7291
อุดรธานี,7,21,6548
อุดรธานี,7,10,3911
อุดรธานี,7,3,1561
อุดรธานี,7,24,1420
อุดรธานี,7,1,1283
อุดรธานี,7,7,1275
อุดรธานี,7,9,1105
อุดรธานี,7,11,1083
อุดรธานี,7,13,1002
อุดรธานี,7,17,826
อุดรธานี,7,19,625
อุดรธานี,7,20,570
อุดรธานี,7,12,519
อุดรธานี,7,22,310
อุดรธานี,7,2,309
อุดรธานี,7,5,299
อุดรธานี,7,16,275
อุดรธานี,7,14,234
อุดรธานี,7,33,190
อุดรธานี,7,26,159
อุดรธานี,7,8,145
อุดรธานี,7,35,142
อุดรธานี,7,27,132
อุดรธานี,7,29,132
อุดรธานี,7,32,132
อุดรธานี,7,30,123
อุดรธานี,7,23,108
อุดรธานี,7,31,60
อุดรธานี,7,25,53
อุดรธานี,7,36,51
อุดรธานี,7,37,48
อุดรธานี,7,34,34
อุดรธานี,7,18,32
อุดรธานี,7,28,0
อุดรธานี,8,6,58318
อุดรธานี,8,8,15604
อุดรธานี,8,18,6715
อุดรธานี,8,13,4020
อุดรธานี,8,1,2763
อุดรธานี,8,4,2258
อุดรธานี,8,7,1039
อุดรธานี,8,11,979
อุดรธานี,8,26,971
อุดรธานี,8,3,600
อุดรธานี,8,10,406
อุดรธานี,8,5,402
อุดรธานี,8,2,358
อุดรธานี,8,9,288
อุดรธานี,8,25,264
อุดรธานี,8,22,233
อุดรธานี,8,30,193
อุดรธานี,8,34,193
อุดรธานี,8,28,183
อุดรธานี,8,16,163
อุดรธานี,8,14,158
อุดรธานี,8,17,152
อุดรธานี,8,27,146
อุดรธานี,8,21,100
อุดรธานี,8,23,86
อุดรธานี,8,33,82
อุดรธานี,8,12,74
อุดรธานี,8,19,71
อุดรธานี,8,35,68
อุดรธานี,8,20,67
อุดรธานี,8,24,58
อุดรธานี,8,31,52
อุดรธานี,8,32,23
อุดรธานี,8,15,0
อุดรธานี,8,29,0
อุตรดิตถ์,1,7,54669
อุตรดิตถ์,1,1,40747
อุตรดิตถ์,1,2,23828
อุตรดิตถ์,1,3,5318
อุตรดิตถ์,1,24,1762
อุตรดิตถ์,1,9,1553
อุตรดิตถ์,1,25,1180
อุตรดิตถ์,1,8,786
อุตรดิตถ์,1,6,680
อุตรดิตถ์,1,21,661
อุตรดิตถ์,1,18,624
อุตรดิตถ์,1,5,623
อุตรดิตถ์,1,27,595
อุตรดิตถ์,1,10,404
อุตรดิตถ์,1,19,250
อุตรดิตถ์,1,13,235
อุตรดิตถ์,1,22,225
อุตรดิตถ์,1,32,213
อุตรดิตถ์,1,26,205
อุตรดิตถ์,1,12,185
อุตรดิตถ์,1,23,161
อุตรดิตถ์,1,14,146
อุตรดิตถ์,1,17,143
อุตรดิตถ์,1,20,129
อุตรดิตถ์,1,4,118
อุตรดิตถ์,1,16,115
อุตรดิตถ์,1,28,99
อุตรดิตถ์,1,30,87
อุตรดิตถ์,1,29,81
อุตรดิตถ์,1,15,67
อุตรดิตถ์,1,31,44
อุตรดิตถ์,1,11,0
อุตรดิตถ์,2,11,51144
อุตรดิตถ์,2,9,33797
อุตรดิตถ์,2,1,16020
อุตรดิตถ์,2,3,5702
อุตรดิตถ์,2,5,1649
อุตรดิตถ์,2,7,1420
อุตรดิตถ์,2,10,849
อุตรดิตถ์,2,21,767
อุตรดิตถ์,2,8,744
อุตรดิตถ์,2,4,555
อุตรดิตถ์,2,12,497
อุตรดิตถ์,2,6,461
อุตรดิตถ์,2,2,415
อุตรดิตถ์,2,27,296
อุตรดิตถ์,2,23,292
อุตรดิตถ์,2,19,287
อุตรดิตถ์,2,22,249
อุตรดิตถ์,2,20,240
อุตรดิตถ์,2,18,183
อุตรดิตถ์,2,16,159
อุตรดิตถ์,2,17,144
อุตรดิตถ์,2,13,122
อุตรดิตถ์,2,24,88
อุตรดิตถ์,2,14,80
อุตรดิตถ์,2,25,78
อุตรดิตถ์,2,26,62
อุตรดิตถ์,2,15,46
อุทัยธานี,1,7,58659
อุทัยธานี,1,5,9075
อุทัยธานี,1,6,8122
อุทัยธานี,1,2,8042
อุทัยธานี,1,14,2493
อุทัยธานี,1,3,1629
อุทัยธานี,1,9,717
อุทัยธานี,1,21,647
อุทัยธานี,1,1,341
อุทัยธานี,1,11,331
อุทัยธานี,1,4,183
อุทัยธานี,1,12,154
อุทัยธานี,1,22,153
อุทัยธานี,1,20,151
อุทัยธานี,1,13,143
อุทัยธานี,1,16,74
อุทัยธานี,1,10,61
อุทัยธานี,1,24,54
อุทัยธานี,1,15,49
อุทัยธานี,1,18,41
อุทัยธานี,1,19,24
อุทัยธานี,1,23,13
อุทัยธานี,1,8,0
อุทัยธานี,1,17,0
อุทัยธานี,2,7,35450
อุทัยธานี,2,5,14046
อุทัยธานี,2,2,13256
อุทัยธานี,2,6,12523
อุทัยธานี,2,3,4584
อุทัยธานี,2,14,3308
อุทัยธานี,2,13,852
อุทัยธานี,2,1,834
อุทัยธานี,2,9,483
อุทัยธานี,2,11,435
อุทัยธานี,2,4,293
อุทัยธานี,2,10,255
อุทัยธานี,2,17,209
อุทัยธานี,2,22,206
อุทัยธานี,2,18,196
อุทัยธานี,2,19,171
อุทัยธานี,2,20,171
อุทัยธานี,2,12,170
อุทัยธานี,2,15,129
อุทัยธานี,2,21,86
อุทัยธานี,2,8,0
อุทัยธานี,2,16,0
อุบลราชธานี,1,6,38660
อุบลราชธานี,1,5,37476
อุบลราชธานี,1,4,26456
อุบลราชธานี,1,1,5220
อุบลราชธานี,1,19,2409
อุบลราชธานี,1,15,2014
อุบลราชธานี,1,12,1413
อุบลราชธานี,1,25,563
อุบลราชธานี,1,10,527
อุบลราชธานี,1,18,312
อุบลราชธานี,1,11,303
อุบลราชธานี,1,2,269
อุบลราชธานี,1,20,249
อุบลราชธานี,1,7,237
อุบลราชธานี,1,24,233
อุบลราชธานี,1,3,211
อุบลราชธานี,1,17,166
อุบลราชธานี,1,9,129
อุบลราชธานี,1,32,123
อุบลราชธานี,1,21,121
อุบลราชธานี,1,16,117
อุบลราชธานี,1,14,107
อุบลราชธานี,1,8,100
อุบลราชธานี,1,27,91
อุบลราชธานี,1,36,89
อุบลราชธานี,1,38,81
อุบลราชธานี,1,33,79
อุบลราชธานี,1,35,66
อุบลราชธานี,1,13,62
อุบลราชธานี,1,37,57
อุบลราชธานี,1,22,53
อุบลราชธานี,1,34,41
อุบลราชธานี,1,31,39
อุบลราชธานี,1,28,32
อุบลราชธานี,1,30,32
อุบลราชธานี,1,23,22
อุบลราชธานี,1,29,22
อุบลราชธานี,1,26,0
อุบลราชธานี,2,6,41777
อุบลราชธานี,2,2,30198
อุบลราชธานี,2,3,16107
อุบลราชธานี,2,1,8804
อุบลราชธานี,2,4,1606
อุบลราชธานี,2,26,809
อุบลราชธานี,2,11,563
อุบลราชธานี,2,23,486
อุบลราชธานี,2,22,474
อุบลราชธานี,2,9,370
อุบลราชธานี,2,5,347
อุบลราชธานี,2,7,241
อุบลราชธานี,2,10,210
อุบลราชธานี,2,21,130
อุบลราชธานี,2,13,128
อุบลราชธานี,2,24,120
อุบลราชธานี,2,27,104
อุบลราชธานี,2,39,89
อุบลราชธานี,2,14,82
อุบลราชธานี,2,12,69
อุบลราชธานี,2,8,66
อุบลราชธานี,2,18,64
อุบลราชธานี,2,33,64
อุบลราชธานี,2,16,58
อุบลราชธานี,2,15,47
อุบลราชธานี,2,25,43
อุบลราชธานี,2,29,36
อุบลราชธานี,2,35,34
อุบลราชธานี,2,20,28
อุบลราชธานี,2,38,25
อุบลราชธานี,2,30,16
อุบลราชธานี,2,36,16
อุบลราชธานี,2,34,12
อุบลราชธานี,2,28,8
อุบลราชธานี,2,32,5
อุบลราชธานี,2,31,4
อุบลราชธานี,2,17,0
อุบลราชธานี,2,19,0
อุบลราชธานี,2,37,0
อุบลราชธานี,3,5,44251
อุบลราชธานี,3,6,24378
อุบลราชธานี,3,12,17889
อุบลราชธานี,3,14,8323
อุบลราชธานี,3,4,1692
อุบลราชธานี,3,28,1582
อุบลราชธานี,3,30,896
อุบลราชธานี,3,18,667
อุบลราชธานี,3,25,568
อุบลราชธานี,3,3,543
อุบลราชธานี,3,26,391
อุบลราชธานี,3,1,382
อุบลราชธานี,3,15,352
อุบลราชธานี,3,13,306
อุบลราชธานี,3,7,237
อุบลราชธานี,3,10,227
อุบลราชธานี,3,22,201
อุบลราชธานี,3,11,190
อุบลราชธานี,3,34,188
อุบลราชธานี,3,33,166
อุบลราชธานี,3,9,154
อุบลราชธานี,3,16,143
อุบลราชธานี,3,19,141
อุบลราชธานี,3,36,141
อุบลราชธานี,3,8,140
อุบลราชธานี,3,24,136
อุบลราชธานี,3,17,133
อุบลราชธานี,3,32,130
อุบลราชธานี,3,20,96
อุบลราชธานี,3,21,88
อุบลราชธานี,3,29,82
อุบลราชธานี,3,35,50
อุบลราชธานี,3,27,48
อุบลราชธานี,3,23,31
อุบลราชธานี,3,31,31
อุบลราชธานี,3,2,0
อุบลราชธานี,4,9,32074
อุบลราชธานี,4,5,20433
อุบลราชธานี,4,3,17335
อุบลราชธานี,4,14,7630
อุบลราชธานี,4,1,1804
อุบลราชธานี,4,10,1186
อุบลราชธานี,4,8,1048
อุบลราชธานี,4,2,506
อุบลราชธานี,4,25,466
อุบลราชธานี,4,29,438
อุบลราชธานี,4,4,363
อุบลราชธานี,4,23,333
อุบลราชธานี,4,6,330
อุบลราชธานี,4,11,287
อุบลราชธานี,4,7,121
อุบลราชธานี,4,13,103
อุบลราชธานี,4,21,103
อุบลราชธานี,4,12,100
อุบลราชธานี,4,36,90
อุบลราชธานี,4,37,88
อุบลราชธานี,4,24,76
อุบลราชธานี,4,15,68
อุบลราชธานี,4,22,68
อุบลราชธานี,4,17,66
อุบลราชธานี,4,30,55
อุบลราชธานี,4,18,47
อุบลราชธานี,4,28,45
อุบลราชธานี,4,16,40
อุบลราชธานี,4,32,38
อุบลราชธานี,4,34,35
อุบลราชธานี,4,26,24
อุบลราชธานี,4,20,22
อุบลราชธานี,4,31,17
อุบลราชธานี,4,33,17
อุบลราชธานี,4,35,11
อุบลราชธานี,4,19,0
อุบลราชธานี,4,27,0
อุบลราชธานี,5,4,42903
อุบลราชธานี,5,1,33960
อุบลราชธานี,5,7,6684
อุบลราชธานี,5,9,1424
อุบลราชธานี,5,13,1413
อุบลราชธานี,5,21,917
อุบลราชธานี,5,3,776
อุบลราชธานี,5,24,746
อุบลราชธานี,5,5,633
อุบลราชธานี,5,17,359
อุบลราชธานี,5,2,248
อุบลราชธานี,5,20,109
อุบลราชธานี,5,8,106
อุบลราชธานี,5,12,106
อุบลราชธานี,5,31,98
อุบลราชธานี,5,19,84
อุบลราชธานี,5,35,83
อุบลราชธานี,5,14,68
อุบลราชธานี,5,11,64
อุบลราชธานี,5,22,62
อุบลราชธานี,5,15,57
อุบลราชธานี,5,26,52
อุบลราชธานี,5,16,42
อุบลราชธานี,5,29,37
อุบลราชธานี,5,27,36
อุบลราชธานี,5,18,35
อุบลราชธานี,5,10,34
อุบลราชธานี,5,23,31
อุบลราชธานี,5,28,27
อุบลราชธานี,5,25,23
อุบลราชธานี,5,34,23
อุบลราชธานี,5,30,21
อุบลราชธานี,5,33,18
อุบลราชธานี,5,32,12
อุบลราชธานี,5,6,0
อุบลราชธานี,6,10,32630
อุบลราชธานี,6,6,32289
อุบลราชธานี,6,7,8320
อุบลราชธานี,6,5,3524
อุบลราชธานี,6,11,2511
อุบลราชธานี,6,16,852
อุบลราชธานี,6,30,779
อุบลราชธานี,6,2,577
อุบลราชธานี,6,12,493
อุบลราชธานี,6,26,451
อุบลราชธานี,6,9,309
อุบลราชธานี,6,18,277
อุบลราชธานี,6,14,228
อุบลราชธานี,6,1,196
อุบลราชธานี,6,17,182
อุบลราชธานี,6,25,178
อุบลราชธานี,6,15,128
อุบลราชธานี,6,13,126
อุบลราชธานี,6,20,119
อุบลราชธานี,6,3,117
อุบลราชธานี,6,31,104
อุบลราชธานี,6,24,103
อุบลราชธานี,6,4,100
อุบลราชธานี,6,32,93
อุบลราชธานี,6,8,90
อุบลราชธานี,6,29,90
อุบลราชธานี,6,23,84
อุบลราชธานี,6,21,77
อุบลราชธานี,6,40,75
อุบลราชธานี,6,22,70
อุบลราชธานี,6,27,66
อุบลราชธานี,6,34,64
อุบลราชธานี,6,35,50
อุบลราชธานี,6,28,43
อุบลราชธานี,6,39,23
อุบลราชธานี,6,37,22
อุบลราชธานี,6,38,20
อุบลราชธานี,6,33,17
อุบลราชธานี,6,36,7
อุบลราชธานี,6,19,0
อุบลราชธานี,7,4,34439
อุบลราชธานี,7,11,30748
อุบลราชธานี,7,10,8228
อุบลราชธานี,7,1,6326
อุบลราชธานี,7,6,3509
อุบลราชธานี,7,3,775
อุบลราชธานี,7,31,610
อุบลราชธานี,7,24,602
อุบลราชธานี,7,8,446
อุบลราชธานี,7,12,356
อุบลราชธานี,7,15,340
อุบลราชธานี,7,5,321
อุบลราชธานี,7,21,195
อุบลราชธานี,7,28,178
อุบลราชธานี,7,30,152
อุบลราชธานี,7,7,147
อุบลราชธานี,7,9,145
อุบลราชธานี,7,18,130
อุบลราชธานี,7,2,126
อุบลราชธานี,7,14,109
อุบลราชธานี,7,32,105
อุบลราชธานี,7,26,98
อุบลราชธานี,7,13,87
อุบลราชธานี,7,23,84
อุบลราชธานี,7,20,71
อุบลราชธานี,7,22,70
อุบลราชธานี,7,17,62
อุบลราชธานี,7,16,58
อุบลราชธานี,7,29,49
อุบลราชธานี,7,35,45
อุบลราชธานี,7,25,36
อุบลราชธานี,7,27,30
อุบลราชธานี,7,34,27
อุบลราชธานี,7,33,24
อุบลราชธานี,7,19,14
อุบลราชธานี,8,13,24306
อุบลราชธานี,8,2,22989
อุบลราชธานี,8,10,21429
อุบลราชธานี,8,14,11071
อุบลราชธานี,8,4,8260
อุบลราชธานี,8,5,979
อุบลราชธานี,8,12,651
อุบลราชธานี,8,33,416
อุบลราชธานี,8,22,398
อุบลราชธานี,8,6,376
อุบลราชธานี,8,30,365
อุบลราชธานี,8,1,317
อุบลราชธานี,8,11,297
อุบลราชธานี,8,3,287
อุบลราชธานี,8,9,272
อุบลราชธานี,8,20,185
อุบลราชธานี,8,28,159
อุบลราชธานี,8,31,158
อุบลราชธานี,8,34,156
อุบลราชธานี,8,8,143
อุบลราชธานี,8,7,131
อุบลราชธานี,8,16,110
อุบลราชธานี,8,15,109
อุบลราชธานี,8,23,102
อุบลราชธานี,8,24,77
อุบลราชธานี,8,32,76
อุบลราชธานี,8,21,73
อุบลราชธานี,8,29,45
อุบลราชธานี,8,19,36
อุบลราชธานี,8,27,31
อุบลราชธานี,8,18,25
อุบลราชธานี,8,25,15
อุบลราชธานี,8,26,11
อุบลราชธานี,8,17,0
อุบลราชธานี,9,9,33157
อุบลราชธานี,9,2,18579
อุบลราชธานี,9,13,14518
อุบลราชธานี,9,11,10427
อุบลราชธานี,9,8,3272
อุบลราชธานี,9,4,1257
อุบลราชธานี,9,7,705
อุบลราชธานี,9,22,545
อุบลราชธานี,9,1,445
อุบลราชธานี,9,12,438
อุบลราชธานี,9,14,391
อุบลราชธานี,9,33,365
อุบลราชธานี,9,3,350
อุบลราชธานี,9,10,335
อุบลราชธานี,9,6,242
อุบลราชธานี,9,15,224
อุบลราชธานี,9,17,207
อุบลราชธานี,9,16,182
อุบลราชธานี,9,21,182
อุบลราชธานี,9,31,171
อุบลราชธานี,9,28,164
อุบลราชธานี,9,5,161
อุบลราชธานี,9,23,155
อุบลราชธานี,9,19,99
อุบลราชธานี,9,30,99
อุบลราชธานี,9,20,92
อุบลราชธานี,9,36,75
อุบลราชธานี,9,27,60
อุบลราชธานี,9,34,59
อุบลราชธานี,9,32,55
อุบลราชธานี,9,24,54
อุบลราชธานี,9,35,46
อุบลราชธานี,9,26,34
อุบลราชธานี,9,25,26
อุบลราชธานี,9,18,0
อุบลราชธานี,9,29,0
อุบลราชธานี,10,10,36657
อุบลราชธานี,10,4,21617
อุบลราชธานี,10,6,10261
อุบลราชธานี,10,2,9532
อุบลราชธานี,10,9,8051
อุบลราชธานี,10,12,7325
อุบลราชธานี,10,3,1131
อุบลราชธานี,10,16,885
อุบลราชธานี,10,11,783
อุบลราชธานี,10,30,612
อุบลราชธานี,10,24,577
อุบลราชธานี,10,1,358
อุบลราชธานี,10,8,309
อุบลราชธานี,10,26,283
อุบลราชธานี,10,5,251
อุบลราชธานี,10,29,218
อุบลราชธานี,10,15,200
อุบลราชธานี,10,18,181
อุบลราชธานี,10,32,174
อุบลราชธานี,10,7,173
อุบลราชธานี,10,21,173
อุบลราชธานี,10,14,156
อุบลราชธานี,10,13,154
อุบลราชธานี,10,19,143
อุบลราชธานี,10,27,125
อุบลราชธานี,10,37,104
อุบลราชธานี,10,17,83
อุบลราชธานี,10,22,81
อุบลราชธานี,10,31,77
อุบลราชธานี,10,23,69
อุบลราชธานี,10,20,45
อุบลราชธานี,10,28,45
อุบลราชธานี,10,35,43
อุบลราชธานี,10,34,42
อุบลราชธานี,10,36,42
อุบลราชธานี,10,33,37
อุบลราชธานี,10,25,35
อ่างทอง,1,8,62741
อ่างทอง,1,5,47373
อ่างทอง,1,9,21321
อ่างทอง,1,2,18128
อ่างทอง,1,7,2287
อ่างทอง,1,25,1812
อ่างทอง,1,4,1669
อ่างทอง,1,13,1033
อ่างทอง,1,11,690
อ่างทอง,1,6,585
อ่างทอง,1,3,462
อ่างทอง,1,21,345
อ่างทอง,1,14,328
อ่างทอง,1,15,300
อ่างทอง,1,12,263
อ่างทอง,1,22,255
อ่างทอง,1,18,161
อ่างทอง,1,26,161
อ่างทอง,1,19,156
อ่างทอง,1,20,129
อ่างทอง,1,24,109
อ่างทอง,1,23,75
อ่างทอง,1,17,65
อ่างทอง,1,1,0
อ่างทอง,1,10,0
อ่างทอง,1,16,0