year,zone_id,province_id,province_name,region,zone_number,party_id,party_name,party_code,candidate_id,votes,vote_pct,rank,eligible_voters,total_votes,invalid_votes
2569,pv_51_z_2,pv_51,,,2,ely_y2569_id_1116011c-1ef3-4cca-a186-c1b9f7984ede,1116011c-1ef3-4cca-a186-c1b9f7984ede,46,ely_y2569_id_a4ebb88b-d53c-4a10-b145-3d32f1949a37,46583,41.91983729887333,1,162629,112157,7808
2569,pv_51_z_2,pv_51,,,2,ely_y2569_id_2d8a1c84-0bc8-4377-965d-c020a0097c27,2d8a1c84-0bc8-4377-965d-c020a0097c27,9,ely_y2569_id_677548ae-97df-4857-a554-1704f82e50be,33089,29.776645909074546,2,162629,112157,7808
2569,pv_51_z_2,pv_51,,,2,ely_y2569_id_013c219e-e197-416d-84ea-00ba9c35465e,013c219e-e197-416d-84ea-00ba9c35465e,37,ely_y2569_id_fc4c5e62-5acd-4671-84d2-897dbae33372,10698,9.627083258342033,3,162629,112157,7808
2569,pv_51_z_2,pv_51,,,2,ely_y2569_id_d7155f6d-736d-42c0-8bc0-00ee6e1970dc,d7155f6d-736d-42c0-8bc0-00ee6e1970dc,27,ely_y2569_id_13ce96a2-5887-4bad-bd23-d6e1debf431e,6007,5.405672941938735,4,162629,112157,7808
2569,pv_51_z_2,pv_51,,,2,ely_y2569_id_0c044088-618b-49af-a291-fb28ffe9e0f8,0c044088-618b-49af-a291-fb28ffe9e0f8,11,ely_y2569_id_c964b42b-3511-4c1c-bef3-f67b6b6002b6,4931,4.437385263309456,5,162629,112157,7808
2569,pv_51_z_2,pv_51,,,2,ely_y2569_id_115da917-bf32-4e96-a2ae-b7818d0909ee,115da917-bf32-4e96-a2ae-b7818d0909ee,6,ely_y2569_id_b416d1c7-109a-4ca9-b813-dc53c819541d,2750,2.4747129332997373,6,162629,112157,7808
2569,pv_51_z_2,pv_51,,,2,ely_y2569_id_a62aca08-91b7-4f3f-ba8f-cb9e884a3799,a62aca08-91b7-4f3f-ba8f-cb9e884a3799,42,ely_y2569_id_f762a0b5-dec2-4c89-a208-96559af07a18,2732,2.4585148122817753,7,162629,112157,7808
2569,pv_51_z_2,pv_51,,,2,ely_y2569_id_03347cbc-6089-474c-a3f6-484ae981c9a6,03347cbc-6089-474c-a3f6-484ae981c9a6,43,ely_y2569_id_1fbf0b01-e6ac-4584-a59a-ddda02e35cca,2573,2.315431409956445,8,162629,112157,7808
2569,pv_51_z_2,pv_51,,,2,ely_y2569_id_2ee17641-917b-4ea0-8c19-da383e03e915,2ee17641-917b-4ea0-8c19-da383e03e915,44,ely_y2569_id_dbfb034b-4737-47b5-bea4-fd09cf66eecb,1490,1.340844462042403,9,162629,112157,7808
2569,pv_51_z_2,pv_51,,,2,ely_y2569_id_c126e4e4-be85-44e6-bf3e-f9331b9f91a9,c126e4e4-be85-44e6-bf3e-f9331b9f91a9,24,ely_y2569_id_aa04b169-ce16-4b9f-a5e4-edc188a881d9,271,0.24387171088153772,10,162629,112157,7808
2569,pv_93_z_2,pv_93,,,2,ely_y2569_id_013c219e-e197-416d-84ea-00ba9c35465e,013c219e-e197-416d-84ea-00ba9c35465e,37,ely_y2569_id_23790bdf-f326-4984-adca-c33d65a0b670,55709,50.13589402066309,1,144593,111116,3431
2569,pv_93_z_2,pv_93,,,2,ely_y2569_id_2d8a1c84-0bc8-4377-965d-c020a0097c27,2d8a1c84-0bc8-4377-965d-c020a0097c27,9,ely_y2569_id_c97f7459-0605-4943-9958-5e23ab1b8922,34079,30.669750530976636,2,144593,111116,3431
2569,pv_93_z_2,pv_93,,,2,ely_y2569_id_d7155f6d-736d-42c0-8bc0-00ee6e1970dc,d7155f6d-736d-42c0-8bc0-00ee6e1970dc,27,ely_y2569_id_09227a0e-c340-4519-aa56-7d8aa22b0c19,11239,10.114654955181972,3,144593,111116,3431
2569,pv_93_z_2,pv_93,,,2,ely_y2569_id_1116011c-1ef3-4cca-a186-c1b9f7984ede,1116011c-1ef3-4cca-a186-c1b9f7984ede,46,ely_y2569_id_2a26859d-4a23-45ea-86e3-7cb0ea95b0a9,8406,7.565067137045969,4,144593,111116,3431
2569,pv_93_z_2,pv_93,,,2,ely_y2569_id_a62aca08-91b7-4f3f-ba8f-cb9e884a3799,a62aca08-91b7-4f3f-ba8f-cb9e884a3799,42,ely_y2569_id_0666141c-c5d9-44a9-9a4d-1d4b3677c001,950,0.8549623816552072,5,144593,111116,3431
2569,pv_93_z_2,pv_93,,,2,ely_y2569_id_965b4b93-c01e-4a2b-a987-577f2b99ebb4,965b4b93-c01e-4a2b-a987-577f2b99ebb4,49,ely_y2569_id_830bce22-fbfe-4848-825f-9dd89425bc00,448,0.4031822599805609,6,144593,111116,3431
2569,pv_93_z_2,pv_93,,,2,ely_y2569_id_bd8d9f14-f757-41fb-8f37-d6128d9d012d,bd8d9f14-f757-41fb-8f37-d6128d9d012d,7,ely_y2569_id_607cfc8b-2b5d-4db5-9655-0e8ec7817578,285,0.2564887144965622,7,144593,111116,3431
2569,pv_17_z_1,pv_17,,,1,ely_y2569_id_013c219e-e197-416d-84ea-00ba9c35465e,013c219e-e197-416d-84ea-00ba9c35465e,37,ely_y2569_id_01ed0ae9-139b-4c73-8c76-08f268c4ddae,61861,57.022104234647784,1,167173,108622,6676
2569,pv_17_z_1,pv_17,,,1,ely_y2569_id_1116011c-1ef3-4cca-a186-c1b9f7984ede,1116011c-1ef3-4cca-a186-c1b9f7984ede,46,ely_y2569_id_4969c4e5-d9ec-4377-9c6f-3265850380fc,30275,27.90682668731449,2,167173,108622,6676
2569,pv_17_z_1,pv_17,,,1,ely_y2569_id_2d8a1c84-0bc8-4377-965d-c020a0097c27,2d8a1c84-0bc8-4377-965d-c020a0097c27,9,ely_y2569_id_f8666ffe-e20b-4a15-8ecb-9a71ce75e141,12980,11.96467746990395,3,167173,108622,6676
2569,pv_17_z_1,pv_17,,,1,ely_y2569_id_d7155f6d-736d-42c0-8bc0-00ee6e1970dc,d7155f6d-736d-42c0-8bc0-00ee6e1970dc,27,ely_y2569_id_ad8df4b6-4ba6-4122-9108-c9fc2960866d,1454,1.3402651033313053,4,167173,108622,6676
2569,pv_17_z_1,pv_17,,,1,ely_y2569_id_03347cbc-6089-474c-a3f6-484ae981c9a6,03347cbc-6089-474c-a3f6-484ae981c9a6,43,ely_y2569_id_8b414a29-0931-4860-b984-447e0d7e6392,983,0.9061077005327876,5,167173,108622,6676
2569,pv_17_z_1,pv_17,,,1,ely_y2569_id_a62aca08-91b7-4f3f-ba8f-cb9e884a3799,a62aca08-91b7-4f3f-ba8f-cb9e884a3799,42,ely_y2569_id_43a50900-c261-4403-a69e-767f3e9e619e,933,0.8600188042696754,6,167173,108622,6676
2569,pv_24_z_4,pv_24,,,4,ely_y2569_id_a62aca08-91b7-4f3f-ba8f-cb9e884a3799,a62aca08-91b7-4f3f-ba8f-cb9e884a3799,42,ely_y2569_id_204f5207-cab9-4646-a868-ca8fd060596d,45411,42.15612554655081,1,151927,107721,6242
2569,pv_24_z_4,pv_24,,,4,ely_y2569_id_1116011c-1ef3-4cca-a186-c1b9f7984ede,1116011c-1ef3-4cca-a186-c1b9f7984ede,46,ely_y2569_id_be3f21f7-7f17-4241-bd69-47a5566b7fbd,34283,31.825735000603412,2,151927,107721,6242
2569,pv_24_z_4,pv_24,,,4,ely_y2569_id_2d8a1c84-0bc8-4377-965d-c020a0097c27,2d8a1c84-0bc8-4377-965d-c020a0097c27,9,ely_y2569_id_83575515-9a44-41b0-be32-179c7c289530,19442,18.04847708431968,3,151927,107721,6242
2569,pv_24_z_4,pv_24,,,4,ely_y2569_id_013c219e-e197-416d-84ea-00ba9c35465e,013c219e-e197-416d-84ea-00ba9c35465e,37,ely_y2569_id_14fb2386-9edc-41b0-b5ce-5265a1c44eb9,4240,3.9360941691963496,4,151927,107721,6242
2569,pv_24_z_4,pv_24,,,4,ely_y2569_id_d7155f6d-736d-42c0-8bc0-00ee6e1970dc,d7155f6d-736d-42c0-8bc0-00ee6e1970dc,27,ely_y2569_id_0d0fee56-6c68-48e8-bd15-b103aaeb5172,2444,2.268824091866952,5,151927,107721,6242
2569,pv_24_z_4,pv_24,,,4,ely_y2569_id_b6a2dc38-6f7d-4865-a6e0-a1b60a2edf32,,30,ely_y2569_id_88769092-1b56-4f3e-ac7a-11cc4a6e8b38,1129,1.048077904958179,6,151927,107721,6242
2569,pv_24_z_4,pv_24,,,4,ely_y2569_id_339fa187-133c-4766-a6c2-36d1b32cda8f,339fa187-133c-4766-a6c2-36d1b32cda8f,23,ely_y2569_id_92a8e629-b06a-480b-a670-f3251ae6e22d,772,0.7166662025046183,7,151927,107721,6242
2569,pv_24_z_2,pv_24,,,2,ely_y2569_id_a62aca08-91b7-4f3f-ba8f-cb9e884a3799,a62aca08-91b7-4f3f-ba8f-cb9e884a3799,42,ely_y2569_id_346c6bab-6b0f-48cb-b129-8c1b1070647b,48727,46.11286186109455,1,145059,105669,6316
2569,pv_24_z_2,pv_24,,,2,ely_y2569_id_2d8a1c84-0bc8-4377-965d-c020a0097c27,2d8a1c84-0bc8-4377-965d-c020a0097c27,9,ely_y2569_id_1eda776c-ce62-4902-b7de-fedaa181ad09,30804,29.151406751270475,2,145059,105669,6316
2569,pv_24_z_2,pv_24,,,2,ely_y2569_id_1116011c-1ef3-4cca-a186-c1b9f7984ede,1116011c-1ef3-4cca-a186-c1b9f7984ede,46,ely_y2569_id_0f5a9585-e312-4b8e-900b-7b92ee4e3da5,19493,18.4472267173911,3,145059,105669,6316
2569,pv_24_z_2,pv_24,,,2,ely_y2569_id_013c219e-e197-416d-84ea-00ba9c35465e,013c219e-e197-416d-84ea-00ba9c35465e,37,ely_y2569_id_f057e2a9-7ab2-45b2-baa3-39d6d4e3ae84,2938,2.780380243969376,4,145059,105669,6316
2569,pv_24_z_2,pv_24,,,2,ely_y2569_id_d7155f6d-736d-42c0-8bc0-00ee6e1970dc,d7155f6d-736d-42c0-8bc0-00ee6e1970dc,27,ely_y2569_id_1e14a42d-e7a1-435b-95d3-8abc2c48a4f1,2726,2.5797537593807074,5,145059,105669,6316
2569,pv_24_z_2,pv_24,,,2,ely_y2569_id_339fa187-133c-4766-a6c2-36d1b32cda8f,339fa187-133c-4766-a6c2-36d1b32cda8f,23,ely_y2569_id_24971e38-6b71-4994-a7c7-007ef0d649ad,981,0.928370666893791,6,145059,105669,6316
2569,pv_23_z_1,pv_23,,,1,ely_y2569_id_013c219e-e197-416d-84ea-00ba9c35465e,013c219e-e197-416d-84ea-00ba9c35465e,37,ely_y2569_id_c529c0fc-ecd7-45c9-be5e-ac3e995ce350,62391,59.73974989946188,1,176920,104438,5726
2569,pv_23_z_1,pv_23,,,1,ely_y2569_id_1116011c-1ef3-4cca-a186-c1b9f7984ede,1116011c-1ef3-4cca-a186-c1b9f7984ede,46,ely_y2569_id_90bc25a1-5b95-4fb0-86cc-379d18d9e813,22492,21.536222447768054,2,176920,104438,5726
2569,pv_23_z_1,pv_23,,,1,ely_y2569_id_d7155f6d-736d-42c0-8bc0-00ee6e1970dc,d7155f6d-736d-42c0-8bc0-00ee6e1970dc,27,ely_y2569_id_ee139be1-11bb-4c62-8fdf-99a8fd084c70,7006,6.708286255960474,3,176920,104438,5726
2569,pv_23_z_1,pv_23,,,1,ely_y2569_id_2d8a1c84-0bc8-4377-965d-c020a0097c27,2d8a1c84-0bc8-4377-965d-c020a0097c27,9,ely_y2569_id_d0157059-0a4e-4f03-b324-a55035ca3a48,4291,4.1086577682452745,4,176920,104438,5726
2569,pv_23_z_1,pv_23,,,1,ely_y2569_id_a62aca08-91b7-4f3f-ba8f-cb9e884a3799,a62aca08-91b7-4f3f-ba8f-cb9e884a3799,42,ely_y2569_id_40d799ad-38f7-4313-b310-74247dc4dcf0,3809,3.6471399299105687,5,176920,104438,5726
2569,pv_23_z_1,pv_23,,,1,ely_y2569_id_03347cbc-6089-474c-a3f6-484ae981c9a6,03347cbc-6089-474c-a3f6-484ae981c9a6,43,ely_y2569_id_1e17f896-5670-4309-84e1-e93978ae5f3e,3632,3.477661387617534,6,176920,104438,5726
2569,pv_23_z_1,pv_23,,,1,ely_y2569_id_cb1b6cf2-41fa-49b1-a060-01acf13edc81,cb1b6cf2-41fa-49b1-a060-01acf13edc81,48,ely_y2569_id_117a8589-3c9a-46cb-9310-0904dc4f73cf,817,0.7822823110362129,7,176920,104438,5726
2569,pv_93_z_1,pv_93,,,1,ely_y2569_id_013c219e-e197-416d-84ea-00ba9c35465e,013c219e-e197-416d-84ea-00ba9c35465e,37,ely_y2569_id_7e1d0ac9-7f85-44a2-adb9-4a245ec89413,40279,38.622111420078625,1,134471,104290,3086
2569,pv_93_z_1,pv_93,,,1,ely_y2569_id_a62aca08-91b7-4f3f-ba8f-cb9e884a3799,a62aca08-91b7-4f3f-ba8f-cb9e884a3799,42,ely_y2569_id_f4592112-a057-4053-9dfb-bd97db510ffb,38326,36.74944865279509,2,134471,104290,3086
2569,pv_93_z_1,pv_93,,,1,ely_y2569_id_d7155f6d-736d-42c0-8bc0-00ee6e1970dc,d7155f6d-736d-42c0-8bc0-00ee6e1970dc,27,ely_y2569_id_1ed0b157-17be-4268-9c4a-ec2c4eb86b30,14389,13.797104228593346,3,134471,104290,3086
2569,pv_93_z_1,pv_93,,,1,ely_y2569_id_1116011c-1ef3-4cca-a186-c1b9f7984ede,1116011c-1ef3-4cca-a186-c1b9f7984ede,46,ely_y2569_id_ca3309e7-eac8-40de-8672-43603b6516a0,9811,9.407421612810433,4,134471,104290,3086
2569,pv_93_z_1,pv_93,,,1,ely_y2569_id_115da917-bf32-4e96-a2ae-b7818d0909ee,115da917-bf32-4e96-a2ae-b7818d0909ee,6,ely_y2569_id_621759cb-2ec1-4a7c-9279-05e499bfe378,570,0.546552881388436,5,134471,104290,3086
2569,pv_93_z_1,pv_93,,,1,ely_y2569_id_2d8a1c84-0bc8-4377-965d-c020a0097c27,2d8a1c84-0bc8-4377-965d-c020a0097c27,9,ely_y2569_id_9fc715a4-4c93-4270-a262-117e3fd60e1e,518,0.49669191677054364,6,134471,104290,3086
2569,pv_93_z_1,pv_93,,,1,ely_y2569_id_965b4b93-c01e-4a2b-a987-577f2b99ebb4,965b4b93-c01e-4a2b-a987-577f2b99ebb4,49,ely_y2569_id_5ce54acf-aba3-452a-aea9-0aa40310fdd7,211,0.20232045258414036,7,134471,104290,3086
2569,pv_93_z_1,pv_93,,,1,ely_y2569_id_0c044088-618b-49af-a291-fb28ffe9e0f8,0c044088-618b-49af-a291-fb28ffe9e0f8,11,ely_y2569_id_5d866298-59b5-4edf-9d76-5f96a938f849,186,0.1783488349793844,8,134471,104290,3086
2569,pv_51_z_1,pv_51,,,1,ely_y2569_id_1116011c-1ef3-4cca-a186-c1b9f7984ede,1116011c-1ef3-4cca-a186-c1b9f7984ede,46,ely_y2569_id_191efd95-d3be-4d53-b41f-b8e931c5677e,54610,52.7995049744269,1,171262,103806,4891
2569,pv_51_z_1,pv_51,,,1,ely_y2569_id_2d8a1c84-0bc8-4377-965d-c020a0097c27,2d8a1c84-0bc8-4377-965d-c020a0097c27,9,ely_y2569_id_32b33573-f862-468b-915e-85f8006ec4ec,24334,23.527250577690975,2,171262,103806,4891
2569,pv_51_z_1,pv_51,,,1,ely_y2569_id_013c219e-e197-416d-84ea-00ba9c35465e,013c219e-e197-416d-84ea-00ba9c35465e,37,ely_y2569_id_8e7203d3-3370-4649-b463-90b24bb6c249,7082,6.8472091966469755,3,171262,103806,4891
2569,pv_51_z_1,pv_51,,,1,ely_y2569_id_d7155f6d-736d-42c0-8bc0-00ee6e1970dc,d7155f6d-736d-42c0-8bc0-00ee6e1970dc,27,ely_y2569_id_5b74931e-2d08-459c-8d79-81766f730ced,6163,5.958676966808149,4,171262,103806,4891
2569,pv_51_z_1,pv_51,,,1,ely_y2569_id_a62aca08-91b7-4f3f-ba8f-cb9e884a3799,a62aca08-91b7-4f3f-ba8f-cb9e884a3799,42,ely_y2569_id_8f82bca4-359d-4964-9455-06c74beae241,4032,3.8983263881503256,5,171262,103806,4891
2569,pv_51_z_1,pv_51,,,1,ely_y2569_id_bcdcd19b-d619-47dd-8535-fafb6bc6f4d8,bcdcd19b-d619-47dd-8535-fafb6bc6f4d8,12,ely_y2569_id_1fd13f4d-66ad-447f-9cbe-45c76d1ebfdf,2728,2.6375581316652004,6,171262,103806,4891
2569,pv_51_z_1,pv_51,,,1,ely_y2569_id_0c044088-618b-49af-a291-fb28ffe9e0f8,0c044088-618b-49af-a291-fb28ffe9e0f8,11,ely_y2569_id_1a5cb837-9909-4fb9-b270-8799fada14c1,2198,2.125129315762504,7,171262,103806,4891
2569,pv_51_z_1,pv_51,,,1,ely_y2569_id_115da917-bf32-4e96-a2ae-b7818d0909ee,115da917-bf32-4e96-a2ae-b7818d0909ee,6,ely_y2569_id_1d71c012-714a-42f8-b4a4-5b8a4c2bd62a,1281,1.238530779568593,8,171262,103806,4891
2569,pv_51_z_1,pv_51,,,1,ely_y2569_id_965b4b93-c01e-4a2b-a987-577f2b99ebb4,965b4b93-c01e-4a2b-a987-577f2b99ebb4,49,ely_y2569_id_985b7b99-05a7-4788-8c07-2cabd5101181,722,0.6980634058146168,9,171262,103806,4891
2569,pv_51_z_1,pv_51,,,1,ely_y2569_id_c126e4e4-be85-44e6-bf3e-f9331b9f91a9,c126e4e4-be85-44e6-bf3e-f9331b9f91a9,24,ely_y2569_id_55e871b3-4d6a-493c-ac1f-5bf12abff42c,279,0.26975026346575914,10,171262,103806,4891
2569,pv_16_z_2,pv_16,,,2,ely_y2569_id_013c219e-e197-416d-84ea-00ba9c35465e,013c219e-e197-416d-84ea-00ba9c35465e,37,ely_y2569_id_86fc7fb2-fa05-4b32-93dd-4b7c5eee9fd0,55191,53.66320845527823,1,149672,102847,6120
2569,pv_16_z_2,pv_16,,,2,ely_y2569_id_1116011c-1ef3-4cca-a186-c1b9f7984ede,1116011c-1ef3-4cca-a186-c1b9f7984ede,46,ely_y2569_id_76430db3-e1bc-4316-b07b-2620c6806426,22624,21.997724775637597,2,149672,102847,6120
2569,pv_16_z_2,pv_16,,,2,ely_y2569_id_2d8a1c84-0bc8-4377-965d-c020a0097c27,2d8a1c84-0bc8-4377-965d-c020a0097c27,9,ely_y2569_id_8d4afa7e-64cb-42b9-93d1-b1f8443af6ea,19690,19.144943459702276,3,149672,102847,6120
2569,pv_16_z_2,pv_16,,,2,ely_y2569_id_d7155f6d-736d-42c0-8bc0-00ee6e1970dc,d7155f6d-736d-42c0-8bc0-00ee6e1970dc,27,ely_y2569_id_6fb7009e-2794-481a-a713-c4adb297fd53,1459,1.4186121131389344,4,149672,102847,6120
2569,pv_16_z_2,pv_16,,,2,ely_y2569_id_0c044088-618b-49af-a291-fb28ffe9e0f8,0c044088-618b-49af-a291-fb28ffe9e0f8,11,ely_y2569_id_57026330-5617-4ec8-ae9f-07c409414cc0,1145,1.1133042286114325,5,149672,102847,6120
2569,pv_16_z_2,pv_16,,,2,ely_y2569_id_115da917-bf32-4e96-a2ae-b7818d0909ee,115da917-bf32-4e96-a2ae-b7818d0909ee,6,ely_y2569_id_824b96f3-85aa-4d94-ad5a-06e4cd4a183e,878,0.8536952949526968,6,149672,102847,6120
2569,pv_16_z_2,pv_16,,,2,ely_y2569_id_cb1b6cf2-41fa-49b1-a060-01acf13edc81,cb1b6cf2-41fa-49b1-a060-01acf13edc81,48,ely_y2569_id_e2437d29-bad0-464e-b7d4-9b8821a1bdd4,793,0.7710482561474812,7,149672,102847,6120
2569,pv_16_z_2,pv_16,,,2,ely_y2569_id_03347cbc-6089-474c-a3f6-484ae981c9a6,03347cbc-6089-474c-a3f6-484ae981c9a6,43,ely_y2569_id_1c1a3bc3-7ca7-43cf-97cc-27c028d21932,776,0.7545188483864381,8,149672,102847,6120
2569,pv_16_z_2,pv_16,,,2,ely_y2569_id_339fa187-133c-4766-a6c2-36d1b32cda8f,339fa187-133c-4766-a6c2-36d1b32cda8f,23,ely_y2569_id_417ee6f4-f6e6-4a2b-9126-ea956926cdfa,291,0.2829445681449143,9,149672,102847,6120
2569,pv_70_z_4,pv_70,,,4,ely_y2569_id_013c219e-e197-416d-84ea-00ba9c35465e,013c219e-e197-416d-84ea-00ba9c35465e,37,ely_y2569_id_643e9985-c566-4f16-8315-3e0f27bb1eb3,52731,51.44036133412676,1,140248,102509,5523
2569,pv_70_z_4,pv_70,,,4,ely_y2569_id_1116011c-1ef3-4cca-a186-c1b9f7984ede,1116011c-1ef3-4cca-a186-c1b9f7984ede,46,ely_y2569_id_c760f95a-61e1-4e2a-b71e-9edd0453f4a9,24904,24.29445219444146,2,140248,102509,5523
2569,pv_70_z_4,pv_70,,,4,ely_y2569_id_a62aca08-91b7-4f3f-ba8f-cb9e884a3799,a62aca08-91b7-4f3f-ba8f-cb9e884a3799,42,ely_y2569_id_f3ffa0ef-546b-4650-bdf0-a610104cac1a,19854,19.368055487810825,3,140248,102509,5523
2569,pv_70_z_4,pv_70,,,4,ely_y2569_id_2d8a1c84-0bc8-4377-965d-c020a0097c27,2d8a1c84-0bc8-4377-965d-c020a0097c27,9,ely_y2569_id_53b80ace-41cb-4e55-aa2b-3952938f7a89,2984,2.910963915363529,4,140248,102509,5523
2569,pv_70_z_4,pv_70,,,4,ely_y2569_id_d7155f6d-736d-42c0-8bc0-00ee6e1970dc,d7155f6d-736d-42c0-8bc0-00ee6e1970dc,27,ely_y2569_id_3408bbfa-4978-4457-a24b-e2866b46fc9d,821,0.8009052863650997,5,140248,102509,5523
2569,pv_70_z_4,pv_70,,,4,ely_y2569_id_0c044088-618b-49af-a291-fb28ffe9e0f8,0c044088-618b-49af-a291-fb28ffe9e0f8,11,ely_y2569_id_075f92f5-43d8-4579-b630-c6f225f80439,610,0.5950697011969681,6,140248,102509,5523
2569,pv_70_z_4,pv_70,,,4,ely_y2569_id_115da917-bf32-4e96-a2ae-b7818d0909ee,115da917-bf32-4e96-a2ae-b7818d0909ee,6,ely_y2569_id_dac99055-2f48-4cce-b75f-e769b8998c23,605,0.5901920806953536,7,140248,102509,5523
2569,pv_16_z_4,pv_16,,,4,ely_y2569_id_2d8a1c84-0bc8-4377-965d-c020a0097c27,2d8a1c84-0bc8-4377-965d-c020a0097c27,9,ely_y2569_id_17bae6ae-4070-4d7c-970d-33248b4cdef6,47865,46.83647109475909,1,149394,102196,6837
2569,pv_16_z_4,pv_16,,,4,ely_y2569_id_a62aca08-91b7-4f3f-ba8f-cb9e884a3799,a62aca08-91b7-4f3f-ba8f-cb9e884a3799,42,ely_y2569_id_9bbab672-4ac4-42bb-844d-b53ac505d3c8,31093,30.424869857920072,2,149394,102196,6837
2569,pv_16_z_4,pv_16,,,4,ely_y2569_id_1116011c-1ef3-4cca-a186-c1b9f7984ede,1116011c-1ef3-4cca-a186-c1b9f7984ede,46,ely_y2569_id_b6a2e443-675b-48b1-ac72-940b77085624,17319,16.94684723472543,3,149394,102196,6837
2569,pv_16_z_4,pv_16,,,4,ely_y2569_id_013c219e-e197-416d-84ea-00ba9c35465e,013c219e-e197-416d-84ea-00ba9c35465e,37,ely_y2569_id_e14d37ce-05f8-46bc-9cc4-7ad7f91294da,2205,2.157618693490939,4,149394,102196,6837
2569,pv_16_z_4,pv_16,,,4,ely_y2569_id_d7155f6d-736d-42c0-8bc0-00ee6e1970dc,d7155f6d-736d-42c0-8bc0-00ee6e1970dc,27,ely_y2569_id_8d181048-ba17-4557-a2de-030ee016e3d8,1279,1.251516693412658,5,149394,102196,6837
2569,pv_16_z_4,pv_16,,,4,ely_y2569_id_115da917-bf32-4e96-a2ae-b7818d0909ee,115da917-bf32-4e96-a2ae-b7818d0909ee,6,ely_y2569_id_c44d0ea2-4e42-4d54-92b5-4c5d1ffb8546,1216,1.1898704450272026,6,149394,102196,6837
2569,pv_16_z_4,pv_16,,,4,ely_y2569_id_0c044088-618b-49af-a291-fb28ffe9e0f8,0c044088-618b-49af-a291-fb28ffe9e0f8,11,ely_y2569_id_b36ea7ae-5274-4af1-aa57-9317aa55da33,1008,0.9863399741672864,7,149394,102196,6837
2569,pv_16_z_4,pv_16,,,4,ely_y2569_id_03347cbc-6089-474c-a3f6-484ae981c9a6,03347cbc-6089-474c-a3f6-484ae981c9a6,43,ely_y2569_id_7e072375-8f8c-4450-b186-81ca57cbfc93,211,0.20646600649731886,8,149394,102196,6837
2569,pv_77_z_1,pv_77,,,1,ely_y2569_id_013c219e-e197-416d-84ea-00ba9c35465e,013c219e-e197-416d-84ea-00ba9c35465e,37,ely_y2569_id_e7db4b65-f6b6-4829-b1ae-bf2c1e8323d7,47612,46.64230644892681,1,152840,102079,6600
2569,pv_77_z_1,pv_77,,,1,ely_y2569_id_a62aca08-91b7-4f3f-ba8f-cb9e884a3799,a62aca08-91b7-4f3f-ba8f-cb9e884a3799,42,ely_y2569_id_51280355-b8ba-40ce-a8c4-d3b77e662569,40856,40.02390305547664,2,152840,102079,6600
2569,pv_77_z_1,pv_77,,,1,ely_y2569_id_1116011c-1ef3-4cca-a186-c1b9f7984ede,1116011c-1ef3-4cca-a186-c1b9f7984ede,46,ely_y2569_id_63c21b5e-9651-4bfa-a4f3-72499e5d0036,10158,9.951116292283428,3,152840,102079,6600
2569,pv_77_z_1,pv_77,,,1,ely_y2569_id_d7155f6d-736d-42c0-8bc0-00ee6e1970dc,d7155f6d-736d-42c0-8bc0-00ee6e1970dc,27,ely_y2569_id_c4e9e7c1-0fc8-4a66-b6cd-12baf2d2b898,2129,2.0856395536790133,4,152840,102079,6600
2569,pv_77_z_1,pv_77,,,1,ely_y2569_id_2d8a1c84-0bc8-4377-965d-c020a0097c27,2d8a1c84-0bc8-4377-965d-c020a0097c27,9,ely_y2569_id_d40c8d33-aa03-498f-b9e1-bf55b0222202,812,0.7954623379931229,5,152840,102079,6600
2569,pv_77_z_1,pv_77,,,1,ely_y2569_id_965b4b93-c01e-4a2b-a987-577f2b99ebb4,965b4b93-c01e-4a2b-a987-577f2b99ebb4,49,ely_y2569_id_0eef5ba9-6ca3-4076-b485-09ea91e653df,512,0.501572311640984,6,152840,102079,6600
2569,pv_70_z_5,pv_70,,,5,ely_y2569_id_013c219e-e197-416d-84ea-00ba9c35465e,013c219e-e197-416d-84ea-00ba9c35465e,37,ely_y2569_id_f3b39a52-bca1-41e3-be85-741f5e5051d0,41923,41.7472441023292,1,133947,100421,5839
2569,pv_70_z_5,pv_70,,,5,ely_y2569_id_a62aca08-91b7-4f3f-ba8f-cb9e884a3799,a62aca08-91b7-4f3f-ba8f-cb9e884a3799,42,ely_y2569_id_e37a176c-ae5c-4bf2-a677-77cdd2ab79e3,37575,37.41747244102329,2,133947,100421,5839
2569,pv_70_z_5,pv_70,,,5,ely_y2569_id_1116011c-1ef3-4cca-a186-c1b9f7984ede,1116011c-1ef3-4cca-a186-c1b9f7984ede,46,ely_y2569_id_73a69a39-0006-4499-8aaf-5d15defca4a5,16046,15.978729548600393,3,133947,100421,5839
2569,pv_70_z_5,pv_70,,,5,ely_y2569_id_2d8a1c84-0bc8-4377-965d-c020a0097c27,2d8a1c84-0bc8-4377-965d-c020a0097c27,9,ely_y2569_id_c5924681-4135-4c47-9e2a-bb8ea3fceded,1664,1.6570239292578246,4,133947,100421,5839
2569,pv_70_z_5,pv_70,,,5,ely_y2569_id_d7155f6d-736d-42c0-8bc0-00ee6e1970dc,d7155f6d-736d-42c0-8bc0-00ee6e1970dc,27,ely_y2569_id_775366ba-3e40-4f58-b0a5-e4cbb4ca1cb8,1545,1.538522818932295,5,133947,100421,5839
2569,pv_70_z_5,pv_70,,,5,ely_y2569_id_115da917-bf32-4e96-a2ae-b7818d0909ee,115da917-bf32-4e96-a2ae-b7818d0909ee,6,ely_y2569_id_90dbab92-c85a-4594-93f1-7b734bda69c1,872,0.8683442706206869,6,133947,100421,5839
2569,pv_70_z_5,pv_70,,,5,ely_y2569_id_0c044088-618b-49af-a291-fb28ffe9e0f8,0c044088-618b-49af-a291-fb28ffe9e0f8,11,ely_y2569_id_968284f6-71e8-4e21-aa10-0ba5078e9008,562,0.5596438991844336,7,133947,100421,5839
2569,pv_70_z_5,pv_70,,,5,ely_y2569_id_cb1b6cf2-41fa-49b1-a060-01acf13edc81,cb1b6cf2-41fa-49b1-a060-01acf13edc81,48,ely_y2569_id_4b95a0eb-707a-4e9b-a5d9-821d1c22ef44,234,0.23301899005188156,8,133947,100421,5839
2569,pv_50_z_8,pv_50,,,8,ely_y2569_id_1116011c-1ef3-4cca-a186-c1b9f7984ede,1116011c-1ef3-4cca-a186-c1b9f7984ede,46,ely_y2569_id_0ff32ffc-d0d9-4647-b632-0ac5f0b8128b,54200,54.29556018592723,1,141140,100791,4498
2569,pv_50_z_8,pv_50,,,8,ely_y2569_id_2d8a1c84-0bc8-4377-965d-c020a0097c27,2d8a1c84-0bc8-4377-965d-c020a0097c27,9,ely_y2569_id_64d17ad2-e296-4d5e-b5d3-245446bec65c,26586,26.632873857990063,2,141140,100791,4498
2569,pv_50_z_8,pv_50,,,8,ely_y2569_id_013c219e-e197-416d-84ea-00ba9c35465e,013c219e-e197-416d-84ea-00ba9c35465e,37,ely_y2569_id_80823f1b-8452-4fe6-844b-751c6ffff217,5215,5.224194582465139,3,141140,100791,4498
2569,pv_50_z_8,pv_50,,,8,ely_y2569_id_a62aca08-91b7-4f3f-ba8f-cb9e884a3799,a62aca08-91b7-4f3f-ba8f-cb9e884a3799,42,ely_y2569_id_e119f8e6-19f7-43dc-9849-a57632e2307d,3635,3.6414088796281456,4,141140,100791,4498
2569,pv_50_z_8,pv_50,,,8,ely_y2569_id_2ee17641-917b-4ea0-8c19-da383e03e915,2ee17641-917b-4ea0-8c19-da383e03e915,44,ely_y2569_id_d84b9ee7-edfc-42c0-a001-80c665013009,3168,3.173585510498477,5,141140,100791,4498
2569,pv_50_z_8,pv_50,,,8,ely_y2569_id_0c044088-618b-49af-a291-fb28ffe9e0f8,0c044088-618b-49af-a291-fb28ffe9e0f8,11,ely_y2569_id_ac87515a-f1d7-4ff1-b078-f5e5756feb02,1812,1.815194742747235,6,141140,100791,4498
2569,pv_50_z_8,pv_50,,,8,ely_y2569_id_03347cbc-6089-474c-a3f6-484ae981c9a6,03347cbc-6089-474c-a3f6-484ae981c9a6,43,ely_y2569_id_21784778-2cc2-4616-b072-666aa74e999c,1784,1.7871453758615163,7,141140,100791,4498
2569,pv_50_z_8,pv_50,,,8,ely_y2569_id_d7155f6d-736d-42c0-8bc0-00ee6e1970dc,d7155f6d-736d-42c0-8bc0-00ee6e1970dc,27,ely_y2569_id_121d4930-ae25-4da3-a78b-18b01af63a03,1574,1.5767751242186248,8,141140,100791,4498
2569,pv_50_z_8,pv_50,,,8,ely_y2569_id_115da917-bf32-4e96-a2ae-b7818d0909ee,115da917-bf32-4e96-a2ae-b7818d0909ee,6,ely_y2569_id_6e21fae7-ae91-4caa-8c70-68f51177c294,985,0.9867366565154672,9,141140,100791,4498
2569,pv_50_z_8,pv_50,,,8,ely_y2569_id_c126e4e4-be85-44e6-bf3e-f9331b9f91a9,c126e4e4-be85-44e6-bf3e-f9331b9f91a9,24,ely_y2569_id_bf8b8000-e465-4fbb-b717-c041326fb35d,610,0.6110754928674467,10,141140,100791,4498
2569,pv_50_z_8,pv_50,,,8,ely_y2569_id_7ffe2115-72d1-4d71-9962-03ff61afc67c,,31,ely_y2569_id_91cd8675-e6a3-4492-900a-4c2c0ffe5471,138,0.13824330822247155,11,141140,100791,4498
2569,pv_50_z_8,pv_50,,,8,ely_y2569_id_7255d2d0-1f49-4fd8-adad-7acfea2d5126,7255d2d0-1f49-4fd8-adad-7acfea2d5126,56,ely_y2569_id_b2630ca8-d865-43bd-8559-7ac519afa23a,117,0.1172062830581824,12,141140,100791,4498
2569,pv_52_z_4,pv_52,,,4,ely_y2569_id_a62aca08-91b7-4f3f-ba8f-cb9e884a3799,a62aca08-91b7-4f3f-ba8f-cb9e884a3799,42,ely_y2569_id_5c35579e-42b4-41f9-a881-a32cf32fc4a3,36082,36.331963911712585,1,157791,100874,6391
2569,pv_52_z_4,pv_52,,,4,ely_y2569_id_1116011c-1ef3-4cca-a186-c1b9f7984ede,1116011c-1ef3-4cca-a186-c1b9f7984ede,46,ely_y2569_id_ef64412e-2ae0-48ec-a513-da5c8a5ec16d,28443,28.640043499275013,2,157791,100874,6391
2569,pv_52_z_4,pv_52,,,4,ely_y2569_id_03347cbc-6089-474c-a3f6-484ae981c9a6,03347cbc-6089-474c-a3f6-484ae981c9a6,43,ely_y2569_id_4ebd4889-208b-4ada-82cf-b2303aabba70,15209,15.314362816175286,3,157791,100874,6391
2569,pv_52_z_4,pv_52,,,4,ely_y2569_id_2d8a1c84-0bc8-4377-965d-c020a0097c27,2d8a1c84-0bc8-4377-965d-c020a0097c27,9,ely_y2569_id_2efc0b7b-8de7-441e-8c88-8e7c468d854d,12748,12.836313839213792,4,157791,100874,6391
2569,pv_52_z_4,pv_52,,,4,ely_y2569_id_013c219e-e197-416d-84ea-00ba9c35465e,013c219e-e197-416d-84ea-00ba9c35465e,37,ely_y2569_id_ce11b54f-c551-4563-b0df-3d6169db9e2f,3945,3.972329627839536,5,157791,100874,6391
2569,pv_52_z_4,pv_52,,,4,ely_y2569_id_d7155f6d-736d-42c0-8bc0-00ee6e1970dc,d7155f6d-736d-42c0-8bc0-00ee6e1970dc,27,ely_y2569_id_bcb2891d-6992-4183-8e62-59031deaae0f,1502,1.5124053487997422,6,157791,100874,6391
2569,pv_52_z_4,pv_52,,,4,ely_y2569_id_cb1b6cf2-41fa-49b1-a060-01acf13edc81,cb1b6cf2-41fa-49b1-a060-01acf13edc81,48,ely_y2569_id_523d708c-88a7-40a6-9aa4-bb13d91d98e2,1383,1.3925809569840502,7,157791,100874,6391
2569,pv_71_z_3,pv_71,,,3,ely_y2569_id_013c219e-e197-416d-84ea-00ba9c35465e,013c219e-e197-416d-84ea-00ba9c35465e,37,ely_y2569_id_32d7851e-acc7-48fe-b7b8-0e8e648fb490,46896,47.600970371197434,1,136011,98519,6023
2569,pv_71_z_3,pv_71,,,3,ely_y2569_id_2d8a1c84-0bc8-4377-965d-c020a0097c27,2d8a1c84-0bc8-4377-965d-c020a0097c27,9,ely_y2569_id_797e06d6-ab74-4490-915a-0f5e7d1bbc56,37533,38.097219825617394,2,136011,98519,6023
2569,pv_71_z_3,pv_71,,,3,ely_y2569_id_1116011c-1ef3-4cca-a186-c1b9f7984ede,1116011c-1ef3-4cca-a186-c1b9f7984ede,46,ely_y2569_id_75f07bb1-798a-4228-9670-54f7ac29e418,11876,12.054527553060831,3,136011,98519,6023
2569,pv_71_z_3,pv_71,,,3,ely_y2569_id_0c044088-618b-49af-a291-fb28ffe9e0f8,0c044088-618b-49af-a291-fb28ffe9e0f8,11,ely_y2569_id_d3723b4d-ba90-4d2b-83bb-d21a418923d6,1108,1.12465615769547,4,136011,98519,6023
2569,pv_71_z_3,pv_71,,,3,ely_y2569_id_d7155f6d-736d-42c0-8bc0-00ee6e1970dc,d7155f6d-736d-42c0-8bc0-00ee6e1970dc,27,ely_y2569_id_406279bb-bfb8-487f-b405-79126079641c,714,0.7247333001756007,5,136011,98519,6023
2569,pv_71_z_3,pv_71,,,3,ely_y2569_id_bd8d9f14-f757-41fb-8f37-d6128d9d012d,bd8d9f14-f757-41fb-8f37-d6128d9d012d,7,ely_y2569_id_c3065e6b-7575-4335-939b-1eedf3470014,392,0.3978927922532709,6,136011,98519,6023
2569,pv_93_z_3,pv_93,,,3,ely_y2569_id_a62aca08-91b7-4f3f-ba8f-cb9e884a3799,a62aca08-91b7-4f3f-ba8f-cb9e884a3799,42,ely_y2569_id_7890422f-00ba-43d5-a14d-bfcc9fe00a38,44245,45.15855762066607,1,143629,99698,3405
2569,pv_93_z_3,pv_93,,,3,ely_y2569_id_013c219e-e197-416d-84ea-00ba9c35465e,013c219e-e197-416d-84ea-00ba9c35465e,37,ely_y2569_id_21de6316-6b97-422a-9a18-ab6c776b2358,28907,29.503863151555976,2,143629,99698,3405
2569,pv_93_z_3,pv_93,,,3,ely_y2569_id_d7155f6d-736d-42c0-8bc0-00ee6e1970dc,d7155f6d-736d-42c0-8bc0-00ee6e1970dc,27,ely_y2569_id_dcbe2d38-28b4-4c0d-909f-2be69c9dd0b1,15023,15.33319044265491,3,143629,99698,3405
2569,pv_93_z_3,pv_93,,,3,ely_y2569_id_1116011c-1ef3-4cca-a186-c1b9f7984ede,1116011c-1ef3-4cca-a186-c1b9f7984ede,46,ely_y2569_id_11ae03c4-5461-4c97-8533-040fe734efb2,6380,6.511732345346356,4,143629,99698,3405
2569,pv_93_z_3,pv_93,,,3,ely_y2569_id_2d8a1c84-0bc8-4377-965d-c020a0097c27,2d8a1c84-0bc8-4377-965d-c020a0097c27,9,ely_y2569_id_d4fb4ac7-b383-4502-bb3a-0de9c1ddd989,1467,1.497290180348449,5,143629,99698,3405
2569,pv_93_z_3,pv_93,,,3,ely_y2569_id_bd8d9f14-f757-41fb-8f37-d6128d9d012d,bd8d9f14-f757-41fb-8f37-d6128d9d012d,7,ely_y2569_id_aec8c3cc-f89f-40f1-aae7-2bc73f0bdd56,766,0.7818161405227758,6,143629,99698,3405
2569,pv_93_z_3,pv_93,,,3,ely_y2569_id_d1964fe3-2dd0-43d5-a190-77fbfaf586b2,,8,ely_y2569_id_3684827e-02a9-4a2e-9461-ff4e4f3c548d,474,0.4837870112373312,7,143629,99698,3405
2569,pv_93_z_3,pv_93,,,3,ely_y2569_id_0c044088-618b-49af-a291-fb28ffe9e0f8,0c044088-618b-49af-a291-fb28ffe9e0f8,11,ely_y2569_id_cdde989b-6893-44d7-a980-f780fdad16ea,390,0.3980526041826143,8,143629,99698,3405
2569,pv_93_z_3,pv_93,,,3,ely_y2569_id_965b4b93-c01e-4a2b-a987-577f2b99ebb4,965b4b93-c01e-4a2b-a987-577f2b99ebb4,49,ely_y2569_id_951a6b5e-c049-4c63-890b-824ecc3fa8c6,325,0.3317105034855119,9,143629,99698,3405
2569,pv_72_z_3,pv_72,,,3,ely_y2569_id_a62aca08-91b7-4f3f-ba8f-cb9e884a3799,a62aca08-91b7-4f3f-ba8f-cb9e884a3799,42,ely_y2569_id_219058d6-dc1c-4929-9a3a-ad2e3bbec664,45123,46.393247105755584,1,130523,97262,6260
2569,pv_72_z_3,pv_72,,,3,ely_y2569_id_013c219e-e197-416d-84ea-00ba9c35465e,013c219e-e197-416d-84ea-00ba9c35465e,37,ely_y2569_id_c03fe8df-9de4-4cbf-8181-a30633909aa2,38182,39.25685262486891,2,130523,97262,6260
2569,pv_72_z_3,pv_72,,,3,ely_y2569_id_1116011c-1ef3-4cca-a186-c1b9f7984ede,1116011c-1ef3-4cca-a186-c1b9f7984ede,46,ely_y2569_id_cf72f317-0016-4f74-bdcc-9d98a3e4b19c,11526,11.850465752297918,3,130523,97262,6260
2569,pv_72_z_3,pv_72,,,3,ely_y2569_id_2d8a1c84-0bc8-4377-965d-c020a0097c27,2d8a1c84-0bc8-4377-965d-c020a0097c27,9,ely_y2569_id_2956349f-f802-49a2-886b-8a4d99a30bf9,1437,1.4774526536571324,4,130523,97262,6260
2569,pv_72_z_3,pv_72,,,3,ely_y2569_id_d7155f6d-736d-42c0-8bc0-00ee6e1970dc,d7155f6d-736d-42c0-8bc0-00ee6e1970dc,27,ely_y2569_id_81688e2d-943f-403d-a1d6-063f56242332,737,0.7577471160370957,5,130523,97262,6260
2569,pv_72_z_3,pv_72,,,3,ely_y2569_id_bd8d9f14-f757-41fb-8f37-d6128d9d012d,bd8d9f14-f757-41fb-8f37-d6128d9d012d,7,ely_y2569_id_7cb70a66-f595-4a5f-85cd-7d843af7c0fa,257,0.2642347473833563,6,130523,97262,6260
2569,pv_11_z_8,pv_11,,,8,ely_y2569_id_1116011c-1ef3-4cca-a186-c1b9f7984ede,1116011c-1ef3-4cca-a186-c1b9f7984ede,46,ely_y2569_id_2f782a14-deef-412a-84dd-9a37382f4373,37562,38.76367389060887,1,150829,98658,3831
2569,pv_11_z_8,pv_11,,,8,ely_y2569_id_2d8a1c84-0bc8-4377-965d-c020a0097c27,2d8a1c84-0bc8-4377-965d-c020a0097c27,9,ely_y2569_id_d8f01c57-5160-4e3c-8355-577c8331146e,26213,27.051599587203302,2,150829,98658,3831
2569,pv_11_z_8,pv_11,,,8,ely_y2569_id_a62aca08-91b7-4f3f-ba8f-cb9e884a3799,a62aca08-91b7-4f3f-ba8f-cb9e884a3799,42,ely_y2569_id_f7a21700-3e47-423d-9780-baf8ca8465b5,16351,16.87409700722394,3,150829,98658,3831
2569,pv_11_z_8,pv_11,,,8,ely_y2569_id_013c219e-e197-416d-84ea-00ba9c35465e,013c219e-e197-416d-84ea-00ba9c35465e,37,ely_y2569_id_9c17f116-d3ea-460e-876c-b8d6e325973d,7088,7.314757481940144,4,150829,98658,3831
2569,pv_11_z_8,pv_11,,,8,ely_y2569_id_d7155f6d-736d-42c0-8bc0-00ee6e1970dc,d7155f6d-736d-42c0-8bc0-00ee6e1970dc,27,ely_y2569_id_b3404cc8-db97-46ea-a33d-7e4e67b67d90,2880,2.9721362229102164,5,150829,98658,3831
2569,pv_11_z_8,pv_11,,,8,ely_y2569_id_0c044088-618b-49af-a291-fb28ffe9e0f8,0c044088-618b-49af-a291-fb28ffe9e0f8,11,ely_y2569_id_bcdaf4ce-a533-45cc-83c3-7cb0580bfdac,2315,2.3890608875129,6,150829,98658,3831
2569,pv_11_z_8,pv_11,,,8,ely_y2569_id_03347cbc-6089-474c-a3f6-484ae981c9a6,03347cbc-6089-474c-a3f6-484ae981c9a6,43,ely_y2569_id_efaeb71b-592a-44b0-a34d-b8df594b9a8b,2087,2.1537667698658414,7,150829,98658,3831
2569,pv_11_z_8,pv_11,,,8,ely_y2569_id_965b4b93-c01e-4a2b-a987-577f2b99ebb4,965b4b93-c01e-4a2b-a987-577f2b99ebb4,49,ely_y2569_id_85db3ba2-f6ca-4446-96c8-060ba54780a1,1045,1.0784313725490196,8,150829,98658,3831
2569,pv_11_z_8,pv_11,,,8,ely_y2569_id_b6a2dc38-6f7d-4865-a6e0-a1b60a2edf32,,30,ely_y2569_id_135dda82-2840-48ce-b1e3-5631b46a58ac,716,0.73890608875129,9,150829,98658,3831
2569,pv_11_z_8,pv_11,,,8,ely_y2569_id_339fa187-133c-4766-a6c2-36d1b32cda8f,339fa187-133c-4766-a6c2-36d1b32cda8f,23,ely_y2569_id_dbe2afa1-daf0-4ce1-8269-f09ccf5c8c35,643,0.6635706914344685,10,150829,98658,3831
2569,pv_75_z_1,pv_75,,,1,ely_y2569_id_1116011c-1ef3-4cca-a186-c1b9f7984ede,1116011c-1ef3-4cca-a186-c1b9f7984ede,46,ely_y2569_id_229b490d-5841-4a74-b014-25c73d4a06ad,37509,38.791044004343554,1,156265,97039,4762
2569,pv_75_z_1,pv_75,,,1,ely_y2569_id_a62aca08-91b7-4f3f-ba8f-cb9e884a3799,a62aca08-91b7-4f3f-ba8f-cb9e884a3799,42,ely_y2569_id_cd0cbe55-0abd-420c-bbb7-8426c0266c69,26780,27.695330678938934,2,156265,97039,4762
2569,pv_75_z_1,pv_75,,,1,ely_y2569_id_d7155f6d-736d-42c0-8bc0-00ee6e1970dc,d7155f6d-736d-42c0-8bc0-00ee6e1970dc,27,ely_y2569_id_bcd23581-321a-4b44-a451-7af84b156d9e,13019,13.463984694141374,3,156265,97039,4762
2569,pv_75_z_1,pv_75,,,1,ely_y2569_id_2d8a1c84-0bc8-4377-965d-c020a0097c27,2d8a1c84-0bc8-4377-965d-c020a0097c27,9,ely_y2569_id_b55cd7e2-a5d9-4287-8537-e113ff9d3b7d,12186,12.602513056517918,4,156265,97039,4762
2569,pv_75_z_1,pv_75,,,1,ely_y2569_id_013c219e-e197-416d-84ea-00ba9c35465e,013c219e-e197-416d-84ea-00ba9c35465e,37,ely_y2569_id_74feacc9-52f1-40d0-8ab0-575501c08131,6325,6.541186204043642,5,156265,97039,4762
2569,pv_75_z_1,pv_75,,,1,ely_y2569_id_aec0c4f2-be03-4a06-a205-b00971871173,,1,ely_y2569_id_f265a312-8497-44a9-98db-bbf2b9103601,876,0.9059413620145819,6,156265,97039,4762
2569,pv_14_z_4,pv_14,,,4,ely_y2569_id_013c219e-e197-416d-84ea-00ba9c35465e,013c219e-e197-416d-84ea-00ba9c35465e,37,ely_y2569_id_1dce0a12-914b-4f5d-8462-cea103e07675,47001,48.94509934602408,1,139523,96028,3972
2569,pv_14_z_4,pv_14,,,4,ely_y2569_id_1116011c-1ef3-4cca-a186-c1b9f7984ede,1116011c-1ef3-4cca-a186-c1b9f7984ede,46,ely_y2569_id_d4dfb5cd-9918-4941-989b-b8e2151c5f7e,27851,29.002999125255137,2,139523,96028,3972
2569,pv_14_z_4,pv_14,,,4,ely_y2569_id_2ee17641-917b-4ea0-8c19-da383e03e915,2ee17641-917b-4ea0-8c19-da383e03e915,44,ely_y2569_id_24324d7f-02e0-4b6a-841f-583ce67a898d,12310,12.819177739825886,3,139523,96028,3972
2569,pv_14_z_4,pv_14,,,4,ely_y2569_id_2d8a1c84-0bc8-4377-965d-c020a0097c27,2d8a1c84-0bc8-4377-965d-c020a0097c27,9,ely_y2569_id_09ff8414-0150-4b41-8bfc-f5c776ac5fe4,5146,5.35885366768026,4,139523,96028,3972
2569,pv_14_z_4,pv_14,,,4,ely_y2569_id_0c044088-618b-49af-a291-fb28ffe9e0f8,0c044088-618b-49af-a291-fb28ffe9e0f8,11,ely_y2569_id_398cada7-e9eb-4963-8892-ea786166e9ad,1361,1.4172949556379388,5,139523,96028,3972
2569,pv_14_z_4,pv_14,,,4,ely_y2569_id_115da917-bf32-4e96-a2ae-b7818d0909ee,115da917-bf32-4e96-a2ae-b7818d0909ee,6,ely_y2569_id_ac106e66-4dbe-4942-946e-2fb584377883,952,0.99137751489149,6,139523,96028,3972
2569,pv_14_z_4,pv_14,,,4,ely_y2569_id_d7155f6d-736d-42c0-8bc0-00ee6e1970dc,d7155f6d-736d-42c0-8bc0-00ee6e1970dc,27,ely_y2569_id_152bce46-2444-4f46-9138-c05a856513e9,884,0.9205648352563836,7,139523,96028,3972
2569,pv_14_z_4,pv_14,,,4,ely_y2569_id_03347cbc-6089-474c-a3f6-484ae981c9a6,03347cbc-6089-474c-a3f6-484ae981c9a6,43,ely_y2569_id_0c359365-1663-458d-950e-8528487925de,523,0.5446328154288332,8,139523,96028,3972
2569,pv_30_z_10,pv_30,,,10,ely_y2569_id_013c219e-e197-416d-84ea-00ba9c35465e,013c219e-e197-416d-84ea-00ba9c35465e,37,ely_y2569_id_2f50057c-95bf-4732-a0ce-804f5ad4ad22,40401,42.08744387611596,1,138144,95993,6222
2569,pv_30_z_10,pv_30,,,10,ely_y2569_id_2d8a1c84-0bc8-4377-965d-c020a0097c27,2d8a1c84-0bc8-4377-965d-c020a0097c27,9,ely_y2569_id_d94e1949-b851-4d51-8c3a-93063e2c911f,35460,36.94019355578011,2,138144,95993,6222
2569,pv_30_z_10,pv_30,,,10,ely_y2569_id_1116011c-1ef3-4cca-a186-c1b9f7984ede,1116011c-1ef3-4cca-a186-c1b9f7984ede,46,ely_y2569_id_120ba5ca-f32b-484f-8dca-7c1ef8721a97,12927,13.466606940089381,3,138144,95993,6222
2569,pv_30_z_10,pv_30,,,10,ely_y2569_id_2ee17641-917b-4ea0-8c19-da383e03e915,2ee17641-917b-4ea0-8c19-da383e03e915,44,ely_y2569_id_6e9a6c58-a599-4f65-82d5-9a76583bcb56,4462,4.648255601970977,4,138144,95993,6222
2569,pv_30_z_10,pv_30,,,10,ely_y2569_id_0c044088-618b-49af-a291-fb28ffe9e0f8,0c044088-618b-49af-a291-fb28ffe9e0f8,11,ely_y2569_id_3617c815-3e72-4975-af5e-71fa981efe27,1154,1.2021709916348067,5,138144,95993,6222
2569,pv_30_z_10,pv_30,,,10,ely_y2569_id_a62aca08-91b7-4f3f-ba8f-cb9e884a3799,a62aca08-91b7-4f3f-ba8f-cb9e884a3799,42,ely_y2569_id_fe08ac1c-6911-4a39-8228-4f595ca4ed47,922,0.9604867021553655,6,138144,95993,6222
2569,pv_30_z_10,pv_30,,,10,ely_y2569_id_d7155f6d-736d-42c0-8bc0-00ee6e1970dc,d7155f6d-736d-42c0-8bc0-00ee6e1970dc,27,ely_y2569_id_4bf447c9-f33e-4521-b79a-ffa1ed92d2cf,479,0.4989947183648808,7,138144,95993,6222
2569,pv_30_z_10,pv_30,,,10,ely_y2569_id_03347cbc-6089-474c-a3f6-484ae981c9a6,03347cbc-6089-474c-a3f6-484ae981c9a6,43,ely_y2569_id_bb19c172-a1b9-45f1-8c1a-9aa228f9d640,188,0.1958476138885127,8,138144,95993,6222
2569,pv_22_z_1,pv_22,,,1,ely_y2569_id_013c219e-e197-416d-84ea-00ba9c35465e,013c219e-e197-416d-84ea-00ba9c35465e,37,ely_y2569_id_0e3ceb84-6198-461b-909d-df2815eda158,31182,32.49275785173916,1,148028,95966,4217
2569,pv_22_z_1,pv_22,,,1,ely_y2569_id_1116011c-1ef3-4cca-a186-c1b9f7984ede,1116011c-1ef3-4cca-a186-c1b9f7984ede,46,ely_y2569_id_f093a658-4c47-4d08-84a2-86a92fea49c1,28065,29.24473250943042,2,148028,95966,4217
2569,pv_22_z_1,pv_22,,,1,ely_y2569_id_2d8a1c84-0bc8-4377-965d-c020a0097c27,2d8a1c84-0bc8-4377-965d-c020a0097c27,9,ely_y2569_id_c20797b2-0fc1-4c23-bc16-6f550922e29c,22510,23.45622407936144,3,148028,95966,4217
2569,pv_22_z_1,pv_22,,,1,ely_y2569_id_d7155f6d-736d-42c0-8bc0-00ee6e1970dc,d7155f6d-736d-42c0-8bc0-00ee6e1970dc,27,ely_y2569_id_d3468ccd-2d49-4d0f-89ba-1fcea69895ce,5948,6.198028468415898,4,148028,95966,4217
2569,pv_22_z_1,pv_22,,,1,ely_y2569_id_0c044088-618b-49af-a291-fb28ffe9e0f8,0c044088-618b-49af-a291-fb28ffe9e0f8,11,ely_y2569_id_7f2be31f-c9fd-4bd7-93a9-cc37baa8a5b0,3286,3.4241293791551177,5,148028,95966,4217
2569,pv_22_z_1,pv_22,,,1,ely_y2569_id_115da917-bf32-4e96-a2ae-b7818d0909ee,115da917-bf32-4e96-a2ae-b7818d0909ee,6,ely_y2569_id_cad6d6b6-9a80-443a-970d-453b2418eb5b,2033,2.11845862076152,6,148028,95966,4217
2569,pv_22_z_1,pv_22,,,1,ely_y2569_id_a62aca08-91b7-4f3f-ba8f-cb9e884a3799,a62aca08-91b7-4f3f-ba8f-cb9e884a3799,42,ely_y2569_id_a7bd561d-7013-45b1-b623-e0793e81c3a1,1614,1.6818456536690076,7,148028,95966,4217
2569,pv_22_z_1,pv_22,,,1,ely_y2569_id_965b4b93-c01e-4a2b-a987-577f2b99ebb4,965b4b93-c01e-4a2b-a987-577f2b99ebb4,49,ely_y2569_id_84bf9802-909d-4792-8ccf-d2e1bf1880bd,1075,1.120188400058354,8,148028,95966,4217
2569,pv_22_z_1,pv_22,,,1,ely_y2569_id_339fa187-133c-4766-a6c2-36d1b32cda8f,339fa187-133c-4766-a6c2-36d1b32cda8f,23,ely_y2569_id_118ddab9-b019-451b-8bab-4d85f21fbd65,253,0.2636350374090824,9,148028,95966,4217
2569,pv_86_z_2,pv_86,,,2,ely_y2569_id_013c219e-e197-416d-84ea-00ba9c35465e,013c219e-e197-416d-84ea-00ba9c35465e,37,ely_y2569_id_a96a5a3e-db9e-4db5-bf1c-7b26178a6221,33428,34.83498504600828,1,136820,96521,3562
2569,pv_86_z_2,pv_86,,,2,ely_y2569_id_a62aca08-91b7-4f3f-ba8f-cb9e884a3799,a62aca08-91b7-4f3f-ba8f-cb9e884a3799,42,ely_y2569_id_72d0fdb3-4173-451f-b9a3-38ee5f72d21c,22142,23.07395712841675,2,136820,96521,3562
2569,pv_86_z_2,pv_86,,,2,ely_y2569_id_d7155f6d-736d-42c0-8bc0-00ee6e1970dc,d7155f6d-736d-42c0-8bc0-00ee6e1970dc,27,ely_y2569_id_e2118249-779d-4056-8fa0-8a4aa1778559,15368,16.014839361824073,3,136820,96521,3562
2569,pv_86_z_2,pv_86,,,2,ely_y2569_id_2ee17641-917b-4ea0-8c19-da383e03e915,2ee17641-917b-4ea0-8c19-da383e03e915,44,ely_y2569_id_b9016669-0b26-456f-8974-95901886f666,14202,14.799762403476413,4,136820,96521,3562
2569,pv_86_z_2,pv_86,,,2,ely_y2569_id_1116011c-1ef3-4cca-a186-c1b9f7984ede,1116011c-1ef3-4cca-a186-c1b9f7984ede,46,ely_y2569_id_d0f62bd4-e061-4fda-aeb5-5b4837e26f91,9583,9.986348620793864,5,136820,96521,3562
2569,pv_86_z_2,pv_86,,,2,ely_y2569_id_2d8a1c84-0bc8-4377-965d-c020a0097c27,2d8a1c84-0bc8-4377-965d-c020a0097c27,9,ely_y2569_id_37eab102-b44e-4b2b-82d8-ea564c260bc6,733,0.7638519815341649,6,136820,96521,3562
2569,pv_86_z_2,pv_86,,,2,ely_y2569_id_bcdcd19b-d619-47dd-8535-fafb6bc6f4d8,bcdcd19b-d619-47dd-8535-fafb6bc6f4d8,12,ely_y2569_id_f17406ed-e259-421c-904c-fd24daa35bf4,505,0.5262554579464575,7,136820,96521,3562
2569,pv_35_z_1,pv_35,,,1,ely_y2569_id_013c219e-e197-416d-84ea-00ba9c35465e,013c219e-e197-416d-84ea-00ba9c35465e,37,ely_y2569_id_1c64fed5-7cd6-4f66-9e18-2e9a393e782a,46760,48.878900329274025,1,144704,95665,3785
2569,pv_35_z_1,pv_35,,,1,ely_y2569_id_2d8a1c84-0bc8-4377-965d-c020a0097c27,2d8a1c84-0bc8-4377-965d-c020a0097c27,9,ely_y2569_id_86af9b77-d459-48b7-b96a-34cfe5b7364e,34668,36.23895886687921,2,144704,95665,3785
2569,pv_35_z_1,pv_35,,,1,ely_y2569_id_1116011c-1ef3-4cca-a186-c1b9f7984ede,1116011c-1ef3-4cca-a186-c1b9f7984ede,46,ely_y2569_id_c2c5573d-dedf-4523-a5c0-6be6d669d942,12243,12.797783933518007,3,144704,95665,3785
2569,pv_35_z_1,pv_35,,,1,ely_y2569_id_d7155f6d-736d-42c0-8bc0-00ee6e1970dc,d7155f6d-736d-42c0-8bc0-00ee6e1970dc,27,ely_y2569_id_0cb4568a-aa9e-4d57-9bfb-0fe6fefddf8a,1213,1.2679663408770188,4,144704,95665,3785
2569,pv_35_z_1,pv_35,,,1,ely_y2569_id_0c044088-618b-49af-a291-fb28ffe9e0f8,0c044088-618b-49af-a291-fb28ffe9e0f8,11,ely_y2569_id_8e36f860-7def-48ed-9e4b-eece8eac57f4,405,0.42335232321120575,5,144704,95665,3785
2569,pv_35_z_1,pv_35,,,1,ely_y2569_id_d1964fe3-2dd0-43d5-a190-77fbfaf586b2,,8,ely_y2569_id_4e4c6b20-e823-4f48-873c-b5e18dbc95c0,198,0.20697224690325614,6,144704,95665,3785
2569,pv_35_z_1,pv_35,,,1,ely_y2569_id_965b4b93-c01e-4a2b-a987-577f2b99ebb4,965b4b93-c01e-4a2b-a987-577f2b99ebb4,49,ely_y2569_id_53e75529-7ed0-48ed-801f-34a677c320b1,178,0.1860659593372707,7,144704,95665,3785
2569,pv_73_z_5,pv_73,,,5,ely_y2569_id_013c219e-e197-416d-84ea-00ba9c35465e,013c219e-e197-416d-84ea-00ba9c35465e,37,ely_y2569_id_81e3d9a9-90fd-4e7e-97ae-17d327db6492,39070,41.21481919068315,1,131195,94796,4264
2569,pv_73_z_5,pv_73,,,5,ely_y2569_id_1116011c-1ef3-4cca-a186-c1b9f7984ede,1116011c-1ef3-4cca-a186-c1b9f7984ede,46,ely_y2569_id_d5efa2fd-6991-46cd-ace1-8c597f5ae6da,23648,24.946200261614415,2,131195,94796,4264
2569,pv_73_z_5,pv_73,,,5,ely_y2569_id_a62aca08-91b7-4f3f-ba8f-cb9e884a3799,a62aca08-91b7-4f3f-ba8f-cb9e884a3799,42,ely_y2569_id_a32ce1dd-3dd0-45c9-907c-179b9cdc2eca,23094,24.3617874171906,3,131195,94796,4264
2569,pv_73_z_5,pv_73,,,5,ely_y2569_id_2d8a1c84-0bc8-4377-965d-c020a0097c27,2d8a1c84-0bc8-4377-965d-c020a0097c27,9,ely_y2569_id_3534620d-19de-4f4f-8496-b3f8544e803b,3871,4.083505633149078,4,131195,94796,4264
2569,pv_73_z_5,pv_73,,,5,ely_y2569_id_d7155f6d-736d-42c0-8bc0-00ee6e1970dc,d7155f6d-736d-42c0-8bc0-00ee6e1970dc,27,ely_y2569_id_9cf83dd7-8116-4640-852d-6852f95a5ec2,1760,1.856618422718258,5,131195,94796,4264
2569,pv_73_z_5,pv_73,,,5,ely_y2569_id_0c044088-618b-49af-a291-fb28ffe9e0f8,0c044088-618b-49af-a291-fb28ffe9e0f8,11,ely_y2569_id_9c6ab941-6208-4502-a9ea-80338e894423,1404,1.4810751508502469,6,131195,94796,4264
2569,pv_73_z_5,pv_73,,,5,ely_y2569_id_115da917-bf32-4e96-a2ae-b7818d0909ee,115da917-bf32-4e96-a2ae-b7818d0909ee,6,ely_y2569_id_7852613b-dbe0-4cea-b55a-3a8b4d2606c7,1048,1.1055318789822355,7,131195,94796,4264
2569,pv_73_z_5,pv_73,,,5,ely_y2569_id_7255d2d0-1f49-4fd8-adad-7acfea2d5126,7255d2d0-1f49-4fd8-adad-7acfea2d5126,56,ely_y2569_id_a6f04d1a-96ed-4e38-921b-c358bd281a45,637,0.6719692814042787,8,131195,94796,4264
2569,pv_73_z_5,pv_73,,,5,ely_y2569_id_2ee17641-917b-4ea0-8c19-da383e03e915,2ee17641-917b-4ea0-8c19-da383e03e915,44,ely_y2569_id_3588dc4f-8488-4bed-b5b7-9868d230bf72,264,0.27849276340773876,9,131195,94796,4264
2569,pv_34_z_4,pv_34,,,4,ely_y2569_id_2d8a1c84-0bc8-4377-965d-c020a0097c27,2d8a1c84-0bc8-4377-965d-c020a0097c27,9,ely_y2569_id_6a447854-1c82-409a-9116-9005d5950935,35628,37.6009202874843,1,150372,97295,4933
2569,pv_34_z_4,pv_34,,,4,ely_y2569_id_a62aca08-91b7-4f3f-ba8f-cb9e884a3799,a62aca08-91b7-4f3f-ba8f-cb9e884a3799,42,ely_y2569_id_1194abef-e772-4bb9-be2a-2527cc932fcb,27211,28.717824237755007,2,150372,97295,4933
2569,pv_34_z_4,pv_34,,,4,ely_y2569_id_1116011c-1ef3-4cca-a186-c1b9f7984ede,1116011c-1ef3-4cca-a186-c1b9f7984ede,46,ely_y2569_id_5e6fb484-c643-4abd-9e98-bded7ece1127,25960,27.39754941796038,3,150372,97295,4933
2569,pv_34_z_4,pv_34,,,4,ely_y2569_id_d7155f6d-736d-42c0-8bc0-00ee6e1970dc,d7155f6d-736d-42c0-8bc0-00ee6e1970dc,27,ely_y2569_id_1649d52e-042d-4b88-891c-53f894dfb746,1859,1.9619431574725867,4,150372,97295,4933
2569,pv_34_z_4,pv_34,,,4,ely_y2569_id_6afb8755-450e-4b1d-8349-00dba243e0e1,,60,ely_y2569_id_6cce8dac-ba9f-4e2e-8214-03a3ded4c420,1402,1.4796365286587232,5,150372,97295,4933
2569,pv_34_z_4,pv_34,,,4,ely_y2569_id_cb1b6cf2-41fa-49b1-a060-01acf13edc81,cb1b6cf2-41fa-49b1-a060-01acf13edc81,48,ely_y2569_id_cd56a4b2-c168-4271-89f7-e30de1d0d85e,1171,1.235844775363313,6,150372,97295,4933
2569,pv_34_z_4,pv_34,,,4,ely_y2569_id_03347cbc-6089-474c-a3f6-484ae981c9a6,03347cbc-6089-474c-a3f6-484ae981c9a6,43,ely_y2569_id_2263268a-e954-4380-8831-e6bb2902aa3c,1119,1.180965246482961,7,150372,97295,4933
2569,pv_34_z_4,pv_34,,,4,ely_y2569_id_bdd306a2-80c7-4d7b-a7ff-8dc1ec9fcc76,bdd306a2-80c7-4d7b-a7ff-8dc1ec9fcc76,10,ely_y2569_id_76037d2c-947c-4a5d-8c94-b0a333f2fbc5,403,0.42531634882272856,8,150372,97295,4933
2569,pv_25_z_2,pv_25,,,2,ely_y2569_id_013c219e-e197-416d-84ea-00ba9c35465e,013c219e-e197-416d-84ea-00ba9c35465e,37,ely_y2569_id_50085b5a-9c75-4d3e-9cff-af8869888f28,41694,44.09077450192462,1,141803,94564,4923
2569,pv_25_z_2,pv_25,,,2,ely_y2569_id_1116011c-1ef3-4cca-a186-c1b9f7984ede,1116011c-1ef3-4cca-a186-c1b9f7984ede,46,ely_y2569_id_3654f74d-6449-4028-a76b-e8385a4fc9e4,30981,32.761939004272236,2,141803,94564,4923
2569,pv_25_z_2,pv_25,,,2,ely_y2569_id_2d8a1c84-0bc8-4377-965d-c020a0097c27,2d8a1c84-0bc8-4377-965d-c020a0097c27,9,ely_y2569_id_67d818fb-8ab0-4277-b0f4-fe65123f8133,18807,19.88811809991117,3,141803,94564,4923
2569,pv_25_z_2,pv_25,,,2,ely_y2569_id_d7155f6d-736d-42c0-8bc0-00ee6e1970dc,d7155f6d-736d-42c0-8bc0-00ee6e1970dc,27,ely_y2569_id_a040b6a0-3224-495f-a731-c684feddb567,1344,1.4212596759866334,4,141803,94564,4923
2569,pv_25_z_2,pv_25,,,2,ely_y2569_id_f9cadd57-8256-49aa-9386-0da392b19fc2,f9cadd57-8256-49aa-9386-0da392b19fc2,29,ely_y2569_id_98105b4d-a643-4e49-b476-74b56b58bd13,1042,1.1018992428408274,5,141803,94564,4923
2569,pv_25_z_2,pv_25,,,2,ely_y2569_id_bcdcd19b-d619-47dd-8535-fafb6bc6f4d8,bcdcd19b-d619-47dd-8535-fafb6bc6f4d8,12,ely_y2569_id_5c0b4b05-65ac-490f-998a-978b8e68bdfb,696,0.7360094750645065,6,141803,94564,4923
2569,pv_12_z_6,pv_12,,,6,ely_y2569_id_1116011c-1ef3-4cca-a186-c1b9f7984ede,1116011c-1ef3-4cca-a186-c1b9f7984ede,46,ely_y2569_id_f0ac241b-e218-4c8e-9bb5-e52e2ed8a06a,42126,44.609405610326895,1,144086,98851,3445
2569,pv_12_z_6,pv_12,,,6,ely_y2569_id_013c219e-e197-416d-84ea-00ba9c35465e,013c219e-e197-416d-84ea-00ba9c35465e,37,ely_y2569_id_0fc13d67-f0a4-419e-936e-d2fd4b1b5bdc,24213,25.640401130960576,2,144086,98851,3445
2569,pv_12_z_6,pv_12,,,6,ely_y2569_id_2d8a1c84-0bc8-4377-965d-c020a0097c27,2d8a1c84-0bc8-4377-965d-c020a0097c27,9,ely_y2569_id_70f3e5e4-575d-41bb-a116-70d08d027dfc,17153,18.164201073777175,3,144086,98851,3445
2569,pv_12_z_6,pv_12,,,6,ely_y2569_id_d7155f6d-736d-42c0-8bc0-00ee6e1970dc,d7155f6d-736d-42c0-8bc0-00ee6e1970dc,27,ely_y2569_id_4247defd-3e68-41f4-94a3-364f371eddbc,6338,6.711636821873709,4,144086,98851,3445
2569,pv_12_z_6,pv_12,,,6,ely_y2569_id_0c044088-618b-49af-a291-fb28ffe9e0f8,0c044088-618b-49af-a291-fb28ffe9e0f8,11,ely_y2569_id_f6060e50-b246-4fa6-8794-b70a8abd2c5d,1646,1.7430347442101808,5,144086,98851,3445
2569,pv_12_z_6,pv_12,,,6,ely_y2569_id_bdd306a2-80c7-4d7b-a7ff-8dc1ec9fcc76,bdd306a2-80c7-4d7b-a7ff-8dc1ec9fcc76,10,ely_y2569_id_601f5e78-4454-4a14-a063-8f6650b6edba,1328,1.40628805608209,6,144086,98851,3445
2569,pv_12_z_6,pv_12,,,6,ely_y2569_id_bd8d9f14-f757-41fb-8f37-d6128d9d012d,bd8d9f14-f757-41fb-8f37-d6128d9d012d,7,ely_y2569_id_1c6a4990-e70e-4daf-a741-baf791cb3927,840,0.8895195535459003,7,144086,98851,3445
2569,pv_12_z_6,pv_12,,,6,ely_y2569_id_a62aca08-91b7-4f3f-ba8f-cb9e884a3799,a62aca08-91b7-4f3f-ba8f-cb9e884a3799,42,ely_y2569_id_19b4f16a-68ec-4a2e-99b6-d28c3cbcc04d,789,0.8355130092234706,8,144086,98851,3445
2569,pv_80_z_6,pv_80,,,6,ely_y2569_id_d7155f6d-736d-42c0-8bc0-00ee6e1970dc,d7155f6d-736d-42c0-8bc0-00ee6e1970dc,27,ely_y2569_id_3d4ac063-f25f-4d6a-b53d-69572cc0cfa3,41070,43.495297805642636,1,134534,94424,3058
2569,pv_80_z_6,pv_80,,,6,ely_y2569_id_a62aca08-91b7-4f3f-ba8f-cb9e884a3799,a62aca08-91b7-4f3f-ba8f-cb9e884a3799,42,ely_y2569_id_e01f5ab0-18e6-4550-9b82-af9f8da14e0e,20768,21.99440820130475,2,134534,94424,3058
2569,pv_80_z_6,pv_80,,,6,ely_y2569_id_013c219e-e197-416d-84ea-00ba9c35465e,013c219e-e197-416d-84ea-00ba9c35465e,37,ely_y2569_id_0a6eaad5-16c3-49f6-853c-bf625217af41,19808,20.977717529441666,3,134534,94424,3058
2569,pv_80_z_6,pv_80,,,6,ely_y2569_id_1116011c-1ef3-4cca-a186-c1b9f7984ede,1116011c-1ef3-4cca-a186-c1b9f7984ede,46,ely_y2569_id_8b803ab9-bd1a-4a11-b7a1-155ff51fe543,9636,10.205032618825722,4,134534,94424,3058
2569,pv_80_z_6,pv_80,,,6,ely_y2569_id_115da917-bf32-4e96-a2ae-b7818d0909ee,115da917-bf32-4e96-a2ae-b7818d0909ee,6,ely_y2569_id_dbe4319d-9fc6-4081-ab4f-0c7effd9c5f9,916,0.9700923494026943,5,134534,94424,3058
2569,pv_80_z_6,pv_80,,,6,ely_y2569_id_965b4b93-c01e-4a2b-a987-577f2b99ebb4,965b4b93-c01e-4a2b-a987-577f2b99ebb4,49,ely_y2569_id_9c095429-2484-4c4a-a790-addcd9cbd339,899,0.9520884520884522,6,134534,94424,3058
2569,pv_80_z_6,pv_80,,,6,ely_y2569_id_2d8a1c84-0bc8-4377-965d-c020a0097c27,2d8a1c84-0bc8-4377-965d-c020a0097c27,9,ely_y2569_id_e2b8284a-0489-4679-8c4a-589b0ad1751c,723,0.7656951622468864,7,134534,94424,3058
2569,pv_80_z_6,pv_80,,,6,ely_y2569_id_f9cadd57-8256-49aa-9386-0da392b19fc2,f9cadd57-8256-49aa-9386-0da392b19fc2,29,ely_y2569_id_4cd8c82c-6734-492a-8c5a-8baa6a34675d,508,0.5379988138608828,8,134534,94424,3058
2569,pv_80_z_6,pv_80,,,6,ely_y2569_id_d1964fe3-2dd0-43d5-a190-77fbfaf586b2,,8,ely_y2569_id_163e8a78-743c-436c-9023-0be72ded03b6,96,0.10166906718630855,9,134534,94424,3058
2569,pv_90_z_9,pv_90,,,9,ely_y2569_id_d7155f6d-736d-42c0-8bc0-00ee6e1970dc,d7155f6d-736d-42c0-8bc0-00ee6e1970dc,27,ely_y2569_id_db807fc8-e209-48de-95fc-1dc74b28a6fd,46357,49.17418930530067,1,135999,97646,2983
2569,pv_90_z_9,pv_90,,,9,ely_y2569_id_013c219e-e197-416d-84ea-00ba9c35465e,013c219e-e197-416d-84ea-00ba9c35465e,37,ely_y2569_id_1bc6d892-f0b6-4725-82c0-1d3605258120,28040,29.744035811649393,2,135999,97646,2983
2569,pv_90_z_9,pv_90,,,9,ely_y2569_id_1116011c-1ef3-4cca-a186-c1b9f7984ede,1116011c-1ef3-4cca-a186-c1b9f7984ede,46,ely_y2569_id_bdce819a-4243-41ba-9853-b9daca129a91,17735,18.81278441938666,3,135999,97646,2983
2569,pv_90_z_9,pv_90,,,9,ely_y2569_id_115da917-bf32-4e96-a2ae-b7818d0909ee,115da917-bf32-4e96-a2ae-b7818d0909ee,6,ely_y2569_id_aaa12a42-2245-43aa-80e6-c71f6fd4ce4c,807,0.856042685449396,4,135999,97646,2983
2569,pv_90_z_9,pv_90,,,9,ely_y2569_id_2d8a1c84-0bc8-4377-965d-c020a0097c27,2d8a1c84-0bc8-4377-965d-c020a0097c27,9,ely_y2569_id_c84aebc8-e781-437d-9f68-d41bf5cfebf5,703,0.7457224385017662,5,135999,97646,2983
2569,pv_90_z_9,pv_90,,,9,ely_y2569_id_bd8d9f14-f757-41fb-8f37-d6128d9d012d,bd8d9f14-f757-41fb-8f37-d6128d9d012d,7,ely_y2569_id_296bfc0f-2fc8-4072-a616-7842a1d56bdd,629,0.6672253397121065,6,135999,97646,2983
2569,pv_50_z_4,pv_50,,,4,ely_y2569_id_1116011c-1ef3-4cca-a186-c1b9f7984ede,1116011c-1ef3-4cca-a186-c1b9f7984ede,46,ely_y2569_id_39a583a6-3209-4b95-89c9-e12d61348cad,42345,45.0660905472425,1,144798,94712,3483
2569,pv_50_z_4,pv_50,,,4,ely_y2569_id_2d8a1c84-0bc8-4377-965d-c020a0097c27,2d8a1c84-0bc8-4377-965d-c020a0097c27,9,ely_y2569_id_b2d753e4-f28c-456c-9028-6c3259d6fed2,20501,21.81839467018582,2,144798,94712,3483
2569,pv_50_z_4,pv_50,,,4,ely_y2569_id_a62aca08-91b7-4f3f-ba8f-cb9e884a3799,a62aca08-91b7-4f3f-ba8f-cb9e884a3799,42,ely_y2569_id_d7762091-fe85-4765-8810-549e92c236dc,16083,17.116493901790086,3,144798,94712,3483
2569,pv_50_z_4,pv_50,,,4,ely_y2569_id_013c219e-e197-416d-84ea-00ba9c35465e,013c219e-e197-416d-84ea-00ba9c35465e,37,ely_y2569_id_20e849eb-30f4-40fd-ba78-0656dd5178c1,5948,6.33021859900811,4,144798,94712,3483
2569,pv_50_z_4,pv_50,,,4,ely_y2569_id_d7155f6d-736d-42c0-8bc0-00ee6e1970dc,d7155f6d-736d-42c0-8bc0-00ee6e1970dc,27,ely_y2569_id_ae55f8e3-33f9-417b-b31b-ea17fabac13e,2663,2.8341244332815396,5,144798,94712,3483
2569,pv_50_z_4,pv_50,,,4,ely_y2569_id_c126e4e4-be85-44e6-bf3e-f9331b9f91a9,c126e4e4-be85-44e6-bf3e-f9331b9f91a9,24,ely_y2569_id_e34dd48d-5f31-48df-a4ec-c2b3cc050ce7,1732,1.8432983546540092,6,144798,94712,3483
2569,pv_50_z_4,pv_50,,,4,ely_y2569_id_30f1cea0-4fc2-4fcf-86f0-96000cf188b5,30f1cea0-4fc2-4fcf-86f0-96000cf188b5,22,ely_y2569_id_fbb8f2da-ce61-488a-bbbc-90f101c32553,1232,1.311168344649965,7,144798,94712,3483
2569,pv_50_z_4,pv_50,,,4,ely_y2569_id_0c044088-618b-49af-a291-fb28ffe9e0f8,0c044088-618b-49af-a291-fb28ffe9e0f8,11,ely_y2569_id_d838c5db-47ff-4cf7-a600-b201a27cf535,1197,1.2739192439496818,8,144798,94712,3483
2569,pv_50_z_4,pv_50,,,4,ely_y2569_id_115da917-bf32-4e96-a2ae-b7818d0909ee,115da917-bf32-4e96-a2ae-b7818d0909ee,6,ely_y2569_id_4d515949-092b-4bfd-bd64-43da6bbf1eba,1021,1.0866094804282582,9,144798,94712,3483
2569,pv_50_z_4,pv_50,,,4,ely_y2569_id_965b4b93-c01e-4a2b-a987-577f2b99ebb4,965b4b93-c01e-4a2b-a987-577f2b99ebb4,49,ely_y2569_id_cdb88cbf-008b-4f3d-83e3-6b63f96c4454,440,0.4682744088035589,10,144798,94712,3483
2569,pv_50_z_4,pv_50,,,4,ely_y2569_id_7ffe2115-72d1-4d71-9962-03ff61afc67c,,31,ely_y2569_id_8099e26e-694c-4c00-b798-49c3aa8d9cc5,353,0.3756837870628552,11,144798,94712,3483
2569,pv_50_z_4,pv_50,,,4,ely_y2569_id_03347cbc-6089-474c-a3f6-484ae981c9a6,03347cbc-6089-474c-a3f6-484ae981c9a6,43,ely_y2569_id_19dab685-076f-41d8-90fc-3dc97fb406de,289,0.3075711457823375,12,144798,94712,3483
2569,pv_50_z_4,pv_50,,,4,ely_y2569_id_339fa187-133c-4766-a6c2-36d1b32cda8f,339fa187-133c-4766-a6c2-36d1b32cda8f,23,ely_y2569_id_f6a01228-dd9a-4530-a748-6f2489732a94,158,0.16815308316127797,13,144798,94712,3483
2569,pv_10_z_12,pv_10,,,12,ely_y2569_id_1116011c-1ef3-4cca-a186-c1b9f7984ede,1116011c-1ef3-4cca-a186-c1b9f7984ede,46,ely_y2569_id_fad77481-e751-4125-8526-7725c177187d,44824,47.72318339100346,1,143148,96726,1483
2569,pv_10_z_12,pv_10,,,12,ely_y2569_id_013c219e-e197-416d-84ea-00ba9c35465e,013c219e-e197-416d-84ea-00ba9c35465e,37,ely_y2569_id_22f3a83b-8ed0-4c05-aa51-b94a892a123e,14631,15.577322331647592,2,143148,96726,1483
2569,pv_10_z_12,pv_10,,,12,ely_y2569_id_2d8a1c84-0bc8-4377-965d-c020a0097c27,2d8a1c84-0bc8-4377-965d-c020a0097c27,9,ely_y2569_id_cda81e50-47e3-4ca0-8f4d-e65ab7f4d612,14118,15.03114186851211,3,143148,96726,1483
2569,pv_10_z_12,pv_10,,,12,ely_y2569_id_d7155f6d-736d-42c0-8bc0-00ee6e1970dc,d7155f6d-736d-42c0-8bc0-00ee6e1970dc,27,ely_y2569_id_640cdd3c-855e-4c7c-8282-029ccc761928,8672,9.232898589299973,4,143148,96726,1483
2569,pv_10_z_12,pv_10,,,12,ely_y2569_id_03347cbc-6089-474c-a3f6-484ae981c9a6,03347cbc-6089-474c-a3f6-484ae981c9a6,43,ely_y2569_id_862cc48c-2f9f-47c1-b099-119b1c9514cc,3856,4.105403247271759,5,143148,96726,1483
2569,pv_10_z_12,pv_10,,,12,ely_y2569_id_115da917-bf32-4e96-a2ae-b7818d0909ee,115da917-bf32-4e96-a2ae-b7818d0909ee,6,ely_y2569_id_e43f18a9-b215-45f1-bdda-1e7881b66f30,1636,1.7418152781474583,6,143148,96726,1483
2569,pv_10_z_12,pv_10,,,12,ely_y2569_id_0c044088-618b-49af-a291-fb28ffe9e0f8,0c044088-618b-49af-a291-fb28ffe9e0f8,11,ely_y2569_id_197b607c-7864-45c9-81d2-cc7d8dd0447d,1595,1.6981634282672347,7,143148,96726,1483
2569,pv_10_z_12,pv_10,,,12,ely_y2569_id_cb1b6cf2-41fa-49b1-a060-01acf13edc81,cb1b6cf2-41fa-49b1-a060-01acf13edc81,48,ely_y2569_id_ebf95b3c-9c03-4764-82f0-819664e362df,1065,1.1338834176204418,8,143148,96726,1483
2569,pv_10_z_12,pv_10,,,12,ely_y2569_id_a62aca08-91b7-4f3f-ba8f-cb9e884a3799,a62aca08-91b7-4f3f-ba8f-cb9e884a3799,42,ely_y2569_id_06f16f18-af6e-44fb-bb2b-cac762b06c8d,884,0.9411764705882352,9,143148,96726,1483
2569,pv_10_z_12,pv_10,,,12,ely_y2569_id_965b4b93-c01e-4a2b-a987-577f2b99ebb4,965b4b93-c01e-4a2b-a987-577f2b99ebb4,49,ely_y2569_id_0afeeaa4-6b52-4b43-8692-66afc16dac65,629,0.6696832579185521,10,143148,96726,1483
2569,pv_10_z_12,pv_10,,,12,ely_y2569_id_d1964fe3-2dd0-43d5-a190-77fbfaf586b2,,8,ely_y2569_id_cdd64c05-bd89-4406-8517-522c97944090,391,0.416289592760181,11,143148,96726,1483
2569,pv_10_z_12,pv_10,,,12,ely_y2569_id_bd8d9f14-f757-41fb-8f37-d6128d9d012d,bd8d9f14-f757-41fb-8f37-d6128d9d012d,7,ely_y2569_id_06d427ca-4253-428b-8eaa-da4f1ebfcc85,390,0.4152249134948097,12,143148,96726,1483
2569,pv_10_z_12,pv_10,,,12,ely_y2569_id_7ffe2115-72d1-4d71-9962-03ff61afc67c,,31,ely_y2569_id_d5776c45-8da1-4f2b-bcc2-7284d8af9331,380,0.4045781208410966,13,143148,96726,1483
2569,pv_10_z_12,pv_10,,,12,ely_y2569_id_2ee17641-917b-4ea0-8c19-da383e03e915,2ee17641-917b-4ea0-8c19-da383e03e915,44,ely_y2569_id_e98df2e6-fb2f-41db-b7f9-54a91b3d3dc9,342,0.364120308756987,14,143148,96726,1483
2569,pv_10_z_12,pv_10,,,12,ely_y2569_id_54706125-9661-467d-a8af-78994d14b116,54706125-9661-467d-a8af-78994d14b116,35,ely_y2569_id_dab262d3-4ba6-4449-be78-82782679b9ef,266,0.28320468458876763,15,143148,96726,1483
2569,pv_10_z_12,pv_10,,,12,ely_y2569_id_339fa187-133c-4766-a6c2-36d1b32cda8f,339fa187-133c-4766-a6c2-36d1b32cda8f,23,ely_y2569_id_b7eb4a65-e446-472e-81d7-587cd92622de,246,0.2619110992813415,16,143148,96726,1483
2569,pv_72_z_5,pv_72,,,5,ely_y2569_id_013c219e-e197-416d-84ea-00ba9c35465e,013c219e-e197-416d-84ea-00ba9c35465e,37,ely_y2569_id_3d9c353e-92c8-4a25-8f40-349898ab476e,57191,60.99462480269613,1,144799,93764,5644
2569,pv_72_z_5,pv_72,,,5,ely_y2569_id_1116011c-1ef3-4cca-a186-c1b9f7984ede,1116011c-1ef3-4cca-a186-c1b9f7984ede,46,ely_y2569_id_93b77b0d-40f6-4ec5-aa9f-6a77d4b4cfc2,23645,25.21756750991852,2,144799,93764,5644
2569,pv_72_z_5,pv_72,,,5,ely_y2569_id_2d8a1c84-0bc8-4377-965d-c020a0097c27,2d8a1c84-0bc8-4377-965d-c020a0097c27,9,ely_y2569_id_7dd64392-ddef-4e42-929d-23835d254a95,10244,10.925301821594642,3,144799,93764,5644
2569,pv_72_z_5,pv_72,,,5,ely_y2569_id_d7155f6d-736d-42c0-8bc0-00ee6e1970dc,d7155f6d-736d-42c0-8bc0-00ee6e1970dc,27,ely_y2569_id_f35a5f23-069d-4453-bd4a-a1896fd36f36,1033,1.101702145812892,4,144799,93764,5644
2569,pv_72_z_5,pv_72,,,5,ely_y2569_id_cb1b6cf2-41fa-49b1-a060-01acf13edc81,cb1b6cf2-41fa-49b1-a060-01acf13edc81,48,ely_y2569_id_c9a1a858-8900-46a8-b885-837c2c0762e9,940,1.0025169574676849,5,144799,93764,5644
2569,pv_72_z_5,pv_72,,,5,ely_y2569_id_bd8d9f14-f757-41fb-8f37-d6128d9d012d,bd8d9f14-f757-41fb-8f37-d6128d9d012d,7,ely_y2569_id_ae7c384e-7fc8-4b82-a16a-2bec6915308a,711,0.7582867625101318,6,144799,93764,5644
2569,pv_10_z_31,pv_10,,,31,ely_y2569_id_1116011c-1ef3-4cca-a186-c1b9f7984ede,1116011c-1ef3-4cca-a186-c1b9f7984ede,46,ely_y2569_id_770be2e6-56fa-4fa1-8627-49c84d6dfe3e,42717,45.62758355497164,1,143811,96994,1977
2569,pv_10_z_31,pv_10,,,31,ely_y2569_id_013c219e-e197-416d-84ea-00ba9c35465e,013c219e-e197-416d-84ea-00ba9c35465e,37,ely_y2569_id_b4e95a05-2dd2-4bc9-9b2e-904250d99081,14350,15.32775766120849,2,143811,96994,1977
2569,pv_10_z_31,pv_10,,,31,ely_y2569_id_2d8a1c84-0bc8-4377-965d-c020a0097c27,2d8a1c84-0bc8-4377-965d-c020a0097c27,9,ely_y2569_id_8c4b1c40-cc6a-42c3-8809-5dd0914d482a,13443,14.358957926106322,3,143811,96994,1977
2569,pv_10_z_31,pv_10,,,31,ely_y2569_id_d7155f6d-736d-42c0-8bc0-00ee6e1970dc,d7155f6d-736d-42c0-8bc0-00ee6e1970dc,27,ely_y2569_id_5bb458b2-96ef-4715-af36-a686c5479308,12410,13.255573001783787,4,143811,96994,1977
2569,pv_10_z_31,pv_10,,,31,ely_y2569_id_0c044088-618b-49af-a291-fb28ffe9e0f8,0c044088-618b-49af-a291-fb28ffe9e0f8,11,ely_y2569_id_255a0baa-fec7-45cd-8479-4420169dff72,2765,2.953397207891392,5,143811,96994,1977
2569,pv_10_z_31,pv_10,,,31,ely_y2569_id_115da917-bf32-4e96-a2ae-b7818d0909ee,115da917-bf32-4e96-a2ae-b7818d0909ee,6,ely_y2569_id_7a4800e7-74e4-4a64-82c3-6919d7227c93,1820,1.9440082887386376,6,143811,96994,1977
2569,pv_10_z_31,pv_10,,,31,ely_y2569_id_cb1b6cf2-41fa-49b1-a060-01acf13edc81,cb1b6cf2-41fa-49b1-a060-01acf13edc81,48,ely_y2569_id_6b1921dc-bd18-4daa-92b1-960b858b29bf,1098,1.1728137917774857,7,143811,96994,1977
2569,pv_10_z_31,pv_10,,,31,ely_y2569_id_cb222672-cb24-4115-8454-75d3a2e14c91,,40,ely_y2569_id_3c450537-a3a6-4fbe-ba0d-44ed30c8dfe4,936,0.9997756913512994,8,143811,96994,1977
2569,pv_10_z_31,pv_10,,,31,ely_y2569_id_965b4b93-c01e-4a2b-a987-577f2b99ebb4,965b4b93-c01e-4a2b-a987-577f2b99ebb4,49,ely_y2569_id_d4ce039e-e98c-4b4b-ac93-0f3304a04fdd,692,0.7391504042896359,9,143811,96994,1977
2569,pv_10_z_31,pv_10,,,31,ely_y2569_id_bd8d9f14-f757-41fb-8f37-d6128d9d012d,bd8d9f14-f757-41fb-8f37-d6128d9d012d,7,ely_y2569_id_8c920d8b-405c-47b9-b884-3cd09eb95d9c,651,0.6953568109718974,10,143811,96994,1977
2569,pv_10_z_31,pv_10,,,31,ely_y2569_id_bdd306a2-80c7-4d7b-a7ff-8dc1ec9fcc76,bdd306a2-80c7-4d7b-a7ff-8dc1ec9fcc76,10,ely_y2569_id_9772fc52-18da-4cdf-bc86-e4a4f71d1217,586,0.625927943516946,11,143811,96994,1977
2569,pv_10_z_31,pv_10,,,31,ely_y2569_id_2ee17641-917b-4ea0-8c19-da383e03e915,2ee17641-917b-4ea0-8c19-da383e03e915,44,ely_y2569_id_d34af815-210f-4a13-9441-f2a32812d0db,539,0.5757255316649043,12,143811,96994,1977
2569,pv_10_z_31,pv_10,,,31,ely_y2569_id_a62aca08-91b7-4f3f-ba8f-cb9e884a3799,a62aca08-91b7-4f3f-ba8f-cb9e884a3799,42,ely_y2569_id_fbcae264-a6af-4d99-ab24-22fe90f16f34,468,0.4998878456756497,13,143811,96994,1977
2569,pv_10_z_31,pv_10,,,31,ely_y2569_id_c126e4e4-be85-44e6-bf3e-f9331b9f91a9,c126e4e4-be85-44e6-bf3e-f9331b9f91a9,24,ely_y2569_id_fd6c1c21-05ca-40ea-a9e5-23b169db94c4,416,0.44434475171168863,14,143811,96994,1977
2569,pv_10_z_31,pv_10,,,31,ely_y2569_id_409581ea-d469-40f6-803e-7830a6418150,,17,ely_y2569_id_72a39fb3-f2fc-4a71-aa40-94c8b73b8c4e,365,0.3898697941701114,15,143811,96994,1977
2569,pv_10_z_31,pv_10,,,31,ely_y2569_id_54706125-9661-467d-a8af-78994d14b116,54706125-9661-467d-a8af-78994d14b116,35,ely_y2569_id_a2f35708-c7c4-47a3-a0e7-29a300802697,365,0.3898697941701114,16,143811,96994,1977
2569,pv_16_z_3,pv_16,,,3,ely_y2569_id_013c219e-e197-416d-84ea-00ba9c35465e,013c219e-e197-416d-84ea-00ba9c35465e,37,ely_y2569_id_6b6edec3-8def-44c7-a648-144e26439297,46398,49.612917023096664,1,145648,93520,5958
2569,pv_16_z_3,pv_16,,,3,ely_y2569_id_2d8a1c84-0bc8-4377-965d-c020a0097c27,2d8a1c84-0bc8-4377-965d-c020a0097c27,9,ely_y2569_id_214ef967-d440-4dd0-99a2-b136b556738c,25894,27.688195038494438,2,145648,93520,5958
2569,pv_16_z_3,pv_16,,,3,ely_y2569_id_1116011c-1ef3-4cca-a186-c1b9f7984ede,1116011c-1ef3-4cca-a186-c1b9f7984ede,46,ely_y2569_id_72ba5a7a-a96c-4e43-a12e-90958923d3d9,14482,15.485457656116338,3,145648,93520,5958
2569,pv_16_z_3,pv_16,,,3,ely_y2569_id_03347cbc-6089-474c-a3f6-484ae981c9a6,03347cbc-6089-474c-a3f6-484ae981c9a6,43,ely_y2569_id_ade8e4bd-d6fd-4aa7-8b34-8af9bd126396,2374,2.5384944396920446,4,145648,93520,5958
2569,pv_16_z_3,pv_16,,,3,ely_y2569_id_0c044088-618b-49af-a291-fb28ffe9e0f8,0c044088-618b-49af-a291-fb28ffe9e0f8,11,ely_y2569_id_ea287954-df4b-4da6-a8f2-c2b96bfadcc7,1717,1.8359709153122326,5,145648,93520,5958
2569,pv_16_z_3,pv_16,,,3,ely_y2569_id_115da917-bf32-4e96-a2ae-b7818d0909ee,115da917-bf32-4e96-a2ae-b7818d0909ee,6,ely_y2569_id_bcc83c6a-a7ff-4bd6-9850-344c131bc24e,811,0.8671941830624466,6,145648,93520,5958
2569,pv_16_z_3,pv_16,,,3,ely_y2569_id_339fa187-133c-4766-a6c2-36d1b32cda8f,339fa187-133c-4766-a6c2-36d1b32cda8f,23,ely_y2569_id_da9aa2ba-2a44-43dd-adce-1e8ea4a5dbcb,768,0.8212147134302824,7,145648,93520,5958
2569,pv_16_z_3,pv_16,,,3,ely_y2569_id_d7155f6d-736d-42c0-8bc0-00ee6e1970dc,d7155f6d-736d-42c0-8bc0-00ee6e1970dc,27,ely_y2569_id_5c711d2b-5df2-4300-a48f-47e507333516,630,0.6736526946107785,8,145648,93520,5958
2569,pv_16_z_3,pv_16,,,3,ely_y2569_id_a62aca08-91b7-4f3f-ba8f-cb9e884a3799,a62aca08-91b7-4f3f-ba8f-cb9e884a3799,42,ely_y2569_id_9a188ec7-9b08-4acd-aa86-f998d35f7e0e,446,0.4769033361847733,9,145648,93520,5958
2569,pv_14_z_3,pv_14,,,3,ely_y2569_id_013c219e-e197-416d-84ea-00ba9c35465e,013c219e-e197-416d-84ea-00ba9c35465e,37,ely_y2569_id_b3afaf43-94e6-422f-9c1f-99d356deb46e,54931,58.88071860395318,1,136493,93292,4544
2569,pv_14_z_3,pv_14,,,3,ely_y2569_id_1116011c-1ef3-4cca-a186-c1b9f7984ede,1116011c-1ef3-4cca-a186-c1b9f7984ede,46,ely_y2569_id_6b3dd347-131e-4f2a-8c14-73178a7203a1,28912,30.990867384127256,2,136493,93292,4544
2569,pv_14_z_3,pv_14,,,3,ely_y2569_id_2d8a1c84-0bc8-4377-965d-c020a0097c27,2d8a1c84-0bc8-4377-965d-c020a0097c27,9,ely_y2569_id_cf1b91a0-4135-42e5-8cf6-99d24aa261b2,5348,5.732538695708099,3,136493,93292,4544
2569,pv_14_z_3,pv_14,,,3,ely_y2569_id_0c044088-618b-49af-a291-fb28ffe9e0f8,0c044088-618b-49af-a291-fb28ffe9e0f8,11,ely_y2569_id_5c92297f-3f46-4b50-aa68-91f5d894be00,1946,2.0859237662393344,4,136493,93292,4544
2569,pv_14_z_3,pv_14,,,3,ely_y2569_id_d7155f6d-736d-42c0-8bc0-00ee6e1970dc,d7155f6d-736d-42c0-8bc0-00ee6e1970dc,27,ely_y2569_id_dd1f7315-9b90-4463-b4f4-7cb301895f75,1339,1.4352784804699223,5,136493,93292,4544
2569,pv_14_z_3,pv_14,,,3,ely_y2569_id_115da917-bf32-4e96-a2ae-b7818d0909ee,115da917-bf32-4e96-a2ae-b7818d0909ee,6,ely_y2569_id_22453f03-c454-41e1-b88c-f79d1a3ef9ee,816,0.8746730695022081,6,136493,93292,4544
2569,pv_52_z_2,pv_52,,,2,ely_y2569_id_a62aca08-91b7-4f3f-ba8f-cb9e884a3799,a62aca08-91b7-4f3f-ba8f-cb9e884a3799,42,ely_y2569_id_c297fe19-5c9e-4fd3-a5c8-c5932a60c41d,33987,36.50002684852065,1,150940,95763,7364
2569,pv_52_z_2,pv_52,,,2,ely_y2569_id_1116011c-1ef3-4cca-a186-c1b9f7984ede,1116011c-1ef3-4cca-a186-c1b9f7984ede,46,ely_y2569_id_45fb1699-442d-4bae-a2df-5042fac344b8,31810,34.162057670622346,2,150940,95763,7364
2569,pv_52_z_2,pv_52,,,2,ely_y2569_id_2d8a1c84-0bc8-4377-965d-c020a0097c27,2d8a1c84-0bc8-4377-965d-c020a0097c27,9,ely_y2569_id_bfdf587d-1d1f-4143-9c11-66bd8d835a2c,18384,19.743328142619344,3,150940,95763,7364
2569,pv_52_z_2,pv_52,,,2,ely_y2569_id_d7155f6d-736d-42c0-8bc0-00ee6e1970dc,d7155f6d-736d-42c0-8bc0-00ee6e1970dc,27,ely_y2569_id_b15f87df-432d-418a-a259-7f9b8b0172cb,3108,3.3378080867744186,4,150940,95763,7364
2569,pv_52_z_2,pv_52,,,2,ely_y2569_id_013c219e-e197-416d-84ea-00ba9c35465e,013c219e-e197-416d-84ea-00ba9c35465e,37,ely_y2569_id_2ca572cb-8742-4d28-8da0-7499c3ece76c,2249,2.4152929173602535,5,150940,95763,7364
2569,pv_52_z_2,pv_52,,,2,ely_y2569_id_03347cbc-6089-474c-a3f6-484ae981c9a6,03347cbc-6089-474c-a3f6-484ae981c9a6,43,ely_y2569_id_ade410d4-0951-4f0f-8885-6fbffa28dc65,2044,2.1951350480588516,6,150940,95763,7364
2569,pv_52_z_2,pv_52,,,2,ely_y2569_id_2ee17641-917b-4ea0-8c19-da383e03e915,2ee17641-917b-4ea0-8c19-da383e03e915,44,ely_y2569_id_6d528331-602a-43d2-bc2c-4158ebaf6491,1533,1.6463512860441392,7,150940,95763,7364
2569,pv_20_z_1,pv_20,,,1,ely_y2569_id_013c219e-e197-416d-84ea-00ba9c35465e,013c219e-e197-416d-84ea-00ba9c35465e,37,ely_y2569_id_ced04f7f-b60b-4f02-ab83-1d82fac3ffbc,43703,47.2776641893573,1,133544,92687,2910
2569,pv_20_z_1,pv_20,,,1,ely_y2569_id_1116011c-1ef3-4cca-a186-c1b9f7984ede,1116011c-1ef3-4cca-a186-c1b9f7984ede,46,ely_y2569_id_61149762-95a2-4382-b297-3f891fff0b67,39920,43.18523566892762,2,133544,92687,2910
2569,pv_20_z_1,pv_20,,,1,ely_y2569_id_d7155f6d-736d-42c0-8bc0-00ee6e1970dc,d7155f6d-736d-42c0-8bc0-00ee6e1970dc,27,ely_y2569_id_b238c3ad-2c47-430a-b098-dd284f20956f,2791,3.0192883955906056,3,133544,92687,2910
2569,pv_20_z_1,pv_20,,,1,ely_y2569_id_2d8a1c84-0bc8-4377-965d-c020a0097c27,2d8a1c84-0bc8-4377-965d-c020a0097c27,9,ely_y2569_id_21f72f47-1b23-4aba-babb-14fa8346acc2,2312,2.501108839342702,4,133544,92687,2910
2569,pv_20_z_1,pv_20,,,1,ely_y2569_id_0c044088-618b-49af-a291-fb28ffe9e0f8,0c044088-618b-49af-a291-fb28ffe9e0f8,11,ely_y2569_id_9bbc370f-3c90-4310-ac73-47cb5a5027b0,1333,1.442032042752518,5,133544,92687,2910
2569,pv_20_z_1,pv_20,,,1,ely_y2569_id_115da917-bf32-4e96-a2ae-b7818d0909ee,115da917-bf32-4e96-a2ae-b7818d0909ee,6,ely_y2569_id_ae00743b-8424-4721-91e6-29b36b5ada7b,1252,1.3544066898170686,6,133544,92687,2910
2569,pv_20_z_1,pv_20,,,1,ely_y2569_id_cb1b6cf2-41fa-49b1-a060-01acf13edc81,cb1b6cf2-41fa-49b1-a060-01acf13edc81,48,ely_y2569_id_0f4d7da7-ee1c-4461-87e5-6cd6a9b49046,648,0.7010028234835946,7,133544,92687,2910
2569,pv_20_z_1,pv_20,,,1,ely_y2569_id_03347cbc-6089-474c-a3f6-484ae981c9a6,03347cbc-6089-474c-a3f6-484ae981c9a6,43,ely_y2569_id_4153f5f4-32b4-40d1-aa80-469a21d74ad8,311,0.33643808349289805,8,133544,92687,2910
2569,pv_20_z_1,pv_20,,,1,ely_y2569_id_339fa187-133c-4766-a6c2-36d1b32cda8f,339fa187-133c-4766-a6c2-36d1b32cda8f,23,ely_y2569_id_077958a9-95b1-4f70-a21f-0dd71da097e4,169,0.18282326723569056,9,133544,92687,2910
2569,pv_52_z_1,pv_52,,,1,ely_y2569_id_1116011c-1ef3-4cca-a186-c1b9f7984ede,1116011c-1ef3-4cca-a186-c1b9f7984ede,46,ely_y2569_id_d7fa7a8d-52c7-4449-9630-97f0fdfe813b,44799,48.505289143451094,1,146326,95159,4381
2569,pv_52_z_1,pv_52,,,1,ely_y2569_id_2d8a1c84-0bc8-4377-965d-c020a0097c27,2d8a1c84-0bc8-4377-965d-c020a0097c27,9,ely_y2569_id_9dcf8b5e-1185-47e2-8df2-905c46b4cc31,22423,24.278088762329606,2,146326,95159,4381
2569,pv_52_z_1,pv_52,,,1,ely_y2569_id_013c219e-e197-416d-84ea-00ba9c35465e,013c219e-e197-416d-84ea-00ba9c35465e,37,ely_y2569_id_d414a778-4324-4ff8-89eb-9ac9121d5bb6,8325,9.01373986292619,3,146326,95159,4381
2569,pv_52_z_1,pv_52,,,1,ely_y2569_id_d7155f6d-736d-42c0-8bc0-00ee6e1970dc,d7155f6d-736d-42c0-8bc0-00ee6e1970dc,27,ely_y2569_id_a36c9311-652a-47dc-9d67-1a7e1b0afe4f,4522,4.896111911129397,4,146326,95159,4381
2569,pv_52_z_1,pv_52,,,1,ely_y2569_id_115da917-bf32-4e96-a2ae-b7818d0909ee,115da917-bf32-4e96-a2ae-b7818d0909ee,6,ely_y2569_id_0c75cb61-cf64-4e79-a305-374ba6b14dda,3265,3.5351183966911726,5,146326,95159,4381
2569,pv_52_z_1,pv_52,,,1,ely_y2569_id_2ee17641-917b-4ea0-8c19-da383e03e915,2ee17641-917b-4ea0-8c19-da383e03e915,44,ely_y2569_id_4932eeea-5647-4c20-bfa1-7f002bb38644,2787,3.0175727324895245,6,146326,95159,4381
2569,pv_52_z_1,pv_52,,,1,ely_y2569_id_0c044088-618b-49af-a291-fb28ffe9e0f8,0c044088-618b-49af-a291-fb28ffe9e0f8,11,ely_y2569_id_a2c5c26b-01f6-4c1a-bf6d-ed9b0035f4b1,2779,3.008910880368995,7,146326,95159,4381
2569,pv_52_z_1,pv_52,,,1,ely_y2569_id_a62aca08-91b7-4f3f-ba8f-cb9e884a3799,a62aca08-91b7-4f3f-ba8f-cb9e884a3799,42,ely_y2569_id_37406a9f-55d3-423c-bb16-578bdeda7b39,2146,2.3235418313320846,8,146326,95159,4381
2569,pv_52_z_1,pv_52,,,1,ely_y2569_id_965b4b93-c01e-4a2b-a987-577f2b99ebb4,965b4b93-c01e-4a2b-a987-577f2b99ebb4,49,ely_y2569_id_5cdb0c9f-d077-49f6-b0a4-7be2808ab262,1313,1.4216264792819324,9,146326,95159,4381
2569,pv_70_z_1,pv_70,,,1,ely_y2569_id_013c219e-e197-416d-84ea-00ba9c35465e,013c219e-e197-416d-84ea-00ba9c35465e,37,ely_y2569_id_b6aec784-79bc-41f2-a3cb-cd2a55a81ca6,53723,58.24389080422385,1,140137,92238,4666
2569,pv_70_z_1,pv_70,,,1,ely_y2569_id_1116011c-1ef3-4cca-a186-c1b9f7984ede,1116011c-1ef3-4cca-a186-c1b9f7984ede,46,ely_y2569_id_580bd7c5-3042-4dd5-98d9-300b34c42dc0,26748,28.998894165094647,2,140137,92238,4666
2569,pv_70_z_1,pv_70,,,1,ely_y2569_id_2d8a1c84-0bc8-4377-965d-c020a0097c27,2d8a1c84-0bc8-4377-965d-c020a0097c27,9,ely_y2569_id_a75444db-cdce-4d2a-89a1-0a364e6c978c,7233,7.8416704611982055,3,140137,92238,4666
2569,pv_70_z_1,pv_70,,,1,ely_y2569_id_d7155f6d-736d-42c0-8bc0-00ee6e1970dc,d7155f6d-736d-42c0-8bc0-00ee6e1970dc,27,ely_y2569_id_e84966fa-56c9-4f75-becc-04c302a3b468,1753,1.9005182245929009,4,140137,92238,4666
2569,pv_70_z_1,pv_70,,,1,ely_y2569_id_0c044088-618b-49af-a291-fb28ffe9e0f8,0c044088-618b-49af-a291-fb28ffe9e0f8,11,ely_y2569_id_42d3ebec-7832-46a8-9eb0-b3edca340a34,1501,1.6273119538584964,5,140137,92238,4666
2569,pv_70_z_1,pv_70,,,1,ely_y2569_id_115da917-bf32-4e96-a2ae-b7818d0909ee,115da917-bf32-4e96-a2ae-b7818d0909ee,6,ely_y2569_id_7573f5fc-fc30-4172-b380-4e315adc3c6e,1280,1.3877143910318956,6,140137,92238,4666
2569,pv_11_z_7,pv_11,,,7,ely_y2569_id_1116011c-1ef3-4cca-a186-c1b9f7984ede,1116011c-1ef3-4cca-a186-c1b9f7984ede,46,ely_y2569_id_b0e32161-3872-4fb7-827e-f8a802f87b9a,43609,47.30185588927576,1,149428,92883,3120
2569,pv_11_z_7,pv_11,,,7,ely_y2569_id_013c219e-e197-416d-84ea-00ba9c35465e,013c219e-e197-416d-84ea-00ba9c35465e,37,ely_y2569_id_12e661d9-3c7f-439a-8007-022676ebba3b,27420,29.741954378315054,2,149428,92883,3120
2569,pv_11_z_7,pv_11,,,7,ely_y2569_id_2d8a1c84-0bc8-4377-965d-c020a0097c27,2d8a1c84-0bc8-4377-965d-c020a0097c27,9,ely_y2569_id_8a4b452c-e514-4a26-b177-ad23ed00f2ea,14778,16.029416550063456,3,149428,92883,3120
2569,pv_11_z_7,pv_11,,,7,ely_y2569_id_0c044088-618b-49af-a291-fb28ffe9e0f8,0c044088-618b-49af-a291-fb28ffe9e0f8,11,ely_y2569_id_c0d68147-31fc-459e-b15e-68a635eac062,2479,2.688924321803174,4,149428,92883,3120
2569,pv_11_z_7,pv_11,,,7,ely_y2569_id_d7155f6d-736d-42c0-8bc0-00ee6e1970dc,d7155f6d-736d-42c0-8bc0-00ee6e1970dc,27,ely_y2569_id_6ab3c1d3-419d-4008-9ece-f256a2bb8789,1669,1.8103326716778931,5,149428,92883,3120
2569,pv_11_z_7,pv_11,,,7,ely_y2569_id_a62aca08-91b7-4f3f-ba8f-cb9e884a3799,a62aca08-91b7-4f3f-ba8f-cb9e884a3799,42,ely_y2569_id_67c96a18-5f5b-4cf2-a282-8f83369e458f,745,0.8080873819053508,6,149428,92883,3120
2569,pv_11_z_7,pv_11,,,7,ely_y2569_id_03347cbc-6089-474c-a3f6-484ae981c9a6,03347cbc-6089-474c-a3f6-484ae981c9a6,43,ely_y2569_id_9e65d6df-b145-4549-ae7c-e3e7fa6d8128,664,0.7202282168928227,7,149428,92883,3120
2569,pv_11_z_7,pv_11,,,7,ely_y2569_id_965b4b93-c01e-4a2b-a987-577f2b99ebb4,965b4b93-c01e-4a2b-a987-577f2b99ebb4,49,ely_y2569_id_78ef9078-1654-4901-b5fc-185abc6a4fa6,471,0.5108847743321077,8,149428,92883,3120
2569,pv_11_z_7,pv_11,,,7,ely_y2569_id_339fa187-133c-4766-a6c2-36d1b32cda8f,339fa187-133c-4766-a6c2-36d1b32cda8f,23,ely_y2569_id_a4f3f6aa-fd8c-48d8-9161-32baa739074a,358,0.3883158157343833,9,149428,92883,3120
2569,pv_84_z_6,pv_84,,,6,ely_y2569_id_013c219e-e197-416d-84ea-00ba9c35465e,013c219e-e197-416d-84ea-00ba9c35465e,37,ely_y2569_id_59968577-531d-4c24-9833-d435522fbf3a,29721,32.24550021156329,1,125055,92171,3297
2569,pv_84_z_6,pv_84,,,6,ely_y2569_id_a62aca08-91b7-4f3f-ba8f-cb9e884a3799,a62aca08-91b7-4f3f-ba8f-cb9e884a3799,42,ely_y2569_id_599aa40a-42ea-4e6d-8654-a437c93e9994,28366,30.77540658124573,2,125055,92171,3297
2569,pv_84_z_6,pv_84,,,6,ely_y2569_id_d7155f6d-736d-42c0-8bc0-00ee6e1970dc,d7155f6d-736d-42c0-8bc0-00ee6e1970dc,27,ely_y2569_id_bb2245df-8428-47e5-b4e1-c7bd3cad4966,14793,16.04951665925291,3,125055,92171,3297
2569,pv_84_z_6,pv_84,,,6,ely_y2569_id_e3ad415e-cb0c-4922-adb3-4624e857d801,,21,ely_y2569_id_3d3883bb-3bf4-4df7-8a44-9c0b6359e237,13140,14.256110924260343,4,125055,92171,3297
2569,pv_84_z_6,pv_84,,,6,ely_y2569_id_1116011c-1ef3-4cca-a186-c1b9f7984ede,1116011c-1ef3-4cca-a186-c1b9f7984ede,46,ely_y2569_id_284136b0-e3af-432b-a143-ab968020f7ec,5484,5.949810677978975,5,125055,92171,3297
2569,pv_84_z_6,pv_84,,,6,ely_y2569_id_2d8a1c84-0bc8-4377-965d-c020a0097c27,2d8a1c84-0bc8-4377-965d-c020a0097c27,9,ely_y2569_id_27725535-ab5a-4cf2-ba96-6b6cf3c8be70,555,0.6021416714584847,6,125055,92171,3297
2569,pv_84_z_6,pv_84,,,6,ely_y2569_id_bdd306a2-80c7-4d7b-a7ff-8dc1ec9fcc76,bdd306a2-80c7-4d7b-a7ff-8dc1ec9fcc76,10,ely_y2569_id_644ba6b2-c639-43fe-af21-93281c5a8ce0,112,0.1215132742402708,7,125055,92171,3297
2569,pv_13_z_2,pv_13,,,2,ely_y2569_id_2d8a1c84-0bc8-4377-965d-c020a0097c27,2d8a1c84-0bc8-4377-965d-c020a0097c27,9,ely_y2569_id_2722168f-acae-4a3c-8f27-b03fd7d65cab,34695,37.68574035453597,1,128901,92064,3080
2569,pv_13_z_2,pv_13,,,2,ely_y2569_id_1116011c-1ef3-4cca-a186-c1b9f7984ede,1116011c-1ef3-4cca-a186-c1b9f7984ede,46,ely_y2569_id_536a3ed2-b903-4817-9f53-aabc2960715d,30206,32.8097844977407,2,128901,92064,3080
2569,pv_13_z_2,pv_13,,,2,ely_y2569_id_013c219e-e197-416d-84ea-00ba9c35465e,013c219e-e197-416d-84ea-00ba9c35465e,37,ely_y2569_id_489e2f51-067c-491c-a8b1-baf040f1768a,21741,23.615093847758082,3,128901,92064,3080
2569,pv_13_z_2,pv_13,,,2,ely_y2569_id_d7155f6d-736d-42c0-8bc0-00ee6e1970dc,d7155f6d-736d-42c0-8bc0-00ee6e1970dc,27,ely_y2569_id_6c77bf13-652f-49c3-bd8e-b611e51d1cf3,1600,1.737921445950643,4,128901,92064,3080
2569,pv_13_z_2,pv_13,,,2,ely_y2569_id_0c044088-618b-49af-a291-fb28ffe9e0f8,0c044088-618b-49af-a291-fb28ffe9e0f8,11,ely_y2569_id_b2e21e4f-baf1-4b77-8c42-89447c4dafb1,991,1.0764250955856796,5,128901,92064,3080
2569,pv_13_z_2,pv_13,,,2,ely_y2569_id_115da917-bf32-4e96-a2ae-b7818d0909ee,115da917-bf32-4e96-a2ae-b7818d0909ee,6,ely_y2569_id_e8e3d436-be9a-44cf-8eee-4a14fa984072,948,1.029718456725756,6,128901,92064,3080
2569,pv_13_z_2,pv_13,,,2,ely_y2569_id_54706125-9661-467d-a8af-78994d14b116,54706125-9661-467d-a8af-78994d14b116,35,ely_y2569_id_b364a65a-f8ec-463a-8986-251edb5a2df5,761,0.8265988877302746,7,128901,92064,3080
2569,pv_13_z_2,pv_13,,,2,ely_y2569_id_a62aca08-91b7-4f3f-ba8f-cb9e884a3799,a62aca08-91b7-4f3f-ba8f-cb9e884a3799,42,ely_y2569_id_cf499cb7-f9b7-46b4-80aa-f30f16eb91db,696,0.7559958289885298,8,128901,92064,3080
2569,pv_13_z_2,pv_13,,,2,ely_y2569_id_03347cbc-6089-474c-a3f6-484ae981c9a6,03347cbc-6089-474c-a3f6-484ae981c9a6,43,ely_y2569_id_0e193b12-7cdf-4e44-ae9c-eaf0e3a44e81,426,0.4627215849843587,9,128901,92064,3080
2569,pv_24_z_1,pv_24,,,1,ely_y2569_id_2d8a1c84-0bc8-4377-965d-c020a0097c27,2d8a1c84-0bc8-4377-965d-c020a0097c27,9,ely_y2569_id_e9902944-9bff-4206-9a7b-d51706d8a834,36976,40.25343464913236,1,146573,96521,4789
2569,pv_24_z_1,pv_24,,,1,ely_y2569_id_1116011c-1ef3-4cca-a186-c1b9f7984ede,1116011c-1ef3-4cca-a186-c1b9f7984ede,46,ely_y2569_id_416c2eab-7436-4c18-b414-a455999f87c3,33404,36.36482396742799,2,146573,96521,4789
2569,pv_24_z_1,pv_24,,,1,ely_y2569_id_013c219e-e197-416d-84ea-00ba9c35465e,013c219e-e197-416d-84ea-00ba9c35465e,37,ely_y2569_id_62852976-3c80-4fae-915e-766da7350bfa,13168,14.33516950075116,3,146573,96521,4789
2569,pv_24_z_1,pv_24,,,1,ely_y2569_id_d7155f6d-736d-42c0-8bc0-00ee6e1970dc,d7155f6d-736d-42c0-8bc0-00ee6e1970dc,27,ely_y2569_id_45bbce26-f3ae-4bfb-a456-e196bbb4f26c,5417,5.897145594286834,4,146573,96521,4789
2569,pv_24_z_1,pv_24,,,1,ely_y2569_id_a62aca08-91b7-4f3f-ba8f-cb9e884a3799,a62aca08-91b7-4f3f-ba8f-cb9e884a3799,42,ely_y2569_id_0d3db154-eba6-4d48-810d-dbba3092a4b4,1807,1.9671667138409283,5,146573,96521,4789
2569,pv_24_z_1,pv_24,,,1,ely_y2569_id_339fa187-133c-4766-a6c2-36d1b32cda8f,339fa187-133c-4766-a6c2-36d1b32cda8f,23,ely_y2569_id_1b174c10-b6e1-4ef7-b311-41cc151b07f8,1086,1.182259574560735,6,146573,96521,4789
2569,pv_90_z_4,pv_90,,,4,ely_y2569_id_a62aca08-91b7-4f3f-ba8f-cb9e884a3799,a62aca08-91b7-4f3f-ba8f-cb9e884a3799,42,ely_y2569_id_3d048e4d-cced-4049-b6f4-cee431a0ba71,43872,47.77159532650239,1,126692,91970,3757
2569,pv_90_z_4,pv_90,,,4,ely_y2569_id_013c219e-e197-416d-84ea-00ba9c35465e,013c219e-e197-416d-84ea-00ba9c35465e,37,ely_y2569_id_8da85653-263c-4c3a-8b52-acda9f2a38dc,23288,25.357971188083233,2,126692,91970,3757
2569,pv_90_z_4,pv_90,,,4,ely_y2569_id_d7155f6d-736d-42c0-8bc0-00ee6e1970dc,d7155f6d-736d-42c0-8bc0-00ee6e1970dc,27,ely_y2569_id_8aed1bae-7829-4246-bc64-ecd288b08d44,17690,19.262388797543473,3,126692,91970,3757
2569,pv_90_z_4,pv_90,,,4,ely_y2569_id_1116011c-1ef3-4cca-a186-c1b9f7984ede,1116011c-1ef3-4cca-a186-c1b9f7984ede,46,ely_y2569_id_329c05a0-d67e-4402-b629-c94825a8b6c5,5718,6.226248679726036,4,126692,91970,3757
2569,pv_90_z_4,pv_90,,,4,ely_y2569_id_2d8a1c84-0bc8-4377-965d-c020a0097c27,2d8a1c84-0bc8-4377-965d-c020a0097c27,9,ely_y2569_id_39691e7a-6821-40a6-a175-227592db5a58,476,0.5183096137722268,5,126692,91970,3757
2569,pv_90_z_4,pv_90,,,4,ely_y2569_id_115da917-bf32-4e96-a2ae-b7818d0909ee,115da917-bf32-4e96-a2ae-b7818d0909ee,6,ely_y2569_id_3a27e144-6d32-4779-910e-71094858ce6e,467,0.5085096420832562,6,126692,91970,3757
2569,pv_90_z_4,pv_90,,,4,ely_y2569_id_0c044088-618b-49af-a291-fb28ffe9e0f8,0c044088-618b-49af-a291-fb28ffe9e0f8,11,ely_y2569_id_fd6a6419-6e7f-493c-b189-235160428805,326,0.35497675228938225,7,126692,91970,3757
2569,pv_77_z_2,pv_77,,,2,ely_y2569_id_a62aca08-91b7-4f3f-ba8f-cb9e884a3799,a62aca08-91b7-4f3f-ba8f-cb9e884a3799,42,ely_y2569_id_02a67334-32cc-4aa9-8472-b9d480450fdf,41386,45.197012056613666,1,146369,91568,4368
2569,pv_77_z_2,pv_77,,,2,ely_y2569_id_1116011c-1ef3-4cca-a186-c1b9f7984ede,1116011c-1ef3-4cca-a186-c1b9f7984ede,46,ely_y2569_id_5c3dcf93-a9b5-4928-943b-e609e52cd369,21456,23.431766556002096,2,146369,91568,4368
2569,pv_77_z_2,pv_77,,,2,ely_y2569_id_013c219e-e197-416d-84ea-00ba9c35465e,013c219e-e197-416d-84ea-00ba9c35465e,37,ely_y2569_id_15812863-87cc-446b-b1b8-630344ad58e7,15807,17.262580814258254,3,146369,91568,4368
2569,pv_77_z_2,pv_77,,,2,ely_y2569_id_2ee17641-917b-4ea0-8c19-da383e03e915,2ee17641-917b-4ea0-8c19-da383e03e915,44,ely_y2569_id_eb826b96-e822-44a4-94e6-8707a9bbfcf2,4965,5.422199895159881,4,146369,91568,4368
2569,pv_77_z_2,pv_77,,,2,ely_y2569_id_d7155f6d-736d-42c0-8bc0-00ee6e1970dc,d7155f6d-736d-42c0-8bc0-00ee6e1970dc,27,ely_y2569_id_4f2e042d-b74e-451b-8304-751a84f82870,4373,4.775685829110606,5,146369,91568,4368
2569,pv_77_z_2,pv_77,,,2,ely_y2569_id_2d8a1c84-0bc8-4377-965d-c020a0097c27,2d8a1c84-0bc8-4377-965d-c020a0097c27,9,ely_y2569_id_953530d0-7650-4f2c-9d92-d3cafebeace2,2142,2.339245151144505,6,146369,91568,4368
2569,pv_77_z_2,pv_77,,,2,ely_y2569_id_6102915f-e8bc-4149-8265-ec74489adf2f,6102915f-e8bc-4149-8265-ec74489adf2f,4,ely_y2569_id_54c392aa-0da1-45a4-931c-fceae5be7f11,588,0.6421457277651582,7,146369,91568,4368
2569,pv_77_z_2,pv_77,,,2,ely_y2569_id_965b4b93-c01e-4a2b-a987-577f2b99ebb4,965b4b93-c01e-4a2b-a987-577f2b99ebb4,49,ely_y2569_id_887a749c-9d60-4c30-9ca3-e24c4dfd5920,545,0.5951860912109034,8,146369,91568,4368
2569,pv_77_z_2,pv_77,,,2,ely_y2569_id_cb1b6cf2-41fa-49b1-a060-01acf13edc81,cb1b6cf2-41fa-49b1-a060-01acf13edc81,48,ely_y2569_id_415e0b53-319b-4010-83fa-0ad96461508f,306,0.3341778787349292,9,146369,91568,4368
2569,pv_60_z_2,pv_60,,,2,ely_y2569_id_013c219e-e197-416d-84ea-00ba9c35465e,013c219e-e197-416d-84ea-00ba9c35465e,37,ely_y2569_id_a6256f1b-0374-4cae-8ca6-b02729d2e2fa,44634,48.78512640587599,1,137003,91491,5988
2569,pv_60_z_2,pv_60,,,2,ely_y2569_id_2d8a1c84-0bc8-4377-965d-c020a0097c27,2d8a1c84-0bc8-4377-965d-c020a0097c27,9,ely_y2569_id_b3318db9-b899-47e2-830c-b0b636dcc0eb,27012,29.52421549660622,2,137003,91491,5988
2569,pv_60_z_2,pv_60,,,2,ely_y2569_id_1116011c-1ef3-4cca-a186-c1b9f7984ede,1116011c-1ef3-4cca-a186-c1b9f7984ede,46,ely_y2569_id_8ba1936c-a18e-4055-a3d5-a08aed77ab6f,15384,16.814768665770405,3,137003,91491,5988
2569,pv_60_z_2,pv_60,,,2,ely_y2569_id_d7155f6d-736d-42c0-8bc0-00ee6e1970dc,d7155f6d-736d-42c0-8bc0-00ee6e1970dc,27,ely_y2569_id_3003209f-057f-43eb-a6fa-4145e8335b83,2770,3.0276202030800845,4,137003,91491,5988
2569,pv_60_z_2,pv_60,,,2,ely_y2569_id_0c044088-618b-49af-a291-fb28ffe9e0f8,0c044088-618b-49af-a291-fb28ffe9e0f8,11,ely_y2569_id_cc1763bd-a999-4e14-b7fc-d44cf65eef78,989,1.0809806429047666,5,137003,91491,5988
2569,pv_60_z_2,pv_60,,,2,ely_y2569_id_a62aca08-91b7-4f3f-ba8f-cb9e884a3799,a62aca08-91b7-4f3f-ba8f-cb9e884a3799,42,ely_y2569_id_bf84e4d6-782b-4288-bf49-48bef671dbff,543,0.5935010000983704,6,137003,91491,5988
2569,pv_60_z_2,pv_60,,,2,ely_y2569_id_d1964fe3-2dd0-43d5-a190-77fbfaf586b2,,8,ely_y2569_id_90d48bdc-17f2-4dd6-a1e8-aacee5a8fa29,159,0.1737875856641637,7,137003,91491,5988
2569,pv_80_z_4,pv_80,,,4,ely_y2569_id_d7155f6d-736d-42c0-8bc0-00ee6e1970dc,d7155f6d-736d-42c0-8bc0-00ee6e1970dc,27,ely_y2569_id_39ac02b2-f76d-4449-a472-8bd267222fe5,41929,45.850100603621726,1,135857,92861,3174
2569,pv_80_z_4,pv_80,,,4,ely_y2569_id_a62aca08-91b7-4f3f-ba8f-cb9e884a3799,a62aca08-91b7-4f3f-ba8f-cb9e884a3799,42,ely_y2569_id_9518efb5-0a2c-4b76-ba39-235a45dc3c69,34682,37.92537835709911,2,135857,92861,3174
2569,pv_80_z_4,pv_80,,,4,ely_y2569_id_1116011c-1ef3-4cca-a186-c1b9f7984ede,1116011c-1ef3-4cca-a186-c1b9f7984ede,46,ely_y2569_id_a1bfdb58-1853-4ab5-ae7d-70deec376c37,7176,7.847082494969819,3,135857,92861,3174
2569,pv_80_z_4,pv_80,,,4,ely_y2569_id_013c219e-e197-416d-84ea-00ba9c35465e,013c219e-e197-416d-84ea-00ba9c35465e,37,ely_y2569_id_bd9dcbf9-2d68-485b-9eb2-c277bd4ccd1f,3570,3.9038579301898344,4,135857,92861,3174
2569,pv_80_z_4,pv_80,,,4,ely_y2569_id_2ee17641-917b-4ea0-8c19-da383e03e915,2ee17641-917b-4ea0-8c19-da383e03e915,44,ely_y2569_id_fbddf5bc-d0b5-49aa-b1ad-17f8057bba40,2391,2.6146006473624355,5,135857,92861,3174
2569,pv_80_z_4,pv_80,,,4,ely_y2569_id_2d8a1c84-0bc8-4377-965d-c020a0097c27,2d8a1c84-0bc8-4377-965d-c020a0097c27,9,ely_y2569_id_9184fe51-4958-4878-ab99-02e863893a27,923,1.0093167701863355,6,135857,92861,3174
2569,pv_80_z_4,pv_80,,,4,ely_y2569_id_0c044088-618b-49af-a291-fb28ffe9e0f8,0c044088-618b-49af-a291-fb28ffe9e0f8,11,ely_y2569_id_a824d604-6a5c-43fb-9d48-5c45c2e5db16,499,0.5456652961245735,7,135857,92861,3174
2569,pv_80_z_4,pv_80,,,4,ely_y2569_id_d1964fe3-2dd0-43d5-a190-77fbfaf586b2,,8,ely_y2569_id_a0905431-c88e-42cd-9384-cae20a0df5ad,278,0.30399790044615516,8,135857,92861,3174
2569,pv_14_z_5,pv_14,,,5,ely_y2569_id_013c219e-e197-416d-84ea-00ba9c35465e,013c219e-e197-416d-84ea-00ba9c35465e,37,ely_y2569_id_92ef6949-dc2e-40e9-9743-7c018a56ed7b,44041,48.22341695227041,1,133055,91327,5331
2569,pv_14_z_5,pv_14,,,5,ely_y2569_id_2d8a1c84-0bc8-4377-965d-c020a0097c27,2d8a1c84-0bc8-4377-965d-c020a0097c27,9,ely_y2569_id_e3a3fb9e-21de-47da-991b-6c4c58b2592e,25654,28.090269033254128,2,133055,91327,5331
2569,pv_14_z_5,pv_14,,,5,ely_y2569_id_1116011c-1ef3-4cca-a186-c1b9f7984ede,1116011c-1ef3-4cca-a186-c1b9f7984ede,46,ely_y2569_id_f03b004b-b0bf-47b8-98db-9405c1c4eea6,18764,20.545950266624327,3,133055,91327,5331
2569,pv_14_z_5,pv_14,,,5,ely_y2569_id_d7155f6d-736d-42c0-8bc0-00ee6e1970dc,d7155f6d-736d-42c0-8bc0-00ee6e1970dc,27,ely_y2569_id_c3d1e685-6796-47d8-a80d-8c6ef6d5aa3a,911,0.9975144261828375,4,133055,91327,5331
2569,pv_14_z_5,pv_14,,,5,ely_y2569_id_115da917-bf32-4e96-a2ae-b7818d0909ee,115da917-bf32-4e96-a2ae-b7818d0909ee,6,ely_y2569_id_d078d98b-4c72-4fd0-9277-8356fec8f6ea,795,0.8704983192265157,5,133055,91327,5331
2569,pv_14_z_5,pv_14,,,5,ely_y2569_id_0c044088-618b-49af-a291-fb28ffe9e0f8,0c044088-618b-49af-a291-fb28ffe9e0f8,11,ely_y2569_id_a6cd64bb-4d32-4c01-a6d5-821907f380da,727,0.7960406013555684,6,133055,91327,5331
2569,pv_14_z_5,pv_14,,,5,ely_y2569_id_cb1b6cf2-41fa-49b1-a060-01acf13edc81,cb1b6cf2-41fa-49b1-a060-01acf13edc81,48,ely_y2569_id_b4c1c364-7816-47b0-a755-8efae9e23dc9,435,0.4763104010862067,7,133055,91327,5331
2569,pv_40_z_2,pv_40,,,2,ely_y2569_id_1116011c-1ef3-4cca-a186-c1b9f7984ede,1116011c-1ef3-4cca-a186-c1b9f7984ede,46,ely_y2569_id_dcede9b5-cf0d-46d8-94fe-a310b017fd0f,38712,42.44504139027466,1,138811,92727,3387
2569,pv_40_z_2,pv_40,,,2,ely_y2569_id_a62aca08-91b7-4f3f-ba8f-cb9e884a3799,a62aca08-91b7-4f3f-ba8f-cb9e884a3799,42,ely_y2569_id_72b5b6d4-599a-47f9-b92e-0c47a1a174b6,25333,27.775889479743437,2,138811,92727,3387
2569,pv_40_z_2,pv_40,,,2,ely_y2569_id_2d8a1c84-0bc8-4377-965d-c020a0097c27,2d8a1c84-0bc8-4377-965d-c020a0097c27,9,ely_y2569_id_1a5b7368-689a-4b6f-a56e-bfd9e74f0298,15546,17.045118140452825,3,138811,92727,3387
2569,pv_40_z_2,pv_40,,,2,ely_y2569_id_0c044088-618b-49af-a291-fb28ffe9e0f8,0c044088-618b-49af-a291-fb28ffe9e0f8,11,ely_y2569_id_88184b68-aa00-4b5d-ad87-e36cd518347d,3579,3.9241269667233154,4,138811,92727,3387
2569,pv_40_z_2,pv_40,,,2,ely_y2569_id_03347cbc-6089-474c-a3f6-484ae981c9a6,03347cbc-6089-474c-a3f6-484ae981c9a6,43,ely_y2569_id_1ce0f2be-e029-4eb8-97a8-2888f6b5dafc,3115,3.415382928567513,5,138811,92727,3387
2569,pv_40_z_2,pv_40,,,2,ely_y2569_id_d7155f6d-736d-42c0-8bc0-00ee6e1970dc,d7155f6d-736d-42c0-8bc0-00ee6e1970dc,27,ely_y2569_id_d7084b8f-205f-4dc7-ad00-b7a8876aa24e,2032,2.2279480291650677,6,138811,92727,3387
2569,pv_40_z_2,pv_40,,,2,ely_y2569_id_115da917-bf32-4e96-a2ae-b7818d0909ee,115da917-bf32-4e96-a2ae-b7818d0909ee,6,ely_y2569_id_8ff8dc86-fba0-4546-a010-bcba21a8323e,1759,1.9286223343018476,7,138811,92727,3387
2569,pv_40_z_2,pv_40,,,2,ely_y2569_id_f9cadd57-8256-49aa-9386-0da392b19fc2,f9cadd57-8256-49aa-9386-0da392b19fc2,29,ely_y2569_id_ec4ec5e0-3ed7-4e65-89ab-6e29eb1e59d6,674,0.7389945726659722,8,138811,92727,3387
2569,pv_40_z_2,pv_40,,,2,ely_y2569_id_965b4b93-c01e-4a2b-a987-577f2b99ebb4,965b4b93-c01e-4a2b-a987-577f2b99ebb4,49,ely_y2569_id_767d92f4-b474-4b7c-a2b8-56066eed2b3d,455,0.498876158105367,9,138811,92727,3387
2569,pv_12_z_5,pv_12,,,5,ely_y2569_id_1116011c-1ef3-4cca-a186-c1b9f7984ede,1116011c-1ef3-4cca-a186-c1b9f7984ede,46,ely_y2569_id_a3b8533a-7bd1-49bd-9575-1a72d6c10391,39741,43.68583049356931,1,137859,93698,2301
2569,pv_12_z_5,pv_12,,,5,ely_y2569_id_013c219e-e197-416d-84ea-00ba9c35465e,013c219e-e197-416d-84ea-00ba9c35465e,37,ely_y2569_id_df9e6fae-c89f-4bcd-a8c7-89d1fe280d91,30248,33.2505221501594,2,137859,93698,2301
2569,pv_12_z_5,pv_12,,,5,ely_y2569_id_2d8a1c84-0bc8-4377-965d-c020a0097c27,2d8a1c84-0bc8-4377-965d-c020a0097c27,9,ely_y2569_id_41915d9b-6377-4e69-aaa2-006634fb154d,8334,9.161261954490492,3,137859,93698,2301
2569,pv_12_z_5,pv_12,,,5,ely_y2569_id_d7155f6d-736d-42c0-8bc0-00ee6e1970dc,d7155f6d-736d-42c0-8bc0-00ee6e1970dc,27,ely_y2569_id_22c76b34-3339-43db-a9da-5cadae70acf8,5551,6.10201165219303,4,137859,93698,2301
2569,pv_12_z_5,pv_12,,,5,ely_y2569_id_115da917-bf32-4e96-a2ae-b7818d0909ee,115da917-bf32-4e96-a2ae-b7818d0909ee,6,ely_y2569_id_ca16b1f6-63ef-4aa6-b9a5-921f440990e4,2282,2.5085192920743102,5,137859,93698,2301
2569,pv_12_z_5,pv_12,,,5,ely_y2569_id_0c044088-618b-49af-a291-fb28ffe9e0f8,0c044088-618b-49af-a291-fb28ffe9e0f8,11,ely_y2569_id_dc91bfb9-2bf1-4dbb-9872-4c1db5fcb9fc,1586,1.7434319006265802,6,137859,93698,2301
2569,pv_12_z_5,pv_12,,,5,ely_y2569_id_03347cbc-6089-474c-a3f6-484ae981c9a6,03347cbc-6089-474c-a3f6-484ae981c9a6,43,ely_y2569_id_9ac553b0-cf1d-4e13-a408-179b86669a59,1426,1.5675497416730788,7,137859,93698,2301
2569,pv_12_z_5,pv_12,,,5,ely_y2569_id_a62aca08-91b7-4f3f-ba8f-cb9e884a3799,a62aca08-91b7-4f3f-ba8f-cb9e884a3799,42,ely_y2569_id_e3c72032-7755-4143-acde-fc320e1de871,1134,1.2465648015829394,8,137859,93698,2301
2569,pv_12_z_5,pv_12,,,5,ely_y2569_id_bdd306a2-80c7-4d7b-a7ff-8dc1ec9fcc76,bdd306a2-80c7-4d7b-a7ff-8dc1ec9fcc76,10,ely_y2569_id_a1daeac3-34fd-4adc-b33a-f456916ae2bb,474,0.5210508958997472,9,137859,93698,2301
2569,pv_12_z_5,pv_12,,,5,ely_y2569_id_e89089ab-9e07-4933-ab7c-28f2e65bed81,e89089ab-9e07-4933-ab7c-28f2e65bed81,20,ely_y2569_id_4e6ffe65-e883-437a-beab-7661a8d58119,194,0.21325711773112016,10,137859,93698,2301
2569,pv_73_z_4,pv_73,,,4,ely_y2569_id_013c219e-e197-416d-84ea-00ba9c35465e,013c219e-e197-416d-84ea-00ba9c35465e,37,ely_y2569_id_a4c490ed-5231-469e-a808-679f46c56a4e,47660,52.41682705526532,1,128771,90925,4788
2569,pv_73_z_4,pv_73,,,4,ely_y2569_id_1116011c-1ef3-4cca-a186-c1b9f7984ede,1116011c-1ef3-4cca-a186-c1b9f7984ede,46,ely_y2569_id_e3253b1c-9fe5-4d4e-ae83-2f5e7eb8fb47,23283,25.606818806708826,2,128771,90925,4788
2569,pv_73_z_4,pv_73,,,4,ely_y2569_id_a62aca08-91b7-4f3f-ba8f-cb9e884a3799,a62aca08-91b7-4f3f-ba8f-cb9e884a3799,42,ely_y2569_id_43e75dcc-d5fa-427a-94a1-fb6308890f58,11198,12.31564476216662,3,128771,90925,4788
2569,pv_73_z_4,pv_73,,,4,ely_y2569_id_2d8a1c84-0bc8-4377-965d-c020a0097c27,2d8a1c84-0bc8-4377-965d-c020a0097c27,9,ely_y2569_id_b1f35541-cde5-4245-8b37-27ef650d94ed,3523,3.874621941160297,4,128771,90925,4788
2569,pv_73_z_4,pv_73,,,4,ely_y2569_id_d7155f6d-736d-42c0-8bc0-00ee6e1970dc,d7155f6d-736d-42c0-8bc0-00ee6e1970dc,27,ely_y2569_id_f148a543-f2a6-47be-aa60-81833dbb6096,2114,2.3249931262029144,5,128771,90925,4788
2569,pv_73_z_4,pv_73,,,4,ely_y2569_id_0c044088-618b-49af-a291-fb28ffe9e0f8,0c044088-618b-49af-a291-fb28ffe9e0f8,11,ely_y2569_id_667f751a-4f8b-4ad3-ad8b-4cf9a25659ea,1816,1.9972504811657958,6,128771,90925,4788
2569,pv_73_z_4,pv_73,,,4,ely_y2569_id_bd8d9f14-f757-41fb-8f37-d6128d9d012d,bd8d9f14-f757-41fb-8f37-d6128d9d012d,7,ely_y2569_id_43888962-7c1f-49b5-845a-e086d746e8c6,990,1.0888094583447896,7,128771,90925,4788
2569,pv_73_z_4,pv_73,,,4,ely_y2569_id_bcdcd19b-d619-47dd-8535-fafb6bc6f4d8,bcdcd19b-d619-47dd-8535-fafb6bc6f4d8,12,ely_y2569_id_2ad03833-0a93-4092-a105-0251067a335f,341,0.3750343689854275,8,128771,90925,4788
2569,pv_14_z_1,pv_14,,,1,ely_y2569_id_013c219e-e197-416d-84ea-00ba9c35465e,013c219e-e197-416d-84ea-00ba9c35465e,37,ely_y2569_id_ae80bf7f-1fd9-443c-bd33-62c2f0ec6a21,43361,47.69767237206847,1,140188,90908,4026
2569,pv_14_z_1,pv_14,,,1,ely_y2569_id_1116011c-1ef3-4cca-a186-c1b9f7984ede,1116011c-1ef3-4cca-a186-c1b9f7984ede,46,ely_y2569_id_3e0f0652-1053-4139-bd97-17f066eca713,34926,38.419061028732344,2,140188,90908,4026
2569,pv_14_z_1,pv_14,,,1,ely_y2569_id_2d8a1c84-0bc8-4377-965d-c020a0097c27,2d8a1c84-0bc8-4377-965d-c020a0097c27,9,ely_y2569_id_e097d7f9-e72f-455d-af56-a63c65978baf,5536,6.089673076076913,3,140188,90908,4026
2569,pv_14_z_1,pv_14,,,1,ely_y2569_id_d7155f6d-736d-42c0-8bc0-00ee6e1970dc,d7155f6d-736d-42c0-8bc0-00ee6e1970dc,27,ely_y2569_id_4b979641-ebc8-4818-ab1c-c052f0ef75dc,3303,3.633343600123202,4,140188,90908,4026
2569,pv_14_z_1,pv_14,,,1,ely_y2569_id_0c044088-618b-49af-a291-fb28ffe9e0f8,0c044088-618b-49af-a291-fb28ffe9e0f8,11,ely_y2569_id_6ba968fa-0f33-43a6-840e-9c636b9b71e1,1432,1.5752189026268313,5,140188,90908,4026
2569,pv_14_z_1,pv_14,,,1,ely_y2569_id_115da917-bf32-4e96-a2ae-b7818d0909ee,115da917-bf32-4e96-a2ae-b7818d0909ee,6,ely_y2569_id_1740d9ed-b93b-434f-a6cb-56f7bf554d97,1408,1.54881858582303,6,140188,90908,4026
2569,pv_14_z_1,pv_14,,,1,ely_y2569_id_bcdcd19b-d619-47dd-8535-fafb6bc6f4d8,bcdcd19b-d619-47dd-8535-fafb6bc6f4d8,12,ely_y2569_id_f795f347-d8f0-444d-aca3-95b8882610e1,632,0.69520834250011,7,140188,90908,4026
2569,pv_14_z_1,pv_14,,,1,ely_y2569_id_cb1b6cf2-41fa-49b1-a060-01acf13edc81,cb1b6cf2-41fa-49b1-a060-01acf13edc81,48,ely_y2569_id_92e44fe2-9d0d-4e0d-9907-f85ff346f0a7,310,0.3410040920491046,8,140188,90908,4026
2569,pv_10_z_9,pv_10,,,9,ely_y2569_id_1116011c-1ef3-4cca-a186-c1b9f7984ede,1116011c-1ef3-4cca-a186-c1b9f7984ede,46,ely_y2569_id_0cfd6b29-f6c1-45d7-85be-1a43375e6ed4,47108,51.96002735434912,1,144296,93330,1523
2569,pv_10_z_9,pv_10,,,9,ely_y2569_id_013c219e-e197-416d-84ea-00ba9c35465e,013c219e-e197-416d-84ea-00ba9c35465e,37,ely_y2569_id_ae600769-f00c-4774-b96d-d9d1d7561d40,16267,17.942467627010213,2,144296,93330,1523
2569,pv_10_z_9,pv_10,,,9,ely_y2569_id_d7155f6d-736d-42c0-8bc0-00ee6e1970dc,d7155f6d-736d-42c0-8bc0-00ee6e1970dc,27,ely_y2569_id_34afc7ef-88f6-4726-bb7a-a11c4645eefe,10691,11.792151066599017,3,144296,93330,1523
2569,pv_10_z_9,pv_10,,,9,ely_y2569_id_2d8a1c84-0bc8-4377-965d-c020a0097c27,2d8a1c84-0bc8-4377-965d-c020a0097c27,9,ely_y2569_id_564bee10-9be0-4050-994d-ac438637d405,9379,10.34501775826697,4,144296,93330,1523
2569,pv_10_z_9,pv_10,,,9,ely_y2569_id_115da917-bf32-4e96-a2ae-b7818d0909ee,115da917-bf32-4e96-a2ae-b7818d0909ee,6,ely_y2569_id_480bea12-0619-4d24-8cec-16ee2c8f9dab,3150,3.47444353753502,5,144296,93330,1523
2569,pv_10_z_9,pv_10,,,9,ely_y2569_id_cb1b6cf2-41fa-49b1-a060-01acf13edc81,cb1b6cf2-41fa-49b1-a060-01acf13edc81,48,ely_y2569_id_3a5fd4bb-0d32-4ce6-bd06-5a5abe23ca1a,873,0.9629172089739914,6,144296,93330,1523
2569,pv_10_z_9,pv_10,,,9,ely_y2569_id_c10044e9-2d3c-4481-b323-a9aef1851236,c10044e9-2d3c-4481-b323-a9aef1851236,13,ely_y2569_id_0b9ec867-cb44-492d-a614-3c3af8b36f24,632,0.6970947034038517,7,144296,93330,1523
2569,pv_10_z_9,pv_10,,,9,ely_y2569_id_54706125-9661-467d-a8af-78994d14b116,54706125-9661-467d-a8af-78994d14b116,35,ely_y2569_id_d238891f-e4a2-4028-bafe-44703fc96695,583,0.6430478039310847,8,144296,93330,1523
2569,pv_10_z_9,pv_10,,,9,ely_y2569_id_965b4b93-c01e-4a2b-a987-577f2b99ebb4,965b4b93-c01e-4a2b-a987-577f2b99ebb4,49,ely_y2569_id_3c44f936-89f6-4f56-a08b-55d9aaf0f985,553,0.6099578654783702,9,144296,93330,1523
2569,pv_10_z_9,pv_10,,,9,ely_y2569_id_bd8d9f14-f757-41fb-8f37-d6128d9d012d,bd8d9f14-f757-41fb-8f37-d6128d9d012d,7,ely_y2569_id_c165028f-ea67-499f-bc97-c5f005f787d6,424,0.4676711301316979,10,144296,93330,1523
2569,pv_10_z_9,pv_10,,,9,ely_y2569_id_a62aca08-91b7-4f3f-ba8f-cb9e884a3799,a62aca08-91b7-4f3f-ba8f-cb9e884a3799,42,ely_y2569_id_4d9c477a-25bb-4647-a8ff-98cfcee00699,324,0.35737133528931636,11,144296,93330,1523
2569,pv_10_z_9,pv_10,,,9,ely_y2569_id_d1964fe3-2dd0-43d5-a190-77fbfaf586b2,,8,ely_y2569_id_7907f9f1-f2c2-4285-b216-9c16fcd7cdc6,259,0.2856764686417683,12,144296,93330,1523
2569,pv_10_z_9,pv_10,,,9,ely_y2569_id_2ee17641-917b-4ea0-8c19-da383e03e915,2ee17641-917b-4ea0-8c19-da383e03e915,44,ely_y2569_id_a13ba8c8-4390-4c90-8b11-11403bd70c05,242,0.2669255035185635,13,144296,93330,1523
2569,pv_10_z_9,pv_10,,,9,ely_y2569_id_7255d2d0-1f49-4fd8-adad-7acfea2d5126,7255d2d0-1f49-4fd8-adad-7acfea2d5126,56,ely_y2569_id_2402d825-85f2-48a0-abfa-73c77ec80d8a,177,0.1952306368710154,14,144296,93330,1523
2569,pv_80_z_5,pv_80,,,5,ely_y2569_id_a62aca08-91b7-4f3f-ba8f-cb9e884a3799,a62aca08-91b7-4f3f-ba8f-cb9e884a3799,42,ely_y2569_id_45e23b06-7ea3-4d7c-bac2-a419d0736281,34752,38.360579735741176,1,140284,90593,2910
2569,pv_80_z_5,pv_80,,,5,ely_y2569_id_013c219e-e197-416d-84ea-00ba9c35465e,013c219e-e197-416d-84ea-00ba9c35465e,37,ely_y2569_id_7189d980-00c9-4046-92af-3788e3497977,29194,32.22544788228671,2,140284,90593,2910
2569,pv_80_z_5,pv_80,,,5,ely_y2569_id_d7155f6d-736d-42c0-8bc0-00ee6e1970dc,d7155f6d-736d-42c0-8bc0-00ee6e1970dc,27,ely_y2569_id_bccf7dce-7abb-402d-b734-bbdbc235b838,16079,17.74861192365856,3,140284,90593,2910
2569,pv_80_z_5,pv_80,,,5,ely_y2569_id_1116011c-1ef3-4cca-a186-c1b9f7984ede,1116011c-1ef3-4cca-a186-c1b9f7984ede,46,ely_y2569_id_f0a10177-1d11-4113-be18-c3c5b73d60c1,8627,9.522810813197488,4,140284,90593,2910
2569,pv_80_z_5,pv_80,,,5,ely_y2569_id_2d8a1c84-0bc8-4377-965d-c020a0097c27,2d8a1c84-0bc8-4377-965d-c020a0097c27,9,ely_y2569_id_44b5e107-424d-497d-bd1b-0518539ed989,687,0.7583367368339717,5,140284,90593,2910
2569,pv_80_z_5,pv_80,,,5,ely_y2569_id_115da917-bf32-4e96-a2ae-b7818d0909ee,115da917-bf32-4e96-a2ae-b7818d0909ee,6,ely_y2569_id_972f52d3-2799-4194-86ff-b77bbd995b9b,540,0.5960725442363096,6,140284,90593,2910
2569,pv_80_z_5,pv_80,,,5,ely_y2569_id_0c044088-618b-49af-a291-fb28ffe9e0f8,0c044088-618b-49af-a291-fb28ffe9e0f8,11,ely_y2569_id_8fc8ee6b-c41a-453d-b72a-4c53e6bc89d8,326,0.3598512026315499,7,140284,90593,2910
2569,pv_80_z_5,pv_80,,,5,ely_y2569_id_965b4b93-c01e-4a2b-a987-577f2b99ebb4,965b4b93-c01e-4a2b-a987-577f2b99ebb4,49,ely_y2569_id_2abc33f3-1fc8-4fc7-a1aa-24ad81271a9b,219,0.24174053182917005,8,140284,90593,2910
2569,pv_80_z_5,pv_80,,,5,ely_y2569_id_bd8d9f14-f757-41fb-8f37-d6128d9d012d,bd8d9f14-f757-41fb-8f37-d6128d9d012d,7,ely_y2569_id_d41c9a76-941b-4813-bd7e-290f4565d2e8,169,0.18654862958506727,9,140284,90593,2910
2569,pv_86_z_1,pv_86,,,1,ely_y2569_id_013c219e-e197-416d-84ea-00ba9c35465e,013c219e-e197-416d-84ea-00ba9c35465e,37,ely_y2569_id_f953d335-1bdb-461b-a39d-18ccafed6313,43318,47.82608695652174,1,137056,90574,2883
2569,pv_86_z_1,pv_86,,,1,ely_y2569_id_d7155f6d-736d-42c0-8bc0-00ee6e1970dc,d7155f6d-736d-42c0-8bc0-00ee6e1970dc,27,ely_y2569_id_61d87233-538b-4f87-8b2b-ad90fa2dafc7,32047,35.38211848874953,2,137056,90574,2883
2569,pv_86_z_1,pv_86,,,1,ely_y2569_id_1116011c-1ef3-4cca-a186-c1b9f7984ede,1116011c-1ef3-4cca-a186-c1b9f7984ede,46,ely_y2569_id_8e046fd2-d428-4e59-bbaf-89c948273661,12289,13.567911321129683,3,137056,90574,2883
2569,pv_86_z_1,pv_86,,,1,ely_y2569_id_03347cbc-6089-474c-a3f6-484ae981c9a6,03347cbc-6089-474c-a3f6-484ae981c9a6,43,ely_y2569_id_8215e173-e089-474b-9eed-84e692581fd3,1075,1.1868748205886899,4,137056,90574,2883
2569,pv_86_z_1,pv_86,,,1,ely_y2569_id_2d8a1c84-0bc8-4377-965d-c020a0097c27,2d8a1c84-0bc8-4377-965d-c020a0097c27,9,ely_y2569_id_a2f1a18c-4fa0-42e1-853f-d66283ea7b8a,798,0.8810475412369996,5,137056,90574,2883
2569,pv_86_z_1,pv_86,,,1,ely_y2569_id_7ffe2115-72d1-4d71-9962-03ff61afc67c,,31,ely_y2569_id_363eef91-9d48-4aa2-8193-c8d711288b67,555,0.6127586283039282,6,137056,90574,2883
2569,pv_86_z_1,pv_86,,,1,ely_y2569_id_eae55266-b74d-4322-869b-c3e5aa00701f,,39,ely_y2569_id_8a376f14-61b1-4060-9bc8-29fe6b8e7fcb,492,0.5432022434694284,7,137056,90574,2883
2569,pv_19_z_2,pv_19,,,2,ely_y2569_id_013c219e-e197-416d-84ea-00ba9c35465e,013c219e-e197-416d-84ea-00ba9c35465e,37,ely_y2569_id_8df9ce92-2c11-4d42-b65e-88db3fbb69b9,34896,38.54548667874343,1,136691,90532,5896
2569,pv_19_z_2,pv_19,,,2,ely_y2569_id_2d8a1c84-0bc8-4377-965d-c020a0097c27,2d8a1c84-0bc8-4377-965d-c020a0097c27,9,ely_y2569_id_96ab6382-c621-4e1e-a098-0504a7b7a42f,26004,28.723545265762386,2,136691,90532,5896
2569,pv_19_z_2,pv_19,,,2,ely_y2569_id_1116011c-1ef3-4cca-a186-c1b9f7984ede,1116011c-1ef3-4cca-a186-c1b9f7984ede,46,ely_y2569_id_eeae1ab1-cce7-4024-a142-946c410f83d6,21654,23.9186144125834,3,136691,90532,5896
2569,pv_19_z_2,pv_19,,,2,ely_y2569_id_965b4b93-c01e-4a2b-a987-577f2b99ebb4,965b4b93-c01e-4a2b-a987-577f2b99ebb4,49,ely_y2569_id_945acba7-be21-412f-95c8-4c3c18fb32e9,3000,3.3137454159855078,4,136691,90532,5896
2569,pv_19_z_2,pv_19,,,2,ely_y2569_id_0c044088-618b-49af-a291-fb28ffe9e0f8,0c044088-618b-49af-a291-fb28ffe9e0f8,11,ely_y2569_id_27840d0a-cd3e-4952-a906-34b2c78bbc1b,1695,1.872266160031812,5,136691,90532,5896
2569,pv_19_z_2,pv_19,,,2,ely_y2569_id_115da917-bf32-4e96-a2ae-b7818d0909ee,115da917-bf32-4e96-a2ae-b7818d0909ee,6,ely_y2569_id_8d6da89d-02ed-43ab-83c4-09d3c4ba948f,1582,1.7474484160296913,6,136691,90532,5896
2569,pv_19_z_2,pv_19,,,2,ely_y2569_id_d7155f6d-736d-42c0-8bc0-00ee6e1970dc,d7155f6d-736d-42c0-8bc0-00ee6e1970dc,27,ely_y2569_id_29c0e9cb-784e-426f-bb37-9463b3f0983d,953,1.052666460478063,7,136691,90532,5896
2569,pv_19_z_2,pv_19,,,2,ely_y2569_id_339fa187-133c-4766-a6c2-36d1b32cda8f,339fa187-133c-4766-a6c2-36d1b32cda8f,23,ely_y2569_id_8431f92b-9f8c-452b-8367-34b2e187a4f8,748,0.8262271903857199,8,136691,90532,5896
2569,pv_14_z_2,pv_14,,,2,ely_y2569_id_013c219e-e197-416d-84ea-00ba9c35465e,013c219e-e197-416d-84ea-00ba9c35465e,37,ely_y2569_id_ffefd10f-9a74-4a54-932b-0609916a97e9,51200,56.73255917028632,1,128589,90248,5460
2569,pv_14_z_2,pv_14,,,2,ely_y2569_id_1116011c-1ef3-4cca-a186-c1b9f7984ede,1116011c-1ef3-4cca-a186-c1b9f7984ede,46,ely_y2569_id_419c6f98-6b6b-4e95-8576-d339b69f6e35,24678,27.34465029695949,2,128589,90248,5460
2569,pv_14_z_2,pv_14,,,2,ely_y2569_id_2d8a1c84-0bc8-4377-965d-c020a0097c27,2d8a1c84-0bc8-4377-965d-c020a0097c27,9,ely_y2569_id_abe02e39-b10c-431c-9820-7833fbe4865e,8589,9.517108412374789,3,128589,90248,5460
2569,pv_14_z_2,pv_14,,,2,ely_y2569_id_0c044088-618b-49af-a291-fb28ffe9e0f8,0c044088-618b-49af-a291-fb28ffe9e0f8,11,ely_y2569_id_72c85307-3361-440d-aec2-15ecfdb1ae11,1870,2.0720680790710047,4,128589,90248,5460
2569,pv_14_z_2,pv_14,,,2,ely_y2569_id_115da917-bf32-4e96-a2ae-b7818d0909ee,115da917-bf32-4e96-a2ae-b7818d0909ee,6,ely_y2569_id_0b09f641-18ab-4776-a295-4396e85473e1,1298,1.4382590195904619,5,128589,90248,5460
2569,pv_14_z_2,pv_14,,,2,ely_y2569_id_d7155f6d-736d-42c0-8bc0-00ee6e1970dc,d7155f6d-736d-42c0-8bc0-00ee6e1970dc,27,ely_y2569_id_7c07bf9e-81de-4c0c-b09c-8f1dd92e86a2,1108,1.2277280382944775,6,128589,90248,5460
2569,pv_14_z_2,pv_14,,,2,ely_y2569_id_965b4b93-c01e-4a2b-a987-577f2b99ebb4,965b4b93-c01e-4a2b-a987-577f2b99ebb4,49,ely_y2569_id_2b188f6a-ca03-4591-8967-9c3b930d5c65,665,0.7368584345359454,7,128589,90248,5460
2569,pv_14_z_2,pv_14,,,2,ely_y2569_id_a62aca08-91b7-4f3f-ba8f-cb9e884a3799,a62aca08-91b7-4f3f-ba8f-cb9e884a3799,42,ely_y2569_id_1946d250-e34a-47d9-b178-76d54653ec0d,611,0.6770233135360341,8,128589,90248,5460
2569,pv_14_z_2,pv_14,,,2,ely_y2569_id_03347cbc-6089-474c-a3f6-484ae981c9a6,03347cbc-6089-474c-a3f6-484ae981c9a6,43,ely_y2569_id_33bb6992-af99-49ea-bc23-55e0cf06254f,229,0.253745235351476,9,128589,90248,5460
2569,pv_12_z_8,pv_12,,,8,ely_y2569_id_1116011c-1ef3-4cca-a186-c1b9f7984ede,1116011c-1ef3-4cca-a186-c1b9f7984ede,46,ely_y2569_id_5e033095-7581-490f-a4f6-ff738d12e114,36749,40.7276878234753,1,136983,91914,2622
2569,pv_12_z_8,pv_12,,,8,ely_y2569_id_013c219e-e197-416d-84ea-00ba9c35465e,013c219e-e197-416d-84ea-00ba9c35465e,37,ely_y2569_id_17eed332-2d49-4d18-80c5-f5fc894a9ef9,27663,30.657977856834123,2,136983,91914,2622
2569,pv_12_z_8,pv_12,,,8,ely_y2569_id_2d8a1c84-0bc8-4377-965d-c020a0097c27,2d8a1c84-0bc8-4377-965d-c020a0097c27,9,ely_y2569_id_8ccaf207-9198-4865-953a-7b9681000407,9023,9.999889173343973,3,136983,91914,2622
2569,pv_12_z_8,pv_12,,,8,ely_y2569_id_a62aca08-91b7-4f3f-ba8f-cb9e884a3799,a62aca08-91b7-4f3f-ba8f-cb9e884a3799,42,ely_y2569_id_1c0b4730-9b63-423f-bd7e-04e3293ce5a4,5511,6.107657013664927,4,136983,91914,2622
2569,pv_12_z_8,pv_12,,,8,ely_y2569_id_d7155f6d-736d-42c0-8bc0-00ee6e1970dc,d7155f6d-736d-42c0-8bc0-00ee6e1970dc,27,ely_y2569_id_02fb07ea-49ae-4be9-991d-9120aa1e95d4,4301,4.766654475734504,5,136983,91914,2622
2569,pv_12_z_8,pv_12,,,8,ely_y2569_id_0c044088-618b-49af-a291-fb28ffe9e0f8,0c044088-618b-49af-a291-fb28ffe9e0f8,11,ely_y2569_id_9dc8a849-f54d-49e7-87f5-ca2086eaf46b,2180,2.4160211013953075,6,136983,91914,2622
2569,pv_12_z_8,pv_12,,,8,ely_y2569_id_115da917-bf32-4e96-a2ae-b7818d0909ee,115da917-bf32-4e96-a2ae-b7818d0909ee,6,ely_y2569_id_f12ae76d-5400-46e6-98b7-0373de274363,2161,2.3949640367501193,7,136983,91914,2622
2569,pv_12_z_8,pv_12,,,8,ely_y2569_id_7ffe2115-72d1-4d71-9962-03ff61afc67c,,31,ely_y2569_id_e9a654c5-fae3-4670-8fd0-65a657a1ca44,961,1.0650441644224269,8,136983,91914,2622
2569,pv_12_z_8,pv_12,,,8,ely_y2569_id_03347cbc-6089-474c-a3f6-484ae981c9a6,03347cbc-6089-474c-a3f6-484ae981c9a6,43,ely_y2569_id_3a23a521-7354-4f30-9bc8-02ef71b862ea,881,0.9763828396005807,9,136983,91914,2622
2569,pv_12_z_8,pv_12,,,8,ely_y2569_id_e89089ab-9e07-4933-ab7c-28f2e65bed81,e89089ab-9e07-4933-ab7c-28f2e65bed81,20,ely_y2569_id_8e0f90f9-da31-4732-9815-81d835b5bcd9,461,0.5109108842858885,10,136983,91914,2622
2569,pv_12_z_8,pv_12,,,8,ely_y2569_id_bdd306a2-80c7-4d7b-a7ff-8dc1ec9fcc76,bdd306a2-80c7-4d7b-a7ff-8dc1ec9fcc76,10,ely_y2569_id_c8862d1e-d983-417c-a235-70cbdfc840a9,340,0.37681063049284613,11,136983,91914,2622
2569,pv_10_z_11,pv_10,,,11,ely_y2569_id_1116011c-1ef3-4cca-a186-c1b9f7984ede,1116011c-1ef3-4cca-a186-c1b9f7984ede,46,ely_y2569_id_0387bafe-7c56-4a31-817c-cd7d6ce2dd0a,36844,40.91095837173408,1,137319,90987,1664
2569,pv_10_z_11,pv_10,,,11,ely_y2569_id_2d8a1c84-0bc8-4377-965d-c020a0097c27,2d8a1c84-0bc8-4377-965d-c020a0097c27,9,ely_y2569_id_41edfa3a-93d3-440e-afde-2a57e420b797,23498,26.091784274753216,2,137319,90987,1664
2569,pv_10_z_11,pv_10,,,11,ely_y2569_id_013c219e-e197-416d-84ea-00ba9c35465e,013c219e-e197-416d-84ea-00ba9c35465e,37,ely_y2569_id_befaa3ad-57ef-47bc-93b7-e72c9073202f,19418,21.56142084633407,3,137319,90987,1664
2569,pv_10_z_11,pv_10,,,11,ely_y2569_id_d7155f6d-736d-42c0-8bc0-00ee6e1970dc,d7155f6d-736d-42c0-8bc0-00ee6e1970dc,27,ely_y2569_id_82e41a6f-d744-4833-b838-04648a4b4d75,3652,4.055119421712433,4,137319,90987,1664
2569,pv_10_z_11,pv_10,,,11,ely_y2569_id_7ffe2115-72d1-4d71-9962-03ff61afc67c,,31,ely_y2569_id_722b8672-ebbf-42cc-bea3-38c97f419836,1067,1.1847788671870663,5,137319,90987,1664
2569,pv_10_z_11,pv_10,,,11,ely_y2569_id_0c044088-618b-49af-a291-fb28ffe9e0f8,0c044088-618b-49af-a291-fb28ffe9e0f8,11,ely_y2569_id_7ea40716-eca9-4e36-bedf-7f1f051d5d9b,928,1.0304356033267081,6,137319,90987,1664
2569,pv_10_z_11,pv_10,,,11,ely_y2569_id_115da917-bf32-4e96-a2ae-b7818d0909ee,115da917-bf32-4e96-a2ae-b7818d0909ee,6,ely_y2569_id_dab74296-a3e2-4c04-b31f-694ae5341dd7,910,1.0104487058483884,7,137319,90987,1664
2569,pv_10_z_11,pv_10,,,11,ely_y2569_id_f9cadd57-8256-49aa-9386-0da392b19fc2,f9cadd57-8256-49aa-9386-0da392b19fc2,29,ely_y2569_id_79cfae37-a936-4ca7-8eb4-fce05e674f46,648,0.7195283092195116,8,137319,90987,1664
2569,pv_10_z_11,pv_10,,,11,ely_y2569_id_fc22ff6d-da02-4cb6-86a7-b768c78bc19a,,15,ely_y2569_id_71ddabc4-6145-4764-8484-2f17306f3161,599,0.6651195327507523,9,137319,90987,1664
2569,pv_10_z_11,pv_10,,,11,ely_y2569_id_2ee17641-917b-4ea0-8c19-da383e03e915,2ee17641-917b-4ea0-8c19-da383e03e915,44,ely_y2569_id_6a621f5a-2d54-40c4-b1be-8fe5dbf671f7,556,0.6173730554414328,10,137319,90987,1664
2569,pv_10_z_11,pv_10,,,11,ely_y2569_id_cb1b6cf2-41fa-49b1-a060-01acf13edc81,cb1b6cf2-41fa-49b1-a060-01acf13edc81,48,ely_y2569_id_6ec49ecd-6e4e-41a9-9ab4-496695162a45,391,0.434159828556835,11,137319,90987,1664
2569,pv_10_z_11,pv_10,,,11,ely_y2569_id_7255d2d0-1f49-4fd8-adad-7acfea2d5126,7255d2d0-1f49-4fd8-adad-7acfea2d5126,56,ely_y2569_id_26fb0a62-f5fc-4b44-955a-bba5b5e93033,356,0.39529641679343547,12,137319,90987,1664
2569,pv_10_z_11,pv_10,,,11,ely_y2569_id_965b4b93-c01e-4a2b-a987-577f2b99ebb4,965b4b93-c01e-4a2b-a987-577f2b99ebb4,49,ely_y2569_id_479783a7-21a7-4d45-b40e-50fdd41d8805,321,0.35643300503003583,13,137319,90987,1664
2569,pv_10_z_11,pv_10,,,11,ely_y2569_id_03347cbc-6089-474c-a3f6-484ae981c9a6,03347cbc-6089-474c-a3f6-484ae981c9a6,43,ely_y2569_id_c82354b3-153b-42ab-be95-c3fba7a288d6,280,0.31090729410719636,14,137319,90987,1664
2569,pv_10_z_11,pv_10,,,11,ely_y2569_id_a62aca08-91b7-4f3f-ba8f-cb9e884a3799,a62aca08-91b7-4f3f-ba8f-cb9e884a3799,42,ely_y2569_id_167a4f3f-26f8-44d2-810d-56b70096c24b,190,0.21097280671559757,15,137319,90987,1664
2569,pv_10_z_11,pv_10,,,11,ely_y2569_id_bd8d9f14-f757-41fb-8f37-d6128d9d012d,bd8d9f14-f757-41fb-8f37-d6128d9d012d,7,ely_y2569_id_b286288a-8a81-4033-a59d-49402ee556dc,179,0.1987585915899577,16,137319,90987,1664
2569,pv_10_z_11,pv_10,,,11,ely_y2569_id_d1964fe3-2dd0-43d5-a190-77fbfaf586b2,,8,ely_y2569_id_c409fa0e-2f02-4645-8e2a-0ab555642c2b,167,0.18543399327107785,17,137319,90987,1664
2569,pv_10_z_11,pv_10,,,11,ely_y2569_id_c126e4e4-be85-44e6-bf3e-f9331b9f91a9,c126e4e4-be85-44e6-bf3e-f9331b9f91a9,24,ely_y2569_id_00ea9ae0-30e6-44db-8d6c-54c89dc2f884,55,0.061071075628199294,18,137319,90987,1664
2569,pv_10_z_6,pv_10,,,6,ely_y2569_id_1116011c-1ef3-4cca-a186-c1b9f7984ede,1116011c-1ef3-4cca-a186-c1b9f7984ede,46,ely_y2569_id_ecbfe23c-90ca-49f2-923e-8db63d802c16,41394,46.02043425572837,1,143144,91803,1732
2569,pv_10_z_6,pv_10,,,6,ely_y2569_id_d7155f6d-736d-42c0-8bc0-00ee6e1970dc,d7155f6d-736d-42c0-8bc0-00ee6e1970dc,27,ely_y2569_id_6640f2c5-9c3a-41c1-bc7c-238cd11ef56f,12395,13.780337309749074,2,143144,91803,1732
2569,pv_10_z_6,pv_10,,,6,ely_y2569_id_013c219e-e197-416d-84ea-00ba9c35465e,013c219e-e197-416d-84ea-00ba9c35465e,37,ely_y2569_id_d8f5e66e-94df-4cf6-8b8d-0230c9a8cdb2,11685,12.990983579218874,3,143144,91803,1732
2569,pv_10_z_6,pv_10,,,6,ely_y2569_id_2ee17641-917b-4ea0-8c19-da383e03e915,2ee17641-917b-4ea0-8c19-da383e03e915,44,ely_y2569_id_52b1316c-3394-4b6c-8517-932737139538,9900,11.00648159471689,4,143144,91803,1732
2569,pv_10_z_6,pv_10,,,6,ely_y2569_id_2d8a1c84-0bc8-4377-965d-c020a0097c27,2d8a1c84-0bc8-4377-965d-c020a0097c27,9,ely_y2569_id_f64c9dc1-9a52-4a02-93ac-10598cd36044,6015,6.687271393153746,5,143144,91803,1732
2569,pv_10_z_6,pv_10,,,6,ely_y2569_id_115da917-bf32-4e96-a2ae-b7818d0909ee,115da917-bf32-4e96-a2ae-b7818d0909ee,6,ely_y2569_id_ca6e579e-7e2c-406d-b502-b89f6ce8e7d8,2357,2.620432032196738,6,143144,91803,1732
2569,pv_10_z_6,pv_10,,,6,ely_y2569_id_0c044088-618b-49af-a291-fb28ffe9e0f8,0c044088-618b-49af-a291-fb28ffe9e0f8,11,ely_y2569_id_a2428a65-2fe3-4f69-af39-9aaa100538fe,1589,1.766595884242943,7,143144,91803,1732
2569,pv_10_z_6,pv_10,,,6,ely_y2569_id_f9cadd57-8256-49aa-9386-0da392b19fc2,f9cadd57-8256-49aa-9386-0da392b19fc2,29,ely_y2569_id_16560e8b-68bb-4386-8441-14575d988c95,1316,1.4630838160249924,8,143144,91803,1732
2569,pv_10_z_6,pv_10,,,6,ely_y2569_id_cb1b6cf2-41fa-49b1-a060-01acf13edc81,cb1b6cf2-41fa-49b1-a060-01acf13edc81,48,ely_y2569_id_2f3144d9-f9e6-4335-886f-b6dba3ddf083,1243,1.381924911336676,9,143144,91803,1732
2569,pv_10_z_6,pv_10,,,6,ely_y2569_id_965b4b93-c01e-4a2b-a987-577f2b99ebb4,965b4b93-c01e-4a2b-a987-577f2b99ebb4,49,ely_y2569_id_ad74b43b-0147-40b9-91dc-adfb056b2241,741,0.8238184708772944,10,143144,91803,1732
2569,pv_10_z_6,pv_10,,,6,ely_y2569_id_bd8d9f14-f757-41fb-8f37-d6128d9d012d,bd8d9f14-f757-41fb-8f37-d6128d9d012d,7,ely_y2569_id_93b26c20-7471-402e-8e9a-dee624137edc,303,0.3368650427473957,11,143144,91803,1732
2569,pv_10_z_6,pv_10,,,6,ely_y2569_id_54706125-9661-467d-a8af-78994d14b116,54706125-9661-467d-a8af-78994d14b116,35,ely_y2569_id_f7837cb9-b2a2-44f8-ade3-cf74781a8cd9,287,0.31907678966502495,12,143144,91803,1732
2569,pv_10_z_6,pv_10,,,6,ely_y2569_id_a62aca08-91b7-4f3f-ba8f-cb9e884a3799,a62aca08-91b7-4f3f-ba8f-cb9e884a3799,42,ely_y2569_id_196e8385-c9e9-44db-9e21-a57cdc367010,236,0.2623767329649683,13,143144,91803,1732
2569,pv_10_z_6,pv_10,,,6,ely_y2569_id_d1964fe3-2dd0-43d5-a190-77fbfaf586b2,,8,ely_y2569_id_d5e048bd-c27e-4d57-a7c0-7bb05c5fbc81,187,0.2079002079002079,14,143144,91803,1732
2569,pv_10_z_6,pv_10,,,6,ely_y2569_id_339fa187-133c-4766-a6c2-36d1b32cda8f,339fa187-133c-4766-a6c2-36d1b32cda8f,23,ely_y2569_id_acecde2b-e7a5-4ff1-94ba-0f4801efbdaa,177,0.19678254972372622,15,143144,91803,1732
2569,pv_10_z_6,pv_10,,,6,ely_y2569_id_e89089ab-9e07-4933-ab7c-28f2e65bed81,e89089ab-9e07-4933-ab7c-28f2e65bed81,20,ely_y2569_id_405c5496-fb6f-4068-bfd9-cf75d5071df3,122,0.13563542975307682,16,143144,91803,1732
2569,pv_71_z_2,pv_71,,,2,ely_y2569_id_013c219e-e197-416d-84ea-00ba9c35465e,013c219e-e197-416d-84ea-00ba9c35465e,37,ely_y2569_id_c5c32fc8-b902-49e5-acf7-30ec22d0b08a,37773,42.04427822486392,1,131663,89841,5400
2569,pv_71_z_2,pv_71,,,2,ely_y2569_id_2d8a1c84-0bc8-4377-965d-c020a0097c27,2d8a1c84-0bc8-4377-965d-c020a0097c27,9,ely_y2569_id_e95b0af6-f4af-49db-9857-0c3bda737458,25590,28.483654456205965,2,131663,89841,5400
2569,pv_71_z_2,pv_71,,,2,ely_y2569_id_1116011c-1ef3-4cca-a186-c1b9f7984ede,1116011c-1ef3-4cca-a186-c1b9f7984ede,46,ely_y2569_id_da6f7276-87e1-4967-95b5-db2dde2a9dc1,15358,17.09464498391603,3,131663,89841,5400
2569,pv_71_z_2,pv_71,,,2,ely_y2569_id_a62aca08-91b7-4f3f-ba8f-cb9e884a3799,a62aca08-91b7-4f3f-ba8f-cb9e884a3799,42,ely_y2569_id_1b0859ba-d55f-4a99-8490-b6573240f6a6,6543,7.2828663973019,4,131663,89841,5400
2569,pv_71_z_2,pv_71,,,2,ely_y2569_id_0c044088-618b-49af-a291-fb28ffe9e0f8,0c044088-618b-49af-a291-fb28ffe9e0f8,11,ely_y2569_id_5e42a705-d02d-4031-a46d-5bbbcae57bad,1698,1.8900056766954954,5,131663,89841,5400
2569,pv_71_z_2,pv_71,,,2,ely_y2569_id_115da917-bf32-4e96-a2ae-b7818d0909ee,115da917-bf32-4e96-a2ae-b7818d0909ee,6,ely_y2569_id_08b33025-ebf8-4d06-91b5-2bcc1a343ff1,1345,1.4970893022116851,6,131663,89841,5400
2569,pv_71_z_2,pv_71,,,2,ely_y2569_id_d7155f6d-736d-42c0-8bc0-00ee6e1970dc,d7155f6d-736d-42c0-8bc0-00ee6e1970dc,27,ely_y2569_id_e7a355de-a532-4eed-aaf9-2a18a705bd10,862,0.9594728464732138,7,131663,89841,5400
2569,pv_71_z_2,pv_71,,,2,ely_y2569_id_339fa187-133c-4766-a6c2-36d1b32cda8f,339fa187-133c-4766-a6c2-36d1b32cda8f,23,ely_y2569_id_a634eb6b-c67b-4909-962e-0de3879909cf,405,0.4507964069856747,8,131663,89841,5400
2569,pv_71_z_2,pv_71,,,2,ely_y2569_id_03347cbc-6089-474c-a3f6-484ae981c9a6,03347cbc-6089-474c-a3f6-484ae981c9a6,43,ely_y2569_id_aa80a4f8-8d4d-4f97-a32d-66efd0adaaac,267,0.29719170534611145,9,131663,89841,5400
2569,pv_10_z_30,pv_10,,,30,ely_y2569_id_1116011c-1ef3-4cca-a186-c1b9f7984ede,1116011c-1ef3-4cca-a186-c1b9f7984ede,46,ely_y2569_id_33d72e88-fc4d-4ab6-81ed-2280454b701d,44737,49.82236922699988,1,143904,93806,1828
2569,pv_10_z_30,pv_10,,,30,ely_y2569_id_2d8a1c84-0bc8-4377-965d-c020a0097c27,2d8a1c84-0bc8-4377-965d-c020a0097c27,9,ely_y2569_id_34344e41-e279-457b-ab83-cf068d347f34,13620,15.16822023988507,2,143904,93806,1828
2569,pv_10_z_30,pv_10,,,30,ely_y2569_id_013c219e-e197-416d-84ea-00ba9c35465e,013c219e-e197-416d-84ea-00ba9c35465e,37,ely_y2569_id_d7260cef-3f85-4922-ab7c-63dec01ba810,11265,12.545521365808025,3,143904,93806,1828
2569,pv_10_z_30,pv_10,,,30,ely_y2569_id_d7155f6d-736d-42c0-8bc0-00ee6e1970dc,d7155f6d-736d-42c0-8bc0-00ee6e1970dc,27,ely_y2569_id_a3fbfd2d-1a7a-45f2-a352-08daf83e752f,7779,8.663258828639202,4,143904,93806,1828
2569,pv_10_z_30,pv_10,,,30,ely_y2569_id_115da917-bf32-4e96-a2ae-b7818d0909ee,115da917-bf32-4e96-a2ae-b7818d0909ee,6,ely_y2569_id_62ed61fc-7eb1-468f-8572-ae6c40f12136,2462,2.741861837782455,5,143904,93806,1828
2569,pv_10_z_30,pv_10,,,30,ely_y2569_id_965b4b93-c01e-4a2b-a987-577f2b99ebb4,965b4b93-c01e-4a2b-a987-577f2b99ebb4,49,ely_y2569_id_9cd7f8a6-62bb-4299-8ca0-8dba5eab93f6,2256,2.5124452908355885,6,143904,93806,1828
2569,pv_10_z_30,pv_10,,,30,ely_y2569_id_0c044088-618b-49af-a291-fb28ffe9e0f8,0c044088-618b-49af-a291-fb28ffe9e0f8,11,ely_y2569_id_8dbb9d17-b3c0-45b6-b455-02ad2e2739f1,1226,1.3653625561012552,7,143904,93806,1828
2569,pv_10_z_30,pv_10,,,30,ely_y2569_id_bcdcd19b-d619-47dd-8535-fafb6bc6f4d8,bcdcd19b-d619-47dd-8535-fafb6bc6f4d8,12,ely_y2569_id_b85466b3-0b69-47d9-805c-84fee7ccbf2e,1212,1.3497711402893322,8,143904,93806,1828
2569,pv_10_z_30,pv_10,,,30,ely_y2569_id_cb1b6cf2-41fa-49b1-a060-01acf13edc81,cb1b6cf2-41fa-49b1-a060-01acf13edc81,48,ely_y2569_id_8eb26d68-572d-4248-a7b4-fe9eb6ef80d8,1059,1.179379238916174,9,143904,93806,1828
2569,pv_10_z_30,pv_10,,,30,ely_y2569_id_f9cadd57-8256-49aa-9386-0da392b19fc2,f9cadd57-8256-49aa-9386-0da392b19fc2,29,ely_y2569_id_24ba1f76-5f1c-4f07-9834-cd5c66c6a856,674,0.7506153040882919,10,143904,93806,1828
2569,pv_10_z_30,pv_10,,,30,ely_y2569_id_a54ae018-5399-423a-8a14-4d5c849a79a0,,45,ely_y2569_id_9e77f6cc-aad1-49e4-b70b-a499e9185fc4,618,0.6882496408406,11,143904,93806,1828
2569,pv_10_z_30,pv_10,,,30,ely_y2569_id_339fa187-133c-4766-a6c2-36d1b32cda8f,339fa187-133c-4766-a6c2-36d1b32cda8f,23,ely_y2569_id_9928fce2-032e-41bd-ad06-55aac24988ab,465,0.5178577394674417,12,143904,93806,1828
2569,pv_10_z_30,pv_10,,,30,ely_y2569_id_a62aca08-91b7-4f3f-ba8f-cb9e884a3799,a62aca08-91b7-4f3f-ba8f-cb9e884a3799,42,ely_y2569_id_56c71e0a-1575-4b8c-a10f-c18c1b90464e,462,0.5145167217934583,13,143904,93806,1828
2569,pv_10_z_30,pv_10,,,30,ely_y2569_id_d1964fe3-2dd0-43d5-a190-77fbfaf586b2,,8,ely_y2569_id_91f48a95-f4ff-4566-b0f2-0a5c572541d2,415,0.46217411156771687,14,143904,93806,1828
2569,pv_10_z_30,pv_10,,,30,ely_y2569_id_bd8d9f14-f757-41fb-8f37-d6128d9d012d,bd8d9f14-f757-41fb-8f37-d6128d9d012d,7,ely_y2569_id_da35337c-9e0a-4740-9c43-005964e39bac,402,0.44769636831378834,15,143904,93806,1828
2569,pv_10_z_30,pv_10,,,30,ely_y2569_id_03347cbc-6089-474c-a3f6-484ae981c9a6,03347cbc-6089-474c-a3f6-484ae981c9a6,43,ely_y2569_id_5c7bc287-24dc-486a-a5bd-57b7e951a8b4,388,0.4321049525018654,16,143904,93806,1828
2569,pv_10_z_30,pv_10,,,30,ely_y2569_id_54706125-9661-467d-a8af-78994d14b116,54706125-9661-467d-a8af-78994d14b116,35,ely_y2569_id_58e664be-4290-45f8-aff6-e0e0a2b83f9c,336,0.37419397948615146,17,143904,93806,1828
2569,pv_10_z_30,pv_10,,,30,ely_y2569_id_2ee17641-917b-4ea0-8c19-da383e03e915,2ee17641-917b-4ea0-8c19-da383e03e915,44,ely_y2569_id_cd9e8c9e-0165-46f9-ad07-3687d2bceb79,283,0.31516933391244306,18,143904,93806,1828
2569,pv_10_z_30,pv_10,,,30,ely_y2569_id_7255d2d0-1f49-4fd8-adad-7acfea2d5126,7255d2d0-1f49-4fd8-adad-7acfea2d5126,56,ely_y2569_id_cecc3254-f37d-4670-b135-91bd3c8aa525,134,0.1492321227712628,19,143904,93806,1828
2569,pv_49_z_1,pv_49,,,1,ely_y2569_id_013c219e-e197-416d-84ea-00ba9c35465e,013c219e-e197-416d-84ea-00ba9c35465e,37,ely_y2569_id_e56520fc-abaa-4c0c-9a76-79f4c67ce4d9,29345,32.71715741473694,1,141841,89693,4708
2569,pv_49_z_1,pv_49,,,1,ely_y2569_id_2d8a1c84-0bc8-4377-965d-c020a0097c27,2d8a1c84-0bc8-4377-965d-c020a0097c27,9,ely_y2569_id_5087ac87-44bd-440a-a2e5-24a05a1c9037,21666,24.15573121648289,2,141841,89693,4708
2569,pv_49_z_1,pv_49,,,1,ely_y2569_id_1116011c-1ef3-4cca-a186-c1b9f7984ede,1116011c-1ef3-4cca-a186-c1b9f7984ede,46,ely_y2569_id_45d780b1-ebe7-466c-b3e9-1d04b055db51,17650,19.678235759758287,3,141841,89693,4708
2569,pv_49_z_1,pv_49,,,1,ely_y2569_id_a62aca08-91b7-4f3f-ba8f-cb9e884a3799,a62aca08-91b7-4f3f-ba8f-cb9e884a3799,42,ely_y2569_id_fcde9f85-17be-4385-a1dd-471e781f7dca,17001,18.954656439187005,4,141841,89693,4708
2569,pv_49_z_1,pv_49,,,1,ely_y2569_id_d1964fe3-2dd0-43d5-a190-77fbfaf586b2,,8,ely_y2569_id_b54c9fe6-8c2b-4ee0-80c5-d9f0218b4da9,1050,1.1706599177193315,5,141841,89693,4708
2569,pv_49_z_1,pv_49,,,1,ely_y2569_id_d7155f6d-736d-42c0-8bc0-00ee6e1970dc,d7155f6d-736d-42c0-8bc0-00ee6e1970dc,27,ely_y2569_id_3cb75c9f-3d66-468c-b28f-e620f1ea9ceb,733,0.8172321139888284,6,141841,89693,4708
2569,pv_49_z_1,pv_49,,,1,ely_y2569_id_bcdcd19b-d619-47dd-8535-fafb6bc6f4d8,bcdcd19b-d619-47dd-8535-fafb6bc6f4d8,12,ely_y2569_id_abd3b38c-6e54-4fc9-be1f-0e7d46788c4b,653,0.728038977400689,7,141841,89693,4708
2569,pv_49_z_1,pv_49,,,1,ely_y2569_id_03347cbc-6089-474c-a3f6-484ae981c9a6,03347cbc-6089-474c-a3f6-484ae981c9a6,43,ely_y2569_id_eabaaab4-d2ed-4713-82b1-2dc6fc24eff4,558,0.6221221277022733,8,141841,89693,4708
2569,pv_49_z_1,pv_49,,,1,ely_y2569_id_0c044088-618b-49af-a291-fb28ffe9e0f8,0c044088-618b-49af-a291-fb28ffe9e0f8,11,ely_y2569_id_d1602b2b-f96f-4e15-ac8f-8fb7000e5e08,519,0.5786404736155553,9,141841,89693,4708
2569,pv_49_z_1,pv_49,,,1,ely_y2569_id_115da917-bf32-4e96-a2ae-b7818d0909ee,115da917-bf32-4e96-a2ae-b7818d0909ee,6,ely_y2569_id_9b20e8ac-dfbf-45f2-aff2-9ac83ca838e6,393,0.4381612834892355,10,141841,89693,4708
2569,pv_49_z_1,pv_49,,,1,ely_y2569_id_7255d2d0-1f49-4fd8-adad-7acfea2d5126,7255d2d0-1f49-4fd8-adad-7acfea2d5126,56,ely_y2569_id_02e23bc2-78f4-43bd-b2e4-57c0c1cf1658,125,0.13936427591896805,11,141841,89693,4708
2569,pv_20_z_5,pv_20,,,5,ely_y2569_id_013c219e-e197-416d-84ea-00ba9c35465e,013c219e-e197-416d-84ea-00ba9c35465e,37,ely_y2569_id_dd29f1b8-228a-4bb1-a9ca-1c22c502985d,49881,55.63164292963653,1,134984,89663,4768
2569,pv_20_z_5,pv_20,,,5,ely_y2569_id_1116011c-1ef3-4cca-a186-c1b9f7984ede,1116011c-1ef3-4cca-a186-c1b9f7984ede,46,ely_y2569_id_3f3d11ef-b1f5-4ffa-a283-7c50367ace09,23056,25.714062656837267,2,134984,89663,4768
2569,pv_20_z_5,pv_20,,,5,ely_y2569_id_2d8a1c84-0bc8-4377-965d-c020a0097c27,2d8a1c84-0bc8-4377-965d-c020a0097c27,9,ely_y2569_id_b7f4c37e-d4f8-444c-bd8f-95a3760cc8e0,7235,8.069103197528523,3,134984,89663,4768
2569,pv_20_z_5,pv_20,,,5,ely_y2569_id_d7155f6d-736d-42c0-8bc0-00ee6e1970dc,d7155f6d-736d-42c0-8bc0-00ee6e1970dc,27,ely_y2569_id_cf2e1d66-d97e-40ae-97f8-257168f5a4ad,3423,3.8176282301506754,4,134984,89663,4768
2569,pv_20_z_5,pv_20,,,5,ely_y2569_id_0c044088-618b-49af-a291-fb28ffe9e0f8,0c044088-618b-49af-a291-fb28ffe9e0f8,11,ely_y2569_id_eeb01220-9241-40d6-8f2d-ea848332cc5c,2653,2.9588570536341634,5,134984,89663,4768
2569,pv_20_z_5,pv_20,,,5,ely_y2569_id_115da917-bf32-4e96-a2ae-b7818d0909ee,115da917-bf32-4e96-a2ae-b7818d0909ee,6,ely_y2569_id_9fd5d73b-c8ce-489f-9e3b-0b82883b3f9d,863,0.9624928900438309,6,134984,89663,4768
2569,pv_20_z_5,pv_20,,,5,ely_y2569_id_03347cbc-6089-474c-a3f6-484ae981c9a6,03347cbc-6089-474c-a3f6-484ae981c9a6,43,ely_y2569_id_67945a37-a78a-417c-a9c6-1e63808cf75d,815,0.9089591024168274,7,134984,89663,4768
2569,pv_20_z_5,pv_20,,,5,ely_y2569_id_b6a2dc38-6f7d-4865-a6e0-a1b60a2edf32,,30,ely_y2569_id_a2e5256e-22d9-42b0-ac04-6e004f765cfc,773,0.8621170382431995,8,134984,89663,4768
2569,pv_20_z_5,pv_20,,,5,ely_y2569_id_339fa187-133c-4766-a6c2-36d1b32cda8f,339fa187-133c-4766-a6c2-36d1b32cda8f,23,ely_y2569_id_20e17c8e-aedd-43d4-8f2b-2863aa7fa4c9,614,0.684786366728751,9,134984,89663,4768
2569,pv_20_z_5,pv_20,,,5,ely_y2569_id_f9cadd57-8256-49aa-9386-0da392b19fc2,f9cadd57-8256-49aa-9386-0da392b19fc2,29,ely_y2569_id_324dd5f6-b226-419f-b6f4-65e26fe4ccde,350,0.3903505347802327,10,134984,89663,4768
2569,pv_13_z_1,pv_13,,,1,ely_y2569_id_1116011c-1ef3-4cca-a186-c1b9f7984ede,1116011c-1ef3-4cca-a186-c1b9f7984ede,46,ely_y2569_id_158eaa09-0cc5-4b52-a15d-6401559bb182,30452,34.01014094574371,1,130700,89994,3184
2569,pv_13_z_1,pv_13,,,1,ely_y2569_id_2d8a1c84-0bc8-4377-965d-c020a0097c27,2d8a1c84-0bc8-4377-965d-c020a0097c27,9,ely_y2569_id_9a4925d3-bf0f-48f8-8aab-c56707380074,23490,26.234671312738726,2,130700,89994,3184
2569,pv_13_z_1,pv_13,,,1,ely_y2569_id_a62aca08-91b7-4f3f-ba8f-cb9e884a3799,a62aca08-91b7-4f3f-ba8f-cb9e884a3799,42,ely_y2569_id_5d37a8a5-c057-4e32-af5e-3d9b7f30b66e,23271,25.990082423105278,3,130700,89994,3184
2569,pv_13_z_1,pv_13,,,1,ely_y2569_id_013c219e-e197-416d-84ea-00ba9c35465e,013c219e-e197-416d-84ea-00ba9c35465e,37,ely_y2569_id_95e2f80d-0abb-411e-994f-d2eadd25cbb7,5942,6.636288503205343,4,130700,89994,3184
2569,pv_13_z_1,pv_13,,,1,ely_y2569_id_d7155f6d-736d-42c0-8bc0-00ee6e1970dc,d7155f6d-736d-42c0-8bc0-00ee6e1970dc,27,ely_y2569_id_c9d428bd-1b5f-40bc-9f52-cb50682acf75,3214,3.589537403113762,5,130700,89994,3184
2569,pv_13_z_1,pv_13,,,1,ely_y2569_id_115da917-bf32-4e96-a2ae-b7818d0909ee,115da917-bf32-4e96-a2ae-b7818d0909ee,6,ely_y2569_id_4187c643-31cf-45d1-ab3c-72a54f91a884,1497,1.6719158346177043,6,130700,89994,3184
2569,pv_13_z_1,pv_13,,,1,ely_y2569_id_0c044088-618b-49af-a291-fb28ffe9e0f8,0c044088-618b-49af-a291-fb28ffe9e0f8,11,ely_y2569_id_84118381-0e2b-4e04-b319-33bfd80253ed,1388,1.5501798119234291,7,130700,89994,3184
2569,pv_13_z_1,pv_13,,,1,ely_y2569_id_03347cbc-6089-474c-a3f6-484ae981c9a6,03347cbc-6089-474c-a3f6-484ae981c9a6,43,ely_y2569_id_87b158dc-bf93-42db-a225-8e014283f346,284,0.31718376555205613,8,130700,89994,3184
2569,pv_10_z_23,pv_10,,,23,ely_y2569_id_1116011c-1ef3-4cca-a186-c1b9f7984ede,1116011c-1ef3-4cca-a186-c1b9f7984ede,46,ely_y2569_id_ff24d0be-98f2-4c6a-b5b3-8f39f76d0bba,44381,49.7622945305317,1,144136,89186,1242
2569,pv_10_z_23,pv_10,,,23,ely_y2569_id_013c219e-e197-416d-84ea-00ba9c35465e,013c219e-e197-416d-84ea-00ba9c35465e,37,ely_y2569_id_4b9b2792-4da8-4ead-bdfb-69c5377de594,16632,18.64866683111699,2,144136,89186,1242
2569,pv_10_z_23,pv_10,,,23,ely_y2569_id_d7155f6d-736d-42c0-8bc0-00ee6e1970dc,d7155f6d-736d-42c0-8bc0-00ee6e1970dc,27,ely_y2569_id_0e671a71-762f-4c7f-b35f-3fb4a05759ad,10222,11.461440136344269,3,144136,89186,1242
2569,pv_10_z_23,pv_10,,,23,ely_y2569_id_2d8a1c84-0bc8-4377-965d-c020a0097c27,2d8a1c84-0bc8-4377-965d-c020a0097c27,9,ely_y2569_id_871d8408-7783-488c-a892-c046c3d47959,8808,9.875989505079273,4,144136,89186,1242
2569,pv_10_z_23,pv_10,,,23,ely_y2569_id_115da917-bf32-4e96-a2ae-b7818d0909ee,115da917-bf32-4e96-a2ae-b7818d0909ee,6,ely_y2569_id_e9f65b1b-f195-45b5-8367-8f2c2e1db990,1793,2.0104052205503105,5,144136,89186,1242
2569,pv_10_z_23,pv_10,,,23,ely_y2569_id_03347cbc-6089-474c-a3f6-484ae981c9a6,03347cbc-6089-474c-a3f6-484ae981c9a6,43,ely_y2569_id_4e89108a-bc08-4634-8383-3607ef0df373,1555,1.7435471935057072,6,144136,89186,1242
2569,pv_10_z_23,pv_10,,,23,ely_y2569_id_0c044088-618b-49af-a291-fb28ffe9e0f8,0c044088-618b-49af-a291-fb28ffe9e0f8,11,ely_y2569_id_1039b5e9-1e0c-4289-a937-cd9d445fe0a3,1431,1.6045119189110397,7,144136,89186,1242
2569,pv_10_z_23,pv_10,,,23,ely_y2569_id_cb1b6cf2-41fa-49b1-a060-01acf13edc81,cb1b6cf2-41fa-49b1-a060-01acf13edc81,48,ely_y2569_id_f9958eb1-d3e1-4ff0-802b-d830f08182ea,954,1.06967461260736,8,144136,89186,1242
2569,pv_10_z_23,pv_10,,,23,ely_y2569_id_965b4b93-c01e-4a2b-a987-577f2b99ebb4,965b4b93-c01e-4a2b-a987-577f2b99ebb4,49,ely_y2569_id_e70f4175-7ef8-45c8-b884-744f68ff58a9,711,0.7972103244903909,9,144136,89186,1242
2569,pv_10_z_23,pv_10,,,23,ely_y2569_id_f9cadd57-8256-49aa-9386-0da392b19fc2,f9cadd57-8256-49aa-9386-0da392b19fc2,29,ely_y2569_id_cea0f208-d945-4db9-b58e-875122409697,538,0.6032336913865405,10,144136,89186,1242
2569,pv_10_z_23,pv_10,,,23,ely_y2569_id_d1964fe3-2dd0-43d5-a190-77fbfaf586b2,,8,ely_y2569_id_270e3af2-a907-40c1-bccf-5b2606ca2424,440,0.4933509743681744,11,144136,89186,1242
2569,pv_10_z_23,pv_10,,,23,ely_y2569_id_a62aca08-91b7-4f3f-ba8f-cb9e884a3799,a62aca08-91b7-4f3f-ba8f-cb9e884a3799,42,ely_y2569_id_bdd3b341-2bfc-4cb5-ae32-58b4ba2ce9d9,311,0.3487094387011414,12,144136,89186,1242
2569,pv_10_z_23,pv_10,,,23,ely_y2569_id_fc22ff6d-da02-4cb6-86a7-b768c78bc19a,,15,ely_y2569_id_301117db-8e89-4172-9ba6-8112ece969d6,294,0.3296481510550983,13,144136,89186,1242
2569,pv_10_z_23,pv_10,,,23,ely_y2569_id_54706125-9661-467d-a8af-78994d14b116,54706125-9661-467d-a8af-78994d14b116,35,ely_y2569_id_2635717c-86bc-4507-bf23-bfa9ae23a37b,279,0.31282936783800147,14,144136,89186,1242
2569,pv_10_z_23,pv_10,,,23,ely_y2569_id_bd8d9f14-f757-41fb-8f37-d6128d9d012d,bd8d9f14-f757-41fb-8f37-d6128d9d012d,7,ely_y2569_id_29682191-3a0f-476e-b81e-00757198b499,276,0.3094656111945821,15,144136,89186,1242
2569,pv_10_z_23,pv_10,,,23,ely_y2569_id_339fa187-133c-4766-a6c2-36d1b32cda8f,339fa187-133c-4766-a6c2-36d1b32cda8f,23,ely_y2569_id_920401c3-2222-47df-89de-7a2369e7c99a,193,0.21640167739331284,16,144136,89186,1242
2569,pv_10_z_23,pv_10,,,23,ely_y2569_id_c126e4e4-be85-44e6-bf3e-f9331b9f91a9,c126e4e4-be85-44e6-bf3e-f9331b9f91a9,24,ely_y2569_id_9d109034-2c5e-4893-bb7e-7134d7982f03,192,0.21528042517883975,17,144136,89186,1242
2569,pv_10_z_23,pv_10,,,23,ely_y2569_id_2ee17641-917b-4ea0-8c19-da383e03e915,2ee17641-917b-4ea0-8c19-da383e03e915,44,ely_y2569_id_05b62a6d-5ad3-44a3-a583-d68e92197bdc,176,0.19734038974726975,18,144136,89186,1242
2569,pv_50_z_2,pv_50,,,2,ely_y2569_id_1116011c-1ef3-4cca-a186-c1b9f7984ede,1116011c-1ef3-4cca-a186-c1b9f7984ede,46,ely_y2569_id_83184bdd-0f4a-42b0-a783-fd828834d447,43744,49.11248582559588,1,143760,92288,3673
2569,pv_50_z_2,pv_50,,,2,ely_y2569_id_2d8a1c84-0bc8-4377-965d-c020a0097c27,2d8a1c84-0bc8-4377-965d-c020a0097c27,9,ely_y2569_id_8f79f755-dec9-4ee5-8b04-1e36d7b03e77,24147,27.110442465953362,2,143760,92288,3673
2569,pv_50_z_2,pv_50,,,2,ely_y2569_id_013c219e-e197-416d-84ea-00ba9c35465e,013c219e-e197-416d-84ea-00ba9c35465e,37,ely_y2569_id_55b08ede-29d9-4c40-801e-54216b3f7507,6285,7.056327117178816,3,143760,92288,3673
2569,pv_50_z_2,pv_50,,,2,ely_y2569_id_0c044088-618b-49af-a291-fb28ffe9e0f8,0c044088-618b-49af-a291-fb28ffe9e0f8,11,ely_y2569_id_d77c370d-3fe3-4200-9d7c-25fb3bdfa668,3521,3.9531150007297713,4,143760,92288,3673
2569,pv_50_z_2,pv_50,,,2,ely_y2569_id_d7155f6d-736d-42c0-8bc0-00ee6e1970dc,d7155f6d-736d-42c0-8bc0-00ee6e1970dc,27,ely_y2569_id_d79c855e-cfff-46ae-8dcf-6d99a2a8ee26,3185,3.5758793744175863,5,143760,92288,3673
2569,pv_50_z_2,pv_50,,,2,ely_y2569_id_03347cbc-6089-474c-a3f6-484ae981c9a6,03347cbc-6089-474c-a3f6-484ae981c9a6,43,ely_y2569_id_279a01cb-e301-41a0-8879-83be1a8d1ac7,2938,3.298566280074998,6,143760,92288,3673
2569,pv_50_z_2,pv_50,,,2,ely_y2569_id_a62aca08-91b7-4f3f-ba8f-cb9e884a3799,a62aca08-91b7-4f3f-ba8f-cb9e884a3799,42,ely_y2569_id_f93f5a9e-8e4b-40f7-a702-6ab4e7c18e00,2188,2.4565224713424425,7,143760,92288,3673
2569,pv_50_z_2,pv_50,,,2,ely_y2569_id_115da917-bf32-4e96-a2ae-b7818d0909ee,115da917-bf32-4e96-a2ae-b7818d0909ee,6,ely_y2569_id_14e97637-756a-437b-bff8-918436d158eb,1391,1.5617105839293133,8,143760,92288,3673
2569,pv_50_z_2,pv_50,,,2,ely_y2569_id_30f1cea0-4fc2-4fcf-86f0-96000cf188b5,30f1cea0-4fc2-4fcf-86f0-96000cf188b5,22,ely_y2569_id_adbfb08a-ebdd-4b6c-a1f9-960938c260f5,793,0.8903209870998888,9,143760,92288,3673
2569,pv_50_z_2,pv_50,,,2,ely_y2569_id_965b4b93-c01e-4a2b-a987-577f2b99ebb4,965b4b93-c01e-4a2b-a987-577f2b99ebb4,49,ely_y2569_id_10a994b0-b97b-4df0-b983-6c6ef46e3e84,510,0.5725897899381378,10,143760,92288,3673
2569,pv_50_z_2,pv_50,,,2,ely_y2569_id_7ffe2115-72d1-4d71-9962-03ff61afc67c,,31,ely_y2569_id_4a2de7b0-8ec0-490d-a9c0-b59a804b1251,209,0.23464954136680552,11,143760,92288,3673
2569,pv_50_z_2,pv_50,,,2,ely_y2569_id_c126e4e4-be85-44e6-bf3e-f9331b9f91a9,c126e4e4-be85-44e6-bf3e-f9331b9f91a9,24,ely_y2569_id_c3b755c2-a57a-46c6-9bbf-133a287c3fd5,158,0.17739056237299172,12,143760,92288,3673
2569,pv_11_z_5,pv_11,,,5,ely_y2569_id_1116011c-1ef3-4cca-a186-c1b9f7984ede,1116011c-1ef3-4cca-a186-c1b9f7984ede,46,ely_y2569_id_ea908125-90dd-4d83-a14a-72ecb20afcc8,50599,56.886045779556596,1,158700,92666,2530
2569,pv_11_z_5,pv_11,,,5,ely_y2569_id_013c219e-e197-416d-84ea-00ba9c35465e,013c219e-e197-416d-84ea-00ba9c35465e,37,ely_y2569_id_aed29d34-5b3a-41de-ac2a-a66fe534540c,13627,15.32018707559473,2,158700,92666,2530
2569,pv_11_z_5,pv_11,,,5,ely_y2569_id_2d8a1c84-0bc8-4377-965d-c020a0097c27,2d8a1c84-0bc8-4377-965d-c020a0097c27,9,ely_y2569_id_7afbbadb-0095-4c65-8fa2-29dc7547a047,10783,12.122813329136124,3,158700,92666,2530
2569,pv_11_z_5,pv_11,,,5,ely_y2569_id_d7155f6d-736d-42c0-8bc0-00ee6e1970dc,d7155f6d-736d-42c0-8bc0-00ee6e1970dc,27,ely_y2569_id_95c7bd61-332d-4bfe-ac20-43cd64d22115,4169,4.687008139587174,4,158700,92666,2530
2569,pv_11_z_5,pv_11,,,5,ely_y2569_id_03347cbc-6089-474c-a3f6-484ae981c9a6,03347cbc-6089-474c-a3f6-484ae981c9a6,43,ely_y2569_id_120c7399-d46f-473c-afa8-c8ce3b864f70,2263,2.5441831182263797,5,158700,92666,2530
2569,pv_11_z_5,pv_11,,,5,ely_y2569_id_115da917-bf32-4e96-a2ae-b7818d0909ee,115da917-bf32-4e96-a2ae-b7818d0909ee,6,ely_y2569_id_0beb54d0-0124-43c1-aa3d-f1fa76e67cd3,1985,2.231640958762423,6,158700,92666,2530
2569,pv_11_z_5,pv_11,,,5,ely_y2569_id_965b4b93-c01e-4a2b-a987-577f2b99ebb4,965b4b93-c01e-4a2b-a987-577f2b99ebb4,49,ely_y2569_id_31d6be9b-b684-41d7-9548-078c27dc6da1,1574,1.7695732337995236,7,158700,92666,2530
2569,pv_11_z_5,pv_11,,,5,ely_y2569_id_bcdcd19b-d619-47dd-8535-fafb6bc6f4d8,bcdcd19b-d619-47dd-8535-fafb6bc6f4d8,12,ely_y2569_id_522feddd-64f8-4c34-b4dd-ac03e2812262,1199,1.3479785942348337,8,158700,92666,2530
2569,pv_11_z_5,pv_11,,,5,ely_y2569_id_2ee17641-917b-4ea0-8c19-da383e03e915,2ee17641-917b-4ea0-8c19-da383e03e915,44,ely_y2569_id_de540f0b-b276-49a0-abb1-c2103af11ab3,1143,1.2850204613931735,9,158700,92666,2530
2569,pv_11_z_5,pv_11,,,5,ely_y2569_id_339fa187-133c-4766-a6c2-36d1b32cda8f,339fa187-133c-4766-a6c2-36d1b32cda8f,23,ely_y2569_id_ed030d53-89d4-4e85-9631-cf9076452104,880,0.9893420875118045,10,158700,92666,2530
2569,pv_11_z_5,pv_11,,,5,ely_y2569_id_a62aca08-91b7-4f3f-ba8f-cb9e884a3799,a62aca08-91b7-4f3f-ba8f-cb9e884a3799,42,ely_y2569_id_03f73a29-b69c-41a5-9e85-fbcea05a866e,726,0.8162072221972387,11,158700,92666,2530
2569,pv_37_z_2,pv_37,,,2,ely_y2569_id_013c219e-e197-416d-84ea-00ba9c35465e,013c219e-e197-416d-84ea-00ba9c35465e,37,ely_y2569_id_c11c8911-c04a-4aa0-8491-a7a4b952cb84,40690,45.75560278424361,1,157184,90537,5450
2569,pv_37_z_2,pv_37,,,2,ely_y2569_id_2d8a1c84-0bc8-4377-965d-c020a0097c27,2d8a1c84-0bc8-4377-965d-c020a0097c27,9,ely_y2569_id_dd12847a-863a-4cc4-b8ab-85aba8b5536c,18076,20.326327744605248,2,157184,90537,5450
2569,pv_37_z_2,pv_37,,,2,ely_y2569_id_1116011c-1ef3-4cca-a186-c1b9f7984ede,1116011c-1ef3-4cca-a186-c1b9f7984ede,46,ely_y2569_id_ed6adaed-dfb0-41c1-a915-0dafe2e6aa1c,16618,18.68681757356993,3,157184,90537,5450
2569,pv_37_z_2,pv_37,,,2,ely_y2569_id_a62aca08-91b7-4f3f-ba8f-cb9e884a3799,a62aca08-91b7-4f3f-ba8f-cb9e884a3799,42,ely_y2569_id_40fb2f2a-9d94-435e-9428-2daedd8acf94,11555,12.993511677855368,4,157184,90537,5450
2569,pv_37_z_2,pv_37,,,2,ely_y2569_id_d7155f6d-736d-42c0-8bc0-00ee6e1970dc,d7155f6d-736d-42c0-8bc0-00ee6e1970dc,27,ely_y2569_id_f5a5632f-8822-45b7-8307-e1d72bfb2266,1621,1.822802460389749,5,157184,90537,5450
2569,pv_37_z_2,pv_37,,,2,ely_y2569_id_7255d2d0-1f49-4fd8-adad-7acfea2d5126,7255d2d0-1f49-4fd8-adad-7acfea2d5126,56,ely_y2569_id_ab05673d-803d-45b5-8e90-11fa0584844e,369,0.4149377593360996,6,157184,90537,5450
2569,pv_77_z_3,pv_77,,,3,ely_y2569_id_013c219e-e197-416d-84ea-00ba9c35465e,013c219e-e197-416d-84ea-00ba9c35465e,37,ely_y2569_id_97349d5c-e95b-446a-a29d-8c0710c6583b,31101,35.01497376776024,1,138975,88822,4621
2569,pv_77_z_3,pv_77,,,3,ely_y2569_id_a62aca08-91b7-4f3f-ba8f-cb9e884a3799,a62aca08-91b7-4f3f-ba8f-cb9e884a3799,42,ely_y2569_id_1a2062f5-0f3b-448a-8b26-afb05adb47ab,23915,26.924635788430795,2,138975,88822,4621
2569,pv_77_z_3,pv_77,,,3,ely_y2569_id_d7155f6d-736d-42c0-8bc0-00ee6e1970dc,d7155f6d-736d-42c0-8bc0-00ee6e1970dc,27,ely_y2569_id_4305b911-9aa2-449b-9d10-1799d44a60c9,12275,13.819774380221117,3,138975,88822,4621
2569,pv_77_z_3,pv_77,,,3,ely_y2569_id_cb1b6cf2-41fa-49b1-a060-01acf13edc81,cb1b6cf2-41fa-49b1-a060-01acf13edc81,48,ely_y2569_id_d9783e69-f413-479f-b21d-9719dc3d0b17,11105,12.502533156200041,4,138975,88822,4621
2569,pv_77_z_3,pv_77,,,3,ely_y2569_id_1116011c-1ef3-4cca-a186-c1b9f7984ede,1116011c-1ef3-4cca-a186-c1b9f7984ede,46,ely_y2569_id_4b7f2363-0909-4fc4-915b-d908184a5123,8804,9.911958748958591,5,138975,88822,4621
2569,pv_77_z_3,pv_77,,,3,ely_y2569_id_965b4b93-c01e-4a2b-a987-577f2b99ebb4,965b4b93-c01e-4a2b-a987-577f2b99ebb4,49,ely_y2569_id_e20388ca-861f-4a59-8d17-f382efff1084,1006,1.1326022832181215,6,138975,88822,4621
2569,pv_77_z_3,pv_77,,,3,ely_y2569_id_2d8a1c84-0bc8-4377-965d-c020a0097c27,2d8a1c84-0bc8-4377-965d-c020a0097c27,9,ely_y2569_id_fe4c0e1b-71e6-44b7-a915-765e8889ea70,616,0.6935218752110963,7,138975,88822,4621
2569,pv_10_z_29,pv_10,,,29,ely_y2569_id_1116011c-1ef3-4cca-a186-c1b9f7984ede,1116011c-1ef3-4cca-a186-c1b9f7984ede,46,ely_y2569_id_0641c708-7d03-498e-b520-985e0ba1c1e5,42268,47.60231547176611,1,144498,90731,2254
2569,pv_10_z_29,pv_10,,,29,ely_y2569_id_2d8a1c84-0bc8-4377-965d-c020a0097c27,2d8a1c84-0bc8-4377-965d-c020a0097c27,9,ely_y2569_id_d46b3e27-f48e-45d3-a6bd-63faf6bfea14,15968,17.98319706286461,2,144498,90731,2254
2569,pv_10_z_29,pv_10,,,29,ely_y2569_id_013c219e-e197-416d-84ea-00ba9c35465e,013c219e-e197-416d-84ea-00ba9c35465e,37,ely_y2569_id_2a2de83f-fd58-4c7a-8373-e3597b9abfee,12089,13.614658648106854,3,144498,90731,2254
2569,pv_10_z_29,pv_10,,,29,ely_y2569_id_d7155f6d-736d-42c0-8bc0-00ee6e1970dc,d7155f6d-736d-42c0-8bc0-00ee6e1970dc,27,ely_y2569_id_e2b8d315-d5f3-4319-8a67-03a03a13d894,8272,9.315944771043089,4,144498,90731,2254
2569,pv_10_z_29,pv_10,,,29,ely_y2569_id_115da917-bf32-4e96-a2ae-b7818d0909ee,115da917-bf32-4e96-a2ae-b7818d0909ee,6,ely_y2569_id_3d90ea1e-076c-4b6b-ae72-c3619745acff,3198,3.601594702344753,5,144498,90731,2254
2569,pv_10_z_29,pv_10,,,29,ely_y2569_id_0c044088-618b-49af-a291-fb28ffe9e0f8,0c044088-618b-49af-a291-fb28ffe9e0f8,11,ely_y2569_id_5c5113e2-af35-43c8-b886-9744b3b32666,2061,2.3211027772146764,6,144498,90731,2254
2569,pv_10_z_29,pv_10,,,29,ely_y2569_id_cb1b6cf2-41fa-49b1-a060-01acf13edc81,cb1b6cf2-41fa-49b1-a060-01acf13edc81,48,ely_y2569_id_5660198b-7e22-432e-b7b6-3661dc98cd29,1615,1.818816586706309,7,144498,90731,2254
2569,pv_10_z_29,pv_10,,,29,ely_y2569_id_bd8d9f14-f757-41fb-8f37-d6128d9d012d,bd8d9f14-f757-41fb-8f37-d6128d9d012d,7,ely_y2569_id_c814e30b-9f4d-4ae0-a75d-0184c1085d6b,827,0.9313692366601347,8,144498,90731,2254
2569,pv_10_z_29,pv_10,,,29,ely_y2569_id_a62aca08-91b7-4f3f-ba8f-cb9e884a3799,a62aca08-91b7-4f3f-ba8f-cb9e884a3799,42,ely_y2569_id_23662b3e-4b4e-4be3-8580-67ac273531ee,506,0.5698583237606145,9,144498,90731,2254
2569,pv_10_z_29,pv_10,,,29,ely_y2569_id_965b4b93-c01e-4a2b-a987-577f2b99ebb4,965b4b93-c01e-4a2b-a987-577f2b99ebb4,49,ely_y2569_id_406dadf9-367d-48a0-8ef0-bd9dfab7264b,482,0.5428294704597157,10,144498,90731,2254
2569,pv_10_z_29,pv_10,,,29,ely_y2569_id_54706125-9661-467d-a8af-78994d14b116,54706125-9661-467d-a8af-78994d14b116,35,ely_y2569_id_fd25de0d-5228-404c-b879-146648ea8cf9,338,0.3806563506543235,11,144498,90731,2254
2569,pv_10_z_29,pv_10,,,29,ely_y2569_id_2ee17641-917b-4ea0-8c19-da383e03e915,2ee17641-917b-4ea0-8c19-da383e03e915,44,ely_y2569_id_f1107c96-1867-4a7c-9a3e-28a8326885cd,332,0.3738991373290988,12,144498,90731,2254
2569,pv_10_z_29,pv_10,,,29,ely_y2569_id_339fa187-133c-4766-a6c2-36d1b32cda8f,339fa187-133c-4766-a6c2-36d1b32cda8f,23,ely_y2569_id_8d858742-16ad-497c-91c5-b5d1911a5144,286,0.32209383516904294,13,144498,90731,2254
2569,pv_10_z_29,pv_10,,,29,ely_y2569_id_d1964fe3-2dd0-43d5-a190-77fbfaf586b2,,8,ely_y2569_id_8307b6cf-f556-4b6a-8286-83f88d8fb632,268,0.3018221951933689,14,144498,90731,2254
2569,pv_10_z_29,pv_10,,,29,ely_y2569_id_c126e4e4-be85-44e6-bf3e-f9331b9f91a9,c126e4e4-be85-44e6-bf3e-f9331b9f91a9,24,ely_y2569_id_5b7cc1b0-a1d7-4340-9bc1-6433f0627737,154,0.17343514201410004,15,144498,90731,2254
2569,pv_10_z_29,pv_10,,,29,ely_y2569_id_03347cbc-6089-474c-a3f6-484ae981c9a6,03347cbc-6089-474c-a3f6-484ae981c9a6,43,ely_y2569_id_63b9a4c6-c4ad-4b66-acc9-fe22078fe254,130,0.14640628871320133,16,144498,90731,2254
2569,pv_70_z_3,pv_70,,,3,ely_y2569_id_a62aca08-91b7-4f3f-ba8f-cb9e884a3799,a62aca08-91b7-4f3f-ba8f-cb9e884a3799,42,ely_y2569_id_0f1cac6d-7de5-4727-b93d-761e4585bd18,48792,54.95089647716011,1,141093,92856,6174
2569,pv_70_z_3,pv_70,,,3,ely_y2569_id_1116011c-1ef3-4cca-a186-c1b9f7984ede,1116011c-1ef3-4cca-a186-c1b9f7984ede,46,ely_y2569_id_07a5911e-ce33-4024-9d27-7cc84989e24e,23353,26.300792864222,2,141093,92856,6174
2569,pv_70_z_3,pv_70,,,3,ely_y2569_id_013c219e-e197-416d-84ea-00ba9c35465e,013c219e-e197-416d-84ea-00ba9c35465e,37,ely_y2569_id_47c53191-0aaa-4029-b73b-abe02209a3b3,4872,5.486980809081899,3,141093,92856,6174
2569,pv_70_z_3,pv_70,,,3,ely_y2569_id_d7155f6d-736d-42c0-8bc0-00ee6e1970dc,d7155f6d-736d-42c0-8bc0-00ee6e1970dc,27,ely_y2569_id_90c1de77-1ff5-4b31-98e7-aab10a46cce7,3779,4.256014055320299,4,141093,92856,6174
2569,pv_70_z_3,pv_70,,,3,ely_y2569_id_03347cbc-6089-474c-a3f6-484ae981c9a6,03347cbc-6089-474c-a3f6-484ae981c9a6,43,ely_y2569_id_e24ff2be-9c9e-4a6b-9fff-eed2d08beb28,3048,3.4327416884404003,5,141093,92856,6174
2569,pv_70_z_3,pv_70,,,3,ely_y2569_id_115da917-bf32-4e96-a2ae-b7818d0909ee,115da917-bf32-4e96-a2ae-b7818d0909ee,6,ely_y2569_id_b845585f-22d1-4bec-8ca6-7e37e46cc3b9,2762,3.1106405982520946,6,141093,92856,6174
2569,pv_70_z_3,pv_70,,,3,ely_y2569_id_965b4b93-c01e-4a2b-a987-577f2b99ebb4,965b4b93-c01e-4a2b-a987-577f2b99ebb4,49,ely_y2569_id_e5135dc4-cebf-4b08-868c-20e561572842,2186,2.4619335075232005,7,141093,92856,6174
2569,pv_76_z_2,pv_76,,,2,ely_y2569_id_013c219e-e197-416d-84ea-00ba9c35465e,013c219e-e197-416d-84ea-00ba9c35465e,37,ely_y2569_id_85fef0bf-1ade-4553-b879-f5a7d9bb1ebe,63365,71.36582234285778,1,139326,88789,5333
2569,pv_76_z_2,pv_76,,,2,ely_y2569_id_1116011c-1ef3-4cca-a186-c1b9f7984ede,1116011c-1ef3-4cca-a186-c1b9f7984ede,46,ely_y2569_id_57a18f9b-8ef7-497d-a62d-2786cb5eb7a0,16712,18.822151392627465,2,139326,88789,5333
2569,pv_76_z_2,pv_76,,,2,ely_y2569_id_2d8a1c84-0bc8-4377-965d-c020a0097c27,2d8a1c84-0bc8-4377-965d-c020a0097c27,9,ely_y2569_id_3659e31a-d706-40c7-8b62-a1ed3ff4f9d2,3954,4.453254344569711,3,139326,88789,5333
2569,pv_76_z_2,pv_76,,,2,ely_y2569_id_d7155f6d-736d-42c0-8bc0-00ee6e1970dc,d7155f6d-736d-42c0-8bc0-00ee6e1970dc,27,ely_y2569_id_513c4e37-04a3-4560-ab9b-85654803ac7c,3034,3.417089954836748,4,139326,88789,5333
2569,pv_76_z_2,pv_76,,,2,ely_y2569_id_0c044088-618b-49af-a291-fb28ffe9e0f8,0c044088-618b-49af-a291-fb28ffe9e0f8,11,ely_y2569_id_9308780d-df9d-4eb8-808f-58b5085efbbe,1724,1.9416819651082904,5,139326,88789,5333
2569,pv_16_z_1,pv_16,,,1,ely_y2569_id_013c219e-e197-416d-84ea-00ba9c35465e,013c219e-e197-416d-84ea-00ba9c35465e,37,ely_y2569_id_530e4d16-d062-42ec-99be-f31958cbc1bd,35960,40.525159181833544,1,151712,88735,6081
2569,pv_16_z_1,pv_16,,,1,ely_y2569_id_1116011c-1ef3-4cca-a186-c1b9f7984ede,1116011c-1ef3-4cca-a186-c1b9f7984ede,46,ely_y2569_id_cda727c4-c00d-4967-8fc9-0e7a1aba11b7,20781,23.41916943708796,2,151712,88735,6081
2569,pv_16_z_1,pv_16,,,1,ely_y2569_id_2ee17641-917b-4ea0-8c19-da383e03e915,2ee17641-917b-4ea0-8c19-da383e03e915,44,ely_y2569_id_10f54e69-ddf1-4805-9c5a-e2d627330338,14022,15.802107398433538,3,151712,88735,6081
2569,pv_16_z_1,pv_16,,,1,ely_y2569_id_2d8a1c84-0bc8-4377-965d-c020a0097c27,2d8a1c84-0bc8-4377-965d-c020a0097c27,9,ely_y2569_id_7ce10359-61cf-43f6-91a8-688014fb430f,9070,10.221445878176594,4,151712,88735,6081
2569,pv_16_z_1,pv_16,,,1,ely_y2569_id_0c044088-618b-49af-a291-fb28ffe9e0f8,0c044088-618b-49af-a291-fb28ffe9e0f8,11,ely_y2569_id_05bca47c-eed9-4844-b18a-39bebcf0d4b4,1880,2.1186679438778384,5,151712,88735,6081
2569,pv_16_z_1,pv_16,,,1,ely_y2569_id_a62aca08-91b7-4f3f-ba8f-cb9e884a3799,a62aca08-91b7-4f3f-ba8f-cb9e884a3799,42,ely_y2569_id_b942a8d6-3066-467d-9b3f-268ec1b901be,1515,1.7073308164760244,6,151712,88735,6081
2569,pv_16_z_1,pv_16,,,1,ely_y2569_id_03347cbc-6089-474c-a3f6-484ae981c9a6,03347cbc-6089-474c-a3f6-484ae981c9a6,43,ely_y2569_id_694638d6-feef-46c1-a6a4-9487509dd1c9,1424,1.6047782723840651,7,151712,88735,6081
2569,pv_16_z_1,pv_16,,,1,ely_y2569_id_d7155f6d-736d-42c0-8bc0-00ee6e1970dc,d7155f6d-736d-42c0-8bc0-00ee6e1970dc,27,ely_y2569_id_3b37e540-4b3a-4c2f-89e4-a1e0161737bb,1252,1.4109426945399222,8,151712,88735,6081
2569,pv_16_z_1,pv_16,,,1,ely_y2569_id_115da917-bf32-4e96-a2ae-b7818d0909ee,115da917-bf32-4e96-a2ae-b7818d0909ee,6,ely_y2569_id_58dafeeb-20be-4c76-a997-9fbdbbde4dab,1231,1.3872767228263931,9,151712,88735,6081
2569,pv_16_z_1,pv_16,,,1,ely_y2569_id_cb1b6cf2-41fa-49b1-a060-01acf13edc81,cb1b6cf2-41fa-49b1-a060-01acf13edc81,48,ely_y2569_id_2b8c8307-88a4-4c52-9498-0ff1b205f5ad,1063,1.197948949118161,10,151712,88735,6081
2569,pv_16_z_1,pv_16,,,1,ely_y2569_id_339fa187-133c-4766-a6c2-36d1b32cda8f,339fa187-133c-4766-a6c2-36d1b32cda8f,23,ely_y2569_id_b49af795-5e81-479d-ae77-d4e4d9ed4aef,537,0.605172705245957,11,151712,88735,6081
2569,pv_92_z_4,pv_92,,,4,ely_y2569_id_d7155f6d-736d-42c0-8bc0-00ee6e1970dc,d7155f6d-736d-42c0-8bc0-00ee6e1970dc,27,ely_y2569_id_cda16605-cd96-42ed-947e-5c3ff084401c,48284,54.41983657368272,1,128358,89831,2747
2569,pv_92_z_4,pv_92,,,4,ely_y2569_id_013c219e-e197-416d-84ea-00ba9c35465e,013c219e-e197-416d-84ea-00ba9c35465e,37,ely_y2569_id_accd67e7-e89d-4edc-9180-f826e57c65af,27805,31.338405184559033,2,128358,89831,2747
2569,pv_92_z_4,pv_92,,,4,ely_y2569_id_1116011c-1ef3-4cca-a186-c1b9f7984ede,1116011c-1ef3-4cca-a186-c1b9f7984ede,46,ely_y2569_id_3a0c1277-f713-49bc-b9e3-2503015c89b2,9683,10.913496759650606,3,128358,89831,2747
2569,pv_92_z_4,pv_92,,,4,ely_y2569_id_a62aca08-91b7-4f3f-ba8f-cb9e884a3799,a62aca08-91b7-4f3f-ba8f-cb9e884a3799,42,ely_y2569_id_f132a5d3-1136-4510-bd6d-9fbf0f45b827,1199,1.351366582135813,4,128358,89831,2747
2569,pv_92_z_4,pv_92,,,4,ely_y2569_id_115da917-bf32-4e96-a2ae-b7818d0909ee,115da917-bf32-4e96-a2ae-b7818d0909ee,6,ely_y2569_id_114916cf-4361-4021-9abc-c42f4c52c677,670,0.7551422936038321,5,128358,89831,2747
2569,pv_92_z_4,pv_92,,,4,ely_y2569_id_965b4b93-c01e-4a2b-a987-577f2b99ebb4,965b4b93-c01e-4a2b-a987-577f2b99ebb4,49,ely_y2569_id_75297520-9397-4dda-af03-c824be8548fe,552,0.6221470836855452,6,128358,89831,2747
2569,pv_92_z_4,pv_92,,,4,ely_y2569_id_2d8a1c84-0bc8-4377-965d-c020a0097c27,2d8a1c84-0bc8-4377-965d-c020a0097c27,9,ely_y2569_id_4f8241d3-01fa-4f05-bd58-dec08781f607,532,0.5996055226824458,7,128358,89831,2747
2569,pv_76_z_3,pv_76,,,3,ely_y2569_id_013c219e-e197-416d-84ea-00ba9c35465e,013c219e-e197-416d-84ea-00ba9c35465e,37,ely_y2569_id_2cd3bf37-b02a-4f58-9118-05acc1899360,67129,75.72106978895243,1,131557,88653,5482
2569,pv_76_z_3,pv_76,,,3,ely_y2569_id_1116011c-1ef3-4cca-a186-c1b9f7984ede,1116011c-1ef3-4cca-a186-c1b9f7984ede,46,ely_y2569_id_e6683880-7554-4c86-9ef6-441b2161c39d,12514,14.115709564256147,2,131557,88653,5482
2569,pv_76_z_3,pv_76,,,3,ely_y2569_id_a62aca08-91b7-4f3f-ba8f-cb9e884a3799,a62aca08-91b7-4f3f-ba8f-cb9e884a3799,42,ely_y2569_id_b7738f6f-50e4-4e58-8313-cacb0a039776,3676,4.146503784417899,3,131557,88653,5482
2569,pv_76_z_3,pv_76,,,3,ely_y2569_id_d7155f6d-736d-42c0-8bc0-00ee6e1970dc,d7155f6d-736d-42c0-8bc0-00ee6e1970dc,27,ely_y2569_id_2b27ad00-4920-4870-a847-451e76a016ac,2449,2.762455867257735,4,131557,88653,5482
2569,pv_76_z_3,pv_76,,,3,ely_y2569_id_0c044088-618b-49af-a291-fb28ffe9e0f8,0c044088-618b-49af-a291-fb28ffe9e0f8,11,ely_y2569_id_b4daecc2-d3b6-4f87-b549-9b5152dfb1c9,1530,1.7258299211532606,5,131557,88653,5482
2569,pv_76_z_3,pv_76,,,3,ely_y2569_id_2d8a1c84-0bc8-4377-965d-c020a0097c27,2d8a1c84-0bc8-4377-965d-c020a0097c27,9,ely_y2569_id_0a156480-8d9d-4655-9284-f3315cc49904,1355,1.528431073962528,6,131557,88653,5482
2569,pv_62_z_2,pv_62,,,2,ely_y2569_id_a62aca08-91b7-4f3f-ba8f-cb9e884a3799,a62aca08-91b7-4f3f-ba8f-cb9e884a3799,42,ely_y2569_id_25242009-e16c-4880-b37e-38cd2f3566db,39701,44.796109493828,1,147920,88626,7225
2569,pv_62_z_2,pv_62,,,2,ely_y2569_id_2d8a1c84-0bc8-4377-965d-c020a0097c27,2d8a1c84-0bc8-4377-965d-c020a0097c27,9,ely_y2569_id_d2188360-5228-4894-b8d9-68e6c0f48934,31308,35.3259765757227,2,147920,88626,7225
2569,pv_62_z_2,pv_62,,,2,ely_y2569_id_1116011c-1ef3-4cca-a186-c1b9f7984ede,1116011c-1ef3-4cca-a186-c1b9f7984ede,46,ely_y2569_id_f2c82191-c822-4aa8-b438-b406e4632373,13012,14.68192178367522,3,147920,88626,7225
2569,pv_62_z_2,pv_62,,,2,ely_y2569_id_013c219e-e197-416d-84ea-00ba9c35465e,013c219e-e197-416d-84ea-00ba9c35465e,37,ely_y2569_id_685bafb0-b638-4e2d-99aa-98b63636608c,1772,1.9994132647304403,4,147920,88626,7225
2569,pv_62_z_2,pv_62,,,2,ely_y2569_id_d7155f6d-736d-42c0-8bc0-00ee6e1970dc,d7155f6d-736d-42c0-8bc0-00ee6e1970dc,27,ely_y2569_id_f6ae0bd0-fcab-45f9-8870-8746ad16bca6,1698,1.9159163225238645,5,147920,88626,7225
2569,pv_62_z_2,pv_62,,,2,ely_y2569_id_03347cbc-6089-474c-a3f6-484ae981c9a6,03347cbc-6089-474c-a3f6-484ae981c9a6,43,ely_y2569_id_88bbed94-4007-4c4a-8cb0-830938a5be1c,1135,1.2806625595197798,6,147920,88626,7225
2569,pv_90_z_3,pv_90,,,3,ely_y2569_id_013c219e-e197-416d-84ea-00ba9c35465e,013c219e-e197-416d-84ea-00ba9c35465e,37,ely_y2569_id_765e43c1-6663-4669-85a3-4c8327ed1ac4,35127,39.674490049470286,1,133721,94210,3169
2569,pv_90_z_3,pv_90,,,3,ely_y2569_id_d7155f6d-736d-42c0-8bc0-00ee6e1970dc,d7155f6d-736d-42c0-8bc0-00ee6e1970dc,27,ely_y2569_id_d1eefc0f-77ef-4841-b1b7-9221559e227d,25514,28.817005127741762,2,133721,94210,3169
2569,pv_90_z_3,pv_90,,,3,ely_y2569_id_1116011c-1ef3-4cca-a186-c1b9f7984ede,1116011c-1ef3-4cca-a186-c1b9f7984ede,46,ely_y2569_id_1244952c-33b2-4d11-8146-242f16d5ef4f,23800,26.881113194334638,3,133721,94210,3169
2569,pv_90_z_3,pv_90,,,3,ely_y2569_id_115da917-bf32-4e96-a2ae-b7818d0909ee,115da917-bf32-4e96-a2ae-b7818d0909ee,6,ely_y2569_id_76d849e3-b37e-4d99-83f9-8f3dc2151824,2322,2.622602724253993,4,133721,94210,3169
2569,pv_90_z_3,pv_90,,,3,ely_y2569_id_2d8a1c84-0bc8-4377-965d-c020a0097c27,2d8a1c84-0bc8-4377-965d-c020a0097c27,9,ely_y2569_id_cf9920e3-61d8-43ac-b65d-fd4b9ee54015,891,1.0063475569811833,5,133721,94210,3169
2569,pv_90_z_3,pv_90,,,3,ely_y2569_id_a62aca08-91b7-4f3f-ba8f-cb9e884a3799,a62aca08-91b7-4f3f-ba8f-cb9e884a3799,42,ely_y2569_id_1ac01dc2-e3e9-4976-8081-f32f5b1142b1,884,0.9984413472181436,6,133721,94210,3169
2569,pv_90_z_7,pv_90,,,7,ely_y2569_id_013c219e-e197-416d-84ea-00ba9c35465e,013c219e-e197-416d-84ea-00ba9c35465e,37,ely_y2569_id_1395fcee-0c54-40b1-8a9b-16ecb83207e2,34425,38.90533881831744,1,123182,88484,3807
2569,pv_90_z_7,pv_90,,,7,ely_y2569_id_a62aca08-91b7-4f3f-ba8f-cb9e884a3799,a62aca08-91b7-4f3f-ba8f-cb9e884a3799,42,ely_y2569_id_a88538b0-172d-4ec1-ad46-490e540396b6,24743,27.963247592785134,2,123182,88484,3807
2569,pv_90_z_7,pv_90,,,7,ely_y2569_id_d7155f6d-736d-42c0-8bc0-00ee6e1970dc,d7155f6d-736d-42c0-8bc0-00ee6e1970dc,27,ely_y2569_id_0401d5ab-4dc7-4f93-ba9d-448e01247fe0,18099,20.454545454545457,3,123182,88484,3807
2569,pv_90_z_7,pv_90,,,7,ely_y2569_id_1116011c-1ef3-4cca-a186-c1b9f7984ede,1116011c-1ef3-4cca-a186-c1b9f7984ede,46,ely_y2569_id_aa97b7de-9a33-468f-8daf-3c98c9ddb4ef,7679,8.67840513539171,4,123182,88484,3807
2569,pv_90_z_7,pv_90,,,7,ely_y2569_id_7f4755ca-ea3a-4023-869d-9cabba328db0,7f4755ca-ea3a-4023-869d-9cabba328db0,33,ely_y2569_id_75ee6867-498b-4682-9979-9ecec841aa69,2571,2.9056100537950362,5,123182,88484,3807
2569,pv_90_z_7,pv_90,,,7,ely_y2569_id_115da917-bf32-4e96-a2ae-b7818d0909ee,115da917-bf32-4e96-a2ae-b7818d0909ee,6,ely_y2569_id_390e66d6-08ce-462e-b30a-fd9e8430c92e,401,0.4531892771574522,6,123182,88484,3807
2569,pv_90_z_7,pv_90,,,7,ely_y2569_id_2d8a1c84-0bc8-4377-965d-c020a0097c27,2d8a1c84-0bc8-4377-965d-c020a0097c27,9,ely_y2569_id_3af01a57-9236-4d48-a45f-c7dcc62fb6f6,338,0.3819899642873288,7,123182,88484,3807
2569,pv_90_z_7,pv_90,,,7,ely_y2569_id_0c044088-618b-49af-a291-fb28ffe9e0f8,0c044088-618b-49af-a291-fb28ffe9e0f8,11,ely_y2569_id_e47966d3-0991-4678-90f4-1fb5fe18d3f3,228,0.2576737037204466,8,123182,88484,3807
2569,pv_24_z_3,pv_24,,,3,ely_y2569_id_a62aca08-91b7-4f3f-ba8f-cb9e884a3799,a62aca08-91b7-4f3f-ba8f-cb9e884a3799,42,ely_y2569_id_6b88f30b-c48a-4ebf-b5aa-8468c2d4fb80,49678,56.320431716663265,1,148423,88245,6452
2569,pv_24_z_3,pv_24,,,3,ely_y2569_id_1116011c-1ef3-4cca-a186-c1b9f7984ede,1116011c-1ef3-4cca-a186-c1b9f7984ede,46,ely_y2569_id_20661957-25c9-459c-83fd-947226c10782,20386,23.111806453075754,2,148423,88245,6452
2569,pv_24_z_3,pv_24,,,3,ely_y2569_id_2d8a1c84-0bc8-4377-965d-c020a0097c27,2d8a1c84-0bc8-4377-965d-c020a0097c27,9,ely_y2569_id_b8c1c14e-7fe4-4134-b4e3-05fa687d600f,13532,15.341359998186062,3,148423,88245,6452
2569,pv_24_z_3,pv_24,,,3,ely_y2569_id_013c219e-e197-416d-84ea-00ba9c35465e,013c219e-e197-416d-84ea-00ba9c35465e,37,ely_y2569_id_6ea58c99-38d1-4a88-8d7a-0504d39142ea,1885,2.1370428315534093,4,148423,88245,6452
2569,pv_24_z_3,pv_24,,,3,ely_y2569_id_d7155f6d-736d-42c0-8bc0-00ee6e1970dc,d7155f6d-736d-42c0-8bc0-00ee6e1970dc,27,ely_y2569_id_27fc57e0-ddad-4b59-8395-06e8d8592d5c,1292,1.4647529646509307,5,148423,88245,6452
2569,pv_24_z_3,pv_24,,,3,ely_y2569_id_339fa187-133c-4766-a6c2-36d1b32cda8f,339fa187-133c-4766-a6c2-36d1b32cda8f,23,ely_y2569_id_28b3aa28-d5d5-4c7f-bc33-946a576f7ee8,892,1.0112690746661224,6,148423,88245,6452
2569,pv_24_z_3,pv_24,,,3,ely_y2569_id_03347cbc-6089-474c-a3f6-484ae981c9a6,03347cbc-6089-474c-a3f6-484ae981c9a6,43,ely_y2569_id_a3439435-aa48-49a9-97ad-abf51e97c318,541,0.6133369612044531,7,148423,88245,6452
2569,pv_52_z_3,pv_52,,,3,ely_y2569_id_1116011c-1ef3-4cca-a186-c1b9f7984ede,1116011c-1ef3-4cca-a186-c1b9f7984ede,46,ely_y2569_id_525ad14b-bca9-4b30-8a9e-ed27bb4232ee,33259,37.74156576603157,1,147220,88400,5651
2569,pv_52_z_3,pv_52,,,3,ely_y2569_id_a62aca08-91b7-4f3f-ba8f-cb9e884a3799,a62aca08-91b7-4f3f-ba8f-cb9e884a3799,42,ely_y2569_id_e894c73c-7d64-4611-9058-29b005a55fad,25321,28.73370175777039,2,147220,88400,5651
2569,pv_52_z_3,pv_52,,,3,ely_y2569_id_2d8a1c84-0bc8-4377-965d-c020a0097c27,2d8a1c84-0bc8-4377-965d-c020a0097c27,9,ely_y2569_id_67b0252d-90b5-486b-9b16-fecf86f4c11f,15343,17.41089159470286,3,147220,88400,5651
2569,pv_52_z_3,pv_52,,,3,ely_y2569_id_013c219e-e197-416d-84ea-00ba9c35465e,013c219e-e197-416d-84ea-00ba9c35465e,37,ely_y2569_id_13ba2c79-e7a3-40b6-8563-63855c2ba973,6490,7.364706149359418,4,147220,88400,5651
2569,pv_52_z_3,pv_52,,,3,ely_y2569_id_0c044088-618b-49af-a291-fb28ffe9e0f8,0c044088-618b-49af-a291-fb28ffe9e0f8,11,ely_y2569_id_545cd2c0-748d-4fee-a702-b2f290077d24,2050,2.3262939300750087,5,147220,88400,5651
2569,pv_52_z_3,pv_52,,,3,ely_y2569_id_7ffe2115-72d1-4d71-9962-03ff61afc67c,,31,ely_y2569_id_367a2695-4dde-4e96-a0f2-e1ec1e99d5c5,1545,1.7532312790077504,6,147220,88400,5651
2569,pv_52_z_3,pv_52,,,3,ely_y2569_id_d7155f6d-736d-42c0-8bc0-00ee6e1970dc,d7155f6d-736d-42c0-8bc0-00ee6e1970dc,27,ely_y2569_id_3b1e61ad-6e74-43d1-8385-a984b96a9e4c,1512,1.7157836206211772,7,147220,88400,5651
2569,pv_52_z_3,pv_52,,,3,ely_y2569_id_115da917-bf32-4e96-a2ae-b7818d0909ee,115da917-bf32-4e96-a2ae-b7818d0909ee,6,ely_y2569_id_fdba7624-0dfc-4f67-b41d-577d644f094e,1477,1.676066407180872,8,147220,88400,5651
2569,pv_52_z_3,pv_52,,,3,ely_y2569_id_03347cbc-6089-474c-a3f6-484ae981c9a6,03347cbc-6089-474c-a3f6-484ae981c9a6,43,ely_y2569_id_ded1d8d6-f562-4a9d-ae57-9a66bb078e04,1126,1.2777594952509561,9,147220,88400,5651
2569,pv_50_z_9,pv_50,,,9,ely_y2569_id_a62aca08-91b7-4f3f-ba8f-cb9e884a3799,a62aca08-91b7-4f3f-ba8f-cb9e884a3799,42,ely_y2569_id_5c6fe580-1550-4209-be9c-7405cb853deb,40927,46.49157683088912,1,126155,88073,5372
2569,pv_50_z_9,pv_50,,,9,ely_y2569_id_1116011c-1ef3-4cca-a186-c1b9f7984ede,1116011c-1ef3-4cca-a186-c1b9f7984ede,46,ely_y2569_id_2bea03ad-e003-4bbb-a46e-284982e80193,19840,22.537515193511375,2,126155,88073,5372
2569,pv_50_z_9,pv_50,,,9,ely_y2569_id_2d8a1c84-0bc8-4377-965d-c020a0097c27,2d8a1c84-0bc8-4377-965d-c020a0097c27,9,ely_y2569_id_b65b35f0-eab9-4e02-83af-94759fa1acd7,14617,16.60437800320342,3,126155,88073,5372
2569,pv_50_z_9,pv_50,,,9,ely_y2569_id_d7155f6d-736d-42c0-8bc0-00ee6e1970dc,d7155f6d-736d-42c0-8bc0-00ee6e1970dc,27,ely_y2569_id_b6d8ec9d-b10b-4a84-a317-d4a7adec97c2,5844,6.6385705035726055,4,126155,88073,5372
2569,pv_50_z_9,pv_50,,,9,ely_y2569_id_013c219e-e197-416d-84ea-00ba9c35465e,013c219e-e197-416d-84ea-00ba9c35465e,37,ely_y2569_id_4ca7df63-7315-452a-b547-2ef039b4c637,4956,5.629834944508184,5,126155,88073,5372
2569,pv_50_z_9,pv_50,,,9,ely_y2569_id_c126e4e4-be85-44e6-bf3e-f9331b9f91a9,c126e4e4-be85-44e6-bf3e-f9331b9f91a9,24,ely_y2569_id_eb785f7e-3cc0-4a6c-b191-eaebf6c379da,711,0.8076700253319854,6,126155,88073,5372
2569,pv_50_z_9,pv_50,,,9,ely_y2569_id_03347cbc-6089-474c-a3f6-484ae981c9a6,03347cbc-6089-474c-a3f6-484ae981c9a6,43,ely_y2569_id_60451852-9076-4906-9267-5c6fc411e9f2,646,0.7338323999500176,7,126155,88073,5372
2569,pv_50_z_9,pv_50,,,9,ely_y2569_id_0c044088-618b-49af-a291-fb28ffe9e0f8,0c044088-618b-49af-a291-fb28ffe9e0f8,11,ely_y2569_id_21533ebe-c24d-489b-8586-452e35dba52e,490,0.5566220990332951,8,126155,88073,5372
2569,pv_35_z_3,pv_35,,,3,ely_y2569_id_013c219e-e197-416d-84ea-00ba9c35465e,013c219e-e197-416d-84ea-00ba9c35465e,37,ely_y2569_id_57741366-36df-4300-81d3-83dab4a5f29e,41851,47.609351003924694,1,146614,88585,3833
2569,pv_35_z_3,pv_35,,,3,ely_y2569_id_2d8a1c84-0bc8-4377-965d-c020a0097c27,2d8a1c84-0bc8-4377-965d-c020a0097c27,9,ely_y2569_id_e3599238-e8cc-4b1e-baa0-9500088544df,28272,32.16199306069052,2,146614,88585,3833
2569,pv_35_z_3,pv_35,,,3,ely_y2569_id_1116011c-1ef3-4cca-a186-c1b9f7984ede,1116011c-1ef3-4cca-a186-c1b9f7984ede,46,ely_y2569_id_2abd72e6-477d-451c-a3d3-158672d9a355,13673,15.554291564757408,3,146614,88585,3833
2569,pv_35_z_3,pv_35,,,3,ely_y2569_id_a62aca08-91b7-4f3f-ba8f-cb9e884a3799,a62aca08-91b7-4f3f-ba8f-cb9e884a3799,42,ely_y2569_id_73b24128-7a1e-4ada-9bcd-4742bdae6ca5,2263,2.5743700585859735,4,146614,88585,3833
2569,pv_35_z_3,pv_35,,,3,ely_y2569_id_0c044088-618b-49af-a291-fb28ffe9e0f8,0c044088-618b-49af-a291-fb28ffe9e0f8,11,ely_y2569_id_6a321263-161d-4bae-b727-a9e8725c1d57,623,0.708719640521017,5,146614,88585,3833
2569,pv_35_z_3,pv_35,,,3,ely_y2569_id_03347cbc-6089-474c-a3f6-484ae981c9a6,03347cbc-6089-474c-a3f6-484ae981c9a6,43,ely_y2569_id_c46ff261-42d6-4fe2-beb1-576f35064405,590,0.6711791138160514,6,146614,88585,3833
2569,pv_35_z_3,pv_35,,,3,ely_y2569_id_d7155f6d-736d-42c0-8bc0-00ee6e1970dc,d7155f6d-736d-42c0-8bc0-00ee6e1970dc,27,ely_y2569_id_de36170d-a2ab-49eb-b374-35def8071ad1,395,0.44934872874125475,7,146614,88585,3833
2569,pv_35_z_3,pv_35,,,3,ely_y2569_id_d1964fe3-2dd0-43d5-a190-77fbfaf586b2,,8,ely_y2569_id_9aa51c77-2e10-4e06-b347-ec5c0a7c132a,238,0.27074682896308516,8,146614,88585,3833
2569,pv_30_z_3,pv_30,,,3,ely_y2569_id_1116011c-1ef3-4cca-a186-c1b9f7984ede,1116011c-1ef3-4cca-a186-c1b9f7984ede,46,ely_y2569_id_ab49f4c0-dc4d-49ae-b2b0-cf9da9f97af7,35910,40.8555663006997,1,136549,88973,4107
2569,pv_30_z_3,pv_30,,,3,ely_y2569_id_2d8a1c84-0bc8-4377-965d-c020a0097c27,2d8a1c84-0bc8-4377-965d-c020a0097c27,9,ely_y2569_id_ea28d7f7-9093-405c-8642-e1e040253aac,35380,40.25257409408954,2,136549,88973,4107
2569,pv_30_z_3,pv_30,,,3,ely_y2569_id_013c219e-e197-416d-84ea-00ba9c35465e,013c219e-e197-416d-84ea-00ba9c35465e,37,ely_y2569_id_62334e32-6ed3-40f4-97d6-63d0cac52aa7,7427,8.44985494055407,3,136549,88973,4107
2569,pv_30_z_3,pv_30,,,3,ely_y2569_id_0c044088-618b-49af-a291-fb28ffe9e0f8,0c044088-618b-49af-a291-fb28ffe9e0f8,11,ely_y2569_id_099d9665-0831-4b61-a753-73b1bddd025d,2996,3.4086125490642245,4,136549,88973,4107
2569,pv_30_z_3,pv_30,,,3,ely_y2569_id_115da917-bf32-4e96-a2ae-b7818d0909ee,115da917-bf32-4e96-a2ae-b7818d0909ee,6,ely_y2569_id_ef35f44e-e3dc-48e3-9816-4e1d7aa0003b,2046,2.3277774617441267,5,136549,88973,4107
2569,pv_30_z_3,pv_30,,,3,ely_y2569_id_d7155f6d-736d-42c0-8bc0-00ee6e1970dc,d7155f6d-736d-42c0-8bc0-00ee6e1970dc,27,ely_y2569_id_8a22d984-62e9-4f7e-8db7-2bb60339bad9,1911,2.1741851072302176,6,136549,88973,4107
2569,pv_30_z_3,pv_30,,,3,ely_y2569_id_a62aca08-91b7-4f3f-ba8f-cb9e884a3799,a62aca08-91b7-4f3f-ba8f-cb9e884a3799,42,ely_y2569_id_9f9bad28-e0f5-4b78-a28e-d757319aab74,1110,1.2628704704476932,7,136549,88973,4107
2569,pv_30_z_3,pv_30,,,3,ely_y2569_id_03347cbc-6089-474c-a3f6-484ae981c9a6,03347cbc-6089-474c-a3f6-484ae981c9a6,43,ely_y2569_id_3eb2450f-4eaa-4ebd-94be-3a6f893a825d,772,0.878320723590648,8,136549,88973,4107
2569,pv_30_z_3,pv_30,,,3,ely_y2569_id_965b4b93-c01e-4a2b-a987-577f2b99ebb4,965b4b93-c01e-4a2b-a987-577f2b99ebb4,49,ely_y2569_id_0b59c518-eaf2-4aad-ae32-0f4540f7a7ca,343,0.3902383525797827,9,136549,88973,4107
2569,pv_80_z_3,pv_80,,,3,ely_y2569_id_d7155f6d-736d-42c0-8bc0-00ee6e1970dc,d7155f6d-736d-42c0-8bc0-00ee6e1970dc,27,ely_y2569_id_10dc9d98-2b3b-43a0-9ca0-ea9cc11bfea5,44848,51.03090437394747,1,133623,88398,3286
2569,pv_80_z_3,pv_80,,,3,ely_y2569_id_013c219e-e197-416d-84ea-00ba9c35465e,013c219e-e197-416d-84ea-00ba9c35465e,37,ely_y2569_id_93f9f45e-28df-4570-808f-7addc7ace475,33535,38.158254062172865,2,133623,88398,3286
2569,pv_80_z_3,pv_80,,,3,ely_y2569_id_1116011c-1ef3-4cca-a186-c1b9f7984ede,1116011c-1ef3-4cca-a186-c1b9f7984ede,46,ely_y2569_id_aa17b5ff-f301-4991-9532-b7488316601d,6439,7.3267033817304625,3,133623,88398,3286
2569,pv_80_z_3,pv_80,,,3,ely_y2569_id_2ee17641-917b-4ea0-8c19-da383e03e915,2ee17641-917b-4ea0-8c19-da383e03e915,44,ely_y2569_id_511b6cc2-2454-4687-b57b-52da255e3511,1646,1.872923399025989,4,133623,88398,3286
2569,pv_80_z_3,pv_80,,,3,ely_y2569_id_a62aca08-91b7-4f3f-ba8f-cb9e884a3799,a62aca08-91b7-4f3f-ba8f-cb9e884a3799,42,ely_y2569_id_333c12c5-0b95-4c3a-a37e-6a0d1f065225,593,0.6747530836102135,5,133623,88398,3286
2569,pv_80_z_3,pv_80,,,3,ely_y2569_id_115da917-bf32-4e96-a2ae-b7818d0909ee,115da917-bf32-4e96-a2ae-b7818d0909ee,6,ely_y2569_id_76e98f70-b256-4820-a990-fa6e83b25d81,549,0.624687087524464,6,133623,88398,3286
2569,pv_80_z_3,pv_80,,,3,ely_y2569_id_d1964fe3-2dd0-43d5-a190-77fbfaf586b2,,8,ely_y2569_id_89fd675c-43ee-407d-81e0-d2a0c9e0ca84,274,0.31177461198853035,7,133623,88398,3286
2569,pv_50_z_3,pv_50,,,3,ely_y2569_id_1116011c-1ef3-4cca-a186-c1b9f7984ede,1116011c-1ef3-4cca-a186-c1b9f7984ede,46,ely_y2569_id_87c29a8b-8836-447f-97f1-49f67dc76625,41778,47.5425320056899,1,139193,90516,4066
2569,pv_50_z_3,pv_50,,,3,ely_y2569_id_2d8a1c84-0bc8-4377-965d-c020a0097c27,2d8a1c84-0bc8-4377-965d-c020a0097c27,9,ely_y2569_id_9cd8fe04-67de-467c-b548-a3e43be2d759,26221,29.838975817923185,2,139193,90516,4066
2569,pv_50_z_3,pv_50,,,3,ely_y2569_id_013c219e-e197-416d-84ea-00ba9c35465e,013c219e-e197-416d-84ea-00ba9c35465e,37,ely_y2569_id_d5355435-b727-4d15-92a8-b12b887ae9b3,6464,7.355903271692746,3,139193,90516,4066
2569,pv_50_z_3,pv_50,,,3,ely_y2569_id_d7155f6d-736d-42c0-8bc0-00ee6e1970dc,d7155f6d-736d-42c0-8bc0-00ee6e1970dc,27,ely_y2569_id_f5e803a4-8fa9-4c46-b378-5874aa4d4d50,4943,5.625035561877667,4,139193,90516,4066
2569,pv_50_z_3,pv_50,,,3,ely_y2569_id_a62aca08-91b7-4f3f-ba8f-cb9e884a3799,a62aca08-91b7-4f3f-ba8f-cb9e884a3799,42,ely_y2569_id_c949b741-43b5-4049-a7df-d82ca42a0d3d,2108,2.3988620199146515,5,139193,90516,4066
2569,pv_50_z_3,pv_50,,,3,ely_y2569_id_0c044088-618b-49af-a291-fb28ffe9e0f8,0c044088-618b-49af-a291-fb28ffe9e0f8,11,ely_y2569_id_461f429f-2c90-49f0-b487-52dc59c7d4be,1726,1.9641536273115219,6,139193,90516,4066
2569,pv_50_z_3,pv_50,,,3,ely_y2569_id_115da917-bf32-4e96-a2ae-b7818d0909ee,115da917-bf32-4e96-a2ae-b7818d0909ee,6,ely_y2569_id_19437077-63a8-4fd8-ad93-a767406b990a,1276,1.4520625889046943,7,139193,90516,4066
2569,pv_50_z_3,pv_50,,,3,ely_y2569_id_2ee17641-917b-4ea0-8c19-da383e03e915,2ee17641-917b-4ea0-8c19-da383e03e915,44,ely_y2569_id_c8d6c463-06d0-4952-86dc-c29a60b91910,1126,1.281365576102418,8,139193,90516,4066
2569,pv_50_z_3,pv_50,,,3,ely_y2569_id_7ffe2115-72d1-4d71-9962-03ff61afc67c,,31,ely_y2569_id_d7b04f3d-73b8-4a02-8330-0f92c04e3311,534,0.6076813655761024,9,139193,90516,4066
2569,pv_50_z_3,pv_50,,,3,ely_y2569_id_c126e4e4-be85-44e6-bf3e-f9331b9f91a9,c126e4e4-be85-44e6-bf3e-f9331b9f91a9,24,ely_y2569_id_2a2bd7a2-69b0-48ac-9bc7-f34e123f67d9,480,0.546230440967283,10,139193,90516,4066
2569,pv_50_z_3,pv_50,,,3,ely_y2569_id_30f1cea0-4fc2-4fcf-86f0-96000cf188b5,30f1cea0-4fc2-4fcf-86f0-96000cf188b5,22,ely_y2569_id_b8a094da-5053-41ab-8c0e-b7af598ca804,466,0.530298719772404,11,139193,90516,4066
2569,pv_50_z_3,pv_50,,,3,ely_y2569_id_bcdcd19b-d619-47dd-8535-fafb6bc6f4d8,bcdcd19b-d619-47dd-8535-fafb6bc6f4d8,12,ely_y2569_id_5c52ba31-ea06-438b-94c5-2ac2325c49b0,344,0.39146514935988624,12,139193,90516,4066
2569,pv_50_z_3,pv_50,,,3,ely_y2569_id_7255d2d0-1f49-4fd8-adad-7acfea2d5126,7255d2d0-1f49-4fd8-adad-7acfea2d5126,56,ely_y2569_id_719dd25f-2436-4864-a07f-6aaf54c3443f,225,0.25604551920341395,13,139193,90516,4066
2569,pv_50_z_3,pv_50,,,3,ely_y2569_id_bd8d9f14-f757-41fb-8f37-d6128d9d012d,bd8d9f14-f757-41fb-8f37-d6128d9d012d,7,ely_y2569_id_604f9a7a-1690-4711-9ade-b1bed752137a,184,0.20938833570412518,14,139193,90516,4066
2569,pv_40_z_4,pv_40,,,4,ely_y2569_id_2d8a1c84-0bc8-4377-965d-c020a0097c27,2d8a1c84-0bc8-4377-965d-c020a0097c27,9,ely_y2569_id_1990d41d-3fc2-428d-ab1c-e26aaf52c8a7,38701,44.25196670325649,1,130881,87456,4573
2569,pv_40_z_4,pv_40,,,4,ely_y2569_id_a62aca08-91b7-4f3f-ba8f-cb9e884a3799,a62aca08-91b7-4f3f-ba8f-cb9e884a3799,42,ely_y2569_id_76f83c0f-8461-4a89-90b9-33dd06a4a452,21645,24.74958836443469,2,130881,87456,4573
2569,pv_40_z_4,pv_40,,,4,ely_y2569_id_1116011c-1ef3-4cca-a186-c1b9f7984ede,1116011c-1ef3-4cca-a186-c1b9f7984ede,46,ely_y2569_id_2218f0a0-49c2-4549-a7e0-1780edebf1f0,15698,17.949597511891692,3,130881,87456,4573
2569,pv_40_z_4,pv_40,,,4,ely_y2569_id_a54ae018-5399-423a-8a14-4d5c849a79a0,,45,ely_y2569_id_9707a8a6-76e9-4e44-8d54-0289291bcee2,6122,7.00009147457007,4,130881,87456,4573
2569,pv_40_z_4,pv_40,,,4,ely_y2569_id_013c219e-e197-416d-84ea-00ba9c35465e,013c219e-e197-416d-84ea-00ba9c35465e,37,ely_y2569_id_4be8e314-7847-479a-8035-e02be6e11937,1541,1.762028905964142,5,130881,87456,4573
2569,pv_40_z_4,pv_40,,,4,ely_y2569_id_f9cadd57-8256-49aa-9386-0da392b19fc2,f9cadd57-8256-49aa-9386-0da392b19fc2,29,ely_y2569_id_be4d4fad-afa5-4390-a368-a945b87bad6b,1161,1.3275246981339188,6,130881,87456,4573
2569,pv_40_z_4,pv_40,,,4,ely_y2569_id_d7155f6d-736d-42c0-8bc0-00ee6e1970dc,d7155f6d-736d-42c0-8bc0-00ee6e1970dc,27,ely_y2569_id_1bf37f65-38bd-4d5c-b539-69345256cf0c,708,0.8095499451152579,7,130881,87456,4573
2569,pv_40_z_4,pv_40,,,4,ely_y2569_id_0c044088-618b-49af-a291-fb28ffe9e0f8,0c044088-618b-49af-a291-fb28ffe9e0f8,11,ely_y2569_id_fe2c0356-5a5f-4a1a-8fd4-f658c3525d08,701,0.8015459202341748,8,130881,87456,4573
2569,pv_40_z_4,pv_40,,,4,ely_y2569_id_965b4b93-c01e-4a2b-a987-577f2b99ebb4,965b4b93-c01e-4a2b-a987-577f2b99ebb4,49,ely_y2569_id_4796f3dc-21fa-4ff1-9c44-41d30e7cd40d,552,0.6311745334796927,9,130881,87456,4573
2569,pv_40_z_4,pv_40,,,4,ely_y2569_id_115da917-bf32-4e96-a2ae-b7818d0909ee,115da917-bf32-4e96-a2ae-b7818d0909ee,6,ely_y2569_id_d33fa1f7-b7b0-466d-b192-83283fb552b1,517,0.5911544090742774,10,130881,87456,4573
2569,pv_40_z_4,pv_40,,,4,ely_y2569_id_bdd306a2-80c7-4d7b-a7ff-8dc1ec9fcc76,bdd306a2-80c7-4d7b-a7ff-8dc1ec9fcc76,10,ely_y2569_id_caf3b2ee-7cb4-4517-b2fb-5ccab55cdef3,110,0.12577753384559093,11,130881,87456,4573
2569,pv_30_z_2,pv_30,,,2,ely_y2569_id_2d8a1c84-0bc8-4377-965d-c020a0097c27,2d8a1c84-0bc8-4377-965d-c020a0097c27,9,ely_y2569_id_381e3fd1-5b37-4269-9013-dced2e7ec246,37543,42.953903184101236,1,141222,87403,3960
2569,pv_30_z_2,pv_30,,,2,ely_y2569_id_1116011c-1ef3-4cca-a186-c1b9f7984ede,1116011c-1ef3-4cca-a186-c1b9f7984ede,46,ely_y2569_id_bad6bdc3-8b18-479b-81eb-2f30351c0b83,34078,38.98950836927794,2,141222,87403,3960
2569,pv_30_z_2,pv_30,,,2,ely_y2569_id_013c219e-e197-416d-84ea-00ba9c35465e,013c219e-e197-416d-84ea-00ba9c35465e,37,ely_y2569_id_a6b86068-9577-4f12-be82-7b6d77d128c4,8968,10.26051737354553,3,141222,87403,3960
2569,pv_30_z_2,pv_30,,,2,ely_y2569_id_0c044088-618b-49af-a291-fb28ffe9e0f8,0c044088-618b-49af-a291-fb28ffe9e0f8,11,ely_y2569_id_c0b3c289-9d04-407c-a4bc-3ada28272d69,2766,3.164651098932531,4,141222,87403,3960
2569,pv_30_z_2,pv_30,,,2,ely_y2569_id_115da917-bf32-4e96-a2ae-b7818d0909ee,115da917-bf32-4e96-a2ae-b7818d0909ee,6,ely_y2569_id_ef75e8fd-3930-488f-9120-73df66017a8c,1260,1.4415981144811962,5,141222,87403,3960
2569,pv_30_z_2,pv_30,,,2,ely_y2569_id_d7155f6d-736d-42c0-8bc0-00ee6e1970dc,d7155f6d-736d-42c0-8bc0-00ee6e1970dc,27,ely_y2569_id_bc117236-1012-4708-848b-8992aef7feff,1013,1.1589991190233744,6,141222,87403,3960
2569,pv_30_z_2,pv_30,,,2,ely_y2569_id_03347cbc-6089-474c-a3f6-484ae981c9a6,03347cbc-6089-474c-a3f6-484ae981c9a6,43,ely_y2569_id_1efd30c9-0741-4411-b12a-fdb26398e0d9,574,0.6567280299303228,7,141222,87403,3960
2569,pv_30_z_2,pv_30,,,2,ely_y2569_id_965b4b93-c01e-4a2b-a987-577f2b99ebb4,965b4b93-c01e-4a2b-a987-577f2b99ebb4,49,ely_y2569_id_45861675-f337-41ba-86a6-1e8e729c3b60,561,0.6418543985904375,8,141222,87403,3960
2569,pv_30_z_2,pv_30,,,2,ely_y2569_id_a62aca08-91b7-4f3f-ba8f-cb9e884a3799,a62aca08-91b7-4f3f-ba8f-cb9e884a3799,42,ely_y2569_id_40d9c5d3-f71a-469a-be5d-cad09996b59d,345,0.3947232932508037,9,141222,87403,3960
2569,pv_30_z_2,pv_30,,,2,ely_y2569_id_54706125-9661-467d-a8af-78994d14b116,54706125-9661-467d-a8af-78994d14b116,35,ely_y2569_id_bf6d3d34-f647-41bb-ad1a-34ca9b0bf2a8,295,0.33751701886662927,10,141222,87403,3960
2569,pv_48_z_4,pv_48,,,4,ely_y2569_id_2d8a1c84-0bc8-4377-965d-c020a0097c27,2d8a1c84-0bc8-4377-965d-c020a0097c27,9,ely_y2569_id_99a37f86-fade-4257-8548-f8b3b2517b77,38829,44.50621246160195,1,144796,87244,3810
2569,pv_48_z_4,pv_48,,,4,ely_y2569_id_013c219e-e197-416d-84ea-00ba9c35465e,013c219e-e197-416d-84ea-00ba9c35465e,37,ely_y2569_id_feeb1a27-6bf2-4733-bca4-1777685fac6c,33139,37.98427399018844,2,144796,87244,3810
2569,pv_48_z_4,pv_48,,,4,ely_y2569_id_1116011c-1ef3-4cca-a186-c1b9f7984ede,1116011c-1ef3-4cca-a186-c1b9f7984ede,46,ely_y2569_id_ba07db5d-b625-4c2d-9ae1-1b841d692cd0,11139,12.767640181559765,3,144796,87244,3810
2569,pv_48_z_4,pv_48,,,4,ely_y2569_id_54c9efd2-2cd9-487a-91f7-1251aae30c2d,54c9efd2-2cd9-487a-91f7-1251aae30c2d,36,ely_y2569_id_a381474b-228c-453e-828a-5a950d1be9f2,1558,1.785796157901976,4,144796,87244,3810
2569,pv_48_z_4,pv_48,,,4,ely_y2569_id_cb1b6cf2-41fa-49b1-a060-01acf13edc81,cb1b6cf2-41fa-49b1-a060-01acf13edc81,48,ely_y2569_id_83d22ac7-ac16-459e-9915-2e1045e135f4,702,0.8046398606207877,5,144796,87244,3810
2569,pv_48_z_4,pv_48,,,4,ely_y2569_id_0c044088-618b-49af-a291-fb28ffe9e0f8,0c044088-618b-49af-a291-fb28ffe9e0f8,11,ely_y2569_id_b2e20e4c-dffc-4265-8135-a52bdaed6f1a,604,0.6923112191096236,6,144796,87244,3810
2569,pv_48_z_4,pv_48,,,4,ely_y2569_id_339fa187-133c-4766-a6c2-36d1b32cda8f,339fa187-133c-4766-a6c2-36d1b32cda8f,23,ely_y2569_id_4b83769c-27b0-465e-8d1f-cd5a1bd604dc,434,0.4974554124065838,7,144796,87244,3810
2569,pv_48_z_4,pv_48,,,4,ely_y2569_id_a62aca08-91b7-4f3f-ba8f-cb9e884a3799,a62aca08-91b7-4f3f-ba8f-cb9e884a3799,42,ely_y2569_id_630b2fcb-dba1-4735-bac1-1300678dac49,264,0.3025996057035441,8,144796,87244,3810
2569,pv_48_z_4,pv_48,,,4,ely_y2569_id_d7155f6d-736d-42c0-8bc0-00ee6e1970dc,d7155f6d-736d-42c0-8bc0-00ee6e1970dc,27,ely_y2569_id_c3ec6fcf-6a58-4b3b-bf72-07cca1c4a491,245,0.28082160377791027,9,144796,87244,3810
2569,pv_48_z_4,pv_48,,,4,ely_y2569_id_115da917-bf32-4e96-a2ae-b7818d0909ee,115da917-bf32-4e96-a2ae-b7818d0909ee,6,ely_y2569_id_06b6328a-f5d7-418f-8bf9-ff64da8277a7,220,0.25216633808628675,10,144796,87244,3810
2569,pv_48_z_4,pv_48,,,4,ely_y2569_id_03347cbc-6089-474c-a3f6-484ae981c9a6,03347cbc-6089-474c-a3f6-484ae981c9a6,43,ely_y2569_id_eb8c3b81-1ba4-4880-9e6a-6f1e054cc7c2,110,0.12608316904314337,11,144796,87244,3810
2569,pv_84_z_7,pv_84,,,7,ely_y2569_id_a62aca08-91b7-4f3f-ba8f-cb9e884a3799,a62aca08-91b7-4f3f-ba8f-cb9e884a3799,42,ely_y2569_id_b25d5100-08c6-492b-b39f-18270ddc2a99,38674,44.33464783565664,1,120277,87232,2598
2569,pv_84_z_7,pv_84,,,7,ely_y2569_id_013c219e-e197-416d-84ea-00ba9c35465e,013c219e-e197-416d-84ea-00ba9c35465e,37,ely_y2569_id_23283551-3f54-49d3-85ff-43fe6b30ecdb,27876,31.956162876008804,2,120277,87232,2598
2569,pv_84_z_7,pv_84,,,7,ely_y2569_id_d7155f6d-736d-42c0-8bc0-00ee6e1970dc,d7155f6d-736d-42c0-8bc0-00ee6e1970dc,27,ely_y2569_id_90a08f78-020d-4328-8e39-87480860e21b,9798,11.232116654438737,3,120277,87232,2598
2569,pv_84_z_7,pv_84,,,7,ely_y2569_id_1116011c-1ef3-4cca-a186-c1b9f7984ede,1116011c-1ef3-4cca-a186-c1b9f7984ede,46,ely_y2569_id_43c4d139-9be9-46a3-9b23-6a106ffb5191,9051,10.375779530447542,4,120277,87232,2598
2569,pv_84_z_7,pv_84,,,7,ely_y2569_id_115da917-bf32-4e96-a2ae-b7818d0909ee,115da917-bf32-4e96-a2ae-b7818d0909ee,6,ely_y2569_id_da31cf78-dd71-48d9-8a7d-d6de9889fb8a,701,0.8036041819515773,5,120277,87232,2598
2569,pv_84_z_7,pv_84,,,7,ely_y2569_id_965b4b93-c01e-4a2b-a987-577f2b99ebb4,965b4b93-c01e-4a2b-a987-577f2b99ebb4,49,ely_y2569_id_b80d02d2-c60d-4825-8166-f5b2e884fcf4,667,0.7646276595744681,6,120277,87232,2598
2569,pv_84_z_7,pv_84,,,7,ely_y2569_id_2d8a1c84-0bc8-4377-965d-c020a0097c27,2d8a1c84-0bc8-4377-965d-c020a0097c27,9,ely_y2569_id_96a41b02-c6ab-4370-bb5d-3428aa8acae3,465,0.5330612619222304,7,120277,87232,2598
2569,pv_96_z_1,pv_96,,,1,ely_y2569_id_a62aca08-91b7-4f3f-ba8f-cb9e884a3799,a62aca08-91b7-4f3f-ba8f-cb9e884a3799,42,ely_y2569_id_9a787f4b-7287-432e-9b80-ce389584b147,37791,43.36416211502272,1,129176,87157,5586
2569,pv_96_z_1,pv_96,,,1,ely_y2569_id_013c219e-e197-416d-84ea-00ba9c35465e,013c219e-e197-416d-84ea-00ba9c35465e,37,ely_y2569_id_0dd2dfd8-340a-4587-94a1-867aecf32d3f,32308,37.072566209207324,2,129176,87157,5586
2569,pv_96_z_1,pv_96,,,1,ely_y2569_id_1116011c-1ef3-4cca-a186-c1b9f7984ede,1116011c-1ef3-4cca-a186-c1b9f7984ede,46,ely_y2569_id_f1ef9ec4-dddc-4b3a-b6cd-5ca6fa5be585,9540,10.94689493734796,3,129176,87157,5586
2569,pv_96_z_1,pv_96,,,1,ely_y2569_id_7f4755ca-ea3a-4023-869d-9cabba328db0,7f4755ca-ea3a-4023-869d-9cabba328db0,33,ely_y2569_id_2d35f202-9776-4607-a809-b2b20cb08487,4797,5.50442924679855,4,129176,87157,5586
2569,pv_96_z_1,pv_96,,,1,ely_y2569_id_d7155f6d-736d-42c0-8bc0-00ee6e1970dc,d7155f6d-736d-42c0-8bc0-00ee6e1970dc,27,ely_y2569_id_22187f0b-a9e7-44e4-9890-6e1d0a3595d1,1317,1.5112222885206774,5,129176,87157,5586
2569,pv_96_z_1,pv_96,,,1,ely_y2569_id_115da917-bf32-4e96-a2ae-b7818d0909ee,115da917-bf32-4e96-a2ae-b7818d0909ee,6,ely_y2569_id_8d6b5dad-1660-460b-9246-f4c102735d83,992,1.1382934777619682,6,129176,87157,5586
2569,pv_96_z_1,pv_96,,,1,ely_y2569_id_2d8a1c84-0bc8-4377-965d-c020a0097c27,2d8a1c84-0bc8-4377-965d-c020a0097c27,9,ely_y2569_id_d48972f1-9d05-45d7-8580-184504709bfe,403,0.4624317253407995,7,129176,87157,5586
2569,pv_27_z_3,pv_27,,,3,ely_y2569_id_a62aca08-91b7-4f3f-ba8f-cb9e884a3799,a62aca08-91b7-4f3f-ba8f-cb9e884a3799,42,ely_y2569_id_9357a2c1-a153-48b7-8785-2e64e995cd56,36075,41.40935283179136,1,151047,87118,5825
2569,pv_27_z_3,pv_27,,,3,ely_y2569_id_2d8a1c84-0bc8-4377-965d-c020a0097c27,2d8a1c84-0bc8-4377-965d-c020a0097c27,9,ely_y2569_id_ebc66ecf-ddfb-494f-babe-a23e85535c04,31397,36.039624417456785,2,151047,87118,5825
2569,pv_27_z_3,pv_27,,,3,ely_y2569_id_1116011c-1ef3-4cca-a186-c1b9f7984ede,1116011c-1ef3-4cca-a186-c1b9f7984ede,46,ely_y2569_id_71833fe4-c4d2-47e6-af9f-471d77c673d5,12831,14.728299547739848,3,151047,87118,5825
2569,pv_27_z_3,pv_27,,,3,ely_y2569_id_0c044088-618b-49af-a291-fb28ffe9e0f8,0c044088-618b-49af-a291-fb28ffe9e0f8,11,ely_y2569_id_3b661edc-e966-4832-9fd7-732e7a4f6c50,2215,2.542528524529948,4,151047,87118,5825
2569,pv_27_z_3,pv_27,,,3,ely_y2569_id_013c219e-e197-416d-84ea-00ba9c35465e,013c219e-e197-416d-84ea-00ba9c35465e,37,ely_y2569_id_e48d063f-da1e-43df-9c6c-2f77424c8f67,2158,2.477100025253105,5,151047,87118,5825
2569,pv_27_z_3,pv_27,,,3,ely_y2569_id_d7155f6d-736d-42c0-8bc0-00ee6e1970dc,d7155f6d-736d-42c0-8bc0-00ee6e1970dc,27,ely_y2569_id_3cd13a1b-fc7f-410b-b44f-aa93ae5ee359,1772,2.0340228196239583,6,151047,87118,5825
2569,pv_27_z_3,pv_27,,,3,ely_y2569_id_965b4b93-c01e-4a2b-a987-577f2b99ebb4,965b4b93-c01e-4a2b-a987-577f2b99ebb4,49,ely_y2569_id_c9c7f535-ea48-49e3-9dff-2744e6780b90,438,0.5027663628641612,7,151047,87118,5825
2569,pv_27_z_3,pv_27,,,3,ely_y2569_id_d1964fe3-2dd0-43d5-a190-77fbfaf586b2,,8,ely_y2569_id_fab63202-b65f-405d-b401-5fc2fbca6161,232,0.26630547074083427,8,151047,87118,5825
2569,pv_22_z_3,pv_22,,,3,ely_y2569_id_013c219e-e197-416d-84ea-00ba9c35465e,013c219e-e197-416d-84ea-00ba9c35465e,37,ely_y2569_id_9392fe89-4405-4b69-b585-a681b3e8fc22,30286,34.77591888757478,1,142287,87089,5477
2569,pv_22_z_3,pv_22,,,3,ely_y2569_id_03347cbc-6089-474c-a3f6-484ae981c9a6,03347cbc-6089-474c-a3f6-484ae981c9a6,43,ely_y2569_id_a197cc12-f23b-4c3e-b7d6-bfe0f84db81e,25697,29.506596699927663,2,142287,87089,5477
2569,pv_22_z_3,pv_22,,,3,ely_y2569_id_1116011c-1ef3-4cca-a186-c1b9f7984ede,1116011c-1ef3-4cca-a186-c1b9f7984ede,46,ely_y2569_id_2ac9479b-6756-4839-b437-f7755735a523,19604,22.510305549495342,3,142287,87089,5477
2569,pv_22_z_3,pv_22,,,3,ely_y2569_id_2d8a1c84-0bc8-4377-965d-c020a0097c27,2d8a1c84-0bc8-4377-965d-c020a0097c27,9,ely_y2569_id_c4ca76e5-3c6f-47b5-98c0-8be202d72fc6,3944,4.528700524750542,4,142287,87089,5477
2569,pv_22_z_3,pv_22,,,3,ely_y2569_id_a62aca08-91b7-4f3f-ba8f-cb9e884a3799,a62aca08-91b7-4f3f-ba8f-cb9e884a3799,42,ely_y2569_id_6c7daf0b-da11-4ae7-972a-248c34616139,2801,3.2162500430593988,5,142287,87089,5477
2569,pv_22_z_3,pv_22,,,3,ely_y2569_id_d7155f6d-736d-42c0-8bc0-00ee6e1970dc,d7155f6d-736d-42c0-8bc0-00ee6e1970dc,27,ely_y2569_id_7d88740b-589c-4b52-8222-f0e720ca5e8b,2763,3.172616518733709,6,142287,87089,5477
2569,pv_22_z_3,pv_22,,,3,ely_y2569_id_54706125-9661-467d-a8af-78994d14b116,54706125-9661-467d-a8af-78994d14b116,35,ely_y2569_id_fa75c2cf-ea6d-4d9d-8c8b-400e81c5edfd,944,1.0839486043013469,7,142287,87089,5477
2569,pv_22_z_3,pv_22,,,3,ely_y2569_id_965b4b93-c01e-4a2b-a987-577f2b99ebb4,965b4b93-c01e-4a2b-a987-577f2b99ebb4,49,ely_y2569_id_8e8084bd-5cd8-4961-9722-3b99963ca034,815,0.9358242717220315,8,142287,87089,5477
2569,pv_22_z_3,pv_22,,,3,ely_y2569_id_339fa187-133c-4766-a6c2-36d1b32cda8f,339fa187-133c-4766-a6c2-36d1b32cda8f,23,ely_y2569_id_a0f2c0d4-0aa1-4d2c-8f9c-6230feafc827,235,0.269838900435187,9,142287,87089,5477
2569,pv_84_z_4,pv_84,,,4,ely_y2569_id_d7155f6d-736d-42c0-8bc0-00ee6e1970dc,d7155f6d-736d-42c0-8bc0-00ee6e1970dc,27,ely_y2569_id_099c8a33-3f10-4a04-8abe-d839022e735d,40589,46.622405495124,1,123380,87059,2676
2569,pv_84_z_4,pv_84,,,4,ely_y2569_id_013c219e-e197-416d-84ea-00ba9c35465e,013c219e-e197-416d-84ea-00ba9c35465e,37,ely_y2569_id_ceb6a009-d6a2-4893-a8bc-91d03743c35b,26407,30.33230338046612,2,123380,87059,2676
2569,pv_84_z_4,pv_84,,,4,ely_y2569_id_e3ad415e-cb0c-4922-adb3-4624e857d801,,21,ely_y2569_id_c13283fe-a39a-4a6d-9a76-2ad08b6476b2,11952,13.728620820363203,3,123380,87059,2676
2569,pv_84_z_4,pv_84,,,4,ely_y2569_id_1116011c-1ef3-4cca-a186-c1b9f7984ede,1116011c-1ef3-4cca-a186-c1b9f7984ede,46,ely_y2569_id_0cc9a38f-afbc-43a6-beb4-57508548b9fc,6976,8.012956730493114,4,123380,87059,2676
2569,pv_84_z_4,pv_84,,,4,ely_y2569_id_115da917-bf32-4e96-a2ae-b7818d0909ee,115da917-bf32-4e96-a2ae-b7818d0909ee,6,ely_y2569_id_897d3dfc-9e57-43af-b4d6-e7f1ca95f1a4,494,0.5674312822338874,5,123380,87059,2676
2569,pv_84_z_4,pv_84,,,4,ely_y2569_id_2d8a1c84-0bc8-4377-965d-c020a0097c27,2d8a1c84-0bc8-4377-965d-c020a0097c27,9,ely_y2569_id_e4fbb462-6dab-4e62-b3f6-0c341a9bff58,463,0.5318232463042305,6,123380,87059,2676
2569,pv_84_z_4,pv_84,,,4,ely_y2569_id_03347cbc-6089-474c-a3f6-484ae981c9a6,03347cbc-6089-474c-a3f6-484ae981c9a6,43,ely_y2569_id_f33c5c4a-c183-49b2-a8b4-46d5aea26a12,178,0.2044590450154493,7,123380,87059,2676
2569,pv_86_z_3,pv_86,,,3,ely_y2569_id_013c219e-e197-416d-84ea-00ba9c35465e,013c219e-e197-416d-84ea-00ba9c35465e,37,ely_y2569_id_d2d567d3-97de-4e0b-b7be-af9dbc5637ca,39753,45.70676294064893,1,135755,88446,3062
2569,pv_86_z_3,pv_86,,,3,ely_y2569_id_d7155f6d-736d-42c0-8bc0-00ee6e1970dc,d7155f6d-736d-42c0-8bc0-00ee6e1970dc,27,ely_y2569_id_40ea7f89-0909-4abb-abeb-b85ced891b8e,26755,30.76206682456826,2,135755,88446,3062
2569,pv_86_z_3,pv_86,,,3,ely_y2569_id_2ee17641-917b-4ea0-8c19-da383e03e915,2ee17641-917b-4ea0-8c19-da383e03e915,44,ely_y2569_id_b9936e86-ce43-45c5-85e3-8ba21599a788,9972,11.46549543541748,3,135755,88446,3062
2569,pv_86_z_3,pv_86,,,3,ely_y2569_id_1116011c-1ef3-4cca-a186-c1b9f7984ede,1116011c-1ef3-4cca-a186-c1b9f7984ede,46,ely_y2569_id_644a5cba-deb1-4dcd-8a85-592cade307d7,8677,9.976544714512384,4,135755,88446,3062
2569,pv_86_z_3,pv_86,,,3,ely_y2569_id_2d8a1c84-0bc8-4377-965d-c020a0097c27,2d8a1c84-0bc8-4377-965d-c020a0097c27,9,ely_y2569_id_63894cf6-3fc9-4e27-a22c-da309e88bc44,971,1.1164255984547107,5,135755,88446,3062
2569,pv_86_z_3,pv_86,,,3,ely_y2569_id_0c044088-618b-49af-a291-fb28ffe9e0f8,0c044088-618b-49af-a291-fb28ffe9e0f8,11,ely_y2569_id_7f5e5aac-7c04-48ea-a96c-3fd130438a54,846,0.9727044863982339,6,135755,88446,3062
2569,pv_10_z_5,pv_10,,,5,ely_y2569_id_1116011c-1ef3-4cca-a186-c1b9f7984ede,1116011c-1ef3-4cca-a186-c1b9f7984ede,46,ely_y2569_id_db8ce7ea-49fc-4dc4-85d2-387b39a12ea0,43394,50.066918958833305,1,134016,88341,1372
2569,pv_10_z_5,pv_10,,,5,ely_y2569_id_013c219e-e197-416d-84ea-00ba9c35465e,013c219e-e197-416d-84ea-00ba9c35465e,37,ely_y2569_id_17449a8e-741d-4ad8-9870-17c8431ac0ca,21113,24.359654790474433,2,134016,88341,1372
2569,pv_10_z_5,pv_10,,,5,ely_y2569_id_d7155f6d-736d-42c0-8bc0-00ee6e1970dc,d7155f6d-736d-42c0-8bc0-00ee6e1970dc,27,ely_y2569_id_2daa71bc-21dc-4676-b9a9-3f82209b6e17,9578,11.05085840871331,3,134016,88341,1372
2569,pv_10_z_5,pv_10,,,5,ely_y2569_id_2d8a1c84-0bc8-4377-965d-c020a0097c27,2d8a1c84-0bc8-4377-965d-c020a0097c27,9,ely_y2569_id_401a7b03-03f6-401d-8ef3-e595820d3e4b,6098,7.035720878715155,4,134016,88341,1372
2569,pv_10_z_5,pv_10,,,5,ely_y2569_id_115da917-bf32-4e96-a2ae-b7818d0909ee,115da917-bf32-4e96-a2ae-b7818d0909ee,6,ely_y2569_id_e0ed80b0-e47a-4d93-9826-38fd5dbeb2b8,1664,1.9198818534244049,5,134016,88341,1372
2569,pv_10_z_5,pv_10,,,5,ely_y2569_id_a62aca08-91b7-4f3f-ba8f-cb9e884a3799,a62aca08-91b7-4f3f-ba8f-cb9e884a3799,42,ely_y2569_id_1411e7f7-f717-4282-86a3-694382a664c2,1008,1.1630053535167066,6,134016,88341,1372
2569,pv_10_z_5,pv_10,,,5,ely_y2569_id_0c044088-618b-49af-a291-fb28ffe9e0f8,0c044088-618b-49af-a291-fb28ffe9e0f8,11,ely_y2569_id_36401578-e190-49ad-8404-f0005ab61726,952,1.098393944988001,7,134016,88341,1372
2569,pv_10_z_5,pv_10,,,5,ely_y2569_id_54706125-9661-467d-a8af-78994d14b116,54706125-9661-467d-a8af-78994d14b116,35,ely_y2569_id_e5db20d8-c0bd-4832-b025-d47caf4eed5e,540,0.6230385822410928,8,134016,88341,1372
2569,pv_10_z_5,pv_10,,,5,ely_y2569_id_965b4b93-c01e-4a2b-a987-577f2b99ebb4,965b4b93-c01e-4a2b-a987-577f2b99ebb4,49,ely_y2569_id_f09a9406-5772-422c-ae19-0b5584ec704d,499,0.5757338009968617,9,134016,88341,1372
2569,pv_10_z_5,pv_10,,,5,ely_y2569_id_cb1b6cf2-41fa-49b1-a060-01acf13edc81,cb1b6cf2-41fa-49b1-a060-01acf13edc81,48,ely_y2569_id_b7b7239d-5485-416c-91b1-f9e6a8832f28,493,0.5688111500830718,10,134016,88341,1372
2569,pv_10_z_5,pv_10,,,5,ely_y2569_id_339fa187-133c-4766-a6c2-36d1b32cda8f,339fa187-133c-4766-a6c2-36d1b32cda8f,23,ely_y2569_id_6c84dec2-e7d0-4449-b154-271df6f28786,398,0.4592025106147314,11,134016,88341,1372
2569,pv_10_z_5,pv_10,,,5,ely_y2569_id_bd8d9f14-f757-41fb-8f37-d6128d9d012d,bd8d9f14-f757-41fb-8f37-d6128d9d012d,7,ely_y2569_id_51e8edc5-dd71-425b-972a-3094debf4df3,232,0.26767583533321027,12,134016,88341,1372
2569,pv_10_z_5,pv_10,,,5,ely_y2569_id_03347cbc-6089-474c-a3f6-484ae981c9a6,03347cbc-6089-474c-a3f6-484ae981c9a6,43,ely_y2569_id_e4558bd5-c755-4302-b27b-f2b8a8f86c57,227,0.26190695957171867,13,134016,88341,1372
2569,pv_10_z_5,pv_10,,,5,ely_y2569_id_2ee17641-917b-4ea0-8c19-da383e03e915,2ee17641-917b-4ea0-8c19-da383e03e915,44,ely_y2569_id_c3f45d50-5a84-4bd2-abae-f24a496471ed,214,0.2469078825918405,14,134016,88341,1372
2569,pv_10_z_5,pv_10,,,5,ely_y2569_id_c126e4e4-be85-44e6-bf3e-f9331b9f91a9,c126e4e4-be85-44e6-bf3e-f9331b9f91a9,24,ely_y2569_id_b2c5636f-d59d-40e8-b970-2dfb890fd2ee,152,0.17537382314934466,15,134016,88341,1372
2569,pv_10_z_5,pv_10,,,5,ely_y2569_id_7255d2d0-1f49-4fd8-adad-7acfea2d5126,7255d2d0-1f49-4fd8-adad-7acfea2d5126,56,ely_y2569_id_b247ed8b-42ec-45cb-91bb-560f20621576,110,0.1269152667528152,16,134016,88341,1372
2569,pv_72_z_1,pv_72,,,1,ely_y2569_id_013c219e-e197-416d-84ea-00ba9c35465e,013c219e-e197-416d-84ea-00ba9c35465e,37,ely_y2569_id_03895548-8d72-43d9-96d5-bb2de7855477,59148,68.34600540777889,1,135381,86542,4598
2569,pv_72_z_1,pv_72,,,1,ely_y2569_id_1116011c-1ef3-4cca-a186-c1b9f7984ede,1116011c-1ef3-4cca-a186-c1b9f7984ede,46,ely_y2569_id_9338d1e1-4510-4c8c-a5d8-e31a7d816958,20262,23.412909338818146,2,135381,86542,4598
2569,pv_72_z_1,pv_72,,,1,ely_y2569_id_2d8a1c84-0bc8-4377-965d-c020a0097c27,2d8a1c84-0bc8-4377-965d-c020a0097c27,9,ely_y2569_id_ecd4e6c0-b410-4d67-9457-61694dd7e701,3719,4.29733539784151,3,135381,86542,4598
2569,pv_72_z_1,pv_72,,,1,ely_y2569_id_d7155f6d-736d-42c0-8bc0-00ee6e1970dc,d7155f6d-736d-42c0-8bc0-00ee6e1970dc,27,ely_y2569_id_b5640358-7d7e-4c22-b7ac-9361a72f130e,1069,1.235238381363962,4,135381,86542,4598
2569,pv_72_z_1,pv_72,,,1,ely_y2569_id_a62aca08-91b7-4f3f-ba8f-cb9e884a3799,a62aca08-91b7-4f3f-ba8f-cb9e884a3799,42,ely_y2569_id_1e0f0461-ef04-476a-a6cd-bf3eaf17c2ec,692,0.7996117492084768,5,135381,86542,4598
2569,pv_72_z_1,pv_72,,,1,ely_y2569_id_bd8d9f14-f757-41fb-8f37-d6128d9d012d,bd8d9f14-f757-41fb-8f37-d6128d9d012d,7,ely_y2569_id_2c53fdb3-afc9-497e-9450-2df2422da2be,456,0.5269117884957593,6,135381,86542,4598
2569,pv_72_z_1,pv_72,,,1,ely_y2569_id_f9cadd57-8256-49aa-9386-0da392b19fc2,f9cadd57-8256-49aa-9386-0da392b19fc2,29,ely_y2569_id_f15bafc2-0092-476b-90c9-26eadee4d6aa,441,0.5095791638741883,7,135381,86542,4598
2569,pv_72_z_1,pv_72,,,1,ely_y2569_id_cb1b6cf2-41fa-49b1-a060-01acf13edc81,cb1b6cf2-41fa-49b1-a060-01acf13edc81,48,ely_y2569_id_b7f16ecf-f138-4a1f-a0d5-08005d2a3202,411,0.4749139146310462,8,135381,86542,4598
2569,pv_72_z_1,pv_72,,,1,ely_y2569_id_03347cbc-6089-474c-a3f6-484ae981c9a6,03347cbc-6089-474c-a3f6-484ae981c9a6,43,ely_y2569_id_1365a14d-a4dd-45ab-9388-5d675868e196,344,0.39749485798802897,9,135381,86542,4598
2569,pv_12_z_7,pv_12,,,7,ely_y2569_id_1116011c-1ef3-4cca-a186-c1b9f7984ede,1116011c-1ef3-4cca-a186-c1b9f7984ede,46,ely_y2569_id_48e71677-50c6-4c85-8427-1544532e4728,37481,43.32763045337896,1,142478,88525,2480
2569,pv_12_z_7,pv_12,,,7,ely_y2569_id_a62aca08-91b7-4f3f-ba8f-cb9e884a3799,a62aca08-91b7-4f3f-ba8f-cb9e884a3799,42,ely_y2569_id_ae24ca5c-d439-4740-a697-019966bc638d,17660,20.41476891776293,2,142478,88525,2480
2569,pv_12_z_7,pv_12,,,7,ely_y2569_id_013c219e-e197-416d-84ea-00ba9c35465e,013c219e-e197-416d-84ea-00ba9c35465e,37,ely_y2569_id_311b56ea-369c-4cae-acaa-e36dd143be6a,12229,14.136591681501862,3,142478,88525,2480
2569,pv_12_z_7,pv_12,,,7,ely_y2569_id_2d8a1c84-0bc8-4377-965d-c020a0097c27,2d8a1c84-0bc8-4377-965d-c020a0097c27,9,ely_y2569_id_05122e22-09fa-46c5-b634-dfaa65b22ff2,9293,10.742607449194276,4,142478,88525,2480
2569,pv_12_z_7,pv_12,,,7,ely_y2569_id_d7155f6d-736d-42c0-8bc0-00ee6e1970dc,d7155f6d-736d-42c0-8bc0-00ee6e1970dc,27,ely_y2569_id_18677ea8-1ae2-4445-b173-32d4502f4934,4538,5.24587889857351,5,142478,88525,2480
2569,pv_12_z_7,pv_12,,,7,ely_y2569_id_115da917-bf32-4e96-a2ae-b7818d0909ee,115da917-bf32-4e96-a2ae-b7818d0909ee,6,ely_y2569_id_0ec4288d-bea5-4593-8d8f-2c833bd4e745,2484,2.8714771229741287,6,142478,88525,2480
2569,pv_12_z_7,pv_12,,,7,ely_y2569_id_0c044088-618b-49af-a291-fb28ffe9e0f8,0c044088-618b-49af-a291-fb28ffe9e0f8,11,ely_y2569_id_f98a9f7e-4363-4599-911f-d8c49f0985f6,1511,1.7466996508912678,7,142478,88525,2480
2569,pv_12_z_7,pv_12,,,7,ely_y2569_id_bdd306a2-80c7-4d7b-a7ff-8dc1ec9fcc76,bdd306a2-80c7-4d7b-a7ff-8dc1ec9fcc76,10,ely_y2569_id_401da8fc-4b80-4705-a388-0efdecd5c5fe,888,1.0265183917878529,8,142478,88525,2480
2569,pv_12_z_7,pv_12,,,7,ely_y2569_id_bd8d9f14-f757-41fb-8f37-d6128d9d012d,bd8d9f14-f757-41fb-8f37-d6128d9d012d,7,ely_y2569_id_0b6e6ce3-970b-460c-b288-717d8aa4e9fd,422,0.4878274339352184,9,142478,88525,2480
2569,pv_80_z_1,pv_80,,,1,ely_y2569_id_d7155f6d-736d-42c0-8bc0-00ee6e1970dc,d7155f6d-736d-42c0-8bc0-00ee6e1970dc,27,ely_y2569_id_2479e707-d166-42a6-a972-7fe546fb11cc,37124,42.93429863416101,1,132977,88823,3015
2569,pv_80_z_1,pv_80,,,1,ely_y2569_id_013c219e-e197-416d-84ea-00ba9c35465e,013c219e-e197-416d-84ea-00ba9c35465e,37,ely_y2569_id_987e4d77-54fe-4042-a1a5-e30689d8cd76,28132,32.53495553216834,2,132977,88823,3015
2569,pv_80_z_1,pv_80,,,1,ely_y2569_id_1116011c-1ef3-4cca-a186-c1b9f7984ede,1116011c-1ef3-4cca-a186-c1b9f7984ede,46,ely_y2569_id_ca08ae18-f40c-4e55-a4a0-ba05df50a358,17377,20.09668428417778,3,132977,88823,3015
2569,pv_80_z_1,pv_80,,,1,ely_y2569_id_2d8a1c84-0bc8-4377-965d-c020a0097c27,2d8a1c84-0bc8-4377-965d-c020a0097c27,9,ely_y2569_id_3ac0cc84-d989-417b-967e-e2ca6c27c75a,1521,1.7590525865359037,4,132977,88823,3015
2569,pv_80_z_1,pv_80,,,1,ely_y2569_id_f9cadd57-8256-49aa-9386-0da392b19fc2,f9cadd57-8256-49aa-9386-0da392b19fc2,29,ely_y2569_id_7f02c28b-d76d-47a0-b4fc-337e7ae23aba,1269,1.4676119213110204,5,132977,88823,3015
2569,pv_80_z_1,pv_80,,,1,ely_y2569_id_03347cbc-6089-474c-a3f6-484ae981c9a6,03347cbc-6089-474c-a3f6-484ae981c9a6,43,ely_y2569_id_11ba222b-f163-4461-9922-c9deb7021ecb,1044,1.2073970416459459,6,132977,88823,3015
2569,pv_90_z_5,pv_90,,,5,ely_y2569_id_a62aca08-91b7-4f3f-ba8f-cb9e884a3799,a62aca08-91b7-4f3f-ba8f-cb9e884a3799,42,ely_y2569_id_2f081e31-6790-44fa-ac66-18c366d55591,48514,56.158262721674305,1,129751,89789,3694
2569,pv_90_z_5,pv_90,,,5,ely_y2569_id_d7155f6d-736d-42c0-8bc0-00ee6e1970dc,d7155f6d-736d-42c0-8bc0-00ee6e1970dc,27,ely_y2569_id_646306fb-eb2b-47dd-809e-59d50df9bc00,23322,26.996805111821086,2,129751,89789,3694
2569,pv_90_z_5,pv_90,,,5,ely_y2569_id_1116011c-1ef3-4cca-a186-c1b9f7984ede,1116011c-1ef3-4cca-a186-c1b9f7984ede,46,ely_y2569_id_2ccd9db1-5d57-426b-803a-4b6088dbd9d0,9031,10.453998240496365,3,129751,89789,3694
2569,pv_90_z_5,pv_90,,,5,ely_y2569_id_013c219e-e197-416d-84ea-00ba9c35465e,013c219e-e197-416d-84ea-00ba9c35465e,37,ely_y2569_id_ee2d869a-2129-4f7c-b0d5-f90805e34f7b,2308,2.671667361207575,4,129751,89789,3694
2569,pv_90_z_5,pv_90,,,5,ely_y2569_id_2d8a1c84-0bc8-4377-965d-c020a0097c27,2d8a1c84-0bc8-4377-965d-c020a0097c27,9,ely_y2569_id_141335e3-5bf5-48f9-b0df-62918c723f5c,2013,2.33018474788165,5,129751,89789,3694
2569,pv_90_z_5,pv_90,,,5,ely_y2569_id_0c044088-618b-49af-a291-fb28ffe9e0f8,0c044088-618b-49af-a291-fb28ffe9e0f8,11,ely_y2569_id_e1c75f66-6377-4c6c-8c0a-f975e82591b8,1200,1.3890818169190164,6,129751,89789,3694
2569,pv_73_z_1,pv_73,,,1,ely_y2569_id_013c219e-e197-416d-84ea-00ba9c35465e,013c219e-e197-416d-84ea-00ba9c35465e,37,ely_y2569_id_59a5423a-d415-46d9-875a-effbb6925a3a,51585,59.719376237279896,1,129731,86379,3866
2569,pv_73_z_1,pv_73,,,1,ely_y2569_id_1116011c-1ef3-4cca-a186-c1b9f7984ede,1116011c-1ef3-4cca-a186-c1b9f7984ede,46,ely_y2569_id_8bc260ab-d84e-4aa3-b552-a2fa9b1dc938,25116,29.076511652137672,2,129731,86379,3866
2569,pv_73_z_1,pv_73,,,1,ely_y2569_id_2d8a1c84-0bc8-4377-965d-c020a0097c27,2d8a1c84-0bc8-4377-965d-c020a0097c27,9,ely_y2569_id_e03da988-ac05-4db7-bc81-3127d1ca73e3,3977,4.604128318225495,3,129731,86379,3866
2569,pv_73_z_1,pv_73,,,1,ely_y2569_id_d7155f6d-736d-42c0-8bc0-00ee6e1970dc,d7155f6d-736d-42c0-8bc0-00ee6e1970dc,27,ely_y2569_id_eed345e8-6d59-47dd-afc9-73b31e91f4d8,1521,1.7608446497412567,4,129731,86379,3866
2569,pv_73_z_1,pv_73,,,1,ely_y2569_id_0c044088-618b-49af-a291-fb28ffe9e0f8,0c044088-618b-49af-a291-fb28ffe9e0f8,11,ely_y2569_id_40c7ed90-a849-45fc-bff5-0364ac9034d1,1505,1.7423216290996655,5,129731,86379,3866
2569,pv_73_z_1,pv_73,,,1,ely_y2569_id_115da917-bf32-4e96-a2ae-b7818d0909ee,115da917-bf32-4e96-a2ae-b7818d0909ee,6,ely_y2569_id_1c1d93b2-efcf-4c38-ab1a-32a2577f573b,1325,1.5339376468817654,6,129731,86379,3866
2569,pv_73_z_1,pv_73,,,1,ely_y2569_id_a62aca08-91b7-4f3f-ba8f-cb9e884a3799,a62aca08-91b7-4f3f-ba8f-cb9e884a3799,42,ely_y2569_id_9668f535-76b8-4b84-a3cc-449d055208fb,963,1.114854304865766,7,129731,86379,3866
2569,pv_73_z_1,pv_73,,,1,ely_y2569_id_bd8d9f14-f757-41fb-8f37-d6128d9d012d,bd8d9f14-f757-41fb-8f37-d6128d9d012d,7,ely_y2569_id_675bf9f4-17a4-4d16-9dd7-cfee68fae5a8,387,0.44802556176848535,8,129731,86379,3866
2569,pv_57_z_1,pv_57,,,1,ely_y2569_id_2d8a1c84-0bc8-4377-965d-c020a0097c27,2d8a1c84-0bc8-4377-965d-c020a0097c27,9,ely_y2569_id_70f8ea7c-f993-4c1a-9f32-11292bc9d013,40692,47.16928640979274,1,141662,87216,4000
2569,pv_57_z_1,pv_57,,,1,ely_y2569_id_1116011c-1ef3-4cca-a186-c1b9f7984ede,1116011c-1ef3-4cca-a186-c1b9f7984ede,46,ely_y2569_id_9a5d949e-b85b-4077-ab1d-28900a2c7b9c,31072,36.0179904483702,2,141662,87216,4000
2569,pv_57_z_1,pv_57,,,1,ely_y2569_id_a62aca08-91b7-4f3f-ba8f-cb9e884a3799,a62aca08-91b7-4f3f-ba8f-cb9e884a3799,42,ely_y2569_id_75d7d333-2373-4fda-a38c-1a1083c85867,7634,8.849167709927205,3,141662,87216,4000
2569,pv_57_z_1,pv_57,,,1,ely_y2569_id_013c219e-e197-416d-84ea-00ba9c35465e,013c219e-e197-416d-84ea-00ba9c35465e,37,ely_y2569_id_6256999f-c812-4f1f-9fa2-b171ebeee103,2928,3.39407428015023,4,141662,87216,4000
2569,pv_57_z_1,pv_57,,,1,ely_y2569_id_bd8d9f14-f757-41fb-8f37-d6128d9d012d,bd8d9f14-f757-41fb-8f37-d6128d9d012d,7,ely_y2569_id_d0fd640c-8294-4359-8ef4-4c1f82a5b977,1224,1.4188343302267352,5,141662,87216,4000
2569,pv_57_z_1,pv_57,,,1,ely_y2569_id_115da917-bf32-4e96-a2ae-b7818d0909ee,115da917-bf32-4e96-a2ae-b7818d0909ee,6,ely_y2569_id_fba80a8c-c481-4561-89cb-798e000a9be6,1175,1.362034589882691,6,141662,87216,4000
2569,pv_57_z_1,pv_57,,,1,ely_y2569_id_d7155f6d-736d-42c0-8bc0-00ee6e1970dc,d7155f6d-736d-42c0-8bc0-00ee6e1970dc,27,ely_y2569_id_e9f9bfc7-9e70-412e-ada5-cf9761a8f5be,870,1.0084851857003756,7,141662,87216,4000
2569,pv_57_z_1,pv_57,,,1,ely_y2569_id_2ee17641-917b-4ea0-8c19-da383e03e915,2ee17641-917b-4ea0-8c19-da383e03e915,44,ely_y2569_id_0590bdcf-5cd4-41e2-b6b2-15fb6868df71,471,0.5459730143274447,8,141662,87216,4000
2569,pv_57_z_1,pv_57,,,1,ely_y2569_id_339fa187-133c-4766-a6c2-36d1b32cda8f,339fa187-133c-4766-a6c2-36d1b32cda8f,23,ely_y2569_id_c89babc4-be4e-49bb-bbc9-17ee887d5bd6,202,0.23415403162238604,9,141662,87216,4000
2569,pv_10_z_8,pv_10,,,8,ely_y2569_id_1116011c-1ef3-4cca-a186-c1b9f7984ede,1116011c-1ef3-4cca-a186-c1b9f7984ede,46,ely_y2569_id_3c9a835c-5c1c-4b9d-822f-2e65c63585ae,39081,45.339164936134665,1,144067,88593,1576
2569,pv_10_z_8,pv_10,,,8,ely_y2569_id_2d8a1c84-0bc8-4377-965d-c020a0097c27,2d8a1c84-0bc8-4377-965d-c020a0097c27,9,ely_y2569_id_18f90387-c855-437e-a155-2d3bac640c90,14919,17.30802696149518,2,144067,88593,1576
2569,pv_10_z_8,pv_10,,,8,ely_y2569_id_013c219e-e197-416d-84ea-00ba9c35465e,013c219e-e197-416d-84ea-00ba9c35465e,37,ely_y2569_id_3be6892b-02f8-4945-83a2-5207c94f9223,13196,15.309117486687471,3,144067,88593,1576
2569,pv_10_z_8,pv_10,,,8,ely_y2569_id_d7155f6d-736d-42c0-8bc0-00ee6e1970dc,d7155f6d-736d-42c0-8bc0-00ee6e1970dc,27,ely_y2569_id_f10675f3-974d-4b9c-8855-1ca23174a943,10205,11.839159135468751,4,144067,88593,1576
2569,pv_10_z_8,pv_10,,,8,ely_y2569_id_115da917-bf32-4e96-a2ae-b7818d0909ee,115da917-bf32-4e96-a2ae-b7818d0909ee,6,ely_y2569_id_553508dd-98de-41e2-804a-17c07790fa49,2077,2.4095966216921703,5,144067,88593,1576
2569,pv_10_z_8,pv_10,,,8,ely_y2569_id_cb1b6cf2-41fa-49b1-a060-01acf13edc81,cb1b6cf2-41fa-49b1-a060-01acf13edc81,48,ely_y2569_id_72aae18b-de48-449d-9f4f-5be9e3e33344,1350,1.5661797974407463,6,144067,88593,1576
2569,pv_10_z_8,pv_10,,,8,ely_y2569_id_0c044088-618b-49af-a291-fb28ffe9e0f8,0c044088-618b-49af-a291-fb28ffe9e0f8,11,ely_y2569_id_5e5767f9-1f04-4709-988d-0515f9f2415c,1231,1.4281239486293027,7,144067,88593,1576
2569,pv_10_z_8,pv_10,,,8,ely_y2569_id_03347cbc-6089-474c-a3f6-484ae981c9a6,03347cbc-6089-474c-a3f6-484ae981c9a6,43,ely_y2569_id_8a9eb511-d7ea-4e97-93d2-166ea8196325,783,0.9083842825156329,8,144067,88593,1576
2569,pv_10_z_8,pv_10,,,8,ely_y2569_id_f9cadd57-8256-49aa-9386-0da392b19fc2,f9cadd57-8256-49aa-9386-0da392b19fc2,29,ely_y2569_id_1492e774-7891-4252-810a-29812f0a18dc,778,0.9025836165991856,9,144067,88593,1576
2569,pv_10_z_8,pv_10,,,8,ely_y2569_id_965b4b93-c01e-4a2b-a987-577f2b99ebb4,965b4b93-c01e-4a2b-a987-577f2b99ebb4,49,ely_y2569_id_4a92c102-8b70-4037-9731-d2ed2a7e1517,732,0.8492174901678713,10,144067,88593,1576
2569,pv_10_z_8,pv_10,,,8,ely_y2569_id_2ee17641-917b-4ea0-8c19-da383e03e915,2ee17641-917b-4ea0-8c19-da383e03e915,44,ely_y2569_id_0ec6c255-94c3-4a5a-a738-d2ef857e8a48,532,0.6171908535099829,11,144067,88593,1576
2569,pv_10_z_8,pv_10,,,8,ely_y2569_id_54706125-9661-467d-a8af-78994d14b116,54706125-9661-467d-a8af-78994d14b116,35,ely_y2569_id_fb0826d6-ed9b-4345-b464-e29d393a7aa5,417,0.48377553743169716,12,144067,88593,1576
2569,pv_10_z_8,pv_10,,,8,ely_y2569_id_a62aca08-91b7-4f3f-ba8f-cb9e884a3799,a62aca08-91b7-4f3f-ba8f-cb9e884a3799,42,ely_y2569_id_9d8078f2-e476-4a9e-bdfb-bbcaf92daa97,328,0.3805236841189369,13,144067,88593,1576
2569,pv_10_z_8,pv_10,,,8,ely_y2569_id_c126e4e4-be85-44e6-bf3e-f9331b9f91a9,c126e4e4-be85-44e6-bf3e-f9331b9f91a9,24,ely_y2569_id_2da7e33d-02de-476d-92cf-b68311fc2c40,196,0.22738610392473058,14,144067,88593,1576
2569,pv_10_z_8,pv_10,,,8,ely_y2569_id_339fa187-133c-4766-a6c2-36d1b32cda8f,339fa187-133c-4766-a6c2-36d1b32cda8f,23,ely_y2569_id_7a6ea9d5-c659-49cd-a99b-7f2a54503ea8,193,0.22390570437486224,15,144067,88593,1576
2569,pv_10_z_8,pv_10,,,8,ely_y2569_id_bd8d9f14-f757-41fb-8f37-d6128d9d012d,bd8d9f14-f757-41fb-8f37-d6128d9d012d,7,ely_y2569_id_98341ac6-21ca-4fa6-a955-008c1416ed91,179,0.20766383980881006,16,144067,88593,1576
2569,pv_12_z_1,pv_12,,,1,ely_y2569_id_1116011c-1ef3-4cca-a186-c1b9f7984ede,1116011c-1ef3-4cca-a186-c1b9f7984ede,46,ely_y2569_id_34e50785-891e-4991-ad65-d09c11d12083,38190,44.351279788172995,1,140032,88453,1795
2569,pv_12_z_1,pv_12,,,1,ely_y2569_id_013c219e-e197-416d-84ea-00ba9c35465e,013c219e-e197-416d-84ea-00ba9c35465e,37,ely_y2569_id_2708afdc-e02e-4fd4-b7da-b65f6313a281,18285,21.234960746968923,2,140032,88453,1795
2569,pv_12_z_1,pv_12,,,1,ely_y2569_id_2d8a1c84-0bc8-4377-965d-c020a0097c27,2d8a1c84-0bc8-4377-965d-c020a0097c27,9,ely_y2569_id_51a29612-c36d-406e-a182-b2997814fbf5,8975,10.422957216518789,3,140032,88453,1795
2569,pv_12_z_1,pv_12,,,1,ely_y2569_id_a62aca08-91b7-4f3f-ba8f-cb9e884a3799,a62aca08-91b7-4f3f-ba8f-cb9e884a3799,42,ely_y2569_id_3ca01f17-f222-4742-a4dd-c9dd5599e405,8218,9.543828680261997,4,140032,88453,1795
2569,pv_12_z_1,pv_12,,,1,ely_y2569_id_d7155f6d-736d-42c0-8bc0-00ee6e1970dc,d7155f6d-736d-42c0-8bc0-00ee6e1970dc,27,ely_y2569_id_9fd27dd9-e502-439b-8eea-d626b9bd96cf,6012,6.981929669717099,5,140032,88453,1795
2569,pv_12_z_1,pv_12,,,1,ely_y2569_id_0c044088-618b-49af-a291-fb28ffe9e0f8,0c044088-618b-49af-a291-fb28ffe9e0f8,11,ely_y2569_id_55aaa2af-5fba-4a08-91e5-5c02af060fc9,2030,2.3575045291958934,6,140032,88453,1795
2569,pv_12_z_1,pv_12,,,1,ely_y2569_id_115da917-bf32-4e96-a2ae-b7818d0909ee,115da917-bf32-4e96-a2ae-b7818d0909ee,6,ely_y2569_id_864f914f-19f8-46b0-b5c8-897b0594ae75,1850,2.1484647187253216,7,140032,88453,1795
2569,pv_12_z_1,pv_12,,,1,ely_y2569_id_bcdcd19b-d619-47dd-8535-fafb6bc6f4d8,bcdcd19b-d619-47dd-8535-fafb6bc6f4d8,12,ely_y2569_id_d9030b3b-45d4-4248-83a4-472446117560,1119,1.2995308217587216,8,140032,88453,1795
2569,pv_12_z_1,pv_12,,,1,ely_y2569_id_bd8d9f14-f757-41fb-8f37-d6128d9d012d,bd8d9f14-f757-41fb-8f37-d6128d9d012d,7,ely_y2569_id_136b0aae-b2f4-4f9f-abdd-2a1d9dc31f36,713,0.8280299159195429,9,140032,88453,1795
2569,pv_12_z_1,pv_12,,,1,ely_y2569_id_e89089ab-9e07-4933-ab7c-28f2e65bed81,e89089ab-9e07-4933-ab7c-28f2e65bed81,20,ely_y2569_id_4a21f0d8-14ff-4047-bcbf-cb197507de5b,374,0.43433827286663257,10,140032,88453,1795
2569,pv_12_z_1,pv_12,,,1,ely_y2569_id_03347cbc-6089-474c-a3f6-484ae981c9a6,03347cbc-6089-474c-a3f6-484ae981c9a6,43,ely_y2569_id_caef7179-df22-47b6-905a-5b501637724a,342,0.39717563989408644,11,140032,88453,1795
2569,pv_92_z_1,pv_92,,,1,ely_y2569_id_013c219e-e197-416d-84ea-00ba9c35465e,013c219e-e197-416d-84ea-00ba9c35465e,37,ely_y2569_id_3f910241-c57c-481f-861e-b528bbf981c8,33921,39.47469481328042,1,124216,88408,2440
2569,pv_92_z_1,pv_92,,,1,ely_y2569_id_d7155f6d-736d-42c0-8bc0-00ee6e1970dc,d7155f6d-736d-42c0-8bc0-00ee6e1970dc,27,ely_y2569_id_b4d44834-8a2f-45e6-bf20-92c8a1e1fad9,32523,37.84780812512364,2,124216,88408,2440
2569,pv_92_z_1,pv_92,,,1,ely_y2569_id_1116011c-1ef3-4cca-a186-c1b9f7984ede,1116011c-1ef3-4cca-a186-c1b9f7984ede,46,ely_y2569_id_665c3c80-1455-4e24-afc9-eaf8a246d190,15696,18.265817923682956,3,124216,88408,2440
2569,pv_92_z_1,pv_92,,,1,ely_y2569_id_115da917-bf32-4e96-a2ae-b7818d0909ee,115da917-bf32-4e96-a2ae-b7818d0909ee,6,ely_y2569_id_7e3aec14-a144-44e7-8b4b-acefbccb159b,1460,1.6990375999348315,4,124216,88408,2440
2569,pv_92_z_1,pv_92,,,1,ely_y2569_id_2d8a1c84-0bc8-4377-965d-c020a0097c27,2d8a1c84-0bc8-4377-965d-c020a0097c27,9,ely_y2569_id_2bdd512d-4b8c-4aa0-a7d5-d9b7bbe85582,1034,1.203291012556586,5,124216,88408,2440
2569,pv_92_z_1,pv_92,,,1,ely_y2569_id_965b4b93-c01e-4a2b-a987-577f2b99ebb4,965b4b93-c01e-4a2b-a987-577f2b99ebb4,49,ely_y2569_id_e5fd4575-37f8-4323-9387-97ae3775deba,793,0.9228334361289873,6,124216,88408,2440
2569,pv_92_z_1,pv_92,,,1,ely_y2569_id_eae55266-b74d-4322-869b-c3e5aa00701f,,39,ely_y2569_id_ee689f3f-0c4e-4878-bf29-80cef4f04c02,504,0.586517089292572,7,124216,88408,2440
2569,pv_30_z_15,pv_30,,,15,ely_y2569_id_2d8a1c84-0bc8-4377-965d-c020a0097c27,2d8a1c84-0bc8-4377-965d-c020a0097c27,9,ely_y2569_id_684b0c77-0041-4e4b-880a-00a4fbfed664,34252,39.910512456013606,1,138615,85822,5270
2569,pv_30_z_15,pv_30,,,15,ely_y2569_id_013c219e-e197-416d-84ea-00ba9c35465e,013c219e-e197-416d-84ea-00ba9c35465e,37,ely_y2569_id_f88cabdd-d10a-47bf-a904-5cb4d6f2cbd2,25057,29.196476427955538,2,138615,85822,5270
2569,pv_30_z_15,pv_30,,,15,ely_y2569_id_a62aca08-91b7-4f3f-ba8f-cb9e884a3799,a62aca08-91b7-4f3f-ba8f-cb9e884a3799,42,ely_y2569_id_afb039e2-7c26-4635-a0e3-a4c308d80c7b,14096,16.424692969168746,3,138615,85822,5270
2569,pv_30_z_15,pv_30,,,15,ely_y2569_id_1116011c-1ef3-4cca-a186-c1b9f7984ede,1116011c-1ef3-4cca-a186-c1b9f7984ede,46,ely_y2569_id_e344f5c8-b5d6-42c6-951f-19d51c611c46,10088,11.754561767378993,4,138615,85822,5270
2569,pv_30_z_15,pv_30,,,15,ely_y2569_id_0c044088-618b-49af-a291-fb28ffe9e0f8,0c044088-618b-49af-a291-fb28ffe9e0f8,11,ely_y2569_id_cc0295f6-451a-4614-bef5-857ee325c79a,1137,1.3248351238610145,5,138615,85822,5270
2569,pv_30_z_15,pv_30,,,15,ely_y2569_id_03347cbc-6089-474c-a3f6-484ae981c9a6,03347cbc-6089-474c-a3f6-484ae981c9a6,43,ely_y2569_id_97059b97-aa85-4c03-bb9e-75ba0830fe2a,472,0.5499755307496912,6,138615,85822,5270
2569,pv_30_z_15,pv_30,,,15,ely_y2569_id_d7155f6d-736d-42c0-8bc0-00ee6e1970dc,d7155f6d-736d-42c0-8bc0-00ee6e1970dc,27,ely_y2569_id_3ced9479-eeba-42ba-a21d-5153c35b1f8f,399,0.4649157558667941,7,138615,85822,5270
2569,pv_30_z_15,pv_30,,,15,ely_y2569_id_965b4b93-c01e-4a2b-a987-577f2b99ebb4,965b4b93-c01e-4a2b-a987-577f2b99ebb4,49,ely_y2569_id_8f120469-af6d-40f0-ad52-4ace4642c04a,231,0.269161753396565,8,138615,85822,5270
2569,pv_30_z_15,pv_30,,,15,ely_y2569_id_bdd306a2-80c7-4d7b-a7ff-8dc1ec9fcc76,bdd306a2-80c7-4d7b-a7ff-8dc1ec9fcc76,10,ely_y2569_id_04432fb3-2218-497f-ba17-107799c626b5,90,0.1048682156090513,9,138615,85822,5270
2569,pv_55_z_2,pv_55,,,2,ely_y2569_id_a62aca08-91b7-4f3f-ba8f-cb9e884a3799,a62aca08-91b7-4f3f-ba8f-cb9e884a3799,42,ely_y2569_id_63b1bcd0-a46d-437f-910a-d2a98bf3f85f,35904,41.86957738595018,1,129646,85752,3785
2569,pv_55_z_2,pv_55,,,2,ely_y2569_id_1116011c-1ef3-4cca-a186-c1b9f7984ede,1116011c-1ef3-4cca-a186-c1b9f7984ede,46,ely_y2569_id_c1249b40-8c4b-44eb-8120-a327ef7328b4,27409,31.963102901390055,2,129646,85752,3785
2569,pv_55_z_2,pv_55,,,2,ely_y2569_id_2d8a1c84-0bc8-4377-965d-c020a0097c27,2d8a1c84-0bc8-4377-965d-c020a0097c27,9,ely_y2569_id_2ce655a6-e1d0-4a69-90e1-408d9cde39ff,13573,15.82820225767329,3,129646,85752,3785
2569,pv_55_z_2,pv_55,,,2,ely_y2569_id_03347cbc-6089-474c-a3f6-484ae981c9a6,03347cbc-6089-474c-a3f6-484ae981c9a6,43,ely_y2569_id_184be803-95c0-461c-bda8-a59e85e677f8,2205,2.5713685978169605,4,129646,85752,3785
2569,pv_55_z_2,pv_55,,,2,ely_y2569_id_013c219e-e197-416d-84ea-00ba9c35465e,013c219e-e197-416d-84ea-00ba9c35465e,37,ely_y2569_id_26353ef7-76f5-496a-b433-c4137b3df8e8,1902,2.2180240694094597,5,129646,85752,3785
2569,pv_55_z_2,pv_55,,,2,ely_y2569_id_d7155f6d-736d-42c0-8bc0-00ee6e1970dc,d7155f6d-736d-42c0-8bc0-00ee6e1970dc,27,ely_y2569_id_bab7587b-60d7-42e9-ab2a-ec4118132be5,1642,1.9148241440432878,6,129646,85752,3785
2569,pv_55_z_2,pv_55,,,2,ely_y2569_id_0c044088-618b-49af-a291-fb28ffe9e0f8,0c044088-618b-49af-a291-fb28ffe9e0f8,11,ely_y2569_id_dda857ad-3f21-4882-bf1f-bb6beb386ad9,1592,1.8565164660882545,7,129646,85752,3785
2569,pv_55_z_2,pv_55,,,2,ely_y2569_id_339fa187-133c-4766-a6c2-36d1b32cda8f,339fa187-133c-4766-a6c2-36d1b32cda8f,23,ely_y2569_id_691aa6d9-0b72-4c12-83b3-d60bf399b793,883,1.029713592685885,8,129646,85752,3785
2569,pv_55_z_2,pv_55,,,2,ely_y2569_id_115da917-bf32-4e96-a2ae-b7818d0909ee,115da917-bf32-4e96-a2ae-b7818d0909ee,6,ely_y2569_id_958a5a31-8aeb-4c85-aab6-5f64450a6984,642,0.7486705849426252,9,129646,85752,3785
2569,pv_10_z_16,pv_10,,,16,ely_y2569_id_1116011c-1ef3-4cca-a186-c1b9f7984ede,1116011c-1ef3-4cca-a186-c1b9f7984ede,46,ely_y2569_id_87f3b7c3-576d-4600-bfa1-17380067ff0c,41727,48.66292698286821,1,138261,87701,1342
2569,pv_10_z_16,pv_10,,,16,ely_y2569_id_2d8a1c84-0bc8-4377-965d-c020a0097c27,2d8a1c84-0bc8-4377-965d-c020a0097c27,9,ely_y2569_id_8050e30b-a697-4526-bea0-1c1bfdb376a1,14124,16.47171329609199,2,138261,87701,1342
2569,pv_10_z_16,pv_10,,,16,ely_y2569_id_013c219e-e197-416d-84ea-00ba9c35465e,013c219e-e197-416d-84ea-00ba9c35465e,37,ely_y2569_id_d31adef7-c3a0-4593-807d-f3c99825d8bf,14104,16.44838886491656,3,138261,87701,1342
2569,pv_10_z_16,pv_10,,,16,ely_y2569_id_d7155f6d-736d-42c0-8bc0-00ee6e1970dc,d7155f6d-736d-42c0-8bc0-00ee6e1970dc,27,ely_y2569_id_a39fbd0a-2413-41e9-9fff-ca0a88a7635d,7651,8.922761146162548,4,138261,87701,1342
2569,pv_10_z_16,pv_10,,,16,ely_y2569_id_0c044088-618b-49af-a291-fb28ffe9e0f8,0c044088-618b-49af-a291-fb28ffe9e0f8,11,ely_y2569_id_b58dafbc-a302-4672-b666-a6b753651755,1511,1.7621607753040922,5,138261,87701,1342
2569,pv_10_z_16,pv_10,,,16,ely_y2569_id_115da917-bf32-4e96-a2ae-b7818d0909ee,115da917-bf32-4e96-a2ae-b7818d0909ee,6,ely_y2569_id_e151e565-1522-4bf2-996f-3005934d0e2d,1494,1.7423350088049727,6,138261,87701,1342
2569,pv_10_z_16,pv_10,,,16,ely_y2569_id_2ee17641-917b-4ea0-8c19-da383e03e915,2ee17641-917b-4ea0-8c19-da383e03e915,44,ely_y2569_id_1a302cd2-aad0-4837-bae4-90b0e5ec982e,1209,1.409961864555028,7,138261,87701,1342
2569,pv_10_z_16,pv_10,,,16,ely_y2569_id_965b4b93-c01e-4a2b-a987-577f2b99ebb4,965b4b93-c01e-4a2b-a987-577f2b99ebb4,49,ely_y2569_id_eb66be73-c31a-4da9-9e5f-b7108aca06c5,1004,1.1708864450068224,8,138261,87701,1342
2569,pv_10_z_16,pv_10,,,16,ely_y2569_id_a62aca08-91b7-4f3f-ba8f-cb9e884a3799,a62aca08-91b7-4f3f-ba8f-cb9e884a3799,42,ely_y2569_id_67e02a92-24f7-4111-b7de-a6ec0eee5228,743,0.8665026181673995,9,138261,87701,1342
2569,pv_10_z_16,pv_10,,,16,ely_y2569_id_cb1b6cf2-41fa-49b1-a060-01acf13edc81,cb1b6cf2-41fa-49b1-a060-01acf13edc81,48,ely_y2569_id_d90bcef3-e3e5-47f3-9453-c990d6da50e8,687,0.8011942108761821,10,138261,87701,1342
2569,pv_10_z_16,pv_10,,,16,ely_y2569_id_f9cadd57-8256-49aa-9386-0da392b19fc2,f9cadd57-8256-49aa-9386-0da392b19fc2,29,ely_y2569_id_b137fd3b-2287-43fc-a63d-e8f9c7befea3,559,0.6519178513534002,11,138261,87701,1342
2569,pv_10_z_16,pv_10,,,16,ely_y2569_id_03347cbc-6089-474c-a3f6-484ae981c9a6,03347cbc-6089-474c-a3f6-484ae981c9a6,43,ely_y2569_id_53cfa1f8-f0e6-47fd-868c-d9905d4a31e6,408,0.4758183959788681,12,138261,87701,1342
2569,pv_10_z_16,pv_10,,,16,ely_y2569_id_54706125-9661-467d-a8af-78994d14b116,54706125-9661-467d-a8af-78994d14b116,35,ely_y2569_id_5220e9dd-7bae-4b93-861e-e36391cfcd72,258,0.3008851621631078,13,138261,87701,1342
2569,pv_10_z_16,pv_10,,,16,ely_y2569_id_7255d2d0-1f49-4fd8-adad-7acfea2d5126,7255d2d0-1f49-4fd8-adad-7acfea2d5126,56,ely_y2569_id_05241c01-529e-4ca6-b1e6-d2d86e27a1d0,136,0.15860613199295603,14,138261,87701,1342
2569,pv_10_z_16,pv_10,,,16,ely_y2569_id_339fa187-133c-4766-a6c2-36d1b32cda8f,339fa187-133c-4766-a6c2-36d1b32cda8f,23,ely_y2569_id_2294c136-644c-4f84-b2ca-a446a46356d6,132,0.15394124575786908,15,138261,87701,1342
2569,pv_50_z_7,pv_50,,,7,ely_y2569_id_a62aca08-91b7-4f3f-ba8f-cb9e884a3799,a62aca08-91b7-4f3f-ba8f-cb9e884a3799,42,ely_y2569_id_c0d0a1df-448c-4e5f-b2bd-38e1cfd67005,31146,36.36469777814102,1,132908,85649,5719
2569,pv_50_z_7,pv_50,,,7,ely_y2569_id_1116011c-1ef3-4cca-a186-c1b9f7984ede,1116011c-1ef3-4cca-a186-c1b9f7984ede,46,ely_y2569_id_3275dd10-e434-4d73-b87f-0c6abf2248b5,19362,22.606218403016964,2,132908,85649,5719
2569,pv_50_z_7,pv_50,,,7,ely_y2569_id_2d8a1c84-0bc8-4377-965d-c020a0097c27,2d8a1c84-0bc8-4377-965d-c020a0097c27,9,ely_y2569_id_2a998da6-9453-40f3-a1fd-b86ea21aafdb,15160,17.7001482796063,3,132908,85649,5719
2569,pv_50_z_7,pv_50,,,7,ely_y2569_id_03347cbc-6089-474c-a3f6-484ae981c9a6,03347cbc-6089-474c-a3f6-484ae981c9a6,43,ely_y2569_id_637d9027-de7d-4826-ae6b-0adceb2e1b53,13270,15.493467524431109,4,132908,85649,5719
2569,pv_50_z_7,pv_50,,,7,ely_y2569_id_013c219e-e197-416d-84ea-00ba9c35465e,013c219e-e197-416d-84ea-00ba9c35465e,37,ely_y2569_id_63a42870-2199-4c69-be5c-1a1dabe69d44,3095,3.6135856810937663,5,132908,85649,5719
2569,pv_50_z_7,pv_50,,,7,ely_y2569_id_7ffe2115-72d1-4d71-9962-03ff61afc67c,,31,ely_y2569_id_951dcf31-2444-4bea-853f-eee6f2ab4b31,1183,1.3812186949059533,6,132908,85649,5719
2569,pv_50_z_7,pv_50,,,7,ely_y2569_id_30f1cea0-4fc2-4fcf-86f0-96000cf188b5,30f1cea0-4fc2-4fcf-86f0-96000cf188b5,22,ely_y2569_id_2c938d4a-5f8f-48b8-85db-79873a061719,946,1.104507933542715,7,132908,85649,5719
2569,pv_50_z_7,pv_50,,,7,ely_y2569_id_0c044088-618b-49af-a291-fb28ffe9e0f8,0c044088-618b-49af-a291-fb28ffe9e0f8,11,ely_y2569_id_ae596b5c-d9a6-418c-8a32-0f6566ba0236,861,1.0052656773575874,8,132908,85649,5719
2569,pv_50_z_7,pv_50,,,7,ely_y2569_id_d7155f6d-736d-42c0-8bc0-00ee6e1970dc,d7155f6d-736d-42c0-8bc0-00ee6e1970dc,27,ely_y2569_id_507c450f-4f32-45c8-8858-fdd4079356a6,626,0.7308900279045873,9,132908,85649,5719
2569,pv_81_z_1,pv_81,,,1,ely_y2569_id_013c219e-e197-416d-84ea-00ba9c35465e,013c219e-e197-416d-84ea-00ba9c35465e,37,ely_y2569_id_b9a28b6e-aa8e-4cee-aeea-42f8432ab22e,47972,56.03747357108647,1,128642,86827,3254
2569,pv_81_z_1,pv_81,,,1,ely_y2569_id_1116011c-1ef3-4cca-a186-c1b9f7984ede,1116011c-1ef3-4cca-a186-c1b9f7984ede,46,ely_y2569_id_e506c568-13b5-4227-b219-fadc7637ad97,19641,22.943217260270774,2,128642,86827,3254
2569,pv_81_z_1,pv_81,,,1,ely_y2569_id_d7155f6d-736d-42c0-8bc0-00ee6e1970dc,d7155f6d-736d-42c0-8bc0-00ee6e1970dc,27,ely_y2569_id_884158cc-bbe5-4ada-a459-6881a8d2204f,14591,17.044166948964453,3,128642,86827,3254
2569,pv_81_z_1,pv_81,,,1,ely_y2569_id_2d8a1c84-0bc8-4377-965d-c020a0097c27,2d8a1c84-0bc8-4377-965d-c020a0097c27,9,ely_y2569_id_175608bd-8f83-4711-9350-eac8f613b51d,2214,2.586237106778651,4,128642,86827,3254
2569,pv_81_z_1,pv_81,,,1,ely_y2569_id_0c044088-618b-49af-a291-fb28ffe9e0f8,0c044088-618b-49af-a291-fb28ffe9e0f8,11,ely_y2569_id_fe22d97e-a20f-497f-b604-26f27c7a7fce,815,0.9520249512306237,5,128642,86827,3254
2569,pv_81_z_1,pv_81,,,1,ely_y2569_id_03347cbc-6089-474c-a3f6-484ae981c9a6,03347cbc-6089-474c-a3f6-484ae981c9a6,43,ely_y2569_id_6a5cbd0e-c75c-4957-b9c7-dbd8134b6154,374,0.43688016166902244,6,128642,86827,3254
2569,pv_27_z_1,pv_27,,,1,ely_y2569_id_03347cbc-6089-474c-a3f6-484ae981c9a6,03347cbc-6089-474c-a3f6-484ae981c9a6,43,ely_y2569_id_8471b027-fefd-471c-9790-345f312ba060,53324,62.365792613038295,1,147502,85502,5716
2569,pv_27_z_1,pv_27,,,1,ely_y2569_id_1116011c-1ef3-4cca-a186-c1b9f7984ede,1116011c-1ef3-4cca-a186-c1b9f7984ede,46,ely_y2569_id_d1110ade-4320-442b-83e0-89e36535143e,18444,21.571425229819184,2,147502,85502,5716
2569,pv_27_z_1,pv_27,,,1,ely_y2569_id_965b4b93-c01e-4a2b-a987-577f2b99ebb4,965b4b93-c01e-4a2b-a987-577f2b99ebb4,49,ely_y2569_id_647041ce-7794-48d0-ae03-f0b9c2b7028f,2832,3.3122032233164136,3,147502,85502,5716
2569,pv_27_z_1,pv_27,,,1,ely_y2569_id_013c219e-e197-416d-84ea-00ba9c35465e,013c219e-e197-416d-84ea-00ba9c35465e,37,ely_y2569_id_0bfb5807-dd22-4469-8bba-6abe6ee1585f,2624,3.0689340600219874,4,147502,85502,5716
2569,pv_27_z_1,pv_27,,,1,ely_y2569_id_d7155f6d-736d-42c0-8bc0-00ee6e1970dc,d7155f6d-736d-42c0-8bc0-00ee6e1970dc,27,ely_y2569_id_92ac2d51-9f63-4932-a7ce-0d0fc1d9a1af,2603,3.0443732310355314,5,147502,85502,5716
2569,pv_27_z_1,pv_27,,,1,ely_y2569_id_2d8a1c84-0bc8-4377-965d-c020a0097c27,2d8a1c84-0bc8-4377-965d-c020a0097c27,9,ely_y2569_id_600292d9-694a-477f-b512-0588578f4f7a,2405,2.812799700591799,6,147502,85502,5716
2569,pv_27_z_1,pv_27,,,1,ely_y2569_id_0c044088-618b-49af-a291-fb28ffe9e0f8,0c044088-618b-49af-a291-fb28ffe9e0f8,11,ely_y2569_id_86c7f8f0-ca9b-48ef-aec3-e8687b26c9c3,2357,2.75666066290847,7,147502,85502,5716
2569,pv_27_z_1,pv_27,,,1,ely_y2569_id_a62aca08-91b7-4f3f-ba8f-cb9e884a3799,a62aca08-91b7-4f3f-ba8f-cb9e884a3799,42,ely_y2569_id_7d988890-8947-415e-a536-d6ae967020e5,706,0.8257116792589647,8,147502,85502,5716
2569,pv_27_z_1,pv_27,,,1,ely_y2569_id_d1964fe3-2dd0-43d5-a190-77fbfaf586b2,,8,ely_y2569_id_7b76a590-98ef-4218-a85e-f2a39d5f7da1,207,0.2420996000093565,9,147502,85502,5716
2569,pv_67_z_2,pv_67,,,2,ely_y2569_id_013c219e-e197-416d-84ea-00ba9c35465e,013c219e-e197-416d-84ea-00ba9c35465e,37,ely_y2569_id_7c579b9c-946d-40d4-affe-b934a43ce552,38334,44.84452867270303,1,131081,85482,5614
2569,pv_67_z_2,pv_67,,,2,ely_y2569_id_a62aca08-91b7-4f3f-ba8f-cb9e884a3799,a62aca08-91b7-4f3f-ba8f-cb9e884a3799,42,ely_y2569_id_2c898c21-527c-456f-b693-81ef756844bb,37339,43.680540932594,2,131081,85482,5614
2569,pv_67_z_2,pv_67,,,2,ely_y2569_id_1116011c-1ef3-4cca-a186-c1b9f7984ede,1116011c-1ef3-4cca-a186-c1b9f7984ede,46,ely_y2569_id_52c6ba9c-0339-4b8e-8683-32f3094e39de,7300,8.539809550548654,3,131081,85482,5614
2569,pv_67_z_2,pv_67,,,2,ely_y2569_id_2d8a1c84-0bc8-4377-965d-c020a0097c27,2d8a1c84-0bc8-4377-965d-c020a0097c27,9,ely_y2569_id_152697ca-c77a-452c-b56f-dfa03d52aa49,794,0.9288505182377578,4,131081,85482,5614
2569,pv_67_z_2,pv_67,,,2,ely_y2569_id_0c044088-618b-49af-a291-fb28ffe9e0f8,0c044088-618b-49af-a291-fb28ffe9e0f8,11,ely_y2569_id_13dcf789-5e68-4957-99cb-415bf73e0df4,583,0.6820149271191597,5,131081,85482,5614
2569,pv_67_z_2,pv_67,,,2,ely_y2569_id_d7155f6d-736d-42c0-8bc0-00ee6e1970dc,d7155f6d-736d-42c0-8bc0-00ee6e1970dc,27,ely_y2569_id_c025a530-cb86-43e6-b910-f64856429b88,509,0.5954469946889404,6,131081,85482,5614
2569,pv_67_z_2,pv_67,,,2,ely_y2569_id_339fa187-133c-4766-a6c2-36d1b32cda8f,339fa187-133c-4766-a6c2-36d1b32cda8f,23,ely_y2569_id_5ff36b87-71a5-4dec-bab3-135aa78ce1f0,278,0.32521466507568847,7,131081,85482,5614
2569,pv_67_z_2,pv_67,,,2,ely_y2569_id_03347cbc-6089-474c-a3f6-484ae981c9a6,03347cbc-6089-474c-a3f6-484ae981c9a6,43,ely_y2569_id_19d690e0-0bda-474f-84ab-95a08fe17345,193,0.22577852647340962,8,131081,85482,5614
2569,pv_67_z_2,pv_67,,,2,ely_y2569_id_bec5b9e5-11e6-4962-9188-94040fcf3bd1,bec5b9e5-11e6-4962-9188-94040fcf3bd1,53,ely_y2569_id_df86aafc-064c-41ef-95b2-2c28b013da7c,86,0.10060597552701155,9,131081,85482,5614
2569,pv_67_z_2,pv_67,,,2,ely_y2569_id_f7b4da92-1d4f-4f3f-ab31-25eb36d1a8ad,f7b4da92-1d4f-4f3f-ab31-25eb36d1a8ad,51,ely_y2569_id_28482bb2-061e-43be-ac40-a4810460660b,66,0.07720923703235769,10,131081,85482,5614
2569,pv_10_z_27,pv_10,,,27,ely_y2569_id_1116011c-1ef3-4cca-a186-c1b9f7984ede,1116011c-1ef3-4cca-a186-c1b9f7984ede,46,ely_y2569_id_e2ab259d-ab66-4fd1-809e-2add3f086036,40639,47.54712124580267,1,134519,86860,1721
2569,pv_10_z_27,pv_10,,,27,ely_y2569_id_2d8a1c84-0bc8-4377-965d-c020a0097c27,2d8a1c84-0bc8-4377-965d-c020a0097c27,9,ely_y2569_id_0f60fc6e-4ea0-4d8f-9a3a-ddf2b9dbcfa3,25765,30.14472745141627,2,134519,86860,1721
2569,pv_10_z_27,pv_10,,,27,ely_y2569_id_d7155f6d-736d-42c0-8bc0-00ee6e1970dc,d7155f6d-736d-42c0-8bc0-00ee6e1970dc,27,ely_y2569_id_42b225a3-348c-4535-a7d6-67fbc325b8b8,7007,8.198102280305601,3,134519,86860,1721
2569,pv_10_z_27,pv_10,,,27,ely_y2569_id_013c219e-e197-416d-84ea-00ba9c35465e,013c219e-e197-416d-84ea-00ba9c35465e,37,ely_y2569_id_7b03e89a-4d5a-4fe3-b385-a7d08df5bbf3,6189,7.2410525207380285,4,134519,86860,1721
2569,pv_10_z_27,pv_10,,,27,ely_y2569_id_115da917-bf32-4e96-a2ae-b7818d0909ee,115da917-bf32-4e96-a2ae-b7818d0909ee,6,ely_y2569_id_94a9edbf-2521-4cf8-a2d6-e176e0f926a5,2082,2.435913935720888,5,134519,86860,1721
2569,pv_10_z_27,pv_10,,,27,ely_y2569_id_0c044088-618b-49af-a291-fb28ffe9e0f8,0c044088-618b-49af-a291-fb28ffe9e0f8,11,ely_y2569_id_6ffb98a1-3907-40af-b331-db423674d54b,1337,1.5642732622760935,6,134519,86860,1721
2569,pv_10_z_27,pv_10,,,27,ely_y2569_id_339fa187-133c-4766-a6c2-36d1b32cda8f,339fa187-133c-4766-a6c2-36d1b32cda8f,23,ely_y2569_id_c01df33a-5d98-48be-bbfd-7bfa7e4fab7c,668,0.7815516373974799,7,134519,86860,1721
2569,pv_10_z_27,pv_10,,,27,ely_y2569_id_cb1b6cf2-41fa-49b1-a060-01acf13edc81,cb1b6cf2-41fa-49b1-a060-01acf13edc81,48,ely_y2569_id_c7343a4c-e5f0-4c22-aea1-0d57249d14e0,497,0.5814837781235741,8,134519,86860,1721
2569,pv_10_z_27,pv_10,,,27,ely_y2569_id_965b4b93-c01e-4a2b-a987-577f2b99ebb4,965b4b93-c01e-4a2b-a987-577f2b99ebb4,49,ely_y2569_id_01ed0d3b-377f-4ad5-8346-71b3afaa5410,467,0.5463841536895555,9,134519,86860,1721
2569,pv_10_z_27,pv_10,,,27,ely_y2569_id_a62aca08-91b7-4f3f-ba8f-cb9e884a3799,a62aca08-91b7-4f3f-ba8f-cb9e884a3799,42,ely_y2569_id_9e539fb7-f876-406e-82e3-681aff7a7442,364,0.4258754431327585,10,134519,86860,1721
2569,pv_10_z_27,pv_10,,,27,ely_y2569_id_2ee17641-917b-4ea0-8c19-da383e03e915,2ee17641-917b-4ea0-8c19-da383e03e915,44,ely_y2569_id_7365d4e5-d0d8-421f-adcc-e8fcba0b8ec2,293,0.34280633197224786,11,134519,86860,1721
2569,pv_10_z_27,pv_10,,,27,ely_y2569_id_7255d2d0-1f49-4fd8-adad-7acfea2d5126,7255d2d0-1f49-4fd8-adad-7acfea2d5126,56,ely_y2569_id_b243ffcc-ecbe-4f1c-962d-5c12d0c847d7,163,0.19070795942483415,12,134519,86860,1721
2569,pv_92_z_2,pv_92,,,2,ely_y2569_id_013c219e-e197-416d-84ea-00ba9c35465e,013c219e-e197-416d-84ea-00ba9c35465e,37,ely_y2569_id_73a67cf2-3f77-43a0-abe5-882544aac00a,39583,46.36151746916689,1,132487,86117,2790
2569,pv_92_z_2,pv_92,,,2,ely_y2569_id_d7155f6d-736d-42c0-8bc0-00ee6e1970dc,d7155f6d-736d-42c0-8bc0-00ee6e1970dc,27,ely_y2569_id_5784e797-2639-4b44-9487-b1b510a47d01,34765,40.718443645392895,2,132487,86117,2790
2569,pv_92_z_2,pv_92,,,2,ely_y2569_id_1116011c-1ef3-4cca-a186-c1b9f7984ede,1116011c-1ef3-4cca-a186-c1b9f7984ede,46,ely_y2569_id_51148be8-f4ec-49ea-a708-873c83fa1dc8,5710,6.687827217465653,3,132487,86117,2790
2569,pv_92_z_2,pv_92,,,2,ely_y2569_id_965b4b93-c01e-4a2b-a987-577f2b99ebb4,965b4b93-c01e-4a2b-a987-577f2b99ebb4,49,ely_y2569_id_837416ed-5ba9-4966-863f-7042835c9456,3637,4.259829700511836,4,132487,86117,2790
2569,pv_92_z_2,pv_92,,,2,ely_y2569_id_2d8a1c84-0bc8-4377-965d-c020a0097c27,2d8a1c84-0bc8-4377-965d-c020a0097c27,9,ely_y2569_id_386c9249-1eaa-4c84-b6b0-11d377ecc4c8,623,0.7296876281052719,5,132487,86117,2790
2569,pv_92_z_2,pv_92,,,2,ely_y2569_id_115da917-bf32-4e96-a2ae-b7818d0909ee,115da917-bf32-4e96-a2ae-b7818d0909ee,6,ely_y2569_id_894661d4-95d6-47fe-8020-cd3f9b02aa9c,580,0.6793239555394184,6,132487,86117,2790
2569,pv_92_z_2,pv_92,,,2,ely_y2569_id_a62aca08-91b7-4f3f-ba8f-cb9e884a3799,a62aca08-91b7-4f3f-ba8f-cb9e884a3799,42,ely_y2569_id_74315a40-b270-42fb-82ab-3f3ebf98034e,481,0.5633703838180348,7,132487,86117,2790
2569,pv_19_z_4,pv_19,,,4,ely_y2569_id_a62aca08-91b7-4f3f-ba8f-cb9e884a3799,a62aca08-91b7-4f3f-ba8f-cb9e884a3799,42,ely_y2569_id_7ff067dc-fc1b-40e8-af82-012d540d963b,45409,53.21575061525841,1,128318,85330,5589
2569,pv_19_z_4,pv_19,,,4,ely_y2569_id_1116011c-1ef3-4cca-a186-c1b9f7984ede,1116011c-1ef3-4cca-a186-c1b9f7984ede,46,ely_y2569_id_2fb6d515-32f3-4cfb-9e9f-1f53ad91e9e4,26771,31.373491151998124,2,128318,85330,5589
2569,pv_19_z_4,pv_19,,,4,ely_y2569_id_013c219e-e197-416d-84ea-00ba9c35465e,013c219e-e197-416d-84ea-00ba9c35465e,37,ely_y2569_id_4c54ba82-0fa2-4d97-af25-a1988de2413d,4891,5.731864525958046,3,128318,85330,5589
2569,pv_19_z_4,pv_19,,,4,ely_y2569_id_2d8a1c84-0bc8-4377-965d-c020a0097c27,2d8a1c84-0bc8-4377-965d-c020a0097c27,9,ely_y2569_id_06981715-4e6b-45e8-b6c1-68fa56ae4934,3297,3.863822805578343,4,128318,85330,5589
2569,pv_19_z_4,pv_19,,,4,ely_y2569_id_d7155f6d-736d-42c0-8bc0-00ee6e1970dc,d7155f6d-736d-42c0-8bc0-00ee6e1970dc,27,ely_y2569_id_3e242987-7d6d-49d9-bbb8-28c14b032053,2316,2.7141685222078986,5,128318,85330,5589
2569,pv_19_z_4,pv_19,,,4,ely_y2569_id_0c044088-618b-49af-a291-fb28ffe9e0f8,0c044088-618b-49af-a291-fb28ffe9e0f8,11,ely_y2569_id_704cc387-edd5-4010-b949-f7804735c32e,1868,2.189148013594281,6,128318,85330,5589
2569,pv_19_z_4,pv_19,,,4,ely_y2569_id_965b4b93-c01e-4a2b-a987-577f2b99ebb4,965b4b93-c01e-4a2b-a987-577f2b99ebb4,49,ely_y2569_id_3263c31d-c6e4-4a0a-ac08-7155bfefeff0,778,0.9117543654048985,7,128318,85330,5589
2569,pv_48_z_1,pv_48,,,1,ely_y2569_id_013c219e-e197-416d-84ea-00ba9c35465e,013c219e-e197-416d-84ea-00ba9c35465e,37,ely_y2569_id_55b2b94a-8abe-4582-8f55-be7339f6dd77,57294,67.27964489537096,1,143587,85158,4134
2569,pv_48_z_1,pv_48,,,1,ely_y2569_id_2d8a1c84-0bc8-4377-965d-c020a0097c27,2d8a1c84-0bc8-4377-965d-c020a0097c27,9,ely_y2569_id_b8855403-d799-4062-84a3-2b3c817807a5,19699,23.132295262923037,2,143587,85158,4134
2569,pv_48_z_1,pv_48,,,1,ely_y2569_id_1116011c-1ef3-4cca-a186-c1b9f7984ede,1116011c-1ef3-4cca-a186-c1b9f7984ede,46,ely_y2569_id_a7587ed7-27d8-4f27-a394-dd12733dadf6,5515,6.476197186406445,3,143587,85158,4134
2569,pv_48_z_1,pv_48,,,1,ely_y2569_id_0c044088-618b-49af-a291-fb28ffe9e0f8,0c044088-618b-49af-a291-fb28ffe9e0f8,11,ely_y2569_id_a7da0488-0604-4cf1-8513-55d1eed1b24b,1233,1.4478968505601353,4,143587,85158,4134
2569,pv_48_z_1,pv_48,,,1,ely_y2569_id_cb1b6cf2-41fa-49b1-a060-01acf13edc81,cb1b6cf2-41fa-49b1-a060-01acf13edc81,48,ely_y2569_id_63adf6d4-f883-461b-845c-9fe79c385203,614,0.7210127057939361,5,143587,85158,4134
2569,pv_48_z_1,pv_48,,,1,ely_y2569_id_a62aca08-91b7-4f3f-ba8f-cb9e884a3799,a62aca08-91b7-4f3f-ba8f-cb9e884a3799,42,ely_y2569_id_921e1c5f-0017-48d0-9a8d-ac563950c760,289,0.33936917259682003,6,143587,85158,4134
2569,pv_48_z_1,pv_48,,,1,ely_y2569_id_339fa187-133c-4766-a6c2-36d1b32cda8f,339fa187-133c-4766-a6c2-36d1b32cda8f,23,ely_y2569_id_feabdd61-9ede-4668-b3c9-484d952088f8,211,0.24777472462951222,7,143587,85158,4134
2569,pv_48_z_1,pv_48,,,1,ely_y2569_id_d7155f6d-736d-42c0-8bc0-00ee6e1970dc,d7155f6d-736d-42c0-8bc0-00ee6e1970dc,27,ely_y2569_id_f16d7e3b-406b-4419-a3f3-298d10c484eb,105,0.12330021841752976,8,143587,85158,4134
2569,pv_48_z_1,pv_48,,,1,ely_y2569_id_115da917-bf32-4e96-a2ae-b7818d0909ee,115da917-bf32-4e96-a2ae-b7818d0909ee,6,ely_y2569_id_bb7cbf9e-f6bf-4fae-896f-fcf7da8d8a71,103,0.12095164282862444,9,143587,85158,4134
2569,pv_48_z_1,pv_48,,,1,ely_y2569_id_54c9efd2-2cd9-487a-91f7-1251aae30c2d,54c9efd2-2cd9-487a-91f7-1251aae30c2d,36,ely_y2569_id_3ba1d147-abda-4280-9766-89a088bb1e49,95,0.11155734047300313,10,143587,85158,4134
2569,pv_63_z_1,pv_63,,,1,ely_y2569_id_013c219e-e197-416d-84ea-00ba9c35465e,013c219e-e197-416d-84ea-00ba9c35465e,37,ely_y2569_id_ce04e182-cbdd-4a78-bb2f-ce1817032fed,34932,41.026484232779374,1,150617,85145,5771
2569,pv_63_z_1,pv_63,,,1,ely_y2569_id_1116011c-1ef3-4cca-a186-c1b9f7984ede,1116011c-1ef3-4cca-a186-c1b9f7984ede,46,ely_y2569_id_d35bd243-7dec-405f-b989-b63d50dcb186,23595,27.711550883786483,2,150617,85145,5771
2569,pv_63_z_1,pv_63,,,1,ely_y2569_id_2d8a1c84-0bc8-4377-965d-c020a0097c27,2d8a1c84-0bc8-4377-965d-c020a0097c27,9,ely_y2569_id_b2965e0d-f147-4fd2-9f2d-d7a81d005570,15427,18.118503728932996,3,150617,85145,5771
2569,pv_63_z_1,pv_63,,,1,ely_y2569_id_d7155f6d-736d-42c0-8bc0-00ee6e1970dc,d7155f6d-736d-42c0-8bc0-00ee6e1970dc,27,ely_y2569_id_34f405c6-274f-4cd2-a5f7-e3b6c79b2bef,5684,6.675670914322626,4,150617,85145,5771
2569,pv_63_z_1,pv_63,,,1,ely_y2569_id_a62aca08-91b7-4f3f-ba8f-cb9e884a3799,a62aca08-91b7-4f3f-ba8f-cb9e884a3799,42,ely_y2569_id_28ad8462-f566-4d11-8e22-656fb28f7192,1668,1.9590110987139586,5,150617,85145,5771
2569,pv_63_z_1,pv_63,,,1,ely_y2569_id_0c044088-618b-49af-a291-fb28ffe9e0f8,0c044088-618b-49af-a291-fb28ffe9e0f8,11,ely_y2569_id_141ec433-7697-40a8-8b5d-c823248154f3,1397,1.6407305185272183,6,150617,85145,5771
2569,pv_63_z_1,pv_63,,,1,ely_y2569_id_115da917-bf32-4e96-a2ae-b7818d0909ee,115da917-bf32-4e96-a2ae-b7818d0909ee,6,ely_y2569_id_9dc01176-cada-4c8a-9a7c-8dd0470159bd,1204,1.4140583710141523,7,150617,85145,5771
2569,pv_63_z_1,pv_63,,,1,ely_y2569_id_3e7b1adf-ab5f-4206-ba04-6cff9bf02f9c,,57,ely_y2569_id_66547ccc-077d-4dbc-b62b-2fc1f6af4692,810,0.9513183393035409,8,150617,85145,5771
2569,pv_63_z_1,pv_63,,,1,ely_y2569_id_e9f5dc95-0d5c-46bc-8e2c-be791faa2b27,e9f5dc95-0d5c-46bc-8e2c-be791faa2b27,5,ely_y2569_id_f09f8ee4-5a3c-4297-a7c6-d1ac55c177e1,428,0.5026719126196488,9,150617,85145,5771
2569,pv_66_z_1,pv_66,,,1,ely_y2569_id_013c219e-e197-416d-84ea-00ba9c35465e,013c219e-e197-416d-84ea-00ba9c35465e,37,ely_y2569_id_69273dba-5921-417c-927e-938e6e27edcb,50052,58.80860063447303,1,145533,85110,5921
2569,pv_66_z_1,pv_66,,,1,ely_y2569_id_1116011c-1ef3-4cca-a186-c1b9f7984ede,1116011c-1ef3-4cca-a186-c1b9f7984ede,46,ely_y2569_id_c0fdd459-3395-4d1e-ad5a-6dfc68e5721f,21619,25.401245447068497,2,145533,85110,5921
2569,pv_66_z_1,pv_66,,,1,ely_y2569_id_2d8a1c84-0bc8-4377-965d-c020a0097c27,2d8a1c84-0bc8-4377-965d-c020a0097c27,9,ely_y2569_id_6b9d4e34-3d64-43bb-ab0c-dc0313857355,6055,7.114322641287746,3,145533,85110,5921
2569,pv_66_z_1,pv_66,,,1,ely_y2569_id_a62aca08-91b7-4f3f-ba8f-cb9e884a3799,a62aca08-91b7-4f3f-ba8f-cb9e884a3799,42,ely_y2569_id_0676b2e0-a60c-415e-8b16-4588b574d36c,2978,3.499001292445071,4,145533,85110,5921
2569,pv_66_z_1,pv_66,,,1,ely_y2569_id_0c044088-618b-49af-a291-fb28ffe9e0f8,0c044088-618b-49af-a291-fb28ffe9e0f8,11,ely_y2569_id_5fd7f7fb-3f6f-4a81-bcf1-46d29136c4ad,1452,1.706027493831512,5,145533,85110,5921
2569,pv_66_z_1,pv_66,,,1,ely_y2569_id_115da917-bf32-4e96-a2ae-b7818d0909ee,115da917-bf32-4e96-a2ae-b7818d0909ee,6,ely_y2569_id_5e9067c1-b0cd-474f-9fe5-9738dcc58355,1450,1.7036775937022675,6,145533,85110,5921
2569,pv_66_z_1,pv_66,,,1,ely_y2569_id_d7155f6d-736d-42c0-8bc0-00ee6e1970dc,d7155f6d-736d-42c0-8bc0-00ee6e1970dc,27,ely_y2569_id_4dc41ecc-f9bd-46f2-bcac-371f6f8eb587,1249,1.4675126307131947,7,145533,85110,5921
2569,pv_66_z_1,pv_66,,,1,ely_y2569_id_03347cbc-6089-474c-a3f6-484ae981c9a6,03347cbc-6089-474c-a3f6-484ae981c9a6,43,ely_y2569_id_0c4aa4ff-a95b-4b14-81db-8a3d3505ee82,255,0.2996122664786746,8,145533,85110,5921
2569,pv_80_z_8,pv_80,,,8,ely_y2569_id_013c219e-e197-416d-84ea-00ba9c35465e,013c219e-e197-416d-84ea-00ba9c35465e,37,ely_y2569_id_a7c8aaf1-ddf3-4322-9419-46cf61412ff5,47916,56.425534921513446,1,136225,86508,3426
2569,pv_80_z_8,pv_80,,,8,ely_y2569_id_d7155f6d-736d-42c0-8bc0-00ee6e1970dc,d7155f6d-736d-42c0-8bc0-00ee6e1970dc,27,ely_y2569_id_9792935c-6d50-4a69-bf3f-6e5e3aa811d8,21524,25.34650667106301,2,136225,86508,3426
2569,pv_80_z_8,pv_80,,,8,ely_y2569_id_1116011c-1ef3-4cca-a186-c1b9f7984ede,1116011c-1ef3-4cca-a186-c1b9f7984ede,46,ely_y2569_id_873148ca-242b-45a8-9221-e4c9f8f9428e,11558,13.610617176368066,3,136225,86508,3426
2569,pv_80_z_8,pv_80,,,8,ely_y2569_id_03347cbc-6089-474c-a3f6-484ae981c9a6,03347cbc-6089-474c-a3f6-484ae981c9a6,43,ely_y2569_id_6c7e3976-3ae9-4d64-8c58-74bf6a97efb7,1578,1.8582413829649431,4,136225,86508,3426
2569,pv_80_z_8,pv_80,,,8,ely_y2569_id_2d8a1c84-0bc8-4377-965d-c020a0097c27,2d8a1c84-0bc8-4377-965d-c020a0097c27,9,ely_y2569_id_f20980e4-8020-4f03-9ad4-d6942af73967,825,0.9715140310177934,5,136225,86508,3426
2569,pv_80_z_8,pv_80,,,8,ely_y2569_id_115da917-bf32-4e96-a2ae-b7818d0909ee,115da917-bf32-4e96-a2ae-b7818d0909ee,6,ely_y2569_id_9168074e-4271-4e25-8fa0-9aa0845466dc,776,0.9138119855391609,6,136225,86508,3426
2569,pv_80_z_8,pv_80,,,8,ely_y2569_id_bd8d9f14-f757-41fb-8f37-d6128d9d012d,bd8d9f14-f757-41fb-8f37-d6128d9d012d,7,ely_y2569_id_485eef6b-1be5-4ebf-acfb-9bd4edbff522,458,0.5393374863104842,7,136225,86508,3426
2569,pv_80_z_8,pv_80,,,8,ely_y2569_id_bdd306a2-80c7-4d7b-a7ff-8dc1ec9fcc76,bdd306a2-80c7-4d7b-a7ff-8dc1ec9fcc76,10,ely_y2569_id_33d1b4f1-a067-47c2-9327-6bd48f179cf9,284,0.33443634522309496,8,136225,86508,3426
2569,pv_20_z_3,pv_20,,,3,ely_y2569_id_013c219e-e197-416d-84ea-00ba9c35465e,013c219e-e197-416d-84ea-00ba9c35465e,37,ely_y2569_id_1737b32d-1db6-4d76-8021-12365ad936c1,39906,47.016824544040716,1,127184,86453,3183
2569,pv_20_z_3,pv_20,,,3,ely_y2569_id_1116011c-1ef3-4cca-a186-c1b9f7984ede,1116011c-1ef3-4cca-a186-c1b9f7984ede,46,ely_y2569_id_92ed0f13-fae0-4ef8-b1ed-d76b3465ee52,34946,41.1730053254159,2,127184,86453,3183
2569,pv_20_z_3,pv_20,,,3,ely_y2569_id_2d8a1c84-0bc8-4377-965d-c020a0097c27,2d8a1c84-0bc8-4377-965d-c020a0097c27,9,ely_y2569_id_a16d2d04-fbb7-4483-b740-1dda61c02ea4,3442,4.05532777227956,3,127184,86453,3183
2569,pv_20_z_3,pv_20,,,3,ely_y2569_id_d7155f6d-736d-42c0-8bc0-00ee6e1970dc,d7155f6d-736d-42c0-8bc0-00ee6e1970dc,27,ely_y2569_id_7fd1bec7-8545-4ec4-9745-93a76c3c22db,2787,3.283613742400679,4,127184,86453,3183
2569,pv_20_z_3,pv_20,,,3,ely_y2569_id_0c044088-618b-49af-a291-fb28ffe9e0f8,0c044088-618b-49af-a291-fb28ffe9e0f8,11,ely_y2569_id_a5f29314-c3f7-48eb-8129-d2715e58246e,1934,2.2786182195202414,5,127184,86453,3183
2569,pv_20_z_3,pv_20,,,3,ely_y2569_id_f9cadd57-8256-49aa-9386-0da392b19fc2,f9cadd57-8256-49aa-9386-0da392b19fc2,29,ely_y2569_id_27b0e91c-4eb1-4b97-8b79-f21929ee8c25,1132,1.3337103539280832,6,127184,86453,3183
2569,pv_20_z_3,pv_20,,,3,ely_y2569_id_03347cbc-6089-474c-a3f6-484ae981c9a6,03347cbc-6089-474c-a3f6-484ae981c9a6,43,ely_y2569_id_82814202-235a-4778-92ac-1edb662d565b,729,0.8589000424148169,7,127184,86453,3183
2569,pv_84_z_3,pv_84,,,3,ely_y2569_id_e3ad415e-cb0c-4922-adb3-4624e857d801,,21,ely_y2569_id_37568d79-e5d1-4a61-829c-837e97d228d7,38780,45.70418385385975,1,120055,84850,2888
2569,pv_84_z_3,pv_84,,,3,ely_y2569_id_a62aca08-91b7-4f3f-ba8f-cb9e884a3799,a62aca08-91b7-4f3f-ba8f-cb9e884a3799,42,ely_y2569_id_f6f11771-944e-420d-8e27-e4886bdae544,22884,26.969946965232765,2,120055,84850,2888
2569,pv_84_z_3,pv_84,,,3,ely_y2569_id_d7155f6d-736d-42c0-8bc0-00ee6e1970dc,d7155f6d-736d-42c0-8bc0-00ee6e1970dc,27,ely_y2569_id_19412967-e0c9-4f34-ae20-116f6e9febc0,13047,15.376546847377725,3,120055,84850,2888
2569,pv_84_z_3,pv_84,,,3,ely_y2569_id_1116011c-1ef3-4cca-a186-c1b9f7984ede,1116011c-1ef3-4cca-a186-c1b9f7984ede,46,ely_y2569_id_2fef1c0f-93a1-478c-8d74-13b5697f30b7,7811,9.205657041838538,4,120055,84850,2888
2569,pv_84_z_3,pv_84,,,3,ely_y2569_id_013c219e-e197-416d-84ea-00ba9c35465e,013c219e-e197-416d-84ea-00ba9c35465e,37,ely_y2569_id_9742405e-fa00-48ec-9518-c454628b78b0,1420,1.673541543901002,5,120055,84850,2888
2569,pv_84_z_3,pv_84,,,3,ely_y2569_id_2d8a1c84-0bc8-4377-965d-c020a0097c27,2d8a1c84-0bc8-4377-965d-c020a0097c27,9,ely_y2569_id_0282921e-795f-4290-bd26-aa00e9eccf96,908,1.0701237477902181,6,120055,84850,2888
2569,pv_57_z_7,pv_57,,,7,ely_y2569_id_a62aca08-91b7-4f3f-ba8f-cb9e884a3799,a62aca08-91b7-4f3f-ba8f-cb9e884a3799,42,ely_y2569_id_47d7067c-da29-43d0-b579-9124da37ed38,31482,37.10793385117693,1,134341,84839,5320
2569,pv_57_z_7,pv_57,,,7,ely_y2569_id_2d8a1c84-0bc8-4377-965d-c020a0097c27,2d8a1c84-0bc8-4377-965d-c020a0097c27,9,ely_y2569_id_a7d2d5c9-7479-471d-851c-0622a5181620,23694,27.928193401619538,2,134341,84839,5320
2569,pv_57_z_7,pv_57,,,7,ely_y2569_id_1116011c-1ef3-4cca-a186-c1b9f7984ede,1116011c-1ef3-4cca-a186-c1b9f7984ede,46,ely_y2569_id_7d927f2b-f5a1-4be1-adfc-d96ffe847d59,20823,24.544136540977615,3,134341,84839,5320
2569,pv_57_z_7,pv_57,,,7,ely_y2569_id_2ee17641-917b-4ea0-8c19-da383e03e915,2ee17641-917b-4ea0-8c19-da383e03e915,44,ely_y2569_id_1c513990-10d7-47c9-8490-adaab64b966f,2432,2.866606159902875,4,134341,84839,5320
2569,pv_57_z_7,pv_57,,,7,ely_y2569_id_013c219e-e197-416d-84ea-00ba9c35465e,013c219e-e197-416d-84ea-00ba9c35465e,37,ely_y2569_id_80b2909b-ecdc-415d-a8a6-0ebb850d5ad2,2172,2.560143330307995,5,134341,84839,5320
2569,pv_57_z_7,pv_57,,,7,ely_y2569_id_7ffe2115-72d1-4d71-9962-03ff61afc67c,,31,ely_y2569_id_d7fcaddc-61cb-4892-b7b3-a0abee5aaa74,1592,1.8764954796732636,6,134341,84839,5320
2569,pv_57_z_7,pv_57,,,7,ely_y2569_id_d7155f6d-736d-42c0-8bc0-00ee6e1970dc,d7155f6d-736d-42c0-8bc0-00ee6e1970dc,27,ely_y2569_id_108a8302-fc84-400f-b0c1-ea6209d97643,1075,1.2671059300557528,7,134341,84839,5320
2569,pv_57_z_7,pv_57,,,7,ely_y2569_id_0c044088-618b-49af-a291-fb28ffe9e0f8,0c044088-618b-49af-a291-fb28ffe9e0f8,11,ely_y2569_id_d18a38a7-77eb-4552-910d-4c46640e1107,616,0.726081165501715,8,134341,84839,5320
2569,pv_57_z_7,pv_57,,,7,ely_y2569_id_115da917-bf32-4e96-a2ae-b7818d0909ee,115da917-bf32-4e96-a2ae-b7818d0909ee,6,ely_y2569_id_65c21126-4be6-4b9b-9d86-e72a1f6092e6,582,0.6860052570162307,9,134341,84839,5320
2569,pv_57_z_7,pv_57,,,7,ely_y2569_id_bd8d9f14-f757-41fb-8f37-d6128d9d012d,bd8d9f14-f757-41fb-8f37-d6128d9d012d,7,ely_y2569_id_59981143-b07e-40e2-99ec-d48b1e47ebae,371,0.43729888376807835,10,134341,84839,5320
2569,pv_66_z_3,pv_66,,,3,ely_y2569_id_013c219e-e197-416d-84ea-00ba9c35465e,013c219e-e197-416d-84ea-00ba9c35465e,37,ely_y2569_id_e59c075b-8a9a-4db6-bcfc-da2fb1adf4a9,36214,42.71475920312334,1,141664,84781,6339
2569,pv_66_z_3,pv_66,,,3,ely_y2569_id_a62aca08-91b7-4f3f-ba8f-cb9e884a3799,a62aca08-91b7-4f3f-ba8f-cb9e884a3799,42,ely_y2569_id_4e7c54af-4a3a-4a20-9bff-fd1f1f168613,30372,35.82406435404159,2,141664,84781,6339
2569,pv_66_z_3,pv_66,,,3,ely_y2569_id_1116011c-1ef3-4cca-a186-c1b9f7984ede,1116011c-1ef3-4cca-a186-c1b9f7984ede,46,ely_y2569_id_f4e520aa-1592-4fc1-b64a-263ef801fed7,11381,13.423998301506234,3,141664,84781,6339
2569,pv_66_z_3,pv_66,,,3,ely_y2569_id_2d8a1c84-0bc8-4377-965d-c020a0097c27,2d8a1c84-0bc8-4377-965d-c020a0097c27,9,ely_y2569_id_52446e05-cd2d-41c8-850d-9a5014e538cf,4877,5.752468123754143,4,141664,84781,6339
2569,pv_66_z_3,pv_66,,,3,ely_y2569_id_d7155f6d-736d-42c0-8bc0-00ee6e1970dc,d7155f6d-736d-42c0-8bc0-00ee6e1970dc,27,ely_y2569_id_9cd2598d-e52e-4c02-93c0-3b261009707f,854,1.0073011641759357,5,141664,84781,6339
2569,pv_66_z_3,pv_66,,,3,ely_y2569_id_0c044088-618b-49af-a291-fb28ffe9e0f8,0c044088-618b-49af-a291-fb28ffe9e0f8,11,ely_y2569_id_24ddb249-d4d3-4b55-8a61-e3b08e34eef9,728,0.8586829596253877,6,141664,84781,6339
2569,pv_66_z_3,pv_66,,,3,ely_y2569_id_115da917-bf32-4e96-a2ae-b7818d0909ee,115da917-bf32-4e96-a2ae-b7818d0909ee,6,ely_y2569_id_4f99489d-5c0f-42b5-905f-0058f6689328,355,0.41872589377336905,7,141664,84781,6339
2569,pv_40_z_8,pv_40,,,8,ely_y2569_id_a62aca08-91b7-4f3f-ba8f-cb9e884a3799,a62aca08-91b7-4f3f-ba8f-cb9e884a3799,42,ely_y2569_id_f663d9eb-03b4-4bab-ab58-098286e46b92,32333,38.14968201715573,1,139634,84806,4413
2569,pv_40_z_8,pv_40,,,8,ely_y2569_id_2d8a1c84-0bc8-4377-965d-c020a0097c27,2d8a1c84-0bc8-4377-965d-c020a0097c27,9,ely_y2569_id_5178cfb6-9aa5-4a8a-9f7c-dc519f6215f7,26379,31.12456196240841,2,139634,84806,4413
2569,pv_40_z_8,pv_40,,,8,ely_y2569_id_1116011c-1ef3-4cca-a186-c1b9f7984ede,1116011c-1ef3-4cca-a186-c1b9f7984ede,46,ely_y2569_id_7b926fed-18ac-4e4c-a5e9-927d4252a968,17255,20.359161327622623,3,139634,84806,4413
2569,pv_40_z_8,pv_40,,,8,ely_y2569_id_013c219e-e197-416d-84ea-00ba9c35465e,013c219e-e197-416d-84ea-00ba9c35465e,37,ely_y2569_id_02a7e989-d3ba-485b-b7ea-e5f15336d0e3,3528,4.162684506743124,4,139634,84806,4413
2569,pv_40_z_8,pv_40,,,8,ely_y2569_id_cb1b6cf2-41fa-49b1-a060-01acf13edc81,cb1b6cf2-41fa-49b1-a060-01acf13edc81,48,ely_y2569_id_d54ab12b-57e1-4930-aeca-af0a9cb0dad4,2032,2.397555248781754,5,139634,84806,4413
2569,pv_40_z_8,pv_40,,,8,ely_y2569_id_d7155f6d-736d-42c0-8bc0-00ee6e1970dc,d7155f6d-736d-42c0-8bc0-00ee6e1970dc,27,ely_y2569_id_1cdb204f-cd56-4cea-9486-28f93cd4fe31,1053,1.2424338961452692,6,139634,84806,4413
2569,pv_40_z_8,pv_40,,,8,ely_y2569_id_0c044088-618b-49af-a291-fb28ffe9e0f8,0c044088-618b-49af-a291-fb28ffe9e0f8,11,ely_y2569_id_88729860-237b-48ea-b0ad-469181cf26d1,1034,1.2200158106497705,7,139634,84806,4413
2569,pv_40_z_8,pv_40,,,8,ely_y2569_id_115da917-bf32-4e96-a2ae-b7818d0909ee,115da917-bf32-4e96-a2ae-b7818d0909ee,6,ely_y2569_id_f71e9ad8-1b70-4dc0-ad27-a7470627ff11,713,0.8412681556995033,8,139634,84806,4413
2569,pv_40_z_8,pv_40,,,8,ely_y2569_id_965b4b93-c01e-4a2b-a987-577f2b99ebb4,965b4b93-c01e-4a2b-a987-577f2b99ebb4,49,ely_y2569_id_8b5cebea-c670-4c2d-90e0-02d8f9156205,426,0.5026370747938126,9,139634,84806,4413
2569,pv_56_z_2,pv_56,,,2,ely_y2569_id_a62aca08-91b7-4f3f-ba8f-cb9e884a3799,a62aca08-91b7-4f3f-ba8f-cb9e884a3799,42,ely_y2569_id_90ccbe4f-1acc-4739-9e5c-d23a13fd21fe,52697,62.28959810874704,1,127913,85819,4145
2569,pv_56_z_2,pv_56,,,2,ely_y2569_id_1116011c-1ef3-4cca-a186-c1b9f7984ede,1116011c-1ef3-4cca-a186-c1b9f7984ede,46,ely_y2569_id_3a1a373b-681e-4e6b-8de2-804d1c42bb7e,19683,23.26595744680851,2,127913,85819,4145
2569,pv_56_z_2,pv_56,,,2,ely_y2569_id_2d8a1c84-0bc8-4377-965d-c020a0097c27,2d8a1c84-0bc8-4377-965d-c020a0097c27,9,ely_y2569_id_775639e6-b550-41be-b4a1-36c58e1c6b94,10498,12.408983451536642,3,127913,85819,4145
2569,pv_56_z_2,pv_56,,,2,ely_y2569_id_013c219e-e197-416d-84ea-00ba9c35465e,013c219e-e197-416d-84ea-00ba9c35465e,37,ely_y2569_id_f7d2f0b2-8502-4b2f-ad2e-447bc82be2c7,1020,1.2056737588652482,4,127913,85819,4145
2569,pv_56_z_2,pv_56,,,2,ely_y2569_id_d7155f6d-736d-42c0-8bc0-00ee6e1970dc,d7155f6d-736d-42c0-8bc0-00ee6e1970dc,27,ely_y2569_id_77bcb79d-fd4a-40eb-8e49-124b1a1f64b7,450,0.5319148936170213,5,127913,85819,4145
2569,pv_56_z_2,pv_56,,,2,ely_y2569_id_03347cbc-6089-474c-a3f6-484ae981c9a6,03347cbc-6089-474c-a3f6-484ae981c9a6,43,ely_y2569_id_8ddf8aed-215f-4230-82b7-3cb65ccae524,252,0.2978723404255319,6,127913,85819,4145
2569,pv_65_z_3,pv_65,,,3,ely_y2569_id_013c219e-e197-416d-84ea-00ba9c35465e,013c219e-e197-416d-84ea-00ba9c35465e,37,ely_y2569_id_0d566c2d-6801-46e4-8a52-b5130800bb9a,40704,48.194939436636396,1,142882,84457,6148
2569,pv_65_z_3,pv_65,,,3,ely_y2569_id_2d8a1c84-0bc8-4377-965d-c020a0097c27,2d8a1c84-0bc8-4377-965d-c020a0097c27,9,ely_y2569_id_401e1b12-f868-43c7-9b80-a56c6694d769,21078,24.957078750133206,2,142882,84457,6148
2569,pv_65_z_3,pv_65,,,3,ely_y2569_id_1116011c-1ef3-4cca-a186-c1b9f7984ede,1116011c-1ef3-4cca-a186-c1b9f7984ede,46,ely_y2569_id_db17b9c4-d375-48ff-a27e-7382567133ad,17498,20.71823531501237,3,142882,84457,6148
2569,pv_65_z_3,pv_65,,,3,ely_y2569_id_d7155f6d-736d-42c0-8bc0-00ee6e1970dc,d7155f6d-736d-42c0-8bc0-00ee6e1970dc,27,ely_y2569_id_07aec464-e02c-491a-bcf4-1ecaf3bdfe12,2101,2.487656440555549,4,142882,84457,6148
2569,pv_65_z_3,pv_65,,,3,ely_y2569_id_a62aca08-91b7-4f3f-ba8f-cb9e884a3799,a62aca08-91b7-4f3f-ba8f-cb9e884a3799,42,ely_y2569_id_be13ac9d-5476-4cdc-a4dd-f7f07649040b,1433,1.6967214085274165,5,142882,84457,6148
2569,pv_65_z_3,pv_65,,,3,ely_y2569_id_0c044088-618b-49af-a291-fb28ffe9e0f8,0c044088-618b-49af-a291-fb28ffe9e0f8,11,ely_y2569_id_7f2f9859-f29a-474a-b678-ecd892673213,1368,1.6197591673869545,6,142882,84457,6148
2569,pv_65_z_3,pv_65,,,3,ely_y2569_id_03347cbc-6089-474c-a3f6-484ae981c9a6,03347cbc-6089-474c-a3f6-484ae981c9a6,43,ely_y2569_id_3805cf48-3260-47c7-af2b-2e3d3a1d9f5f,275,0.3256094817481085,7,142882,84457,6148
2569,pv_10_z_24,pv_10,,,24,ely_y2569_id_1116011c-1ef3-4cca-a186-c1b9f7984ede,1116011c-1ef3-4cca-a186-c1b9f7984ede,46,ely_y2569_id_3a8c151e-4ed6-484e-bf7e-14a62e205d23,43857,51.98113095731946,1,142161,87082,1800
2569,pv_10_z_24,pv_10,,,24,ely_y2569_id_013c219e-e197-416d-84ea-00ba9c35465e,013c219e-e197-416d-84ea-00ba9c35465e,37,ely_y2569_id_680ffd58-8d49-4204-b5e9-54a4485423e5,14391,17.056808619075277,2,142161,87082,1800
2569,pv_10_z_24,pv_10,,,24,ely_y2569_id_d7155f6d-736d-42c0-8bc0-00ee6e1970dc,d7155f6d-736d-42c0-8bc0-00ee6e1970dc,27,ely_y2569_id_be5ba4b2-a0f2-4043-9c7a-0251ad635d66,12580,14.910336490026193,3,142161,87082,1800
2569,pv_10_z_24,pv_10,,,24,ely_y2569_id_2d8a1c84-0bc8-4377-965d-c020a0097c27,2d8a1c84-0bc8-4377-965d-c020a0097c27,9,ely_y2569_id_cb4e66cd-3c06-4de6-bae7-6fbba96212ad,6074,7.199156108141423,4,142161,87082,1800
2569,pv_10_z_24,pv_10,,,24,ely_y2569_id_0c044088-618b-49af-a291-fb28ffe9e0f8,0c044088-618b-49af-a291-fb28ffe9e0f8,11,ely_y2569_id_b4603b46-0b36-4599-affb-5a6dd5fe1c9d,2393,2.8362826089533133,5,142161,87082,1800
2569,pv_10_z_24,pv_10,,,24,ely_y2569_id_115da917-bf32-4e96-a2ae-b7818d0909ee,115da917-bf32-4e96-a2ae-b7818d0909ee,6,ely_y2569_id_99eba5db-1d80-491e-93c3-9827c0328c58,1659,1.9663154401393843,6,142161,87082,1800
2569,pv_10_z_24,pv_10,,,24,ely_y2569_id_965b4b93-c01e-4a2b-a987-577f2b99ebb4,965b4b93-c01e-4a2b-a987-577f2b99ebb4,49,ely_y2569_id_22fdc2c2-e157-4085-8160-e24f62e093b1,951,1.1271645470600087,7,142161,87082,1800
2569,pv_10_z_24,pv_10,,,24,ely_y2569_id_cb1b6cf2-41fa-49b1-a060-01acf13edc81,cb1b6cf2-41fa-49b1-a060-01acf13edc81,48,ely_y2569_id_8c838a1b-ca36-43ea-8c05-10f8984770c9,767,0.9090801341693235,8,142161,87082,1800
2569,pv_10_z_24,pv_10,,,24,ely_y2569_id_a62aca08-91b7-4f3f-ba8f-cb9e884a3799,a62aca08-91b7-4f3f-ba8f-cb9e884a3799,42,ely_y2569_id_1f37da7e-bf95-4113-b28b-358fd0f52865,499,0.591435445828543,9,142161,87082,1800
2569,pv_10_z_24,pv_10,,,24,ely_y2569_id_2ee17641-917b-4ea0-8c19-da383e03e915,2ee17641-917b-4ea0-8c19-da383e03e915,44,ely_y2569_id_35f91e3e-2dae-4d3f-a027-a2d12736ba37,470,0.557063445970772,10,142161,87082,1800
2569,pv_10_z_24,pv_10,,,24,ely_y2569_id_339fa187-133c-4766-a6c2-36d1b32cda8f,339fa187-133c-4766-a6c2-36d1b32cda8f,23,ely_y2569_id_3b02d2cd-45c0-43fa-8065-ae296652ef74,271,0.3212004124639983,11,142161,87082,1800
2569,pv_10_z_24,pv_10,,,24,ely_y2569_id_d1964fe3-2dd0-43d5-a190-77fbfaf586b2,,8,ely_y2569_id_199984ce-f419-44cd-bd6e-a335bea76c64,261,0.3093479987199393,12,142161,87082,1800
2569,pv_10_z_24,pv_10,,,24,ely_y2569_id_bdd306a2-80c7-4d7b-a7ff-8dc1ec9fcc76,bdd306a2-80c7-4d7b-a7ff-8dc1ec9fcc76,10,ely_y2569_id_d15ac9bc-2da8-47c3-b48f-4cd72f3bb340,198,0.23467779213236775,13,142161,87082,1800
2569,pv_49_z_2,pv_49,,,2,ely_y2569_id_a62aca08-91b7-4f3f-ba8f-cb9e884a3799,a62aca08-91b7-4f3f-ba8f-cb9e884a3799,42,ely_y2569_id_10893e2c-05dd-4f10-9100-c1ef7c27747a,39782,47.15294898539731,1,138498,84368,4896
2569,pv_49_z_2,pv_49,,,2,ely_y2569_id_2d8a1c84-0bc8-4377-965d-c020a0097c27,2d8a1c84-0bc8-4377-965d-c020a0097c27,9,ely_y2569_id_06639676-19c1-446f-ad9d-f9506f8ef760,21700,25.72065238004931,2,138498,84368,4896
2569,pv_49_z_2,pv_49,,,2,ely_y2569_id_1116011c-1ef3-4cca-a186-c1b9f7984ede,1116011c-1ef3-4cca-a186-c1b9f7984ede,46,ely_y2569_id_78291779-fd42-4db0-aaf3-45fc438858bf,11781,13.963825146975156,3,138498,84368,4896
2569,pv_49_z_2,pv_49,,,2,ely_y2569_id_013c219e-e197-416d-84ea-00ba9c35465e,013c219e-e197-416d-84ea-00ba9c35465e,37,ely_y2569_id_e526d2b4-335f-4033-a5e0-e95068a89143,6666,7.901099943106391,4,138498,84368,4896
2569,pv_49_z_2,pv_49,,,2,ely_y2569_id_03347cbc-6089-474c-a3f6-484ae981c9a6,03347cbc-6089-474c-a3f6-484ae981c9a6,43,ely_y2569_id_54bb36d1-6518-4874-adb6-1ee95c461650,3595,4.2610942537454966,5,138498,84368,4896
2569,pv_49_z_2,pv_49,,,2,ely_y2569_id_d7155f6d-736d-42c0-8bc0-00ee6e1970dc,d7155f6d-736d-42c0-8bc0-00ee6e1970dc,27,ely_y2569_id_bb7187a1-5e67-4b89-a00e-73c0ba66824b,431,0.5108571970415323,6,138498,84368,4896
2569,pv_49_z_2,pv_49,,,2,ely_y2569_id_bdd306a2-80c7-4d7b-a7ff-8dc1ec9fcc76,bdd306a2-80c7-4d7b-a7ff-8dc1ec9fcc76,10,ely_y2569_id_e23e21de-87c7-4c6b-a424-0c9e83fd89d3,259,0.30698843163284656,7,138498,84368,4896
2569,pv_49_z_2,pv_49,,,2,ely_y2569_id_7255d2d0-1f49-4fd8-adad-7acfea2d5126,7255d2d0-1f49-4fd8-adad-7acfea2d5126,56,ely_y2569_id_423aee2d-4440-4824-b6b6-9fcf14dc561e,154,0.1825336620519628,8,138498,84368,4896
2569,pv_73_z_6,pv_73,,,6,ely_y2569_id_1116011c-1ef3-4cca-a186-c1b9f7984ede,1116011c-1ef3-4cca-a186-c1b9f7984ede,46,ely_y2569_id_100f32b1-5372-4f53-acf2-249e16b47b6e,35930,42.65042792872998,1,126887,85426,2733
2569,pv_73_z_6,pv_73,,,6,ely_y2569_id_013c219e-e197-416d-84ea-00ba9c35465e,013c219e-e197-416d-84ea-00ba9c35465e,37,ely_y2569_id_b4def11a-e6b8-494f-ae59-54575cc51a6f,35035,41.58802511781394,2,126887,85426,2733
2569,pv_73_z_6,pv_73,,,6,ely_y2569_id_2d8a1c84-0bc8-4377-965d-c020a0097c27,2d8a1c84-0bc8-4377-965d-c020a0097c27,9,ely_y2569_id_a2d94c70-4105-4b88-815b-b75440e716ae,4286,5.0876630699286585,3,126887,85426,2733
2569,pv_73_z_6,pv_73,,,6,ely_y2569_id_d7155f6d-736d-42c0-8bc0-00ee6e1970dc,d7155f6d-736d-42c0-8bc0-00ee6e1970dc,27,ely_y2569_id_417af9fc-4b25-492e-8922-ea63923274f3,3523,4.181949835594649,4,126887,85426,2733
2569,pv_73_z_6,pv_73,,,6,ely_y2569_id_0c044088-618b-49af-a291-fb28ffe9e0f8,0c044088-618b-49af-a291-fb28ffe9e0f8,11,ely_y2569_id_1afd56f0-48a0-42a5-8feb-31453ce26e68,1712,2.032216326579063,5,126887,85426,2733
2569,pv_73_z_6,pv_73,,,6,ely_y2569_id_a62aca08-91b7-4f3f-ba8f-cb9e884a3799,a62aca08-91b7-4f3f-ba8f-cb9e884a3799,42,ely_y2569_id_b21e3d65-0abf-48ef-96cd-cf22cbe4f934,1247,1.4802416818014552,6,126887,85426,2733
2569,pv_73_z_6,pv_73,,,6,ely_y2569_id_f9cadd57-8256-49aa-9386-0da392b19fc2,f9cadd57-8256-49aa-9386-0da392b19fc2,29,ely_y2569_id_56e70506-2343-4171-9614-89187aa73c2e,821,0.9745616846503568,7,126887,85426,2733
2569,pv_73_z_6,pv_73,,,6,ely_y2569_id_03347cbc-6089-474c-a3f6-484ae981c9a6,03347cbc-6089-474c-a3f6-484ae981c9a6,43,ely_y2569_id_724f8d22-4de7-4584-9bf2-cf8f03f160bf,742,0.8807853471505052,8,126887,85426,2733
2569,pv_73_z_6,pv_73,,,6,ely_y2569_id_bcdcd19b-d619-47dd-8535-fafb6bc6f4d8,bcdcd19b-d619-47dd-8535-fafb6bc6f4d8,12,ely_y2569_id_7ddce024-efd4-4843-8809-7d236ecd32a7,736,0.8736630936695036,9,126887,85426,2733
2569,pv_73_z_6,pv_73,,,6,ely_y2569_id_7255d2d0-1f49-4fd8-adad-7acfea2d5126,7255d2d0-1f49-4fd8-adad-7acfea2d5126,56,ely_y2569_id_69f4f61e-2487-49a3-af54-c0bb5dafdd12,211,0.2504659140818822,10,126887,85426,2733
2569,pv_65_z_1,pv_65,,,1,ely_y2569_id_1116011c-1ef3-4cca-a186-c1b9f7984ede,1116011c-1ef3-4cca-a186-c1b9f7984ede,46,ely_y2569_id_009e3133-383c-4d20-ac45-483411a85649,32516,38.59924026590693,1,139505,85822,3249
2569,pv_65_z_1,pv_65,,,1,ely_y2569_id_2d8a1c84-0bc8-4377-965d-c020a0097c27,2d8a1c84-0bc8-4377-965d-c020a0097c27,9,ely_y2569_id_e53fa98c-d72d-40c7-a472-4c2045bd91b5,31628,37.54510921177588,2,139505,85822,3249
2569,pv_65_z_1,pv_65,,,1,ely_y2569_id_013c219e-e197-416d-84ea-00ba9c35465e,013c219e-e197-416d-84ea-00ba9c35465e,37,ely_y2569_id_4dc5487b-6bf2-4be6-b861-bb72f7000e73,14150,16.79724596391263,3,139505,85822,3249
2569,pv_65_z_1,pv_65,,,1,ely_y2569_id_d7155f6d-736d-42c0-8bc0-00ee6e1970dc,d7155f6d-736d-42c0-8bc0-00ee6e1970dc,27,ely_y2569_id_46a1372a-6b08-48ab-a29e-d30c7a5ea652,2445,2.902421652421652,4,139505,85822,3249
2569,pv_65_z_1,pv_65,,,1,ely_y2569_id_0c044088-618b-49af-a291-fb28ffe9e0f8,0c044088-618b-49af-a291-fb28ffe9e0f8,11,ely_y2569_id_14b4b262-a70b-48e8-86b5-c2b619a7ea15,2079,2.467948717948718,5,139505,85822,3249
2569,pv_65_z_1,pv_65,,,1,ely_y2569_id_a62aca08-91b7-4f3f-ba8f-cb9e884a3799,a62aca08-91b7-4f3f-ba8f-cb9e884a3799,42,ely_y2569_id_52ebccfa-2a52-47d7-b150-12122cc9659d,780,0.9259259259259258,6,139505,85822,3249
2569,pv_65_z_1,pv_65,,,1,ely_y2569_id_409581ea-d469-40f6-803e-7830a6418150,,17,ely_y2569_id_51e5f376-e81b-4b37-b183-97cbf014921d,642,0.7621082621082621,7,139505,85822,3249
2569,pv_90_z_8,pv_90,,,8,ely_y2569_id_a62aca08-91b7-4f3f-ba8f-cb9e884a3799,a62aca08-91b7-4f3f-ba8f-cb9e884a3799,42,ely_y2569_id_dfbb6634-65cb-46b2-8309-994d7cef83b9,38399,45.5936832106388,1,120448,84452,3562
2569,pv_90_z_8,pv_90,,,8,ely_y2569_id_013c219e-e197-416d-84ea-00ba9c35465e,013c219e-e197-416d-84ea-00ba9c35465e,37,ely_y2569_id_c51e2fe5-3af5-45d9-8730-2c4607855511,32781,38.92305865590121,2,120448,84452,3562
2569,pv_90_z_8,pv_90,,,8,ely_y2569_id_1116011c-1ef3-4cca-a186-c1b9f7984ede,1116011c-1ef3-4cca-a186-c1b9f7984ede,46,ely_y2569_id_23fd0680-e328-4d0b-b031-efeaab34ef8a,6065,7.201377345048682,3,120448,84452,3562
2569,pv_90_z_8,pv_90,,,8,ely_y2569_id_d7155f6d-736d-42c0-8bc0-00ee6e1970dc,d7155f6d-736d-42c0-8bc0-00ee6e1970dc,27,ely_y2569_id_a552af97-287e-4869-8ac7-d4598dea9e54,5312,6.307290429826644,4,120448,84452,3562
2569,pv_90_z_8,pv_90,,,8,ely_y2569_id_7f4755ca-ea3a-4023-869d-9cabba328db0,7f4755ca-ea3a-4023-869d-9cabba328db0,33,ely_y2569_id_c5fbcbcd-8093-4a63-8533-c3b8a8eae216,882,1.0472571835668487,5,120448,84452,3562
2569,pv_90_z_8,pv_90,,,8,ely_y2569_id_2d8a1c84-0bc8-4377-965d-c020a0097c27,2d8a1c84-0bc8-4377-965d-c020a0097c27,9,ely_y2569_id_ef1643e5-82c9-4469-a472-b2dde2d81b87,384,0.45594870577060087,6,120448,84452,3562
2569,pv_90_z_8,pv_90,,,8,ely_y2569_id_115da917-bf32-4e96-a2ae-b7818d0909ee,115da917-bf32-4e96-a2ae-b7818d0909ee,6,ely_y2569_id_47edf9b6-4aff-4118-bbe0-b4de47df52da,213,0.25290904773213013,7,120448,84452,3562
2569,pv_90_z_8,pv_90,,,8,ely_y2569_id_f9cadd57-8256-49aa-9386-0da392b19fc2,f9cadd57-8256-49aa-9386-0da392b19fc2,29,ely_y2569_id_029e07c3-3aaa-4bb8-901a-c609056295c6,184,0.21847542151507957,8,120448,84452,3562
2569,pv_22_z_2,pv_22,,,2,ely_y2569_id_013c219e-e197-416d-84ea-00ba9c35465e,013c219e-e197-416d-84ea-00ba9c35465e,37,ely_y2569_id_eaff4998-e486-4e28-9ea0-2350a37ead41,37377,44.42133536165054,1,142477,84142,5244
2569,pv_22_z_2,pv_22,,,2,ely_y2569_id_1116011c-1ef3-4cca-a186-c1b9f7984ede,1116011c-1ef3-4cca-a186-c1b9f7984ede,46,ely_y2569_id_a3830f5c-8ee0-4b0f-b700-1468c0ea46d6,25889,30.768225143210287,2,142477,84142,5244
2569,pv_22_z_2,pv_22,,,2,ely_y2569_id_2d8a1c84-0bc8-4377-965d-c020a0097c27,2d8a1c84-0bc8-4377-965d-c020a0097c27,9,ely_y2569_id_95c8e8d0-9031-4dda-b510-4159c1f2f802,9401,11.172779349195409,3,142477,84142,5244
2569,pv_22_z_2,pv_22,,,2,ely_y2569_id_d7155f6d-736d-42c0-8bc0-00ee6e1970dc,d7155f6d-736d-42c0-8bc0-00ee6e1970dc,27,ely_y2569_id_0c1ee6e1-8fd5-47fd-95d9-cf51e2d19781,6198,7.366119179482304,4,142477,84142,5244
2569,pv_22_z_2,pv_22,,,2,ely_y2569_id_0c044088-618b-49af-a291-fb28ffe9e0f8,0c044088-618b-49af-a291-fb28ffe9e0f8,11,ely_y2569_id_e7abb2b9-d580-4339-ba78-56d2a87fb802,4303,5.113973996339522,5,142477,84142,5244
2569,pv_22_z_2,pv_22,,,2,ely_y2569_id_a62aca08-91b7-4f3f-ba8f-cb9e884a3799,a62aca08-91b7-4f3f-ba8f-cb9e884a3799,42,ely_y2569_id_b6f900fa-9e79-4ce3-95c9-10f1670a6ca1,974,1.1575669701219367,6,142477,84142,5244
2569,pv_32_z_2,pv_32,,,2,ely_y2569_id_013c219e-e197-416d-84ea-00ba9c35465e,013c219e-e197-416d-84ea-00ba9c35465e,37,ely_y2569_id_2c018b27-30d3-41d4-b4db-46f004bf28da,50102,59.5835265855602,1,140119,84087,4404
2569,pv_32_z_2,pv_32,,,2,ely_y2569_id_2d8a1c84-0bc8-4377-965d-c020a0097c27,2d8a1c84-0bc8-4377-965d-c020a0097c27,9,ely_y2569_id_f8b561ad-7015-48e7-942a-3cbbf65aff9e,16027,19.060021168551618,2,140119,84087,4404
2569,pv_32_z_2,pv_32,,,2,ely_y2569_id_1116011c-1ef3-4cca-a186-c1b9f7984ede,1116011c-1ef3-4cca-a186-c1b9f7984ede,46,ely_y2569_id_2b08694c-3eb9-448f-9f9b-c147a89e8b8a,13454,16.00009513955784,3,140119,84087,4404
2569,pv_32_z_2,pv_32,,,2,ely_y2569_id_0c044088-618b-49af-a291-fb28ffe9e0f8,0c044088-618b-49af-a291-fb28ffe9e0f8,11,ely_y2569_id_316fc3ad-6dfb-4941-be12-e5060331592c,1043,1.240381985324723,4,140119,84087,4404
2569,pv_32_z_2,pv_32,,,2,ely_y2569_id_115da917-bf32-4e96-a2ae-b7818d0909ee,115da917-bf32-4e96-a2ae-b7818d0909ee,6,ely_y2569_id_73ba058a-0ece-4d0d-b3b5-a8613ba11882,989,1.1761627837834623,5,140119,84087,4404
2569,pv_32_z_2,pv_32,,,2,ely_y2569_id_d7155f6d-736d-42c0-8bc0-00ee6e1970dc,d7155f6d-736d-42c0-8bc0-00ee6e1970dc,27,ely_y2569_id_3b983afa-1989-4a28-a4c2-c5c63e4915db,899,1.0691307812146942,6,140119,84087,4404
2569,pv_32_z_2,pv_32,,,2,ely_y2569_id_a62aca08-91b7-4f3f-ba8f-cb9e884a3799,a62aca08-91b7-4f3f-ba8f-cb9e884a3799,42,ely_y2569_id_b5ae3883-00f4-4818-b398-a4620744b6bd,579,0.6885725498590746,7,140119,84087,4404
2569,pv_32_z_2,pv_32,,,2,ely_y2569_id_d1964fe3-2dd0-43d5-a190-77fbfaf586b2,,8,ely_y2569_id_09c72a60-92fc-4a69-a166-1c70bff50c75,443,0.5268353015329361,8,140119,84087,4404
2569,pv_32_z_2,pv_32,,,2,ely_y2569_id_03347cbc-6089-474c-a3f6-484ae981c9a6,03347cbc-6089-474c-a3f6-484ae981c9a6,43,ely_y2569_id_e6e3df3b-d9a4-42cc-8fa5-0911c3e9c892,433,0.5149428568030731,9,140119,84087,4404
2569,pv_32_z_2,pv_32,,,2,ely_y2569_id_339fa187-133c-4766-a6c2-36d1b32cda8f,339fa187-133c-4766-a6c2-36d1b32cda8f,23,ely_y2569_id_537ed10e-5b45-4f7b-b2ee-c6f6d0b9907a,118,0.14033084781238478,10,140119,84087,4404
2569,pv_48_z_3,pv_48,,,3,ely_y2569_id_013c219e-e197-416d-84ea-00ba9c35465e,013c219e-e197-416d-84ea-00ba9c35465e,37,ely_y2569_id_eb744fd4-09e2-40cb-a5ab-bedce426dd20,34970,41.59430977472227,1,142411,84074,3889
2569,pv_48_z_3,pv_48,,,3,ely_y2569_id_2d8a1c84-0bc8-4377-965d-c020a0097c27,2d8a1c84-0bc8-4377-965d-c020a0097c27,9,ely_y2569_id_76368e33-46ab-4d97-8ef6-fd33209bf042,33223,39.51637842852725,2,142411,84074,3889
2569,pv_48_z_3,pv_48,,,3,ely_y2569_id_1116011c-1ef3-4cca-a186-c1b9f7984ede,1116011c-1ef3-4cca-a186-c1b9f7984ede,46,ely_y2569_id_fdb9d9ba-6860-413d-9c8c-4827b1dd4c0e,11489,13.665342436425053,3,142411,84074,3889
2569,pv_48_z_3,pv_48,,,3,ely_y2569_id_d7155f6d-736d-42c0-8bc0-00ee6e1970dc,d7155f6d-736d-42c0-8bc0-00ee6e1970dc,27,ely_y2569_id_f1f444b1-d35a-40ca-a77e-7fe1768d10f9,1599,1.9018959488070035,4,142411,84074,3889
2569,pv_48_z_3,pv_48,,,3,ely_y2569_id_0c044088-618b-49af-a291-fb28ffe9e0f8,0c044088-618b-49af-a291-fb28ffe9e0f8,11,ely_y2569_id_dbf2464a-685b-4a46-9f8a-18258e5b3fe2,1084,1.2893403430311392,5,142411,84074,3889
2569,pv_48_z_3,pv_48,,,3,ely_y2569_id_339fa187-133c-4766-a6c2-36d1b32cda8f,339fa187-133c-4766-a6c2-36d1b32cda8f,23,ely_y2569_id_229c4850-2e85-41dd-b0c0-3ab6eecbc806,840,0.99911982301306,6,142411,84074,3889
2569,pv_48_z_3,pv_48,,,3,ely_y2569_id_a62aca08-91b7-4f3f-ba8f-cb9e884a3799,a62aca08-91b7-4f3f-ba8f-cb9e884a3799,42,ely_y2569_id_6e453ab5-bd8e-49ea-abad-ea9409eb7e13,557,0.6625115969265171,7,142411,84074,3889
2569,pv_48_z_3,pv_48,,,3,ely_y2569_id_115da917-bf32-4e96-a2ae-b7818d0909ee,115da917-bf32-4e96-a2ae-b7818d0909ee,6,ely_y2569_id_3f4a3418-23cb-4921-95e1-2827325b49d5,312,0.371101648547708,8,142411,84074,3889
2569,pv_10_z_14,pv_10,,,14,ely_y2569_id_1116011c-1ef3-4cca-a186-c1b9f7984ede,1116011c-1ef3-4cca-a186-c1b9f7984ede,46,ely_y2569_id_971505fe-894a-432f-8b09-ea9fc3579ab4,36911,43.9489914985831,1,140341,85722,1436
2569,pv_10_z_14,pv_10,,,14,ely_y2569_id_013c219e-e197-416d-84ea-00ba9c35465e,013c219e-e197-416d-84ea-00ba9c35465e,37,ely_y2569_id_362720e1-2b5b-41bd-9320-859765cf26a4,23065,27.462910485080847,2,140341,85722,1436
2569,pv_10_z_14,pv_10,,,14,ely_y2569_id_2d8a1c84-0bc8-4377-965d-c020a0097c27,2d8a1c84-0bc8-4377-965d-c020a0097c27,9,ely_y2569_id_e5ccafa5-4671-458c-b87b-185295705be3,10136,12.068678113018837,3,140341,85722,1436
2569,pv_10_z_14,pv_10,,,14,ely_y2569_id_d7155f6d-736d-42c0-8bc0-00ee6e1970dc,d7155f6d-736d-42c0-8bc0-00ee6e1970dc,27,ely_y2569_id_f9d15948-6505-4ded-85a6-18b6a2670110,7269,8.655013930893245,4,140341,85722,1436
2569,pv_10_z_14,pv_10,,,14,ely_y2569_id_115da917-bf32-4e96-a2ae-b7818d0909ee,115da917-bf32-4e96-a2ae-b7818d0909ee,6,ely_y2569_id_4fe89f00-dcc4-49fe-a664-fb1b3d2f7f05,1191,1.4180934917724382,5,140341,85722,1436
2569,pv_10_z_14,pv_10,,,14,ely_y2569_id_cb1b6cf2-41fa-49b1-a060-01acf13edc81,cb1b6cf2-41fa-49b1-a060-01acf13edc81,48,ely_y2569_id_3580376f-fe0d-4522-bc5f-86b9d2e8a35b,1157,1.3776105541399757,6,140341,85722,1436
2569,pv_10_z_14,pv_10,,,14,ely_y2569_id_0c044088-618b-49af-a291-fb28ffe9e0f8,0c044088-618b-49af-a291-fb28ffe9e0f8,11,ely_y2569_id_279991a8-28f1-473d-bfad-a0fedb608081,1076,1.2811659086038147,7,140341,85722,1436
2569,pv_10_z_14,pv_10,,,14,ely_y2569_id_f9cadd57-8256-49aa-9386-0da392b19fc2,f9cadd57-8256-49aa-9386-0da392b19fc2,29,ely_y2569_id_da807257-74c6-4d35-885f-6b77946f4c23,624,0.7429809730193128,8,140341,85722,1436
2569,pv_10_z_14,pv_10,,,14,ely_y2569_id_a62aca08-91b7-4f3f-ba8f-cb9e884a3799,a62aca08-91b7-4f3f-ba8f-cb9e884a3799,42,ely_y2569_id_334f1d4e-4e5c-46a0-a0b0-0593accec1b3,521,0.6203414854856761,9,140341,85722,1436
2569,pv_10_z_14,pv_10,,,14,ely_y2569_id_54706125-9661-467d-a8af-78994d14b116,54706125-9661-467d-a8af-78994d14b116,35,ely_y2569_id_8e547d7e-4e2c-41f2-bd32-ee39a74a96f6,443,0.5274688638582621,10,140341,85722,1436
2569,pv_10_z_14,pv_10,,,14,ely_y2569_id_965b4b93-c01e-4a2b-a987-577f2b99ebb4,965b4b93-c01e-4a2b-a987-577f2b99ebb4,49,ely_y2569_id_97e7af47-c1c7-4e9f-b266-631b1647c55d,421,0.5012740218607864,11,140341,85722,1436
2569,pv_10_z_14,pv_10,,,14,ely_y2569_id_339fa187-133c-4766-a6c2-36d1b32cda8f,339fa187-133c-4766-a6c2-36d1b32cda8f,23,ely_y2569_id_81c5740e-cbe0-4ee9-8bb7-7f4445a3df08,323,0.3845879075083942,12,140341,85722,1436
2569,pv_10_z_14,pv_10,,,14,ely_y2569_id_03347cbc-6089-474c-a3f6-484ae981c9a6,03347cbc-6089-474c-a3f6-484ae981c9a6,43,ely_y2569_id_01972153-76d1-49d7-a8d7-6a6244e46edb,286,0.340532945967185,13,140341,85722,1436
2569,pv_10_z_14,pv_10,,,14,ely_y2569_id_2ee17641-917b-4ea0-8c19-da383e03e915,2ee17641-917b-4ea0-8c19-da383e03e915,44,ely_y2569_id_60b43ce3-c642-4875-b92c-7d8eca47e629,256,0.30481270687971806,14,140341,85722,1436
2569,pv_10_z_14,pv_10,,,14,ely_y2569_id_bd8d9f14-f757-41fb-8f37-d6128d9d012d,bd8d9f14-f757-41fb-8f37-d6128d9d012d,7,ely_y2569_id_e2f63c1f-c212-4f28-bbda-1836b1cd7617,175,0.20836806134355723,15,140341,85722,1436
2569,pv_10_z_14,pv_10,,,14,ely_y2569_id_3caedce0-9faa-47a0-8afc-d5f4fff86578,,28,ely_y2569_id_29a7d6f3-8608-42cb-9dde-b20bc73f8106,132,0.15716905198485462,16,140341,85722,1436
2569,pv_30_z_5,pv_30,,,5,ely_y2569_id_2d8a1c84-0bc8-4377-965d-c020a0097c27,2d8a1c84-0bc8-4377-965d-c020a0097c27,9,ely_y2569_id_fded567b-ed03-4506-b270-d259f59e84d0,37213,44.321768440109096,1,133508,83962,5626
2569,pv_30_z_5,pv_30,,,5,ely_y2569_id_013c219e-e197-416d-84ea-00ba9c35465e,013c219e-e197-416d-84ea-00ba9c35465e,37,ely_y2569_id_81ce6f29-4309-43c5-a996-49a9e19e061a,29409,35.02697681066209,2,133508,83962,5626
2569,pv_30_z_5,pv_30,,,5,ely_y2569_id_1116011c-1ef3-4cca-a186-c1b9f7984ede,1116011c-1ef3-4cca-a186-c1b9f7984ede,46,ely_y2569_id_c65b9b17-93f3-4e3c-8c54-59500c2e49a6,13111,15.615583425638095,3,133508,83962,5626
2569,pv_30_z_5,pv_30,,,5,ely_y2569_id_0c044088-618b-49af-a291-fb28ffe9e0f8,0c044088-618b-49af-a291-fb28ffe9e0f8,11,ely_y2569_id_c6ea6241-c8e1-4aa1-a0a2-2d10ef593aba,1441,1.7162730315265422,4,133508,83962,5626
2569,pv_30_z_5,pv_30,,,5,ely_y2569_id_03347cbc-6089-474c-a3f6-484ae981c9a6,03347cbc-6089-474c-a3f6-484ae981c9a6,43,ely_y2569_id_864077b3-63a5-437b-8c43-68a9b686138e,1118,1.3315706101642428,5,133508,83962,5626
2569,pv_30_z_5,pv_30,,,5,ely_y2569_id_d7155f6d-736d-42c0-8bc0-00ee6e1970dc,d7155f6d-736d-42c0-8bc0-00ee6e1970dc,27,ely_y2569_id_0fc9845c-f61a-4f43-b831-58b856bc1075,789,0.9397220137921177,6,133508,83962,5626
2569,pv_30_z_5,pv_30,,,5,ely_y2569_id_a62aca08-91b7-4f3f-ba8f-cb9e884a3799,a62aca08-91b7-4f3f-ba8f-cb9e884a3799,42,ely_y2569_id_8705ba9b-d100-4c87-a0a1-763c769a763f,579,0.6896058884482081,7,133508,83962,5626
2569,pv_30_z_5,pv_30,,,5,ely_y2569_id_f9cadd57-8256-49aa-9386-0da392b19fc2,f9cadd57-8256-49aa-9386-0da392b19fc2,29,ely_y2569_id_99e210ec-0e4c-492e-b7f1-06ce725e950c,301,0.3584997796596039,8,133508,83962,5626
2569,pv_65_z_4,pv_65,,,4,ely_y2569_id_013c219e-e197-416d-84ea-00ba9c35465e,013c219e-e197-416d-84ea-00ba9c35465e,37,ely_y2569_id_e3a8f727-5cd8-435a-b944-73ab3a817d02,40713,48.52157746076013,1,128190,83907,5236
2569,pv_65_z_4,pv_65,,,4,ely_y2569_id_2d8a1c84-0bc8-4377-965d-c020a0097c27,2d8a1c84-0bc8-4377-965d-c020a0097c27,9,ely_y2569_id_4b9501a3-ab51-473c-b57a-09ca8d012108,27898,33.248715840156365,2,128190,83907,5236
2569,pv_65_z_4,pv_65,,,4,ely_y2569_id_1116011c-1ef3-4cca-a186-c1b9f7984ede,1116011c-1ef3-4cca-a186-c1b9f7984ede,46,ely_y2569_id_d20df11e-e2fd-40f8-8b0f-87530b9dac96,13276,15.822279428414793,3,128190,83907,5236
2569,pv_65_z_4,pv_65,,,4,ely_y2569_id_d7155f6d-736d-42c0-8bc0-00ee6e1970dc,d7155f6d-736d-42c0-8bc0-00ee6e1970dc,27,ely_y2569_id_dad367fe-4ea7-406f-93ce-76aa0021af71,692,0.8247226095558178,4,128190,83907,5236
2569,pv_65_z_4,pv_65,,,4,ely_y2569_id_115da917-bf32-4e96-a2ae-b7818d0909ee,115da917-bf32-4e96-a2ae-b7818d0909ee,6,ely_y2569_id_950a19ca-b486-43fb-b529-c38924d5e235,671,0.7996949003062914,5,128190,83907,5236
2569,pv_65_z_4,pv_65,,,4,ely_y2569_id_a62aca08-91b7-4f3f-ba8f-cb9e884a3799,a62aca08-91b7-4f3f-ba8f-cb9e884a3799,42,ely_y2569_id_f237d47e-1ba3-4bef-a635-22e30c31ebf7,501,0.5970896349529836,6,128190,83907,5236
2569,pv_65_z_4,pv_65,,,4,ely_y2569_id_7255d2d0-1f49-4fd8-adad-7acfea2d5126,7255d2d0-1f49-4fd8-adad-7acfea2d5126,56,ely_y2569_id_cf268b05-1a1a-4aec-9500-ec2be5b0c7ad,156,0.18592012585362364,7,128190,83907,5236
2569,pv_10_z_19,pv_10,,,19,ely_y2569_id_1116011c-1ef3-4cca-a186-c1b9f7984ede,1116011c-1ef3-4cca-a186-c1b9f7984ede,46,ely_y2569_id_ee7850fa-7e68-4dae-b230-57d564c991ba,38566,45.99019759829233,1,135594,86264,1517
2569,pv_10_z_19,pv_10,,,19,ely_y2569_id_013c219e-e197-416d-84ea-00ba9c35465e,013c219e-e197-416d-84ea-00ba9c35465e,37,ely_y2569_id_0b0f3e32-9d17-4d73-8aa6-9fc9e7637e61,16377,19.529675519038364,2,135594,86264,1517
2569,pv_10_z_19,pv_10,,,19,ely_y2569_id_2d8a1c84-0bc8-4377-965d-c020a0097c27,2d8a1c84-0bc8-4377-965d-c020a0097c27,9,ely_y2569_id_31d27c1d-6063-4294-b773-3dfac5df0c8f,12333,14.707180080374924,3,135594,86264,1517
2569,pv_10_z_19,pv_10,,,19,ely_y2569_id_d7155f6d-736d-42c0-8bc0-00ee6e1970dc,d7155f6d-736d-42c0-8bc0-00ee6e1970dc,27,ely_y2569_id_c1081804-a790-4fde-ac0d-da2689e4751b,9287,11.074805919601225,4,135594,86264,1517
2569,pv_10_z_19,pv_10,,,19,ely_y2569_id_115da917-bf32-4e96-a2ae-b7818d0909ee,115da917-bf32-4e96-a2ae-b7818d0909ee,6,ely_y2569_id_01377780-0d04-405f-900a-08e22326fe42,2202,2.6258988516164425,5,135594,86264,1517
2569,pv_10_z_19,pv_10,,,19,ely_y2569_id_0c044088-618b-49af-a291-fb28ffe9e0f8,0c044088-618b-49af-a291-fb28ffe9e0f8,11,ely_y2569_id_e46f3de9-80e8-4a12-b5da-ae897e288ead,1461,1.7422516903776668,6,135594,86264,1517
2569,pv_10_z_19,pv_10,,,19,ely_y2569_id_cb1b6cf2-41fa-49b1-a060-01acf13edc81,cb1b6cf2-41fa-49b1-a060-01acf13edc81,48,ely_y2569_id_cc268cff-9268-420f-b12e-dda66cb581b2,828,0.9873952085097248,7,135594,86264,1517
2569,pv_10_z_19,pv_10,,,19,ely_y2569_id_a62aca08-91b7-4f3f-ba8f-cb9e884a3799,a62aca08-91b7-4f3f-ba8f-cb9e884a3799,42,ely_y2569_id_5381c0a4-b64a-4328-913a-f193cfecc0b2,719,0.8574120228484204,8,135594,86264,1517
2569,pv_10_z_19,pv_10,,,19,ely_y2569_id_965b4b93-c01e-4a2b-a987-577f2b99ebb4,965b4b93-c01e-4a2b-a987-577f2b99ebb4,49,ely_y2569_id_f49eeb22-a8bd-4979-8b69-5a820049e213,522,0.6224882836256962,9,135594,86264,1517
2569,pv_10_z_19,pv_10,,,19,ely_y2569_id_339fa187-133c-4766-a6c2-36d1b32cda8f,339fa187-133c-4766-a6c2-36d1b32cda8f,23,ely_y2569_id_90503ce8-93d8-4be6-926e-649c1a0a95cd,497,0.5926756263639291,10,135594,86264,1517
2569,pv_10_z_19,pv_10,,,19,ely_y2569_id_bd8d9f14-f757-41fb-8f37-d6128d9d012d,bd8d9f14-f757-41fb-8f37-d6128d9d012d,7,ely_y2569_id_397ba230-f40e-489e-9ea8-937bc379f68f,311,0.37086945633638213,11,135594,86264,1517
2569,pv_10_z_19,pv_10,,,19,ely_y2569_id_2ee17641-917b-4ea0-8c19-da383e03e915,2ee17641-917b-4ea0-8c19-da383e03e915,44,ely_y2569_id_7d46d641-3d55-4505-a69e-77ab85f9b365,299,0.35655938085073396,12,135594,86264,1517
2569,pv_10_z_19,pv_10,,,19,ely_y2569_id_54706125-9661-467d-a8af-78994d14b116,54706125-9661-467d-a8af-78994d14b116,35,ely_y2569_id_3427f91e-fb87-4e24-b66e-6101a4e915d2,251,0.29931907890814125,13,135594,86264,1517
2569,pv_10_z_19,pv_10,,,19,ely_y2569_id_bdd306a2-80c7-4d7b-a7ff-8dc1ec9fcc76,bdd306a2-80c7-4d7b-a7ff-8dc1ec9fcc76,10,ely_y2569_id_b06b7aa4-31e8-4de4-b232-8a04120f2bcb,204,0.24327128325601918,14,135594,86264,1517
2569,pv_10_z_10,pv_10,,,10,ely_y2569_id_1116011c-1ef3-4cca-a186-c1b9f7984ede,1116011c-1ef3-4cca-a186-c1b9f7984ede,46,ely_y2569_id_78fb3552-df9c-45dc-bdeb-0b174fb2edba,37489,44.74482001336771,1,138687,86401,1676
2569,pv_10_z_10,pv_10,,,10,ely_y2569_id_2d8a1c84-0bc8-4377-965d-c020a0097c27,2d8a1c84-0bc8-4377-965d-c020a0097c27,9,ely_y2569_id_44fe193c-47b6-44d2-97f5-313a5c98c0e0,17889,21.35133199656259,2,138687,86401,1676
2569,pv_10_z_10,pv_10,,,10,ely_y2569_id_2ee17641-917b-4ea0-8c19-da383e03e915,2ee17641-917b-4ea0-8c19-da383e03e915,44,ely_y2569_id_46076bed-4e2c-4495-bc22-ae8f37ecf7bf,8696,10.379069989496802,3,138687,86401,1676
2569,pv_10_z_10,pv_10,,,10,ely_y2569_id_013c219e-e197-416d-84ea-00ba9c35465e,013c219e-e197-416d-84ea-00ba9c35465e,37,ely_y2569_id_f7ba2a09-5afa-4578-8962-11cd32c0efd5,7276,8.68423565358541,4,138687,86401,1676
2569,pv_10_z_10,pv_10,,,10,ely_y2569_id_d7155f6d-736d-42c0-8bc0-00ee6e1970dc,d7155f6d-736d-42c0-8bc0-00ee6e1970dc,27,ely_y2569_id_332fc498-7d46-4493-b25f-700cde7000df,5864,6.998949680129858,5,138687,86401,1676
2569,pv_10_z_10,pv_10,,,10,ely_y2569_id_115da917-bf32-4e96-a2ae-b7818d0909ee,115da917-bf32-4e96-a2ae-b7818d0909ee,6,ely_y2569_id_ef4161c1-94e7-4fa3-b024-ce6904a11029,1835,2.1901556383080303,6,138687,86401,1676
2569,pv_10_z_10,pv_10,,,10,ely_y2569_id_0c044088-618b-49af-a291-fb28ffe9e0f8,0c044088-618b-49af-a291-fb28ffe9e0f8,11,ely_y2569_id_38f4a6d6-98f6-43a3-a5e6-6a9435c18478,1288,1.5372863553900507,7,138687,86401,1676
2569,pv_10_z_10,pv_10,,,10,ely_y2569_id_cb1b6cf2-41fa-49b1-a060-01acf13edc81,cb1b6cf2-41fa-49b1-a060-01acf13edc81,48,ely_y2569_id_43e3b87a-1859-48b5-ad92-b266ae6c6665,570,0.6803208249785162,8,138687,86401,1676
2569,pv_10_z_10,pv_10,,,10,ely_y2569_id_965b4b93-c01e-4a2b-a987-577f2b99ebb4,965b4b93-c01e-4a2b-a987-577f2b99ebb4,49,ely_y2569_id_0334527f-ef13-4476-839b-042448d19e3e,526,0.6278048314714026,9,138687,86401,1676
2569,pv_10_z_10,pv_10,,,10,ely_y2569_id_a62aca08-91b7-4f3f-ba8f-cb9e884a3799,a62aca08-91b7-4f3f-ba8f-cb9e884a3799,42,ely_y2569_id_b9248a52-d38a-4cc6-bcaa-1dc90a6424f6,494,0.5896113816480473,10,138687,86401,1676
2569,pv_10_z_10,pv_10,,,10,ely_y2569_id_d1964fe3-2dd0-43d5-a190-77fbfaf586b2,,8,ely_y2569_id_b0adbb06-df8e-415b-8757-31cd7be7ced8,447,0.5335147522199942,11,138687,86401,1676
2569,pv_10_z_10,pv_10,,,10,ely_y2569_id_54706125-9661-467d-a8af-78994d14b116,54706125-9661-467d-a8af-78994d14b116,35,ely_y2569_id_b5a31bd7-1ff3-4256-a372-7e8cccb0db24,434,0.5179986632292563,12,138687,86401,1676
2569,pv_10_z_10,pv_10,,,10,ely_y2569_id_bd8d9f14-f757-41fb-8f37-d6128d9d012d,bd8d9f14-f757-41fb-8f37-d6128d9d012d,7,ely_y2569_id_b4313207-33e9-4e85-b739-dd27a31df1c6,389,0.46428912441516285,13,138687,86401,1676
2569,pv_10_z_10,pv_10,,,10,ely_y2569_id_7ffe2115-72d1-4d71-9962-03ff61afc67c,,31,ely_y2569_id_917c9cc0-3fc2-43c3-92e5-bd17546c66a4,255,0.3043540532798625,14,138687,86401,1676
2569,pv_10_z_10,pv_10,,,10,ely_y2569_id_8ad4145b-ea4e-40f1-893f-a9d10f3d9fb4,,54,ely_y2569_id_46694c74-ba7f-4edf-978c-43609546bc94,176,0.21006397402845411,15,138687,86401,1676
2569,pv_10_z_10,pv_10,,,10,ely_y2569_id_c126e4e4-be85-44e6-bf3e-f9331b9f91a9,c126e4e4-be85-44e6-bf3e-f9331b9f91a9,24,ely_y2569_id_b7f1d8f5-b6fe-4718-8c57-e11029d9bb79,156,0.18619306788885706,16,138687,86401,1676
2569,pv_57_z_4,pv_57,,,4,ely_y2569_id_a62aca08-91b7-4f3f-ba8f-cb9e884a3799,a62aca08-91b7-4f3f-ba8f-cb9e884a3799,42,ely_y2569_id_12beabb7-5fc1-4b45-a8ee-a0256bf06089,31901,38.17050553395154,1,141667,86226,5568
2569,pv_57_z_4,pv_57,,,4,ely_y2569_id_2d8a1c84-0bc8-4377-965d-c020a0097c27,2d8a1c84-0bc8-4377-965d-c020a0097c27,9,ely_y2569_id_6e7ea6cc-a39d-49bb-ab6e-9757beeb930d,26992,32.29673945557882,2,141667,86226,5568
2569,pv_57_z_4,pv_57,,,4,ely_y2569_id_1116011c-1ef3-4cca-a186-c1b9f7984ede,1116011c-1ef3-4cca-a186-c1b9f7984ede,46,ely_y2569_id_29c4d463-cdab-4ee3-9248-3875cb5374ac,20370,24.373317379599165,3,141667,86226,5568
2569,pv_57_z_4,pv_57,,,4,ely_y2569_id_013c219e-e197-416d-84ea-00ba9c35465e,013c219e-e197-416d-84ea-00ba9c35465e,37,ely_y2569_id_76a30606-c1ed-4129-8c7a-6969d7da08f7,1321,1.580616212982351,4,141667,86226,5568
2569,pv_57_z_4,pv_57,,,4,ely_y2569_id_d7155f6d-736d-42c0-8bc0-00ee6e1970dc,d7155f6d-736d-42c0-8bc0-00ee6e1970dc,27,ely_y2569_id_e2091ec3-abd1-438a-a920-717678dafc13,1186,1.4190846545019442,5,141667,86226,5568
2569,pv_57_z_4,pv_57,,,4,ely_y2569_id_2ee17641-917b-4ea0-8c19-da383e03e915,2ee17641-917b-4ea0-8c19-da383e03e915,44,ely_y2569_id_d568a6c0-6a0c-4414-9a14-ac3669f26901,763,0.912952437930003,6,141667,86226,5568
2569,pv_57_z_4,pv_57,,,4,ely_y2569_id_115da917-bf32-4e96-a2ae-b7818d0909ee,115da917-bf32-4e96-a2ae-b7818d0909ee,6,ely_y2569_id_b628c537-f9e6-49fc-842b-0da9a9732485,762,0.9117559078671851,7,141667,86226,5568
2569,pv_57_z_4,pv_57,,,4,ely_y2569_id_bd8d9f14-f757-41fb-8f37-d6128d9d012d,bd8d9f14-f757-41fb-8f37-d6128d9d012d,7,ely_y2569_id_ff7f1ff1-800d-41bd-92b9-e40511db8ee9,280,0.33502841758899193,8,141667,86226,5568
2569,pv_10_z_33,pv_10,,,33,ely_y2569_id_1116011c-1ef3-4cca-a186-c1b9f7984ede,1116011c-1ef3-4cca-a186-c1b9f7984ede,46,ely_y2569_id_414edb71-85b8-4d9c-9744-4baa9b62feb7,39831,47.70522432749659,1,148223,86400,1884
2569,pv_10_z_33,pv_10,,,33,ely_y2569_id_d7155f6d-736d-42c0-8bc0-00ee6e1970dc,d7155f6d-736d-42c0-8bc0-00ee6e1970dc,27,ely_y2569_id_30a90262-1bb4-490a-bd46-da03afdd453c,14177,16.979663209332408,2,148223,86400,1884
2569,pv_10_z_33,pv_10,,,33,ely_y2569_id_013c219e-e197-416d-84ea-00ba9c35465e,013c219e-e197-416d-84ea-00ba9c35465e,37,ely_y2569_id_4f7b2133-dc59-4b9c-88b1-66c8fb213f20,13293,15.920904496131458,3,148223,86400,1884
2569,pv_10_z_33,pv_10,,,33,ely_y2569_id_2d8a1c84-0bc8-4377-965d-c020a0097c27,2d8a1c84-0bc8-4377-965d-c020a0097c27,9,ely_y2569_id_b37fc331-1286-4a6a-ab7e-f2417c1036a5,6624,7.93350420389489,4,148223,86400,1884
2569,pv_10_z_33,pv_10,,,33,ely_y2569_id_115da917-bf32-4e96-a2ae-b7818d0909ee,115da917-bf32-4e96-a2ae-b7818d0909ee,6,ely_y2569_id_ea30c0db-f020-4bd1-93ac-52db6ba3bf09,2261,2.7079790164562723,5,148223,86400,1884
2569,pv_10_z_33,pv_10,,,33,ely_y2569_id_0c044088-618b-49af-a291-fb28ffe9e0f8,0c044088-618b-49af-a291-fb28ffe9e0f8,11,ely_y2569_id_14f0a52f-8e67-4b84-aabd-a8ac9add4fb0,2017,2.415742448559178,6,148223,86400,1884
2569,pv_10_z_33,pv_10,,,33,ely_y2569_id_965b4b93-c01e-4a2b-a987-577f2b99ebb4,965b4b93-c01e-4a2b-a987-577f2b99ebb4,49,ely_y2569_id_29d5c7f8-e3ff-45a5-bf1c-56e7cb227877,1409,1.6875464105205165,7,148223,86400,1884
2569,pv_10_z_33,pv_10,,,33,ely_y2569_id_a62aca08-91b7-4f3f-ba8f-cb9e884a3799,a62aca08-91b7-4f3f-ba8f-cb9e884a3799,42,ely_y2569_id_de71cf5b-fc0e-4056-a62d-bbabaaeb6e31,1357,1.6252664862145783,8,148223,86400,1884
2569,pv_10_z_33,pv_10,,,33,ely_y2569_id_cb1b6cf2-41fa-49b1-a060-01acf13edc81,cb1b6cf2-41fa-49b1-a060-01acf13edc81,48,ely_y2569_id_0eb0153c-e8bb-42f2-ad2a-c2918b9ae267,627,0.7509521642273695,9,148223,86400,1884
2569,pv_10_z_33,pv_10,,,33,ely_y2569_id_bcdcd19b-d619-47dd-8535-fafb6bc6f4d8,bcdcd19b-d619-47dd-8535-fafb6bc6f4d8,12,ely_y2569_id_7552f127-93bf-4c22-bb2a-57e123f6b952,566,0.677893022253096,10,148223,86400,1884
2569,pv_10_z_33,pv_10,,,33,ely_y2569_id_c126e4e4-be85-44e6-bf3e-f9331b9f91a9,c126e4e4-be85-44e6-bf3e-f9331b9f91a9,24,ely_y2569_id_ad3614f8-ca4c-4450-b7d1-f7565f18b594,526,0.6299853881716051,11,148223,86400,1884
2569,pv_10_z_33,pv_10,,,33,ely_y2569_id_bd8d9f14-f757-41fb-8f37-d6128d9d012d,bd8d9f14-f757-41fb-8f37-d6128d9d012d,7,ely_y2569_id_e99ba267-8d67-4da1-8185-718ecbfca11b,372,0.4455409969578652,12,148223,86400,1884
2569,pv_10_z_33,pv_10,,,33,ely_y2569_id_2ee17641-917b-4ea0-8c19-da383e03e915,2ee17641-917b-4ea0-8c19-da383e03e915,44,ely_y2569_id_cfc26592-d933-42ad-a0d3-7276972a0e02,256,0.30660885812154165,13,148223,86400,1884
2569,pv_10_z_33,pv_10,,,33,ely_y2569_id_7255d2d0-1f49-4fd8-adad-7acfea2d5126,7255d2d0-1f49-4fd8-adad-7acfea2d5126,56,ely_y2569_id_c511f1f2-d174-414f-b3a4-16fbdbf5ad39,178,0.21318897166263442,14,148223,86400,1884
2569,pv_11_z_4,pv_11,,,4,ely_y2569_id_1116011c-1ef3-4cca-a186-c1b9f7984ede,1116011c-1ef3-4cca-a186-c1b9f7984ede,46,ely_y2569_id_c9ab3fd6-56af-485f-80e5-389b3d19d417,43764,52.437723912340196,1,136475,84354,1513
2569,pv_11_z_4,pv_11,,,4,ely_y2569_id_2d8a1c84-0bc8-4377-965d-c020a0097c27,2d8a1c84-0bc8-4377-965d-c020a0097c27,9,ely_y2569_id_1163cdc9-e785-404f-bb5a-4c0f4a2bee3d,14169,16.977198384835667,2,136475,84354,1513
2569,pv_11_z_4,pv_11,,,4,ely_y2569_id_013c219e-e197-416d-84ea-00ba9c35465e,013c219e-e197-416d-84ea-00ba9c35465e,37,ely_y2569_id_f1840ea5-0ac9-4336-9710-6750eacc4c32,13817,16.555434404917385,3,136475,84354,1513
2569,pv_11_z_4,pv_11,,,4,ely_y2569_id_d7155f6d-736d-42c0-8bc0-00ee6e1970dc,d7155f6d-736d-42c0-8bc0-00ee6e1970dc,27,ely_y2569_id_7c863ce3-bb82-4256-b99e-d86c6bc4bfe6,5319,6.373189230640194,4,136475,84354,1513
2569,pv_11_z_4,pv_11,,,4,ely_y2569_id_2ee17641-917b-4ea0-8c19-da383e03e915,2ee17641-917b-4ea0-8c19-da383e03e915,44,ely_y2569_id_e11fe60a-0c01-4c69-8cd9-37891568c325,1727,2.069279526474077,5,136475,84354,1513
2569,pv_11_z_4,pv_11,,,4,ely_y2569_id_115da917-bf32-4e96-a2ae-b7818d0909ee,115da917-bf32-4e96-a2ae-b7818d0909ee,6,ely_y2569_id_7d063e2e-0add-4959-849f-e3e007ee1045,1589,1.9039288752561137,6,136475,84354,1513
2569,pv_11_z_4,pv_11,,,4,ely_y2569_id_03347cbc-6089-474c-a3f6-484ae981c9a6,03347cbc-6089-474c-a3f6-484ae981c9a6,43,ely_y2569_id_fd36ebf4-51bb-4800-8b37-4ef02b1936ef,1018,1.2197606010136715,7,136475,84354,1513
2569,pv_11_z_4,pv_11,,,4,ely_y2569_id_3caedce0-9faa-47a0-8afc-d5f4fff86578,,28,ely_y2569_id_ce97a5b9-d5f1-4df2-8ea6-117e033937b1,652,0.7812219173486383,8,136475,84354,1513
2569,pv_11_z_4,pv_11,,,4,ely_y2569_id_a62aca08-91b7-4f3f-ba8f-cb9e884a3799,a62aca08-91b7-4f3f-ba8f-cb9e884a3799,42,ely_y2569_id_fa7b4a1e-309c-45ca-ba2f-de52d7f7fcfb,628,0.7524652823542098,9,136475,84354,1513
2569,pv_11_z_4,pv_11,,,4,ely_y2569_id_bdd306a2-80c7-4d7b-a7ff-8dc1ec9fcc76,bdd306a2-80c7-4d7b-a7ff-8dc1ec9fcc76,10,ely_y2569_id_82e0d4f8-6dc0-4267-b309-bd825062c8f8,424,0.5080338849015684,10,136475,84354,1513
2569,pv_11_z_4,pv_11,,,4,ely_y2569_id_339fa187-133c-4766-a6c2-36d1b32cda8f,339fa187-133c-4766-a6c2-36d1b32cda8f,23,ely_y2569_id_ba87ffa3-f7b7-4858-9f7c-d718ad7e9fad,352,0.42176397991828324,11,136475,84354,1513
2569,pv_13_z_4,pv_13,,,4,ely_y2569_id_1116011c-1ef3-4cca-a186-c1b9f7984ede,1116011c-1ef3-4cca-a186-c1b9f7984ede,46,ely_y2569_id_e2fffc87-33a8-4222-822a-fb9937e2a4b5,36892,44.2048000766862,1,132037,85667,2367
2569,pv_13_z_4,pv_13,,,4,ely_y2569_id_2d8a1c84-0bc8-4377-965d-c020a0097c27,2d8a1c84-0bc8-4377-965d-c020a0097c27,9,ely_y2569_id_2a4f05a0-c5f1-486c-822d-e671e575c4b6,16662,19.964772277939538,2,132037,85667,2367
2569,pv_13_z_4,pv_13,,,4,ely_y2569_id_a62aca08-91b7-4f3f-ba8f-cb9e884a3799,a62aca08-91b7-4f3f-ba8f-cb9e884a3799,42,ely_y2569_id_7ab8d80a-e330-443a-8158-98010792c92b,14453,17.317900236049702,3,132037,85667,2367
2569,pv_13_z_4,pv_13,,,4,ely_y2569_id_013c219e-e197-416d-84ea-00ba9c35465e,013c219e-e197-416d-84ea-00ba9c35465e,37,ely_y2569_id_a118653a-5f02-49c6-a7bc-7fc61f1671bf,7445,8.920761589800735,4,132037,85667,2367
2569,pv_13_z_4,pv_13,,,4,ely_y2569_id_d7155f6d-736d-42c0-8bc0-00ee6e1970dc,d7155f6d-736d-42c0-8bc0-00ee6e1970dc,27,ely_y2569_id_499797b6-f5d9-41bc-8409-7bec5b6639b6,3508,4.203362210479648,5,132037,85667,2367
2569,pv_13_z_4,pv_13,,,4,ely_y2569_id_0c044088-618b-49af-a291-fb28ffe9e0f8,0c044088-618b-49af-a291-fb28ffe9e0f8,11,ely_y2569_id_86c00a59-60ba-4764-b7dd-fa5ecdb0aa4e,1734,2.0777166684639994,6,132037,85667,2367
2569,pv_13_z_4,pv_13,,,4,ely_y2569_id_115da917-bf32-4e96-a2ae-b7818d0909ee,115da917-bf32-4e96-a2ae-b7818d0909ee,6,ely_y2569_id_6955483d-ef03-4381-95bf-c04c8401fe37,1355,1.623590591562122,7,132037,85667,2367
2569,pv_13_z_4,pv_13,,,4,ely_y2569_id_03347cbc-6089-474c-a3f6-484ae981c9a6,03347cbc-6089-474c-a3f6-484ae981c9a6,43,ely_y2569_id_d76177f8-5f4b-4d4d-bc3f-75757328fb08,1054,1.2629258180859604,8,132037,85667,2367
2569,pv_13_z_4,pv_13,,,4,ely_y2569_id_54706125-9661-467d-a8af-78994d14b116,54706125-9661-467d-a8af-78994d14b116,35,ely_y2569_id_3c37dc93-0d33-4139-88ea-afc638130ac8,354,0.4241705309320967,9,132037,85667,2367
2569,pv_81_z_3,pv_81,,,3,ely_y2569_id_013c219e-e197-416d-84ea-00ba9c35465e,013c219e-e197-416d-84ea-00ba9c35465e,37,ely_y2569_id_ff1fe3cf-d385-4cb1-ae96-fc2b1e7a0ffa,45246,54.290205301112294,1,124285,83341,3064
2569,pv_81_z_3,pv_81,,,3,ely_y2569_id_d7155f6d-736d-42c0-8bc0-00ee6e1970dc,d7155f6d-736d-42c0-8bc0-00ee6e1970dc,27,ely_y2569_id_1f81da20-969a-4388-a1f2-2abba0bcd999,14920,17.902352983525518,2,124285,83341,3064
2569,pv_81_z_3,pv_81,,,3,ely_y2569_id_a62aca08-91b7-4f3f-ba8f-cb9e884a3799,a62aca08-91b7-4f3f-ba8f-cb9e884a3799,42,ely_y2569_id_90ff5f6a-6745-483f-8fc5-307fba2eaf90,11754,14.103502477772045,3,124285,83341,3064
2569,pv_81_z_3,pv_81,,,3,ely_y2569_id_1116011c-1ef3-4cca-a186-c1b9f7984ede,1116011c-1ef3-4cca-a186-c1b9f7984ede,46,ely_y2569_id_de6edd3b-7680-47fb-b4cc-e1bdabe8655e,9182,11.017386400451159,4,124285,83341,3064
2569,pv_81_z_3,pv_81,,,3,ely_y2569_id_2d8a1c84-0bc8-4377-965d-c020a0097c27,2d8a1c84-0bc8-4377-965d-c020a0097c27,9,ely_y2569_id_b7b36c89-90a6-49e0-90f5-62b1cb8fa54f,1386,1.6630469996760298,5,124285,83341,3064
2569,pv_81_z_3,pv_81,,,3,ely_y2569_id_0c044088-618b-49af-a291-fb28ffe9e0f8,0c044088-618b-49af-a291-fb28ffe9e0f8,11,ely_y2569_id_50362da3-2004-4f56-b644-571e3a93bd66,853,1.0235058374629533,6,124285,83341,3064
2569,pv_95_z_2,pv_95,,,2,ely_y2569_id_7f4755ca-ea3a-4023-869d-9cabba328db0,7f4755ca-ea3a-4023-869d-9cabba328db0,33,ely_y2569_id_fb07f3d0-e968-487c-8a5e-8dd07f700137,44309,53.16782260193429,1,134276,83338,5405
2569,pv_95_z_2,pv_95,,,2,ely_y2569_id_013c219e-e197-416d-84ea-00ba9c35465e,013c219e-e197-416d-84ea-00ba9c35465e,37,ely_y2569_id_81e0e192-d6bc-4d7a-b9a3-cafff54a4fe3,23060,27.67045045477453,2,134276,83338,5405
2569,pv_95_z_2,pv_95,,,2,ely_y2569_id_1116011c-1ef3-4cca-a186-c1b9f7984ede,1116011c-1ef3-4cca-a186-c1b9f7984ede,46,ely_y2569_id_ce8502de-f6e4-4c5f-9473-346ed10102b5,9245,11.093378770788837,3,134276,83338,5405
2569,pv_95_z_2,pv_95,,,2,ely_y2569_id_d7155f6d-736d-42c0-8bc0-00ee6e1970dc,d7155f6d-736d-42c0-8bc0-00ee6e1970dc,27,ely_y2569_id_e2f5510c-c233-4d9e-ad49-032f034dbdfe,3001,3.600998344092731,4,134276,83338,5405
2569,pv_95_z_2,pv_95,,,2,ely_y2569_id_a62aca08-91b7-4f3f-ba8f-cb9e884a3799,a62aca08-91b7-4f3f-ba8f-cb9e884a3799,42,ely_y2569_id_69f44f25-2f23-46a6-a22b-1a218a542b8e,1378,1.6535074035853994,5,134276,83338,5405
2569,pv_95_z_2,pv_95,,,2,ely_y2569_id_2d8a1c84-0bc8-4377-965d-c020a0097c27,2d8a1c84-0bc8-4377-965d-c020a0097c27,9,ely_y2569_id_5f6c3a3c-a8f9-4e2f-b860-3b28587fcb25,1063,1.2755285704000576,6,134276,83338,5405
2569,pv_95_z_2,pv_95,,,2,ely_y2569_id_965b4b93-c01e-4a2b-a987-577f2b99ebb4,965b4b93-c01e-4a2b-a987-577f2b99ebb4,49,ely_y2569_id_368d304b-ec40-441b-8b5a-783230e70991,803,0.9635460414216803,7,134276,83338,5405
2569,pv_95_z_2,pv_95,,,2,ely_y2569_id_54c9efd2-2cd9-487a-91f7-1251aae30c2d,54c9efd2-2cd9-487a-91f7-1251aae30c2d,36,ely_y2569_id_9d547487-e9fc-428f-a88b-f63d27f8349b,479,0.5747678130024718,8,134276,83338,5405
2569,pv_39_z_1,pv_39,,,1,ely_y2569_id_a62aca08-91b7-4f3f-ba8f-cb9e884a3799,a62aca08-91b7-4f3f-ba8f-cb9e884a3799,42,ely_y2569_id_ed715caf-87d6-41bd-90c6-6e19dc2fe7c2,29441,35.3399433427762,1,139306,86113,4262
2569,pv_39_z_1,pv_39,,,1,ely_y2569_id_013c219e-e197-416d-84ea-00ba9c35465e,013c219e-e197-416d-84ea-00ba9c35465e,37,ely_y2569_id_24d84460-d891-48ab-9932-42ac99590835,21285,25.54976712920728,2,139306,86113,4262
2569,pv_39_z_1,pv_39,,,1,ely_y2569_id_1116011c-1ef3-4cca-a186-c1b9f7984ede,1116011c-1ef3-4cca-a186-c1b9f7984ede,46,ely_y2569_id_b9c6f842-5a4d-4957-a36d-d164a7436c32,15705,18.851730926201565,3,139306,86113,4262
2569,pv_39_z_1,pv_39,,,1,ely_y2569_id_2d8a1c84-0bc8-4377-965d-c020a0097c27,2d8a1c84-0bc8-4377-965d-c020a0097c27,9,ely_y2569_id_584931f9-bd25-46c2-8ee9-5a8c51fa6068,12465,14.962548614778893,4,139306,86113,4262
2569,pv_39_z_1,pv_39,,,1,ely_y2569_id_03347cbc-6089-474c-a3f6-484ae981c9a6,03347cbc-6089-474c-a3f6-484ae981c9a6,43,ely_y2569_id_d03cf698-3b69-46e1-931b-d790d94e48f3,1329,1.5952849666298556,5,139306,86113,4262
2569,pv_39_z_1,pv_39,,,1,ely_y2569_id_0c044088-618b-49af-a291-fb28ffe9e0f8,0c044088-618b-49af-a291-fb28ffe9e0f8,11,ely_y2569_id_03e495c1-f76b-43e1-9c6e-884ba992bccc,1134,1.3612138089979353,6,139306,86113,4262
2569,pv_39_z_1,pv_39,,,1,ely_y2569_id_d1964fe3-2dd0-43d5-a190-77fbfaf586b2,,8,ely_y2569_id_553823f0-8093-4f87-a816-edc41d3447c6,579,0.6950112834301627,7,139306,86113,4262
2569,pv_39_z_1,pv_39,,,1,ely_y2569_id_115da917-bf32-4e96-a2ae-b7818d0909ee,115da917-bf32-4e96-a2ae-b7818d0909ee,6,ely_y2569_id_f6914244-a23f-4376-9e08-c67ff7137f77,481,0.5773755221587362,8,139306,86113,4262
2569,pv_39_z_1,pv_39,,,1,ely_y2569_id_d7155f6d-736d-42c0-8bc0-00ee6e1970dc,d7155f6d-736d-42c0-8bc0-00ee6e1970dc,27,ely_y2569_id_acc1da45-8fa8-42a4-85af-3b9686bca55d,334,0.4009218802515964,9,139306,86113,4262
2569,pv_39_z_1,pv_39,,,1,ely_y2569_id_965b4b93-c01e-4a2b-a987-577f2b99ebb4,965b4b93-c01e-4a2b-a987-577f2b99ebb4,49,ely_y2569_id_895dafb5-ff38-4749-ab22-8e133276da7b,242,0.2904883084457675,10,139306,86113,4262
2569,pv_39_z_1,pv_39,,,1,ely_y2569_id_176cafa7-3601-4b12-9b92-e8301267096e,,52,ely_y2569_id_3741af07-bd55-4b6f-b7f9-35e9abc82ff4,219,0.2628799154943103,11,139306,86113,4262
2569,pv_39_z_1,pv_39,,,1,ely_y2569_id_df277b91-9f1d-449c-be32-3f8235ff1f26,df277b91-9f1d-449c-be32-3f8235ff1f26,55,ely_y2569_id_a6688735-69c1-432a-a470-05304f15fd61,94,0.11283430162769482,12,139306,86113,4262
2569,pv_47_z_1,pv_47,,,1,ely_y2569_id_a62aca08-91b7-4f3f-ba8f-cb9e884a3799,a62aca08-91b7-4f3f-ba8f-cb9e884a3799,42,ely_y2569_id_e5615702-b4f2-4d12-962d-1c959def32e8,25107,30.16725542498738,1,133910,83226,3489
2569,pv_47_z_1,pv_47,,,1,ely_y2569_id_013c219e-e197-416d-84ea-00ba9c35465e,013c219e-e197-416d-84ea-00ba9c35465e,37,ely_y2569_id_492ea950-3685-404c-97ed-b9088076680b,21567,25.91377694470478,2,133910,83226,3489
2569,pv_47_z_1,pv_47,,,1,ely_y2569_id_1116011c-1ef3-4cca-a186-c1b9f7984ede,1116011c-1ef3-4cca-a186-c1b9f7984ede,46,ely_y2569_id_18c93de4-9807-466a-99bb-fea97a839c8b,17844,21.440415254848244,3,133910,83226,3489
2569,pv_47_z_1,pv_47,,,1,ely_y2569_id_2d8a1c84-0bc8-4377-965d-c020a0097c27,2d8a1c84-0bc8-4377-965d-c020a0097c27,9,ely_y2569_id_ecd60cd3-6965-43d5-91ad-1466c2977b80,15370,18.46778650902362,4,133910,83226,3489
2569,pv_47_z_1,pv_47,,,1,ely_y2569_id_0c044088-618b-49af-a291-fb28ffe9e0f8,0c044088-618b-49af-a291-fb28ffe9e0f8,11,ely_y2569_id_f654aacb-10b0-423e-be03-1435b4233ada,1016,1.2207723547929734,5,133910,83226,3489
2569,pv_47_z_1,pv_47,,,1,ely_y2569_id_115da917-bf32-4e96-a2ae-b7818d0909ee,115da917-bf32-4e96-a2ae-b7818d0909ee,6,ely_y2569_id_af76460e-9b6c-46c6-93e2-f8220090ae4d,733,0.8807343858890251,6,133910,83226,3489
2569,pv_47_z_1,pv_47,,,1,ely_y2569_id_d7155f6d-736d-42c0-8bc0-00ee6e1970dc,d7155f6d-736d-42c0-8bc0-00ee6e1970dc,27,ely_y2569_id_44ca1fc4-efd9-48c4-ac23-0d761e6eeb49,707,0.8494941484632207,7,133910,83226,3489
2569,pv_47_z_1,pv_47,,,1,ely_y2569_id_bdd306a2-80c7-4d7b-a7ff-8dc1ec9fcc76,bdd306a2-80c7-4d7b-a7ff-8dc1ec9fcc76,10,ely_y2569_id_d52e0ec6-32a4-4163-b092-b71218106c04,695,0.8350755773436186,8,133910,83226,3489
2569,pv_47_z_1,pv_47,,,1,ely_y2569_id_7255d2d0-1f49-4fd8-adad-7acfea2d5126,7255d2d0-1f49-4fd8-adad-7acfea2d5126,56,ely_y2569_id_74afe948-83b8-44ae-a91b-98c10d8de1df,101,0.12135630692331724,9,133910,83226,3489
2569,pv_47_z_1,pv_47,,,1,ely_y2569_id_03347cbc-6089-474c-a3f6-484ae981c9a6,03347cbc-6089-474c-a3f6-484ae981c9a6,43,ely_y2569_id_0aff34fa-7dda-45c8-81fd-0d7c3e7b70e2,86,0.10333309302381467,10,133910,83226,3489
2569,pv_57_z_2,pv_57,,,2,ely_y2569_id_2d8a1c84-0bc8-4377-965d-c020a0097c27,2d8a1c84-0bc8-4377-965d-c020a0097c27,9,ely_y2569_id_80e1538b-366a-43ed-8571-839916cc0011,32754,39.376780755220544,1,132701,86896,5991
2569,pv_57_z_2,pv_57,,,2,ely_y2569_id_1116011c-1ef3-4cca-a186-c1b9f7984ede,1116011c-1ef3-4cca-a186-c1b9f7984ede,46,ely_y2569_id_c994729e-caab-4dad-b678-df25f2502495,23647,28.428367054976494,2,132701,86896,5991
2569,pv_57_z_2,pv_57,,,2,ely_y2569_id_a62aca08-91b7-4f3f-ba8f-cb9e884a3799,a62aca08-91b7-4f3f-ba8f-cb9e884a3799,42,ely_y2569_id_8242a31a-3f5b-44c1-a8e6-2ada2eaa66ee,21739,26.13457400127433,3,132701,86896,5991
2569,pv_57_z_2,pv_57,,,2,ely_y2569_id_013c219e-e197-416d-84ea-00ba9c35465e,013c219e-e197-416d-84ea-00ba9c35465e,37,ely_y2569_id_29c8de76-023e-4058-9d0a-ae40af667824,2101,2.525817193830322,4,132701,86896,5991
2569,pv_57_z_2,pv_57,,,2,ely_y2569_id_115da917-bf32-4e96-a2ae-b7818d0909ee,115da917-bf32-4e96-a2ae-b7818d0909ee,6,ely_y2569_id_8a209eae-6cbc-45c5-80ac-3465ebafc8e0,1244,1.4955338358519374,5,132701,86896,5991
2569,pv_57_z_2,pv_57,,,2,ely_y2569_id_c20d9515-8b33-46de-b650-824c571725a1,,14,ely_y2569_id_dab116a4-d010-49b7-b445-1f7ca6601aa3,993,1.1937822339236124,6,132701,86896,5991
2569,pv_57_z_2,pv_57,,,2,ely_y2569_id_d7155f6d-736d-42c0-8bc0-00ee6e1970dc,d7155f6d-736d-42c0-8bc0-00ee6e1970dc,27,ely_y2569_id_3a8df09c-847f-4b86-8c53-b2aaea190d4c,703,0.8451449249227588,7,132701,86896,5991
2569,pv_70_z_2,pv_70,,,2,ely_y2569_id_a62aca08-91b7-4f3f-ba8f-cb9e884a3799,a62aca08-91b7-4f3f-ba8f-cb9e884a3799,42,ely_y2569_id_46500bf7-1f74-4294-8cc4-3afc8b277068,41282,49.64284855335626,1,136101,83158,6020
2569,pv_70_z_2,pv_70,,,2,ely_y2569_id_1116011c-1ef3-4cca-a186-c1b9f7984ede,1116011c-1ef3-4cca-a186-c1b9f7984ede,46,ely_y2569_id_e6430f65-58d5-4f92-b752-38d6c9175228,23928,28.774140792226845,2,136101,83158,6020
2569,pv_70_z_2,pv_70,,,2,ely_y2569_id_013c219e-e197-416d-84ea-00ba9c35465e,013c219e-e197-416d-84ea-00ba9c35465e,37,ely_y2569_id_c12aa1af-a29b-4cb6-86b8-f68778b51063,5821,6.999927848192597,3,136101,83158,6020
2569,pv_70_z_2,pv_70,,,2,ely_y2569_id_2d8a1c84-0bc8-4377-965d-c020a0097c27,2d8a1c84-0bc8-4377-965d-c020a0097c27,9,ely_y2569_id_f91b4849-258b-41f0-bd58-b3cfc6271976,5298,6.371004593665071,4,136101,83158,6020
2569,pv_70_z_2,pv_70,,,2,ely_y2569_id_d7155f6d-736d-42c0-8bc0-00ee6e1970dc,d7155f6d-736d-42c0-8bc0-00ee6e1970dc,27,ely_y2569_id_ab4fbbb9-71e3-4296-890f-e76d9600a235,4261,5.123980855720435,5,136101,83158,6020
2569,pv_70_z_2,pv_70,,,2,ely_y2569_id_115da917-bf32-4e96-a2ae-b7818d0909ee,115da917-bf32-4e96-a2ae-b7818d0909ee,6,ely_y2569_id_77f38db5-9b78-488e-9e7a-ae7d20f654e0,2568,3.0880973568387886,6,136101,83158,6020
2569,pv_10_z_21,pv_10,,,21,ely_y2569_id_1116011c-1ef3-4cca-a186-c1b9f7984ede,1116011c-1ef3-4cca-a186-c1b9f7984ede,46,ely_y2569_id_0e2fee2c-3258-446a-9cf6-b41ab24010c8,41256,49.69225395372367,1,136677,84537,1407
2569,pv_10_z_21,pv_10,,,21,ely_y2569_id_d7155f6d-736d-42c0-8bc0-00ee6e1970dc,d7155f6d-736d-42c0-8bc0-00ee6e1970dc,27,ely_y2569_id_94519a1b-ac71-4a70-a79d-a5054a9ef443,19685,23.71029714657384,2,136677,84537,1407
2569,pv_10_z_21,pv_10,,,21,ely_y2569_id_013c219e-e197-416d-84ea-00ba9c35465e,013c219e-e197-416d-84ea-00ba9c35465e,37,ely_y2569_id_3002038b-e65b-4e0e-b5c1-8d291efdcf49,9670,11.647374823843995,3,136677,84537,1407
2569,pv_10_z_21,pv_10,,,21,ely_y2569_id_2d8a1c84-0bc8-4377-965d-c020a0097c27,2d8a1c84-0bc8-4377-965d-c020a0097c27,9,ely_y2569_id_f987f8d2-a743-48f5-a2e6-e9ae678815ff,5569,6.707779771870445,4,136677,84537,1407
2569,pv_10_z_21,pv_10,,,21,ely_y2569_id_0c044088-618b-49af-a291-fb28ffe9e0f8,0c044088-618b-49af-a291-fb28ffe9e0f8,11,ely_y2569_id_fb5fb909-147a-4262-807c-2b2a59eab382,1157,1.3935897281476217,5,136677,84537,1407
2569,pv_10_z_21,pv_10,,,21,ely_y2569_id_54706125-9661-467d-a8af-78994d14b116,54706125-9661-467d-a8af-78994d14b116,35,ely_y2569_id_05c0445a-beeb-456c-aeac-aa315a5f75af,1065,1.2827770617780616,6,136677,84537,1407
2569,pv_10_z_21,pv_10,,,21,ely_y2569_id_115da917-bf32-4e96-a2ae-b7818d0909ee,115da917-bf32-4e96-a2ae-b7818d0909ee,6,ely_y2569_id_80fe38a8-8a15-4491-8902-43c206960bd0,1041,1.2538694096816545,7,136677,84537,1407
2569,pv_10_z_21,pv_10,,,21,ely_y2569_id_a62aca08-91b7-4f3f-ba8f-cb9e884a3799,a62aca08-91b7-4f3f-ba8f-cb9e884a3799,42,ely_y2569_id_7c46e5d3-dfa7-4f55-970d-19c734859219,954,1.149079170832179,8,136677,84537,1407
2569,pv_10_z_21,pv_10,,,21,ely_y2569_id_f9cadd57-8256-49aa-9386-0da392b19fc2,f9cadd57-8256-49aa-9386-0da392b19fc2,29,ely_y2569_id_6c76b8f1-4e72-4cbe-9101-5b3cfb6b4a40,749,0.9021596425087024,9,136677,84537,1407
2569,pv_10_z_21,pv_10,,,21,ely_y2569_id_965b4b93-c01e-4a2b-a987-577f2b99ebb4,965b4b93-c01e-4a2b-a987-577f2b99ebb4,49,ely_y2569_id_725637e3-c824-4ece-9a4a-216ead868f4a,564,0.679329824265565,10,136677,84537,1407
2569,pv_10_z_21,pv_10,,,21,ely_y2569_id_cb1b6cf2-41fa-49b1-a060-01acf13edc81,cb1b6cf2-41fa-49b1-a060-01acf13edc81,48,ely_y2569_id_d720139c-9410-416a-a58d-5bcdee0bb089,442,0.5323825927754959,11,136677,84537,1407
2569,pv_10_z_21,pv_10,,,21,ely_y2569_id_bd8d9f14-f757-41fb-8f37-d6128d9d012d,bd8d9f14-f757-41fb-8f37-d6128d9d012d,7,ely_y2569_id_dab07d7d-d0b6-41a8-942c-71c8f1b72c5d,265,0.3191886585644942,12,136677,84537,1407
2569,pv_10_z_21,pv_10,,,21,ely_y2569_id_fc22ff6d-da02-4cb6-86a7-b768c78bc19a,,15,ely_y2569_id_b445901f-cb8a-42de-8496-ec979f8b93e9,245,0.29509894848415497,13,136677,84537,1407
2569,pv_10_z_21,pv_10,,,21,ely_y2569_id_339fa187-133c-4766-a6c2-36d1b32cda8f,339fa187-133c-4766-a6c2-36d1b32cda8f,23,ely_y2569_id_72f42a37-ef2b-448d-9c94-3310396f0ab3,197,0.23728364429134097,14,136677,84537,1407
2569,pv_10_z_21,pv_10,,,21,ely_y2569_id_2ee17641-917b-4ea0-8c19-da383e03e915,2ee17641-917b-4ea0-8c19-da383e03e915,44,ely_y2569_id_9c5268f5-4c00-4dc0-b584-b27495ea0725,164,0.1975356226587813,15,136677,84537,1407
2569,pv_11_z_1,pv_11,,,1,ely_y2569_id_1116011c-1ef3-4cca-a186-c1b9f7984ede,1116011c-1ef3-4cca-a186-c1b9f7984ede,46,ely_y2569_id_55f5586b-2e3b-4933-ba3c-1215e2afd6f4,41275,49.73790444056155,1,130808,85893,3986
2569,pv_11_z_1,pv_11,,,1,ely_y2569_id_2d8a1c84-0bc8-4377-965d-c020a0097c27,2d8a1c84-0bc8-4377-965d-c020a0097c27,9,ely_y2569_id_adbe724a-d26b-421f-8caf-3a6d249a89f2,22508,27.12297403145147,2,130808,85893,3986
2569,pv_11_z_1,pv_11,,,1,ely_y2569_id_013c219e-e197-416d-84ea-00ba9c35465e,013c219e-e197-416d-84ea-00ba9c35465e,37,ely_y2569_id_7593780b-7c23-4a64-b714-669d55cd4438,11738,14.14472495029222,3,130808,85893,3986
2569,pv_11_z_1,pv_11,,,1,ely_y2569_id_d7155f6d-736d-42c0-8bc0-00ee6e1970dc,d7155f6d-736d-42c0-8bc0-00ee6e1970dc,27,ely_y2569_id_c5cf0015-9ff9-4fd5-9fe4-310a061b5bd4,3006,3.6223413869976504,4,130808,85893,3986
2569,pv_11_z_1,pv_11,,,1,ely_y2569_id_0c044088-618b-49af-a291-fb28ffe9e0f8,0c044088-618b-49af-a291-fb28ffe9e0f8,11,ely_y2569_id_4d1d5961-c72f-4075-bc3e-2a80b479e306,1959,2.3606675905284087,5,130808,85893,3986
2569,pv_11_z_1,pv_11,,,1,ely_y2569_id_03347cbc-6089-474c-a3f6-484ae981c9a6,03347cbc-6089-474c-a3f6-484ae981c9a6,43,ely_y2569_id_c8b0bb0f-77cd-487c-bd00-f48bb8bf6de9,1010,1.2170874254383321,6,130808,85893,3986
2569,pv_11_z_1,pv_11,,,1,ely_y2569_id_a62aca08-91b7-4f3f-ba8f-cb9e884a3799,a62aca08-91b7-4f3f-ba8f-cb9e884a3799,42,ely_y2569_id_ba5db0fd-306d-4723-a24d-d927cc538b6e,758,0.9134180876061939,7,130808,85893,3986
2569,pv_11_z_1,pv_11,,,1,ely_y2569_id_339fa187-133c-4766-a6c2-36d1b32cda8f,339fa187-133c-4766-a6c2-36d1b32cda8f,23,ely_y2569_id_af25f50c-1a6f-45e4-b8c1-d4e81463227c,731,0.880882087124179,8,130808,85893,3986
2569,pv_72_z_4,pv_72,,,4,ely_y2569_id_013c219e-e197-416d-84ea-00ba9c35465e,013c219e-e197-416d-84ea-00ba9c35465e,37,ely_y2569_id_00fef0e0-0f17-4e1d-a525-49786b9519f8,52830,63.6628747710402,1,137456,82984,5849
2569,pv_72_z_4,pv_72,,,4,ely_y2569_id_1116011c-1ef3-4cca-a186-c1b9f7984ede,1116011c-1ef3-4cca-a186-c1b9f7984ede,46,ely_y2569_id_c43e5443-1b74-488f-b525-2f688e39dd68,17185,20.70881133712523,2,137456,82984,5849
2569,pv_72_z_4,pv_72,,,4,ely_y2569_id_2d8a1c84-0bc8-4377-965d-c020a0097c27,2d8a1c84-0bc8-4377-965d-c020a0097c27,9,ely_y2569_id_f5ca8b4d-ddb6-4602-ba68-d3f662782c55,4938,5.950544683312446,3,137456,82984,5849
2569,pv_72_z_4,pv_72,,,4,ely_y2569_id_a62aca08-91b7-4f3f-ba8f-cb9e884a3799,a62aca08-91b7-4f3f-ba8f-cb9e884a3799,42,ely_y2569_id_f737d675-8b9c-4eae-9eb6-a64f88e5af85,2356,2.83910151354478,4,137456,82984,5849
2569,pv_72_z_4,pv_72,,,4,ely_y2569_id_2ee17641-917b-4ea0-8c19-da383e03e915,2ee17641-917b-4ea0-8c19-da383e03e915,44,ely_y2569_id_505d2968-4140-4653-909d-54c67752ad47,1571,1.8931360262219223,5,137456,82984,5849
2569,pv_72_z_4,pv_72,,,4,ely_y2569_id_03347cbc-6089-474c-a3f6-484ae981c9a6,03347cbc-6089-474c-a3f6-484ae981c9a6,43,ely_y2569_id_818058c6-6b64-4a22-a13f-904eed04d7c1,1526,1.8389087052925868,6,137456,82984,5849
2569,pv_72_z_4,pv_72,,,4,ely_y2569_id_d7155f6d-736d-42c0-8bc0-00ee6e1970dc,d7155f6d-736d-42c0-8bc0-00ee6e1970dc,27,ely_y2569_id_c306c29f-d8ac-4c67-8060-c36decb2ade8,1437,1.7316591150101226,7,137456,82984,5849
2569,pv_72_z_4,pv_72,,,4,ely_y2569_id_0c044088-618b-49af-a291-fb28ffe9e0f8,0c044088-618b-49af-a291-fb28ffe9e0f8,11,ely_y2569_id_9febb070-6a0b-4405-9ddf-57f0bb5091a7,1141,1.3749638484527138,8,137456,82984,5849
2569,pv_33_z_9,pv_33,,,9,ely_y2569_id_013c219e-e197-416d-84ea-00ba9c35465e,013c219e-e197-416d-84ea-00ba9c35465e,37,ely_y2569_id_465c4dab-794c-4e72-8822-f87ab0b7bec7,37040,44.65932793981119,1,139255,82939,3612
2569,pv_33_z_9,pv_33,,,9,ely_y2569_id_2d8a1c84-0bc8-4377-965d-c020a0097c27,2d8a1c84-0bc8-4377-965d-c020a0097c27,9,ely_y2569_id_92d9ade5-1b20-49e4-b20a-72c7741b363c,17859,21.532692701865226,2,139255,82939,3612
2569,pv_33_z_9,pv_33,,,9,ely_y2569_id_1116011c-1ef3-4cca-a186-c1b9f7984ede,1116011c-1ef3-4cca-a186-c1b9f7984ede,46,ely_y2569_id_ae998f9f-1cc2-4d64-ac8d-910e1f311717,13734,16.55915793535008,3,139255,82939,3612
2569,pv_33_z_9,pv_33,,,9,ely_y2569_id_a62aca08-91b7-4f3f-ba8f-cb9e884a3799,a62aca08-91b7-4f3f-ba8f-cb9e884a3799,42,ely_y2569_id_f2db106b-0215-4413-9500-db260e2051c7,11793,14.218883757942585,4,139255,82939,3612
2569,pv_33_z_9,pv_33,,,9,ely_y2569_id_03347cbc-6089-474c-a3f6-484ae981c9a6,03347cbc-6089-474c-a3f6-484ae981c9a6,43,ely_y2569_id_8390c8e7-85ed-480e-9b82-476146a787d1,980,1.1815912899842054,5,139255,82939,3612
2569,pv_33_z_9,pv_33,,,9,ely_y2569_id_0c044088-618b-49af-a291-fb28ffe9e0f8,0c044088-618b-49af-a291-fb28ffe9e0f8,11,ely_y2569_id_633a6fb1-d94a-4a83-9de9-cb15e548cc8e,519,0.6257611015324516,6,139255,82939,3612
2569,pv_33_z_9,pv_33,,,9,ely_y2569_id_d7155f6d-736d-42c0-8bc0-00ee6e1970dc,d7155f6d-736d-42c0-8bc0-00ee6e1970dc,27,ely_y2569_id_28723f39-3d7f-417d-a804-16de7945d996,352,0.4244083000759595,7,139255,82939,3612
2569,pv_33_z_9,pv_33,,,9,ely_y2569_id_115da917-bf32-4e96-a2ae-b7818d0909ee,115da917-bf32-4e96-a2ae-b7818d0909ee,6,ely_y2569_id_e7983d78-6bbd-4c12-aeb6-e6c619ad0bae,335,0.40391130831092736,8,139255,82939,3612
2569,pv_33_z_9,pv_33,,,9,ely_y2569_id_d1964fe3-2dd0-43d5-a190-77fbfaf586b2,,8,ely_y2569_id_cb374b3c-71fe-48e2-9cce-e4a2647dc1c0,202,0.24355249038449947,9,139255,82939,3612
2569,pv_33_z_9,pv_33,,,9,ely_y2569_id_339fa187-133c-4766-a6c2-36d1b32cda8f,339fa187-133c-4766-a6c2-36d1b32cda8f,23,ely_y2569_id_fe5cd400-4578-43fc-aeb1-9492238f9ea1,125,0.15071317474288334,10,139255,82939,3612
2569,pv_10_z_26,pv_10,,,26,ely_y2569_id_1116011c-1ef3-4cca-a186-c1b9f7984ede,1116011c-1ef3-4cca-a186-c1b9f7984ede,46,ely_y2569_id_7eed32dc-f9b9-4aa1-b9bf-ca3ac187161b,40407,48.75656108597285,1,139473,84984,1947
2569,pv_10_z_26,pv_10,,,26,ely_y2569_id_2d8a1c84-0bc8-4377-965d-c020a0097c27,2d8a1c84-0bc8-4377-965d-c020a0097c27,9,ely_y2569_id_44ea9076-a545-425d-98f8-4595ff6dc0c6,15641,18.873001508295626,2,139473,84984,1947
2569,pv_10_z_26,pv_10,,,26,ely_y2569_id_013c219e-e197-416d-84ea-00ba9c35465e,013c219e-e197-416d-84ea-00ba9c35465e,37,ely_y2569_id_63fe7db0-dbe0-4af4-95b7-3f2ca8f71681,10765,12.989441930618401,3,139473,84984,1947
2569,pv_10_z_26,pv_10,,,26,ely_y2569_id_d7155f6d-736d-42c0-8bc0-00ee6e1970dc,d7155f6d-736d-42c0-8bc0-00ee6e1970dc,27,ely_y2569_id_3f487a35-68d3-41b5-b6bf-2eb2889785d0,7771,9.376772247360481,4,139473,84984,1947
2569,pv_10_z_26,pv_10,,,26,ely_y2569_id_cb1b6cf2-41fa-49b1-a060-01acf13edc81,cb1b6cf2-41fa-49b1-a060-01acf13edc81,48,ely_y2569_id_f021f618-0f10-4a94-9870-afc2a4741e45,2297,2.7716440422322774,5,139473,84984,1947
2569,pv_10_z_26,pv_10,,,26,ely_y2569_id_115da917-bf32-4e96-a2ae-b7818d0909ee,115da917-bf32-4e96-a2ae-b7818d0909ee,6,ely_y2569_id_9e517095-7ffe-494e-a73d-b0374e4ef922,1428,1.723076923076923,6,139473,84984,1947
2569,pv_10_z_26,pv_10,,,26,ely_y2569_id_0c044088-618b-49af-a291-fb28ffe9e0f8,0c044088-618b-49af-a291-fb28ffe9e0f8,11,ely_y2569_id_58ade5e8-a4b0-4b4f-a321-71838b9131ed,1314,1.5855203619909504,7,139473,84984,1947
2569,pv_10_z_26,pv_10,,,26,ely_y2569_id_a62aca08-91b7-4f3f-ba8f-cb9e884a3799,a62aca08-91b7-4f3f-ba8f-cb9e884a3799,42,ely_y2569_id_aa8005da-959a-4160-beb1-fcff6e52bc38,1266,1.527601809954751,8,139473,84984,1947
2569,pv_10_z_26,pv_10,,,26,ely_y2569_id_965b4b93-c01e-4a2b-a987-577f2b99ebb4,965b4b93-c01e-4a2b-a987-577f2b99ebb4,49,ely_y2569_id_3bfb9a30-065f-4b4a-8d42-a956a045ecb3,756,0.9122171945701357,9,139473,84984,1947
2569,pv_10_z_26,pv_10,,,26,ely_y2569_id_339fa187-133c-4766-a6c2-36d1b32cda8f,339fa187-133c-4766-a6c2-36d1b32cda8f,23,ely_y2569_id_c81d0159-0704-41d5-a820-2435c1ce6ff4,438,0.5285067873303168,10,139473,84984,1947
2569,pv_10_z_26,pv_10,,,26,ely_y2569_id_bd8d9f14-f757-41fb-8f37-d6128d9d012d,bd8d9f14-f757-41fb-8f37-d6128d9d012d,7,ely_y2569_id_8aa90830-b56c-4a94-b1ff-e86fad93d22f,366,0.4416289592760181,11,139473,84984,1947
2569,pv_10_z_26,pv_10,,,26,ely_y2569_id_d1964fe3-2dd0-43d5-a190-77fbfaf586b2,,8,ely_y2569_id_4e3849f1-cc1c-4473-a091-e13547a23c86,203,0.24494720965309202,12,139473,84984,1947
2569,pv_10_z_26,pv_10,,,26,ely_y2569_id_2ee17641-917b-4ea0-8c19-da383e03e915,2ee17641-917b-4ea0-8c19-da383e03e915,44,ely_y2569_id_1c517729-e928-457a-bb9d-1dd42755c0be,113,0.1363499245852187,13,139473,84984,1947
2569,pv_10_z_26,pv_10,,,26,ely_y2569_id_bec5b9e5-11e6-4962-9188-94040fcf3bd1,bec5b9e5-11e6-4962-9188-94040fcf3bd1,53,ely_y2569_id_fed502a3-773f-4548-9c49-3fc5a823ebb4,110,0.13273001508295626,14,139473,84984,1947
2569,pv_76_z_1,pv_76,,,1,ely_y2569_id_013c219e-e197-416d-84ea-00ba9c35465e,013c219e-e197-416d-84ea-00ba9c35465e,37,ely_y2569_id_d7c7d242-a5f7-47a6-8222-ec6e701106a0,58584,70.72543551483105,1,125505,83337,4527
2569,pv_76_z_1,pv_76,,,1,ely_y2569_id_1116011c-1ef3-4cca-a186-c1b9f7984ede,1116011c-1ef3-4cca-a186-c1b9f7984ede,46,ely_y2569_id_94a4d228-2838-4e4d-aac0-f50892efd8d4,17417,21.026643970398272,2,125505,83337,4527
2569,pv_76_z_1,pv_76,,,1,ely_y2569_id_d7155f6d-736d-42c0-8bc0-00ee6e1970dc,d7155f6d-736d-42c0-8bc0-00ee6e1970dc,27,ely_y2569_id_d8d3a550-2b91-4a34-9792-bcebea3e80c1,5245,6.332017432665725,3,125505,83337,4527
2569,pv_76_z_1,pv_76,,,1,ely_y2569_id_2d8a1c84-0bc8-4377-965d-c020a0097c27,2d8a1c84-0bc8-4377-965d-c020a0097c27,9,ely_y2569_id_4b0a8e65-9f7c-44c7-b17e-c33c34538d4d,1587,1.9159030821049583,4,125505,83337,4527
2569,pv_95_z_3,pv_95,,,3,ely_y2569_id_7f4755ca-ea3a-4023-869d-9cabba328db0,7f4755ca-ea3a-4023-869d-9cabba328db0,33,ely_y2569_id_a4d0fd54-a170-4a90-87e0-fddc8e994383,33171,40.05820763945077,1,131444,83888,4584
2569,pv_95_z_3,pv_95,,,3,ely_y2569_id_a62aca08-91b7-4f3f-ba8f-cb9e884a3799,a62aca08-91b7-4f3f-ba8f-cb9e884a3799,42,ely_y2569_id_794b1881-44f6-4bcf-8cab-dc5f0baeca26,24675,29.798205465721495,2,131444,83888,4584
2569,pv_95_z_3,pv_95,,,3,ely_y2569_id_1116011c-1ef3-4cca-a186-c1b9f7984ede,1116011c-1ef3-4cca-a186-c1b9f7984ede,46,ely_y2569_id_65d77613-4d0a-4c4c-8ca9-7438634cfac1,11704,14.134070791116693,3,131444,83888,4584
2569,pv_95_z_3,pv_95,,,3,ely_y2569_id_965b4b93-c01e-4a2b-a987-577f2b99ebb4,965b4b93-c01e-4a2b-a987-577f2b99ebb4,49,ely_y2569_id_2dc6b7f3-3cf4-40f9-b207-025340b1fde7,4742,5.726569009866315,4,131444,83888,4584
2569,pv_95_z_3,pv_95,,,3,ely_y2569_id_d7155f6d-736d-42c0-8bc0-00ee6e1970dc,d7155f6d-736d-42c0-8bc0-00ee6e1970dc,27,ely_y2569_id_cc2a9610-ae60-42bf-8db9-37e1568487c1,3981,4.807564577873851,5,131444,83888,4584
2569,pv_95_z_3,pv_95,,,3,ely_y2569_id_013c219e-e197-416d-84ea-00ba9c35465e,013c219e-e197-416d-84ea-00ba9c35465e,37,ely_y2569_id_908edf73-8edb-43bb-af3a-0ab11d05d4cf,3210,3.8764838721364137,6,131444,83888,4584
2569,pv_95_z_3,pv_95,,,3,ely_y2569_id_2d8a1c84-0bc8-4377-965d-c020a0097c27,2d8a1c84-0bc8-4377-965d-c020a0097c27,9,ely_y2569_id_a566c550-1023-423b-8213-2566f8ee1052,1324,1.5988986438344583,7,131444,83888,4584
2569,pv_34_z_7,pv_34,,,7,ely_y2569_id_013c219e-e197-416d-84ea-00ba9c35465e,013c219e-e197-416d-84ea-00ba9c35465e,37,ely_y2569_id_33506a3e-8b4e-44d4-8ca0-38ce697d68d5,42705,51.57733278581609,1,131286,82798,4012
2569,pv_34_z_7,pv_34,,,7,ely_y2569_id_2d8a1c84-0bc8-4377-965d-c020a0097c27,2d8a1c84-0bc8-4377-965d-c020a0097c27,9,ely_y2569_id_b79a633d-382f-43e5-b2c1-4aed1214891b,33189,40.08430155317762,2,131286,82798,4012
2569,pv_34_z_7,pv_34,,,7,ely_y2569_id_1116011c-1ef3-4cca-a186-c1b9f7984ede,1116011c-1ef3-4cca-a186-c1b9f7984ede,46,ely_y2569_id_90a6a045-8124-4ad8-b9f3-be4f769b33ff,5795,6.998961327568298,3,131286,82798,4012
2569,pv_34_z_7,pv_34,,,7,ely_y2569_id_d7155f6d-736d-42c0-8bc0-00ee6e1970dc,d7155f6d-736d-42c0-8bc0-00ee6e1970dc,27,ely_y2569_id_3329d2ae-5fb6-47a8-9a6c-ced493e57a4b,594,0.7174086330587696,4,131286,82798,4012
2569,pv_34_z_7,pv_34,,,7,ely_y2569_id_03347cbc-6089-474c-a3f6-484ae981c9a6,03347cbc-6089-474c-a3f6-484ae981c9a6,43,ely_y2569_id_834dc9e7-b056-4b97-bd43-b6ea5c98e41b,170,0.2053189690572236,5,131286,82798,4012
2569,pv_34_z_7,pv_34,,,7,ely_y2569_id_22076b92-676c-49f4-aa1c-377cc1e91e71,,41,ely_y2569_id_8dd63a59-6e91-4d38-8e7c-076191c8efa8,139,0.1678784511703181,6,131286,82798,4012
2569,pv_34_z_7,pv_34,,,7,ely_y2569_id_7ffe2115-72d1-4d71-9962-03ff61afc67c,,31,ely_y2569_id_dde5174f-acdd-4187-be5a-0338208dcab7,135,0.1630474166042658,7,131286,82798,4012
2569,pv_34_z_7,pv_34,,,7,ely_y2569_id_965b4b93-c01e-4a2b-a987-577f2b99ebb4,965b4b93-c01e-4a2b-a987-577f2b99ebb4,49,ely_y2569_id_c14cdc7d-bbca-43fc-a400-7358c4dacd62,71,0.08575086354742868,8,131286,82798,4012
2569,pv_11_z_2,pv_11,,,2,ely_y2569_id_1116011c-1ef3-4cca-a186-c1b9f7984ede,1116011c-1ef3-4cca-a186-c1b9f7984ede,46,ely_y2569_id_1ab129ab-e98f-405c-9ece-628546a04452,37424,45.34648426613675,1,129020,83407,2883
2569,pv_11_z_2,pv_11,,,2,ely_y2569_id_2d8a1c84-0bc8-4377-965d-c020a0097c27,2d8a1c84-0bc8-4377-965d-c020a0097c27,9,ely_y2569_id_fbbd6797-a0ba-415a-8c36-92c548feb4b4,27817,33.70572768360213,2,129020,83407,2883
2569,pv_11_z_2,pv_11,,,2,ely_y2569_id_013c219e-e197-416d-84ea-00ba9c35465e,013c219e-e197-416d-84ea-00ba9c35465e,37,ely_y2569_id_68524570-ed14-4284-906b-f177e5895d03,7362,8.920500672490881,3,129020,83407,2883
2569,pv_11_z_2,pv_11,,,2,ely_y2569_id_d7155f6d-736d-42c0-8bc0-00ee6e1970dc,d7155f6d-736d-42c0-8bc0-00ee6e1970dc,27,ely_y2569_id_d04ef365-8949-43e0-ad2c-080c8a4cae86,2689,3.2582486156381396,4,129020,83407,2883
2569,pv_11_z_2,pv_11,,,2,ely_y2569_id_115da917-bf32-4e96-a2ae-b7818d0909ee,115da917-bf32-4e96-a2ae-b7818d0909ee,6,ely_y2569_id_0814aa2a-621a-4bf3-80b6-3cce07437400,2341,2.8365786571992873,5,129020,83407,2883
2569,pv_11_z_2,pv_11,,,2,ely_y2569_id_0c044088-618b-49af-a291-fb28ffe9e0f8,0c044088-618b-49af-a291-fb28ffe9e0f8,11,ely_y2569_id_d225ed07-df40-490b-a494-4f19ac39f9f2,1972,2.38946309782016,6,129020,83407,2883
2569,pv_11_z_2,pv_11,,,2,ely_y2569_id_b6a2dc38-6f7d-4865-a6e0-a1b60a2edf32,,30,ely_y2569_id_b2ef14ae-a0e6-4999-88a9-5021efc5ebaf,754,0.9136182432841788,7,129020,83407,2883
2569,pv_11_z_2,pv_11,,,2,ely_y2569_id_339fa187-133c-4766-a6c2-36d1b32cda8f,339fa187-133c-4766-a6c2-36d1b32cda8f,23,ely_y2569_id_2dbe0e31-ddf9-47a0-a945-f1755127fc86,681,0.8251644876346496,8,129020,83407,2883
2569,pv_11_z_2,pv_11,,,2,ely_y2569_id_03347cbc-6089-474c-a3f6-484ae981c9a6,03347cbc-6089-474c-a3f6-484ae981c9a6,43,ely_y2569_id_dd8b639a-2ec7-49ef-951a-b9c34b916f85,596,0.7221703885906772,9,129020,83407,2883
2569,pv_11_z_2,pv_11,,,2,ely_y2569_id_a62aca08-91b7-4f3f-ba8f-cb9e884a3799,a62aca08-91b7-4f3f-ba8f-cb9e884a3799,42,ely_y2569_id_73ebbdfd-ade2-4f71-bbf4-ad8a8cc8af7a,494,0.5985774697379104,10,129020,83407,2883
2569,pv_11_z_2,pv_11,,,2,ely_y2569_id_965b4b93-c01e-4a2b-a987-577f2b99ebb4,965b4b93-c01e-4a2b-a987-577f2b99ebb4,49,ely_y2569_id_9d4b4ba2-a9ac-40ee-8c72-6592c77c9afd,399,0.48346641786523525,11,129020,83407,2883
2569,pv_50_z_5,pv_50,,,5,ely_y2569_id_1116011c-1ef3-4cca-a186-c1b9f7984ede,1116011c-1ef3-4cca-a186-c1b9f7984ede,46,ely_y2569_id_7b7f5a8e-360b-4daf-853b-7ab223ca4fb8,34191,41.45016790524568,1,133219,83527,4580
2569,pv_50_z_5,pv_50,,,5,ely_y2569_id_2d8a1c84-0bc8-4377-965d-c020a0097c27,2d8a1c84-0bc8-4377-965d-c020a0097c27,9,ely_y2569_id_375f2be7-26be-4489-852c-e2c11027c1a0,30329,36.7682180222338,2,133219,83527,4580
2569,pv_50_z_5,pv_50,,,5,ely_y2569_id_013c219e-e197-416d-84ea-00ba9c35465e,013c219e-e197-416d-84ea-00ba9c35465e,37,ely_y2569_id_0e45aa80-40db-463a-ae09-e0641a8a4e91,8902,10.792003588444238,3,133219,83527,4580
2569,pv_50_z_5,pv_50,,,5,ely_y2569_id_d7155f6d-736d-42c0-8bc0-00ee6e1970dc,d7155f6d-736d-42c0-8bc0-00ee6e1970dc,27,ely_y2569_id_0824e07a-15a8-463c-b41e-28a41c23d93b,1918,2.325214882345097,4,133219,83527,4580
2569,pv_50_z_5,pv_50,,,5,ely_y2569_id_2ee17641-917b-4ea0-8c19-da383e03e915,2ee17641-917b-4ea0-8c19-da383e03e915,44,ely_y2569_id_2f9a924b-2b56-4919-a768-c58115f2abbb,1866,2.262174645701747,5,133219,83527,4580
2569,pv_50_z_5,pv_50,,,5,ely_y2569_id_a62aca08-91b7-4f3f-ba8f-cb9e884a3799,a62aca08-91b7-4f3f-ba8f-cb9e884a3799,42,ely_y2569_id_e4a28ada-b2b5-4fd4-b05f-d9de2fd01be2,1407,1.7057233260998703,6,133219,83527,4580
2569,pv_50_z_5,pv_50,,,5,ely_y2569_id_0c044088-618b-49af-a291-fb28ffe9e0f8,0c044088-618b-49af-a291-fb28ffe9e0f8,11,ely_y2569_id_ba8c98bd-1f1d-4232-a7df-3ec73bfe46e7,1175,1.4244668856910785,7,133219,83527,4580
2569,pv_50_z_5,pv_50,,,5,ely_y2569_id_115da917-bf32-4e96-a2ae-b7818d0909ee,115da917-bf32-4e96-a2ae-b7818d0909ee,6,ely_y2569_id_93bfffa5-f23e-499c-8b9a-e51e5d828a7c,784,0.9504527986228133,8,133219,83527,4580
2569,pv_50_z_5,pv_50,,,5,ely_y2569_id_c126e4e4-be85-44e6-bf3e-f9331b9f91a9,c126e4e4-be85-44e6-bf3e-f9331b9f91a9,24,ely_y2569_id_8fcf7259-f03b-44f1-a2f8-9eb35e4f65cc,768,0.9310558027325518,9,133219,83527,4580
2569,pv_50_z_5,pv_50,,,5,ely_y2569_id_7ffe2115-72d1-4d71-9962-03ff61afc67c,,31,ely_y2569_id_f92f31be-78a4-4882-97d8-45050e085d6a,640,0.7758798356104598,10,133219,83527,4580
2569,pv_50_z_5,pv_50,,,5,ely_y2569_id_7255d2d0-1f49-4fd8-adad-7acfea2d5126,7255d2d0-1f49-4fd8-adad-7acfea2d5126,56,ely_y2569_id_48146917-b479-486a-8d75-37b60106fa80,279,0.33823511583643484,11,133219,83527,4580
2569,pv_50_z_5,pv_50,,,5,ely_y2569_id_30f1cea0-4fc2-4fcf-86f0-96000cf188b5,30f1cea0-4fc2-4fcf-86f0-96000cf188b5,22,ely_y2569_id_5c455f70-6cab-4ac5-a2bf-e921b9669d20,228,0.27640719143622633,12,133219,83527,4580
2569,pv_55_z_1,pv_55,,,1,ely_y2569_id_1116011c-1ef3-4cca-a186-c1b9f7984ede,1116011c-1ef3-4cca-a186-c1b9f7984ede,46,ely_y2569_id_db7cac74-1f78-4fd3-8371-94cacd1f7103,26359,32.03339571737598,1,139889,83071,4411
2569,pv_55_z_1,pv_55,,,1,ely_y2569_id_a62aca08-91b7-4f3f-ba8f-cb9e884a3799,a62aca08-91b7-4f3f-ba8f-cb9e884a3799,42,ely_y2569_id_7f610af8-19d9-467b-a590-e4ea2379023f,20347,24.727171086211506,2,139889,83071,4411
2569,pv_55_z_1,pv_55,,,1,ely_y2569_id_013c219e-e197-416d-84ea-00ba9c35465e,013c219e-e197-416d-84ea-00ba9c35465e,37,ely_y2569_id_ac2403ca-1779-422b-9c5e-da5788a92319,13612,16.542303672556695,3,139889,83071,4411
2569,pv_55_z_1,pv_55,,,1,ely_y2569_id_2d8a1c84-0bc8-4377-965d-c020a0097c27,2d8a1c84-0bc8-4377-965d-c020a0097c27,9,ely_y2569_id_acbb6295-07f2-4b49-be3d-0c31914b7782,12496,15.186058381741729,4,139889,83071,4411
2569,pv_55_z_1,pv_55,,,1,ely_y2569_id_965b4b93-c01e-4a2b-a987-577f2b99ebb4,965b4b93-c01e-4a2b-a987-577f2b99ebb4,49,ely_y2569_id_5664a46c-4a55-4c4f-97f1-e450fabba2df,2612,3.174294533699536,5,139889,83071,4411
2569,pv_55_z_1,pv_55,,,1,ely_y2569_id_03347cbc-6089-474c-a3f6-484ae981c9a6,03347cbc-6089-474c-a3f6-484ae981c9a6,43,ely_y2569_id_cc5084e5-150b-4804-8f1c-92a8a70a9e25,1779,2.1619716598206256,6,139889,83071,4411
2569,pv_55_z_1,pv_55,,,1,ely_y2569_id_d7155f6d-736d-42c0-8bc0-00ee6e1970dc,d7155f6d-736d-42c0-8bc0-00ee6e1970dc,27,ely_y2569_id_c49ce55f-d758-44f8-a4e6-e09d7dfc26d9,1705,2.0720414165228593,7,139889,83071,4411
2569,pv_55_z_1,pv_55,,,1,ely_y2569_id_bdd306a2-80c7-4d7b-a7ff-8dc1ec9fcc76,bdd306a2-80c7-4d7b-a7ff-8dc1ec9fcc76,10,ely_y2569_id_fae126b6-a9bd-4ef1-88a7-1097ece19404,1390,1.6892302457283133,8,139889,83071,4411
2569,pv_55_z_1,pv_55,,,1,ely_y2569_id_115da917-bf32-4e96-a2ae-b7818d0909ee,115da917-bf32-4e96-a2ae-b7818d0909ee,6,ely_y2569_id_e70b4139-331e-49f2-8b2f-dda29ddc9af5,1122,1.36353693216343,9,139889,83071,4411
2569,pv_55_z_1,pv_55,,,1,ely_y2569_id_0c044088-618b-49af-a291-fb28ffe9e0f8,0c044088-618b-49af-a291-fb28ffe9e0f8,11,ely_y2569_id_2494cc57-cbf6-458b-8f38-761eda0be291,864,1.0499963541793258,10,139889,83071,4411
2569,pv_19_z_1,pv_19,,,1,ely_y2569_id_013c219e-e197-416d-84ea-00ba9c35465e,013c219e-e197-416d-84ea-00ba9c35465e,37,ely_y2569_id_71ed0a35-8e12-40fb-a5eb-bec404dd02b4,29968,36.49960416539796,1,128124,83461,4200
2569,pv_19_z_1,pv_19,,,1,ely_y2569_id_1116011c-1ef3-4cca-a186-c1b9f7984ede,1116011c-1ef3-4cca-a186-c1b9f7984ede,46,ely_y2569_id_bc2e40b1-816f-4988-abf2-b3ee061ed2e3,29118,35.4643444370014,2,128124,83461,4200
2569,pv_19_z_1,pv_19,,,1,ely_y2569_id_2d8a1c84-0bc8-4377-965d-c020a0097c27,2d8a1c84-0bc8-4377-965d-c020a0097c27,9,ely_y2569_id_d3e772bf-b62b-49a6-af98-8f6ca14f131f,13317,16.21947506242007,3,128124,83461,4200
2569,pv_19_z_1,pv_19,,,1,ely_y2569_id_0c044088-618b-49af-a291-fb28ffe9e0f8,0c044088-618b-49af-a291-fb28ffe9e0f8,11,ely_y2569_id_9b3bc751-8c27-41b0-af6d-a8b31695d760,2713,3.304305462517508,4,128124,83461,4200
2569,pv_19_z_1,pv_19,,,1,ely_y2569_id_d7155f6d-736d-42c0-8bc0-00ee6e1970dc,d7155f6d-736d-42c0-8bc0-00ee6e1970dc,27,ely_y2569_id_b0415f57-2d3b-4ad7-a754-865fae31dcaf,2560,3.1179587114061262,5,128124,83461,4200
2569,pv_19_z_1,pv_19,,,1,ely_y2569_id_965b4b93-c01e-4a2b-a987-577f2b99ebb4,965b4b93-c01e-4a2b-a987-577f2b99ebb4,49,ely_y2569_id_0b6c80a6-5e2e-410f-8804-b40c06345a8f,1290,1.5711588819194933,6,128124,83461,4200
2569,pv_19_z_1,pv_19,,,1,ely_y2569_id_115da917-bf32-4e96-a2ae-b7818d0909ee,115da917-bf32-4e96-a2ae-b7818d0909ee,6,ely_y2569_id_68f63480-ed88-4838-81cf-7ebf78061532,1072,1.3056452104013154,7,128124,83461,4200
2569,pv_19_z_1,pv_19,,,1,ely_y2569_id_a62aca08-91b7-4f3f-ba8f-cb9e884a3799,a62aca08-91b7-4f3f-ba8f-cb9e884a3799,42,ely_y2569_id_8b181ae0-2f69-466b-a027-e1fe1d4b7a04,1059,1.289811826319956,8,128124,83461,4200
2569,pv_19_z_1,pv_19,,,1,ely_y2569_id_03347cbc-6089-474c-a3f6-484ae981c9a6,03347cbc-6089-474c-a3f6-484ae981c9a6,43,ely_y2569_id_209a7a2c-6c6f-4159-9a4e-e7200d49c78c,1008,1.2276962426161622,9,128124,83461,4200
2569,pv_60_z_3,pv_60,,,3,ely_y2569_id_a62aca08-91b7-4f3f-ba8f-cb9e884a3799,a62aca08-91b7-4f3f-ba8f-cb9e884a3799,42,ely_y2569_id_b7698aa8-21e7-4847-8340-1488e527d4c3,50364,61.35142707483159,1,146633,82091,6178
2569,pv_60_z_3,pv_60,,,3,ely_y2569_id_1116011c-1ef3-4cca-a186-c1b9f7984ede,1116011c-1ef3-4cca-a186-c1b9f7984ede,46,ely_y2569_id_cb160714-e804-4a61-bc35-2433bfe77564,17949,21.8647598396901,2,146633,82091,6178
2569,pv_60_z_3,pv_60,,,3,ely_y2569_id_2d8a1c84-0bc8-4377-965d-c020a0097c27,2d8a1c84-0bc8-4377-965d-c020a0097c27,9,ely_y2569_id_dc5663a5-0ac8-49cb-8d94-48a74594d109,6239,7.600102325468078,3,146633,82091,6178
2569,pv_60_z_3,pv_60,,,3,ely_y2569_id_d7155f6d-736d-42c0-8bc0-00ee6e1970dc,d7155f6d-736d-42c0-8bc0-00ee6e1970dc,27,ely_y2569_id_f2b07948-0b33-491f-8a57-26dffd6fbbbd,2645,3.2220340841261526,4,146633,82091,6178
2569,pv_60_z_3,pv_60,,,3,ely_y2569_id_013c219e-e197-416d-84ea-00ba9c35465e,013c219e-e197-416d-84ea-00ba9c35465e,37,ely_y2569_id_7714b3c7-b327-4016-b746-5aa47a7e0e96,2131,2.59589967231487,5,146633,82091,6178
2569,pv_60_z_3,pv_60,,,3,ely_y2569_id_0c044088-618b-49af-a291-fb28ffe9e0f8,0c044088-618b-49af-a291-fb28ffe9e0f8,11,ely_y2569_id_3ea84b69-9d18-4733-80d3-e164ab5c6704,1968,2.397339537829969,6,146633,82091,6178
2569,pv_60_z_3,pv_60,,,3,ely_y2569_id_6102915f-e8bc-4149-8265-ec74489adf2f,6102915f-e8bc-4149-8265-ec74489adf2f,4,ely_y2569_id_d4077e71-901a-4e1b-b9d3-d944fc261ee5,617,0.7516049262403918,7,146633,82091,6178
2569,pv_60_z_3,pv_60,,,3,ely_y2569_id_d1964fe3-2dd0-43d5-a190-77fbfaf586b2,,8,ely_y2569_id_ef471ecb-5bf3-4b4b-a122-65fa2a584f5a,178,0.21683253949884884,8,146633,82091,6178
2569,pv_80_z_2,pv_80,,,2,ely_y2569_id_013c219e-e197-416d-84ea-00ba9c35465e,013c219e-e197-416d-84ea-00ba9c35465e,37,ely_y2569_id_7cba6b73-d849-4e6c-8c82-f4d0f1ac45e8,42139,51.37774634836255,1,141830,84211,3387
2569,pv_80_z_2,pv_80,,,2,ely_y2569_id_d7155f6d-736d-42c0-8bc0-00ee6e1970dc,d7155f6d-736d-42c0-8bc0-00ee6e1970dc,27,ely_y2569_id_7a846868-2c76-472c-96bf-40cc2e566c20,19272,23.49728108463996,2,141830,84211,3387
2569,pv_80_z_2,pv_80,,,2,ely_y2569_id_1116011c-1ef3-4cca-a186-c1b9f7984ede,1116011c-1ef3-4cca-a186-c1b9f7984ede,46,ely_y2569_id_277f8bf7-6d36-4768-8565-fce9090aa8ec,8613,10.501353361457241,3,141830,84211,3387
2569,pv_80_z_2,pv_80,,,2,ely_y2569_id_a62aca08-91b7-4f3f-ba8f-cb9e884a3799,a62aca08-91b7-4f3f-ba8f-cb9e884a3799,42,ely_y2569_id_ef3a80b2-5165-412f-b2e3-69f6f1f313f7,6141,7.487380818844644,4,141830,84211,3387
2569,pv_80_z_2,pv_80,,,2,ely_y2569_id_115da917-bf32-4e96-a2ae-b7818d0909ee,115da917-bf32-4e96-a2ae-b7818d0909ee,6,ely_y2569_id_e8b35e29-c71c-4878-b13d-e7b8496e66e3,3639,4.436830939549855,5,141830,84211,3387
2569,pv_80_z_2,pv_80,,,2,ely_y2569_id_0c044088-618b-49af-a291-fb28ffe9e0f8,0c044088-618b-49af-a291-fb28ffe9e0f8,11,ely_y2569_id_eef7f4c6-ec7c-4822-834c-62889d32a62e,1010,1.2314370016337877,6,141830,84211,3387
2569,pv_80_z_2,pv_80,,,2,ely_y2569_id_2d8a1c84-0bc8-4377-965d-c020a0097c27,2d8a1c84-0bc8-4377-965d-c020a0097c27,9,ely_y2569_id_35abccb3-d3c8-4321-9293-c5a8e81be974,693,0.8449364773586286,7,141830,84211,3387
2569,pv_80_z_2,pv_80,,,2,ely_y2569_id_bd8d9f14-f757-41fb-8f37-d6128d9d012d,bd8d9f14-f757-41fb-8f37-d6128d9d012d,7,ely_y2569_id_d4186775-0866-4d6a-b866-b506f5964aad,252,0.3072496281304104,8,141830,84211,3387
2569,pv_80_z_2,pv_80,,,2,ely_y2569_id_b376f463-00b4-4a94-886c-fdbc533100e9,,19,ely_y2569_id_4d94a2de-3535-472a-a677-e41e435cd849,167,0.20361384086420053,9,141830,84211,3387
2569,pv_80_z_2,pv_80,,,2,ely_y2569_id_965b4b93-c01e-4a2b-a987-577f2b99ebb4,965b4b93-c01e-4a2b-a987-577f2b99ebb4,49,ely_y2569_id_3ab3e176-1443-419a-b9e0-66b30688fe6f,92,0.11217049915872125,10,141830,84211,3387
2569,pv_44_z_6,pv_44,,,6,ely_y2569_id_013c219e-e197-416d-84ea-00ba9c35465e,013c219e-e197-416d-84ea-00ba9c35465e,37,ely_y2569_id_a48ebb45-36bf-4612-a3ff-1f9ce6e8cf79,36685,44.737804878048784,1,128307,82000,3823
2569,pv_44_z_6,pv_44,,,6,ely_y2569_id_2d8a1c84-0bc8-4377-965d-c020a0097c27,2d8a1c84-0bc8-4377-965d-c020a0097c27,9,ely_y2569_id_49074d5d-c9ab-46a6-9c60-0d8d418fecef,28872,35.20975609756098,2,128307,82000,3823
2569,pv_44_z_6,pv_44,,,6,ely_y2569_id_1116011c-1ef3-4cca-a186-c1b9f7984ede,1116011c-1ef3-4cca-a186-c1b9f7984ede,46,ely_y2569_id_ac0d54c2-d2c1-4eb2-8d5f-7e803db4332b,13353,16.284146341463416,3,128307,82000,3823
2569,pv_44_z_6,pv_44,,,6,ely_y2569_id_0c044088-618b-49af-a291-fb28ffe9e0f8,0c044088-618b-49af-a291-fb28ffe9e0f8,11,ely_y2569_id_b69ffec4-3b75-4516-b8b0-5ecf28f20cbb,1521,1.8548780487804877,4,128307,82000,3823
2569,pv_44_z_6,pv_44,,,6,ely_y2569_id_d7155f6d-736d-42c0-8bc0-00ee6e1970dc,d7155f6d-736d-42c0-8bc0-00ee6e1970dc,27,ely_y2569_id_992bb342-c061-4933-99eb-d8a84830001a,588,0.7170731707317074,5,128307,82000,3823
2569,pv_44_z_6,pv_44,,,6,ely_y2569_id_a62aca08-91b7-4f3f-ba8f-cb9e884a3799,a62aca08-91b7-4f3f-ba8f-cb9e884a3799,42,ely_y2569_id_60e44318-9e02-40ce-bcbe-91275bf13d92,406,0.4951219512195122,6,128307,82000,3823
2569,pv_44_z_6,pv_44,,,6,ely_y2569_id_115da917-bf32-4e96-a2ae-b7818d0909ee,115da917-bf32-4e96-a2ae-b7818d0909ee,6,ely_y2569_id_b8afdfaf-00f1-4dba-8e84-409a177ae3c2,271,0.3304878048780488,7,128307,82000,3823
2569,pv_44_z_6,pv_44,,,6,ely_y2569_id_965b4b93-c01e-4a2b-a987-577f2b99ebb4,965b4b93-c01e-4a2b-a987-577f2b99ebb4,49,ely_y2569_id_7d3fead5-1414-4830-8d3f-a083718410ee,208,0.25365853658536586,8,128307,82000,3823
2569,pv_44_z_6,pv_44,,,6,ely_y2569_id_3caedce0-9faa-47a0-8afc-d5f4fff86578,,28,ely_y2569_id_bfe754a2-f90f-4330-aa1f-7e84f1d1779a,96,0.11707317073170731,9,128307,82000,3823
2569,pv_48_z_2,pv_48,,,2,ely_y2569_id_2d8a1c84-0bc8-4377-965d-c020a0097c27,2d8a1c84-0bc8-4377-965d-c020a0097c27,9,ely_y2569_id_60e7a9e0-3854-416e-81ff-a13defe77ab6,48579,59.302708839435034,1,142901,83104,4303
2569,pv_48_z_2,pv_48,,,2,ely_y2569_id_1116011c-1ef3-4cca-a186-c1b9f7984ede,1116011c-1ef3-4cca-a186-c1b9f7984ede,46,ely_y2569_id_4a3f6acb-9223-4e71-8fc4-15faf6e69fb8,16385,20.001953196528195,2,142901,83104,4303
2569,pv_48_z_2,pv_48,,,2,ely_y2569_id_013c219e-e197-416d-84ea-00ba9c35465e,013c219e-e197-416d-84ea-00ba9c35465e,37,ely_y2569_id_e85eedc7-145a-45f4-87df-6afa48f04d92,9596,11.714296177838545,3,142901,83104,4303
2569,pv_48_z_2,pv_48,,,2,ely_y2569_id_339fa187-133c-4766-a6c2-36d1b32cda8f,339fa187-133c-4766-a6c2-36d1b32cda8f,23,ely_y2569_id_03029970-4943-4e22-987a-011585f7130a,3465,4.229891231368336,4,142901,83104,4303
2569,pv_48_z_2,pv_48,,,2,ely_y2569_id_bdd306a2-80c7-4d7b-a7ff-8dc1ec9fcc76,bdd306a2-80c7-4d7b-a7ff-8dc1ec9fcc76,10,ely_y2569_id_6a09a076-13ef-438b-b7c8-4b025bc8817f,932,1.1377369776725221,5,142901,83104,4303
2569,pv_48_z_2,pv_48,,,2,ely_y2569_id_0c044088-618b-49af-a291-fb28ffe9e0f8,0c044088-618b-49af-a291-fb28ffe9e0f8,11,ely_y2569_id_c6c4f980-8026-479c-aabb-f9f6f47e23c7,906,1.1059975340893833,6,142901,83104,4303
2569,pv_48_z_2,pv_48,,,2,ely_y2569_id_a62aca08-91b7-4f3f-ba8f-cb9e884a3799,a62aca08-91b7-4f3f-ba8f-cb9e884a3799,42,ely_y2569_id_594b8b6c-2e4f-4bb9-b23f-e861ec805c07,754,0.920443863911032,7,142901,83104,4303
2569,pv_48_z_2,pv_48,,,2,ely_y2569_id_115da917-bf32-4e96-a2ae-b7818d0909ee,115da917-bf32-4e96-a2ae-b7818d0909ee,6,ely_y2569_id_ef6148cf-56f6-4b9d-be3a-293bfae5355d,675,0.824004785331494,8,142901,83104,4303
2569,pv_48_z_2,pv_48,,,2,ely_y2569_id_d7155f6d-736d-42c0-8bc0-00ee6e1970dc,d7155f6d-736d-42c0-8bc0-00ee6e1970dc,27,ely_y2569_id_c7d24206-188d-45ed-9514-86071b9b2077,468,0.5713099844965025,9,142901,83104,4303
2569,pv_48_z_2,pv_48,,,2,ely_y2569_id_54c9efd2-2cd9-487a-91f7-1251aae30c2d,54c9efd2-2cd9-487a-91f7-1251aae30c2d,36,ely_y2569_id_42354324-796f-4b55-8045-9c7c039ac3f7,157,0.19165740932895492,10,142901,83104,4303
2569,pv_10_z_15,pv_10,,,15,ely_y2569_id_1116011c-1ef3-4cca-a186-c1b9f7984ede,1116011c-1ef3-4cca-a186-c1b9f7984ede,46,ely_y2569_id_46076110-ef15-4c66-bec4-7368b47b57cc,35586,43.455855415801686,1,127758,84493,1533
2569,pv_10_z_15,pv_10,,,15,ely_y2569_id_2d8a1c84-0bc8-4377-965d-c020a0097c27,2d8a1c84-0bc8-4377-965d-c020a0097c27,9,ely_y2569_id_c93441bc-02c6-4b13-a207-cee56fddff47,20601,25.156917816583224,2,127758,84493,1533
2569,pv_10_z_15,pv_10,,,15,ely_y2569_id_013c219e-e197-416d-84ea-00ba9c35465e,013c219e-e197-416d-84ea-00ba9c35465e,37,ely_y2569_id_93f46d6c-cf93-4fe8-a161-fb9bfda9200f,12319,15.04335083648797,3,127758,84493,1533
2569,pv_10_z_15,pv_10,,,15,ely_y2569_id_d7155f6d-736d-42c0-8bc0-00ee6e1970dc,d7155f6d-736d-42c0-8bc0-00ee6e1970dc,27,ely_y2569_id_b58f9f45-bfcf-4ab7-811a-7d7e7164d80c,7526,9.190377335449993,4,127758,84493,1533
2569,pv_10_z_15,pv_10,,,15,ely_y2569_id_115da917-bf32-4e96-a2ae-b7818d0909ee,115da917-bf32-4e96-a2ae-b7818d0909ee,6,ely_y2569_id_9694fa3c-deb8-477b-ad1c-d57fddbcc162,1607,1.962388570032971,5,127758,84493,1533
2569,pv_10_z_15,pv_10,,,15,ely_y2569_id_0c044088-618b-49af-a291-fb28ffe9e0f8,0c044088-618b-49af-a291-fb28ffe9e0f8,11,ely_y2569_id_73a38e51-bab0-4093-9348-880eed01b9b6,969,1.1832946635730859,6,127758,84493,1533
2569,pv_10_z_15,pv_10,,,15,ely_y2569_id_a62aca08-91b7-4f3f-ba8f-cb9e884a3799,a62aca08-91b7-4f3f-ba8f-cb9e884a3799,42,ely_y2569_id_52a73caa-8150-4152-b230-64a108cd7d8b,634,0.7742093051654659,7,127758,84493,1533
2569,pv_10_z_15,pv_10,,,15,ely_y2569_id_cb1b6cf2-41fa-49b1-a060-01acf13edc81,cb1b6cf2-41fa-49b1-a060-01acf13edc81,48,ely_y2569_id_a6d820f0-4527-41bf-82ec-1c18d288a031,611,0.7461228477225547,8,127758,84493,1533
2569,pv_10_z_15,pv_10,,,15,ely_y2569_id_965b4b93-c01e-4a2b-a987-577f2b99ebb4,965b4b93-c01e-4a2b-a987-577f2b99ebb4,49,ely_y2569_id_1ba7357f-cb6f-48fb-a012-adad3c7727e7,476,0.5812675540359019,9,127758,84493,1533
2569,pv_10_z_15,pv_10,,,15,ely_y2569_id_03347cbc-6089-474c-a3f6-484ae981c9a6,03347cbc-6089-474c-a3f6-484ae981c9a6,43,ely_y2569_id_92863cb1-f285-4cf8-b930-710a8f00d6ab,434,0.5299792404444987,10,127758,84493,1533
2569,pv_10_z_15,pv_10,,,15,ely_y2569_id_54706125-9661-467d-a8af-78994d14b116,54706125-9661-467d-a8af-78994d14b116,35,ely_y2569_id_7a2f2250-4ef4-4eb4-bdba-56946c404400,281,0.34314324093295884,11,127758,84493,1533
2569,pv_10_z_15,pv_10,,,15,ely_y2569_id_2ee17641-917b-4ea0-8c19-da383e03e915,2ee17641-917b-4ea0-8c19-da383e03e915,44,ely_y2569_id_6d16a74a-4def-44d3-989d-c0a3a251b81f,261,0.3187202344608621,12,127758,84493,1533
2569,pv_10_z_15,pv_10,,,15,ely_y2569_id_339fa187-133c-4766-a6c2-36d1b32cda8f,339fa187-133c-4766-a6c2-36d1b32cda8f,23,ely_y2569_id_60cb36d0-4123-4885-8858-8294e5b85b66,250,0.30528758090120894,13,127758,84493,1533
2569,pv_10_z_15,pv_10,,,15,ely_y2569_id_c126e4e4-be85-44e6-bf3e-f9331b9f91a9,c126e4e4-be85-44e6-bf3e-f9331b9f91a9,24,ely_y2569_id_09cab907-b94a-4a41-9b5f-c14b7845fd98,176,0.21492245695445109,14,127758,84493,1533
2569,pv_10_z_15,pv_10,,,15,ely_y2569_id_7255d2d0-1f49-4fd8-adad-7acfea2d5126,7255d2d0-1f49-4fd8-adad-7acfea2d5126,56,ely_y2569_id_6317c571-4067-4610-ac06-2487d2849064,159,0.1941629014531689,15,127758,84493,1533
2569,pv_40_z_7,pv_40,,,7,ely_y2569_id_2d8a1c84-0bc8-4377-965d-c020a0097c27,2d8a1c84-0bc8-4377-965d-c020a0097c27,9,ely_y2569_id_24ab287b-52dc-4566-9414-89f531a1654a,32378,39.54033656546906,1,132362,81886,5026
2569,pv_40_z_7,pv_40,,,7,ely_y2569_id_a62aca08-91b7-4f3f-ba8f-cb9e884a3799,a62aca08-91b7-4f3f-ba8f-cb9e884a3799,42,ely_y2569_id_014d2d2d-467d-4e13-9562-46be2f22eff8,20861,25.47566128520138,2,132362,81886,5026
2569,pv_40_z_7,pv_40,,,7,ely_y2569_id_1116011c-1ef3-4cca-a186-c1b9f7984ede,1116011c-1ef3-4cca-a186-c1b9f7984ede,46,ely_y2569_id_4716aef9-59fe-4825-80b1-1adf9f013f3c,15660,19.124148206042545,3,132362,81886,5026
2569,pv_40_z_7,pv_40,,,7,ely_y2569_id_013c219e-e197-416d-84ea-00ba9c35465e,013c219e-e197-416d-84ea-00ba9c35465e,37,ely_y2569_id_777e47e2-43d9-4f91-b399-fbd43f89d8a3,11131,13.593288229978262,4,132362,81886,5026
2569,pv_40_z_7,pv_40,,,7,ely_y2569_id_115da917-bf32-4e96-a2ae-b7818d0909ee,115da917-bf32-4e96-a2ae-b7818d0909ee,6,ely_y2569_id_2bebea2e-93f6-4d4d-b003-75015078e436,775,0.9464377305033828,5,132362,81886,5026
2569,pv_40_z_7,pv_40,,,7,ely_y2569_id_d7155f6d-736d-42c0-8bc0-00ee6e1970dc,d7155f6d-736d-42c0-8bc0-00ee6e1970dc,27,ely_y2569_id_1511c2f3-a8a6-4b0e-b4db-6302aaefde45,569,0.6948684756857093,6,132362,81886,5026
2569,pv_40_z_7,pv_40,,,7,ely_y2569_id_965b4b93-c01e-4a2b-a987-577f2b99ebb4,965b4b93-c01e-4a2b-a987-577f2b99ebb4,49,ely_y2569_id_5fe5619e-280b-48b4-b376-fe84738c86de,366,0.44696285079256526,7,132362,81886,5026
2569,pv_40_z_7,pv_40,,,7,ely_y2569_id_bdd306a2-80c7-4d7b-a7ff-8dc1ec9fcc76,bdd306a2-80c7-4d7b-a7ff-8dc1ec9fcc76,10,ely_y2569_id_8ce9354d-d07a-4bd0-9fb8-759ad4d5ed10,146,0.17829665632708888,8,132362,81886,5026
2569,pv_90_z_1,pv_90,,,1,ely_y2569_id_013c219e-e197-416d-84ea-00ba9c35465e,013c219e-e197-416d-84ea-00ba9c35465e,37,ely_y2569_id_35d6ff84-d8ae-4310-b348-e3b64b6bf335,41498,50.69758350233342,1,128331,85442,2870
2569,pv_90_z_1,pv_90,,,1,ely_y2569_id_d7155f6d-736d-42c0-8bc0-00ee6e1970dc,d7155f6d-736d-42c0-8bc0-00ee6e1970dc,27,ely_y2569_id_33d5fbd1-6151-4125-b1f7-2683f6a9e86f,19851,24.251716470789457,2,128331,85442,2870
2569,pv_90_z_1,pv_90,,,1,ely_y2569_id_1116011c-1ef3-4cca-a186-c1b9f7984ede,1116011c-1ef3-4cca-a186-c1b9f7984ede,46,ely_y2569_id_1e215d83-df33-479f-ba80-37b2f5a9b3f2,18289,22.343440760378233,3,128331,85442,2870
2569,pv_90_z_1,pv_90,,,1,ely_y2569_id_2d8a1c84-0bc8-4377-965d-c020a0097c27,2d8a1c84-0bc8-4377-965d-c020a0097c27,9,ely_y2569_id_6d37a22c-2f70-443a-aa30-f087644290e1,1025,1.2522295794951988,4,128331,85442,2870
2569,pv_90_z_1,pv_90,,,1,ely_y2569_id_0c044088-618b-49af-a291-fb28ffe9e0f8,0c044088-618b-49af-a291-fb28ffe9e0f8,11,ely_y2569_id_98cc9786-48f7-4ed8-a48e-b24c402214ad,858,1.0482077845920785,5,128331,85442,2870
2569,pv_90_z_1,pv_90,,,1,ely_y2569_id_965b4b93-c01e-4a2b-a987-577f2b99ebb4,965b4b93-c01e-4a2b-a987-577f2b99ebb4,49,ely_y2569_id_ad27b452-3fe7-4f5e-9693-6350379a6795,333,0.40682190241161087,6,128331,85442,2870
2569,pv_20_z_6,pv_20,,,6,ely_y2569_id_1116011c-1ef3-4cca-a186-c1b9f7984ede,1116011c-1ef3-4cca-a186-c1b9f7984ede,46,ely_y2569_id_12850430-bcb3-4cda-8154-88703a35a3d6,36759,44.920629101440774,1,138570,83249,2867
2569,pv_20_z_6,pv_20,,,6,ely_y2569_id_013c219e-e197-416d-84ea-00ba9c35465e,013c219e-e197-416d-84ea-00ba9c35465e,37,ely_y2569_id_4b0063a9-6eb3-4166-8946-7bbb60efc71c,33008,40.336791680414514,2,138570,83249,2867
2569,pv_20_z_6,pv_20,,,6,ely_y2569_id_2d8a1c84-0bc8-4377-965d-c020a0097c27,2d8a1c84-0bc8-4377-965d-c020a0097c27,9,ely_y2569_id_b9e83fc7-82e8-40c2-80a2-5df85e8a1c5d,3534,4.318656743776808,3,138570,83249,2867
2569,pv_20_z_6,pv_20,,,6,ely_y2569_id_d7155f6d-736d-42c0-8bc0-00ee6e1970dc,d7155f6d-736d-42c0-8bc0-00ee6e1970dc,27,ely_y2569_id_4cf13bfb-9a4e-49c3-ab55-25e95b44432e,2913,3.5597756351504932,4,138570,83249,2867
2569,pv_20_z_6,pv_20,,,6,ely_y2569_id_f9cadd57-8256-49aa-9386-0da392b19fc2,f9cadd57-8256-49aa-9386-0da392b19fc2,29,ely_y2569_id_a86f49ba-7506-4d29-b6f1-341c671cbd67,1460,1.7841649252728182,5,138570,83249,2867
2569,pv_20_z_6,pv_20,,,6,ely_y2569_id_0c044088-618b-49af-a291-fb28ffe9e0f8,0c044088-618b-49af-a291-fb28ffe9e0f8,11,ely_y2569_id_1f29c9e9-ebbe-4fb3-8e7d-8ff4a7d26218,1411,1.7242854175068127,6,138570,83249,2867
2569,pv_20_z_6,pv_20,,,6,ely_y2569_id_a62aca08-91b7-4f3f-ba8f-cb9e884a3799,a62aca08-91b7-4f3f-ba8f-cb9e884a3799,42,ely_y2569_id_5bc99308-c18d-4026-a55e-f18b79c2406e,839,1.025283816646503,7,138570,83249,2867
2569,pv_20_z_6,pv_20,,,6,ely_y2569_id_03347cbc-6089-474c-a3f6-484ae981c9a6,03347cbc-6089-474c-a3f6-484ae981c9a6,43,ely_y2569_id_8e787483-dad4-4276-b19f-b53b86457306,619,0.7564370470848456,8,138570,83249,2867
2569,pv_20_z_6,pv_20,,,6,ely_y2569_id_b6a2dc38-6f7d-4865-a6e0-a1b60a2edf32,,30,ely_y2569_id_89c0070b-dd8b-454b-b9e1-750b4823a504,615,0.7515489240019064,9,138570,83249,2867
2569,pv_20_z_6,pv_20,,,6,ely_y2569_id_b376f463-00b4-4a94-886c-fdbc533100e9,,19,ely_y2569_id_245f527d-fc46-45b4-a8d5-eea33059342e,282,0.3446126773472156,10,138570,83249,2867
2569,pv_20_z_6,pv_20,,,6,ely_y2569_id_339fa187-133c-4766-a6c2-36d1b32cda8f,339fa187-133c-4766-a6c2-36d1b32cda8f,23,ely_y2569_id_c37ea128-f209-4633-bc88-9eca753e230a,237,0.28962129266414927,11,138570,83249,2867
2569,pv_20_z_6,pv_20,,,6,ely_y2569_id_f95e95f3-572e-4c2f-8327-d51e9815a598,,26,ely_y2569_id_d136788a-a629-4324-8e99-113781fc1196,154,0.18819273869316028,12,138570,83249,2867
2569,pv_45_z_2,pv_45,,,2,ely_y2569_id_a62aca08-91b7-4f3f-ba8f-cb9e884a3799,a62aca08-91b7-4f3f-ba8f-cb9e884a3799,42,ely_y2569_id_ca8ede92-953b-43ad-ab56-1fe742fb0bfc,41159,50.35048015169124,1,136719,81745,3718
2569,pv_45_z_2,pv_45,,,2,ely_y2569_id_2d8a1c84-0bc8-4377-965d-c020a0097c27,2d8a1c84-0bc8-4377-965d-c020a0097c27,9,ely_y2569_id_557bf4a5-b709-47cf-a9dd-a2f7c47691f4,21685,26.52761636797358,2,136719,81745,3718
2569,pv_45_z_2,pv_45,,,2,ely_y2569_id_1116011c-1ef3-4cca-a186-c1b9f7984ede,1116011c-1ef3-4cca-a186-c1b9f7984ede,46,ely_y2569_id_dc407f0e-8b2d-448f-80a0-2da4d83ebda7,11258,13.772096152669889,3,136719,81745,3718
2569,pv_45_z_2,pv_45,,,2,ely_y2569_id_013c219e-e197-416d-84ea-00ba9c35465e,013c219e-e197-416d-84ea-00ba9c35465e,37,ely_y2569_id_7040e95e-ee26-4cdb-a8a6-9f44d97f7b37,6648,8.132607498929598,4,136719,81745,3718
2569,pv_45_z_2,pv_45,,,2,ely_y2569_id_115da917-bf32-4e96-a2ae-b7818d0909ee,115da917-bf32-4e96-a2ae-b7818d0909ee,6,ely_y2569_id_e61f8e3c-e8ac-4b11-8888-4b3eea9a78af,448,0.5480457520337635,5,136719,81745,3718
2569,pv_45_z_2,pv_45,,,2,ely_y2569_id_bd8d9f14-f757-41fb-8f37-d6128d9d012d,bd8d9f14-f757-41fb-8f37-d6128d9d012d,7,ely_y2569_id_c575b186-452c-47b4-a179-0172e51df0e6,214,0.26178971190898526,6,136719,81745,3718
2569,pv_45_z_2,pv_45,,,2,ely_y2569_id_d7155f6d-736d-42c0-8bc0-00ee6e1970dc,d7155f6d-736d-42c0-8bc0-00ee6e1970dc,27,ely_y2569_id_d2dd6475-1770-4250-ac08-104b7f410687,212,0.25934307908740595,7,136719,81745,3718
2569,pv_45_z_2,pv_45,,,2,ely_y2569_id_d1964fe3-2dd0-43d5-a190-77fbfaf586b2,,8,ely_y2569_id_32ddeb1d-76c2-4b41-a6dc-a8f53c4a4485,121,0.14802128570554773,8,136719,81745,3718
2569,pv_57_z_3,pv_57,,,3,ely_y2569_id_a62aca08-91b7-4f3f-ba8f-cb9e884a3799,a62aca08-91b7-4f3f-ba8f-cb9e884a3799,42,ely_y2569_id_65ed2a90-6867-49b0-bf46-1a87332cc0f2,32028,39.18900730480747,1,139926,84693,7793
2569,pv_57_z_3,pv_57,,,3,ely_y2569_id_2d8a1c84-0bc8-4377-965d-c020a0097c27,2d8a1c84-0bc8-4377-965d-c020a0097c27,9,ely_y2569_id_53389cda-b2be-4f5d-959a-60a29f7977d3,23401,28.633132257393516,2,139926,84693,7793
2569,pv_57_z_3,pv_57,,,3,ely_y2569_id_1116011c-1ef3-4cca-a186-c1b9f7984ede,1116011c-1ef3-4cca-a186-c1b9f7984ede,46,ely_y2569_id_7a3174b0-4d1c-4975-84f2-56b677cbfffd,21003,25.69897341147968,3,139926,84693,7793
2569,pv_57_z_3,pv_57,,,3,ely_y2569_id_013c219e-e197-416d-84ea-00ba9c35465e,013c219e-e197-416d-84ea-00ba9c35465e,37,ely_y2569_id_8c053bf0-9ce8-4751-b75a-c6907c80c7fd,1570,1.9210297698435033,4,139926,84693,7793
2569,pv_57_z_3,pv_57,,,3,ely_y2569_id_115da917-bf32-4e96-a2ae-b7818d0909ee,115da917-bf32-4e96-a2ae-b7818d0909ee,6,ely_y2569_id_51e75925-523e-4a23-ae1a-68e55fc0d03c,1457,1.7827645698483978,5,139926,84693,7793
2569,pv_57_z_3,pv_57,,,3,ely_y2569_id_d7155f6d-736d-42c0-8bc0-00ee6e1970dc,d7155f6d-736d-42c0-8bc0-00ee6e1970dc,27,ely_y2569_id_f8cb885a-c0f5-474b-a2a7-2e06034b46b4,1456,1.7815409840077332,6,139926,84693,7793
2569,pv_57_z_3,pv_57,,,3,ely_y2569_id_03347cbc-6089-474c-a3f6-484ae981c9a6,03347cbc-6089-474c-a3f6-484ae981c9a6,43,ely_y2569_id_de6a2cbf-86c6-4eb4-87a6-844cd62c4fe8,812,0.9935517026196973,7,139926,84693,7793
2569,pv_50_z_1,pv_50,,,1,ely_y2569_id_1116011c-1ef3-4cca-a186-c1b9f7984ede,1116011c-1ef3-4cca-a186-c1b9f7984ede,46,ely_y2569_id_e310ed5d-4d96-47ac-821b-dc8e7adb2874,40228,49.260384012539184,1,137793,84451,2485
2569,pv_50_z_1,pv_50,,,1,ely_y2569_id_2d8a1c84-0bc8-4377-965d-c020a0097c27,2d8a1c84-0bc8-4377-965d-c020a0097c27,9,ely_y2569_id_6ad62db8-82af-4309-af03-92667a0d02e6,18570,22.73951802507837,2,137793,84451,2485
2569,pv_50_z_1,pv_50,,,1,ely_y2569_id_d7155f6d-736d-42c0-8bc0-00ee6e1970dc,d7155f6d-736d-42c0-8bc0-00ee6e1970dc,27,ely_y2569_id_376f2e46-df46-4d10-aeb2-33026de7440c,7584,9.286833855799372,3,137793,84451,2485
2569,pv_50_z_1,pv_50,,,1,ely_y2569_id_013c219e-e197-416d-84ea-00ba9c35465e,013c219e-e197-416d-84ea-00ba9c35465e,37,ely_y2569_id_a9127fde-b20d-45a4-8398-5d9ccda9dff9,6048,7.405956112852665,4,137793,84451,2485
2569,pv_50_z_1,pv_50,,,1,ely_y2569_id_115da917-bf32-4e96-a2ae-b7818d0909ee,115da917-bf32-4e96-a2ae-b7818d0909ee,6,ely_y2569_id_5d9ec6b9-8948-4e37-b9ce-617550c215f6,2794,3.4213362068965516,5,137793,84451,2485
2569,pv_50_z_1,pv_50,,,1,ely_y2569_id_a62aca08-91b7-4f3f-ba8f-cb9e884a3799,a62aca08-91b7-4f3f-ba8f-cb9e884a3799,42,ely_y2569_id_ee246ef4-838d-4d9c-bdfb-99232c3b75ea,2703,3.3099039968652035,6,137793,84451,2485
2569,pv_50_z_1,pv_50,,,1,ely_y2569_id_0c044088-618b-49af-a291-fb28ffe9e0f8,0c044088-618b-49af-a291-fb28ffe9e0f8,11,ely_y2569_id_c374dc3f-e320-4f19-92f1-dec9afd48754,1245,1.5245395768025078,7,137793,84451,2485
2569,pv_50_z_1,pv_50,,,1,ely_y2569_id_2ee17641-917b-4ea0-8c19-da383e03e915,2ee17641-917b-4ea0-8c19-da383e03e915,44,ely_y2569_id_0957d0a6-3c6e-4d30-a1bd-b64c2bdc6b1f,872,1.0677899686520376,8,137793,84451,2485
2569,pv_50_z_1,pv_50,,,1,ely_y2569_id_c126e4e4-be85-44e6-bf3e-f9331b9f91a9,c126e4e4-be85-44e6-bf3e-f9331b9f91a9,24,ely_y2569_id_40d2781d-3277-436a-a1c6-86248aea4c1c,667,0.8167613636363636,9,137793,84451,2485
2569,pv_50_z_1,pv_50,,,1,ely_y2569_id_54706125-9661-467d-a8af-78994d14b116,54706125-9661-467d-a8af-78994d14b116,35,ely_y2569_id_995ecbf3-effa-479a-b986-4c239dac5922,416,0.5094043887147335,10,137793,84451,2485
2569,pv_50_z_1,pv_50,,,1,ely_y2569_id_bcdcd19b-d619-47dd-8535-fafb6bc6f4d8,bcdcd19b-d619-47dd-8535-fafb6bc6f4d8,12,ely_y2569_id_e8fb5e12-d150-4ae2-9dfd-6fbd6c6cbf7a,395,0.483689263322884,11,137793,84451,2485
2569,pv_50_z_1,pv_50,,,1,ely_y2569_id_965b4b93-c01e-4a2b-a987-577f2b99ebb4,965b4b93-c01e-4a2b-a987-577f2b99ebb4,49,ely_y2569_id_34982897-50eb-4208-ab28-3df9a37378a2,142,0.1738832288401254,12,137793,84451,2485
2569,pv_13_z_7,pv_13,,,7,ely_y2569_id_013c219e-e197-416d-84ea-00ba9c35465e,013c219e-e197-416d-84ea-00ba9c35465e,37,ely_y2569_id_8af84945-b50c-42a7-9185-474c3f3b1139,44519,54.57431811216672,1,121843,82177,2790
2569,pv_13_z_7,pv_13,,,7,ely_y2569_id_1116011c-1ef3-4cca-a186-c1b9f7984ede,1116011c-1ef3-4cca-a186-c1b9f7984ede,46,ely_y2569_id_bce55e4a-ca74-477d-b249-417f467fd3b1,25783,31.6064970885688,2,121843,82177,2790
2569,pv_13_z_7,pv_13,,,7,ely_y2569_id_2d8a1c84-0bc8-4377-965d-c020a0097c27,2d8a1c84-0bc8-4377-965d-c020a0097c27,9,ely_y2569_id_67909083-2e15-4348-9fa7-1c4b0700d836,4960,6.080294207784247,3,121843,82177,2790
2569,pv_13_z_7,pv_13,,,7,ely_y2569_id_0c044088-618b-49af-a291-fb28ffe9e0f8,0c044088-618b-49af-a291-fb28ffe9e0f8,11,ely_y2569_id_14b7ea8e-c66e-4085-9e0f-fb0279766ed4,2344,2.8734293594851366,4,121843,82177,2790
2569,pv_13_z_7,pv_13,,,7,ely_y2569_id_d7155f6d-736d-42c0-8bc0-00ee6e1970dc,d7155f6d-736d-42c0-8bc0-00ee6e1970dc,27,ely_y2569_id_049f2159-08a3-43a7-8d41-eb7f0640067a,1420,1.7407293901317806,5,121843,82177,2790
2569,pv_13_z_7,pv_13,,,7,ely_y2569_id_115da917-bf32-4e96-a2ae-b7818d0909ee,115da917-bf32-4e96-a2ae-b7818d0909ee,6,ely_y2569_id_aea0bbe1-ef8e-4e9a-8b8c-a28ecd387d04,931,1.1412810297272449,6,121843,82177,2790
2569,pv_13_z_7,pv_13,,,7,ely_y2569_id_965b4b93-c01e-4a2b-a987-577f2b99ebb4,965b4b93-c01e-4a2b-a987-577f2b99ebb4,49,ely_y2569_id_d0c42c6c-cb60-416b-9b8f-ef4c1bf5179e,753,0.9230769230769231,7,121843,82177,2790
2569,pv_13_z_7,pv_13,,,7,ely_y2569_id_54706125-9661-467d-a8af-78994d14b116,54706125-9661-467d-a8af-78994d14b116,35,ely_y2569_id_947c2d34-6835-49af-890c-d48367f983f8,468,0.5737051792828686,8,121843,82177,2790
2569,pv_13_z_7,pv_13,,,7,ely_y2569_id_03347cbc-6089-474c-a3f6-484ae981c9a6,03347cbc-6089-474c-a3f6-484ae981c9a6,43,ely_y2569_id_83d6a842-b8d3-4247-948e-339434ce79f6,397,0.4866687097762795,9,121843,82177,2790
2569,pv_62_z_1,pv_62,,,1,ely_y2569_id_a62aca08-91b7-4f3f-ba8f-cb9e884a3799,a62aca08-91b7-4f3f-ba8f-cb9e884a3799,42,ely_y2569_id_a0f8b3a1-448f-465e-bb22-13b6392bbf41,42461,52.082132299728926,1,145121,81527,5911
2569,pv_62_z_1,pv_62,,,1,ely_y2569_id_1116011c-1ef3-4cca-a186-c1b9f7984ede,1116011c-1ef3-4cca-a186-c1b9f7984ede,46,ely_y2569_id_5fabc1e4-a410-4eca-9cef-b6f5be692e13,28101,34.468335643406476,2,145121,81527,5911
2569,pv_62_z_1,pv_62,,,1,ely_y2569_id_d7155f6d-736d-42c0-8bc0-00ee6e1970dc,d7155f6d-736d-42c0-8bc0-00ee6e1970dc,27,ely_y2569_id_27869c15-61f8-4975-946c-5aeec439831a,4008,4.916162743630944,3,145121,81527,5911
2569,pv_62_z_1,pv_62,,,1,ely_y2569_id_013c219e-e197-416d-84ea-00ba9c35465e,013c219e-e197-416d-84ea-00ba9c35465e,37,ely_y2569_id_fbfe63d0-fc2c-4bc7-a8b7-e0b18e4ee710,3108,3.812233983833577,4,145121,81527,5911
2569,pv_62_z_1,pv_62,,,1,ely_y2569_id_2d8a1c84-0bc8-4377-965d-c020a0097c27,2d8a1c84-0bc8-4377-965d-c020a0097c27,9,ely_y2569_id_388a4c29-b6e6-4a07-8cb8-bc87e1f7a1cb,2271,2.7855802372220246,5,145121,81527,5911
2569,pv_62_z_1,pv_62,,,1,ely_y2569_id_0c044088-618b-49af-a291-fb28ffe9e0f8,0c044088-618b-49af-a291-fb28ffe9e0f8,11,ely_y2569_id_99d697c9-6e3e-43bc-99f5-88e7a72b778f,1578,1.9355550921780516,6,145121,81527,5911
2569,pv_84_z_5,pv_84,,,5,ely_y2569_id_a62aca08-91b7-4f3f-ba8f-cb9e884a3799,a62aca08-91b7-4f3f-ba8f-cb9e884a3799,42,ely_y2569_id_401ef4a2-ae84-4a4b-990f-d64cf88d976e,28737,35.26315143631968,1,121866,81493,2891
2569,pv_84_z_5,pv_84,,,5,ely_y2569_id_e3ad415e-cb0c-4922-adb3-4624e857d801,,21,ely_y2569_id_7a8d1726-14fa-4c80-96c5-b974b3a93b17,26005,31.910716257838097,2,121866,81493,2891
2569,pv_84_z_5,pv_84,,,5,ely_y2569_id_d7155f6d-736d-42c0-8bc0-00ee6e1970dc,d7155f6d-736d-42c0-8bc0-00ee6e1970dc,27,ely_y2569_id_b7f4bcfe-70e8-4cd9-b228-dedc9eb0f5c5,17002,20.863141619525607,3,121866,81493,2891
2569,pv_84_z_5,pv_84,,,5,ely_y2569_id_1116011c-1ef3-4cca-a186-c1b9f7984ede,1116011c-1ef3-4cca-a186-c1b9f7984ede,46,ely_y2569_id_085e2c6e-235d-45f3-8b51-208aa2320342,7124,8.741855128661358,4,121866,81493,2891
2569,pv_84_z_5,pv_84,,,5,ely_y2569_id_013c219e-e197-416d-84ea-00ba9c35465e,013c219e-e197-416d-84ea-00ba9c35465e,37,ely_y2569_id_7ff9c1e7-a9aa-4a43-be5c-9afb26e66932,1499,1.8394217908286599,5,121866,81493,2891
2569,pv_84_z_5,pv_84,,,5,ely_y2569_id_2d8a1c84-0bc8-4377-965d-c020a0097c27,2d8a1c84-0bc8-4377-965d-c020a0097c27,9,ely_y2569_id_bae24ecc-93d0-4b3f-82d0-f8c1dc12647b,606,0.7436221515958426,6,121866,81493,2891
2569,pv_84_z_5,pv_84,,,5,ely_y2569_id_965b4b93-c01e-4a2b-a987-577f2b99ebb4,965b4b93-c01e-4a2b-a987-577f2b99ebb4,49,ely_y2569_id_35ddb4cd-5301-413b-87c6-539864051166,415,0.5092461929245456,7,121866,81493,2891
2569,pv_84_z_5,pv_84,,,5,ely_y2569_id_03347cbc-6089-474c-a3f6-484ae981c9a6,03347cbc-6089-474c-a3f6-484ae981c9a6,43,ely_y2569_id_a1242df1-f5d0-47ed-a3f0-818c232fbca4,105,0.12884542230621035,8,121866,81493,2891
2569,pv_11_z_3,pv_11,,,3,ely_y2569_id_1116011c-1ef3-4cca-a186-c1b9f7984ede,1116011c-1ef3-4cca-a186-c1b9f7984ede,46,ely_y2569_id_59261d86-fbe4-4261-9e9e-ffebcd60208f,41362,50.795795058210935,1,141171,86591,2232
2569,pv_11_z_3,pv_11,,,3,ely_y2569_id_d7155f6d-736d-42c0-8bc0-00ee6e1970dc,d7155f6d-736d-42c0-8bc0-00ee6e1970dc,27,ely_y2569_id_c2711d17-d6c8-4d33-ba6c-429e0889248d,12234,15.024315960112,2,141171,86591,2232
2569,pv_11_z_3,pv_11,,,3,ely_y2569_id_013c219e-e197-416d-84ea-00ba9c35465e,013c219e-e197-416d-84ea-00ba9c35465e,37,ely_y2569_id_9a09b2a6-6478-4dbc-9126-879066aadca7,10769,13.22518052758265,3,141171,86591,2232
2569,pv_11_z_3,pv_11,,,3,ely_y2569_id_2d8a1c84-0bc8-4377-965d-c020a0097c27,2d8a1c84-0bc8-4377-965d-c020a0097c27,9,ely_y2569_id_d284e93a-49e6-42ed-975c-4611a675eb6e,10538,12.941494326275974,4,141171,86591,2232
2569,pv_11_z_3,pv_11,,,3,ely_y2569_id_a62aca08-91b7-4f3f-ba8f-cb9e884a3799,a62aca08-91b7-4f3f-ba8f-cb9e884a3799,42,ely_y2569_id_3d3cf49f-d60e-40ed-a804-ca26a5dc179d,1573,1.9317679422311735,5,141171,86591,2232
2569,pv_11_z_3,pv_11,,,3,ely_y2569_id_0c044088-618b-49af-a291-fb28ffe9e0f8,0c044088-618b-49af-a291-fb28ffe9e0f8,11,ely_y2569_id_e2ebc827-948d-4507-bea0-66883379265f,1461,1.7942231173552097,6,141171,86591,2232
2569,pv_11_z_3,pv_11,,,3,ely_y2569_id_03347cbc-6089-474c-a3f6-484ae981c9a6,03347cbc-6089-474c-a3f6-484ae981c9a6,43,ely_y2569_id_5b546fba-c8d3-4b03-8e4d-540db901e386,1256,1.5424669646804539,7,141171,86591,2232
2569,pv_11_z_3,pv_11,,,3,ely_y2569_id_f9cadd57-8256-49aa-9386-0da392b19fc2,f9cadd57-8256-49aa-9386-0da392b19fc2,29,ely_y2569_id_1e9b29d5-3343-462a-aade-c508990601c5,807,0.9910595863830622,8,141171,86591,2232
2569,pv_11_z_3,pv_11,,,3,ely_y2569_id_b6a2dc38-6f7d-4865-a6e0-a1b60a2edf32,,30,ely_y2569_id_2c94d8d6-6b0a-4873-8b85-aab95679bccd,768,0.943164513435182,9,141171,86591,2232
2569,pv_11_z_3,pv_11,,,3,ely_y2569_id_339fa187-133c-4766-a6c2-36d1b32cda8f,339fa187-133c-4766-a6c2-36d1b32cda8f,23,ely_y2569_id_69dbb931-7923-4ef9-a4be-03f302e4b8c7,660,0.8105320037333595,10,141171,86591,2232
2569,pv_95_z_1,pv_95,,,1,ely_y2569_id_7f4755ca-ea3a-4023-869d-9cabba328db0,7f4755ca-ea3a-4023-869d-9cabba328db0,33,ely_y2569_id_bd4e80ec-e849-4377-93f0-659505eb0133,29562,36.33212889904874,1,130145,81371,3854
2569,pv_95_z_1,pv_95,,,1,ely_y2569_id_a62aca08-91b7-4f3f-ba8f-cb9e884a3799,a62aca08-91b7-4f3f-ba8f-cb9e884a3799,42,ely_y2569_id_56346402-f53b-46c5-a04d-355da0c4bac1,19129,23.50981982646314,2,130145,81371,3854
2569,pv_95_z_1,pv_95,,,1,ely_y2569_id_013c219e-e197-416d-84ea-00ba9c35465e,013c219e-e197-416d-84ea-00ba9c35465e,37,ely_y2569_id_ef4fe996-3b88-4fd2-9922-ba398fc4dcae,14737,18.111987808175407,3,130145,81371,3854
2569,pv_95_z_1,pv_95,,,1,ely_y2569_id_1116011c-1ef3-4cca-a186-c1b9f7984ede,1116011c-1ef3-4cca-a186-c1b9f7984ede,46,ely_y2569_id_679b933a-a4f0-490a-a09b-c888c0dd7a00,11866,14.583486960155348,4,130145,81371,3854
2569,pv_95_z_1,pv_95,,,1,ely_y2569_id_d7155f6d-736d-42c0-8bc0-00ee6e1970dc,d7155f6d-736d-42c0-8bc0-00ee6e1970dc,27,ely_y2569_id_9ae726da-dee8-4b1c-8eb2-b92d11abacb3,4558,5.601848437922474,5,130145,81371,3854
2569,pv_95_z_1,pv_95,,,1,ely_y2569_id_965b4b93-c01e-4a2b-a987-577f2b99ebb4,965b4b93-c01e-4a2b-a987-577f2b99ebb4,49,ely_y2569_id_505b1566-f4b3-43df-a6f2-820bfd2a372d,956,1.1749379347639062,6,130145,81371,3854
2569,pv_95_z_1,pv_95,,,1,ely_y2569_id_2d8a1c84-0bc8-4377-965d-c020a0097c27,2d8a1c84-0bc8-4377-965d-c020a0097c27,9,ely_y2569_id_f0aed4eb-aeed-4c48-a51b-ae032aa8e0a8,383,0.4707125826512303,7,130145,81371,3854
2569,pv_95_z_1,pv_95,,,1,ely_y2569_id_03347cbc-6089-474c-a3f6-484ae981c9a6,03347cbc-6089-474c-a3f6-484ae981c9a6,43,ely_y2569_id_4cdd8dfb-e68e-41eb-af7b-370d5134e871,175,0.21507755081975272,8,130145,81371,3854
2569,pv_67_z_3,pv_67,,,3,ely_y2569_id_013c219e-e197-416d-84ea-00ba9c35465e,013c219e-e197-416d-84ea-00ba9c35465e,37,ely_y2569_id_b6bbd980-7368-4608-8815-e276faa56347,37503,46.11440375771586,1,126659,81326,5501
2569,pv_67_z_3,pv_67,,,3,ely_y2569_id_a62aca08-91b7-4f3f-ba8f-cb9e884a3799,a62aca08-91b7-4f3f-ba8f-cb9e884a3799,42,ely_y2569_id_cd504ad9-cf3a-4cc7-9d2f-2fb1bb93df78,18150,22.31758601185353,2,126659,81326,5501
2569,pv_67_z_3,pv_67,,,3,ely_y2569_id_1116011c-1ef3-4cca-a186-c1b9f7984ede,1116011c-1ef3-4cca-a186-c1b9f7984ede,46,ely_y2569_id_adf371ff-506a-4096-81b2-6ab32d349e8a,14068,17.29828099254851,3,126659,81326,5501
2569,pv_67_z_3,pv_67,,,3,ely_y2569_id_2d8a1c84-0bc8-4377-965d-c020a0097c27,2d8a1c84-0bc8-4377-965d-c020a0097c27,9,ely_y2569_id_441ed819-abb9-42e9-88ac-8125986e5ece,8377,10.300518899245013,4,126659,81326,5501
2569,pv_67_z_3,pv_67,,,3,ely_y2569_id_d7155f6d-736d-42c0-8bc0-00ee6e1970dc,d7155f6d-736d-42c0-8bc0-00ee6e1970dc,27,ely_y2569_id_d6ceea23-e67c-4f59-b871-b0de042a2e6e,1399,1.7202370705555419,5,126659,81326,5501
2569,pv_67_z_3,pv_67,,,3,ely_y2569_id_0c044088-618b-49af-a291-fb28ffe9e0f8,0c044088-618b-49af-a291-fb28ffe9e0f8,11,ely_y2569_id_d286f36d-e2c0-46c2-abf8-074663250ffc,1043,1.282492683766569,6,126659,81326,5501
2569,pv_67_z_3,pv_67,,,3,ely_y2569_id_bec5b9e5-11e6-4962-9188-94040fcf3bd1,bec5b9e5-11e6-4962-9188-94040fcf3bd1,53,ely_y2569_id_df1340b3-9542-4e61-9126-e4310223deeb,679,0.8349113444654845,7,126659,81326,5501
2569,pv_67_z_3,pv_67,,,3,ely_y2569_id_339fa187-133c-4766-a6c2-36d1b32cda8f,339fa187-133c-4766-a6c2-36d1b32cda8f,23,ely_y2569_id_d3a833ab-ba37-499d-b1f1-7a9c87958ece,107,0.13156923984949462,8,126659,81326,5501
2569,pv_91_z_2,pv_91,,,2,ely_y2569_id_013c219e-e197-416d-84ea-00ba9c35465e,013c219e-e197-416d-84ea-00ba9c35465e,37,ely_y2569_id_5dd79a7b-2877-4f78-8f9a-35c57ca368a1,51667,63.551045510455104,1,129553,82926,3261
2569,pv_91_z_2,pv_91,,,2,ely_y2569_id_1116011c-1ef3-4cca-a186-c1b9f7984ede,1116011c-1ef3-4cca-a186-c1b9f7984ede,46,ely_y2569_id_8c27cc9a-5236-4e67-b776-466f58c924ef,12966,15.948339483394832,2,129553,82926,3261
2569,pv_91_z_2,pv_91,,,2,ely_y2569_id_d7155f6d-736d-42c0-8bc0-00ee6e1970dc,d7155f6d-736d-42c0-8bc0-00ee6e1970dc,27,ely_y2569_id_d78ec98c-e029-4e55-bc17-af74c42233ec,10714,13.178351783517837,3,129553,82926,3261
2569,pv_91_z_2,pv_91,,,2,ely_y2569_id_2d8a1c84-0bc8-4377-965d-c020a0097c27,2d8a1c84-0bc8-4377-965d-c020a0097c27,9,ely_y2569_id_369dfc77-e80a-4e6b-808c-8bdef33604db,2918,3.5891758917589174,4,129553,82926,3261
2569,pv_91_z_2,pv_91,,,2,ely_y2569_id_115da917-bf32-4e96-a2ae-b7818d0909ee,115da917-bf32-4e96-a2ae-b7818d0909ee,6,ely_y2569_id_4a7ff17e-4096-44c4-8e03-3085ce8cf366,1226,1.5079950799507995,5,129553,82926,3261
2569,pv_91_z_2,pv_91,,,2,ely_y2569_id_965b4b93-c01e-4a2b-a987-577f2b99ebb4,965b4b93-c01e-4a2b-a987-577f2b99ebb4,49,ely_y2569_id_aa2994c8-16e6-449d-b26e-5a30f7357cab,971,1.1943419434194342,6,129553,82926,3261
2569,pv_91_z_2,pv_91,,,2,ely_y2569_id_a62aca08-91b7-4f3f-ba8f-cb9e884a3799,a62aca08-91b7-4f3f-ba8f-cb9e884a3799,42,ely_y2569_id_93cfdff2-7661-44bb-b7a7-9a837d09e450,838,1.030750307503075,7,129553,82926,3261
2569,pv_73_z_3,pv_73,,,3,ely_y2569_id_013c219e-e197-416d-84ea-00ba9c35465e,013c219e-e197-416d-84ea-00ba9c35465e,37,ely_y2569_id_9b2e8400-1547-4139-83e2-bd00d66605ad,46059,56.78304608329019,1,119352,81114,4400
2569,pv_73_z_3,pv_73,,,3,ely_y2569_id_1116011c-1ef3-4cca-a186-c1b9f7984ede,1116011c-1ef3-4cca-a186-c1b9f7984ede,46,ely_y2569_id_7f35bfc9-bc82-4056-b858-570781624598,21777,26.847399955618016,2,119352,81114,4400
2569,pv_73_z_3,pv_73,,,3,ely_y2569_id_2d8a1c84-0bc8-4377-965d-c020a0097c27,2d8a1c84-0bc8-4377-965d-c020a0097c27,9,ely_y2569_id_5058859e-ee63-4229-a054-de3010f8c538,6415,7.9086224326256875,3,119352,81114,4400
2569,pv_73_z_3,pv_73,,,3,ely_y2569_id_d7155f6d-736d-42c0-8bc0-00ee6e1970dc,d7155f6d-736d-42c0-8bc0-00ee6e1970dc,27,ely_y2569_id_3871d88f-a3f6-4117-87e0-0dd51d863d22,2342,2.887294425130064,4,119352,81114,4400
2569,pv_73_z_3,pv_73,,,3,ely_y2569_id_bd8d9f14-f757-41fb-8f37-d6128d9d012d,bd8d9f14-f757-41fb-8f37-d6128d9d012d,7,ely_y2569_id_12fe2201-a938-4c6b-b9c7-6bbf4628e9ad,1309,1.6137781394087332,5,119352,81114,4400
2569,pv_73_z_3,pv_73,,,3,ely_y2569_id_0c044088-618b-49af-a291-fb28ffe9e0f8,0c044088-618b-49af-a291-fb28ffe9e0f8,11,ely_y2569_id_d369cf2d-95ff-4fac-9414-ffed19e77f59,1176,1.449811376581108,6,119352,81114,4400
2569,pv_73_z_3,pv_73,,,3,ely_y2569_id_2ee17641-917b-4ea0-8c19-da383e03e915,2ee17641-917b-4ea0-8c19-da383e03e915,44,ely_y2569_id_51586a95-145b-46a3-ab1b-bd671b8b0de9,737,0.908597775969623,7,119352,81114,4400
2569,pv_73_z_3,pv_73,,,3,ely_y2569_id_a62aca08-91b7-4f3f-ba8f-cb9e884a3799,a62aca08-91b7-4f3f-ba8f-cb9e884a3799,42,ely_y2569_id_d09fe1d5-2710-46ad-9baf-632d91d38b6b,657,0.8099711517124047,8,119352,81114,4400
2569,pv_73_z_3,pv_73,,,3,ely_y2569_id_3e7b1adf-ab5f-4206-ba04-6cff9bf02f9c,,57,ely_y2569_id_faa103d1-beba-4e27-b8b8-44f17e097f91,642,0.7914786596641764,9,119352,81114,4400
2569,pv_32_z_1,pv_32,,,1,ely_y2569_id_013c219e-e197-416d-84ea-00ba9c35465e,013c219e-e197-416d-84ea-00ba9c35465e,37,ely_y2569_id_9ff86b25-b3e5-4c16-9355-df3dec6e1b41,43547,53.71663295011595,1,136098,82136,3816
2569,pv_32_z_1,pv_32,,,1,ely_y2569_id_1116011c-1ef3-4cca-a186-c1b9f7984ede,1116011c-1ef3-4cca-a186-c1b9f7984ede,46,ely_y2569_id_1636aac5-abd9-4ece-bc9e-ada52832c59f,21756,26.836729659051663,2,136098,82136,3816
2569,pv_32_z_1,pv_32,,,1,ely_y2569_id_2d8a1c84-0bc8-4377-965d-c020a0097c27,2d8a1c84-0bc8-4377-965d-c020a0097c27,9,ely_y2569_id_3761cb83-0afe-498c-85f2-761cd6cf6e87,8952,11.042581536487887,3,136098,82136,3816
2569,pv_32_z_1,pv_32,,,1,ely_y2569_id_a62aca08-91b7-4f3f-ba8f-cb9e884a3799,a62aca08-91b7-4f3f-ba8f-cb9e884a3799,42,ely_y2569_id_475c1e46-9aaa-44ae-9cd5-a977b29aa977,2433,3.0011841910494894,4,136098,82136,3816
2569,pv_32_z_1,pv_32,,,1,ely_y2569_id_0c044088-618b-49af-a291-fb28ffe9e0f8,0c044088-618b-49af-a291-fb28ffe9e0f8,11,ely_y2569_id_01284419-56d0-451a-976d-e8f062a664dc,1658,2.045196625055509,5,136098,82136,3816
2569,pv_32_z_1,pv_32,,,1,ely_y2569_id_d7155f6d-736d-42c0-8bc0-00ee6e1970dc,d7155f6d-736d-42c0-8bc0-00ee6e1970dc,27,ely_y2569_id_bbfd96aa-7daa-4f06-9894-20737f6dcfbf,1214,1.4975082646666995,6,136098,82136,3816
2569,pv_32_z_1,pv_32,,,1,ely_y2569_id_115da917-bf32-4e96-a2ae-b7818d0909ee,115da917-bf32-4e96-a2ae-b7818d0909ee,6,ely_y2569_id_d3da05ff-ac0f-40fe-9be1-fdc43262cfbf,909,1.1212808999851978,7,136098,82136,3816
2569,pv_32_z_1,pv_32,,,1,ely_y2569_id_03347cbc-6089-474c-a3f6-484ae981c9a6,03347cbc-6089-474c-a3f6-484ae981c9a6,43,ely_y2569_id_670e40a1-c29b-475c-9426-34682ff6b34c,599,0.7388858735876055,8,136098,82136,3816
2569,pv_10_z_22,pv_10,,,22,ely_y2569_id_1116011c-1ef3-4cca-a186-c1b9f7984ede,1116011c-1ef3-4cca-a186-c1b9f7984ede,46,ely_y2569_id_e323634f-00cb-4ab0-beab-598c1ca96269,39831,49.24216200178024,1,133669,83561,1419
2569,pv_10_z_22,pv_10,,,22,ely_y2569_id_013c219e-e197-416d-84ea-00ba9c35465e,013c219e-e197-416d-84ea-00ba9c35465e,37,ely_y2569_id_0ecd9cfa-a213-4516-8c62-9009a6177f67,16643,20.57536346553259,2,133669,83561,1419
2569,pv_10_z_22,pv_10,,,22,ely_y2569_id_d7155f6d-736d-42c0-8bc0-00ee6e1970dc,d7155f6d-736d-42c0-8bc0-00ee6e1970dc,27,ely_y2569_id_47ab6693-ad53-4986-a42e-0725ab060b3d,8843,10.932400356047868,3,133669,83561,1419
2569,pv_10_z_22,pv_10,,,22,ely_y2569_id_2d8a1c84-0bc8-4377-965d-c020a0097c27,2d8a1c84-0bc8-4377-965d-c020a0097c27,9,ely_y2569_id_b2c26bf9-842a-4cd1-b100-11ce25b3afd5,6641,8.210117693601028,4,133669,83561,1419
2569,pv_10_z_22,pv_10,,,22,ely_y2569_id_03347cbc-6089-474c-a3f6-484ae981c9a6,03347cbc-6089-474c-a3f6-484ae981c9a6,43,ely_y2569_id_932d6d4a-8efe-4c89-86fa-905fa5cf5cf3,2778,3.4343783997626347,5,133669,83561,1419
2569,pv_10_z_22,pv_10,,,22,ely_y2569_id_115da917-bf32-4e96-a2ae-b7818d0909ee,115da917-bf32-4e96-a2ae-b7818d0909ee,6,ely_y2569_id_0f308f0f-6b18-4b52-a6a7-18816d7d9490,1596,1.9730986054791813,6,133669,83561,1419
2569,pv_10_z_22,pv_10,,,22,ely_y2569_id_965b4b93-c01e-4a2b-a987-577f2b99ebb4,965b4b93-c01e-4a2b-a987-577f2b99ebb4,49,ely_y2569_id_85f327b0-90c9-4795-be9a-3b984c2accfe,1386,1.713480367916131,7,133669,83561,1419
2569,pv_10_z_22,pv_10,,,22,ely_y2569_id_0c044088-618b-49af-a291-fb28ffe9e0f8,0c044088-618b-49af-a291-fb28ffe9e0f8,11,ely_y2569_id_a56a9bfd-c338-4cc9-b801-429eb3658061,1071,1.3240530115715556,8,133669,83561,1419
2569,pv_10_z_22,pv_10,,,22,ely_y2569_id_cb1b6cf2-41fa-49b1-a060-01acf13edc81,cb1b6cf2-41fa-49b1-a060-01acf13edc81,48,ely_y2569_id_ae82560c-83ef-4ceb-a2bd-405abdad24ec,749,0.9259717139748788,9,133669,83561,1419
2569,pv_10_z_22,pv_10,,,22,ely_y2569_id_bd8d9f14-f757-41fb-8f37-d6128d9d012d,bd8d9f14-f757-41fb-8f37-d6128d9d012d,7,ely_y2569_id_c0002dd7-16fd-4b25-a804-b78fbfe62656,403,0.49821976065671053,10,133669,83561,1419
2569,pv_10_z_22,pv_10,,,22,ely_y2569_id_339fa187-133c-4766-a6c2-36d1b32cda8f,339fa187-133c-4766-a6c2-36d1b32cda8f,23,ely_y2569_id_12d0e08b-8f87-4e36-a267-8ab8895957c7,339,0.41909801206606667,11,133669,83561,1419
2569,pv_10_z_22,pv_10,,,22,ely_y2569_id_a62aca08-91b7-4f3f-ba8f-cb9e884a3799,a62aca08-91b7-4f3f-ba8f-cb9e884a3799,42,ely_y2569_id_2d992b32-55e1-42ae-904b-5b4ced861266,240,0.29670655721491446,12,133669,83561,1419
2569,pv_10_z_22,pv_10,,,22,ely_y2569_id_c126e4e4-be85-44e6-bf3e-f9331b9f91a9,c126e4e4-be85-44e6-bf3e-f9331b9f91a9,24,ely_y2569_id_a3425546-3ef6-4413-93d1-629a1a2d1fc2,192,0.23736524577193155,13,133669,83561,1419
2569,pv_10_z_22,pv_10,,,22,ely_y2569_id_2ee17641-917b-4ea0-8c19-da383e03e915,2ee17641-917b-4ea0-8c19-da383e03e915,44,ely_y2569_id_e2adefa3-15b2-4714-870f-5b4fddec25b8,176,0.2175848086242706,14,133669,83561,1419
2569,pv_32_z_7,pv_32,,,7,ely_y2569_id_013c219e-e197-416d-84ea-00ba9c35465e,013c219e-e197-416d-84ea-00ba9c35465e,37,ely_y2569_id_b0bdbcb7-aa11-4255-ab55-56582b0858a3,40998,50.698686716296095,1,136448,81693,4255
2569,pv_32_z_7,pv_32,,,7,ely_y2569_id_2d8a1c84-0bc8-4377-965d-c020a0097c27,2d8a1c84-0bc8-4377-965d-c020a0097c27,9,ely_y2569_id_30fae1a0-c83b-4d31-a022-487d0e0f9180,23348,28.87245566740039,2,136448,81693,4255
2569,pv_32_z_7,pv_32,,,7,ely_y2569_id_1116011c-1ef3-4cca-a186-c1b9f7984ede,1116011c-1ef3-4cca-a186-c1b9f7984ede,46,ely_y2569_id_00b8f3e2-6aca-457b-bde9-123523d3b5e6,12906,15.95973585932283,3,136448,81693,4255
2569,pv_32_z_7,pv_32,,,7,ely_y2569_id_0c044088-618b-49af-a291-fb28ffe9e0f8,0c044088-618b-49af-a291-fb28ffe9e0f8,11,ely_y2569_id_fe515cfc-eff4-47a0-a50f-01fa836d113d,1755,2.170256968317958,4,136448,81693,4255
2569,pv_32_z_7,pv_32,,,7,ely_y2569_id_a62aca08-91b7-4f3f-ba8f-cb9e884a3799,a62aca08-91b7-4f3f-ba8f-cb9e884a3799,42,ely_y2569_id_d766e954-33ad-48bd-b001-0dc55654eba0,737,0.9113842653278263,5,136448,81693,4255
2569,pv_32_z_7,pv_32,,,7,ely_y2569_id_d7155f6d-736d-42c0-8bc0-00ee6e1970dc,d7155f6d-736d-42c0-8bc0-00ee6e1970dc,27,ely_y2569_id_f442e53e-e4ec-4228-bcde-1f8d5ce492d7,706,0.8730492419558281,6,136448,81693,4255
2569,pv_32_z_7,pv_32,,,7,ely_y2569_id_339fa187-133c-4766-a6c2-36d1b32cda8f,339fa187-133c-4766-a6c2-36d1b32cda8f,23,ely_y2569_id_80f00b50-f622-4ff9-80aa-385a735b7339,416,0.5144312813790716,7,136448,81693,4255
2569,pv_34_z_3,pv_34,,,3,ely_y2569_id_e3ad415e-cb0c-4922-adb3-4624e857d801,,21,ely_y2569_id_c474d24b-3182-4aaf-984a-489fccddba9d,41261,51.08203134672048,1,139753,81369,4197
2569,pv_34_z_3,pv_34,,,3,ely_y2569_id_2d8a1c84-0bc8-4377-965d-c020a0097c27,2d8a1c84-0bc8-4377-965d-c020a0097c27,9,ely_y2569_id_107dc28f-a06e-4758-961a-bc5811e95bba,20959,25.947705944982296,2,139753,81369,4197
2569,pv_34_z_3,pv_34,,,3,ely_y2569_id_1116011c-1ef3-4cca-a186-c1b9f7984ede,1116011c-1ef3-4cca-a186-c1b9f7984ede,46,ely_y2569_id_8f05c9e9-e725-4751-914d-138b8989251a,12852,15.911060489761558,3,139753,81369,4197
2569,pv_34_z_3,pv_34,,,3,ely_y2569_id_013c219e-e197-416d-84ea-00ba9c35465e,013c219e-e197-416d-84ea-00ba9c35465e,37,ely_y2569_id_7fb58edf-ae2b-49a7-8a9e-c06b196b68df,3228,3.996335454477926,4,139753,81369,4197
2569,pv_34_z_3,pv_34,,,3,ely_y2569_id_bdd306a2-80c7-4d7b-a7ff-8dc1ec9fcc76,bdd306a2-80c7-4d7b-a7ff-8dc1ec9fcc76,10,ely_y2569_id_64771261-ae85-47ca-8760-b3e7aa42ad52,690,0.8542352737266942,5,139753,81369,4197
2569,pv_34_z_3,pv_34,,,3,ely_y2569_id_115da917-bf32-4e96-a2ae-b7818d0909ee,115da917-bf32-4e96-a2ae-b7818d0909ee,6,ely_y2569_id_2f760bb8-4e0e-4b15-b560-483954cfb074,588,0.7279570158714438,6,139753,81369,4197
2569,pv_34_z_3,pv_34,,,3,ely_y2569_id_d7155f6d-736d-42c0-8bc0-00ee6e1970dc,d7155f6d-736d-42c0-8bc0-00ee6e1970dc,27,ely_y2569_id_879d79cd-8097-4cae-9c9e-f835eb291710,530,0.6561517319929681,7,139753,81369,4197
2569,pv_34_z_3,pv_34,,,3,ely_y2569_id_3caedce0-9faa-47a0-8afc-d5f4fff86578,,28,ely_y2569_id_18fd747f-9d66-4c5b-ade6-cec2fbcb2326,415,0.5137791863718523,8,139753,81369,4197
2569,pv_34_z_3,pv_34,,,3,ely_y2569_id_7255d2d0-1f49-4fd8-adad-7acfea2d5126,7255d2d0-1f49-4fd8-adad-7acfea2d5126,56,ely_y2569_id_fcb9199a-b7b0-43a4-b713-9d47ef55ace5,251,0.310743556094783,9,139753,81369,4197
2569,pv_42_z_1,pv_42,,,1,ely_y2569_id_2d8a1c84-0bc8-4377-965d-c020a0097c27,2d8a1c84-0bc8-4377-965d-c020a0097c27,9,ely_y2569_id_5d641031-b08a-4d23-87d6-f85bb03df758,40796,50.52261356318423,1,125703,81955,4370
2569,pv_42_z_1,pv_42,,,1,ely_y2569_id_1116011c-1ef3-4cca-a186-c1b9f7984ede,1116011c-1ef3-4cca-a186-c1b9f7984ede,46,ely_y2569_id_92a95bb7-c38a-437b-84a9-122aa07bcdac,17150,21.23891613414574,2,125703,81955,4370
2569,pv_42_z_1,pv_42,,,1,ely_y2569_id_a62aca08-91b7-4f3f-ba8f-cb9e884a3799,a62aca08-91b7-4f3f-ba8f-cb9e884a3799,42,ely_y2569_id_220cd040-1da4-44de-a39a-4d7f23c6188f,14174,17.55337593500768,3,125703,81955,4370
2569,pv_42_z_1,pv_42,,,1,ely_y2569_id_013c219e-e197-416d-84ea-00ba9c35465e,013c219e-e197-416d-84ea-00ba9c35465e,37,ely_y2569_id_20a0aaf2-d375-433d-9ee6-08112b5ab52c,4521,5.598900282359934,4,125703,81955,4370
2569,pv_42_z_1,pv_42,,,1,ely_y2569_id_d7155f6d-736d-42c0-8bc0-00ee6e1970dc,d7155f6d-736d-42c0-8bc0-00ee6e1970dc,27,ely_y2569_id_3f75b8be-4c86-4ed2-bba9-2706099d6e1a,1635,2.0248179521474214,5,125703,81955,4370
2569,pv_42_z_1,pv_42,,,1,ely_y2569_id_0c044088-618b-49af-a291-fb28ffe9e0f8,0c044088-618b-49af-a291-fb28ffe9e0f8,11,ely_y2569_id_d93622b8-e081-45e0-964f-7b3219585d5c,1130,1.3994154653985238,6,125703,81955,4370
2569,pv_42_z_1,pv_42,,,1,ely_y2569_id_115da917-bf32-4e96-a2ae-b7818d0909ee,115da917-bf32-4e96-a2ae-b7818d0909ee,6,ely_y2569_id_dffab705-beff-4cc3-b35d-7677f61d0e1a,833,1.0316044979442214,7,125703,81955,4370
2569,pv_42_z_1,pv_42,,,1,ely_y2569_id_03347cbc-6089-474c-a3f6-484ae981c9a6,03347cbc-6089-474c-a3f6-484ae981c9a6,43,ely_y2569_id_cd7b2e2d-0ca0-4492-9461-bf5e8192bbaf,509,0.6303561698122554,8,125703,81955,4370
2569,pv_54_z_1,pv_54,,,1,ely_y2569_id_013c219e-e197-416d-84ea-00ba9c35465e,013c219e-e197-416d-84ea-00ba9c35465e,37,ely_y2569_id_3245a7ef-87c1-4cfd-b409-8a3d5814a504,34337,42.564242416729684,1,122115,81142,3017
2569,pv_54_z_1,pv_54,,,1,ely_y2569_id_1116011c-1ef3-4cca-a186-c1b9f7984ede,1116011c-1ef3-4cca-a186-c1b9f7984ede,46,ely_y2569_id_f30f6557-7879-4a16-a930-4527025b82ca,21705,26.90557945234347,2,122115,81142,3017
2569,pv_54_z_1,pv_54,,,1,ely_y2569_id_a62aca08-91b7-4f3f-ba8f-cb9e884a3799,a62aca08-91b7-4f3f-ba8f-cb9e884a3799,42,ely_y2569_id_de988b06-c030-420c-afdb-ddef07355b31,13934,17.272625850677443,3,122115,81142,3017
2569,pv_54_z_1,pv_54,,,1,ely_y2569_id_2d8a1c84-0bc8-4377-965d-c020a0097c27,2d8a1c84-0bc8-4377-965d-c020a0097c27,9,ely_y2569_id_a2a93bc3-7742-4842-a9e5-1527d8c4c69c,9461,11.72788238648337,4,122115,81142,3017
2569,pv_54_z_1,pv_54,,,1,ely_y2569_id_115da917-bf32-4e96-a2ae-b7818d0909ee,115da917-bf32-4e96-a2ae-b7818d0909ee,6,ely_y2569_id_8f57c5df-d615-47ba-b3fb-94702a18670b,796,0.9867238536772818,5,122115,81142,3017
2569,pv_54_z_1,pv_54,,,1,ely_y2569_id_d7155f6d-736d-42c0-8bc0-00ee6e1970dc,d7155f6d-736d-42c0-8bc0-00ee6e1970dc,27,ely_y2569_id_4dfbade7-3d0e-44c9-8603-eb237896e944,438,0.5429460400887556,6,122115,81142,3017
2569,pv_96_z_5,pv_96,,,5,ely_y2569_id_7f4755ca-ea3a-4023-869d-9cabba328db0,7f4755ca-ea3a-4023-869d-9cabba328db0,33,ely_y2569_id_2ab69452-d5d1-49d1-a7a3-f6abc6f650f9,42706,52.96802520278818,1,125363,80626,5196
2569,pv_96_z_5,pv_96,,,5,ely_y2569_id_a62aca08-91b7-4f3f-ba8f-cb9e884a3799,a62aca08-91b7-4f3f-ba8f-cb9e884a3799,42,ely_y2569_id_92a447e8-e77b-4091-b0d0-fbe26096fff7,31022,38.476421997866694,2,125363,80626,5196
2569,pv_96_z_5,pv_96,,,5,ely_y2569_id_1116011c-1ef3-4cca-a186-c1b9f7984ede,1116011c-1ef3-4cca-a186-c1b9f7984ede,46,ely_y2569_id_044d8685-d693-400c-90a3-46f13e3d5858,4132,5.124897675687744,3,125363,80626,5196
2569,pv_96_z_5,pv_96,,,5,ely_y2569_id_013c219e-e197-416d-84ea-00ba9c35465e,013c219e-e197-416d-84ea-00ba9c35465e,37,ely_y2569_id_5b7c53a3-deb3-46be-9036-18ef7ccfdc0e,1522,1.8877285242973731,4,125363,80626,5196
2569,pv_96_z_5,pv_96,,,5,ely_y2569_id_d7155f6d-736d-42c0-8bc0-00ee6e1970dc,d7155f6d-736d-42c0-8bc0-00ee6e1970dc,27,ely_y2569_id_427f60e2-a543-43e8-89c8-854622d4da4d,878,1.0889787413489445,5,125363,80626,5196
2569,pv_96_z_5,pv_96,,,5,ely_y2569_id_2d8a1c84-0bc8-4377-965d-c020a0097c27,2d8a1c84-0bc8-4377-965d-c020a0097c27,9,ely_y2569_id_2ae938cf-71cb-4787-8d05-108e9e8cb451,366,0.45394785801106347,6,125363,80626,5196
2569,pv_67_z_6,pv_67,,,6,ely_y2569_id_013c219e-e197-416d-84ea-00ba9c35465e,013c219e-e197-416d-84ea-00ba9c35465e,37,ely_y2569_id_6cef1eb9-f2a8-4e99-9e41-814f7624d623,58578,72.6539825862625,1,135294,80626,5904
2569,pv_67_z_6,pv_67,,,6,ely_y2569_id_1116011c-1ef3-4cca-a186-c1b9f7984ede,1116011c-1ef3-4cca-a186-c1b9f7984ede,46,ely_y2569_id_4ee2ac8c-4022-42a1-8012-055f93f28fdc,14252,17.676679979163048,2,135294,80626,5904
2569,pv_67_z_6,pv_67,,,6,ely_y2569_id_2d8a1c84-0bc8-4377-965d-c020a0097c27,2d8a1c84-0bc8-4377-965d-c020a0097c27,9,ely_y2569_id_3d5b991e-947b-43fa-9438-a033be1a298c,4598,5.702875003100736,3,135294,80626,5904
2569,pv_67_z_6,pv_67,,,6,ely_y2569_id_0c044088-618b-49af-a291-fb28ffe9e0f8,0c044088-618b-49af-a291-fb28ffe9e0f8,11,ely_y2569_id_df69fae4-9fc2-4569-ad33-3592e61eb4da,1280,1.5875772083447026,4,135294,80626,5904
2569,pv_67_z_6,pv_67,,,6,ely_y2569_id_d7155f6d-736d-42c0-8bc0-00ee6e1970dc,d7155f6d-736d-42c0-8bc0-00ee6e1970dc,27,ely_y2569_id_add7f904-0fca-49aa-91e1-95e587d83fba,1076,1.3345570907647657,5,135294,80626,5904
2569,pv_67_z_6,pv_67,,,6,ely_y2569_id_339fa187-133c-4766-a6c2-36d1b32cda8f,339fa187-133c-4766-a6c2-36d1b32cda8f,23,ely_y2569_id_32b7c182-6d54-42f8-9697-4b4ccb26101a,544,0.6747203135464986,6,135294,80626,5904
2569,pv_67_z_6,pv_67,,,6,ely_y2569_id_a62aca08-91b7-4f3f-ba8f-cb9e884a3799,a62aca08-91b7-4f3f-ba8f-cb9e884a3799,42,ely_y2569_id_848f237e-f777-4cfe-b9bd-d5002096bb9f,298,0.3696078188177511,7,135294,80626,5904
2569,pv_46_z_6,pv_46,,,6,ely_y2569_id_2d8a1c84-0bc8-4377-965d-c020a0097c27,2d8a1c84-0bc8-4377-965d-c020a0097c27,9,ely_y2569_id_323c9d91-e0af-4d98-bba9-e5984ec2704e,54428,67.59059185853017,1,135642,80526,4332
2569,pv_46_z_6,pv_46,,,6,ely_y2569_id_013c219e-e197-416d-84ea-00ba9c35465e,013c219e-e197-416d-84ea-00ba9c35465e,37,ely_y2569_id_b9ac9eb7-2909-412e-9b62-2f0f7f7045a9,13867,17.220525047810646,2,135642,80526,4332
2569,pv_46_z_6,pv_46,,,6,ely_y2569_id_1116011c-1ef3-4cca-a186-c1b9f7984ede,1116011c-1ef3-4cca-a186-c1b9f7984ede,46,ely_y2569_id_34ed6f5c-6b08-4fb6-aa9c-1405499a9af5,9373,11.639718848570647,3,135642,80526,4332
2569,pv_46_z_6,pv_46,,,6,ely_y2569_id_03347cbc-6089-474c-a3f6-484ae981c9a6,03347cbc-6089-474c-a3f6-484ae981c9a6,43,ely_y2569_id_aa745196-14a8-42ab-bc8c-73b9e5b98a5b,1122,1.3933387974070486,4,135642,80526,4332
2569,pv_46_z_6,pv_46,,,6,ely_y2569_id_115da917-bf32-4e96-a2ae-b7818d0909ee,115da917-bf32-4e96-a2ae-b7818d0909ee,6,ely_y2569_id_93f3096d-4fd3-440c-aa98-afef134f9b10,656,0.8146437175570623,5,135642,80526,4332
2569,pv_46_z_6,pv_46,,,6,ely_y2569_id_0c044088-618b-49af-a291-fb28ffe9e0f8,0c044088-618b-49af-a291-fb28ffe9e0f8,11,ely_y2569_id_8f2fb7d9-d7fe-4adc-86b9-1debce6d0fd1,380,0.47189727541415194,6,135642,80526,4332
2569,pv_46_z_6,pv_46,,,6,ely_y2569_id_d7155f6d-736d-42c0-8bc0-00ee6e1970dc,d7155f6d-736d-42c0-8bc0-00ee6e1970dc,27,ely_y2569_id_578ed709-4adf-4d69-b601-489799934570,294,0.3650994709783176,7,135642,80526,4332
2569,pv_46_z_6,pv_46,,,6,ely_y2569_id_a62aca08-91b7-4f3f-ba8f-cb9e884a3799,a62aca08-91b7-4f3f-ba8f-cb9e884a3799,42,ely_y2569_id_c32bdddb-7fda-4ea6-9482-574fff57daee,227,0.2818965303131908,8,135642,80526,4332
2569,pv_46_z_6,pv_46,,,6,ely_y2569_id_bd8d9f14-f757-41fb-8f37-d6128d9d012d,bd8d9f14-f757-41fb-8f37-d6128d9d012d,7,ely_y2569_id_fc6b583b-cd96-46db-b8aa-fd5f6f3a10f9,105,0.130392668206542,9,135642,80526,4332
2569,pv_46_z_6,pv_46,,,6,ely_y2569_id_7255d2d0-1f49-4fd8-adad-7acfea2d5126,7255d2d0-1f49-4fd8-adad-7acfea2d5126,56,ely_y2569_id_8c6e7db5-6b93-4a7d-ab7f-06d5b9bb3695,74,0.09189578521222959,10,135642,80526,4332
2569,pv_10_z_7,pv_10,,,7,ely_y2569_id_1116011c-1ef3-4cca-a186-c1b9f7984ede,1116011c-1ef3-4cca-a186-c1b9f7984ede,46,ely_y2569_id_feece819-df1f-4e9b-8e84-3bacdd260f50,38574,47.925751984792576,1,138276,83240,1600
2569,pv_10_z_7,pv_10,,,7,ely_y2569_id_013c219e-e197-416d-84ea-00ba9c35465e,013c219e-e197-416d-84ea-00ba9c35465e,37,ely_y2569_id_fe5a4db4-7d74-4d8f-bc7a-5c7cb6f8b53a,11394,14.156323381415634,2,138276,83240,1600
2569,pv_10_z_7,pv_10,,,7,ely_y2569_id_115da917-bf32-4e96-a2ae-b7818d0909ee,115da917-bf32-4e96-a2ae-b7818d0909ee,6,ely_y2569_id_e6556b5a-c08d-4a5f-8db0-58efad6c18d1,10678,13.26673872799334,3,138276,83240,1600
2569,pv_10_z_7,pv_10,,,7,ely_y2569_id_d7155f6d-736d-42c0-8bc0-00ee6e1970dc,d7155f6d-736d-42c0-8bc0-00ee6e1970dc,27,ely_y2569_id_47088d59-dc9f-4e96-a9b4-7a2d86b78a05,7509,9.329456930932945,4,138276,83240,1600
2569,pv_10_z_7,pv_10,,,7,ely_y2569_id_2d8a1c84-0bc8-4377-965d-c020a0097c27,2d8a1c84-0bc8-4377-965d-c020a0097c27,9,ely_y2569_id_5c23571c-9d49-473a-8e96-13080754a873,5899,7.32913389739958,5,138276,83240,1600
2569,pv_10_z_7,pv_10,,,7,ely_y2569_id_0c044088-618b-49af-a291-fb28ffe9e0f8,0c044088-618b-49af-a291-fb28ffe9e0f8,11,ely_y2569_id_3f4ab2ad-3206-4f95-bcc1-b493ca5a829b,1968,2.4451153602445115,6,138276,83240,1600
2569,pv_10_z_7,pv_10,,,7,ely_y2569_id_03347cbc-6089-474c-a3f6-484ae981c9a6,03347cbc-6089-474c-a3f6-484ae981c9a6,43,ely_y2569_id_daf86976-7b55-41a9-9d3a-a3c802e3be60,1324,1.6449861468311653,7,138276,83240,1600
2569,pv_10_z_7,pv_10,,,7,ely_y2569_id_a62aca08-91b7-4f3f-ba8f-cb9e884a3799,a62aca08-91b7-4f3f-ba8f-cb9e884a3799,42,ely_y2569_id_a00f45e9-fdfb-44a2-aba7-872888b1f6f8,825,1.025010250102501,8,138276,83240,1600
2569,pv_10_z_7,pv_10,,,7,ely_y2569_id_cb1b6cf2-41fa-49b1-a060-01acf13edc81,cb1b6cf2-41fa-49b1-a060-01acf13edc81,48,ely_y2569_id_58746a65-2121-4c39-a230-353debe1894a,665,0.8262203834159553,9,138276,83240,1600
2569,pv_10_z_7,pv_10,,,7,ely_y2569_id_965b4b93-c01e-4a2b-a987-577f2b99ebb4,965b4b93-c01e-4a2b-a987-577f2b99ebb4,49,ely_y2569_id_bb7f52d2-1c31-4186-b347-ce3520654257,566,0.7032191534036553,10,138276,83240,1600
2569,pv_10_z_7,pv_10,,,7,ely_y2569_id_e89089ab-9e07-4933-ab7c-28f2e65bed81,e89089ab-9e07-4933-ab7c-28f2e65bed81,20,ely_y2569_id_123ed16b-0b68-4142-92cd-1b3ba29500da,502,0.6237032067290369,11,138276,83240,1600
2569,pv_10_z_7,pv_10,,,7,ely_y2569_id_2ee17641-917b-4ea0-8c19-da383e03e915,2ee17641-917b-4ea0-8c19-da383e03e915,44,ely_y2569_id_df2e3393-d121-448c-bf50-3f335b91f107,307,0.3814280567048095,12,138276,83240,1600
2569,pv_10_z_7,pv_10,,,7,ely_y2569_id_bd8d9f14-f757-41fb-8f37-d6128d9d012d,bd8d9f14-f757-41fb-8f37-d6128d9d012d,7,ely_y2569_id_15403e16-3e29-41eb-b434-6ab4e304b48a,276,0.3429125200342913,13,138276,83240,1600
2569,pv_18_z_2,pv_18,,,2,ely_y2569_id_013c219e-e197-416d-84ea-00ba9c35465e,013c219e-e197-416d-84ea-00ba9c35465e,37,ely_y2569_id_95ea2fc9-ce2d-47fa-9430-7e78c607dc85,52108,64.79079888094498,1,130424,80425,6749
2569,pv_18_z_2,pv_18,,,2,ely_y2569_id_1116011c-1ef3-4cca-a186-c1b9f7984ede,1116011c-1ef3-4cca-a186-c1b9f7984ede,46,ely_y2569_id_33372de7-36b1-4943-92f7-05beb5f32f0d,15985,19.87566055331054,2,130424,80425,6749
2569,pv_18_z_2,pv_18,,,2,ely_y2569_id_2d8a1c84-0bc8-4377-965d-c020a0097c27,2d8a1c84-0bc8-4377-965d-c020a0097c27,9,ely_y2569_id_def278a2-75f4-46fd-9005-d0a6f1512f61,8472,10.53403792353124,3,130424,80425,6749
2569,pv_18_z_2,pv_18,,,2,ely_y2569_id_d7155f6d-736d-42c0-8bc0-00ee6e1970dc,d7155f6d-736d-42c0-8bc0-00ee6e1970dc,27,ely_y2569_id_a4b6870b-b755-4d66-8577-ec7ca0f95241,2709,3.368355610817532,4,130424,80425,6749
2569,pv_18_z_2,pv_18,,,2,ely_y2569_id_03347cbc-6089-474c-a3f6-484ae981c9a6,03347cbc-6089-474c-a3f6-484ae981c9a6,43,ely_y2569_id_0c537d56-9046-49e9-aca4-dd4fa6e6bc1e,708,0.8803232825613926,5,130424,80425,6749
2569,pv_18_z_2,pv_18,,,2,ely_y2569_id_a62aca08-91b7-4f3f-ba8f-cb9e884a3799,a62aca08-91b7-4f3f-ba8f-cb9e884a3799,42,ely_y2569_id_0c68e328-1237-4a2b-8eec-785bdd3ac27c,443,0.5508237488343176,6,130424,80425,6749
2569,pv_73_z_2,pv_73,,,2,ely_y2569_id_a62aca08-91b7-4f3f-ba8f-cb9e884a3799,a62aca08-91b7-4f3f-ba8f-cb9e884a3799,42,ely_y2569_id_8e9bdd54-5f16-44fd-b942-bffc49a3b54b,41154,51.224794622852876,1,120935,80340,3935
2569,pv_73_z_2,pv_73,,,2,ely_y2569_id_1116011c-1ef3-4cca-a186-c1b9f7984ede,1116011c-1ef3-4cca-a186-c1b9f7984ede,46,ely_y2569_id_1f9d70e0-fbd1-4188-94b2-d7da9dc09f58,27977,34.823251182474486,2,120935,80340,3935
2569,pv_73_z_2,pv_73,,,2,ely_y2569_id_013c219e-e197-416d-84ea-00ba9c35465e,013c219e-e197-416d-84ea-00ba9c35465e,37,ely_y2569_id_3dfc97f7-d501-437a-9f0a-439337e9faa1,4443,5.53024645257655,3,120935,80340,3935
2569,pv_73_z_2,pv_73,,,2,ely_y2569_id_2d8a1c84-0bc8-4377-965d-c020a0097c27,2d8a1c84-0bc8-4377-965d-c020a0097c27,9,ely_y2569_id_4e936efe-d894-49ff-a438-94d98292f2e4,2623,3.2648742842917597,4,120935,80340,3935
2569,pv_73_z_2,pv_73,,,2,ely_y2569_id_d7155f6d-736d-42c0-8bc0-00ee6e1970dc,d7155f6d-736d-42c0-8bc0-00ee6e1970dc,27,ely_y2569_id_4dae4fc8-ddd3-4708-bb8e-df669afcbb09,2040,2.539208364451083,5,120935,80340,3935
2569,pv_73_z_2,pv_73,,,2,ely_y2569_id_0c044088-618b-49af-a291-fb28ffe9e0f8,0c044088-618b-49af-a291-fb28ffe9e0f8,11,ely_y2569_id_92e613ae-32ec-4fe9-be09-d2d846041b8f,1437,1.7886482449589247,6,120935,80340,3935
2569,pv_73_z_2,pv_73,,,2,ely_y2569_id_2ee17641-917b-4ea0-8c19-da383e03e915,2ee17641-917b-4ea0-8c19-da383e03e915,44,ely_y2569_id_ec97f1a2-74da-4dfb-97fb-3c6b00573999,346,0.4306696539706248,7,120935,80340,3935
2569,pv_73_z_2,pv_73,,,2,ely_y2569_id_88d2f617-0495-4d07-8373-eec53ac2c78b,,25,ely_y2569_id_87e6dad6-9f77-4bc3-929f-41f8bf1d3d1c,320,0.3983071944236993,8,120935,80340,3935
2569,pv_57_z_5,pv_57,,,5,ely_y2569_id_013c219e-e197-416d-84ea-00ba9c35465e,013c219e-e197-416d-84ea-00ba9c35465e,37,ely_y2569_id_26373e63-caea-4032-bf4a-59571d870acd,49323,61.47547113371223,1,132060,80715,4253
2569,pv_57_z_5,pv_57,,,5,ely_y2569_id_2d8a1c84-0bc8-4377-965d-c020a0097c27,2d8a1c84-0bc8-4377-965d-c020a0097c27,9,ely_y2569_id_48b44355-146d-414c-8468-d8ae667b30ba,15314,19.087147272908563,2,132060,80715,4253
2569,pv_57_z_5,pv_57,,,5,ely_y2569_id_1116011c-1ef3-4cca-a186-c1b9f7984ede,1116011c-1ef3-4cca-a186-c1b9f7984ede,46,ely_y2569_id_5b735616-484c-45a6-a5bd-3bc88232f29b,12636,15.749326951839665,3,132060,80715,4253
2569,pv_57_z_5,pv_57,,,5,ely_y2569_id_bd8d9f14-f757-41fb-8f37-d6128d9d012d,bd8d9f14-f757-41fb-8f37-d6128d9d012d,7,ely_y2569_id_e5073d1d-0888-451d-83ff-5eb4f4681dc6,2070,2.580017947950942,4,132060,80715,4253
2569,pv_57_z_5,pv_57,,,5,ely_y2569_id_d7155f6d-736d-42c0-8bc0-00ee6e1970dc,d7155f6d-736d-42c0-8bc0-00ee6e1970dc,27,ely_y2569_id_8b53c626-fc65-431b-9361-33e853bc0f32,584,0.7278891215475122,5,132060,80715,4253
2569,pv_57_z_5,pv_57,,,5,ely_y2569_id_115da917-bf32-4e96-a2ae-b7818d0909ee,115da917-bf32-4e96-a2ae-b7818d0909ee,6,ely_y2569_id_c035041f-2ac9-434c-a566-826e55485618,305,0.38014757204108085,6,132060,80715,4253
2569,pv_11_z_6,pv_11,,,6,ely_y2569_id_013c219e-e197-416d-84ea-00ba9c35465e,013c219e-e197-416d-84ea-00ba9c35465e,37,ely_y2569_id_e8eda4a4-a2ad-4a36-902b-15a68f4b99fd,33686,42.0066839584996,1,129989,80595,3198
2569,pv_11_z_6,pv_11,,,6,ely_y2569_id_1116011c-1ef3-4cca-a186-c1b9f7984ede,1116011c-1ef3-4cca-a186-c1b9f7984ede,46,ely_y2569_id_fdc54202-f4ce-4176-9a9c-962e82f713f1,31359,39.104898244213885,2,129989,80595,3198
2569,pv_11_z_6,pv_11,,,6,ely_y2569_id_2d8a1c84-0bc8-4377-965d-c020a0097c27,2d8a1c84-0bc8-4377-965d-c020a0097c27,9,ely_y2569_id_b302577b-0fd8-46ba-be11-8c034e4e01d6,7557,9.423633280127694,3,129989,80595,3198
2569,pv_11_z_6,pv_11,,,6,ely_y2569_id_d7155f6d-736d-42c0-8bc0-00ee6e1970dc,d7155f6d-736d-42c0-8bc0-00ee6e1970dc,27,ely_y2569_id_7e2afef5-dd54-4b5f-b6ee-ff67a672621c,2151,2.6823124501197126,4,129989,80595,3198
2569,pv_11_z_6,pv_11,,,6,ely_y2569_id_115da917-bf32-4e96-a2ae-b7818d0909ee,115da917-bf32-4e96-a2ae-b7818d0909ee,6,ely_y2569_id_c79af5fe-7560-4f90-beec-76a982fc8b8d,1837,2.2907521947326415,5,129989,80595,3198
2569,pv_11_z_6,pv_11,,,6,ely_y2569_id_339fa187-133c-4766-a6c2-36d1b32cda8f,339fa187-133c-4766-a6c2-36d1b32cda8f,23,ely_y2569_id_331f5074-7eda-42da-82e0-afbf56b31432,1280,1.596169193934557,6,129989,80595,3198
2569,pv_11_z_6,pv_11,,,6,ely_y2569_id_03347cbc-6089-474c-a3f6-484ae981c9a6,03347cbc-6089-474c-a3f6-484ae981c9a6,43,ely_y2569_id_6b625219-a735-48c4-ace5-cd6f96eef064,844,1.0524740622505986,7,129989,80595,3198
2569,pv_11_z_6,pv_11,,,6,ely_y2569_id_bcdcd19b-d619-47dd-8535-fafb6bc6f4d8,bcdcd19b-d619-47dd-8535-fafb6bc6f4d8,12,ely_y2569_id_bf422b8a-9b73-4ad9-be91-bb93ba99bf03,670,0.8354948124501197,8,129989,80595,3198
2569,pv_11_z_6,pv_11,,,6,ely_y2569_id_965b4b93-c01e-4a2b-a987-577f2b99ebb4,965b4b93-c01e-4a2b-a987-577f2b99ebb4,49,ely_y2569_id_d5f5b298-3a60-4c6b-a73a-4eee264dc0d4,525,0.6546787709497207,9,129989,80595,3198
2569,pv_11_z_6,pv_11,,,6,ely_y2569_id_a62aca08-91b7-4f3f-ba8f-cb9e884a3799,a62aca08-91b7-4f3f-ba8f-cb9e884a3799,42,ely_y2569_id_b710705b-61de-426a-973d-a1b74f14d849,283,0.3529030327214685,10,129989,80595,3198
2569,pv_27_z_2,pv_27,,,2,ely_y2569_id_03347cbc-6089-474c-a3f6-484ae981c9a6,03347cbc-6089-474c-a3f6-484ae981c9a6,43,ely_y2569_id_38e239ee-d9d2-49bc-915c-b065412c8500,56364,70.35913567763922,1,145146,80109,4621
2569,pv_27_z_2,pv_27,,,2,ely_y2569_id_1116011c-1ef3-4cca-a186-c1b9f7984ede,1116011c-1ef3-4cca-a186-c1b9f7984ede,46,ely_y2569_id_7334e703-5d43-4eaa-ab5a-6989061362f9,13788,17.211549264127626,2,145146,80109,4621
2569,pv_27_z_2,pv_27,,,2,ely_y2569_id_0c044088-618b-49af-a291-fb28ffe9e0f8,0c044088-618b-49af-a291-fb28ffe9e0f8,11,ely_y2569_id_70135ba9-9b72-413c-8653-f3d147e21e8a,3010,3.7573805689747717,3,145146,80109,4621
2569,pv_27_z_2,pv_27,,,2,ely_y2569_id_2d8a1c84-0bc8-4377-965d-c020a0097c27,2d8a1c84-0bc8-4377-965d-c020a0097c27,9,ely_y2569_id_a828b86d-3899-4916-879b-8db5c25552a4,2520,3.1457139647230647,4,145146,80109,4621
2569,pv_27_z_2,pv_27,,,2,ely_y2569_id_d7155f6d-736d-42c0-8bc0-00ee6e1970dc,d7155f6d-736d-42c0-8bc0-00ee6e1970dc,27,ely_y2569_id_ca29a31a-61c7-4eaf-b6d5-f4755458ecc0,1600,1.997278707760676,5,145146,80109,4621
2569,pv_27_z_2,pv_27,,,2,ely_y2569_id_013c219e-e197-416d-84ea-00ba9c35465e,013c219e-e197-416d-84ea-00ba9c35465e,37,ely_y2569_id_7e1a9eaf-4d89-4f0a-a385-1b269dcaf4cb,1480,1.8474828046786254,6,145146,80109,4621
2569,pv_27_z_2,pv_27,,,2,ely_y2569_id_965b4b93-c01e-4a2b-a987-577f2b99ebb4,965b4b93-c01e-4a2b-a987-577f2b99ebb4,49,ely_y2569_id_ac9ff0ba-e381-4ab9-8330-44e4949be80f,540,0.6740815638692282,7,145146,80109,4621
2569,pv_27_z_2,pv_27,,,2,ely_y2569_id_a62aca08-91b7-4f3f-ba8f-cb9e884a3799,a62aca08-91b7-4f3f-ba8f-cb9e884a3799,42,ely_y2569_id_39253aad-75f0-40b7-ac9c-8226e2cc445b,433,0.540513550287733,8,145146,80109,4621
2569,pv_27_z_2,pv_27,,,2,ely_y2569_id_d1964fe3-2dd0-43d5-a190-77fbfaf586b2,,8,ely_y2569_id_53478b05-0442-4713-8f24-f71c344705e9,374,0.466863897939058,9,145146,80109,4621
2569,pv_40_z_6,pv_40,,,6,ely_y2569_id_013c219e-e197-416d-84ea-00ba9c35465e,013c219e-e197-416d-84ea-00ba9c35465e,37,ely_y2569_id_5e4851b9-cdfd-4112-b716-0b5cf1b4e915,43245,54.019111860595835,1,129906,80055,5062
2569,pv_40_z_6,pv_40,,,6,ely_y2569_id_2d8a1c84-0bc8-4377-965d-c020a0097c27,2d8a1c84-0bc8-4377-965d-c020a0097c27,9,ely_y2569_id_24060d75-c293-47c4-a6dc-6ccfbad59161,19305,24.11467116357504,2,129906,80055,5062
2569,pv_40_z_6,pv_40,,,6,ely_y2569_id_1116011c-1ef3-4cca-a186-c1b9f7984ede,1116011c-1ef3-4cca-a186-c1b9f7984ede,46,ely_y2569_id_3d6b1228-0c53-4457-b66a-aa6b28d1bcef,14408,17.997626631690714,3,129906,80055,5062
2569,pv_40_z_6,pv_40,,,6,ely_y2569_id_03347cbc-6089-474c-a3f6-484ae981c9a6,03347cbc-6089-474c-a3f6-484ae981c9a6,43,ely_y2569_id_4746eee1-035f-4565-8af9-5fbd2d64d198,1552,1.938667166323153,4,129906,80055,5062
2569,pv_40_z_6,pv_40,,,6,ely_y2569_id_d7155f6d-736d-42c0-8bc0-00ee6e1970dc,d7155f6d-736d-42c0-8bc0-00ee6e1970dc,27,ely_y2569_id_f490c1a4-73f8-44f6-a375-33d5c0ab83ab,720,0.8993816750983699,5,129906,80055,5062
2569,pv_40_z_6,pv_40,,,6,ely_y2569_id_115da917-bf32-4e96-a2ae-b7818d0909ee,115da917-bf32-4e96-a2ae-b7818d0909ee,6,ely_y2569_id_b44826d1-328a-43b3-bf1f-c2d4952519c0,514,0.6420585847230029,6,129906,80055,5062
2569,pv_40_z_6,pv_40,,,6,ely_y2569_id_bdd306a2-80c7-4d7b-a7ff-8dc1ec9fcc76,bdd306a2-80c7-4d7b-a7ff-8dc1ec9fcc76,10,ely_y2569_id_9a85336a-1f8f-4a8d-a315-14a3185edace,167,0.20860658297420523,7,129906,80055,5062
2569,pv_40_z_6,pv_40,,,6,ely_y2569_id_965b4b93-c01e-4a2b-a987-577f2b99ebb4,965b4b93-c01e-4a2b-a987-577f2b99ebb4,49,ely_y2569_id_56e4f14e-5de5-4ee7-9b7b-e7a9a345caef,144,0.17987633501967398,8,129906,80055,5062
2569,pv_10_z_32,pv_10,,,32,ely_y2569_id_1116011c-1ef3-4cca-a186-c1b9f7984ede,1116011c-1ef3-4cca-a186-c1b9f7984ede,46,ely_y2569_id_f07af3b7-2bb0-4dbe-a7c4-f278d7ae2a86,36963,46.17258350613336,1,139079,83294,2145
2569,pv_10_z_32,pv_10,,,32,ely_y2569_id_013c219e-e197-416d-84ea-00ba9c35465e,013c219e-e197-416d-84ea-00ba9c35465e,37,ely_y2569_id_047e8f7d-9e83-4345-a23b-51066d9ebf27,12436,15.534514202913034,2,139079,83294,2145
2569,pv_10_z_32,pv_10,,,32,ely_y2569_id_d7155f6d-736d-42c0-8bc0-00ee6e1970dc,d7155f6d-736d-42c0-8bc0-00ee6e1970dc,27,ely_y2569_id_2b9d4592-36be-432d-ad0f-6f696a7d5ced,10940,13.665775601469008,3,139079,83294,2145
2569,pv_10_z_32,pv_10,,,32,ely_y2569_id_2d8a1c84-0bc8-4377-965d-c020a0097c27,2d8a1c84-0bc8-4377-965d-c020a0097c27,9,ely_y2569_id_d85b8326-5eec-4695-94a7-20e02c6969ec,9480,11.842006645514278,4,139079,83294,2145
2569,pv_10_z_32,pv_10,,,32,ely_y2569_id_115da917-bf32-4e96-a2ae-b7818d0909ee,115da917-bf32-4e96-a2ae-b7818d0909ee,6,ely_y2569_id_c7110744-085c-4218-b170-fe6f9d22fb42,2847,3.556349464111724,5,139079,83294,2145
2569,pv_10_z_32,pv_10,,,32,ely_y2569_id_0c044088-618b-49af-a291-fb28ffe9e0f8,0c044088-618b-49af-a291-fb28ffe9e0f8,11,ely_y2569_id_a18fc1df-1a9d-4aab-9d41-658229592232,1363,1.7026007444974642,6,139079,83294,2145
2569,pv_10_z_32,pv_10,,,32,ely_y2569_id_cb1b6cf2-41fa-49b1-a060-01acf13edc81,cb1b6cf2-41fa-49b1-a060-01acf13edc81,48,ely_y2569_id_ba1eddd8-0e8a-4b93-bb4c-8c79ed20392d,852,1.0642816099133086,7,139079,83294,2145
2569,pv_10_z_32,pv_10,,,32,ely_y2569_id_bd8d9f14-f757-41fb-8f37-d6128d9d012d,bd8d9f14-f757-41fb-8f37-d6128d9d012d,7,ely_y2569_id_46d3613a-f643-415b-ab67-92e8b1a8ddd6,829,1.0355510030729258,8,139079,83294,2145
2569,pv_10_z_32,pv_10,,,32,ely_y2569_id_bcdcd19b-d619-47dd-8535-fafb6bc6f4d8,bcdcd19b-d619-47dd-8535-fafb6bc6f4d8,12,ely_y2569_id_9d5dc468-b667-4599-97dd-da93092dfded,729,0.9106353211582182,9,139079,83294,2145
2569,pv_10_z_32,pv_10,,,32,ely_y2569_id_965b4b93-c01e-4a2b-a987-577f2b99ebb4,965b4b93-c01e-4a2b-a987-577f2b99ebb4,49,ely_y2569_id_9cbdc2a1-f904-4cd1-9119-504c57aa8975,672,0.839433382466835,10,139079,83294,2145
2569,pv_10_z_32,pv_10,,,32,ely_y2569_id_a62aca08-91b7-4f3f-ba8f-cb9e884a3799,a62aca08-91b7-4f3f-ba8f-cb9e884a3799,42,ely_y2569_id_cc459902-0733-4deb-a952-110796fa5463,659,0.8231943438179229,11,139079,83294,2145
2569,pv_10_z_32,pv_10,,,32,ely_y2569_id_54706125-9661-467d-a8af-78994d14b116,54706125-9661-467d-a8af-78994d14b116,35,ely_y2569_id_a3219b70-0fa9-4c89-a4da-63daf7968e11,531,0.6633022709670972,12,139079,83294,2145
2569,pv_10_z_32,pv_10,,,32,ely_y2569_id_7255d2d0-1f49-4fd8-adad-7acfea2d5126,7255d2d0-1f49-4fd8-adad-7acfea2d5126,56,ely_y2569_id_a1e818f7-58ab-4b3e-85e8-883e5f399ee6,526,0.6570564868713619,13,139079,83294,2145
2569,pv_10_z_32,pv_10,,,32,ely_y2569_id_2ee17641-917b-4ea0-8c19-da383e03e915,2ee17641-917b-4ea0-8c19-da383e03e915,44,ely_y2569_id_7a185666-8c7a-42a9-92b6-594d04b2292b,479,0.5983461163714492,14,139079,83294,2145
2569,pv_10_z_32,pv_10,,,32,ely_y2569_id_bdd306a2-80c7-4d7b-a7ff-8dc1ec9fcc76,bdd306a2-80c7-4d7b-a7ff-8dc1ec9fcc76,10,ely_y2569_id_02b17442-3dcd-462a-879c-3e7a77a4cab9,417,0.5208983935843305,15,139079,83294,2145
2569,pv_10_z_32,pv_10,,,32,ely_y2569_id_03347cbc-6089-474c-a3f6-484ae981c9a6,03347cbc-6089-474c-a3f6-484ae981c9a6,43,ely_y2569_id_110f4120-0522-4c86-bc98-10532e0c9984,331,0.41347090713768203,16,139079,83294,2145
2569,pv_34_z_2,pv_34,,,2,ely_y2569_id_e3ad415e-cb0c-4922-adb3-4624e857d801,,21,ely_y2569_id_d53a2695-6734-4e7e-9596-e5e6b4ca8310,33858,42.31773925433389,1,136569,80009,3868
2569,pv_34_z_2,pv_34,,,2,ely_y2569_id_a62aca08-91b7-4f3f-ba8f-cb9e884a3799,a62aca08-91b7-4f3f-ba8f-cb9e884a3799,42,ely_y2569_id_a2665206-85f2-461b-afd3-227f0a362430,31303,39.12434851079254,2,136569,80009,3868
2569,pv_34_z_2,pv_34,,,2,ely_y2569_id_1116011c-1ef3-4cca-a186-c1b9f7984ede,1116011c-1ef3-4cca-a186-c1b9f7984ede,46,ely_y2569_id_175cc380-3f2c-48b2-a926-c238bfeef24f,8632,10.788786261545576,3,136569,80009,3868
2569,pv_34_z_2,pv_34,,,2,ely_y2569_id_2d8a1c84-0bc8-4377-965d-c020a0097c27,2d8a1c84-0bc8-4377-965d-c020a0097c27,9,ely_y2569_id_d5ccb6aa-ed74-4dd1-8c02-bae3a75fe102,2807,3.508355310027622,4,136569,80009,3868
2569,pv_34_z_2,pv_34,,,2,ely_y2569_id_013c219e-e197-416d-84ea-00ba9c35465e,013c219e-e197-416d-84ea-00ba9c35465e,37,ely_y2569_id_89475aac-a5ba-49c3-9057-8eacdcf1bb70,1534,1.9172843055156295,5,136569,80009,3868
2569,pv_34_z_2,pv_34,,,2,ely_y2569_id_0c044088-618b-49af-a291-fb28ffe9e0f8,0c044088-618b-49af-a291-fb28ffe9e0f8,11,ely_y2569_id_5df1accb-ef2d-423e-a1c4-c98990e4889b,776,0.9698908872751816,6,136569,80009,3868
2569,pv_34_z_2,pv_34,,,2,ely_y2569_id_d7155f6d-736d-42c0-8bc0-00ee6e1970dc,d7155f6d-736d-42c0-8bc0-00ee6e1970dc,27,ely_y2569_id_777860fb-023a-49fe-a529-04c2c5ef11f1,443,0.5536877101326101,7,136569,80009,3868
2569,pv_34_z_2,pv_34,,,2,ely_y2569_id_03347cbc-6089-474c-a3f6-484ae981c9a6,03347cbc-6089-474c-a3f6-484ae981c9a6,43,ely_y2569_id_7e8d2703-6773-4d77-bfd4-30d547e5508b,268,0.3349623167393668,8,136569,80009,3868
2569,pv_34_z_2,pv_34,,,2,ely_y2569_id_d1964fe3-2dd0-43d5-a190-77fbfaf586b2,,8,ely_y2569_id_d76339bf-b0f1-43db-b3a7-1f6cd3d42eb9,260,0.3249634416128186,9,136569,80009,3868
2569,pv_34_z_2,pv_34,,,2,ely_y2569_id_965b4b93-c01e-4a2b-a987-577f2b99ebb4,965b4b93-c01e-4a2b-a987-577f2b99ebb4,49,ely_y2569_id_0664d0a2-4fc5-4e2b-80a1-f46287005344,128,0.15998200202477222,10,136569,80009,3868
2569,pv_20_z_8,pv_20,,,8,ely_y2569_id_013c219e-e197-416d-84ea-00ba9c35465e,013c219e-e197-416d-84ea-00ba9c35465e,37,ely_y2569_id_ef6c2ce2-28f6-445d-93e5-efe0181e89a2,35060,43.82609565239131,1,140456,80819,3093
2569,pv_20_z_8,pv_20,,,8,ely_y2569_id_1116011c-1ef3-4cca-a186-c1b9f7984ede,1116011c-1ef3-4cca-a186-c1b9f7984ede,46,ely_y2569_id_1f6a2cc4-05e0-48e0-bdeb-986abe0f64fd,31463,39.329733243331084,2,140456,80819,3093
2569,pv_20_z_8,pv_20,,,8,ely_y2569_id_2d8a1c84-0bc8-4377-965d-c020a0097c27,2d8a1c84-0bc8-4377-965d-c020a0097c27,9,ely_y2569_id_bbf39b39-4a34-4356-b47a-ded10ad01452,4138,5.172629315732894,3,140456,80819,3093
2569,pv_20_z_8,pv_20,,,8,ely_y2569_id_d7155f6d-736d-42c0-8bc0-00ee6e1970dc,d7155f6d-736d-42c0-8bc0-00ee6e1970dc,27,ely_y2569_id_7918319f-8cad-4918-8e9a-a4ec307dd7bf,3136,3.9200980024500613,4,140456,80819,3093
2569,pv_20_z_8,pv_20,,,8,ely_y2569_id_0c044088-618b-49af-a291-fb28ffe9e0f8,0c044088-618b-49af-a291-fb28ffe9e0f8,11,ely_y2569_id_f091850b-aed1-4f3b-98e8-21b1b9417323,1863,2.328808220205505,5,140456,80819,3093
2569,pv_20_z_8,pv_20,,,8,ely_y2569_id_bcdcd19b-d619-47dd-8535-fafb6bc6f4d8,bcdcd19b-d619-47dd-8535-fafb6bc6f4d8,12,ely_y2569_id_9cef6120-b5d9-4e17-bec7-cd8a4f65469a,1082,1.3525338133453337,6,140456,80819,3093
2569,pv_20_z_8,pv_20,,,8,ely_y2569_id_03347cbc-6089-474c-a3f6-484ae981c9a6,03347cbc-6089-474c-a3f6-484ae981c9a6,43,ely_y2569_id_fec9df1f-965c-490d-8b89-dba04a82a397,1014,1.2675316882922072,7,140456,80819,3093
2569,pv_20_z_8,pv_20,,,8,ely_y2569_id_339fa187-133c-4766-a6c2-36d1b32cda8f,339fa187-133c-4766-a6c2-36d1b32cda8f,23,ely_y2569_id_4c9dfda3-9b40-468d-984e-52c40ce716b7,961,1.2012800320008,8,140456,80819,3093
2569,pv_20_z_8,pv_20,,,8,ely_y2569_id_cb1b6cf2-41fa-49b1-a060-01acf13edc81,cb1b6cf2-41fa-49b1-a060-01acf13edc81,48,ely_y2569_id_b347650c-8307-45e5-a63f-9708a48cdec2,653,0.8162704067601689,9,140456,80819,3093
2569,pv_20_z_8,pv_20,,,8,ely_y2569_id_f9cadd57-8256-49aa-9386-0da392b19fc2,f9cadd57-8256-49aa-9386-0da392b19fc2,29,ely_y2569_id_73dd2a22-c54f-49e9-890c-a6b711342674,628,0.7850196254906372,10,140456,80819,3093
2569,pv_90_z_6,pv_90,,,6,ely_y2569_id_013c219e-e197-416d-84ea-00ba9c35465e,013c219e-e197-416d-84ea-00ba9c35465e,37,ely_y2569_id_0ce7948b-8893-42ec-bab9-5636fe786ca5,43976,55.02571353495414,1,116166,83177,2920
2569,pv_90_z_6,pv_90,,,6,ely_y2569_id_a62aca08-91b7-4f3f-ba8f-cb9e884a3799,a62aca08-91b7-4f3f-ba8f-cb9e884a3799,42,ely_y2569_id_7478cfa1-b64a-4d98-9a1d-90fb1dba1077,23797,29.77639860358613,2,116166,83177,2920
2569,pv_90_z_6,pv_90,,,6,ely_y2569_id_1116011c-1ef3-4cca-a186-c1b9f7984ede,1116011c-1ef3-4cca-a186-c1b9f7984ede,46,ely_y2569_id_72b85a02-66c2-4f8a-9353-ef5422428db0,7800,9.75988188040391,3,116166,83177,2920
2569,pv_90_z_6,pv_90,,,6,ely_y2569_id_d7155f6d-736d-42c0-8bc0-00ee6e1970dc,d7155f6d-736d-42c0-8bc0-00ee6e1970dc,27,ely_y2569_id_097287b1-56df-42cb-9869-29bc779c6d74,3135,3.922721755777725,4,116166,83177,2920
2569,pv_90_z_6,pv_90,,,6,ely_y2569_id_2d8a1c84-0bc8-4377-965d-c020a0097c27,2d8a1c84-0bc8-4377-965d-c020a0097c27,9,ely_y2569_id_a957d1c4-8896-4c9c-b3a9-12dfb1010115,614,0.7682778813548718,5,116166,83177,2920
2569,pv_90_z_6,pv_90,,,6,ely_y2569_id_115da917-bf32-4e96-a2ae-b7818d0909ee,115da917-bf32-4e96-a2ae-b7818d0909ee,6,ely_y2569_id_3a8b06b8-6716-4496-9e84-330093a93d0b,340,0.4254307486329909,6,116166,83177,2920
2569,pv_90_z_6,pv_90,,,6,ely_y2569_id_965b4b93-c01e-4a2b-a987-577f2b99ebb4,965b4b93-c01e-4a2b-a987-577f2b99ebb4,49,ely_y2569_id_d84e17f3-29e9-47e6-bb6a-eee135c7376d,257,0.3215755952902314,7,116166,83177,2920
2569,pv_10_z_13,pv_10,,,13,ely_y2569_id_1116011c-1ef3-4cca-a186-c1b9f7984ede,1116011c-1ef3-4cca-a186-c1b9f7984ede,46,ely_y2569_id_69e8bbc1-b025-4dd3-b9d1-23cbd40c304b,39644,49.623231943922896,1,131707,83019,1260
2569,pv_10_z_13,pv_10,,,13,ely_y2569_id_013c219e-e197-416d-84ea-00ba9c35465e,013c219e-e197-416d-84ea-00ba9c35465e,37,ely_y2569_id_b7098cb6-a6b5-4ff9-9b19-f904f5c64c9c,13459,16.846914507447742,2,131707,83019,1260
2569,pv_10_z_13,pv_10,,,13,ely_y2569_id_d7155f6d-736d-42c0-8bc0-00ee6e1970dc,d7155f6d-736d-42c0-8bc0-00ee6e1970dc,27,ely_y2569_id_7a05818b-b9b6-48c1-9dba-d47642f339e2,10173,12.733758918512954,3,131707,83019,1260
2569,pv_10_z_13,pv_10,,,13,ely_y2569_id_2d8a1c84-0bc8-4377-965d-c020a0097c27,2d8a1c84-0bc8-4377-965d-c020a0097c27,9,ely_y2569_id_09b9123b-33ae-41cf-b051-90ad13810602,8969,11.226686694204531,4,131707,83019,1260
2569,pv_10_z_13,pv_10,,,13,ely_y2569_id_115da917-bf32-4e96-a2ae-b7818d0909ee,115da917-bf32-4e96-a2ae-b7818d0909ee,6,ely_y2569_id_2bf6199b-5cb7-4bc8-a036-09a1c5d2e964,1690,2.1154086869445488,5,131707,83019,1260
2569,pv_10_z_13,pv_10,,,13,ely_y2569_id_0c044088-618b-49af-a291-fb28ffe9e0f8,0c044088-618b-49af-a291-fb28ffe9e0f8,11,ely_y2569_id_7a7ef314-4383-4166-b43f-69e20013cb28,1240,1.5521341845036924,6,131707,83019,1260
2569,pv_10_z_13,pv_10,,,13,ely_y2569_id_54706125-9661-467d-a8af-78994d14b116,54706125-9661-467d-a8af-78994d14b116,35,ely_y2569_id_0f24c452-4929-4f1a-87e9-9f1b45f8e7f2,1179,1.4757791963950433,7,131707,83019,1260
2569,pv_10_z_13,pv_10,,,13,ely_y2569_id_339fa187-133c-4766-a6c2-36d1b32cda8f,339fa187-133c-4766-a6c2-36d1b32cda8f,23,ely_y2569_id_7200afc6-fa8b-452b-b994-e348afe48161,958,1.199148829640756,8,131707,83019,1260
2569,pv_10_z_13,pv_10,,,13,ely_y2569_id_cb1b6cf2-41fa-49b1-a060-01acf13edc81,cb1b6cf2-41fa-49b1-a060-01acf13edc81,48,ely_y2569_id_538869d2-458c-4a2d-922b-774d464ec8ec,716,0.896232319439229,9,131707,83019,1260
2569,pv_10_z_13,pv_10,,,13,ely_y2569_id_965b4b93-c01e-4a2b-a987-577f2b99ebb4,965b4b93-c01e-4a2b-a987-577f2b99ebb4,49,ely_y2569_id_093ac51d-61f0-4eca-b17d-a0d4b8095f5c,692,0.8661910126423833,10,131707,83019,1260
2569,pv_10_z_13,pv_10,,,13,ely_y2569_id_2ee17641-917b-4ea0-8c19-da383e03e915,2ee17641-917b-4ea0-8c19-da383e03e915,44,ely_y2569_id_aaa40e72-6837-47da-a43d-c60f4d15d8a0,400,0.5006884466140944,11,131707,83019,1260
2569,pv_10_z_13,pv_10,,,13,ely_y2569_id_bd8d9f14-f757-41fb-8f37-d6128d9d012d,bd8d9f14-f757-41fb-8f37-d6128d9d012d,7,ely_y2569_id_76602c26-81c0-458d-a53b-185cac812df5,292,0.3655025660282889,12,131707,83019,1260
2569,pv_10_z_13,pv_10,,,13,ely_y2569_id_03347cbc-6089-474c-a3f6-484ae981c9a6,03347cbc-6089-474c-a3f6-484ae981c9a6,43,ely_y2569_id_e4a328c7-efa7-4099-a48d-155ffe73c0d4,224,0.2803855301038929,13,131707,83019,1260
2569,pv_10_z_13,pv_10,,,13,ely_y2569_id_7255d2d0-1f49-4fd8-adad-7acfea2d5126,7255d2d0-1f49-4fd8-adad-7acfea2d5126,56,ely_y2569_id_0fe70318-ad86-4cc1-b98b-d31d4c4a50a8,144,0.18024784078107398,14,131707,83019,1260
2569,pv_10_z_13,pv_10,,,13,ely_y2569_id_c126e4e4-be85-44e6-bf3e-f9331b9f91a9,c126e4e4-be85-44e6-bf3e-f9331b9f91a9,24,ely_y2569_id_09705918-5d19-49f1-9c06-d426a06fab7a,110,0.13768932281887594,15,131707,83019,1260
2569,pv_44_z_1,pv_44,,,1,ely_y2569_id_013c219e-e197-416d-84ea-00ba9c35465e,013c219e-e197-416d-84ea-00ba9c35465e,37,ely_y2569_id_0b18594e-a8ba-4a07-8465-f589ffc797cc,30711,38.47001791284087,1,123641,79831,3167
2569,pv_44_z_1,pv_44,,,1,ely_y2569_id_1116011c-1ef3-4cca-a186-c1b9f7984ede,1116011c-1ef3-4cca-a186-c1b9f7984ede,46,ely_y2569_id_d71b466b-e1f6-418a-ae62-792b7ef44dbb,21311,26.69514349062394,2,123641,79831,3167
2569,pv_44_z_1,pv_44,,,1,ely_y2569_id_2d8a1c84-0bc8-4377-965d-c020a0097c27,2d8a1c84-0bc8-4377-965d-c020a0097c27,9,ely_y2569_id_1b1bf6ab-9b7d-4fde-b999-e873b427db6b,14435,18.08194811539377,3,123641,79831,3167
2569,pv_44_z_1,pv_44,,,1,ely_y2569_id_a62aca08-91b7-4f3f-ba8f-cb9e884a3799,a62aca08-91b7-4f3f-ba8f-cb9e884a3799,42,ely_y2569_id_9d898c61-2437-46ec-b812-321402395bfc,9690,12.138141824604478,4,123641,79831,3167
2569,pv_44_z_1,pv_44,,,1,ely_y2569_id_d7155f6d-736d-42c0-8bc0-00ee6e1970dc,d7155f6d-736d-42c0-8bc0-00ee6e1970dc,27,ely_y2569_id_36631f41-370a-4fc7-9e2c-e9b732fbdacc,1123,1.4067216995903848,5,123641,79831,3167
2569,pv_44_z_1,pv_44,,,1,ely_y2569_id_03347cbc-6089-474c-a3f6-484ae981c9a6,03347cbc-6089-474c-a3f6-484ae981c9a6,43,ely_y2569_id_4395bd87-1807-454a-976e-955d0ff5f811,831,1.040949004772582,6,123641,79831,3167
2569,pv_44_z_1,pv_44,,,1,ely_y2569_id_0c044088-618b-49af-a291-fb28ffe9e0f8,0c044088-618b-49af-a291-fb28ffe9e0f8,11,ely_y2569_id_b4702d19-ef17-4003-81d8-ad47f6e6dd71,652,0.8167253322644086,7,123641,79831,3167
2569,pv_44_z_1,pv_44,,,1,ely_y2569_id_115da917-bf32-4e96-a2ae-b7818d0909ee,115da917-bf32-4e96-a2ae-b7818d0909ee,6,ely_y2569_id_3f406917-b5ab-4685-9a11-50d3dfaed3b9,508,0.6363442772857661,8,123641,79831,3167
2569,pv_44_z_1,pv_44,,,1,ely_y2569_id_965b4b93-c01e-4a2b-a987-577f2b99ebb4,965b4b93-c01e-4a2b-a987-577f2b99ebb4,49,ely_y2569_id_8bd290da-c68e-41b9-803e-52c537556f13,482,0.6037754756924002,9,123641,79831,3167
2569,pv_44_z_1,pv_44,,,1,ely_y2569_id_d1964fe3-2dd0-43d5-a190-77fbfaf586b2,,8,ely_y2569_id_89b217cb-244f-4519-91ae-3c280a1675e7,88,0.11023286693139257,10,123641,79831,3167
2569,pv_13_z_3,pv_13,,,3,ely_y2569_id_1116011c-1ef3-4cca-a186-c1b9f7984ede,1116011c-1ef3-4cca-a186-c1b9f7984ede,46,ely_y2569_id_c3a2fcf0-a710-4ad4-b8b9-5636a3d86d86,39732,49.85632364197608,1,131743,84046,2794
2569,pv_13_z_3,pv_13,,,3,ely_y2569_id_013c219e-e197-416d-84ea-00ba9c35465e,013c219e-e197-416d-84ea-00ba9c35465e,37,ely_y2569_id_1876095c-ed91-419c-b977-1d3f214d778a,21803,27.35873916153238,2,131743,84046,2794
2569,pv_13_z_3,pv_13,,,3,ely_y2569_id_2d8a1c84-0bc8-4377-965d-c020a0097c27,2d8a1c84-0bc8-4377-965d-c020a0097c27,9,ely_y2569_id_6ca57376-78c8-41c2-922f-b5510bcc1a27,8125,10.195374750605449,3,131743,84046,2794
2569,pv_13_z_3,pv_13,,,3,ely_y2569_id_d7155f6d-736d-42c0-8bc0-00ee6e1970dc,d7155f6d-736d-42c0-8bc0-00ee6e1970dc,27,ely_y2569_id_881a70d2-c3f6-45ea-abf9-cf24fea3ddfd,3662,4.595133826057496,4,131743,84046,2794
2569,pv_13_z_3,pv_13,,,3,ely_y2569_id_0c044088-618b-49af-a291-fb28ffe9e0f8,0c044088-618b-49af-a291-fb28ffe9e0f8,11,ely_y2569_id_1521da82-231c-4ee6-960a-d29bdc9fe476,2902,3.6414741570777864,5,131743,84046,2794
2569,pv_13_z_3,pv_13,,,3,ely_y2569_id_115da917-bf32-4e96-a2ae-b7818d0909ee,115da917-bf32-4e96-a2ae-b7818d0909ee,6,ely_y2569_id_b6e1ab67-e4c3-4ee6-ae80-181e49418d8f,1431,1.7956407714604796,6,131743,84046,2794
2569,pv_13_z_3,pv_13,,,3,ely_y2569_id_965b4b93-c01e-4a2b-a987-577f2b99ebb4,965b4b93-c01e-4a2b-a987-577f2b99ebb4,49,ely_y2569_id_e171c026-955e-4365-a5df-93eff4488829,1092,1.3702583664813721,7,131743,84046,2794
2569,pv_13_z_3,pv_13,,,3,ely_y2569_id_03347cbc-6089-474c-a3f6-484ae981c9a6,03347cbc-6089-474c-a3f6-484ae981c9a6,43,ely_y2569_id_cacf7dcd-1dad-479c-8b86-a05adbb3fd1d,946,1.1870553248089544,8,131743,84046,2794
2569,pv_37_z_1,pv_37,,,1,ely_y2569_id_013c219e-e197-416d-84ea-00ba9c35465e,013c219e-e197-416d-84ea-00ba9c35465e,37,ely_y2569_id_6c291109-577d-45f7-ae83-0edbafeaa181,40261,50.54866412213741,1,145524,79648,3730
2569,pv_37_z_1,pv_37,,,1,ely_y2569_id_2d8a1c84-0bc8-4377-965d-c020a0097c27,2d8a1c84-0bc8-4377-965d-c020a0097c27,9,ely_y2569_id_3affd98d-b6f3-4609-8075-8f7b21d59792,19263,24.18516472478907,2,145524,79648,3730
2569,pv_37_z_1,pv_37,,,1,ely_y2569_id_1116011c-1ef3-4cca-a186-c1b9f7984ede,1116011c-1ef3-4cca-a186-c1b9f7984ede,46,ely_y2569_id_fac6882b-18f8-4669-b2ac-ac756dd9e7d4,14152,17.768179991964644,3,145524,79648,3730
2569,pv_37_z_1,pv_37,,,1,ely_y2569_id_0c044088-618b-49af-a291-fb28ffe9e0f8,0c044088-618b-49af-a291-fb28ffe9e0f8,11,ely_y2569_id_8fe4c5d9-30cf-4273-8621-bb320e8a5955,1758,2.2072117316191244,4,145524,79648,3730
2569,pv_37_z_1,pv_37,,,1,ely_y2569_id_d7155f6d-736d-42c0-8bc0-00ee6e1970dc,d7155f6d-736d-42c0-8bc0-00ee6e1970dc,27,ely_y2569_id_660fff24-573b-4e5f-842e-b54d281ce273,1672,2.099236641221374,5,145524,79648,3730
2569,pv_37_z_1,pv_37,,,1,ely_y2569_id_7255d2d0-1f49-4fd8-adad-7acfea2d5126,7255d2d0-1f49-4fd8-adad-7acfea2d5126,56,ely_y2569_id_1bf578e7-bf10-4e0b-a70c-200ec77f797b,1023,1.284401366010446,6,145524,79648,3730
2569,pv_37_z_1,pv_37,,,1,ely_y2569_id_03347cbc-6089-474c-a3f6-484ae981c9a6,03347cbc-6089-474c-a3f6-484ae981c9a6,43,ely_y2569_id_316d7038-8ff4-46b7-97e6-5f648b26943d,828,1.0395741261550824,7,145524,79648,3730
2569,pv_37_z_1,pv_37,,,1,ely_y2569_id_0db115a9-bb11-4fc0-9008-4acee3614999,0db115a9-bb11-4fc0-9008-4acee3614999,2,ely_y2569_id_a5a5a10f-2728-4f65-b16a-8737bb814f3b,459,0.5762856568903174,8,145524,79648,3730
2569,pv_37_z_1,pv_37,,,1,ely_y2569_id_965b4b93-c01e-4a2b-a987-577f2b99ebb4,965b4b93-c01e-4a2b-a987-577f2b99ebb4,49,ely_y2569_id_2b650f95-7332-4194-968e-64bbd70c550c,232,0.29128163921253514,9,145524,79648,3730
2569,pv_85_z_1,pv_85,,,1,ely_y2569_id_013c219e-e197-416d-84ea-00ba9c35465e,013c219e-e197-416d-84ea-00ba9c35465e,37,ely_y2569_id_bed7a6b7-6670-4fb3-95e7-b1a54bcfb3ef,56553,71.07416204803378,1,143314,84949,4533
2569,pv_85_z_1,pv_85,,,1,ely_y2569_id_1116011c-1ef3-4cca-a186-c1b9f7984ede,1116011c-1ef3-4cca-a186-c1b9f7984ede,46,ely_y2569_id_7d334269-307e-47d9-97db-ffb9a977301c,13643,17.146124747074865,2,143314,84949,4533
2569,pv_85_z_1,pv_85,,,1,ely_y2569_id_d7155f6d-736d-42c0-8bc0-00ee6e1970dc,d7155f6d-736d-42c0-8bc0-00ee6e1970dc,27,ely_y2569_id_7e539eb6-8d9e-4c41-ad0a-95feceab3da3,6995,8.791112116527794,3,143314,84949,4533
2569,pv_85_z_1,pv_85,,,1,ely_y2569_id_2d8a1c84-0bc8-4377-965d-c020a0097c27,2d8a1c84-0bc8-4377-965d-c020a0097c27,9,ely_y2569_id_0c83b161-538d-455e-a17d-7a0ce424215a,1507,1.8939536754263595,4,143314,84949,4533
2569,pv_85_z_1,pv_85,,,1,ely_y2569_id_a62aca08-91b7-4f3f-ba8f-cb9e884a3799,a62aca08-91b7-4f3f-ba8f-cb9e884a3799,42,ely_y2569_id_57d81b85-747d-4e64-8bd9-0507fe143453,871,1.0946474129371992,5,143314,84949,4533
2569,pv_46_z_5,pv_46,,,5,ely_y2569_id_013c219e-e197-416d-84ea-00ba9c35465e,013c219e-e197-416d-84ea-00ba9c35465e,37,ely_y2569_id_51545b5c-67e8-4498-a730-8ce639de63fd,43680,54.92819597092628,1,137298,79522,4288
2569,pv_46_z_5,pv_46,,,5,ely_y2569_id_2d8a1c84-0bc8-4377-965d-c020a0097c27,2d8a1c84-0bc8-4377-965d-c020a0097c27,9,ely_y2569_id_dcce3995-1470-47c9-9f54-0886b44e07b9,20906,26.289580241945625,2,137298,79522,4288
2569,pv_46_z_5,pv_46,,,5,ely_y2569_id_1116011c-1ef3-4cca-a186-c1b9f7984ede,1116011c-1ef3-4cca-a186-c1b9f7984ede,46,ely_y2569_id_d0b27443-6f5c-4a17-9add-d07d30ac967c,9158,11.51630995196298,3,137298,79522,4288
2569,pv_46_z_5,pv_46,,,5,ely_y2569_id_2ee17641-917b-4ea0-8c19-da383e03e915,2ee17641-917b-4ea0-8c19-da383e03e915,44,ely_y2569_id_e488474f-4026-45c1-9c1e-96a579e08709,3637,4.573577123311788,4,137298,79522,4288
2569,pv_46_z_5,pv_46,,,5,ely_y2569_id_0c044088-618b-49af-a291-fb28ffe9e0f8,0c044088-618b-49af-a291-fb28ffe9e0f8,11,ely_y2569_id_deaa4d00-14f4-4048-8a24-b141305a243e,701,0.8815170644601494,5,137298,79522,4288
2569,pv_46_z_5,pv_46,,,5,ely_y2569_id_bdd306a2-80c7-4d7b-a7ff-8dc1ec9fcc76,bdd306a2-80c7-4d7b-a7ff-8dc1ec9fcc76,10,ely_y2569_id_08bc0546-45b0-4505-8961-78b0a71ddac0,404,0.5080355121853072,6,137298,79522,4288
2569,pv_46_z_5,pv_46,,,5,ely_y2569_id_a62aca08-91b7-4f3f-ba8f-cb9e884a3799,a62aca08-91b7-4f3f-ba8f-cb9e884a3799,42,ely_y2569_id_41cd72fb-d9ce-4c0b-b0fd-be748331c57b,337,0.42378209803576367,7,137298,79522,4288
2569,pv_46_z_5,pv_46,,,5,ely_y2569_id_115da917-bf32-4e96-a2ae-b7818d0909ee,115da917-bf32-4e96-a2ae-b7818d0909ee,6,ely_y2569_id_8ca7921f-c107-4247-9c30-61baba3c55ed,312,0.3923442569351877,8,137298,79522,4288
2569,pv_46_z_5,pv_46,,,5,ely_y2569_id_7ffe2115-72d1-4d71-9962-03ff61afc67c,,31,ely_y2569_id_17ddcffb-931d-4bde-9dda-b1cc1b9c72e5,182,0.22886748321219283,9,137298,79522,4288
2569,pv_46_z_5,pv_46,,,5,ely_y2569_id_d7155f6d-736d-42c0-8bc0-00ee6e1970dc,d7155f6d-736d-42c0-8bc0-00ee6e1970dc,27,ely_y2569_id_03223b65-61ee-4a31-b7af-97fe06ad1b4b,153,0.19239958753552477,10,137298,79522,4288
2569,pv_46_z_5,pv_46,,,5,ely_y2569_id_d1964fe3-2dd0-43d5-a190-77fbfaf586b2,,8,ely_y2569_id_d3ce9045-8603-4af2-bf4c-dc7e9ae0a2ac,52,0.06539070948919797,11,137298,79522,4288
2569,pv_56_z_1,pv_56,,,1,ely_y2569_id_a62aca08-91b7-4f3f-ba8f-cb9e884a3799,a62aca08-91b7-4f3f-ba8f-cb9e884a3799,42,ely_y2569_id_d93428f6-3f5e-4eb0-b1be-95d594c2fb12,61641,77.60417978093919,1,124910,80077,3339
2569,pv_56_z_1,pv_56,,,1,ely_y2569_id_1116011c-1ef3-4cca-a186-c1b9f7984ede,1116011c-1ef3-4cca-a186-c1b9f7984ede,46,ely_y2569_id_66275e2e-8bc3-4099-bfb9-51a4fb6285f7,13063,16.445927231524614,2,124910,80077,3339
2569,pv_56_z_1,pv_56,,,1,ely_y2569_id_2d8a1c84-0bc8-4377-965d-c020a0097c27,2d8a1c84-0bc8-4377-965d-c020a0097c27,9,ely_y2569_id_057cd62c-57dd-4883-97d0-8b65796db02a,2286,2.8780057912627472,3,124910,80077,3339
2569,pv_56_z_1,pv_56,,,1,ely_y2569_id_013c219e-e197-416d-84ea-00ba9c35465e,013c219e-e197-416d-84ea-00ba9c35465e,37,ely_y2569_id_9be87e37-67c3-4a6f-a372-b89b3fb0aac7,945,1.1897268034747577,4,124910,80077,3339
2569,pv_56_z_1,pv_56,,,1,ely_y2569_id_115da917-bf32-4e96-a2ae-b7818d0909ee,115da917-bf32-4e96-a2ae-b7818d0909ee,6,ely_y2569_id_4f2b52a8-a621-4872-822a-92ce4cb9c8fa,782,0.9845146670023921,5,124910,80077,3339
2569,pv_56_z_1,pv_56,,,1,ely_y2569_id_d7155f6d-736d-42c0-8bc0-00ee6e1970dc,d7155f6d-736d-42c0-8bc0-00ee6e1970dc,27,ely_y2569_id_dbcaa7ad-82e1-4e07-9db3-4c4b95dbd0cc,713,0.8976457257962986,6,124910,80077,3339
2569,pv_21_z_1,pv_21,,,1,ely_y2569_id_1116011c-1ef3-4cca-a186-c1b9f7984ede,1116011c-1ef3-4cca-a186-c1b9f7984ede,46,ely_y2569_id_51a61c60-d27d-40d6-b013-7c3541992e33,33569,42.31457671557505,1,121744,80393,2232
2569,pv_21_z_1,pv_21,,,1,ely_y2569_id_013c219e-e197-416d-84ea-00ba9c35465e,013c219e-e197-416d-84ea-00ba9c35465e,37,ely_y2569_id_05c406db-952b-47ea-bfbe-c9eb54cd6ac3,26002,32.7761811122876,2,121744,80393,2232
2569,pv_21_z_1,pv_21,,,1,ely_y2569_id_d7155f6d-736d-42c0-8bc0-00ee6e1970dc,d7155f6d-736d-42c0-8bc0-00ee6e1970dc,27,ely_y2569_id_d1643765-112f-4a5a-ba9d-501f11dfbdd8,14653,18.470478495436897,3,121744,80393,2232
2569,pv_21_z_1,pv_21,,,1,ely_y2569_id_2d8a1c84-0bc8-4377-965d-c020a0097c27,2d8a1c84-0bc8-4377-965d-c020a0097c27,9,ely_y2569_id_891806c6-8329-4729-9885-e68866d78ecc,2699,3.4021580194625116,4,121744,80393,2232
2569,pv_21_z_1,pv_21,,,1,ely_y2569_id_115da917-bf32-4e96-a2ae-b7818d0909ee,115da917-bf32-4e96-a2ae-b7818d0909ee,6,ely_y2569_id_d1754aff-42e1-48c8-88a0-1fd400560ff9,1026,1.2932990470428074,5,121744,80393,2232
2569,pv_21_z_1,pv_21,,,1,ely_y2569_id_03347cbc-6089-474c-a3f6-484ae981c9a6,03347cbc-6089-474c-a3f6-484ae981c9a6,43,ely_y2569_id_e3f2581b-727f-43bf-bb53-4ead400a1a11,601,0.7575757575757576,6,121744,80393,2232
2569,pv_21_z_1,pv_21,,,1,ely_y2569_id_965b4b93-c01e-4a2b-a987-577f2b99ebb4,965b4b93-c01e-4a2b-a987-577f2b99ebb4,49,ely_y2569_id_4b566ad1-abec-4811-9311-624f75de704d,394,0.49664700247062976,7,121744,80393,2232
2569,pv_21_z_1,pv_21,,,1,ely_y2569_id_cb1b6cf2-41fa-49b1-a060-01acf13edc81,cb1b6cf2-41fa-49b1-a060-01acf13edc81,48,ely_y2569_id_0707d0c9-6e4d-4aaf-bd87-26753eb16595,388,0.489083850148742,8,121744,80393,2232
2569,pv_80_z_7,pv_80,,,7,ely_y2569_id_013c219e-e197-416d-84ea-00ba9c35465e,013c219e-e197-416d-84ea-00ba9c35465e,37,ely_y2569_id_a8807d0f-8b78-47b9-8eee-d6c1c865bfe9,36880,46.54449997475895,1,136717,87562,4910
2569,pv_80_z_7,pv_80,,,7,ely_y2569_id_d7155f6d-736d-42c0-8bc0-00ee6e1970dc,d7155f6d-736d-42c0-8bc0-00ee6e1970dc,27,ely_y2569_id_d16361dc-a6e2-4ab1-872c-040078f6db2b,27461,34.657226513201074,2,136717,87562,4910
2569,pv_80_z_7,pv_80,,,7,ely_y2569_id_1116011c-1ef3-4cca-a186-c1b9f7984ede,1116011c-1ef3-4cca-a186-c1b9f7984ede,46,ely_y2569_id_886f77cb-f8da-4e05-a469-4095fb009867,8672,10.944520167600585,3,136717,87562,4910
2569,pv_80_z_7,pv_80,,,7,ely_y2569_id_2ee17641-917b-4ea0-8c19-da383e03e915,2ee17641-917b-4ea0-8c19-da383e03e915,44,ely_y2569_id_51b8173c-6f3a-46ea-b52d-c29f157708c6,3016,3.8063506486950374,4,136717,87562,4910
2569,pv_80_z_7,pv_80,,,7,ely_y2569_id_2d8a1c84-0bc8-4377-965d-c020a0097c27,2d8a1c84-0bc8-4377-965d-c020a0097c27,9,ely_y2569_id_a521c0b8-bd38-4e46-a52c-3aa3abc8c009,1462,1.8451209046393053,5,136717,87562,4910
2569,pv_80_z_7,pv_80,,,7,ely_y2569_id_115da917-bf32-4e96-a2ae-b7818d0909ee,115da917-bf32-4e96-a2ae-b7818d0909ee,6,ely_y2569_id_c8c80587-1c03-429c-a584-2ba83dd75c88,969,1.2229289716795397,6,136717,87562,4910
2569,pv_80_z_7,pv_80,,,7,ely_y2569_id_0c044088-618b-49af-a291-fb28ffe9e0f8,0c044088-618b-49af-a291-fb28ffe9e0f8,11,ely_y2569_id_9fefccab-feb1-4529-94b6-e621c8984cd5,776,0.9793528194255138,7,136717,87562,4910
2569,pv_43_z_1,pv_43,,,1,ely_y2569_id_03347cbc-6089-474c-a3f6-484ae981c9a6,03347cbc-6089-474c-a3f6-484ae981c9a6,43,ely_y2569_id_5533ea6e-f4ff-47b9-91b6-a5f78c30b8a6,28866,36.463083433335434,1,139496,79165,4449
2569,pv_43_z_1,pv_43,,,1,ely_y2569_id_013c219e-e197-416d-84ea-00ba9c35465e,013c219e-e197-416d-84ea-00ba9c35465e,37,ely_y2569_id_f55572fb-f4b9-406c-84ae-d9898cc37391,22701,28.67555106423293,2,139496,79165,4449
2569,pv_43_z_1,pv_43,,,1,ely_y2569_id_1116011c-1ef3-4cca-a186-c1b9f7984ede,1116011c-1ef3-4cca-a186-c1b9f7984ede,46,ely_y2569_id_d399c9f7-92b2-4c46-8c30-e786d7a30a9b,14006,17.692161940251374,3,139496,79165,4449
2569,pv_43_z_1,pv_43,,,1,ely_y2569_id_2d8a1c84-0bc8-4377-965d-c020a0097c27,2d8a1c84-0bc8-4377-965d-c020a0097c27,9,ely_y2569_id_53db97c9-ef0a-4f63-93fe-123acb81e9bf,11254,14.215878229015347,4,139496,79165,4449
2569,pv_43_z_1,pv_43,,,1,ely_y2569_id_0c044088-618b-49af-a291-fb28ffe9e0f8,0c044088-618b-49af-a291-fb28ffe9e0f8,11,ely_y2569_id_7e49728e-8bf8-4be8-a4ac-1f6f3e31a9c7,1490,1.8821448872607844,5,139496,79165,4449
2569,pv_43_z_1,pv_43,,,1,ely_y2569_id_d7155f6d-736d-42c0-8bc0-00ee6e1970dc,d7155f6d-736d-42c0-8bc0-00ee6e1970dc,27,ely_y2569_id_57e0f323-178f-4925-87cd-b0c7c889f144,418,0.5280111160234953,6,139496,79165,4449
2569,pv_43_z_1,pv_43,,,1,ely_y2569_id_a62aca08-91b7-4f3f-ba8f-cb9e884a3799,a62aca08-91b7-4f3f-ba8f-cb9e884a3799,42,ely_y2569_id_27a793bd-ad0f-4249-ad7a-e04601010c34,295,0.3726394239878734,7,139496,79165,4449
2569,pv_43_z_1,pv_43,,,1,ely_y2569_id_e465555e-0460-4f1b-8354-402c827008f1,,50,ely_y2569_id_db4634be-09f9-4d52-918c-246807d06663,135,0.17052990589275563,8,139496,79165,4449
2569,pv_30_z_9,pv_30,,,9,ely_y2569_id_013c219e-e197-416d-84ea-00ba9c35465e,013c219e-e197-416d-84ea-00ba9c35465e,37,ely_y2569_id_9680cf8c-b5cf-4dc3-88a4-0f1b4e8b415a,37991,48.05398499854539,1,135762,80515,4843
2569,pv_30_z_9,pv_30,,,9,ely_y2569_id_a62aca08-91b7-4f3f-ba8f-cb9e884a3799,a62aca08-91b7-4f3f-ba8f-cb9e884a3799,42,ely_y2569_id_9e16fcda-19ff-4d2a-9d89-f9dd7fcd0a3f,23360,29.547553093259467,2,135762,80515,4843
2569,pv_30_z_9,pv_30,,,9,ely_y2569_id_1116011c-1ef3-4cca-a186-c1b9f7984ede,1116011c-1ef3-4cca-a186-c1b9f7984ede,46,ely_y2569_id_ae33a73e-be2a-42bd-b857-bca5e266a9a6,11686,14.781365815403685,3,135762,80515,4843
2569,pv_30_z_9,pv_30,,,9,ely_y2569_id_2d8a1c84-0bc8-4377-965d-c020a0097c27,2d8a1c84-0bc8-4377-965d-c020a0097c27,9,ely_y2569_id_ea45acfa-5635-430e-94b2-dabe5c46cea3,3783,4.7850339619777635,4,135762,80515,4843
2569,pv_30_z_9,pv_30,,,9,ely_y2569_id_0c044088-618b-49af-a291-fb28ffe9e0f8,0c044088-618b-49af-a291-fb28ffe9e0f8,11,ely_y2569_id_30c835b9-4586-4531-bbfe-64bf5f4e2ac9,951,1.2028991006716503,5,135762,80515,4843
2569,pv_30_z_9,pv_30,,,9,ely_y2569_id_115da917-bf32-4e96-a2ae-b7818d0909ee,115da917-bf32-4e96-a2ae-b7818d0909ee,6,ely_y2569_id_ea3a4545-8ff7-461c-b388-40405ab2f055,505,0.6387634551410971,6,135762,80515,4843
2569,pv_30_z_9,pv_30,,,9,ely_y2569_id_d7155f6d-736d-42c0-8bc0-00ee6e1970dc,d7155f6d-736d-42c0-8bc0-00ee6e1970dc,27,ely_y2569_id_9311f20e-8620-4f64-bd12-b968fb14a7ef,469,0.5932278424973754,7,135762,80515,4843
2569,pv_30_z_9,pv_30,,,9,ely_y2569_id_f9cadd57-8256-49aa-9386-0da392b19fc2,f9cadd57-8256-49aa-9386-0da392b19fc2,29,ely_y2569_id_e317f00a-7997-4132-9fa6-23c356aacfe0,193,0.24412147889550842,8,135762,80515,4843
2569,pv_30_z_9,pv_30,,,9,ely_y2569_id_965b4b93-c01e-4a2b-a987-577f2b99ebb4,965b4b93-c01e-4a2b-a987-577f2b99ebb4,49,ely_y2569_id_96cf8dd5-d8e7-49ec-94d5-a2787f98fa88,121,0.15305025360806487,9,135762,80515,4843
2569,pv_35_z_2,pv_35,,,2,ely_y2569_id_013c219e-e197-416d-84ea-00ba9c35465e,013c219e-e197-416d-84ea-00ba9c35465e,37,ely_y2569_id_1267e090-9519-4b1f-b7a2-3fb966bd9ed5,46438,58.77186321411395,1,141190,79014,3297
2569,pv_35_z_2,pv_35,,,2,ely_y2569_id_2d8a1c84-0bc8-4377-965d-c020a0097c27,2d8a1c84-0bc8-4377-965d-c020a0097c27,9,ely_y2569_id_2636b409-5243-4cf1-86fc-2a3f381c4bee,25938,32.827093932720786,2,141190,79014,3297
2569,pv_35_z_2,pv_35,,,2,ely_y2569_id_1116011c-1ef3-4cca-a186-c1b9f7984ede,1116011c-1ef3-4cca-a186-c1b9f7984ede,46,ely_y2569_id_3bbd7964-b839-486f-b11e-d9e2f59cbd6e,4829,6.111575163895006,3,141190,79014,3297
2569,pv_35_z_2,pv_35,,,2,ely_y2569_id_0c044088-618b-49af-a291-fb28ffe9e0f8,0c044088-618b-49af-a291-fb28ffe9e0f8,11,ely_y2569_id_7de48903-fa04-4755-84b8-b6fe455ec59b,841,1.0643683397878858,4,141190,79014,3297
2569,pv_35_z_2,pv_35,,,2,ely_y2569_id_c20d9515-8b33-46de-b650-824c571725a1,,14,ely_y2569_id_9f5504dc-dc04-4939-b9ab-e195cc05ae23,522,0.6606424177993773,5,141190,79014,3297
2569,pv_35_z_2,pv_35,,,2,ely_y2569_id_d1964fe3-2dd0-43d5-a190-77fbfaf586b2,,8,ely_y2569_id_b1cd60d0-4817-452f-b279-c7377689c427,141,0.17844938871592375,6,141190,79014,3297
2569,pv_35_z_2,pv_35,,,2,ely_y2569_id_965b4b93-c01e-4a2b-a987-577f2b99ebb4,965b4b93-c01e-4a2b-a987-577f2b99ebb4,49,ely_y2569_id_b6dd6d7c-34fb-48a9-9c8a-adf0adb0ba34,130,0.16452780519907864,7,141190,79014,3297
2569,pv_35_z_2,pv_35,,,2,ely_y2569_id_03347cbc-6089-474c-a3f6-484ae981c9a6,03347cbc-6089-474c-a3f6-484ae981c9a6,43,ely_y2569_id_e8a53891-5edd-4969-8f0a-c59ed4e43ac9,98,0.12402865315007468,8,141190,79014,3297
2569,pv_35_z_2,pv_35,,,2,ely_y2569_id_d7155f6d-736d-42c0-8bc0-00ee6e1970dc,d7155f6d-736d-42c0-8bc0-00ee6e1970dc,27,ely_y2569_id_d2d08bf1-26da-4d75-be28-7099529518ff,77,0.09745108461791581,9,141190,79014,3297
2569,pv_36_z_6,pv_36,,,6,ely_y2569_id_013c219e-e197-416d-84ea-00ba9c35465e,013c219e-e197-416d-84ea-00ba9c35465e,37,ely_y2569_id_9a5fb790-49dc-4a0c-84b0-ffcc7756be67,47868,60.584736109353244,1,134526,79010,5371
2569,pv_36_z_6,pv_36,,,6,ely_y2569_id_2d8a1c84-0bc8-4377-965d-c020a0097c27,2d8a1c84-0bc8-4377-965d-c020a0097c27,9,ely_y2569_id_998e663f-1948-45f4-9745-5a92f09a6e8f,16078,20.34932287052272,2,134526,79010,5371
2569,pv_36_z_6,pv_36,,,6,ely_y2569_id_1116011c-1ef3-4cca-a186-c1b9f7984ede,1116011c-1ef3-4cca-a186-c1b9f7984ede,46,ely_y2569_id_d26e143a-d176-48b0-84ca-8a0a7064a418,12535,15.865080369573473,3,134526,79010,5371
2569,pv_36_z_6,pv_36,,,6,ely_y2569_id_d7155f6d-736d-42c0-8bc0-00ee6e1970dc,d7155f6d-736d-42c0-8bc0-00ee6e1970dc,27,ely_y2569_id_8cbac1ac-b63a-463b-84d9-a86f3eb165f8,898,1.1365649917731933,4,134526,79010,5371
2569,pv_36_z_6,pv_36,,,6,ely_y2569_id_115da917-bf32-4e96-a2ae-b7818d0909ee,115da917-bf32-4e96-a2ae-b7818d0909ee,6,ely_y2569_id_3f22d65e-de55-4b1e-9fb5-dc7a551386db,731,0.9251993418554613,5,134526,79010,5371
2569,pv_36_z_6,pv_36,,,6,ely_y2569_id_0c044088-618b-49af-a291-fb28ffe9e0f8,0c044088-618b-49af-a291-fb28ffe9e0f8,11,ely_y2569_id_e6c5f1ea-6ea7-4e75-ab37-348f636e03e6,558,0.7062397164915833,6,134526,79010,5371
2569,pv_36_z_6,pv_36,,,6,ely_y2569_id_d1964fe3-2dd0-43d5-a190-77fbfaf586b2,,8,ely_y2569_id_e2f35447-66ac-49e2-9b7d-16261442821b,342,0.4328566004303253,7,134526,79010,5371
2569,pv_66_z_2,pv_66,,,2,ely_y2569_id_013c219e-e197-416d-84ea-00ba9c35465e,013c219e-e197-416d-84ea-00ba9c35465e,37,ely_y2569_id_0a587b08-7939-4c05-b32c-35c6f955919e,44182,56.005273232009536,1,140346,78889,5913
2569,pv_66_z_2,pv_66,,,2,ely_y2569_id_1116011c-1ef3-4cca-a186-c1b9f7984ede,1116011c-1ef3-4cca-a186-c1b9f7984ede,46,ely_y2569_id_f7e412d5-dc71-4762-b2df-e7e12b273661,19199,24.336726286301005,2,140346,78889,5913
2569,pv_66_z_2,pv_66,,,2,ely_y2569_id_2d8a1c84-0bc8-4377-965d-c020a0097c27,2d8a1c84-0bc8-4377-965d-c020a0097c27,9,ely_y2569_id_289c65f7-101c-497a-b790-90074212114b,12112,15.35321781236928,3,140346,78889,5913
2569,pv_66_z_2,pv_66,,,2,ely_y2569_id_115da917-bf32-4e96-a2ae-b7818d0909ee,115da917-bf32-4e96-a2ae-b7818d0909ee,6,ely_y2569_id_693b2f66-369b-4b85-8d31-02b0b13c1ef8,1154,1.4628148411058577,4,140346,78889,5913
2569,pv_66_z_2,pv_66,,,2,ely_y2569_id_d7155f6d-736d-42c0-8bc0-00ee6e1970dc,d7155f6d-736d-42c0-8bc0-00ee6e1970dc,27,ely_y2569_id_86a10e7f-e6f2-4d6d-9a9e-41d6df68525d,935,1.1852095982963404,5,140346,78889,5913
2569,pv_66_z_2,pv_66,,,2,ely_y2569_id_0c044088-618b-49af-a291-fb28ffe9e0f8,0c044088-618b-49af-a291-fb28ffe9e0f8,11,ely_y2569_id_a790dfc0-4aee-468f-be85-c445e3322a40,871,1.1040829519958422,6,140346,78889,5913
2569,pv_66_z_2,pv_66,,,2,ely_y2569_id_a62aca08-91b7-4f3f-ba8f-cb9e884a3799,a62aca08-91b7-4f3f-ba8f-cb9e884a3799,42,ely_y2569_id_c559d1ad-c7b0-4362-b55a-fe3f096a3166,436,0.5526752779221438,7,140346,78889,5913
2569,pv_71_z_5,pv_71,,,5,ely_y2569_id_2d8a1c84-0bc8-4377-965d-c020a0097c27,2d8a1c84-0bc8-4377-965d-c020a0097c27,9,ely_y2569_id_17724f83-24fc-46ca-bfbc-a88ff8406daf,37019,46.986177922753754,1,122620,78787,5209
2569,pv_71_z_5,pv_71,,,5,ely_y2569_id_013c219e-e197-416d-84ea-00ba9c35465e,013c219e-e197-416d-84ea-00ba9c35465e,37,ely_y2569_id_71f05674-d498-457f-90ee-2707cd157af5,25773,32.71224948278269,2,122620,78787,5209
2569,pv_71_z_5,pv_71,,,5,ely_y2569_id_1116011c-1ef3-4cca-a186-c1b9f7984ede,1116011c-1ef3-4cca-a186-c1b9f7984ede,46,ely_y2569_id_1d7df47b-7eeb-4417-9dd5-9f0972c3dc0b,13378,16.979958622615406,3,122620,78787,5209
2569,pv_71_z_5,pv_71,,,5,ely_y2569_id_0c044088-618b-49af-a291-fb28ffe9e0f8,0c044088-618b-49af-a291-fb28ffe9e0f8,11,ely_y2569_id_cd21e0e4-8fff-43cd-85e4-b2a7564c5233,762,0.9671646337593767,4,122620,78787,5209
2569,pv_71_z_5,pv_71,,,5,ely_y2569_id_d7155f6d-736d-42c0-8bc0-00ee6e1970dc,d7155f6d-736d-42c0-8bc0-00ee6e1970dc,27,ely_y2569_id_80380f1e-64a4-4f52-a0fa-a3d97044742f,757,0.9608184091284095,5,122620,78787,5209
2569,pv_71_z_5,pv_71,,,5,ely_y2569_id_03347cbc-6089-474c-a3f6-484ae981c9a6,03347cbc-6089-474c-a3f6-484ae981c9a6,43,ely_y2569_id_9c375ef9-dc05-45c1-ba86-1b0c3d91bcb0,694,0.8808559787782247,6,122620,78787,5209
2569,pv_71_z_5,pv_71,,,5,ely_y2569_id_aec0c4f2-be03-4a06-a205-b00971871173,,1,ely_y2569_id_b3e2ff2e-0e01-47f0-b3b3-252fa62cd8ef,404,0.5127749501821367,7,122620,78787,5209
2569,pv_47_z_2,pv_47,,,2,ely_y2569_id_a62aca08-91b7-4f3f-ba8f-cb9e884a3799,a62aca08-91b7-4f3f-ba8f-cb9e884a3799,42,ely_y2569_id_04f23086-25b2-4a19-bf95-1a93901268c4,23501,29.85087897571385,1,131926,78728,3545
2569,pv_47_z_2,pv_47,,,2,ely_y2569_id_013c219e-e197-416d-84ea-00ba9c35465e,013c219e-e197-416d-84ea-00ba9c35465e,37,ely_y2569_id_b3b62882-7052-4d28-bdf0-76dd8c77f946,20045,25.46108119093588,2,131926,78728,3545
2569,pv_47_z_2,pv_47,,,2,ely_y2569_id_2d8a1c84-0bc8-4377-965d-c020a0097c27,2d8a1c84-0bc8-4377-965d-c020a0097c27,9,ely_y2569_id_67367be5-864c-4e48-9f9b-167b506d155a,17847,22.669190122954987,3,131926,78728,3545
2569,pv_47_z_2,pv_47,,,2,ely_y2569_id_1116011c-1ef3-4cca-a186-c1b9f7984ede,1116011c-1ef3-4cca-a186-c1b9f7984ede,46,ely_y2569_id_0ac31e3a-8feb-47c9-a8f3-b34fd9c7fdae,14654,18.61345391728483,4,131926,78728,3545
2569,pv_47_z_2,pv_47,,,2,ely_y2569_id_2ee17641-917b-4ea0-8c19-da383e03e915,2ee17641-917b-4ea0-8c19-da383e03e915,44,ely_y2569_id_915b4c7c-cb79-4564-b03f-785e5ab1a895,1251,1.589015343969109,5,131926,78728,3545
2569,pv_47_z_2,pv_47,,,2,ely_y2569_id_0c044088-618b-49af-a291-fb28ffe9e0f8,0c044088-618b-49af-a291-fb28ffe9e0f8,11,ely_y2569_id_f56cdabb-3b02-48f9-aa9d-04096c736134,599,0.7608474748501168,6,131926,78728,3545
2569,pv_47_z_2,pv_47,,,2,ely_y2569_id_115da917-bf32-4e96-a2ae-b7818d0909ee,115da917-bf32-4e96-a2ae-b7818d0909ee,6,ely_y2569_id_8bec1770-db40-4a66-b989-ff213714aa2c,564,0.7163906107102938,7,131926,78728,3545
2569,pv_47_z_2,pv_47,,,2,ely_y2569_id_d7155f6d-736d-42c0-8bc0-00ee6e1970dc,d7155f6d-736d-42c0-8bc0-00ee6e1970dc,27,ely_y2569_id_5fa55641-bdbd-4832-95fe-3edaf64562cc,267,0.3391423635809369,8,131926,78728,3545
2569,pv_10_z_2,pv_10,,,2,ely_y2569_id_1116011c-1ef3-4cca-a186-c1b9f7984ede,1116011c-1ef3-4cca-a186-c1b9f7984ede,46,ely_y2569_id_e53dbab9-a966-490c-abe3-d3a6dde243d9,37055,47.07608654224842,1,136481,80804,1432
2569,pv_10_z_2,pv_10,,,2,ely_y2569_id_013c219e-e197-416d-84ea-00ba9c35465e,013c219e-e197-416d-84ea-00ba9c35465e,37,ely_y2569_id_9e75bb01-4a15-43a0-8598-ef7183e32038,15002,19.059113488242094,2,136481,80804,1432
2569,pv_10_z_2,pv_10,,,2,ely_y2569_id_d7155f6d-736d-42c0-8bc0-00ee6e1970dc,d7155f6d-736d-42c0-8bc0-00ee6e1970dc,27,ely_y2569_id_06bd2770-a791-4b21-9a17-2aed40a19967,13620,17.30336793159961,3,136481,80804,1432
2569,pv_10_z_2,pv_10,,,2,ely_y2569_id_2d8a1c84-0bc8-4377-965d-c020a0097c27,2d8a1c84-0bc8-4377-965d-c020a0097c27,9,ely_y2569_id_564345ee-324a-4855-a5c6-abbc314ba65a,5361,6.810819051490859,4,136481,80804,1432
2569,pv_10_z_2,pv_10,,,2,ely_y2569_id_115da917-bf32-4e96-a2ae-b7818d0909ee,115da917-bf32-4e96-a2ae-b7818d0909ee,6,ely_y2569_id_cae0d2d2-8f7a-446c-9465-25456b364beb,1577,2.003481000597106,5,136481,80804,1432
2569,pv_10_z_2,pv_10,,,2,ely_y2569_id_965b4b93-c01e-4a2b-a987-577f2b99ebb4,965b4b93-c01e-4a2b-a987-577f2b99ebb4,49,ely_y2569_id_551d669c-eaff-4abb-88ff-384cb8c3f354,1305,1.6579218172347643,6,136481,80804,1432
2569,pv_10_z_2,pv_10,,,2,ely_y2569_id_0c044088-618b-49af-a291-fb28ffe9e0f8,0c044088-618b-49af-a291-fb28ffe9e0f8,11,ely_y2569_id_b2f134cd-9ef1-42ae-8b70-5a136047e1ad,893,1.1345012894947466,7,136481,80804,1432
2569,pv_10_z_2,pv_10,,,2,ely_y2569_id_2ee17641-917b-4ea0-8c19-da383e03e915,2ee17641-917b-4ea0-8c19-da383e03e915,44,ely_y2569_id_020643db-549f-4960-88fe-2e59d70f827b,802,1.0188914156492574,8,136481,80804,1432
2569,pv_10_z_2,pv_10,,,2,ely_y2569_id_f9cadd57-8256-49aa-9386-0da392b19fc2,f9cadd57-8256-49aa-9386-0da392b19fc2,29,ely_y2569_id_daf27d48-a6ec-4a92-aac4-ab0be4724f0e,761,0.9668034505100809,9,136481,80804,1432
2569,pv_10_z_2,pv_10,,,2,ely_y2569_id_a62aca08-91b7-4f3f-ba8f-cb9e884a3799,a62aca08-91b7-4f3f-ba8f-cb9e884a3799,42,ely_y2569_id_e2192c9f-274b-498b-bc48-c507a4b10c4e,618,0.7851307916100263,10,136481,80804,1432
2569,pv_10_z_2,pv_10,,,2,ely_y2569_id_cb1b6cf2-41fa-49b1-a060-01acf13edc81,cb1b6cf2-41fa-49b1-a060-01acf13edc81,48,ely_y2569_id_33f9a8cb-a9c7-46d4-a0f9-379ca004a86c,557,0.7076340629883247,11,136481,80804,1432
2569,pv_10_z_2,pv_10,,,2,ely_y2569_id_339fa187-133c-4766-a6c2-36d1b32cda8f,339fa187-133c-4766-a6c2-36d1b32cda8f,23,ely_y2569_id_d93c257a-9e2c-43d4-959c-37d29de2bd89,386,0.49038913521273486,12,136481,80804,1432
2569,pv_10_z_2,pv_10,,,2,ely_y2569_id_54706125-9661-467d-a8af-78994d14b116,54706125-9661-467d-a8af-78994d14b116,35,ely_y2569_id_33d14b88-2906-4d97-816c-db4fa9d68c66,373,0.47387343894909356,13,136481,80804,1432
2569,pv_10_z_2,pv_10,,,2,ely_y2569_id_03347cbc-6089-474c-a3f6-484ae981c9a6,03347cbc-6089-474c-a3f6-484ae981c9a6,43,ely_y2569_id_27f7dc84-f465-4894-9de0-07fc83b1173b,292,0.3709679468448668,14,136481,80804,1432
2569,pv_10_z_2,pv_10,,,2,ely_y2569_id_7255d2d0-1f49-4fd8-adad-7acfea2d5126,7255d2d0-1f49-4fd8-adad-7acfea2d5126,56,ely_y2569_id_173c827b-0ac4-4dec-91f1-1a3fc90eacff,111,0.14101863732801442,15,136481,80804,1432
2569,pv_33_z_1,pv_33,,,1,ely_y2569_id_013c219e-e197-416d-84ea-00ba9c35465e,013c219e-e197-416d-84ea-00ba9c35465e,37,ely_y2569_id_13eed153-ed24-4713-811f-870d604683e8,44088,56.01748322829844,1,132927,78704,3296
2569,pv_33_z_1,pv_33,,,1,ely_y2569_id_2d8a1c84-0bc8-4377-965d-c020a0097c27,2d8a1c84-0bc8-4377-965d-c020a0097c27,9,ely_y2569_id_a0b9d2ab-d029-45f5-b625-a385aeec1dd8,21119,26.83345192112218,2,132927,78704,3296
2569,pv_33_z_1,pv_33,,,1,ely_y2569_id_1116011c-1ef3-4cca-a186-c1b9f7984ede,1116011c-1ef3-4cca-a186-c1b9f7984ede,46,ely_y2569_id_98aeb250-8005-4512-97e3-9c23f893e10c,11323,14.386816426102866,3,132927,78704,3296
2569,pv_33_z_1,pv_33,,,1,ely_y2569_id_339fa187-133c-4766-a6c2-36d1b32cda8f,339fa187-133c-4766-a6c2-36d1b32cda8f,23,ely_y2569_id_8008de47-53b0-4f1f-980b-46740c11d4ce,732,0.9300670868062614,4,132927,78704,3296
2569,pv_33_z_1,pv_33,,,1,ely_y2569_id_d7155f6d-736d-42c0-8bc0-00ee6e1970dc,d7155f6d-736d-42c0-8bc0-00ee6e1970dc,27,ely_y2569_id_789c5b25-6783-47dd-8637-6795011738cf,384,0.48790404553771094,5,132927,78704,3296
2569,pv_33_z_1,pv_33,,,1,ely_y2569_id_0c044088-618b-49af-a291-fb28ffe9e0f8,0c044088-618b-49af-a291-fb28ffe9e0f8,11,ely_y2569_id_0a9e4899-9c5d-4972-a0fe-e21c26773fd1,348,0.4421630412685505,6,132927,78704,3296
2569,pv_33_z_1,pv_33,,,1,ely_y2569_id_d1964fe3-2dd0-43d5-a190-77fbfaf586b2,,8,ely_y2569_id_4a8dfa6a-78fe-4828-91d3-d6fd9e53d068,340,0.4319983736531815,7,132927,78704,3296
2569,pv_33_z_1,pv_33,,,1,ely_y2569_id_a62aca08-91b7-4f3f-ba8f-cb9e884a3799,a62aca08-91b7-4f3f-ba8f-cb9e884a3799,42,ely_y2569_id_2afcf755-46dd-4e46-b130-fdfa123bf7d7,195,0.2477637731246188,8,132927,78704,3296
2569,pv_33_z_1,pv_33,,,1,ely_y2569_id_115da917-bf32-4e96-a2ae-b7818d0909ee,115da917-bf32-4e96-a2ae-b7818d0909ee,6,ely_y2569_id_dc45fa5b-dd72-4bf6-a368-c94aa1243f62,175,0.2223521040861964,9,132927,78704,3296
2569,pv_40_z_1,pv_40,,,1,ely_y2569_id_1116011c-1ef3-4cca-a186-c1b9f7984ede,1116011c-1ef3-4cca-a186-c1b9f7984ede,46,ely_y2569_id_690ca30f-4d38-4af1-b099-d910c612c8fe,33395,42.49538716039957,1,128250,78585,2737
2569,pv_40_z_1,pv_40,,,1,ely_y2569_id_013c219e-e197-416d-84ea-00ba9c35465e,013c219e-e197-416d-84ea-00ba9c35465e,37,ely_y2569_id_03c40249-7c3a-4118-8e9b-151f35e4ac61,22129,28.159317935992874,2,128250,78585,2737
2569,pv_40_z_1,pv_40,,,1,ely_y2569_id_2d8a1c84-0bc8-4377-965d-c020a0097c27,2d8a1c84-0bc8-4377-965d-c020a0097c27,9,ely_y2569_id_dd7d8302-d04a-4b49-8a07-cc0342abdfcb,14718,18.72876503149456,3,128250,78585,2737
2569,pv_40_z_1,pv_40,,,1,ely_y2569_id_d7155f6d-736d-42c0-8bc0-00ee6e1970dc,d7155f6d-736d-42c0-8bc0-00ee6e1970dc,27,ely_y2569_id_e4f09a05-70d6-4510-8bdb-2397c9e8f1b0,2585,3.2894318254119743,4,128250,78585,2737
2569,pv_40_z_1,pv_40,,,1,ely_y2569_id_115da917-bf32-4e96-a2ae-b7818d0909ee,115da917-bf32-4e96-a2ae-b7818d0909ee,6,ely_y2569_id_5d19186e-aba0-4691-9198-b3fb8839bd4e,1779,2.2637907997709488,5,128250,78585,2737
2569,pv_40_z_1,pv_40,,,1,ely_y2569_id_0c044088-618b-49af-a291-fb28ffe9e0f8,0c044088-618b-49af-a291-fb28ffe9e0f8,11,ely_y2569_id_a867cf04-e7c4-46ea-a89f-54fa116b5a81,1437,1.8285932429853027,6,128250,78585,2737
2569,pv_40_z_1,pv_40,,,1,ely_y2569_id_03347cbc-6089-474c-a3f6-484ae981c9a6,03347cbc-6089-474c-a3f6-484ae981c9a6,43,ely_y2569_id_8e9b1e69-e668-486b-bb33-6785f8c932b3,1300,1.6542597187758479,7,128250,78585,2737
2569,pv_40_z_1,pv_40,,,1,ely_y2569_id_f9cadd57-8256-49aa-9386-0da392b19fc2,f9cadd57-8256-49aa-9386-0da392b19fc2,29,ely_y2569_id_e7fdfa8c-bb6d-4095-ade2-f91147c9cb32,529,0.673156454794172,8,128250,78585,2737
2569,pv_40_z_1,pv_40,,,1,ely_y2569_id_965b4b93-c01e-4a2b-a987-577f2b99ebb4,965b4b93-c01e-4a2b-a987-577f2b99ebb4,49,ely_y2569_id_2f08c737-2066-426e-a68d-9404984e4ffa,521,0.6629763949863205,9,128250,78585,2737
2569,pv_40_z_1,pv_40,,,1,ely_y2569_id_7ffe2115-72d1-4d71-9962-03ff61afc67c,,31,ely_y2569_id_a52298f7-fce4-4bee-864d-b9a90a2dce6f,192,0.2443214353884329,10,128250,78585,2737
2569,pv_96_z_3,pv_96,,,3,ely_y2569_id_a62aca08-91b7-4f3f-ba8f-cb9e884a3799,a62aca08-91b7-4f3f-ba8f-cb9e884a3799,42,ely_y2569_id_0055047c-2b57-42c4-849a-664db3bb8326,36053,45.88296680920383,1,112323,78576,4632
2569,pv_96_z_3,pv_96,,,3,ely_y2569_id_013c219e-e197-416d-84ea-00ba9c35465e,013c219e-e197-416d-84ea-00ba9c35465e,37,ely_y2569_id_8f8b954a-fffe-48f0-8ada-e60ee4beef26,35940,45.73915699450214,2,112323,78576,4632
2569,pv_96_z_3,pv_96,,,3,ely_y2569_id_1116011c-1ef3-4cca-a186-c1b9f7984ede,1116011c-1ef3-4cca-a186-c1b9f7984ede,46,ely_y2569_id_5032459b-e083-435c-8ce9-9a16c974913d,4521,5.753665241295052,3,112323,78576,4632
2569,pv_96_z_3,pv_96,,,3,ely_y2569_id_7f4755ca-ea3a-4023-869d-9cabba328db0,7f4755ca-ea3a-4023-869d-9cabba328db0,33,ely_y2569_id_00bd9ae8-bc87-4168-a7a2-82aebb1cc219,1318,1.6773569537772346,4,112323,78576,4632
2569,pv_96_z_3,pv_96,,,3,ely_y2569_id_d7155f6d-736d-42c0-8bc0-00ee6e1970dc,d7155f6d-736d-42c0-8bc0-00ee6e1970dc,27,ely_y2569_id_90983e6e-81cd-4315-9d6d-b1dc22c506c4,409,0.5205151700264712,5,112323,78576,4632
2569,pv_96_z_3,pv_96,,,3,ely_y2569_id_2d8a1c84-0bc8-4377-965d-c020a0097c27,2d8a1c84-0bc8-4377-965d-c020a0097c27,9,ely_y2569_id_294ecf1a-fe6d-4ad1-b104-99e594b1c489,198,0.2519853390348198,6,112323,78576,4632
2569,pv_96_z_3,pv_96,,,3,ely_y2569_id_7ffe2115-72d1-4d71-9962-03ff61afc67c,,31,ely_y2569_id_e1896205-f9df-40ba-8b1b-6700982e6b88,137,0.17435349216045612,7,112323,78576,4632
2569,pv_96_z_4,pv_96,,,4,ely_y2569_id_013c219e-e197-416d-84ea-00ba9c35465e,013c219e-e197-416d-84ea-00ba9c35465e,37,ely_y2569_id_b02f20a6-48c8-40d5-9cfc-cf29c8187c1b,39681,50.504009163802976,1,116961,78570,4431
2569,pv_96_z_4,pv_96,,,4,ely_y2569_id_7f4755ca-ea3a-4023-869d-9cabba328db0,7f4755ca-ea3a-4023-869d-9cabba328db0,33,ely_y2569_id_930a1cd2-95ad-4061-bf70-2231e027eb92,32979,41.97403589156167,2,116961,78570,4431
2569,pv_96_z_4,pv_96,,,4,ely_y2569_id_1116011c-1ef3-4cca-a186-c1b9f7984ede,1116011c-1ef3-4cca-a186-c1b9f7984ede,46,ely_y2569_id_c72fd7d2-eb1d-4886-8508-236457509ab5,3622,4.60990199821815,3,116961,78570,4431
2569,pv_96_z_4,pv_96,,,4,ely_y2569_id_a62aca08-91b7-4f3f-ba8f-cb9e884a3799,a62aca08-91b7-4f3f-ba8f-cb9e884a3799,42,ely_y2569_id_c07f3134-4867-4433-a818-91e5351c8780,1232,1.5680285096092657,4,116961,78570,4431
2569,pv_96_z_4,pv_96,,,4,ely_y2569_id_d7155f6d-736d-42c0-8bc0-00ee6e1970dc,d7155f6d-736d-42c0-8bc0-00ee6e1970dc,27,ely_y2569_id_6ddb6461-184a-4b33-8a62-5b4f6ab579f1,699,0.8896525391370752,5,116961,78570,4431
2569,pv_96_z_4,pv_96,,,4,ely_y2569_id_2d8a1c84-0bc8-4377-965d-c020a0097c27,2d8a1c84-0bc8-4377-965d-c020a0097c27,9,ely_y2569_id_351b5de9-65c8-44a4-a1c6-68119ccdaf21,255,0.32455135547919056,6,116961,78570,4431
2569,pv_96_z_4,pv_96,,,4,ely_y2569_id_03347cbc-6089-474c-a3f6-484ae981c9a6,03347cbc-6089-474c-a3f6-484ae981c9a6,43,ely_y2569_id_8af00ae1-a1b3-4004-b266-7ef2a17cd201,58,0.0738195239913453,7,116961,78570,4431
2569,pv_96_z_4,pv_96,,,4,ely_y2569_id_7ffe2115-72d1-4d71-9962-03ff61afc67c,,31,ely_y2569_id_431ea425-b70e-46bc-ac9a-5613658afa8d,44,0.05600101820033091,8,116961,78570,4431
2569,pv_25_z_1,pv_25,,,1,ely_y2569_id_013c219e-e197-416d-84ea-00ba9c35465e,013c219e-e197-416d-84ea-00ba9c35465e,37,ely_y2569_id_d152dd50-b4cb-4d71-98fd-434de0045286,40077,51.011264558009294,1,132597,80760,4390
2569,pv_25_z_1,pv_25,,,1,ely_y2569_id_1116011c-1ef3-4cca-a186-c1b9f7984ede,1116011c-1ef3-4cca-a186-c1b9f7984ede,46,ely_y2569_id_c40146a2-e0ec-4c98-b1c2-6794f37a1d17,27069,34.45427353147076,2,132597,80760,4390
2569,pv_25_z_1,pv_25,,,1,ely_y2569_id_2d8a1c84-0bc8-4377-965d-c020a0097c27,2d8a1c84-0bc8-4377-965d-c020a0097c27,9,ely_y2569_id_5a5eca51-f596-4524-b31e-8713f1ed8554,5794,7.374785209698976,3,132597,80760,4390
2569,pv_25_z_1,pv_25,,,1,ely_y2569_id_a62aca08-91b7-4f3f-ba8f-cb9e884a3799,a62aca08-91b7-4f3f-ba8f-cb9e884a3799,42,ely_y2569_id_05244944-4059-40d1-a69f-c7ad5d3f825f,2040,2.596576083497741,4,132597,80760,4390
2569,pv_25_z_1,pv_25,,,1,ely_y2569_id_d7155f6d-736d-42c0-8bc0-00ee6e1970dc,d7155f6d-736d-42c0-8bc0-00ee6e1970dc,27,ely_y2569_id_8fd58e3d-526d-4aed-9fd3-2ff3be36bef2,1568,1.9957996563355185,5,132597,80760,4390
2569,pv_25_z_1,pv_25,,,1,ely_y2569_id_2ee17641-917b-4ea0-8c19-da383e03e915,2ee17641-917b-4ea0-8c19-da383e03e915,44,ely_y2569_id_821a1606-602b-481d-9bb7-26c54404d766,1343,1.7094125883026792,6,132597,80760,4390
2569,pv_25_z_1,pv_25,,,1,ely_y2569_id_f9cadd57-8256-49aa-9386-0da392b19fc2,f9cadd57-8256-49aa-9386-0da392b19fc2,29,ely_y2569_id_4ba968d0-860c-4f08-a444-19df959d81d8,674,0.8578883726850379,7,132597,80760,4390
2569,pv_20_z_7,pv_20,,,7,ely_y2569_id_1116011c-1ef3-4cca-a186-c1b9f7984ede,1116011c-1ef3-4cca-a186-c1b9f7984ede,46,ely_y2569_id_c330dee1-0bd5-4868-ae96-bdf27a1586b2,37862,48.194396710836166,1,127875,79513,2185
2569,pv_20_z_7,pv_20,,,7,ely_y2569_id_013c219e-e197-416d-84ea-00ba9c35465e,013c219e-e197-416d-84ea-00ba9c35465e,37,ely_y2569_id_e225af92-192c-4dc5-9c59-1a14e3969974,30427,38.730413309402884,2,127875,79513,2185
2569,pv_20_z_7,pv_20,,,7,ely_y2569_id_2d8a1c84-0bc8-4377-965d-c020a0097c27,2d8a1c84-0bc8-4377-965d-c020a0097c27,9,ely_y2569_id_e27d3a83-36c6-443e-a90b-b60372b66a37,2849,3.6264813329769225,3,127875,79513,2185
2569,pv_20_z_7,pv_20,,,7,ely_y2569_id_d7155f6d-736d-42c0-8bc0-00ee6e1970dc,d7155f6d-736d-42c0-8bc0-00ee6e1970dc,27,ely_y2569_id_c931f462-dcb1-43c5-a539-281443b5762f,2463,3.13514339175927,4,127875,79513,2185
2569,pv_20_z_7,pv_20,,,7,ely_y2569_id_0c044088-618b-49af-a291-fb28ffe9e0f8,0c044088-618b-49af-a291-fb28ffe9e0f8,11,ely_y2569_id_3d975b58-c245-400c-b5db-56c0dc368f0d,2008,2.5559756113084102,5,127875,79513,2185
2569,pv_20_z_7,pv_20,,,7,ely_y2569_id_115da917-bf32-4e96-a2ae-b7818d0909ee,115da917-bf32-4e96-a2ae-b7818d0909ee,6,ely_y2569_id_4c2a80bc-d145-4757-8708-12daad621c10,1353,1.7222285867033262,6,127875,79513,2185
2569,pv_20_z_7,pv_20,,,7,ely_y2569_id_339fa187-133c-4766-a6c2-36d1b32cda8f,339fa187-133c-4766-a6c2-36d1b32cda8f,23,ely_y2569_id_4435e6a6-a9e5-45fa-8ee4-d912ac48560c,475,0.6046257048662822,7,127875,79513,2185
2569,pv_20_z_7,pv_20,,,7,ely_y2569_id_f9cadd57-8256-49aa-9386-0da392b19fc2,f9cadd57-8256-49aa-9386-0da392b19fc2,29,ely_y2569_id_72ec6bc3-32ca-41c8-b3d3-bfd463565e4f,431,0.548618271152353,8,127875,79513,2185
2569,pv_20_z_7,pv_20,,,7,ely_y2569_id_b376f463-00b4-4a94-886c-fdbc533100e9,,19,ely_y2569_id_8096cc01-d940-4e47-8603-9557b53f8e6a,357,0.45442395081529,9,127875,79513,2185
2569,pv_20_z_7,pv_20,,,7,ely_y2569_id_03347cbc-6089-474c-a3f6-484ae981c9a6,03347cbc-6089-474c-a3f6-484ae981c9a6,43,ely_y2569_id_e3181e51-5e9f-46b2-b749-6e0f387e159d,336,0.4276931301790965,10,127875,79513,2185
2569,pv_45_z_1,pv_45,,,1,ely_y2569_id_013c219e-e197-416d-84ea-00ba9c35465e,013c219e-e197-416d-84ea-00ba9c35465e,37,ely_y2569_id_51b8a5c2-0493-49ed-9ca1-a306b4e9c0e0,46309,58.95105340207498,1,126135,78555,3068
2569,pv_45_z_1,pv_45,,,1,ely_y2569_id_2d8a1c84-0bc8-4377-965d-c020a0097c27,2d8a1c84-0bc8-4377-965d-c020a0097c27,9,ely_y2569_id_4ce761b6-a69c-4e9c-99a7-99be2411567a,18102,23.043727324804276,2,126135,78555,3068
2569,pv_45_z_1,pv_45,,,1,ely_y2569_id_1116011c-1ef3-4cca-a186-c1b9f7984ede,1116011c-1ef3-4cca-a186-c1b9f7984ede,46,ely_y2569_id_5dca0d0f-6daf-4416-8dd7-658a14de07b6,12987,16.532365858315828,3,126135,78555,3068
2569,pv_45_z_1,pv_45,,,1,ely_y2569_id_d7155f6d-736d-42c0-8bc0-00ee6e1970dc,d7155f6d-736d-42c0-8bc0-00ee6e1970dc,27,ely_y2569_id_a290e079-347d-4856-8658-9d655c1c56a5,669,0.8516326140920374,4,126135,78555,3068
2569,pv_45_z_1,pv_45,,,1,ely_y2569_id_115da917-bf32-4e96-a2ae-b7818d0909ee,115da917-bf32-4e96-a2ae-b7818d0909ee,6,ely_y2569_id_d416c44a-1aed-4c6a-8bad-ff83e7fda4fa,488,0.6212208007128763,5,126135,78555,3068
2569,pv_65_z_5,pv_65,,,5,ely_y2569_id_013c219e-e197-416d-84ea-00ba9c35465e,013c219e-e197-416d-84ea-00ba9c35465e,37,ely_y2569_id_a52626f7-6190-4e8e-982c-41c5eaaa0248,31777,40.474583179427086,1,132621,81674,5425
2569,pv_65_z_5,pv_65,,,5,ely_y2569_id_2d8a1c84-0bc8-4377-965d-c020a0097c27,2d8a1c84-0bc8-4377-965d-c020a0097c27,9,ely_y2569_id_ab962fc1-46b0-40f5-9e19-b6abb12e397c,28058,35.73766733323993,2,132621,81674,5425
2569,pv_65_z_5,pv_65,,,5,ely_y2569_id_1116011c-1ef3-4cca-a186-c1b9f7984ede,1116011c-1ef3-4cca-a186-c1b9f7984ede,46,ely_y2569_id_2d33b6f9-5305-4e6d-a273-9f8c237ddc97,16088,20.49139611009922,3,132621,81674,5425
2569,pv_65_z_5,pv_65,,,5,ely_y2569_id_d7155f6d-736d-42c0-8bc0-00ee6e1970dc,d7155f6d-736d-42c0-8bc0-00ee6e1970dc,27,ely_y2569_id_27e0f80a-43b3-4ad4-8f6b-68075b4294e8,1532,1.9513189234629542,4,132621,81674,5425
2569,pv_65_z_5,pv_65,,,5,ely_y2569_id_fc22ff6d-da02-4cb6-86a7-b768c78bc19a,,15,ely_y2569_id_01882384-cfce-4116-b30b-237cb0a1a8b0,616,0.7846034313663054,5,132621,81674,5425
2569,pv_65_z_5,pv_65,,,5,ely_y2569_id_a62aca08-91b7-4f3f-ba8f-cb9e884a3799,a62aca08-91b7-4f3f-ba8f-cb9e884a3799,42,ely_y2569_id_e511b155-8209-4338-b05b-5c71cb5766ab,440,0.5604310224045038,6,132621,81674,5425
2569,pv_65_z_2,pv_65,,,2,ely_y2569_id_2d8a1c84-0bc8-4377-965d-c020a0097c27,2d8a1c84-0bc8-4377-965d-c020a0097c27,9,ely_y2569_id_c3e7cabc-7a2e-435a-b943-14358d5af310,38287,48.7738697308246,1,147454,80059,4897
2569,pv_65_z_2,pv_65,,,2,ely_y2569_id_1116011c-1ef3-4cca-a186-c1b9f7984ede,1116011c-1ef3-4cca-a186-c1b9f7984ede,46,ely_y2569_id_dff23a27-14b8-479f-a6fc-350df2d898fa,26672,33.97750289812609,2,147454,80059,4897
2569,pv_65_z_2,pv_65,,,2,ely_y2569_id_013c219e-e197-416d-84ea-00ba9c35465e,013c219e-e197-416d-84ea-00ba9c35465e,37,ely_y2569_id_db2f5f26-e930-41e7-a62e-fbc72a27c28b,6082,7.7478693996101855,3,147454,80059,4897
2569,pv_65_z_2,pv_65,,,2,ely_y2569_id_d7155f6d-736d-42c0-8bc0-00ee6e1970dc,d7155f6d-736d-42c0-8bc0-00ee6e1970dc,27,ely_y2569_id_d193753d-d47f-4ca5-a272-58d636e39900,4097,5.219174766557535,4,147454,80059,4897
2569,pv_65_z_2,pv_65,,,2,ely_y2569_id_0c044088-618b-49af-a291-fb28ffe9e0f8,0c044088-618b-49af-a291-fb28ffe9e0f8,11,ely_y2569_id_21b82fc4-e617-47e5-8930-1b830356ea90,1942,2.473916865182996,5,147454,80059,4897
2569,pv_65_z_2,pv_65,,,2,ely_y2569_id_03347cbc-6089-474c-a3f6-484ae981c9a6,03347cbc-6089-474c-a3f6-484ae981c9a6,43,ely_y2569_id_bd28cb93-3015-4a10-87df-b04215491ff7,985,1.2547930546885946,6,147454,80059,4897
2569,pv_65_z_2,pv_65,,,2,ely_y2569_id_7255d2d0-1f49-4fd8-adad-7acfea2d5126,7255d2d0-1f49-4fd8-adad-7acfea2d5126,56,ely_y2569_id_6fc9d278-dbe9-4f0b-bfa9-be0f70cd36c0,434,0.5528732850100001,7,147454,80059,4897
2569,pv_60_z_1,pv_60,,,1,ely_y2569_id_013c219e-e197-416d-84ea-00ba9c35465e,013c219e-e197-416d-84ea-00ba9c35465e,37,ely_y2569_id_2094185a-e7d4-4499-bf3d-5e6ba19c9758,44878,57.202946949804975,1,138721,79928,3539
2569,pv_60_z_1,pv_60,,,1,ely_y2569_id_1116011c-1ef3-4cca-a186-c1b9f7984ede,1116011c-1ef3-4cca-a186-c1b9f7984ede,46,ely_y2569_id_fb33b1b8-59e9-4e77-a15e-d5505757624b,24567,31.3138909424631,2,138721,79928,3539
2569,pv_60_z_1,pv_60,,,1,ely_y2569_id_2d8a1c84-0bc8-4377-965d-c020a0097c27,2d8a1c84-0bc8-4377-965d-c020a0097c27,9,ely_y2569_id_75595fa4-1690-45c4-a633-39151e2cbca4,3430,4.371988681265455,3,138721,79928,3539
2569,pv_60_z_1,pv_60,,,1,ely_y2569_id_d7155f6d-736d-42c0-8bc0-00ee6e1970dc,d7155f6d-736d-42c0-8bc0-00ee6e1970dc,27,ely_y2569_id_24667bcc-ef46-40e4-a113-44218f4a1db9,3382,4.310806332373111,4,138721,79928,3539
2569,pv_60_z_1,pv_60,,,1,ely_y2569_id_0c044088-618b-49af-a291-fb28ffe9e0f8,0c044088-618b-49af-a291-fb28ffe9e0f8,11,ely_y2569_id_27807d41-918d-43bf-b00a-d9674c08f19b,1577,2.0100950875672368,5,138721,79928,3539
2569,pv_60_z_1,pv_60,,,1,ely_y2569_id_a62aca08-91b7-4f3f-ba8f-cb9e884a3799,a62aca08-91b7-4f3f-ba8f-cb9e884a3799,42,ely_y2569_id_3a1d7dc1-cfc4-490c-902e-6e446ca1608a,620,0.7902720065261172,6,138721,79928,3539
2569,pv_46_z_4,pv_46,,,4,ely_y2569_id_2d8a1c84-0bc8-4377-965d-c020a0097c27,2d8a1c84-0bc8-4377-965d-c020a0097c27,9,ely_y2569_id_f642323b-75bf-4c63-940b-f44c0f52908d,34051,43.45789621461572,1,136372,78354,4515
2569,pv_46_z_4,pv_46,,,4,ely_y2569_id_03347cbc-6089-474c-a3f6-484ae981c9a6,03347cbc-6089-474c-a3f6-484ae981c9a6,43,ely_y2569_id_1534fb51-34d8-496e-a4b3-bad1a9f07178,24218,30.90844117722133,2,136372,78354,4515
2569,pv_46_z_4,pv_46,,,4,ely_y2569_id_1116011c-1ef3-4cca-a186-c1b9f7984ede,1116011c-1ef3-4cca-a186-c1b9f7984ede,46,ely_y2569_id_2689f9a4-c187-49eb-8610-90b452af60ba,10334,13.188860811190239,3,136372,78354,4515
2569,pv_46_z_4,pv_46,,,4,ely_y2569_id_a62aca08-91b7-4f3f-ba8f-cb9e884a3799,a62aca08-91b7-4f3f-ba8f-cb9e884a3799,42,ely_y2569_id_0e099981-219c-4a9b-a987-b28cff6dd31a,3569,4.554968476401971,4,136372,78354,4515
2569,pv_46_z_4,pv_46,,,4,ely_y2569_id_013c219e-e197-416d-84ea-00ba9c35465e,013c219e-e197-416d-84ea-00ba9c35465e,37,ely_y2569_id_cc7ebf5d-635c-49fd-abd6-c7c188bd90d8,3404,4.3443857365290866,5,136372,78354,4515
2569,pv_46_z_4,pv_46,,,4,ely_y2569_id_0c044088-618b-49af-a291-fb28ffe9e0f8,0c044088-618b-49af-a291-fb28ffe9e0f8,11,ely_y2569_id_cc9f0489-7cc4-4ec6-8743-66a5ce2c8e54,732,0.9342216096178881,6,136372,78354,4515
2569,pv_46_z_4,pv_46,,,4,ely_y2569_id_115da917-bf32-4e96-a2ae-b7818d0909ee,115da917-bf32-4e96-a2ae-b7818d0909ee,6,ely_y2569_id_0e4c7611-a3b9-4a6b-af5d-513aef2a2f80,585,0.7466115322765908,7,136372,78354,4515
2569,pv_46_z_4,pv_46,,,4,ely_y2569_id_bdd306a2-80c7-4d7b-a7ff-8dc1ec9fcc76,bdd306a2-80c7-4d7b-a7ff-8dc1ec9fcc76,10,ely_y2569_id_fd7c24a4-f826-460d-83ef-f5d5648928ee,519,0.6623784363274371,8,136372,78354,4515
2569,pv_46_z_4,pv_46,,,4,ely_y2569_id_d1964fe3-2dd0-43d5-a190-77fbfaf586b2,,8,ely_y2569_id_1b3906c8-bff6-4b1c-b86f-64b8f1f28f1b,412,0.5258187201674451,9,136372,78354,4515
2569,pv_46_z_4,pv_46,,,4,ely_y2569_id_d7155f6d-736d-42c0-8bc0-00ee6e1970dc,d7155f6d-736d-42c0-8bc0-00ee6e1970dc,27,ely_y2569_id_11cf91fc-2a17-4320-a209-484a479532aa,284,0.36245756438726806,10,136372,78354,4515
2569,pv_46_z_4,pv_46,,,4,ely_y2569_id_7ffe2115-72d1-4d71-9962-03ff61afc67c,,31,ely_y2569_id_785824b6-2046-4fc4-94bb-0a9f82a80383,156,0.1990964086070909,11,136372,78354,4515
2569,pv_46_z_4,pv_46,,,4,ely_y2569_id_7255d2d0-1f49-4fd8-adad-7acfea2d5126,7255d2d0-1f49-4fd8-adad-7acfea2d5126,56,ely_y2569_id_01428c55-9762-4207-8076-b78af9f1ce2d,90,0.11486331265793705,12,136372,78354,4515
2569,pv_30_z_12,pv_30,,,12,ely_y2569_id_2d8a1c84-0bc8-4377-965d-c020a0097c27,2d8a1c84-0bc8-4377-965d-c020a0097c27,9,ely_y2569_id_a4fc97e1-cee3-42e0-8990-a81018fcb9ae,44512,56.846568414599886,1,132505,81422,5551
2569,pv_30_z_12,pv_30,,,12,ely_y2569_id_013c219e-e197-416d-84ea-00ba9c35465e,013c219e-e197-416d-84ea-00ba9c35465e,37,ely_y2569_id_9c810b8d-f362-4211-94c6-a2a9e16a5aba,15296,19.53462235958213,2,132505,81422,5551
2569,pv_30_z_12,pv_30,,,12,ely_y2569_id_1116011c-1ef3-4cca-a186-c1b9f7984ede,1116011c-1ef3-4cca-a186-c1b9f7984ede,46,ely_y2569_id_26bdcf8d-aee8-4535-9c30-ea4e70f4db6c,13923,17.78115501519757,3,132505,81422,5551
2569,pv_30_z_12,pv_30,,,12,ely_y2569_id_0c044088-618b-49af-a291-fb28ffe9e0f8,0c044088-618b-49af-a291-fb28ffe9e0f8,11,ely_y2569_id_e4886140-8ca4-4e8a-80d9-2c9f9d683ac4,1347,1.720262573114352,4,132505,81422,5551
2569,pv_30_z_12,pv_30,,,12,ely_y2569_id_2ee17641-917b-4ea0-8c19-da383e03e915,2ee17641-917b-4ea0-8c19-da383e03e915,44,ely_y2569_id_f06e55d3-ad24-4d40-aee8-7c8111a13c17,1165,1.4878291742228806,5,132505,81422,5551
2569,pv_30_z_12,pv_30,,,12,ely_y2569_id_d7155f6d-736d-42c0-8bc0-00ee6e1970dc,d7155f6d-736d-42c0-8bc0-00ee6e1970dc,27,ely_y2569_id_c5ac7fb3-7b1f-4047-948a-a565fd4241a9,1082,1.381829327475671,6,132505,81422,5551
2569,pv_30_z_12,pv_30,,,12,ely_y2569_id_a62aca08-91b7-4f3f-ba8f-cb9e884a3799,a62aca08-91b7-4f3f-ba8f-cb9e884a3799,42,ely_y2569_id_450db5c1-6844-4e0a-8db1-0f1805aad62d,732,0.934842021915149,7,132505,81422,5551
2569,pv_30_z_12,pv_30,,,12,ely_y2569_id_54706125-9661-467d-a8af-78994d14b116,54706125-9661-467d-a8af-78994d14b116,35,ely_y2569_id_d08436d5-e79c-46ab-be45-074bc713fe7d,245,0.31289111389236546,8,132505,81422,5551
2569,pv_71_z_4,pv_71,,,4,ely_y2569_id_013c219e-e197-416d-84ea-00ba9c35465e,013c219e-e197-416d-84ea-00ba9c35465e,37,ely_y2569_id_3a292f1e-1221-4652-a1b0-9bc9a01a535a,49369,63.14463317302773,1,133796,78184,7163
2569,pv_71_z_4,pv_71,,,4,ely_y2569_id_1116011c-1ef3-4cca-a186-c1b9f7984ede,1116011c-1ef3-4cca-a186-c1b9f7984ede,46,ely_y2569_id_29ecfedf-6ee0-4159-9930-d9aefa211dd1,15683,20.059091374194207,2,133796,78184,7163
2569,pv_71_z_4,pv_71,,,4,ely_y2569_id_2d8a1c84-0bc8-4377-965d-c020a0097c27,2d8a1c84-0bc8-4377-965d-c020a0097c27,9,ely_y2569_id_2b0563fb-60c6-4732-9afc-b1689e71d72a,9389,12.008850915788397,3,133796,78184,7163
2569,pv_71_z_4,pv_71,,,4,ely_y2569_id_d7155f6d-736d-42c0-8bc0-00ee6e1970dc,d7155f6d-736d-42c0-8bc0-00ee6e1970dc,27,ely_y2569_id_c7af89f5-3647-4f4e-900e-d053813fa9b4,2153,2.753760360175995,4,133796,78184,7163
2569,pv_71_z_4,pv_71,,,4,ely_y2569_id_339fa187-133c-4766-a6c2-36d1b32cda8f,339fa187-133c-4766-a6c2-36d1b32cda8f,23,ely_y2569_id_963645d9-6021-46a2-90d2-dbc3808eb723,669,0.8556737951499027,5,133796,78184,7163
2569,pv_71_z_4,pv_71,,,4,ely_y2569_id_bd8d9f14-f757-41fb-8f37-d6128d9d012d,bd8d9f14-f757-41fb-8f37-d6128d9d012d,7,ely_y2569_id_1138bb7a-5364-49c7-84b3-99a0d99fb34b,540,0.6906783996725673,6,133796,78184,7163
2569,pv_71_z_4,pv_71,,,4,ely_y2569_id_7255d2d0-1f49-4fd8-adad-7acfea2d5126,7255d2d0-1f49-4fd8-adad-7acfea2d5126,56,ely_y2569_id_07d881b7-0e3f-42f1-8dc6-a3baa013b49a,381,0.48731198199120024,7,133796,78184,7163
2569,pv_92_z_3,pv_92,,,3,ely_y2569_id_d7155f6d-736d-42c0-8bc0-00ee6e1970dc,d7155f6d-736d-42c0-8bc0-00ee6e1970dc,27,ely_y2569_id_7c3cc393-9b6b-4895-900b-1a5ee7996193,42376,54.24544605025666,1,125342,84712,2650
2569,pv_92_z_3,pv_92,,,3,ely_y2569_id_013c219e-e197-416d-84ea-00ba9c35465e,013c219e-e197-416d-84ea-00ba9c35465e,37,ely_y2569_id_72859803-640d-4eca-9705-4e6515d14835,26574,34.017332531138386,2,125342,84712,2650
2569,pv_92_z_3,pv_92,,,3,ely_y2569_id_1116011c-1ef3-4cca-a186-c1b9f7984ede,1116011c-1ef3-4cca-a186-c1b9f7984ede,46,ely_y2569_id_0a012b4a-3155-4cf0-8d0f-1ce1d76fe328,6583,8.426887184935804,3,125342,84712,2650
2569,pv_92_z_3,pv_92,,,3,ely_y2569_id_a62aca08-91b7-4f3f-ba8f-cb9e884a3799,a62aca08-91b7-4f3f-ba8f-cb9e884a3799,42,ely_y2569_id_4b99f843-696b-49a9-a08b-ef92cabe6e0d,1109,1.4196290275093126,4,125342,84712,2650
2569,pv_92_z_3,pv_92,,,3,ely_y2569_id_2d8a1c84-0bc8-4377-965d-c020a0097c27,2d8a1c84-0bc8-4377-965d-c020a0097c27,9,ely_y2569_id_b2fbcbcc-35d0-46ec-978f-91829c19f0af,721,0.9229508826277858,5,125342,84712,2650
2569,pv_92_z_3,pv_92,,,3,ely_y2569_id_115da917-bf32-4e96-a2ae-b7818d0909ee,115da917-bf32-4e96-a2ae-b7818d0909ee,6,ely_y2569_id_6d8ac577-0643-4550-8873-1b2ad1751697,474,0.606766599674855,6,125342,84712,2650
2569,pv_92_z_3,pv_92,,,3,ely_y2569_id_b6a2dc38-6f7d-4865-a6e0-a1b60a2edf32,,30,ely_y2569_id_38a4b9a6-1c1b-4066-bba1-a28753827cd2,282,0.36098772385719224,7,125342,84712,2650
2569,pv_56_z_3,pv_56,,,3,ely_y2569_id_a62aca08-91b7-4f3f-ba8f-cb9e884a3799,a62aca08-91b7-4f3f-ba8f-cb9e884a3799,42,ely_y2569_id_69578bd5-c079-4e27-a133-ea6669fb70d5,55450,70.98236001945774,1,130330,78118,4841
2569,pv_56_z_3,pv_56,,,3,ely_y2569_id_1116011c-1ef3-4cca-a186-c1b9f7984ede,1116011c-1ef3-4cca-a186-c1b9f7984ede,46,ely_y2569_id_f905695e-690c-4dc3-81a2-78a586a7a708,11442,14.647072377685042,2,130330,78118,4841
2569,pv_56_z_3,pv_56,,,3,ely_y2569_id_2d8a1c84-0bc8-4377-965d-c020a0097c27,2d8a1c84-0bc8-4377-965d-c020a0097c27,9,ely_y2569_id_081598d5-274d-4813-9d3e-e47035b64e1c,9947,12.733300903760977,3,130330,78118,4841
2569,pv_56_z_3,pv_56,,,3,ely_y2569_id_013c219e-e197-416d-84ea-00ba9c35465e,013c219e-e197-416d-84ea-00ba9c35465e,37,ely_y2569_id_724e2377-adce-416f-87b6-9fe040f4abd4,703,0.8999206328887068,4,130330,78118,4841
2569,pv_56_z_3,pv_56,,,3,ely_y2569_id_d7155f6d-736d-42c0-8bc0-00ee6e1970dc,d7155f6d-736d-42c0-8bc0-00ee6e1970dc,27,ely_y2569_id_d5cd0643-5ea7-49ef-a896-f494e7fd1b4f,576,0.7373460662075322,5,130330,78118,4841
2569,pv_30_z_6,pv_30,,,6,ely_y2569_id_2d8a1c84-0bc8-4377-965d-c020a0097c27,2d8a1c84-0bc8-4377-965d-c020a0097c27,9,ely_y2569_id_3ed6a7ae-e198-4290-850a-673e2e623bd9,26753,34.25874940774225,1,133507,78091,4584
2569,pv_30_z_6,pv_30,,,6,ely_y2569_id_013c219e-e197-416d-84ea-00ba9c35465e,013c219e-e197-416d-84ea-00ba9c35465e,37,ely_y2569_id_c3391286-b4f1-43e4-9a85-f44df48e88f6,18142,23.231870510045972,2,133507,78091,4584
2569,pv_30_z_6,pv_30,,,6,ely_y2569_id_a62aca08-91b7-4f3f-ba8f-cb9e884a3799,a62aca08-91b7-4f3f-ba8f-cb9e884a3799,42,ely_y2569_id_6a97fc82-2615-4419-a039-7186f615549f,16522,21.15736768641713,3,133507,78091,4584
2569,pv_30_z_6,pv_30,,,6,ely_y2569_id_1116011c-1ef3-4cca-a186-c1b9f7984ede,1116011c-1ef3-4cca-a186-c1b9f7984ede,46,ely_y2569_id_c06b5009-b223-4ec1-8b67-d2eabc601a2b,11274,14.437002983698505,4,133507,78091,4584
2569,pv_30_z_6,pv_30,,,6,ely_y2569_id_03347cbc-6089-474c-a3f6-484ae981c9a6,03347cbc-6089-474c-a3f6-484ae981c9a6,43,ely_y2569_id_72f4e255-5e4c-417f-9917-56c383b80943,2000,2.561114597072646,5,133507,78091,4584
2569,pv_30_z_6,pv_30,,,6,ely_y2569_id_115da917-bf32-4e96-a2ae-b7818d0909ee,115da917-bf32-4e96-a2ae-b7818d0909ee,6,ely_y2569_id_1c70cecd-f90d-4fa1-b373-4bd30043e9d8,813,1.0410930837100307,6,133507,78091,4584
2569,pv_30_z_6,pv_30,,,6,ely_y2569_id_339fa187-133c-4766-a6c2-36d1b32cda8f,339fa187-133c-4766-a6c2-36d1b32cda8f,23,ely_y2569_id_1397f186-50ee-4da3-a35f-183426b1b947,691,0.8848650932885992,7,133507,78091,4584
2569,pv_30_z_6,pv_30,,,6,ely_y2569_id_0c044088-618b-49af-a291-fb28ffe9e0f8,0c044088-618b-49af-a291-fb28ffe9e0f8,11,ely_y2569_id_cdffefa9-9e74-45b7-96b9-adda35d66a17,603,0.7721760510174027,8,133507,78091,4584
2569,pv_30_z_6,pv_30,,,6,ely_y2569_id_7255d2d0-1f49-4fd8-adad-7acfea2d5126,7255d2d0-1f49-4fd8-adad-7acfea2d5126,56,ely_y2569_id_8b1cc275-f505-417f-88d6-2d5c9816f982,438,0.5608840967589095,9,133507,78091,4584
2569,pv_30_z_6,pv_30,,,6,ely_y2569_id_d7155f6d-736d-42c0-8bc0-00ee6e1970dc,d7155f6d-736d-42c0-8bc0-00ee6e1970dc,27,ely_y2569_id_e6c3d447-0f37-4457-bd19-03341ecbb03c,426,0.5455174091764736,10,133507,78091,4584
2569,pv_30_z_6,pv_30,,,6,ely_y2569_id_54c9efd2-2cd9-487a-91f7-1251aae30c2d,54c9efd2-2cd9-487a-91f7-1251aae30c2d,36,ely_y2569_id_f58213c0-b72c-4046-be2f-0bc5c0003a1c,354,0.45331728368185836,11,133507,78091,4584
2569,pv_30_z_6,pv_30,,,6,ely_y2569_id_965b4b93-c01e-4a2b-a987-577f2b99ebb4,965b4b93-c01e-4a2b-a987-577f2b99ebb4,49,ely_y2569_id_f6bb904d-22ae-4f36-a3c3-179d54ca1c2a,75,0.09604179739022423,12,133507,78091,4584
2569,pv_30_z_16,pv_30,,,16,ely_y2569_id_013c219e-e197-416d-84ea-00ba9c35465e,013c219e-e197-416d-84ea-00ba9c35465e,37,ely_y2569_id_582ec4dc-78e2-4a52-ac88-a54a76863083,29821,38.27032160365494,1,136001,77922,4954
2569,pv_30_z_16,pv_30,,,16,ely_y2569_id_2d8a1c84-0bc8-4377-965d-c020a0097c27,2d8a1c84-0bc8-4377-965d-c020a0097c27,9,ely_y2569_id_223d723d-fe17-498a-8960-2c8e1d8216d1,28972,37.18077051410384,2,136001,77922,4954
2569,pv_30_z_16,pv_30,,,16,ely_y2569_id_1116011c-1ef3-4cca-a186-c1b9f7984ede,1116011c-1ef3-4cca-a186-c1b9f7984ede,46,ely_y2569_id_a9c50e03-aa87-458f-83cc-1c2ecf6d154f,14015,17.98593465260132,3,136001,77922,4954
2569,pv_30_z_16,pv_30,,,16,ely_y2569_id_a62aca08-91b7-4f3f-ba8f-cb9e884a3799,a62aca08-91b7-4f3f-ba8f-cb9e884a3799,42,ely_y2569_id_30e4b5a0-c31a-4ac7-885c-faab8208e01a,1108,1.4219347552680885,4,136001,77922,4954
2569,pv_30_z_16,pv_30,,,16,ely_y2569_id_03347cbc-6089-474c-a3f6-484ae981c9a6,03347cbc-6089-474c-a3f6-484ae981c9a6,43,ely_y2569_id_b9ec87e1-a90f-445e-88d8-76a41d908d34,1010,1.2961679628346294,5,136001,77922,4954
2569,pv_30_z_16,pv_30,,,16,ely_y2569_id_0c044088-618b-49af-a291-fb28ffe9e0f8,0c044088-618b-49af-a291-fb28ffe9e0f8,11,ely_y2569_id_0f32df19-71ac-47c4-8e88-91247711681f,918,1.178101178101178,6,136001,77922,4954
2569,pv_30_z_16,pv_30,,,16,ely_y2569_id_7255d2d0-1f49-4fd8-adad-7acfea2d5126,7255d2d0-1f49-4fd8-adad-7acfea2d5126,56,ely_y2569_id_c926673b-0be4-4366-a78b-f4defd1ce3a4,845,1.0844177510844177,7,136001,77922,4954
2569,pv_30_z_16,pv_30,,,16,ely_y2569_id_d7155f6d-736d-42c0-8bc0-00ee6e1970dc,d7155f6d-736d-42c0-8bc0-00ee6e1970dc,27,ely_y2569_id_80975c6f-67f1-4929-a5c0-e486afb4efc5,562,0.7212340545673879,8,136001,77922,4954
2569,pv_30_z_16,pv_30,,,16,ely_y2569_id_cb222672-cb24-4115-8454-75d3a2e14c91,,40,ely_y2569_id_d7a88fa2-d28a-4283-b36b-ec5644e6ed7e,416,0.5338672005338673,9,136001,77922,4954
2569,pv_30_z_16,pv_30,,,16,ely_y2569_id_f9cadd57-8256-49aa-9386-0da392b19fc2,f9cadd57-8256-49aa-9386-0da392b19fc2,29,ely_y2569_id_a8ca2d5b-39a4-4961-8b28-29a41a6d13db,255,0.32725032725032727,10,136001,77922,4954
2569,pv_40_z_3,pv_40,,,3,ely_y2569_id_a62aca08-91b7-4f3f-ba8f-cb9e884a3799,a62aca08-91b7-4f3f-ba8f-cb9e884a3799,42,ely_y2569_id_466aa39d-8ace-46c1-a76b-fba07dd14af1,27524,35.37516386911035,1,132197,77806,4166
2569,pv_40_z_3,pv_40,,,3,ely_y2569_id_1116011c-1ef3-4cca-a186-c1b9f7984ede,1116011c-1ef3-4cca-a186-c1b9f7984ede,46,ely_y2569_id_9cf87778-c2aa-4b80-8435-ea0e5e6287ca,26913,34.58987738734802,2,132197,77806,4166
2569,pv_40_z_3,pv_40,,,3,ely_y2569_id_2d8a1c84-0bc8-4377-965d-c020a0097c27,2d8a1c84-0bc8-4377-965d-c020a0097c27,9,ely_y2569_id_a4cf1688-f1ec-4db7-8c33-610e5842dfc7,19801,25.449194149551445,3,132197,77806,4166
2569,pv_40_z_3,pv_40,,,3,ely_y2569_id_0c044088-618b-49af-a291-fb28ffe9e0f8,0c044088-618b-49af-a291-fb28ffe9e0f8,11,ely_y2569_id_8a90cb09-d38c-4c2b-b772-130fb176cf9a,1077,1.3842120144975967,4,132197,77806,4166
2569,pv_40_z_3,pv_40,,,3,ely_y2569_id_013c219e-e197-416d-84ea-00ba9c35465e,013c219e-e197-416d-84ea-00ba9c35465e,37,ely_y2569_id_449af8e6-4cf4-4637-a26a-47192a49a6f8,947,1.2171297843353983,5,132197,77806,4166
2569,pv_40_z_3,pv_40,,,3,ely_y2569_id_965b4b93-c01e-4a2b-a987-577f2b99ebb4,965b4b93-c01e-4a2b-a987-577f2b99ebb4,49,ely_y2569_id_2aff1dbf-6bf3-4f9f-b31e-a8b8c3ec62c1,637,0.8187029277947715,6,132197,77806,4166
2569,pv_40_z_3,pv_40,,,3,ely_y2569_id_115da917-bf32-4e96-a2ae-b7818d0909ee,115da917-bf32-4e96-a2ae-b7818d0909ee,6,ely_y2569_id_8d036201-cca7-4ec6-b85d-d395535e6cce,464,0.5963550368866154,7,132197,77806,4166
2569,pv_40_z_3,pv_40,,,3,ely_y2569_id_d7155f6d-736d-42c0-8bc0-00ee6e1970dc,d7155f6d-736d-42c0-8bc0-00ee6e1970dc,27,ely_y2569_id_3eae9d4b-5baa-43d7-988d-b80986f0a41c,443,0.5693648304757988,8,132197,77806,4166
2569,pv_63_z_3,pv_63,,,3,ely_y2569_id_a62aca08-91b7-4f3f-ba8f-cb9e884a3799,a62aca08-91b7-4f3f-ba8f-cb9e884a3799,42,ely_y2569_id_b8b88b25-2d63-41db-9b53-0959834d9436,28767,36.97890555705526,1,134880,78571,6870
2569,pv_63_z_3,pv_63,,,3,ely_y2569_id_013c219e-e197-416d-84ea-00ba9c35465e,013c219e-e197-416d-84ea-00ba9c35465e,37,ely_y2569_id_96c0f03f-9afe-4b88-9720-3781c889b303,17467,22.453177021068736,2,134880,78571,6870
2569,pv_63_z_3,pv_63,,,3,ely_y2569_id_2d8a1c84-0bc8-4377-965d-c020a0097c27,2d8a1c84-0bc8-4377-965d-c020a0097c27,9,ely_y2569_id_2b3e3304-6f87-4ec6-89c3-0c9052664200,15948,20.5005591762755,3,134880,78571,6870
2569,pv_63_z_3,pv_63,,,3,ely_y2569_id_1116011c-1ef3-4cca-a186-c1b9f7984ede,1116011c-1ef3-4cca-a186-c1b9f7984ede,46,ely_y2569_id_180179cb-f4eb-4e35-85a4-e6475ac13f25,11840,15.219878395228362,4,134880,78571,6870
2569,pv_63_z_3,pv_63,,,3,ely_y2569_id_d7155f6d-736d-42c0-8bc0-00ee6e1970dc,d7155f6d-736d-42c0-8bc0-00ee6e1970dc,27,ely_y2569_id_f747dbca-2abd-4bda-9d04-8fcc98a49775,1319,1.6955253043332947,5,134880,78571,6870
2569,pv_63_z_3,pv_63,,,3,ely_y2569_id_0c044088-618b-49af-a291-fb28ffe9e0f8,0c044088-618b-49af-a291-fb28ffe9e0f8,11,ely_y2569_id_addd383c-0179-4a49-8856-ec101c16adeb,1222,1.5708354222102248,6,134880,78571,6870
2569,pv_63_z_3,pv_63,,,3,ely_y2569_id_115da917-bf32-4e96-a2ae-b7818d0909ee,115da917-bf32-4e96-a2ae-b7818d0909ee,6,ely_y2569_id_606316a7-1cc0-43f0-926a-b31ef5b1d28a,758,0.974380728343167,7,134880,78571,6870
2569,pv_63_z_3,pv_63,,,3,ely_y2569_id_e9f5dc95-0d5c-46bc-8e2c-be791faa2b27,e9f5dc95-0d5c-46bc-8e2c-be791faa2b27,5,ely_y2569_id_03f7fa47-02e3-4c0a-9d90-9159a669553e,472,0.6067383954854549,8,134880,78571,6870
2569,pv_50_z_10,pv_50,,,10,ely_y2569_id_a62aca08-91b7-4f3f-ba8f-cb9e884a3799,a62aca08-91b7-4f3f-ba8f-cb9e884a3799,42,ely_y2569_id_d6923265-7c52-4a01-a3dc-f462e4e85e41,32218,41.44007408741286,1,121915,80609,9247
2569,pv_50_z_10,pv_50,,,10,ely_y2569_id_2d8a1c84-0bc8-4377-965d-c020a0097c27,2d8a1c84-0bc8-4377-965d-c020a0097c27,9,ely_y2569_id_33014bfc-8ee4-496f-ab58-4dc0416c46b6,29980,38.561469400355,2,121915,80609,9247
2569,pv_50_z_10,pv_50,,,10,ely_y2569_id_1116011c-1ef3-4cca-a186-c1b9f7984ede,1116011c-1ef3-4cca-a186-c1b9f7984ede,46,ely_y2569_id_3c396aa9-48cb-4c5a-a64d-a6037718b313,12635,16.25163995575335,3,121915,80609,9247
2569,pv_50_z_10,pv_50,,,10,ely_y2569_id_013c219e-e197-416d-84ea-00ba9c35465e,013c219e-e197-416d-84ea-00ba9c35465e,37,ely_y2569_id_0907539f-b2af-4559-9a50-c51ad48f0473,1239,1.5936511203148713,4,121915,80609,9247
2569,pv_50_z_10,pv_50,,,10,ely_y2569_id_d7155f6d-736d-42c0-8bc0-00ee6e1970dc,d7155f6d-736d-42c0-8bc0-00ee6e1970dc,27,ely_y2569_id_e1aeef4c-ba6b-48e6-aad5-2df6b5204420,921,1.18462686183212,5,121915,80609,9247
2569,pv_50_z_10,pv_50,,,10,ely_y2569_id_03347cbc-6089-474c-a3f6-484ae981c9a6,03347cbc-6089-474c-a3f6-484ae981c9a6,43,ely_y2569_id_1c0132cd-ef7b-470e-ae49-27ad5d63e2eb,753,0.9685385743317985,6,121915,80609,9247
2569,pv_20_z_10,pv_20,,,10,ely_y2569_id_1116011c-1ef3-4cca-a186-c1b9f7984ede,1116011c-1ef3-4cca-a186-c1b9f7984ede,46,ely_y2569_id_0720ad35-d717-4c9b-aea5-19d467106dac,25552,32.86726779259869,1,134689,77743,2585
2569,pv_20_z_10,pv_20,,,10,ely_y2569_id_013c219e-e197-416d-84ea-00ba9c35465e,013c219e-e197-416d-84ea-00ba9c35465e,37,ely_y2569_id_29389bd1-3bc6-43b5-a296-b3ec3a6f7895,22072,28.390980538440758,2,134689,77743,2585
2569,pv_20_z_10,pv_20,,,10,ely_y2569_id_a62aca08-91b7-4f3f-ba8f-cb9e884a3799,a62aca08-91b7-4f3f-ba8f-cb9e884a3799,42,ely_y2569_id_855e1b6c-71ef-4f94-91d4-b6c6be4c6cf5,21865,28.124718624184812,3,134689,77743,2585
2569,pv_20_z_10,pv_20,,,10,ely_y2569_id_2d8a1c84-0bc8-4377-965d-c020a0097c27,2d8a1c84-0bc8-4377-965d-c020a0097c27,9,ely_y2569_id_7d2d0081-e47a-4137-ae2b-42fb4b2558d7,3173,4.081396395816986,4,134689,77743,2585
2569,pv_20_z_10,pv_20,,,10,ely_y2569_id_d7155f6d-736d-42c0-8bc0-00ee6e1970dc,d7155f6d-736d-42c0-8bc0-00ee6e1970dc,27,ely_y2569_id_b9f6ad26-af45-4f33-bf28-efc8e0ba4e26,1745,2.244575074283215,5,134689,77743,2585
2569,pv_20_z_10,pv_20,,,10,ely_y2569_id_0c044088-618b-49af-a291-fb28ffe9e0f8,0c044088-618b-49af-a291-fb28ffe9e0f8,11,ely_y2569_id_e549d830-e431-4b38-beb4-4030671dc21b,1250,1.607861801062475,6,134689,77743,2585
2569,pv_20_z_10,pv_20,,,10,ely_y2569_id_115da917-bf32-4e96-a2ae-b7818d0909ee,115da917-bf32-4e96-a2ae-b7818d0909ee,6,ely_y2569_id_2480fd5d-b61e-403c-b317-2ca1612670fc,1054,1.3557490706558788,7,134689,77743,2585
2569,pv_20_z_10,pv_20,,,10,ely_y2569_id_cb1b6cf2-41fa-49b1-a060-01acf13edc81,cb1b6cf2-41fa-49b1-a060-01acf13edc81,48,ely_y2569_id_401554f0-d8c6-45b0-b71c-782d5f32624f,399,0.513229486899142,8,134689,77743,2585
2569,pv_20_z_10,pv_20,,,10,ely_y2569_id_03347cbc-6089-474c-a3f6-484ae981c9a6,03347cbc-6089-474c-a3f6-484ae981c9a6,43,ely_y2569_id_927cee5f-cad0-4701-bec1-8947f9e7c3d0,321,0.4128989105128436,9,134689,77743,2585
2569,pv_20_z_10,pv_20,,,10,ely_y2569_id_339fa187-133c-4766-a6c2-36d1b32cda8f,339fa187-133c-4766-a6c2-36d1b32cda8f,23,ely_y2569_id_f24cd843-de6b-4bd4-ab12-54f9763437c8,312,0.40132230554519377,10,134689,77743,2585
2569,pv_30_z_11,pv_30,,,11,ely_y2569_id_2d8a1c84-0bc8-4377-965d-c020a0097c27,2d8a1c84-0bc8-4377-965d-c020a0097c27,9,ely_y2569_id_7d13bcfa-0362-4af9-bf68-82922b6d172d,49937,64.31285175216041,1,132460,77647,5001
2569,pv_30_z_11,pv_30,,,11,ely_y2569_id_1116011c-1ef3-4cca-a186-c1b9f7984ede,1116011c-1ef3-4cca-a186-c1b9f7984ede,46,ely_y2569_id_56ef715c-23ba-4a8c-857b-637439a7d6d7,13223,17.029634113359176,2,132460,77647,5001
2569,pv_30_z_11,pv_30,,,11,ely_y2569_id_013c219e-e197-416d-84ea-00ba9c35465e,013c219e-e197-416d-84ea-00ba9c35465e,37,ely_y2569_id_939f9513-53ea-4660-94cd-b3f4c430f706,7053,9.083415972284827,3,132460,77647,5001
2569,pv_30_z_11,pv_30,,,11,ely_y2569_id_0c044088-618b-49af-a291-fb28ffe9e0f8,0c044088-618b-49af-a291-fb28ffe9e0f8,11,ely_y2569_id_5d96261d-a9de-4c45-9ce5-b6da06d48c79,2907,3.7438664726261157,4,132460,77647,5001
2569,pv_30_z_11,pv_30,,,11,ely_y2569_id_a62aca08-91b7-4f3f-ba8f-cb9e884a3799,a62aca08-91b7-4f3f-ba8f-cb9e884a3799,42,ely_y2569_id_def0954c-347c-45ad-aa48-8a2a98f1f9d7,2461,3.169472098084923,5,132460,77647,5001
2569,pv_30_z_11,pv_30,,,11,ely_y2569_id_d7155f6d-736d-42c0-8bc0-00ee6e1970dc,d7155f6d-736d-42c0-8bc0-00ee6e1970dc,27,ely_y2569_id_8ed4caa2-2a71-463f-a981-eaddaee7349d,1081,1.3921980243924428,6,132460,77647,5001
2569,pv_30_z_11,pv_30,,,11,ely_y2569_id_bdd306a2-80c7-4d7b-a7ff-8dc1ec9fcc76,bdd306a2-80c7-4d7b-a7ff-8dc1ec9fcc76,10,ely_y2569_id_c89da1e7-7738-45ff-b033-21a21528c780,478,0.6156065269746417,7,132460,77647,5001
2569,pv_30_z_11,pv_30,,,11,ely_y2569_id_965b4b93-c01e-4a2b-a987-577f2b99ebb4,965b4b93-c01e-4a2b-a987-577f2b99ebb4,49,ely_y2569_id_bb034c8c-1201-4622-98c5-a7be0ded75e4,399,0.5138640256545649,8,132460,77647,5001
2569,pv_30_z_11,pv_30,,,11,ely_y2569_id_7255d2d0-1f49-4fd8-adad-7acfea2d5126,7255d2d0-1f49-4fd8-adad-7acfea2d5126,56,ely_y2569_id_aa793fd8-0e5e-442b-b037-aea3d0e18dcb,108,0.13909101446288974,9,132460,77647,5001
2569,pv_40_z_10,pv_40,,,10,ely_y2569_id_013c219e-e197-416d-84ea-00ba9c35465e,013c219e-e197-416d-84ea-00ba9c35465e,37,ely_y2569_id_5145f352-4b37-424e-bdbd-6638f0e35919,36642,47.211163078350275,1,135705,78600,4228
2569,pv_40_z_10,pv_40,,,10,ely_y2569_id_2d8a1c84-0bc8-4377-965d-c020a0097c27,2d8a1c84-0bc8-4377-965d-c020a0097c27,9,ely_y2569_id_11c5963f-5212-4b62-8bd4-d557725ef67c,29951,38.5901846340175,2,135705,78600,4228
2569,pv_40_z_10,pv_40,,,10,ely_y2569_id_1116011c-1ef3-4cca-a186-c1b9f7984ede,1116011c-1ef3-4cca-a186-c1b9f7984ede,46,ely_y2569_id_90749ebe-892a-4186-a79b-6495304458e3,9715,12.517232937781042,3,135705,78600,4228
2569,pv_40_z_10,pv_40,,,10,ely_y2569_id_965b4b93-c01e-4a2b-a987-577f2b99ebb4,965b4b93-c01e-4a2b-a987-577f2b99ebb4,49,ely_y2569_id_18688efe-28e1-4e86-bce2-6b6d2102f66d,553,0.7125095022741035,4,135705,78600,4228
2569,pv_40_z_10,pv_40,,,10,ely_y2569_id_d7155f6d-736d-42c0-8bc0-00ee6e1970dc,d7155f6d-736d-42c0-8bc0-00ee6e1970dc,27,ely_y2569_id_0f0594d5-487b-47dd-bf9e-66ae859331fa,450,0.5797997758107534,5,135705,78600,4228
2569,pv_40_z_10,pv_40,,,10,ely_y2569_id_a62aca08-91b7-4f3f-ba8f-cb9e884a3799,a62aca08-91b7-4f3f-ba8f-cb9e884a3799,42,ely_y2569_id_3b51d04b-84cd-4dc6-885e-7c03404e22b6,302,0.3891100717663278,6,135705,78600,4228
2569,pv_25_z_3,pv_25,,,3,ely_y2569_id_013c219e-e197-416d-84ea-00ba9c35465e,013c219e-e197-416d-84ea-00ba9c35465e,37,ely_y2569_id_5be30676-579e-4b6a-9487-38565b775e60,42918,55.330230639318266,1,129130,77567,4879
2569,pv_25_z_3,pv_25,,,3,ely_y2569_id_1116011c-1ef3-4cca-a186-c1b9f7984ede,1116011c-1ef3-4cca-a186-c1b9f7984ede,46,ely_y2569_id_a475e287-4ca3-4362-979c-19ed110a6b97,21562,27.79790374772777,2,129130,77567,4879
2569,pv_25_z_3,pv_25,,,3,ely_y2569_id_2d8a1c84-0bc8-4377-965d-c020a0097c27,2d8a1c84-0bc8-4377-965d-c020a0097c27,9,ely_y2569_id_f54f6892-b022-4cd2-8b0c-b508037ced94,9651,12.442146789227378,3,129130,77567,4879
2569,pv_25_z_3,pv_25,,,3,ely_y2569_id_d7155f6d-736d-42c0-8bc0-00ee6e1970dc,d7155f6d-736d-42c0-8bc0-00ee6e1970dc,27,ely_y2569_id_27bc4e52-20a8-4037-be99-fd2d0d714f0c,2464,3.1766086093312875,4,129130,77567,4879
2569,pv_25_z_3,pv_25,,,3,ely_y2569_id_f9cadd57-8256-49aa-9386-0da392b19fc2,f9cadd57-8256-49aa-9386-0da392b19fc2,29,ely_y2569_id_d715270c-58a1-4a63-98f8-9d3cf8a33d80,972,1.253110214395297,5,129130,77567,4879
2569,pv_45_z_8,pv_45,,,8,ely_y2569_id_2d8a1c84-0bc8-4377-965d-c020a0097c27,2d8a1c84-0bc8-4377-965d-c020a0097c27,9,ely_y2569_id_510c1a64-c06d-42be-bad0-c0b034742ed8,24500,31.596595305648695,1,131264,77540,2867
2569,pv_45_z_8,pv_45,,,8,ely_y2569_id_013c219e-e197-416d-84ea-00ba9c35465e,013c219e-e197-416d-84ea-00ba9c35465e,37,ely_y2569_id_627ca8d0-84ec-4de4-8506-009a97448d8e,22137,28.549135929842663,2,131264,77540,2867
2569,pv_45_z_8,pv_45,,,8,ely_y2569_id_cb1b6cf2-41fa-49b1-a060-01acf13edc81,cb1b6cf2-41fa-49b1-a060-01acf13edc81,48,ely_y2569_id_8ca17ea3-7702-4ae2-badf-73de837ee6b8,18532,23.899922620582924,3,131264,77540,2867
2569,pv_45_z_8,pv_45,,,8,ely_y2569_id_1116011c-1ef3-4cca-a186-c1b9f7984ede,1116011c-1ef3-4cca-a186-c1b9f7984ede,46,ely_y2569_id_5bc175a3-0571-4da6-a49a-70bbd4f977cf,10462,13.492391023987619,4,131264,77540,2867
2569,pv_45_z_8,pv_45,,,8,ely_y2569_id_0c044088-618b-49af-a291-fb28ffe9e0f8,0c044088-618b-49af-a291-fb28ffe9e0f8,11,ely_y2569_id_c3f9ee89-948b-4bd7-9459-edfd5e8aa706,636,0.8202218209956152,5,131264,77540,2867
2569,pv_45_z_8,pv_45,,,8,ely_y2569_id_115da917-bf32-4e96-a2ae-b7818d0909ee,115da917-bf32-4e96-a2ae-b7818d0909ee,6,ely_y2569_id_67ac3565-f0a9-41c1-a218-10e7d69b8842,359,0.46298684549909724,6,131264,77540,2867
2569,pv_45_z_8,pv_45,,,8,ely_y2569_id_03347cbc-6089-474c-a3f6-484ae981c9a6,03347cbc-6089-474c-a3f6-484ae981c9a6,43,ely_y2569_id_259c3e37-7e73-4187-8841-c70e9274f95d,272,0.3507866907402631,7,131264,77540,2867
2569,pv_45_z_8,pv_45,,,8,ely_y2569_id_bd8d9f14-f757-41fb-8f37-d6128d9d012d,bd8d9f14-f757-41fb-8f37-d6128d9d012d,7,ely_y2569_id_e66d0584-9d6e-487a-9760-c93e577ac117,235,0.3030693835439773,8,131264,77540,2867
2569,pv_45_z_8,pv_45,,,8,ely_y2569_id_d7155f6d-736d-42c0-8bc0-00ee6e1970dc,d7155f6d-736d-42c0-8bc0-00ee6e1970dc,27,ely_y2569_id_4b1ef162-61e1-4f14-a910-ec9967902265,233,0.30049006964147534,9,131264,77540,2867
2569,pv_45_z_8,pv_45,,,8,ely_y2569_id_bcdcd19b-d619-47dd-8535-fafb6bc6f4d8,bcdcd19b-d619-47dd-8535-fafb6bc6f4d8,12,ely_y2569_id_54ed14f2-55e4-4ff3-b66d-134244f72974,174,0.2244003095176683,10,131264,77540,2867
2569,pv_40_z_5,pv_40,,,5,ely_y2569_id_a62aca08-91b7-4f3f-ba8f-cb9e884a3799,a62aca08-91b7-4f3f-ba8f-cb9e884a3799,42,ely_y2569_id_e0cb9985-d66a-47f8-9378-bcc2e39ab101,34658,44.75869461340772,1,131801,77433,4691
2569,pv_40_z_5,pv_40,,,5,ely_y2569_id_2d8a1c84-0bc8-4377-965d-c020a0097c27,2d8a1c84-0bc8-4377-965d-c020a0097c27,9,ely_y2569_id_bed90043-9c9d-4592-859a-f8b3f33be663,30322,39.159014890292255,2,131801,77433,4691
2569,pv_40_z_5,pv_40,,,5,ely_y2569_id_1116011c-1ef3-4cca-a186-c1b9f7984ede,1116011c-1ef3-4cca-a186-c1b9f7984ede,46,ely_y2569_id_b4af8ba7-675e-4610-9c20-a0dc969eeadb,8556,11.04955251636899,3,131801,77433,4691
2569,pv_40_z_5,pv_40,,,5,ely_y2569_id_013c219e-e197-416d-84ea-00ba9c35465e,013c219e-e197-416d-84ea-00ba9c35465e,37,ely_y2569_id_2f8f5047-07fa-4b15-a87a-e738fd104bf6,1547,1.9978562111761138,4,131801,77433,4691
2569,pv_40_z_5,pv_40,,,5,ely_y2569_id_965b4b93-c01e-4a2b-a987-577f2b99ebb4,965b4b93-c01e-4a2b-a987-577f2b99ebb4,49,ely_y2569_id_2017876a-7405-4ee5-9de3-16921c20c75f,1001,1.292730489584544,5,131801,77433,4691
2569,pv_40_z_5,pv_40,,,5,ely_y2569_id_0c044088-618b-49af-a291-fb28ffe9e0f8,0c044088-618b-49af-a291-fb28ffe9e0f8,11,ely_y2569_id_f3e758ed-2a47-4d62-8152-e1a1255bd210,598,0.772280552219338,6,131801,77433,4691
2569,pv_40_z_5,pv_40,,,5,ely_y2569_id_d7155f6d-736d-42c0-8bc0-00ee6e1970dc,d7155f6d-736d-42c0-8bc0-00ee6e1970dc,27,ely_y2569_id_798e7b50-1dc6-41e9-9925-e28ac2bc6f13,394,0.5088269859103999,7,131801,77433,4691
2569,pv_40_z_5,pv_40,,,5,ely_y2569_id_115da917-bf32-4e96-a2ae-b7818d0909ee,115da917-bf32-4e96-a2ae-b7818d0909ee,6,ely_y2569_id_41f4a6e6-cb7e-427b-ab32-14f4ed00ac2c,191,0.2466648586519959,8,131801,77433,4691
2569,pv_40_z_5,pv_40,,,5,ely_y2569_id_bdd306a2-80c7-4d7b-a7ff-8dc1ec9fcc76,bdd306a2-80c7-4d7b-a7ff-8dc1ec9fcc76,10,ely_y2569_id_a954a634-4e5a-407f-adba-5a6d6dabc325,86,0.11106375834592486,9,131801,77433,4691
2569,pv_40_z_5,pv_40,,,5,ely_y2569_id_d1964fe3-2dd0-43d5-a190-77fbfaf586b2,,8,ely_y2569_id_77bb08c2-8f63-4037-adee-2ca601f5aa8e,80,0.10331512404272081,10,131801,77433,4691
2569,pv_21_z_5,pv_21,,,5,ely_y2569_id_1116011c-1ef3-4cca-a186-c1b9f7984ede,1116011c-1ef3-4cca-a186-c1b9f7984ede,46,ely_y2569_id_8d13fbe6-3cd6-4320-8c13-61db1f77a3f7,35743,46.193910256410255,1,129567,79657,3288
2569,pv_21_z_5,pv_21,,,5,ely_y2569_id_013c219e-e197-416d-84ea-00ba9c35465e,013c219e-e197-416d-84ea-00ba9c35465e,37,ely_y2569_id_5944aff6-7c04-4275-9d0c-f33e06caacd7,28154,36.38595947063689,2,129567,79657,3288
2569,pv_21_z_5,pv_21,,,5,ely_y2569_id_d7155f6d-736d-42c0-8bc0-00ee6e1970dc,d7155f6d-736d-42c0-8bc0-00ee6e1970dc,27,ely_y2569_id_609b578f-7c82-4d41-a23f-f12e123c8f3a,5918,7.64836641852771,3,129567,79657,3288
2569,pv_21_z_5,pv_21,,,5,ely_y2569_id_2d8a1c84-0bc8-4377-965d-c020a0097c27,2d8a1c84-0bc8-4377-965d-c020a0097c27,9,ely_y2569_id_2ea2b389-37fd-4424-8e58-ccd73a70327e,4834,6.2474152191894134,4,129567,79657,3288
2569,pv_21_z_5,pv_21,,,5,ely_y2569_id_115da917-bf32-4e96-a2ae-b7818d0909ee,115da917-bf32-4e96-a2ae-b7818d0909ee,6,ely_y2569_id_c1388797-dc6a-4ad2-9b0d-9965142d1ac0,1579,2.0406844499586434,5,129567,79657,3288
2569,pv_21_z_5,pv_21,,,5,ely_y2569_id_cb1b6cf2-41fa-49b1-a060-01acf13edc81,cb1b6cf2-41fa-49b1-a060-01acf13edc81,48,ely_y2569_id_b25a308b-f467-41da-bee0-cb3a97a0d430,1148,1.4836641852770884,6,129567,79657,3288
2569,pv_10_z_25,pv_10,,,25,ely_y2569_id_1116011c-1ef3-4cca-a186-c1b9f7984ede,1116011c-1ef3-4cca-a186-c1b9f7984ede,46,ely_y2569_id_a71794ba-6fa1-4b6d-952e-450d8f091678,33581,43.448052788200286,1,126847,78280,1811
2569,pv_10_z_25,pv_10,,,25,ely_y2569_id_2d8a1c84-0bc8-4377-965d-c020a0097c27,2d8a1c84-0bc8-4377-965d-c020a0097c27,9,ely_y2569_id_4fc2e845-7765-4ddd-9223-6c5483432371,20596,26.64769051623755,2,126847,78280,1811
2569,pv_10_z_25,pv_10,,,25,ely_y2569_id_013c219e-e197-416d-84ea-00ba9c35465e,013c219e-e197-416d-84ea-00ba9c35465e,37,ely_y2569_id_bad4b9b5-3e5d-42cd-9c9a-5f7f7b25c5dd,9698,12.547548195109329,3,126847,78280,1811
2569,pv_10_z_25,pv_10,,,25,ely_y2569_id_d7155f6d-736d-42c0-8bc0-00ee6e1970dc,d7155f6d-736d-42c0-8bc0-00ee6e1970dc,27,ely_y2569_id_606c0485-d752-4275-84cb-8bba1ffdcbb4,6459,8.356837883296675,4,126847,78280,1811
2569,pv_10_z_25,pv_10,,,25,ely_y2569_id_115da917-bf32-4e96-a2ae-b7818d0909ee,115da917-bf32-4e96-a2ae-b7818d0909ee,6,ely_y2569_id_d811f9ed-9df0-4113-9b48-cab79ebfa7aa,2285,2.9563979816276365,5,126847,78280,1811
2569,pv_10_z_25,pv_10,,,25,ely_y2569_id_0c044088-618b-49af-a291-fb28ffe9e0f8,0c044088-618b-49af-a291-fb28ffe9e0f8,11,ely_y2569_id_d935ba45-ee82-44d7-b72a-238652d078ce,1185,1.5331866994436538,6,126847,78280,1811
2569,pv_10_z_25,pv_10,,,25,ely_y2569_id_bd8d9f14-f757-41fb-8f37-d6128d9d012d,bd8d9f14-f757-41fb-8f37-d6128d9d012d,7,ely_y2569_id_d1684d3d-3572-4da5-b7ca-411039de9915,924,1.1954974770345452,7,126847,78280,1811
2569,pv_10_z_25,pv_10,,,25,ely_y2569_id_03347cbc-6089-474c-a3f6-484ae981c9a6,03347cbc-6089-474c-a3f6-484ae981c9a6,43,ely_y2569_id_cf911011-5d67-4a93-9e23-6e6195762f43,622,0.8047612886531245,8,126847,78280,1811
2569,pv_10_z_25,pv_10,,,25,ely_y2569_id_cb1b6cf2-41fa-49b1-a060-01acf13edc81,cb1b6cf2-41fa-49b1-a060-01acf13edc81,48,ely_y2569_id_54fede17-2e94-4869-a611-288774080ea1,519,0.6714969595031699,9,126847,78280,1811
2569,pv_10_z_25,pv_10,,,25,ely_y2569_id_fc22ff6d-da02-4cb6-86a7-b768c78bc19a,,15,ely_y2569_id_23b50097-85fc-4dca-b9dd-9adba294789e,392,0.5071807478328374,10,126847,78280,1811
2569,pv_10_z_25,pv_10,,,25,ely_y2569_id_965b4b93-c01e-4a2b-a987-577f2b99ebb4,965b4b93-c01e-4a2b-a987-577f2b99ebb4,49,ely_y2569_id_77079cee-63f9-49cd-9ec9-7faa8dcccd71,383,0.49553629188769566,11,126847,78280,1811
2569,pv_10_z_25,pv_10,,,25,ely_y2569_id_a62aca08-91b7-4f3f-ba8f-cb9e884a3799,a62aca08-91b7-4f3f-ba8f-cb9e884a3799,42,ely_y2569_id_1dbdad00-1d6f-472b-bb1e-b530de92ae47,331,0.4282572130935438,12,126847,78280,1811
2569,pv_10_z_25,pv_10,,,25,ely_y2569_id_2ee17641-917b-4ea0-8c19-da383e03e915,2ee17641-917b-4ea0-8c19-da383e03e915,44,ely_y2569_id_08b9ef98-1311-4477-9e32-71eab915c4dc,165,0.21348169232759737,13,126847,78280,1811
2569,pv_10_z_25,pv_10,,,25,ely_y2569_id_c126e4e4-be85-44e6-bf3e-f9331b9f91a9,c126e4e4-be85-44e6-bf3e-f9331b9f91a9,24,ely_y2569_id_7db35cb1-f927-4440-a35f-ca3c81e6f0cd,150,0.19407426575236125,14,126847,78280,1811
2569,pv_13_z_6,pv_13,,,6,ely_y2569_id_1116011c-1ef3-4cca-a186-c1b9f7984ede,1116011c-1ef3-4cca-a186-c1b9f7984ede,46,ely_y2569_id_ad3fe6e5-3959-442e-ba39-c90d0cefa539,38628,49.97865155455498,1,122393,79007,1644
2569,pv_13_z_6,pv_13,,,6,ely_y2569_id_2d8a1c84-0bc8-4377-965d-c020a0097c27,2d8a1c84-0bc8-4377-965d-c020a0097c27,9,ely_y2569_id_ccfb10e2-0105-428e-9365-c279f6be291e,9439,12.212604639728811,2,122393,79007,1644
2569,pv_13_z_6,pv_13,,,6,ely_y2569_id_013c219e-e197-416d-84ea-00ba9c35465e,013c219e-e197-416d-84ea-00ba9c35465e,37,ely_y2569_id_88f265f4-3d86-4d17-b81c-f408c2eb7802,8905,11.521691314417316,3,122393,79007,1644
2569,pv_13_z_6,pv_13,,,6,ely_y2569_id_a62aca08-91b7-4f3f-ba8f-cb9e884a3799,a62aca08-91b7-4f3f-ba8f-cb9e884a3799,42,ely_y2569_id_bb9b4a0e-2aaa-4998-afcd-1a6836de7e95,7995,10.34429220199511,4,122393,79007,1644
2569,pv_13_z_6,pv_13,,,6,ely_y2569_id_d7155f6d-736d-42c0-8bc0-00ee6e1970dc,d7155f6d-736d-42c0-8bc0-00ee6e1970dc,27,ely_y2569_id_a10f5901-c278-4efe-a36f-71ee74707089,6295,8.144755398569007,5,122393,79007,1644
2569,pv_13_z_6,pv_13,,,6,ely_y2569_id_0c044088-618b-49af-a291-fb28ffe9e0f8,0c044088-618b-49af-a291-fb28ffe9e0f8,11,ely_y2569_id_acc01e02-51fa-4ce0-8870-827648dccb36,2603,3.367878999598908,6,122393,79007,1644
2569,pv_13_z_6,pv_13,,,6,ely_y2569_id_115da917-bf32-4e96-a2ae-b7818d0909ee,115da917-bf32-4e96-a2ae-b7818d0909ee,6,ely_y2569_id_0585408c-0985-4f29-8fea-c0dc277a2fd8,1850,2.3936135801989935,7,122393,79007,1644
2569,pv_13_z_6,pv_13,,,6,ely_y2569_id_965b4b93-c01e-4a2b-a987-577f2b99ebb4,965b4b93-c01e-4a2b-a987-577f2b99ebb4,49,ely_y2569_id_5e05b0ed-b06b-4dd3-9820-436d971fc430,617,0.7983024751258264,8,122393,79007,1644
2569,pv_13_z_6,pv_13,,,6,ely_y2569_id_03347cbc-6089-474c-a3f6-484ae981c9a6,03347cbc-6089-474c-a3f6-484ae981c9a6,43,ely_y2569_id_f51f3099-dc0a-426c-9f92-7105e69aa418,490,0.6339841374581118,9,122393,79007,1644
2569,pv_13_z_6,pv_13,,,6,ely_y2569_id_bcdcd19b-d619-47dd-8535-fafb6bc6f4d8,bcdcd19b-d619-47dd-8535-fafb6bc6f4d8,12,ely_y2569_id_1bddb293-1e71-4a64-8e13-8a3e5ff703de,467,0.604225698352935,10,122393,79007,1644
2569,pv_67_z_1,pv_67,,,1,ely_y2569_id_013c219e-e197-416d-84ea-00ba9c35465e,013c219e-e197-416d-84ea-00ba9c35465e,37,ely_y2569_id_839b5d4f-fd1a-4e3f-a65f-9917a5ac7584,48580,62.8810334338636,1,131142,77257,4491
2569,pv_67_z_1,pv_67,,,1,ely_y2569_id_1116011c-1ef3-4cca-a186-c1b9f7984ede,1116011c-1ef3-4cca-a186-c1b9f7984ede,46,ely_y2569_id_b56adc23-2e6c-4678-a554-5ff8668b97e2,21364,27.653157642673154,2,131142,77257,4491
2569,pv_67_z_1,pv_67,,,1,ely_y2569_id_2d8a1c84-0bc8-4377-965d-c020a0097c27,2d8a1c84-0bc8-4377-965d-c020a0097c27,9,ely_y2569_id_2e71a98a-6092-47ee-8c81-d93fa760e28e,3211,4.156257685387732,3,131142,77257,4491
2569,pv_67_z_1,pv_67,,,1,ely_y2569_id_d7155f6d-736d-42c0-8bc0-00ee6e1970dc,d7155f6d-736d-42c0-8bc0-00ee6e1970dc,27,ely_y2569_id_cf7bd653-8a24-4769-9ae7-2faf389fc423,1622,2.0994861307066026,4,131142,77257,4491
2569,pv_67_z_1,pv_67,,,1,ely_y2569_id_0c044088-618b-49af-a291-fb28ffe9e0f8,0c044088-618b-49af-a291-fb28ffe9e0f8,11,ely_y2569_id_d90331d5-e95d-480c-92ab-58ec0ad926c8,1510,1.9545154484383294,5,131142,77257,4491
2569,pv_67_z_1,pv_67,,,1,ely_y2569_id_339fa187-133c-4766-a6c2-36d1b32cda8f,339fa187-133c-4766-a6c2-36d1b32cda8f,23,ely_y2569_id_cddd5b0f-9e7f-4136-a184-a44e8fb2790b,631,0.8167544688507191,6,131142,77257,4491
2569,pv_67_z_1,pv_67,,,1,ely_y2569_id_a62aca08-91b7-4f3f-ba8f-cb9e884a3799,a62aca08-91b7-4f3f-ba8f-cb9e884a3799,42,ely_y2569_id_6cdbc3e4-631f-436c-9d95-bf472fe3f7b0,339,0.4387951900798633,7,131142,77257,4491
2569,pv_43_z_2,pv_43,,,2,ely_y2569_id_03347cbc-6089-474c-a3f6-484ae981c9a6,03347cbc-6089-474c-a3f6-484ae981c9a6,43,ely_y2569_id_35d7a0c7-5280-406c-a45b-4052bffa47b9,28739,37.244534297526016,1,136455,77163,4501
2569,pv_43_z_2,pv_43,,,2,ely_y2569_id_013c219e-e197-416d-84ea-00ba9c35465e,013c219e-e197-416d-84ea-00ba9c35465e,37,ely_y2569_id_e11d6689-7aac-47de-a5d3-6e9e78ab2296,25116,32.5492787994246,2,136455,77163,4501
2569,pv_43_z_2,pv_43,,,2,ely_y2569_id_2d8a1c84-0bc8-4377-965d-c020a0097c27,2d8a1c84-0bc8-4377-965d-c020a0097c27,9,ely_y2569_id_1f1131c5-021d-4fcb-9929-561626f2d7c3,13188,17.091092881303215,3,136455,77163,4501
2569,pv_43_z_2,pv_43,,,2,ely_y2569_id_1116011c-1ef3-4cca-a186-c1b9f7984ede,1116011c-1ef3-4cca-a186-c1b9f7984ede,46,ely_y2569_id_aa1a35a2-54ad-4136-8b0d-551591dae9f4,9341,12.105542811969467,4,136455,77163,4501
2569,pv_43_z_2,pv_43,,,2,ely_y2569_id_d7155f6d-736d-42c0-8bc0-00ee6e1970dc,d7155f6d-736d-42c0-8bc0-00ee6e1970dc,27,ely_y2569_id_3cb1d88d-91fb-4e65-adff-95ae270130d6,387,0.5015357101201353,5,136455,77163,4501
2569,pv_43_z_2,pv_43,,,2,ely_y2569_id_7ffe2115-72d1-4d71-9962-03ff61afc67c,,31,ely_y2569_id_9a894f8b-7e41-4ff8-8336-48b59c109000,208,0.26955924471573167,6,136455,77163,4501
2569,pv_43_z_2,pv_43,,,2,ely_y2569_id_d1964fe3-2dd0-43d5-a190-77fbfaf586b2,,8,ely_y2569_id_5a2a033e-291b-456d-8360-57128e8a77d7,184,0.23845625494083952,7,136455,77163,4501
2569,pv_62_z_4,pv_62,,,4,ely_y2569_id_2d8a1c84-0bc8-4377-965d-c020a0097c27,2d8a1c84-0bc8-4377-965d-c020a0097c27,9,ely_y2569_id_a5ad812c-042d-437d-b47b-b8e121c545ca,35163,45.603454984047936,1,138876,77106,6117
2569,pv_62_z_4,pv_62,,,4,ely_y2569_id_a62aca08-91b7-4f3f-ba8f-cb9e884a3799,a62aca08-91b7-4f3f-ba8f-cb9e884a3799,42,ely_y2569_id_a67b01a4-89a9-429c-b3f0-031b9490b480,25872,33.553809042097896,2,138876,77106,6117
2569,pv_62_z_4,pv_62,,,4,ely_y2569_id_1116011c-1ef3-4cca-a186-c1b9f7984ede,1116011c-1ef3-4cca-a186-c1b9f7984ede,46,ely_y2569_id_bf4f7497-5cbc-4dea-a240-f7403e3c6413,12190,15.809405234352708,3,138876,77106,6117
2569,pv_62_z_4,pv_62,,,4,ely_y2569_id_013c219e-e197-416d-84ea-00ba9c35465e,013c219e-e197-416d-84ea-00ba9c35465e,37,ely_y2569_id_91f8ee0c-a5e9-44b8-8f59-d23448c36087,1530,1.984281378881021,4,138876,77106,6117
2569,pv_62_z_4,pv_62,,,4,ely_y2569_id_d7155f6d-736d-42c0-8bc0-00ee6e1970dc,d7155f6d-736d-42c0-8bc0-00ee6e1970dc,27,ely_y2569_id_aa244785-fee2-40eb-afcb-1bf5328718b0,1030,1.335823411926439,5,138876,77106,6117
2569,pv_62_z_4,pv_62,,,4,ely_y2569_id_2ee17641-917b-4ea0-8c19-da383e03e915,2ee17641-917b-4ea0-8c19-da383e03e915,44,ely_y2569_id_f527c294-3f5e-4e9e-9142-fc72f4bf5153,698,0.9052473218685966,6,138876,77106,6117
2569,pv_62_z_4,pv_62,,,4,ely_y2569_id_3d55d7c9-f0bc-4803-b40e-090a7ea5d872,3d55d7c9-f0bc-4803-b40e-090a7ea5d872,3,ely_y2569_id_6ae5937e-be0c-49d7-bec5-6396e35eaaf7,317,0.411122351049205,7,138876,77106,6117
2569,pv_62_z_4,pv_62,,,4,ely_y2569_id_03347cbc-6089-474c-a3f6-484ae981c9a6,03347cbc-6089-474c-a3f6-484ae981c9a6,43,ely_y2569_id_1307df7d-63c0-425a-8f4e-15b49cd0c71f,306,0.39685627577620414,8,138876,77106,6117
2569,pv_34_z_10,pv_34,,,10,ely_y2569_id_e3ad415e-cb0c-4922-adb3-4624e857d801,,21,ely_y2569_id_d9cb218d-f86e-4684-b2e6-3c1aaffdaee9,59424,77.06993152106246,1,141283,79339,4622
2569,pv_34_z_10,pv_34,,,10,ely_y2569_id_1116011c-1ef3-4cca-a186-c1b9f7984ede,1116011c-1ef3-4cca-a186-c1b9f7984ede,46,ely_y2569_id_2d87ee8c-338c-46ce-9f0f-e69c2764b493,7065,9.162948744552812,2,141283,79339,4622
2569,pv_34_z_10,pv_34,,,10,ely_y2569_id_2d8a1c84-0bc8-4377-965d-c020a0097c27,2d8a1c84-0bc8-4377-965d-c020a0097c27,9,ely_y2569_id_9fead614-05d3-4ab5-84b6-2fb317321bde,6708,8.699937746420419,3,141283,79339,4622
2569,pv_34_z_10,pv_34,,,10,ely_y2569_id_013c219e-e197-416d-84ea-00ba9c35465e,013c219e-e197-416d-84ea-00ba9c35465e,37,ely_y2569_id_9802c65a-fb2f-4d1c-9c25-31ea1e54d48c,2825,3.6638825482465243,4,141283,79339,4622
2569,pv_34_z_10,pv_34,,,10,ely_y2569_id_d7155f6d-736d-42c0-8bc0-00ee6e1970dc,d7155f6d-736d-42c0-8bc0-00ee6e1970dc,27,ely_y2569_id_3ea8b8b8-8269-43b2-8b2d-558cceca6e67,583,0.7561216019921145,5,141283,79339,4622
2569,pv_34_z_10,pv_34,,,10,ely_y2569_id_03347cbc-6089-474c-a3f6-484ae981c9a6,03347cbc-6089-474c-a3f6-484ae981c9a6,43,ely_y2569_id_c201ec59-da69-4a70-b4d5-9fd9796ecb68,499,0.6471778377256692,6,141283,79339,4622
2569,pv_91_z_1,pv_91,,,1,ely_y2569_id_013c219e-e197-416d-84ea-00ba9c35465e,013c219e-e197-416d-84ea-00ba9c35465e,37,ely_y2569_id_c8190b75-0d22-4047-814c-cfe94562b05c,36435,47.26907109496627,1,116873,77080,3350
2569,pv_91_z_1,pv_91,,,1,ely_y2569_id_a62aca08-91b7-4f3f-ba8f-cb9e884a3799,a62aca08-91b7-4f3f-ba8f-cb9e884a3799,42,ely_y2569_id_5c59b128-70ff-4639-a79a-1ecfb5a1468f,16228,21.053450960041513,2,116873,77080,3350
2569,pv_91_z_1,pv_91,,,1,ely_y2569_id_1116011c-1ef3-4cca-a186-c1b9f7984ede,1116011c-1ef3-4cca-a186-c1b9f7984ede,46,ely_y2569_id_be078c4c-d60d-4f1e-b25b-faa7f079dd94,16009,20.769330565646083,3,116873,77080,3350
2569,pv_91_z_1,pv_91,,,1,ely_y2569_id_d7155f6d-736d-42c0-8bc0-00ee6e1970dc,d7155f6d-736d-42c0-8bc0-00ee6e1970dc,27,ely_y2569_id_dc96c15d-baf1-4467-a75e-dfd8ba1fc16c,5827,7.5596782563570315,4,116873,77080,3350
2569,pv_91_z_1,pv_91,,,1,ely_y2569_id_2d8a1c84-0bc8-4377-965d-c020a0097c27,2d8a1c84-0bc8-4377-965d-c020a0097c27,9,ely_y2569_id_c7c6f184-0243-4d72-91de-74cdb51612be,1659,2.1523092890503372,5,116873,77080,3350
2569,pv_91_z_1,pv_91,,,1,ely_y2569_id_965b4b93-c01e-4a2b-a987-577f2b99ebb4,965b4b93-c01e-4a2b-a987-577f2b99ebb4,49,ely_y2569_id_4f7efe44-81f2-498d-9143-db9b0175d71e,491,0.6370005189413597,6,116873,77080,3350
2569,pv_91_z_1,pv_91,,,1,ely_y2569_id_115da917-bf32-4e96-a2ae-b7818d0909ee,115da917-bf32-4e96-a2ae-b7818d0909ee,6,ely_y2569_id_1853e305-2aea-4e91-b267-92c1da4785e2,431,0.5591593149974052,7,116873,77080,3350
2569,pv_45_z_4,pv_45,,,4,ely_y2569_id_2d8a1c84-0bc8-4377-965d-c020a0097c27,2d8a1c84-0bc8-4377-965d-c020a0097c27,9,ely_y2569_id_ba56cdac-41ce-4c94-bbf8-7d4650126f51,21382,27.80204920164352,1,129528,76908,3182
2569,pv_45_z_4,pv_45,,,4,ely_y2569_id_a62aca08-91b7-4f3f-ba8f-cb9e884a3799,a62aca08-91b7-4f3f-ba8f-cb9e884a3799,42,ely_y2569_id_22cb85af-98c9-42df-b478-f90150501414,20703,26.91917615852707,2,129528,76908,3182
2569,pv_45_z_4,pv_45,,,4,ely_y2569_id_013c219e-e197-416d-84ea-00ba9c35465e,013c219e-e197-416d-84ea-00ba9c35465e,37,ely_y2569_id_55ac85c0-0541-411d-ae4a-083b2da70931,15555,20.22546419098143,3,129528,76908,3182
2569,pv_45_z_4,pv_45,,,4,ely_y2569_id_1116011c-1ef3-4cca-a186-c1b9f7984ede,1116011c-1ef3-4cca-a186-c1b9f7984ede,46,ely_y2569_id_61f501c5-0611-4e19-a7f8-a01631b8ebb1,10537,13.700785353929371,4,129528,76908,3182
2569,pv_45_z_4,pv_45,,,4,ely_y2569_id_2ee17641-917b-4ea0-8c19-da383e03e915,2ee17641-917b-4ea0-8c19-da383e03e915,44,ely_y2569_id_bcb83cbb-3e1e-4f6e-b972-e8cb4b5f7b06,4695,6.104696520518021,5,129528,76908,3182
2569,pv_45_z_4,pv_45,,,4,ely_y2569_id_03347cbc-6089-474c-a3f6-484ae981c9a6,03347cbc-6089-474c-a3f6-484ae981c9a6,43,ely_y2569_id_127d50a3-631d-44ab-a818-705333bd1686,1926,2.504290841004837,6,129528,76908,3182
2569,pv_45_z_4,pv_45,,,4,ely_y2569_id_115da917-bf32-4e96-a2ae-b7818d0909ee,115da917-bf32-4e96-a2ae-b7818d0909ee,6,ely_y2569_id_3d64e818-e6c0-4afb-8507-985ba2407608,1064,1.3834711603474281,7,129528,76908,3182
2569,pv_45_z_4,pv_45,,,4,ely_y2569_id_d7155f6d-736d-42c0-8bc0-00ee6e1970dc,d7155f6d-736d-42c0-8bc0-00ee6e1970dc,27,ely_y2569_id_19304fac-270b-4527-9b02-073bdc382844,664,0.863369220367192,8,129528,76908,3182
2569,pv_45_z_4,pv_45,,,4,ely_y2569_id_965b4b93-c01e-4a2b-a987-577f2b99ebb4,965b4b93-c01e-4a2b-a987-577f2b99ebb4,49,ely_y2569_id_ea1fbe7c-bcd7-4885-a0a4-2fb2044fdb98,321,0.4173818068341395,9,129528,76908,3182
2569,pv_45_z_4,pv_45,,,4,ely_y2569_id_bd8d9f14-f757-41fb-8f37-d6128d9d012d,bd8d9f14-f757-41fb-8f37-d6128d9d012d,7,ely_y2569_id_c0fa043e-1262-44c2-8245-68a30837abda,61,0.07931554584698601,10,129528,76908,3182
2569,pv_60_z_5,pv_60,,,5,ely_y2569_id_013c219e-e197-416d-84ea-00ba9c35465e,013c219e-e197-416d-84ea-00ba9c35465e,37,ely_y2569_id_5c6b00df-a127-4b4a-9f8e-ef451a391c13,56499,73.60282431411376,1,139426,76762,6055
2569,pv_60_z_5,pv_60,,,5,ely_y2569_id_1116011c-1ef3-4cca-a186-c1b9f7984ede,1116011c-1ef3-4cca-a186-c1b9f7984ede,46,ely_y2569_id_8f786782-494a-405e-8db0-14f5f74bc9b8,11900,15.502462155754149,2,139426,76762,6055
2569,pv_60_z_5,pv_60,,,5,ely_y2569_id_2d8a1c84-0bc8-4377-965d-c020a0097c27,2d8a1c84-0bc8-4377-965d-c020a0097c27,9,ely_y2569_id_3f0002bb-32fb-4926-9039-8b5c43ebff63,5472,7.128527135822413,3,139426,76762,6055
2569,pv_60_z_5,pv_60,,,5,ely_y2569_id_d7155f6d-736d-42c0-8bc0-00ee6e1970dc,d7155f6d-736d-42c0-8bc0-00ee6e1970dc,27,ely_y2569_id_c06ab77e-ace9-4e90-abc3-8aacdf6dbdce,1418,1.8472681795680155,4,139426,76762,6055
2569,pv_60_z_5,pv_60,,,5,ely_y2569_id_0c044088-618b-49af-a291-fb28ffe9e0f8,0c044088-618b-49af-a291-fb28ffe9e0f8,11,ely_y2569_id_3c6111d6-d2bd-4958-bf81-96d1186129d5,855,1.113832364972252,5,139426,76762,6055
2569,pv_60_z_5,pv_60,,,5,ely_y2569_id_a62aca08-91b7-4f3f-ba8f-cb9e884a3799,a62aca08-91b7-4f3f-ba8f-cb9e884a3799,42,ely_y2569_id_a81bd9ad-c8a6-438b-9c4e-eb2b7da10f1f,416,0.541934811495271,6,139426,76762,6055
2569,pv_60_z_5,pv_60,,,5,ely_y2569_id_d1964fe3-2dd0-43d5-a190-77fbfaf586b2,,8,ely_y2569_id_bed6d6c6-50c5-46a4-be8e-0cd670821384,202,0.26315103827414604,7,139426,76762,6055
2569,pv_44_z_4,pv_44,,,4,ely_y2569_id_013c219e-e197-416d-84ea-00ba9c35465e,013c219e-e197-416d-84ea-00ba9c35465e,37,ely_y2569_id_b751fdf2-9389-4538-bd42-c4bea2c1c8ac,29448,38.466462020769384,1,126010,76555,3921
2569,pv_44_z_4,pv_44,,,4,ely_y2569_id_a62aca08-91b7-4f3f-ba8f-cb9e884a3799,a62aca08-91b7-4f3f-ba8f-cb9e884a3799,42,ely_y2569_id_dc8adacf-845b-4d7f-9537-9baa0d1f4ec4,20412,26.663183332244788,2,126010,76555,3921
2569,pv_44_z_4,pv_44,,,4,ely_y2569_id_2d8a1c84-0bc8-4377-965d-c020a0097c27,2d8a1c84-0bc8-4377-965d-c020a0097c27,9,ely_y2569_id_ad617e41-696d-41cc-8cc4-b192c5f909ad,14628,19.107830971197178,3,126010,76555,3921
2569,pv_44_z_4,pv_44,,,4,ely_y2569_id_1116011c-1ef3-4cca-a186-c1b9f7984ede,1116011c-1ef3-4cca-a186-c1b9f7984ede,46,ely_y2569_id_68aadc72-0d4f-4374-91a3-8d1b49957e74,11117,14.521585787995559,4,126010,76555,3921
2569,pv_44_z_4,pv_44,,,4,ely_y2569_id_115da917-bf32-4e96-a2ae-b7818d0909ee,115da917-bf32-4e96-a2ae-b7818d0909ee,6,ely_y2569_id_8b20106c-235d-47c1-bd19-3eb09117ccf6,308,0.4023251257266018,5,126010,76555,3921
2569,pv_44_z_4,pv_44,,,4,ely_y2569_id_d1964fe3-2dd0-43d5-a190-77fbfaf586b2,,8,ely_y2569_id_cdbc3af9-c68c-4d0c-8804-6fefce9a87af,276,0.3605251126640977,6,126010,76555,3921
2569,pv_44_z_4,pv_44,,,4,ely_y2569_id_d7155f6d-736d-42c0-8bc0-00ee6e1970dc,d7155f6d-736d-42c0-8bc0-00ee6e1970dc,27,ely_y2569_id_266a235f-f6f7-44fa-b28f-3ee98c5fa95b,237,0.3095813467441708,7,126010,76555,3921
2569,pv_44_z_4,pv_44,,,4,ely_y2569_id_03347cbc-6089-474c-a3f6-484ae981c9a6,03347cbc-6089-474c-a3f6-484ae981c9a6,43,ely_y2569_id_bd68e137-2c60-4e7e-83ae-3de85791f3f9,129,0.1685063026582196,8,126010,76555,3921
2569,pv_34_z_1,pv_34,,,1,ely_y2569_id_2d8a1c84-0bc8-4377-965d-c020a0097c27,2d8a1c84-0bc8-4377-965d-c020a0097c27,9,ely_y2569_id_f050b065-73ef-4ecd-891a-419d55198fc0,29779,38.967547762365875,1,132544,80278,3834
2569,pv_34_z_1,pv_34,,,1,ely_y2569_id_1116011c-1ef3-4cca-a186-c1b9f7984ede,1116011c-1ef3-4cca-a186-c1b9f7984ede,46,ely_y2569_id_6591ca47-2380-4418-8e11-a10a4038bbf5,21416,28.02407746663177,2,132544,80278,3834
2569,pv_34_z_1,pv_34,,,1,ely_y2569_id_d7155f6d-736d-42c0-8bc0-00ee6e1970dc,d7155f6d-736d-42c0-8bc0-00ee6e1970dc,27,ely_y2569_id_7b34edeb-a0d1-4e48-8a9f-03b0ca728396,8242,10.78513478147082,3,132544,80278,3834
2569,pv_34_z_1,pv_34,,,1,ely_y2569_id_cb1b6cf2-41fa-49b1-a060-01acf13edc81,cb1b6cf2-41fa-49b1-a060-01acf13edc81,48,ely_y2569_id_5fc838fe-bd23-4fff-b4ce-398f483d0088,7053,9.229259356189479,4,132544,80278,3834
2569,pv_34_z_1,pv_34,,,1,ely_y2569_id_013c219e-e197-416d-84ea-00ba9c35465e,013c219e-e197-416d-84ea-00ba9c35465e,37,ely_y2569_id_6f9372dd-fbec-4e88-836a-03212b317ec5,6459,8.451975922533368,5,132544,80278,3834
2569,pv_34_z_1,pv_34,,,1,ely_y2569_id_0c044088-618b-49af-a291-fb28ffe9e0f8,0c044088-618b-49af-a291-fb28ffe9e0f8,11,ely_y2569_id_14fbe82f-4729-474c-a61b-76e9f8926bdd,2014,2.635435749803716,6,132544,80278,3834
2569,pv_34_z_1,pv_34,,,1,ely_y2569_id_bd8d9f14-f757-41fb-8f37-d6128d9d012d,bd8d9f14-f757-41fb-8f37-d6128d9d012d,7,ely_y2569_id_72a5de0d-88d0-417c-94bf-3284586c00f8,958,1.2535985344150746,7,132544,80278,3834
2569,pv_34_z_1,pv_34,,,1,ely_y2569_id_03347cbc-6089-474c-a3f6-484ae981c9a6,03347cbc-6089-474c-a3f6-484ae981c9a6,43,ely_y2569_id_2a60491e-3136-4215-8089-a92861f662b7,499,0.6529704265898979,8,132544,80278,3834
2569,pv_12_z_2,pv_12,,,2,ely_y2569_id_1116011c-1ef3-4cca-a186-c1b9f7984ede,1116011c-1ef3-4cca-a186-c1b9f7984ede,46,ely_y2569_id_7fb6adf2-5b77-447f-ac21-fea849faca0a,35675,46.81758530183727,1,124608,78673,1706
2569,pv_12_z_2,pv_12,,,2,ely_y2569_id_013c219e-e197-416d-84ea-00ba9c35465e,013c219e-e197-416d-84ea-00ba9c35465e,37,ely_y2569_id_d741ece5-cdef-4ab2-91a3-b17d45091581,18844,24.72965879265092,2,124608,78673,1706
2569,pv_12_z_2,pv_12,,,2,ely_y2569_id_2d8a1c84-0bc8-4377-965d-c020a0097c27,2d8a1c84-0bc8-4377-965d-c020a0097c27,9,ely_y2569_id_ad41de70-d95e-4a12-a044-50c4d1467c55,10142,13.309711286089238,3,124608,78673,1706
2569,pv_12_z_2,pv_12,,,2,ely_y2569_id_d7155f6d-736d-42c0-8bc0-00ee6e1970dc,d7155f6d-736d-42c0-8bc0-00ee6e1970dc,27,ely_y2569_id_ba457a69-6b85-48dc-82ca-813d2c631cac,5393,7.07742782152231,4,124608,78673,1706
2569,pv_12_z_2,pv_12,,,2,ely_y2569_id_0c044088-618b-49af-a291-fb28ffe9e0f8,0c044088-618b-49af-a291-fb28ffe9e0f8,11,ely_y2569_id_4cce4cbd-0f64-4bde-9e68-764e59e7d18e,1564,2.05249343832021,5,124608,78673,1706
2569,pv_12_z_2,pv_12,,,2,ely_y2569_id_115da917-bf32-4e96-a2ae-b7818d0909ee,115da917-bf32-4e96-a2ae-b7818d0909ee,6,ely_y2569_id_2774778e-aedc-40de-8683-01ac53108720,1147,1.505249343832021,6,124608,78673,1706
2569,pv_12_z_2,pv_12,,,2,ely_y2569_id_f9cadd57-8256-49aa-9386-0da392b19fc2,f9cadd57-8256-49aa-9386-0da392b19fc2,29,ely_y2569_id_abe55623-6004-41ad-9641-21f0f53c6aad,975,1.279527559055118,7,124608,78673,1706
2569,pv_12_z_2,pv_12,,,2,ely_y2569_id_03347cbc-6089-474c-a3f6-484ae981c9a6,03347cbc-6089-474c-a3f6-484ae981c9a6,43,ely_y2569_id_212604fa-2512-4bca-b95f-a405fbec666c,864,1.1338582677165354,8,124608,78673,1706
2569,pv_12_z_2,pv_12,,,2,ely_y2569_id_a62aca08-91b7-4f3f-ba8f-cb9e884a3799,a62aca08-91b7-4f3f-ba8f-cb9e884a3799,42,ely_y2569_id_1433f773-c396-486b-8e33-768ab1746dc2,541,0.7099737532808399,9,124608,78673,1706
2569,pv_12_z_2,pv_12,,,2,ely_y2569_id_bdd306a2-80c7-4d7b-a7ff-8dc1ec9fcc76,bdd306a2-80c7-4d7b-a7ff-8dc1ec9fcc76,10,ely_y2569_id_df17a88c-44c5-472a-acb8-b384b207eb6e,491,0.6443569553805775,10,124608,78673,1706
2569,pv_12_z_2,pv_12,,,2,ely_y2569_id_bd8d9f14-f757-41fb-8f37-d6128d9d012d,bd8d9f14-f757-41fb-8f37-d6128d9d012d,7,ely_y2569_id_a16de79b-d6ca-42c4-8bc5-b0eaa89abd4e,369,0.484251968503937,11,124608,78673,1706
2569,pv_12_z_2,pv_12,,,2,ely_y2569_id_e89089ab-9e07-4933-ab7c-28f2e65bed81,e89089ab-9e07-4933-ab7c-28f2e65bed81,20,ely_y2569_id_31d24573-60ed-44e1-9bc5-47ee2c55a568,195,0.2559055118110236,12,124608,78673,1706
2569,pv_20_z_4,pv_20,,,4,ely_y2569_id_013c219e-e197-416d-84ea-00ba9c35465e,013c219e-e197-416d-84ea-00ba9c35465e,37,ely_y2569_id_0bff85a7-537d-425a-a16b-0dea9f2c905d,43072,56.57022025505982,1,120269,76211,4745
2569,pv_20_z_4,pv_20,,,4,ely_y2569_id_1116011c-1ef3-4cca-a186-c1b9f7984ede,1116011c-1ef3-4cca-a186-c1b9f7984ede,46,ely_y2569_id_4aea0d34-9b0c-4966-bc91-dbb1bdfe2613,22859,30.022721601281866,2,120269,76211,4745
2569,pv_20_z_4,pv_20,,,4,ely_y2569_id_d7155f6d-736d-42c0-8bc0-00ee6e1970dc,d7155f6d-736d-42c0-8bc0-00ee6e1970dc,27,ely_y2569_id_07eba5fe-dd9a-43d1-8b86-d94f39f9c9a2,6108,8.022169978591787,3,120269,76211,4745
2569,pv_20_z_4,pv_20,,,4,ely_y2569_id_2d8a1c84-0bc8-4377-965d-c020a0097c27,2d8a1c84-0bc8-4377-965d-c020a0097c27,9,ely_y2569_id_be0c818f-9b05-46c8-a128-c6664a18719a,1994,2.618894390522597,4,120269,76211,4745
2569,pv_20_z_4,pv_20,,,4,ely_y2569_id_03347cbc-6089-474c-a3f6-484ae981c9a6,03347cbc-6089-474c-a3f6-484ae981c9a6,43,ely_y2569_id_db8222ca-8487-4a95-9a6d-599640f8cf44,930,1.2214502423199673,5,120269,76211,4745
2569,pv_20_z_4,pv_20,,,4,ely_y2569_id_f9cadd57-8256-49aa-9386-0da392b19fc2,f9cadd57-8256-49aa-9386-0da392b19fc2,29,ely_y2569_id_6d990079-b715-4a20-82e8-b7077624f171,807,1.0599035973679718,6,120269,76211,4745
2569,pv_20_z_4,pv_20,,,4,ely_y2569_id_339fa187-133c-4766-a6c2-36d1b32cda8f,339fa187-133c-4766-a6c2-36d1b32cda8f,23,ely_y2569_id_52b7d094-6d10-47a8-a38d-5b887c677aec,369,0.48463993485598705,7,120269,76211,4745
2569,pv_30_z_1,pv_30,,,1,ely_y2569_id_1116011c-1ef3-4cca-a186-c1b9f7984ede,1116011c-1ef3-4cca-a186-c1b9f7984ede,46,ely_y2569_id_b0f13e2c-9054-45b8-8dd2-85b106a2e237,30597,40.255502782638445,1,128667,78573,2491
2569,pv_30_z_1,pv_30,,,1,ely_y2569_id_2d8a1c84-0bc8-4377-965d-c020a0097c27,2d8a1c84-0bc8-4377-965d-c020a0097c27,9,ely_y2569_id_74fef3b4-01c0-4906-8113-9ffa29426d90,21898,28.81050429565698,2,128667,78573,2491
2569,pv_30_z_1,pv_30,,,1,ely_y2569_id_013c219e-e197-416d-84ea-00ba9c35465e,013c219e-e197-416d-84ea-00ba9c35465e,37,ely_y2569_id_3cd5eb81-111e-4a66-a27f-3b48a0795551,13506,17.76941597484442,3,128667,78573,2491
2569,pv_30_z_1,pv_30,,,1,ely_y2569_id_0c044088-618b-49af-a291-fb28ffe9e0f8,0c044088-618b-49af-a291-fb28ffe9e0f8,11,ely_y2569_id_7369056d-a395-443a-82e5-bbc6d837e808,2940,3.8680647835067825,4,128667,78573,2491
2569,pv_30_z_1,pv_30,,,1,ely_y2569_id_115da917-bf32-4e96-a2ae-b7818d0909ee,115da917-bf32-4e96-a2ae-b7818d0909ee,6,ely_y2569_id_82ee3083-9083-40ce-96bd-d01e4384a573,1749,2.3011038456984227,5,128667,78573,2491
2569,pv_30_z_1,pv_30,,,1,ely_y2569_id_d7155f6d-736d-42c0-8bc0-00ee6e1970dc,d7155f6d-736d-42c0-8bc0-00ee6e1970dc,27,ely_y2569_id_56ba16e5-6377-4e0a-b34a-48d1fd7101e6,1583,2.0827029089425975,6,128667,78573,2491
2569,pv_30_z_1,pv_30,,,1,ely_y2569_id_965b4b93-c01e-4a2b-a987-577f2b99ebb4,965b4b93-c01e-4a2b-a987-577f2b99ebb4,49,ely_y2569_id_576947e6-bcd2-43a4-a545-9adba6d0711f,1223,1.6090623232070729,7,128667,78573,2491
2569,pv_30_z_1,pv_30,,,1,ely_y2569_id_03347cbc-6089-474c-a3f6-484ae981c9a6,03347cbc-6089-474c-a3f6-484ae981c9a6,43,ely_y2569_id_c73658b1-013e-47f0-ad0f-95e69afb90c9,720,0.9472811714710486,8,128667,78573,2491
2569,pv_30_z_1,pv_30,,,1,ely_y2569_id_a62aca08-91b7-4f3f-ba8f-cb9e884a3799,a62aca08-91b7-4f3f-ba8f-cb9e884a3799,42,ely_y2569_id_961ebdc7-e2c0-48b2-8acf-171f90070133,534,0.7025668688410278,9,128667,78573,2491
2569,pv_30_z_1,pv_30,,,1,ely_y2569_id_2ee17641-917b-4ea0-8c19-da383e03e915,2ee17641-917b-4ea0-8c19-da383e03e915,44,ely_y2569_id_db5020a0-5869-4553-9c70-3237dbaeb185,495,0.651255805386346,10,128667,78573,2491
2569,pv_30_z_1,pv_30,,,1,ely_y2569_id_e9f5dc95-0d5c-46bc-8e2c-be791faa2b27,e9f5dc95-0d5c-46bc-8e2c-be791faa2b27,5,ely_y2569_id_6e0f812c-48c8-4201-99fe-4e9497d5814e,335,0.4407488783927796,11,128667,78573,2491
2569,pv_30_z_1,pv_30,,,1,ely_y2569_id_339fa187-133c-4766-a6c2-36d1b32cda8f,339fa187-133c-4766-a6c2-36d1b32cda8f,23,ely_y2569_id_b1a6a033-20ae-4215-a918-986787adf819,243,0.31970739537147896,12,128667,78573,2491
2569,pv_30_z_1,pv_30,,,1,ely_y2569_id_a7d9474b-c0c9-400e-8f31-914573c2f1ec,,58,ely_y2569_id_d3b1925c-bcab-4968-b1d8-bea8b900ffaf,184,0.24208296604260135,13,128667,78573,2491
2569,pv_36_z_2,pv_36,,,2,ely_y2569_id_2d8a1c84-0bc8-4377-965d-c020a0097c27,2d8a1c84-0bc8-4377-965d-c020a0097c27,9,ely_y2569_id_3840ee72-f59f-4a67-b738-08e11fe4f988,52437,69.20001055743244,1,133561,75776,4745
2569,pv_36_z_2,pv_36,,,2,ely_y2569_id_1116011c-1ef3-4cca-a186-c1b9f7984ede,1116011c-1ef3-4cca-a186-c1b9f7984ede,46,ely_y2569_id_25f6ae74-135d-4a35-8fdb-5198ef463ccf,14055,18.54808910472973,2,133561,75776,4745
2569,pv_36_z_2,pv_36,,,2,ely_y2569_id_013c219e-e197-416d-84ea-00ba9c35465e,013c219e-e197-416d-84ea-00ba9c35465e,37,ely_y2569_id_2acddc2c-2fcb-44fd-8de8-72fef8ad8140,3396,4.4816300675675675,3,133561,75776,4745
2569,pv_36_z_2,pv_36,,,2,ely_y2569_id_115da917-bf32-4e96-a2ae-b7818d0909ee,115da917-bf32-4e96-a2ae-b7818d0909ee,6,ely_y2569_id_c8ec6639-3a09-467f-8c42-bd5aaa2312a1,1817,2.3978568412162162,4,133561,75776,4745
2569,pv_36_z_2,pv_36,,,2,ely_y2569_id_0c044088-618b-49af-a291-fb28ffe9e0f8,0c044088-618b-49af-a291-fb28ffe9e0f8,11,ely_y2569_id_0d2180dc-37ef-43e9-84dd-3831b6330350,1629,2.149757179054054,5,133561,75776,4745
2569,pv_36_z_2,pv_36,,,2,ely_y2569_id_d7155f6d-736d-42c0-8bc0-00ee6e1970dc,d7155f6d-736d-42c0-8bc0-00ee6e1970dc,27,ely_y2569_id_7b1d9770-d852-4795-9e52-e8b15c9f024e,1241,1.6377217060810811,6,133561,75776,4745
2569,pv_36_z_2,pv_36,,,2,ely_y2569_id_965b4b93-c01e-4a2b-a987-577f2b99ebb4,965b4b93-c01e-4a2b-a987-577f2b99ebb4,49,ely_y2569_id_0954aca2-3c9f-44e0-9b89-b1000fe175b9,1201,1.5849345439189189,7,133561,75776,4745
2569,pv_31_z_2,pv_31,,,2,ely_y2569_id_013c219e-e197-416d-84ea-00ba9c35465e,013c219e-e197-416d-84ea-00ba9c35465e,37,ely_y2569_id_631e75f0-bbb5-469b-91c7-6f1e20fea238,54410,71.81037099605379,1,127640,76908,4143
2569,pv_31_z_2,pv_31,,,2,ely_y2569_id_1116011c-1ef3-4cca-a186-c1b9f7984ede,1116011c-1ef3-4cca-a186-c1b9f7984ede,46,ely_y2569_id_7a2a5c4a-c5bd-441f-bd5d-62c582690b16,13625,17.982288270928745,2,127640,76908,4143
2569,pv_31_z_2,pv_31,,,2,ely_y2569_id_2d8a1c84-0bc8-4377-965d-c020a0097c27,2d8a1c84-0bc8-4377-965d-c020a0097c27,9,ely_y2569_id_1d2ac0a2-82ab-4812-980e-a676c5ab2fec,3701,4.8845834048225525,3,127640,76908,4143
2569,pv_31_z_2,pv_31,,,2,ely_y2569_id_0c044088-618b-49af-a291-fb28ffe9e0f8,0c044088-618b-49af-a291-fb28ffe9e0f8,11,ely_y2569_id_4e31a5b5-fddb-44ad-ad4a-607f2ecc8a65,1109,1.4636592801805488,4,127640,76908,4143
2569,pv_31_z_2,pv_31,,,2,ely_y2569_id_7ffe2115-72d1-4d71-9962-03ff61afc67c,,31,ely_y2569_id_2aeacae5-cfe0-4aa0-aefd-41cc74526a59,790,1.042642769470364,5,127640,76908,4143
2569,pv_31_z_2,pv_31,,,2,ely_y2569_id_d7155f6d-736d-42c0-8bc0-00ee6e1970dc,d7155f6d-736d-42c0-8bc0-00ee6e1970dc,27,ely_y2569_id_560e139d-cbc5-48e1-b316-ac496c9caf11,739,0.9753329197956948,6,127640,76908,4143
2569,pv_31_z_2,pv_31,,,2,ely_y2569_id_339fa187-133c-4766-a6c2-36d1b32cda8f,339fa187-133c-4766-a6c2-36d1b32cda8f,23,ely_y2569_id_39b5c5d5-4449-4ce7-8662-1cf86809d995,605,0.7984795892779369,7,127640,76908,4143
2569,pv_31_z_2,pv_31,,,2,ely_y2569_id_115da917-bf32-4e96-a2ae-b7818d0909ee,115da917-bf32-4e96-a2ae-b7818d0909ee,6,ely_y2569_id_547545b8-7ad5-4eee-81f0-29081793093f,559,0.7377687444733334,8,127640,76908,4143
2569,pv_31_z_2,pv_31,,,2,ely_y2569_id_a62aca08-91b7-4f3f-ba8f-cb9e884a3799,a62aca08-91b7-4f3f-ba8f-cb9e884a3799,42,ely_y2569_id_0ea28ee0-5295-4a18-a953-5546c348a587,231,0.3048740249970304,9,127640,76908,4143
2569,pv_46_z_2,pv_46,,,2,ely_y2569_id_2d8a1c84-0bc8-4377-965d-c020a0097c27,2d8a1c84-0bc8-4377-965d-c020a0097c27,9,ely_y2569_id_f4f56e23-a206-4945-a1b8-dc0b5579e8d6,43248,57.09759188846641,1,126190,75859,3952
2569,pv_46_z_2,pv_46,,,2,ely_y2569_id_1116011c-1ef3-4cca-a186-c1b9f7984ede,1116011c-1ef3-4cca-a186-c1b9f7984ede,46,ely_y2569_id_1ef58fea-c205-4efb-8746-e44c42093d9a,17811,23.514733840304185,2,126190,75859,3952
2569,pv_46_z_2,pv_46,,,2,ely_y2569_id_013c219e-e197-416d-84ea-00ba9c35465e,013c219e-e197-416d-84ea-00ba9c35465e,37,ely_y2569_id_502355b2-5eb2-4380-9d0a-fce5cf1565d2,7909,10.441751161808197,3,126190,75859,3952
2569,pv_46_z_2,pv_46,,,2,ely_y2569_id_0c044088-618b-49af-a291-fb28ffe9e0f8,0c044088-618b-49af-a291-fb28ffe9e0f8,11,ely_y2569_id_213eba71-d67a-44c6-b9a0-ac7f70260519,1798,2.3737853823405155,4,126190,75859,3952
2569,pv_46_z_2,pv_46,,,2,ely_y2569_id_bdd306a2-80c7-4d7b-a7ff-8dc1ec9fcc76,bdd306a2-80c7-4d7b-a7ff-8dc1ec9fcc76,10,ely_y2569_id_5f4e0587-d45a-4c03-868d-f3ea7efe772c,1523,2.010720321081538,5,126190,75859,3952
2569,pv_46_z_2,pv_46,,,2,ely_y2569_id_a62aca08-91b7-4f3f-ba8f-cb9e884a3799,a62aca08-91b7-4f3f-ba8f-cb9e884a3799,42,ely_y2569_id_8b58067c-2250-4fc7-9698-90726c51b2f1,1191,1.5724017743979721,6,126190,75859,3952
2569,pv_46_z_2,pv_46,,,2,ely_y2569_id_d7155f6d-736d-42c0-8bc0-00ee6e1970dc,d7155f6d-736d-42c0-8bc0-00ee6e1970dc,27,ely_y2569_id_2079eed2-a2f3-4c1b-af34-7f87b768d64e,1162,1.53411491339248,7,126190,75859,3952
2569,pv_46_z_2,pv_46,,,2,ely_y2569_id_03347cbc-6089-474c-a3f6-484ae981c9a6,03347cbc-6089-474c-a3f6-484ae981c9a6,43,ely_y2569_id_d07c4bbc-9856-4e71-99c6-ae54877035ae,480,0.6337135614702154,8,126190,75859,3952
2569,pv_46_z_2,pv_46,,,2,ely_y2569_id_115da917-bf32-4e96-a2ae-b7818d0909ee,115da917-bf32-4e96-a2ae-b7818d0909ee,6,ely_y2569_id_fc30ca50-baf6-4d14-9267-910fefd4f0aa,459,0.6059885931558935,9,126190,75859,3952
2569,pv_46_z_2,pv_46,,,2,ely_y2569_id_d1964fe3-2dd0-43d5-a190-77fbfaf586b2,,8,ely_y2569_id_83234a34-829f-46c5-97df-b6d5c78b7175,163,0.215198563582594,10,126190,75859,3952
2569,pv_15_z_2,pv_15,,,2,ely_y2569_id_013c219e-e197-416d-84ea-00ba9c35465e,013c219e-e197-416d-84ea-00ba9c35465e,37,ely_y2569_id_59d3f22d-ff46-4448-8b5a-882cc3c6fe94,57385,75.78679063379073,1,112423,75719,5059
2569,pv_15_z_2,pv_15,,,2,ely_y2569_id_1116011c-1ef3-4cca-a186-c1b9f7984ede,1116011c-1ef3-4cca-a186-c1b9f7984ede,46,ely_y2569_id_4849d0f2-3c9c-4da6-8ac8-4dfd24de8e0d,13263,17.516079187522287,2,112423,75719,5059
2569,pv_15_z_2,pv_15,,,2,ely_y2569_id_2d8a1c84-0bc8-4377-965d-c020a0097c27,2d8a1c84-0bc8-4377-965d-c020a0097c27,9,ely_y2569_id_b305c972-f9c0-4d83-b6c2-db873b6f35ec,3959,5.228542373776727,3,112423,75719,5059
2569,pv_15_z_2,pv_15,,,2,ely_y2569_id_d7155f6d-736d-42c0-8bc0-00ee6e1970dc,d7155f6d-736d-42c0-8bc0-00ee6e1970dc,27,ely_y2569_id_5e787afb-a738-4efb-97de-de57357dc5f9,1112,1.4685878049102603,4,112423,75719,5059
2569,pv_60_z_6,pv_60,,,6,ely_y2569_id_013c219e-e197-416d-84ea-00ba9c35465e,013c219e-e197-416d-84ea-00ba9c35465e,37,ely_y2569_id_9c6fe38c-9641-499f-b5a6-ee369db9f212,33389,44.11457714006368,1,136823,75687,6389
2569,pv_60_z_6,pv_60,,,6,ely_y2569_id_a62aca08-91b7-4f3f-ba8f-cb9e884a3799,a62aca08-91b7-4f3f-ba8f-cb9e884a3799,42,ely_y2569_id_4c91f6cc-1d4a-475b-a9d7-e243641bd5af,29956,39.578791602256665,2,136823,75687,6389
2569,pv_60_z_6,pv_60,,,6,ely_y2569_id_1116011c-1ef3-4cca-a186-c1b9f7984ede,1116011c-1ef3-4cca-a186-c1b9f7984ede,46,ely_y2569_id_be5059ae-b027-4a48-b035-fbf668f44122,8486,11.211965066656097,3,136823,75687,6389
2569,pv_60_z_6,pv_60,,,6,ely_y2569_id_2d8a1c84-0bc8-4377-965d-c020a0097c27,2d8a1c84-0bc8-4377-965d-c020a0097c27,9,ely_y2569_id_15239d2b-663b-4468-ad6b-ef3bc6b7d820,2470,3.2634402209097995,4,136823,75687,6389
2569,pv_60_z_6,pv_60,,,6,ely_y2569_id_d7155f6d-736d-42c0-8bc0-00ee6e1970dc,d7155f6d-736d-42c0-8bc0-00ee6e1970dc,27,ely_y2569_id_f705e93b-d6eb-4840-9e0f-85935d8a46f6,770,1.0173477611743098,5,136823,75687,6389
2569,pv_60_z_6,pv_60,,,6,ely_y2569_id_0c044088-618b-49af-a291-fb28ffe9e0f8,0c044088-618b-49af-a291-fb28ffe9e0f8,11,ely_y2569_id_716f1127-46a3-4a3f-8d69-e8780e3a272b,470,0.6209785035739295,6,136823,75687,6389
2569,pv_60_z_6,pv_60,,,6,ely_y2569_id_d1964fe3-2dd0-43d5-a190-77fbfaf586b2,,8,ely_y2569_id_43dd4358-30fc-4699-a93b-109f94718417,90,0.11891077728011415,7,136823,75687,6389
2569,pv_60_z_6,pv_60,,,6,ely_y2569_id_03347cbc-6089-474c-a3f6-484ae981c9a6,03347cbc-6089-474c-a3f6-484ae981c9a6,43,ely_y2569_id_321d6ff7-bf4f-47a4-8369-b03530197b25,56,0.07398892808540436,8,136823,75687,6389
2569,pv_72_z_2,pv_72,,,2,ely_y2569_id_013c219e-e197-416d-84ea-00ba9c35465e,013c219e-e197-416d-84ea-00ba9c35465e,37,ely_y2569_id_5f6b480b-74f4-4446-9406-a706844e4858,42523,56.23470912625468,1,129576,75617,3927
2569,pv_72_z_2,pv_72,,,2,ely_y2569_id_1116011c-1ef3-4cca-a186-c1b9f7984ede,1116011c-1ef3-4cca-a186-c1b9f7984ede,46,ely_y2569_id_0c60b35f-7882-45c9-82ab-ee8808fc3ab9,19564,25.8724889905709,2,129576,75617,3927
2569,pv_72_z_2,pv_72,,,2,ely_y2569_id_a62aca08-91b7-4f3f-ba8f-cb9e884a3799,a62aca08-91b7-4f3f-ba8f-cb9e884a3799,42,ely_y2569_id_986eef5e-419f-4846-b9e2-597a869e84b5,7590,10.037425446658819,3,129576,75617,3927
2569,pv_72_z_2,pv_72,,,2,ely_y2569_id_2d8a1c84-0bc8-4377-965d-c020a0097c27,2d8a1c84-0bc8-4377-965d-c020a0097c27,9,ely_y2569_id_96b6cdad-7b01-4efc-a0f3-c40cc874a612,3609,4.77273628945872,4,129576,75617,3927
2569,pv_72_z_2,pv_72,,,2,ely_y2569_id_0c044088-618b-49af-a291-fb28ffe9e0f8,0c044088-618b-49af-a291-fb28ffe9e0f8,11,ely_y2569_id_f321021c-9cd5-4b4a-b891-fd8155e37fd6,986,1.3039395903037676,5,129576,75617,3927
2569,pv_72_z_2,pv_72,,,2,ely_y2569_id_d7155f6d-736d-42c0-8bc0-00ee6e1970dc,d7155f6d-736d-42c0-8bc0-00ee6e1970dc,27,ely_y2569_id_676b20cb-6271-4a70-8f2f-efb0fe656957,812,1.0738326037795733,6,129576,75617,3927
2569,pv_72_z_2,pv_72,,,2,ely_y2569_id_bd8d9f14-f757-41fb-8f37-d6128d9d012d,bd8d9f14-f757-41fb-8f37-d6128d9d012d,7,ely_y2569_id_c6145e40-18d6-44e8-896f-1786a6098c65,533,0.7048679529735377,7,129576,75617,3927
2569,pv_33_z_5,pv_33,,,5,ely_y2569_id_013c219e-e197-416d-84ea-00ba9c35465e,013c219e-e197-416d-84ea-00ba9c35465e,37,ely_y2569_id_cc8014be-3b37-43d0-8885-da8d984b4cb0,37079,49.05343370067074,1,127678,75589,4824
2569,pv_33_z_5,pv_33,,,5,ely_y2569_id_2d8a1c84-0bc8-4377-965d-c020a0097c27,2d8a1c84-0bc8-4377-965d-c020a0097c27,9,ely_y2569_id_3da68c4f-59ee-4985-935e-ca4eea886a63,24402,32.28247496328831,2,127678,75589,4824
2569,pv_33_z_5,pv_33,,,5,ely_y2569_id_1116011c-1ef3-4cca-a186-c1b9f7984ede,1116011c-1ef3-4cca-a186-c1b9f7984ede,46,ely_y2569_id_66c8882d-c139-4660-8158-9e94e1ca9c2d,10562,13.97293256955377,3,127678,75589,4824
2569,pv_33_z_5,pv_33,,,5,ely_y2569_id_0c044088-618b-49af-a291-fb28ffe9e0f8,0c044088-618b-49af-a291-fb28ffe9e0f8,11,ely_y2569_id_a563e51e-aaa3-4b3f-801c-ab1c2867b5b7,1035,1.3692468480863618,4,127678,75589,4824
2569,pv_33_z_5,pv_33,,,5,ely_y2569_id_7ffe2115-72d1-4d71-9962-03ff61afc67c,,31,ely_y2569_id_8ddff385-7333-4e48-94b8-d35aebfd2c6e,842,1.1139186918731563,5,127678,75589,4824
2569,pv_33_z_5,pv_33,,,5,ely_y2569_id_d7155f6d-736d-42c0-8bc0-00ee6e1970dc,d7155f6d-736d-42c0-8bc0-00ee6e1970dc,27,ely_y2569_id_066db407-237a-4555-a71c-80e21458a8e3,616,0.814933389778936,6,127678,75589,4824
2569,pv_33_z_5,pv_33,,,5,ely_y2569_id_a62aca08-91b7-4f3f-ba8f-cb9e884a3799,a62aca08-91b7-4f3f-ba8f-cb9e884a3799,42,ely_y2569_id_db0a0048-44f8-442f-8bea-13e90d277fc8,596,0.7884745134874123,7,127678,75589,4824
2569,pv_33_z_5,pv_33,,,5,ely_y2569_id_115da917-bf32-4e96-a2ae-b7818d0909ee,115da917-bf32-4e96-a2ae-b7818d0909ee,6,ely_y2569_id_f9dcfb0e-7720-4cfd-9399-015c783892e6,374,0.49478098665149695,8,127678,75589,4824
2569,pv_33_z_5,pv_33,,,5,ely_y2569_id_339fa187-133c-4766-a6c2-36d1b32cda8f,339fa187-133c-4766-a6c2-36d1b32cda8f,23,ely_y2569_id_a7726a53-fd1c-4285-972d-7e429e58a304,83,0.10980433660982417,9,127678,75589,4824
2569,pv_39_z_2,pv_39,,,2,ely_y2569_id_2d8a1c84-0bc8-4377-965d-c020a0097c27,2d8a1c84-0bc8-4377-965d-c020a0097c27,9,ely_y2569_id_74e6e415-0373-4065-af35-4258f9b6aa73,34756,46.16712936519533,1,136024,75283,3921
2569,pv_39_z_2,pv_39,,,2,ely_y2569_id_a62aca08-91b7-4f3f-ba8f-cb9e884a3799,a62aca08-91b7-4f3f-ba8f-cb9e884a3799,42,ely_y2569_id_c41934b9-406a-46be-b6ed-e5094ade2920,15071,20.019127824342814,2,136024,75283,3921
2569,pv_39_z_2,pv_39,,,2,ely_y2569_id_1116011c-1ef3-4cca-a186-c1b9f7984ede,1116011c-1ef3-4cca-a186-c1b9f7984ede,46,ely_y2569_id_9a4a0054-1c46-42f3-bbc8-d88ccf7205b4,13907,18.472962023298752,3,136024,75283,3921
2569,pv_39_z_2,pv_39,,,2,ely_y2569_id_013c219e-e197-416d-84ea-00ba9c35465e,013c219e-e197-416d-84ea-00ba9c35465e,37,ely_y2569_id_b0d22b8d-4b8f-4d78-a583-16219e5c5bc3,7258,9.64095479723178,4,136024,75283,3921
2569,pv_39_z_2,pv_39,,,2,ely_y2569_id_0c044088-618b-49af-a291-fb28ffe9e0f8,0c044088-618b-49af-a291-fb28ffe9e0f8,11,ely_y2569_id_fae7dbec-7689-40c6-afda-7fef37779b65,1718,2.2820557097883984,5,136024,75283,3921
2569,pv_39_z_2,pv_39,,,2,ely_y2569_id_03347cbc-6089-474c-a3f6-484ae981c9a6,03347cbc-6089-474c-a3f6-484ae981c9a6,43,ely_y2569_id_ddc2e065-871f-4f65-bec9-0262c3a29246,792,1.0520303388547214,6,136024,75283,3921
2569,pv_39_z_2,pv_39,,,2,ely_y2569_id_d7155f6d-736d-42c0-8bc0-00ee6e1970dc,d7155f6d-736d-42c0-8bc0-00ee6e1970dc,27,ely_y2569_id_8d7ff492-6260-4779-bcc1-11ea2eb355f8,762,1.0121807048071942,7,136024,75283,3921
2569,pv_39_z_2,pv_39,,,2,ely_y2569_id_965b4b93-c01e-4a2b-a987-577f2b99ebb4,965b4b93-c01e-4a2b-a987-577f2b99ebb4,49,ely_y2569_id_5436c13d-9b16-42b0-8d59-c8a6cfe1e2ed,364,0.48350889310999834,8,136024,75283,3921
2569,pv_39_z_2,pv_39,,,2,ely_y2569_id_176cafa7-3601-4b12-9b92-e8301267096e,,52,ely_y2569_id_9c43b89a-96d7-48ca-99fc-833211349fa5,239,0.3174687512453011,9,136024,75283,3921
2569,pv_39_z_2,pv_39,,,2,ely_y2569_id_115da917-bf32-4e96-a2ae-b7818d0909ee,115da917-bf32-4e96-a2ae-b7818d0909ee,6,ely_y2569_id_d80c6155-0923-4a3d-a864-f28d37005fdf,237,0.3148121089754659,10,136024,75283,3921
2569,pv_39_z_2,pv_39,,,2,ely_y2569_id_d1964fe3-2dd0-43d5-a190-77fbfaf586b2,,8,ely_y2569_id_d38cf19c-1e13-4427-9714-c2c02d260247,179,0.23776948315024643,11,136024,75283,3921
2569,pv_26_z_2,pv_26,,,2,ely_y2569_id_013c219e-e197-416d-84ea-00ba9c35465e,013c219e-e197-416d-84ea-00ba9c35465e,37,ely_y2569_id_1addca56-caec-4d78-bd6c-042928f48ba7,32672,43.482079878624944,1,108945,75139,4718
2569,pv_26_z_2,pv_26,,,2,ely_y2569_id_a62aca08-91b7-4f3f-ba8f-cb9e884a3799,a62aca08-91b7-4f3f-ba8f-cb9e884a3799,42,ely_y2569_id_b8f65d0a-7f86-4554-abb1-ae9bfbea15e9,27168,36.15698904696629,2,108945,75139,4718
2569,pv_26_z_2,pv_26,,,2,ely_y2569_id_1116011c-1ef3-4cca-a186-c1b9f7984ede,1116011c-1ef3-4cca-a186-c1b9f7984ede,46,ely_y2569_id_a9e18273-324e-4a2b-b0e2-612d45820c0b,12342,16.42555796590319,3,108945,75139,4718
2569,pv_26_z_2,pv_26,,,2,ely_y2569_id_d7155f6d-736d-42c0-8bc0-00ee6e1970dc,d7155f6d-736d-42c0-8bc0-00ee6e1970dc,27,ely_y2569_id_e6848e17-2c47-4c25-8b15-f42c960794e0,1311,1.7447663663343937,4,108945,75139,4718
2569,pv_26_z_2,pv_26,,,2,ely_y2569_id_03347cbc-6089-474c-a3f6-484ae981c9a6,03347cbc-6089-474c-a3f6-484ae981c9a6,43,ely_y2569_id_a70ad15b-ac3c-4205-b353-587408961641,923,1.2283900504398515,5,108945,75139,4718
2569,pv_26_z_2,pv_26,,,2,ely_y2569_id_b6a2dc38-6f7d-4865-a6e0-a1b60a2edf32,,30,ely_y2569_id_0228b28a-d78c-4878-838b-0cf1a059f439,723,0.9622166917313246,6,108945,75139,4718
2569,pv_15_z_1,pv_15,,,1,ely_y2569_id_013c219e-e197-416d-84ea-00ba9c35465e,013c219e-e197-416d-84ea-00ba9c35465e,37,ely_y2569_id_e0aa40dd-730b-4453-9024-f58c42e47c0f,52703,70.24912360209535,1,111666,75023,4107
2569,pv_15_z_1,pv_15,,,1,ely_y2569_id_1116011c-1ef3-4cca-a186-c1b9f7984ede,1116011c-1ef3-4cca-a186-c1b9f7984ede,46,ely_y2569_id_d06a643e-5325-44ea-835c-1a080e71fc07,16923,22.557082494701625,2,111666,75023,4107
2569,pv_15_z_1,pv_15,,,1,ely_y2569_id_2d8a1c84-0bc8-4377-965d-c020a0097c27,2d8a1c84-0bc8-4377-965d-c020a0097c27,9,ely_y2569_id_cb094519-e93b-4f61-afce-56e85d594d5f,4009,5.343694600322568,3,111666,75023,4107
2569,pv_15_z_1,pv_15,,,1,ely_y2569_id_d7155f6d-736d-42c0-8bc0-00ee6e1970dc,d7155f6d-736d-42c0-8bc0-00ee6e1970dc,27,ely_y2569_id_9b37c230-ff4b-4303-833f-b9eac637b1ea,749,0.9983605027791477,4,111666,75023,4107
2569,pv_15_z_1,pv_15,,,1,ely_y2569_id_a62aca08-91b7-4f3f-ba8f-cb9e884a3799,a62aca08-91b7-4f3f-ba8f-cb9e884a3799,42,ely_y2569_id_7fb97b46-d97c-4b9e-b29c-469a711f0fd9,345,0.4598589765805153,5,111666,75023,4107
2569,pv_15_z_1,pv_15,,,1,ely_y2569_id_03347cbc-6089-474c-a3f6-484ae981c9a6,03347cbc-6089-474c-a3f6-484ae981c9a6,43,ely_y2569_id_802157b6-1edb-4373-828f-17c08947fa72,294,0.391879823520787,6,111666,75023,4107
2569,pv_74_z_1,pv_74,,,1,ely_y2569_id_1116011c-1ef3-4cca-a186-c1b9f7984ede,1116011c-1ef3-4cca-a186-c1b9f7984ede,46,ely_y2569_id_c162e10f-d5a9-4962-8277-66c3f791d3df,30284,40.46607338517865,1,119393,76409,2379
2569,pv_74_z_1,pv_74,,,1,ely_y2569_id_d7155f6d-736d-42c0-8bc0-00ee6e1970dc,d7155f6d-736d-42c0-8bc0-00ee6e1970dc,27,ely_y2569_id_3fefde6c-9ed2-4df6-a7a9-c77e915fb6cc,21200,28.327854833106176,2,119393,76409,2379
2569,pv_74_z_1,pv_74,,,1,ely_y2569_id_013c219e-e197-416d-84ea-00ba9c35465e,013c219e-e197-416d-84ea-00ba9c35465e,37,ely_y2569_id_ad76018d-bf58-4d26-a144-7a2b88544a79,10546,14.091771559902725,3,119393,76409,2379
2569,pv_74_z_1,pv_74,,,1,ely_y2569_id_2d8a1c84-0bc8-4377-965d-c020a0097c27,2d8a1c84-0bc8-4377-965d-c020a0097c27,9,ely_y2569_id_13123686-f5ef-4aac-8c99-1332e944a12e,6314,8.436890349822283,4,119393,76409,2379
2569,pv_74_z_1,pv_74,,,1,ely_y2569_id_a62aca08-91b7-4f3f-ba8f-cb9e884a3799,a62aca08-91b7-4f3f-ba8f-cb9e884a3799,42,ely_y2569_id_8a60dafc-03b3-4be6-bf34-eda3f1bce0ab,2305,3.079986103316497,5,119393,76409,2379
2569,pv_74_z_1,pv_74,,,1,ely_y2569_id_0c044088-618b-49af-a291-fb28ffe9e0f8,0c044088-618b-49af-a291-fb28ffe9e0f8,11,ely_y2569_id_390366dc-a959-4098-b7d8-72b26f003429,1465,1.9575616665330449,6,119393,76409,2379
2569,pv_74_z_1,pv_74,,,1,ely_y2569_id_115da917-bf32-4e96-a2ae-b7818d0909ee,115da917-bf32-4e96-a2ae-b7818d0909ee,6,ely_y2569_id_0a8329ee-255c-4e6f-9237-fa3a4ba63dd4,926,1.2373393195969962,7,119393,76409,2379
2569,pv_74_z_1,pv_74,,,1,ely_y2569_id_cb1b6cf2-41fa-49b1-a060-01acf13edc81,cb1b6cf2-41fa-49b1-a060-01acf13edc81,48,ely_y2569_id_bacdaa98-b7ce-4294-ae1b-a1d0e6b4faa4,900,1.2025976108394132,8,119393,76409,2379
2569,pv_74_z_1,pv_74,,,1,ely_y2569_id_03347cbc-6089-474c-a3f6-484ae981c9a6,03347cbc-6089-474c-a3f6-484ae981c9a6,43,ely_y2569_id_29c9f5b2-6f86-42d6-bb15-c409ce5e6c36,898,1.1999251717042145,9,119393,76409,2379
2569,pv_34_z_11,pv_34,,,11,ely_y2569_id_013c219e-e197-416d-84ea-00ba9c35465e,013c219e-e197-416d-84ea-00ba9c35465e,37,ely_y2569_id_29171f4f-8d86-4ad2-a2c0-4f1817edcd39,54260,72.52750190474917,1,135372,74813,4442
2569,pv_34_z_11,pv_34,,,11,ely_y2569_id_1116011c-1ef3-4cca-a186-c1b9f7984ede,1116011c-1ef3-4cca-a186-c1b9f7984ede,46,ely_y2569_id_e8f68322-4014-490b-9957-113921a0094a,11256,15.045513480277492,2,135372,74813,4442
2569,pv_34_z_11,pv_34,,,11,ely_y2569_id_2d8a1c84-0bc8-4377-965d-c020a0097c27,2d8a1c84-0bc8-4377-965d-c020a0097c27,9,ely_y2569_id_10ffa7b6-27d1-43c2-8d03-939666fa948b,4267,5.703554195126515,3,135372,74813,4442
2569,pv_34_z_11,pv_34,,,11,ely_y2569_id_cb1b6cf2-41fa-49b1-a060-01acf13edc81,cb1b6cf2-41fa-49b1-a060-01acf13edc81,48,ely_y2569_id_0d326626-e93e-4127-ae7d-9c4acfaded62,2591,3.463301832569206,4,135372,74813,4442
2569,pv_34_z_11,pv_34,,,11,ely_y2569_id_115da917-bf32-4e96-a2ae-b7818d0909ee,115da917-bf32-4e96-a2ae-b7818d0909ee,6,ely_y2569_id_cd1dc10a-f4f3-438d-be94-9eb1a17ddae8,990,1.3232994265702485,5,135372,74813,4442
2569,pv_34_z_11,pv_34,,,11,ely_y2569_id_d7155f6d-736d-42c0-8bc0-00ee6e1970dc,d7155f6d-736d-42c0-8bc0-00ee6e1970dc,27,ely_y2569_id_83985ff2-a1d3-4280-8fd7-493e1f4b9a69,733,0.9797762420969618,6,135372,74813,4442
2569,pv_34_z_11,pv_34,,,11,ely_y2569_id_a62aca08-91b7-4f3f-ba8f-cb9e884a3799,a62aca08-91b7-4f3f-ba8f-cb9e884a3799,42,ely_y2569_id_93f64188-431e-41bd-9f5a-ba3f97933a06,716,0.9570529186104019,7,135372,74813,4442
2569,pv_40_z_11,pv_40,,,11,ely_y2569_id_013c219e-e197-416d-84ea-00ba9c35465e,013c219e-e197-416d-84ea-00ba9c35465e,37,ely_y2569_id_184bf6da-367b-4342-99ba-5cb1dc0c25e6,47777,63.961925672057404,1,131498,74894,4359
2569,pv_40_z_11,pv_40,,,11,ely_y2569_id_2d8a1c84-0bc8-4377-965d-c020a0097c27,2d8a1c84-0bc8-4377-965d-c020a0097c27,9,ely_y2569_id_387f2c5e-0933-4548-a5fd-e0fb7b54eade,13467,18.029077862268394,2,131498,74894,4359
2569,pv_40_z_11,pv_40,,,11,ely_y2569_id_1116011c-1ef3-4cca-a186-c1b9f7984ede,1116011c-1ef3-4cca-a186-c1b9f7984ede,46,ely_y2569_id_6b07bc79-34d7-41bc-8018-023151e52456,11212,15.010174574274393,3,131498,74894,4359
2569,pv_40_z_11,pv_40,,,11,ely_y2569_id_d7155f6d-736d-42c0-8bc0-00ee6e1970dc,d7155f6d-736d-42c0-8bc0-00ee6e1970dc,27,ely_y2569_id_94ca6e3b-9e82-43e2-beca-60b39879c99c,817,1.0937667344971618,4,131498,74894,4359
2569,pv_40_z_11,pv_40,,,11,ely_y2569_id_f9cadd57-8256-49aa-9386-0da392b19fc2,f9cadd57-8256-49aa-9386-0da392b19fc2,29,ely_y2569_id_a40167eb-83ac-499d-9976-2f65c0d11ade,712,0.9531969583377958,5,131498,74894,4359
2569,pv_40_z_11,pv_40,,,11,ely_y2569_id_a62aca08-91b7-4f3f-ba8f-cb9e884a3799,a62aca08-91b7-4f3f-ba8f-cb9e884a3799,42,ely_y2569_id_1ec09157-d356-4b0c-b06e-a7b3f424f95c,392,0.5247938309949662,6,131498,74894,4359
2569,pv_40_z_11,pv_40,,,11,ely_y2569_id_965b4b93-c01e-4a2b-a987-577f2b99ebb4,965b4b93-c01e-4a2b-a987-577f2b99ebb4,49,ely_y2569_id_662bf4a0-3e92-4c14-97cf-8a6ffe3d935e,319,0.4270643675698833,7,131498,74894,4359
2569,pv_34_z_6,pv_34,,,6,ely_y2569_id_2d8a1c84-0bc8-4377-965d-c020a0097c27,2d8a1c84-0bc8-4377-965d-c020a0097c27,9,ely_y2569_id_ba859406-d574-49b8-b221-b4ba8279b334,31887,42.75543041029767,1,132041,74580,4884
2569,pv_34_z_6,pv_34,,,6,ely_y2569_id_e3ad415e-cb0c-4922-adb3-4624e857d801,,21,ely_y2569_id_c0a5c2ce-bf38-4e28-8a7a-0d9b76d9d3a1,30154,40.43175113971574,2,132041,74580,4884
2569,pv_34_z_6,pv_34,,,6,ely_y2569_id_1116011c-1ef3-4cca-a186-c1b9f7984ede,1116011c-1ef3-4cca-a186-c1b9f7984ede,46,ely_y2569_id_9b0c8d9f-0395-4c3f-89e2-36f2f407bbf5,9017,12.090372754089568,3,132041,74580,4884
2569,pv_34_z_6,pv_34,,,6,ely_y2569_id_013c219e-e197-416d-84ea-00ba9c35465e,013c219e-e197-416d-84ea-00ba9c35465e,37,ely_y2569_id_90f73c69-2484-4bb8-b1b7-06df69a17a30,2535,3.399034593724859,4,132041,74580,4884
2569,pv_34_z_6,pv_34,,,6,ely_y2569_id_d7155f6d-736d-42c0-8bc0-00ee6e1970dc,d7155f6d-736d-42c0-8bc0-00ee6e1970dc,27,ely_y2569_id_daa5df29-91e4-4432-aca3-3e4ebb37d620,532,0.7133279699651381,5,132041,74580,4884
2569,pv_34_z_6,pv_34,,,6,ely_y2569_id_d1964fe3-2dd0-43d5-a190-77fbfaf586b2,,8,ely_y2569_id_8ae71a85-e09b-4bc1-a073-104fb455dd9a,455,0.610083132207026,6,132041,74580,4884
2569,pv_90_z_2,pv_90,,,2,ely_y2569_id_d7155f6d-736d-42c0-8bc0-00ee6e1970dc,d7155f6d-736d-42c0-8bc0-00ee6e1970dc,27,ely_y2569_id_ceb54843-cf41-415b-a5ac-c55626e5fda2,30686,41.162740784461015,1,108657,75197,1740
2569,pv_90_z_2,pv_90,,,2,ely_y2569_id_1116011c-1ef3-4cca-a186-c1b9f7984ede,1116011c-1ef3-4cca-a186-c1b9f7984ede,46,ely_y2569_id_7136f2d5-b575-457f-bccd-c555c6c90e30,21162,28.387079465579223,2,108657,75197,1740
2569,pv_90_z_2,pv_90,,,2,ely_y2569_id_013c219e-e197-416d-84ea-00ba9c35465e,013c219e-e197-416d-84ea-00ba9c35465e,37,ely_y2569_id_132c27d7-038b-4de5-9513-239032d321f4,17740,23.796748403713046,3,108657,75197,1740
2569,pv_90_z_2,pv_90,,,2,ely_y2569_id_0c044088-618b-49af-a291-fb28ffe9e0f8,0c044088-618b-49af-a291-fb28ffe9e0f8,11,ely_y2569_id_afee192e-36a7-4470-abff-61b45f9ed8d5,2970,3.984010302087246,4,108657,75197,1740
2569,pv_90_z_2,pv_90,,,2,ely_y2569_id_2d8a1c84-0bc8-4377-965d-c020a0097c27,2d8a1c84-0bc8-4377-965d-c020a0097c27,9,ely_y2569_id_cf43e98f-d3ef-468e-b4bd-4f00ac8e6ef7,656,0.879969952245533,5,108657,75197,1740
2569,pv_90_z_2,pv_90,,,2,ely_y2569_id_a62aca08-91b7-4f3f-ba8f-cb9e884a3799,a62aca08-91b7-4f3f-ba8f-cb9e884a3799,42,ely_y2569_id_0df10527-d765-42bb-b01b-be8470598843,518,0.6948543220475398,6,108657,75197,1740
2569,pv_90_z_2,pv_90,,,2,ely_y2569_id_115da917-bf32-4e96-a2ae-b7818d0909ee,115da917-bf32-4e96-a2ae-b7818d0909ee,6,ely_y2569_id_df43b9a3-da02-4537-a927-37de5491ee1f,428,0.5741267371358052,7,108657,75197,1740
2569,pv_90_z_2,pv_90,,,2,ely_y2569_id_f9cadd57-8256-49aa-9386-0da392b19fc2,f9cadd57-8256-49aa-9386-0da392b19fc2,29,ely_y2569_id_788e5dbb-edd7-484e-be00-4db8a9aea4a2,214,0.2870633685679026,8,108657,75197,1740
2569,pv_90_z_2,pv_90,,,2,ely_y2569_id_965b4b93-c01e-4a2b-a987-577f2b99ebb4,965b4b93-c01e-4a2b-a987-577f2b99ebb4,49,ely_y2569_id_75e9aeff-b3e6-4113-876b-6f9f81e19fbf,93,0.12475183774212587,9,108657,75197,1740
2569,pv_90_z_2,pv_90,,,2,ely_y2569_id_03347cbc-6089-474c-a3f6-484ae981c9a6,03347cbc-6089-474c-a3f6-484ae981c9a6,43,ely_y2569_id_25ee6e58-2d1f-4bde-96e4-895002d9f564,81,0.10865482642056126,10,108657,75197,1740
2569,pv_84_z_2,pv_84,,,2,ely_y2569_id_013c219e-e197-416d-84ea-00ba9c35465e,013c219e-e197-416d-84ea-00ba9c35465e,37,ely_y2569_id_4e8a3723-bf34-42f8-b775-427b7d4ea847,25384,34.05465595191779,1,119683,74910,2596
2569,pv_84_z_2,pv_84,,,2,ely_y2569_id_e3ad415e-cb0c-4922-adb3-4624e857d801,,21,ely_y2569_id_5cd4b5d9-ed5f-4091-9786-5946be4f6f65,18976,25.457814030239202,2,119683,74910,2596
2569,pv_84_z_2,pv_84,,,2,ely_y2569_id_d7155f6d-736d-42c0-8bc0-00ee6e1970dc,d7155f6d-736d-42c0-8bc0-00ee6e1970dc,27,ely_y2569_id_fc199a99-e2b9-4dfd-a63e-5d86fa8fa907,14151,18.984692577040207,3,119683,74910,2596
2569,pv_84_z_2,pv_84,,,2,ely_y2569_id_1116011c-1ef3-4cca-a186-c1b9f7984ede,1116011c-1ef3-4cca-a186-c1b9f7984ede,46,ely_y2569_id_5a3ca239-66f0-4d80-a39d-260786499577,10292,13.807536994056802,4,119683,74910,2596
2569,pv_84_z_2,pv_84,,,2,ely_y2569_id_a62aca08-91b7-4f3f-ba8f-cb9e884a3799,a62aca08-91b7-4f3f-ba8f-cb9e884a3799,42,ely_y2569_id_4fa67735-22eb-4118-8008-6af74ebabbaa,2818,3.7805712445833723,5,119683,74910,2596
2569,pv_84_z_2,pv_84,,,2,ely_y2569_id_2ee17641-917b-4ea0-8c19-da383e03e915,2ee17641-917b-4ea0-8c19-da383e03e915,44,ely_y2569_id_b4a7d3a5-4da4-4fbb-bea2-765f62a49ea6,1545,2.0727404445994715,6,119683,74910,2596
2569,pv_84_z_2,pv_84,,,2,ely_y2569_id_2d8a1c84-0bc8-4377-965d-c020a0097c27,2d8a1c84-0bc8-4377-965d-c020a0097c27,9,ely_y2569_id_cfb05387-cb50-4419-8838-a0ea94207463,854,1.1457089577268276,7,119683,74910,2596
2569,pv_84_z_2,pv_84,,,2,ely_y2569_id_115da917-bf32-4e96-a2ae-b7818d0909ee,115da917-bf32-4e96-a2ae-b7818d0909ee,6,ely_y2569_id_297f28e6-bd42-4134-8ba4-8df5520d20c1,420,0.563463421832866,8,119683,74910,2596
2569,pv_84_z_2,pv_84,,,2,ely_y2569_id_965b4b93-c01e-4a2b-a987-577f2b99ebb4,965b4b93-c01e-4a2b-a987-577f2b99ebb4,49,ely_y2569_id_21900c35-650e-40fb-9d27-0212dc6be511,99,0.13281637800346127,9,119683,74910,2596
2569,pv_34_z_8,pv_34,,,8,ely_y2569_id_013c219e-e197-416d-84ea-00ba9c35465e,013c219e-e197-416d-84ea-00ba9c35465e,37,ely_y2569_id_bd0a7d70-4c85-4472-9380-6d3788ada2b2,32711,43.9286097980232,1,137335,74701,4231
2569,pv_34_z_8,pv_34,,,8,ely_y2569_id_e3ad415e-cb0c-4922-adb3-4624e857d801,,21,ely_y2569_id_27ec65c6-a36a-413b-9bfc-0e9494d37a9b,28707,38.55151482595617,2,137335,74701,4231
2569,pv_34_z_8,pv_34,,,8,ely_y2569_id_1116011c-1ef3-4cca-a186-c1b9f7984ede,1116011c-1ef3-4cca-a186-c1b9f7984ede,46,ely_y2569_id_f9f7b629-6e61-400a-a337-c2e51571b4d9,8631,11.590835840137515,3,137335,74701,4231
2569,pv_34_z_8,pv_34,,,8,ely_y2569_id_2d8a1c84-0bc8-4377-965d-c020a0097c27,2d8a1c84-0bc8-4377-965d-c020a0097c27,9,ely_y2569_id_33255c05-f04d-426b-bcc4-dffcb47e7b1b,2134,2.865814353244521,4,137335,74701,4231
2569,pv_34_z_8,pv_34,,,8,ely_y2569_id_0c044088-618b-49af-a291-fb28ffe9e0f8,0c044088-618b-49af-a291-fb28ffe9e0f8,11,ely_y2569_id_998bcb32-afa7-4537-b0d1-7aa29d480dcf,1287,1.7283519553072626,5,137335,74701,4231
2569,pv_34_z_8,pv_34,,,8,ely_y2569_id_d7155f6d-736d-42c0-8bc0-00ee6e1970dc,d7155f6d-736d-42c0-8bc0-00ee6e1970dc,27,ely_y2569_id_192cec78-5edb-4c70-af84-484cd883922c,476,0.6392350666093682,6,137335,74701,4231
2569,pv_34_z_8,pv_34,,,8,ely_y2569_id_115da917-bf32-4e96-a2ae-b7818d0909ee,115da917-bf32-4e96-a2ae-b7818d0909ee,6,ely_y2569_id_55e77447-c106-44eb-b6a0-9f3ea666823e,248,0.3330468414267297,7,137335,74701,4231
2569,pv_34_z_8,pv_34,,,8,ely_y2569_id_d1964fe3-2dd0-43d5-a190-77fbfaf586b2,,8,ely_y2569_id_d10e2280-816d-44c3-8ec6-10ede3e376f4,99,0.13295015040825098,8,137335,74701,4231
2569,pv_34_z_8,pv_34,,,8,ely_y2569_id_bdd306a2-80c7-4d7b-a7ff-8dc1ec9fcc76,bdd306a2-80c7-4d7b-a7ff-8dc1ec9fcc76,10,ely_y2569_id_001a0332-f053-4001-9102-976ca982429e,86,0.11549204984959176,9,137335,74701,4231
2569,pv_34_z_8,pv_34,,,8,ely_y2569_id_7255d2d0-1f49-4fd8-adad-7acfea2d5126,7255d2d0-1f49-4fd8-adad-7acfea2d5126,56,ely_y2569_id_1852a6e0-d907-44f7-92bc-4247dce2179c,85,0.1141491190373872,10,137335,74701,4231
2569,pv_44_z_3,pv_44,,,3,ely_y2569_id_013c219e-e197-416d-84ea-00ba9c35465e,013c219e-e197-416d-84ea-00ba9c35465e,37,ely_y2569_id_f962c820-d944-4212-aff0-fd8bd3d1fc95,35150,47.21226041288901,1,130144,74451,3260
2569,pv_44_z_3,pv_44,,,3,ely_y2569_id_2d8a1c84-0bc8-4377-965d-c020a0097c27,2d8a1c84-0bc8-4377-965d-c020a0097c27,9,ely_y2569_id_5625d650-9dc2-4bfc-ae24-37aae2392e17,31887,42.82951202804529,2,130144,74451,3260
2569,pv_44_z_3,pv_44,,,3,ely_y2569_id_1116011c-1ef3-4cca-a186-c1b9f7984ede,1116011c-1ef3-4cca-a186-c1b9f7984ede,46,ely_y2569_id_77d741fc-7208-45f4-8bf3-d29562d9ea68,5400,7.253092638110973,3,130144,74451,3260
2569,pv_44_z_3,pv_44,,,3,ely_y2569_id_0c044088-618b-49af-a291-fb28ffe9e0f8,0c044088-618b-49af-a291-fb28ffe9e0f8,11,ely_y2569_id_6db1ff78-ddb3-4431-8f46-340d94f46bec,1187,1.5943372150810602,4,130144,74451,3260
2569,pv_44_z_3,pv_44,,,3,ely_y2569_id_d7155f6d-736d-42c0-8bc0-00ee6e1970dc,d7155f6d-736d-42c0-8bc0-00ee6e1970dc,27,ely_y2569_id_46925a92-6051-4961-bc2d-dc2cd9fcdf32,185,0.24848558112046848,5,130144,74451,3260
2569,pv_44_z_3,pv_44,,,3,ely_y2569_id_f95e95f3-572e-4c2f-8327-d51e9815a598,,26,ely_y2569_id_e8a4da05-6d07-4e80-ba5d-19a18e2af408,184,0.2471424158171146,6,130144,74451,3260
2569,pv_44_z_3,pv_44,,,3,ely_y2569_id_7ffe2115-72d1-4d71-9962-03ff61afc67c,,31,ely_y2569_id_a1bfbdbb-55ac-4dd7-9b9a-b868a1a1c69a,155,0.20819062201985197,7,130144,74451,3260
2569,pv_44_z_3,pv_44,,,3,ely_y2569_id_115da917-bf32-4e96-a2ae-b7818d0909ee,115da917-bf32-4e96-a2ae-b7818d0909ee,6,ely_y2569_id_24c00822-60dd-43cb-a8ad-750f2aaf6940,142,0.1907294730762515,8,130144,74451,3260
2569,pv_44_z_3,pv_44,,,3,ely_y2569_id_a62aca08-91b7-4f3f-ba8f-cb9e884a3799,a62aca08-91b7-4f3f-ba8f-cb9e884a3799,42,ely_y2569_id_bcdc9d7b-bd32-467a-9faa-448cd28f1dba,87,0.1168553813917879,9,130144,74451,3260
2569,pv_44_z_3,pv_44,,,3,ely_y2569_id_965b4b93-c01e-4a2b-a987-577f2b99ebb4,965b4b93-c01e-4a2b-a987-577f2b99ebb4,49,ely_y2569_id_78ade168-c61a-44a4-9190-384730d1a91c,43,0.057756108044217006,10,130144,74451,3260
2569,pv_44_z_3,pv_44,,,3,ely_y2569_id_bdd306a2-80c7-4d7b-a7ff-8dc1ec9fcc76,bdd306a2-80c7-4d7b-a7ff-8dc1ec9fcc76,10,ely_y2569_id_39fe5032-70c0-4cda-bb7d-190be12199c1,31,0.0416381244039704,11,130144,74451,3260
2569,pv_39_z_3,pv_39,,,3,ely_y2569_id_a62aca08-91b7-4f3f-ba8f-cb9e884a3799,a62aca08-91b7-4f3f-ba8f-cb9e884a3799,42,ely_y2569_id_e5c5ded5-18ac-4cab-9956-1921f6b460f3,24943,33.56027071027811,1,133312,74323,4063
2569,pv_39_z_3,pv_39,,,3,ely_y2569_id_013c219e-e197-416d-84ea-00ba9c35465e,013c219e-e197-416d-84ea-00ba9c35465e,37,ely_y2569_id_00afbad0-1f9e-4c8e-b9f8-49e5ddbfdeaa,22639,30.460288201498862,2,133312,74323,4063
2569,pv_39_z_3,pv_39,,,3,ely_y2569_id_1116011c-1ef3-4cca-a186-c1b9f7984ede,1116011c-1ef3-4cca-a186-c1b9f7984ede,46,ely_y2569_id_d7a60985-dede-49bf-8822-9aaac3fc931c,11767,15.83224573819679,3,133312,74323,4063
2569,pv_39_z_3,pv_39,,,3,ely_y2569_id_2d8a1c84-0bc8-4377-965d-c020a0097c27,2d8a1c84-0bc8-4377-965d-c020a0097c27,9,ely_y2569_id_c7821f35-be88-4178-bef6-4617a610d6bd,10811,14.545968273616511,4,133312,74323,4063
2569,pv_39_z_3,pv_39,,,3,ely_y2569_id_cb1b6cf2-41fa-49b1-a060-01acf13edc81,cb1b6cf2-41fa-49b1-a060-01acf13edc81,48,ely_y2569_id_797e27da-b9bd-45af-8344-7692c93a7796,2008,2.7017208670263577,5,133312,74323,4063
2569,pv_39_z_3,pv_39,,,3,ely_y2569_id_0c044088-618b-49af-a291-fb28ffe9e0f8,0c044088-618b-49af-a291-fb28ffe9e0f8,11,ely_y2569_id_899b89fc-0b7c-413b-bed9-d7e9ba86ceac,1312,1.7652678174992935,6,133312,74323,4063
2569,pv_39_z_3,pv_39,,,3,ely_y2569_id_d7155f6d-736d-42c0-8bc0-00ee6e1970dc,d7155f6d-736d-42c0-8bc0-00ee6e1970dc,27,ely_y2569_id_aff113e0-fda1-4520-b09a-7381b9f2127c,470,0.6323749041346555,7,133312,74323,4063
2569,pv_39_z_3,pv_39,,,3,ely_y2569_id_115da917-bf32-4e96-a2ae-b7818d0909ee,115da917-bf32-4e96-a2ae-b7818d0909ee,6,ely_y2569_id_b7036245-6593-42e5-8ebf-814f87fe78ad,217,0.29196883871748985,8,133312,74323,4063
2569,pv_39_z_3,pv_39,,,3,ely_y2569_id_d1964fe3-2dd0-43d5-a190-77fbfaf586b2,,8,ely_y2569_id_c53194ee-d4a5-4443-bd21-24b3fb07bf46,156,0.2098946490319282,9,133312,74323,4063
2569,pv_36_z_5,pv_36,,,5,ely_y2569_id_2d8a1c84-0bc8-4377-965d-c020a0097c27,2d8a1c84-0bc8-4377-965d-c020a0097c27,9,ely_y2569_id_7ad1389f-cf6a-4598-93a4-fc832de64a70,26551,35.75988578816938,1,132089,74248,4807
2569,pv_36_z_5,pv_36,,,5,ely_y2569_id_013c219e-e197-416d-84ea-00ba9c35465e,013c219e-e197-416d-84ea-00ba9c35465e,37,ely_y2569_id_7048cd2a-d056-40cd-a7ae-35cb8c2c4702,21560,29.037819200517184,2,132089,74248,4807
2569,pv_36_z_5,pv_36,,,5,ely_y2569_id_a62aca08-91b7-4f3f-ba8f-cb9e884a3799,a62aca08-91b7-4f3f-ba8f-cb9e884a3799,42,ely_y2569_id_ee31235b-0087-4ae3-b023-37ed652b1ac0,17407,23.444402542829437,3,132089,74248,4807
2569,pv_36_z_5,pv_36,,,5,ely_y2569_id_1116011c-1ef3-4cca-a186-c1b9f7984ede,1116011c-1ef3-4cca-a186-c1b9f7984ede,46,ely_y2569_id_844b8e29-4b4c-4b7e-a217-0612922a2423,6240,8.40426678159681,4,132089,74248,4807
2569,pv_36_z_5,pv_36,,,5,ely_y2569_id_0c044088-618b-49af-a291-fb28ffe9e0f8,0c044088-618b-49af-a291-fb28ffe9e0f8,11,ely_y2569_id_86a5a588-9571-48e5-95cd-4a87fd5f8852,620,0.8350393276586574,5,132089,74248,4807
2569,pv_36_z_5,pv_36,,,5,ely_y2569_id_d7155f6d-736d-42c0-8bc0-00ee6e1970dc,d7155f6d-736d-42c0-8bc0-00ee6e1970dc,27,ely_y2569_id_c99a6cc9-019e-4334-aa8d-2bb92ff49cff,546,0.7353733433897209,6,132089,74248,4807
2569,pv_36_z_5,pv_36,,,5,ely_y2569_id_aec0c4f2-be03-4a06-a205-b00971871173,,1,ely_y2569_id_a5c079da-92fc-4481-989e-e3da89b7d784,531,0.7151707790108824,7,132089,74248,4807
2569,pv_36_z_5,pv_36,,,5,ely_y2569_id_115da917-bf32-4e96-a2ae-b7818d0909ee,115da917-bf32-4e96-a2ae-b7818d0909ee,6,ely_y2569_id_50ddb834-f03a-4a43-96e1-86c7887b3655,342,0.4606184678375175,8,132089,74248,4807
2569,pv_36_z_5,pv_36,,,5,ely_y2569_id_7ffe2115-72d1-4d71-9962-03ff61afc67c,,31,ely_y2569_id_e2161d5f-36ed-498e-aa92-b049af784473,242,0.3259347053119276,9,132089,74248,4807
2569,pv_36_z_5,pv_36,,,5,ely_y2569_id_03347cbc-6089-474c-a3f6-484ae981c9a6,03347cbc-6089-474c-a3f6-484ae981c9a6,43,ely_y2569_id_eff72049-921e-48fb-b616-7b64a1a14a4e,164,0.22088137054196744,10,132089,74248,4807
2569,pv_36_z_5,pv_36,,,5,ely_y2569_id_bdd306a2-80c7-4d7b-a7ff-8dc1ec9fcc76,bdd306a2-80c7-4d7b-a7ff-8dc1ec9fcc76,10,ely_y2569_id_9fe66702-424e-4188-93af-2966bf89102e,45,0.060607693136515456,11,132089,74248,4807
2569,pv_42_z_3,pv_42,,,3,ely_y2569_id_013c219e-e197-416d-84ea-00ba9c35465e,013c219e-e197-416d-84ea-00ba9c35465e,37,ely_y2569_id_9a1a77c6-992a-4206-86b3-d9d7c36eaa97,47786,64.3833955349564,1,125561,74221,5004
2569,pv_42_z_3,pv_42,,,3,ely_y2569_id_1116011c-1ef3-4cca-a186-c1b9f7984ede,1116011c-1ef3-4cca-a186-c1b9f7984ede,46,ely_y2569_id_916e9d1a-b919-4779-9108-64904244703b,13781,18.567521321458884,2,125561,74221,5004
2569,pv_42_z_3,pv_42,,,3,ely_y2569_id_2d8a1c84-0bc8-4377-965d-c020a0097c27,2d8a1c84-0bc8-4377-965d-c020a0097c27,9,ely_y2569_id_b79c9121-e845-4d35-b294-cf47dd0714f3,7403,9.974266043303109,3,125561,74221,5004
2569,pv_42_z_3,pv_42,,,3,ely_y2569_id_d7155f6d-736d-42c0-8bc0-00ee6e1970dc,d7155f6d-736d-42c0-8bc0-00ee6e1970dc,27,ely_y2569_id_b4ad91a3-c49e-415d-869f-5ff012dfea9d,2101,2.830735236658089,4,125561,74221,5004
2569,pv_42_z_3,pv_42,,,3,ely_y2569_id_a62aca08-91b7-4f3f-ba8f-cb9e884a3799,a62aca08-91b7-4f3f-ba8f-cb9e884a3799,42,ely_y2569_id_d1e960fe-6b71-4636-a5ca-9059365eeab1,1549,2.0870104148421604,5,125561,74221,5004
2569,pv_42_z_3,pv_42,,,3,ely_y2569_id_0c044088-618b-49af-a291-fb28ffe9e0f8,0c044088-618b-49af-a291-fb28ffe9e0f8,11,ely_y2569_id_dcac1839-6422-4f64-b97d-fc68de331372,883,1.1896902493903343,6,125561,74221,5004
2569,pv_42_z_3,pv_42,,,3,ely_y2569_id_115da917-bf32-4e96-a2ae-b7818d0909ee,115da917-bf32-4e96-a2ae-b7818d0909ee,6,ely_y2569_id_8eede24f-d7c5-47df-8b02-026ac98361de,718,0.967381199391008,7,125561,74221,5004
2569,pv_64_z_4,pv_64,,,4,ely_y2569_id_013c219e-e197-416d-84ea-00ba9c35465e,013c219e-e197-416d-84ea-00ba9c35465e,37,ely_y2569_id_db572007-0f16-42a5-a926-b48cbacb7da2,44904,60.508549945425884,1,120291,74211,4898
2569,pv_64_z_4,pv_64,,,4,ely_y2569_id_2d8a1c84-0bc8-4377-965d-c020a0097c27,2d8a1c84-0bc8-4377-965d-c020a0097c27,9,ely_y2569_id_c2e45474-a01e-47ed-b834-0b3a3112b425,18844,25.39246203393028,2,120291,74211,4898
2569,pv_64_z_4,pv_64,,,4,ely_y2569_id_1116011c-1ef3-4cca-a186-c1b9f7984ede,1116011c-1ef3-4cca-a186-c1b9f7984ede,46,ely_y2569_id_43676137-d91e-472a-998c-9853546cb204,8633,11.633046313888777,3,120291,74211,4898
2569,pv_64_z_4,pv_64,,,4,ely_y2569_id_a62aca08-91b7-4f3f-ba8f-cb9e884a3799,a62aca08-91b7-4f3f-ba8f-cb9e884a3799,42,ely_y2569_id_5b8be6fc-1360-4b25-8f31-53206a89bcd3,717,0.96616404576141,4,120291,74211,4898
2569,pv_64_z_4,pv_64,,,4,ely_y2569_id_0c044088-618b-49af-a291-fb28ffe9e0f8,0c044088-618b-49af-a291-fb28ffe9e0f8,11,ely_y2569_id_8dbad9a3-4a0f-4e89-b33c-5754cb6941ce,575,0.7748177493902522,5,120291,74211,4898
2569,pv_64_z_4,pv_64,,,4,ely_y2569_id_d7155f6d-736d-42c0-8bc0-00ee6e1970dc,d7155f6d-736d-42c0-8bc0-00ee6e1970dc,27,ely_y2569_id_bf7ed175-82c8-4f35-9bd8-47c56deba7c6,406,0.5470887065259866,6,120291,74211,4898
2569,pv_64_z_4,pv_64,,,4,ely_y2569_id_bcdcd19b-d619-47dd-8535-fafb6bc6f4d8,bcdcd19b-d619-47dd-8535-fafb6bc6f4d8,12,ely_y2569_id_e739f2ca-cfe7-4314-a2a1-e4443dfe2000,132,0.1778712050774144,7,120291,74211,4898
2569,pv_10_z_20,pv_10,,,20,ely_y2569_id_1116011c-1ef3-4cca-a186-c1b9f7984ede,1116011c-1ef3-4cca-a186-c1b9f7984ede,46,ely_y2569_id_1bfc8936-19ef-4251-a374-5bcdd5aadd11,31037,41.93452501587559,1,126504,74772,1764
2569,pv_10_z_20,pv_10,,,20,ely_y2569_id_2d8a1c84-0bc8-4377-965d-c020a0097c27,2d8a1c84-0bc8-4377-965d-c020a0097c27,9,ely_y2569_id_1edb8a64-8020-4bc2-a8b6-2a6f76cfa6c5,25374,34.28316647075514,2,126504,74772,1764
2569,pv_10_z_20,pv_10,,,20,ely_y2569_id_013c219e-e197-416d-84ea-00ba9c35465e,013c219e-e197-416d-84ea-00ba9c35465e,37,ely_y2569_id_c4d3ed42-eba3-442a-948b-c7aa62842c65,6985,9.4375312445111,3,126504,74772,1764
2569,pv_10_z_20,pv_10,,,20,ely_y2569_id_d7155f6d-736d-42c0-8bc0-00ee6e1970dc,d7155f6d-736d-42c0-8bc0-00ee6e1970dc,27,ely_y2569_id_61172005-fa79-47b0-8afa-f57d2c478067,3712,5.015335143826085,4,126504,74772,1764
2569,pv_10_z_20,pv_10,,,20,ely_y2569_id_2ee17641-917b-4ea0-8c19-da383e03e915,2ee17641-917b-4ea0-8c19-da383e03e915,44,ely_y2569_id_62ba5022-1fa0-4d2c-9177-27ca4eb2f943,1360,1.8375150311431776,5,126504,74772,1764
2569,pv_10_z_20,pv_10,,,20,ely_y2569_id_115da917-bf32-4e96-a2ae-b7818d0909ee,115da917-bf32-4e96-a2ae-b7818d0909ee,6,ely_y2569_id_33027a1b-3468-48cd-a235-03a545ddc7a1,1131,1.5281099266345102,6,126504,74772,1764
2569,pv_10_z_20,pv_10,,,20,ely_y2569_id_0c044088-618b-49af-a291-fb28ffe9e0f8,0c044088-618b-49af-a291-fb28ffe9e0f8,11,ely_y2569_id_75563321-03de-4f7f-803e-feee6f2f0ba1,1127,1.5227054706605596,7,126504,74772,1764
2569,pv_10_z_20,pv_10,,,20,ely_y2569_id_965b4b93-c01e-4a2b-a987-577f2b99ebb4,965b4b93-c01e-4a2b-a987-577f2b99ebb4,49,ely_y2569_id_be352178-1954-40de-9c4d-e4590005da00,1009,1.3632740194290192,8,126504,74772,1764
2569,pv_10_z_20,pv_10,,,20,ely_y2569_id_cb1b6cf2-41fa-49b1-a060-01acf13edc81,cb1b6cf2-41fa-49b1-a060-01acf13edc81,48,ely_y2569_id_cc0ee6f0-1a01-475f-b317-537a16d6f307,927,1.2524826719630335,9,126504,74772,1764
2569,pv_10_z_20,pv_10,,,20,ely_y2569_id_bd8d9f14-f757-41fb-8f37-d6128d9d012d,bd8d9f14-f757-41fb-8f37-d6128d9d012d,7,ely_y2569_id_37f36ac5-1113-4d89-90d8-1939c3f693cb,384,0.5188277734992501,10,126504,74772,1764
2569,pv_10_z_20,pv_10,,,20,ely_y2569_id_a62aca08-91b7-4f3f-ba8f-cb9e884a3799,a62aca08-91b7-4f3f-ba8f-cb9e884a3799,42,ely_y2569_id_a578c432-5a0c-4af4-bafc-11d9b226f6dc,270,0.36480077824166024,11,126504,74772,1764
2569,pv_10_z_20,pv_10,,,20,ely_y2569_id_339fa187-133c-4766-a6c2-36d1b32cda8f,339fa187-133c-4766-a6c2-36d1b32cda8f,23,ely_y2569_id_b9169c43-f5ca-4fe3-b409-ace3e75bbe92,258,0.34858741031980867,12,126504,74772,1764
2569,pv_10_z_20,pv_10,,,20,ely_y2569_id_f7b4da92-1d4f-4f3f-ab31-25eb36d1a8ad,f7b4da92-1d4f-4f3f-ab31-25eb36d1a8ad,51,ely_y2569_id_9417d25c-f380-4cd7-a5b9-ea204a09753b,256,0.3458851823328334,13,126504,74772,1764
2569,pv_10_z_20,pv_10,,,20,ely_y2569_id_03347cbc-6089-474c-a3f6-484ae981c9a6,03347cbc-6089-474c-a3f6-484ae981c9a6,43,ely_y2569_id_0f92cbd2-089c-4955-b638-33abbd0c1fe0,183,0.2472538608082364,14,126504,74772,1764
2569,pv_13_z_8,pv_13,,,8,ely_y2569_id_013c219e-e197-416d-84ea-00ba9c35465e,013c219e-e197-416d-84ea-00ba9c35465e,37,ely_y2569_id_6a0dc431-ffbb-4b6f-8345-c3f9e90319f5,36814,49.756717305509,1,122403,75402,3095
2569,pv_13_z_8,pv_13,,,8,ely_y2569_id_1116011c-1ef3-4cca-a186-c1b9f7984ede,1116011c-1ef3-4cca-a186-c1b9f7984ede,46,ely_y2569_id_2b1cb250-eec0-4813-abbd-c21f22d8f2f0,23271,31.45239768611126,2,122403,75402,3095
2569,pv_13_z_8,pv_13,,,8,ely_y2569_id_2d8a1c84-0bc8-4377-965d-c020a0097c27,2d8a1c84-0bc8-4377-965d-c020a0097c27,9,ely_y2569_id_66642bae-13da-415a-aa39-3008d13ffed2,9355,12.643942260907174,3,122403,75402,3095
2569,pv_13_z_8,pv_13,,,8,ely_y2569_id_d7155f6d-736d-42c0-8bc0-00ee6e1970dc,d7155f6d-736d-42c0-8bc0-00ee6e1970dc,27,ely_y2569_id_d0c8a02a-e1b1-47e9-a438-ad2a3adbdf7b,1725,2.331459155538736,4,122403,75402,3095
2569,pv_13_z_8,pv_13,,,8,ely_y2569_id_115da917-bf32-4e96-a2ae-b7818d0909ee,115da917-bf32-4e96-a2ae-b7818d0909ee,6,ely_y2569_id_e70ca501-236f-40c1-bf84-902bcdf0d526,1112,1.502946423744391,5,122403,75402,3095
2569,pv_13_z_8,pv_13,,,8,ely_y2569_id_03347cbc-6089-474c-a3f6-484ae981c9a6,03347cbc-6089-474c-a3f6-484ae981c9a6,43,ely_y2569_id_19e83d60-8af2-4df3-9605-52f877e07c50,582,0.7866140455208953,6,122403,75402,3095
2569,pv_13_z_8,pv_13,,,8,ely_y2569_id_54706125-9661-467d-a8af-78994d14b116,54706125-9661-467d-a8af-78994d14b116,35,ely_y2569_id_51adf368-c5cb-4d0f-8400-dffb1bf8feb8,579,0.7825593339460454,7,122403,75402,3095
2569,pv_13_z_8,pv_13,,,8,ely_y2569_id_d1964fe3-2dd0-43d5-a190-77fbfaf586b2,,8,ely_y2569_id_18014dde-a166-49de-918b-d47238db0167,550,0.7433637887224955,8,122403,75402,3095
2569,pv_20_z_2,pv_20,,,2,ely_y2569_id_1116011c-1ef3-4cca-a186-c1b9f7984ede,1116011c-1ef3-4cca-a186-c1b9f7984ede,46,ely_y2569_id_1253f55e-4f57-42df-a133-385ab0aa4549,28143,38.05370760993023,1,113941,74280,2150
2569,pv_20_z_2,pv_20,,,2,ely_y2569_id_013c219e-e197-416d-84ea-00ba9c35465e,013c219e-e197-416d-84ea-00ba9c35465e,37,ely_y2569_id_9bd7ffbd-dc35-4bd3-bf4d-2c7c602f91c5,27060,36.58932338147006,2,113941,74280,2150
2569,pv_20_z_2,pv_20,,,2,ely_y2569_id_d7155f6d-736d-42c0-8bc0-00ee6e1970dc,d7155f6d-736d-42c0-8bc0-00ee6e1970dc,27,ely_y2569_id_b97776af-777e-4bae-9e8d-4cc6bb59b2c6,13447,18.182432797879823,3,113941,74280,2150
2569,pv_20_z_2,pv_20,,,2,ely_y2569_id_2d8a1c84-0bc8-4377-965d-c020a0097c27,2d8a1c84-0bc8-4377-965d-c020a0097c27,9,ely_y2569_id_399376c4-ce66-4d4c-b875-5657c09880da,2924,3.9537022013088863,4,113941,74280,2150
2569,pv_20_z_2,pv_20,,,2,ely_y2569_id_0c044088-618b-49af-a291-fb28ffe9e0f8,0c044088-618b-49af-a291-fb28ffe9e0f8,11,ely_y2569_id_e2de183f-6648-4162-b57f-284a871ccb22,1077,1.4562712964465359,5,113941,74280,2150
2569,pv_20_z_2,pv_20,,,2,ely_y2569_id_f9cadd57-8256-49aa-9386-0da392b19fc2,f9cadd57-8256-49aa-9386-0da392b19fc2,29,ely_y2569_id_9aa47876-8cb8-4b85-a200-f4510565ef9f,777,1.0506246957650496,6,113941,74280,2150
2569,pv_20_z_2,pv_20,,,2,ely_y2569_id_03347cbc-6089-474c-a3f6-484ae981c9a6,03347cbc-6089-474c-a3f6-484ae981c9a6,43,ely_y2569_id_d7338891-4e1c-4da7-91b3-573387dd5d9c,265,0.3583211639353129,7,113941,74280,2150
2569,pv_20_z_2,pv_20,,,2,ely_y2569_id_339fa187-133c-4766-a6c2-36d1b32cda8f,339fa187-133c-4766-a6c2-36d1b32cda8f,23,ely_y2569_id_b3659f70-6295-4990-85b4-45c0087762dd,263,0.355616853264103,8,113941,74280,2150
2569,pv_71_z_1,pv_71,,,1,ely_y2569_id_2d8a1c84-0bc8-4377-965d-c020a0097c27,2d8a1c84-0bc8-4377-965d-c020a0097c27,9,ely_y2569_id_21a1f882-5a93-4126-8895-556fb37e4d46,33177,44.86227739239788,1,133196,74462,4211
2569,pv_71_z_1,pv_71,,,1,ely_y2569_id_1116011c-1ef3-4cca-a186-c1b9f7984ede,1116011c-1ef3-4cca-a186-c1b9f7984ede,46,ely_y2569_id_6f2eefcf-ef71-4428-b1e1-75ef00405129,23090,31.222533230565357,2,133196,74462,4211
2569,pv_71_z_1,pv_71,,,1,ely_y2569_id_013c219e-e197-416d-84ea-00ba9c35465e,013c219e-e197-416d-84ea-00ba9c35465e,37,ely_y2569_id_81b1bd08-9587-4d53-acce-b04200cc7d8b,8503,11.497843224750854,3,133196,74462,4211
2569,pv_71_z_1,pv_71,,,1,ely_y2569_id_115da917-bf32-4e96-a2ae-b7818d0909ee,115da917-bf32-4e96-a2ae-b7818d0909ee,6,ely_y2569_id_d9990f07-a787-4127-a2ff-2982afe9d68b,2582,3.49140670425811,4,133196,74462,4211
2569,pv_71_z_1,pv_71,,,1,ely_y2569_id_d7155f6d-736d-42c0-8bc0-00ee6e1970dc,d7155f6d-736d-42c0-8bc0-00ee6e1970dc,27,ely_y2569_id_e192cc53-97aa-4415-b919-07b0d19845d7,2450,3.3129149595013048,5,133196,74462,4211
2569,pv_71_z_1,pv_71,,,1,ely_y2569_id_0c044088-618b-49af-a291-fb28ffe9e0f8,0c044088-618b-49af-a291-fb28ffe9e0f8,11,ely_y2569_id_0e302b3c-37f5-41a6-9bab-3d3212b9f57b,1439,1.9458304598866847,6,133196,74462,4211
2569,pv_71_z_1,pv_71,,,1,ely_y2569_id_339fa187-133c-4766-a6c2-36d1b32cda8f,339fa187-133c-4766-a6c2-36d1b32cda8f,23,ely_y2569_id_dc06e81e-89d2-403a-a390-1ab3498bc417,1076,1.4549781618054711,7,133196,74462,4211
2569,pv_71_z_1,pv_71,,,1,ely_y2569_id_a62aca08-91b7-4f3f-ba8f-cb9e884a3799,a62aca08-91b7-4f3f-ba8f-cb9e884a3799,42,ely_y2569_id_011e9623-5f96-4a3d-a6dd-b2896984dc48,892,1.2061714872959852,8,133196,74462,4211
2569,pv_71_z_1,pv_71,,,1,ely_y2569_id_bcdcd19b-d619-47dd-8535-fafb6bc6f4d8,bcdcd19b-d619-47dd-8535-fafb6bc6f4d8,12,ely_y2569_id_797c89d6-122f-4c7a-9534-4a10145d3c4e,464,0.6274255270239206,9,133196,74462,4211
2569,pv_71_z_1,pv_71,,,1,ely_y2569_id_bce2afcf-33ee-486e-a735-e6db4d3b930f,bce2afcf-33ee-486e-a735-e6db4d3b930f,16,ely_y2569_id_c597204b-1261-46de-8300-4fbe77e2e7ea,280,0.37861885251443483,10,133196,74462,4211
2569,pv_41_z_6,pv_41,,,6,ely_y2569_id_013c219e-e197-416d-84ea-00ba9c35465e,013c219e-e197-416d-84ea-00ba9c35465e,37,ely_y2569_id_9bb4d0e6-a7cb-4989-b12b-4b742e7b7bf5,35147,47.549921532550464,1,126400,73916,3346
2569,pv_41_z_6,pv_41,,,6,ely_y2569_id_a62aca08-91b7-4f3f-ba8f-cb9e884a3799,a62aca08-91b7-4f3f-ba8f-cb9e884a3799,42,ely_y2569_id_da080998-9b09-49d0-8890-123b7bf5d1bc,14417,19.50457275826614,2,126400,73916,3346
2569,pv_41_z_6,pv_41,,,6,ely_y2569_id_2d8a1c84-0bc8-4377-965d-c020a0097c27,2d8a1c84-0bc8-4377-965d-c020a0097c27,9,ely_y2569_id_40cecd4e-37e3-4483-bd7d-666651ae010e,11735,15.876129660695925,3,126400,73916,3346
2569,pv_41_z_6,pv_41,,,6,ely_y2569_id_1116011c-1ef3-4cca-a186-c1b9f7984ede,1116011c-1ef3-4cca-a186-c1b9f7984ede,46,ely_y2569_id_bba28f6b-88d6-40fc-8698-5b31df5b9411,10214,13.818388440932953,4,126400,73916,3346
2569,pv_41_z_6,pv_41,,,6,ely_y2569_id_0c044088-618b-49af-a291-fb28ffe9e0f8,0c044088-618b-49af-a291-fb28ffe9e0f8,11,ely_y2569_id_72f7429b-499a-4a12-89fe-2c68eefa6b2a,1399,1.89268899832242,5,126400,73916,3346
2569,pv_41_z_6,pv_41,,,6,ely_y2569_id_115da917-bf32-4e96-a2ae-b7818d0909ee,115da917-bf32-4e96-a2ae-b7818d0909ee,6,ely_y2569_id_421b108b-815a-46d1-8113-a20084280d90,467,0.6317982574814655,6,126400,73916,3346
2569,pv_41_z_6,pv_41,,,6,ely_y2569_id_d7155f6d-736d-42c0-8bc0-00ee6e1970dc,d7155f6d-736d-42c0-8bc0-00ee6e1970dc,27,ely_y2569_id_10d324a2-3f9c-4f8d-b91b-843080f5f7b3,333,0.45051139130905354,7,126400,73916,3346
2569,pv_41_z_6,pv_41,,,6,ely_y2569_id_7255d2d0-1f49-4fd8-adad-7acfea2d5126,7255d2d0-1f49-4fd8-adad-7acfea2d5126,56,ely_y2569_id_30c0bd71-5a4e-4e81-b49e-bff6e8b6499f,143,0.19346284972130529,8,126400,73916,3346
2569,pv_41_z_6,pv_41,,,6,ely_y2569_id_7ffe2115-72d1-4d71-9962-03ff61afc67c,,31,ely_y2569_id_3a506e25-2f65-4473-8d58-8e342a93c17c,61,0.08252611072027707,9,126400,73916,3346
2569,pv_80_z_9,pv_80,,,9,ely_y2569_id_013c219e-e197-416d-84ea-00ba9c35465e,013c219e-e197-416d-84ea-00ba9c35465e,37,ely_y2569_id_c868b46f-ad67-4e06-ba28-30f461d633ba,35278,47.80735039028621,1,139759,75167,2519
2569,pv_80_z_9,pv_80,,,9,ely_y2569_id_d7155f6d-736d-42c0-8bc0-00ee6e1970dc,d7155f6d-736d-42c0-8bc0-00ee6e1970dc,27,ely_y2569_id_f8e432d6-4aac-4269-97fa-4a0fb3ca711d,27856,37.74934952298352,2,139759,75167,2519
2569,pv_80_z_9,pv_80,,,9,ely_y2569_id_1116011c-1ef3-4cca-a186-c1b9f7984ede,1116011c-1ef3-4cca-a186-c1b9f7984ede,46,ely_y2569_id_aa3562fc-12ae-458e-b264-421cb87032d3,7910,10.719319167389418,3,139759,75167,2519
2569,pv_80_z_9,pv_80,,,9,ely_y2569_id_2d8a1c84-0bc8-4377-965d-c020a0097c27,2d8a1c84-0bc8-4377-965d-c020a0097c27,9,ely_y2569_id_9786d5d2-41b3-45aa-b1b8-d1e9464c372e,1172,1.5882480485689507,4,139759,75167,2519
2569,pv_80_z_9,pv_80,,,9,ely_y2569_id_115da917-bf32-4e96-a2ae-b7818d0909ee,115da917-bf32-4e96-a2ae-b7818d0909ee,6,ely_y2569_id_119f3eb6-ee67-4113-9d3f-5b2eab8d962b,868,1.1762792714657415,5,139759,75167,2519
2569,pv_80_z_9,pv_80,,,9,ely_y2569_id_03347cbc-6089-474c-a3f6-484ae981c9a6,03347cbc-6089-474c-a3f6-484ae981c9a6,43,ely_y2569_id_e4bae268-69c0-4750-9bbb-6d6063cb4299,476,0.6450563746747615,6,139759,75167,2519
2569,pv_80_z_9,pv_80,,,9,ely_y2569_id_965b4b93-c01e-4a2b-a987-577f2b99ebb4,965b4b93-c01e-4a2b-a987-577f2b99ebb4,49,ely_y2569_id_82353981-c4f6-4188-9de6-9d491ef661dc,232,0.31439722463139635,7,139759,75167,2519
2569,pv_41_z_1,pv_41,,,1,ely_y2569_id_1116011c-1ef3-4cca-a186-c1b9f7984ede,1116011c-1ef3-4cca-a186-c1b9f7984ede,46,ely_y2569_id_2c0db14f-82e0-41f6-9819-35018842ad8f,29523,40.01328219237494,1,129255,75223,2345
2569,pv_41_z_1,pv_41,,,1,ely_y2569_id_2d8a1c84-0bc8-4377-965d-c020a0097c27,2d8a1c84-0bc8-4377-965d-c020a0097c27,9,ely_y2569_id_a4949b7d-ebf6-4b95-912e-07d122627004,28071,38.045349199680146,2,129255,75223,2345
2569,pv_41_z_1,pv_41,,,1,ely_y2569_id_013c219e-e197-416d-84ea-00ba9c35465e,013c219e-e197-416d-84ea-00ba9c35465e,37,ely_y2569_id_6f18db40-fdf3-48af-95ae-676499289b56,7852,10.64201780898039,3,129255,75223,2345
2569,pv_41_z_1,pv_41,,,1,ely_y2569_id_d7155f6d-736d-42c0-8bc0-00ee6e1970dc,d7155f6d-736d-42c0-8bc0-00ee6e1970dc,27,ely_y2569_id_5e254dcf-513d-45d4-8470-a635c29d8a06,1946,2.6374639144518386,4,129255,75223,2345
2569,pv_41_z_1,pv_41,,,1,ely_y2569_id_115da917-bf32-4e96-a2ae-b7818d0909ee,115da917-bf32-4e96-a2ae-b7818d0909ee,6,ely_y2569_id_8b7d9b3d-7b4f-4d4b-b834-2b9b72cf44e6,1876,2.542591111773715,5,129255,75223,2345
2569,pv_41_z_1,pv_41,,,1,ely_y2569_id_0c044088-618b-49af-a291-fb28ffe9e0f8,0c044088-618b-49af-a291-fb28ffe9e0f8,11,ely_y2569_id_0e31ba57-7e1b-4c0d-9bba-c85f2daa9763,1801,2.4409416803328683,6,129255,75223,2345
2569,pv_41_z_1,pv_41,,,1,ely_y2569_id_7ffe2115-72d1-4d71-9962-03ff61afc67c,,31,ely_y2569_id_074e04cf-f8cf-4146-b45b-7b9ac2124374,1597,2.164455226813765,7,129255,75223,2345
2569,pv_41_z_1,pv_41,,,1,ely_y2569_id_a62aca08-91b7-4f3f-ba8f-cb9e884a3799,a62aca08-91b7-4f3f-ba8f-cb9e884a3799,42,ely_y2569_id_34fe33bd-7306-4805-929a-acbbbb25efe5,844,1.1438949351476628,8,129255,75223,2345
2569,pv_41_z_1,pv_41,,,1,ely_y2569_id_03347cbc-6089-474c-a3f6-484ae981c9a6,03347cbc-6089-474c-a3f6-484ae981c9a6,43,ely_y2569_id_5da91693-a009-4696-ad4f-f77054f2440e,273,0.3700039304446824,9,129255,75223,2345
2569,pv_13_z_5,pv_13,,,5,ely_y2569_id_1116011c-1ef3-4cca-a186-c1b9f7984ede,1116011c-1ef3-4cca-a186-c1b9f7984ede,46,ely_y2569_id_df4bbfc7-474e-417e-bb40-206049f667f0,30721,41.63809110746669,1,122740,76234,1742
2569,pv_13_z_5,pv_13,,,5,ely_y2569_id_a62aca08-91b7-4f3f-ba8f-cb9e884a3799,a62aca08-91b7-4f3f-ba8f-cb9e884a3799,42,ely_y2569_id_2e703b23-2439-452d-91d5-c0a92f5fa9ff,12184,16.513736598853363,2,122740,76234,1742
2569,pv_13_z_5,pv_13,,,5,ely_y2569_id_2d8a1c84-0bc8-4377-965d-c020a0097c27,2d8a1c84-0bc8-4377-965d-c020a0097c27,9,ely_y2569_id_0a751063-0d88-4147-aaf3-57fa78b80a5d,11079,15.016061045526627,3,122740,76234,1742
2569,pv_13_z_5,pv_13,,,5,ely_y2569_id_013c219e-e197-416d-84ea-00ba9c35465e,013c219e-e197-416d-84ea-00ba9c35465e,37,ely_y2569_id_06ef2a2b-ab08-4d78-9b1a-fe7b608c6731,9357,12.682126834821972,4,122740,76234,1742
2569,pv_13_z_5,pv_13,,,5,ely_y2569_id_d7155f6d-736d-42c0-8bc0-00ee6e1970dc,d7155f6d-736d-42c0-8bc0-00ee6e1970dc,27,ely_y2569_id_5934fe4b-7260-4d66-a9f7-60e1ad8f6fe4,3886,5.266938642740001,5,122740,76234,1742
2569,pv_13_z_5,pv_13,,,5,ely_y2569_id_0c044088-618b-49af-a291-fb28ffe9e0f8,0c044088-618b-49af-a291-fb28ffe9e0f8,11,ely_y2569_id_84473f82-a0af-40f8-908d-08a2887837cf,1839,2.492511622233366,6,122740,76234,1742
2569,pv_13_z_5,pv_13,,,5,ely_y2569_id_115da917-bf32-4e96-a2ae-b7818d0909ee,115da917-bf32-4e96-a2ae-b7818d0909ee,6,ely_y2569_id_66b1c09b-bc96-4400-9f5b-9d2aaee379a0,1392,1.8866645884441795,7,122740,76234,1742
2569,pv_13_z_5,pv_13,,,5,ely_y2569_id_d1964fe3-2dd0-43d5-a190-77fbfaf586b2,,8,ely_y2569_id_2837e39e-ad29-4f43-8f5b-e64ed7acc435,1091,1.4787004784429596,8,122740,76234,1742
2569,pv_13_z_5,pv_13,,,5,ely_y2569_id_03347cbc-6089-474c-a3f6-484ae981c9a6,03347cbc-6089-474c-a3f6-484ae981c9a6,43,ely_y2569_id_a2749513-3900-47e9-96b8-1b5a55dc94b4,843,1.1425705805017552,9,122740,76234,1742
2569,pv_13_z_5,pv_13,,,5,ely_y2569_id_965b4b93-c01e-4a2b-a987-577f2b99ebb4,965b4b93-c01e-4a2b-a987-577f2b99ebb4,49,ely_y2569_id_5ab44794-b99c-482e-bbca-d647ae1eabe0,793,1.074802455916835,10,122740,76234,1742
2569,pv_13_z_5,pv_13,,,5,ely_y2569_id_54706125-9661-467d-a8af-78994d14b116,54706125-9661-467d-a8af-78994d14b116,35,ely_y2569_id_478e507c-3092-4d6f-b36a-249eeb5deedf,596,0.8077960450522493,11,122740,76234,1742
2569,pv_60_z_4,pv_60,,,4,ely_y2569_id_013c219e-e197-416d-84ea-00ba9c35465e,013c219e-e197-416d-84ea-00ba9c35465e,37,ely_y2569_id_d9dbe6b0-7aed-4554-86df-94d8543cf8e5,51575,69.91040082414976,1,139645,73773,6366
2569,pv_60_z_4,pv_60,,,4,ely_y2569_id_1116011c-1ef3-4cca-a186-c1b9f7984ede,1116011c-1ef3-4cca-a186-c1b9f7984ede,46,ely_y2569_id_3463c70c-41ea-40c6-981d-b7fc0dae79e0,11113,15.063776720480393,2,139645,73773,6366
2569,pv_60_z_4,pv_60,,,4,ely_y2569_id_2d8a1c84-0bc8-4377-965d-c020a0097c27,2d8a1c84-0bc8-4377-965d-c020a0097c27,9,ely_y2569_id_5727c507-6a66-44b2-a4c4-099915ab5342,5667,7.681672156480013,3,139645,73773,6366
2569,pv_60_z_4,pv_60,,,4,ely_y2569_id_0c044088-618b-49af-a291-fb28ffe9e0f8,0c044088-618b-49af-a291-fb28ffe9e0f8,11,ely_y2569_id_9d1d86bd-3279-4dd5-a58a-99d3d0eb93a6,2759,3.7398506228566006,4,139645,73773,6366
2569,pv_60_z_4,pv_60,,,4,ely_y2569_id_a62aca08-91b7-4f3f-ba8f-cb9e884a3799,a62aca08-91b7-4f3f-ba8f-cb9e884a3799,42,ely_y2569_id_453f674d-89ab-455d-a327-53a8748726e1,1264,1.7133639678473156,5,139645,73773,6366
2569,pv_60_z_4,pv_60,,,4,ely_y2569_id_d7155f6d-736d-42c0-8bc0-00ee6e1970dc,d7155f6d-736d-42c0-8bc0-00ee6e1970dc,27,ely_y2569_id_2c9a5f39-9579-4e71-9517-391caffd9bad,1249,1.693031325823811,6,139645,73773,6366
2569,pv_60_z_4,pv_60,,,4,ely_y2569_id_d1964fe3-2dd0-43d5-a190-77fbfaf586b2,,8,ely_y2569_id_dc22863a-4c3c-4837-a657-734c369c6fa9,146,0.1979043823621108,7,139645,73773,6366
2569,pv_33_z_3,pv_33,,,3,ely_y2569_id_013c219e-e197-416d-84ea-00ba9c35465e,013c219e-e197-416d-84ea-00ba9c35465e,37,ely_y2569_id_4cafcd6d-03c6-4dca-889c-8cd24d1cdb16,49781,67.70990601324792,1,128000,73521,4593
2569,pv_33_z_3,pv_33,,,3,ely_y2569_id_1116011c-1ef3-4cca-a186-c1b9f7984ede,1116011c-1ef3-4cca-a186-c1b9f7984ede,46,ely_y2569_id_d9d0fdea-d033-4888-a7e2-e1bb611613ad,8930,12.146189524081555,2,128000,73521,4593
2569,pv_33_z_3,pv_33,,,3,ely_y2569_id_2d8a1c84-0bc8-4377-965d-c020a0097c27,2d8a1c84-0bc8-4377-965d-c020a0097c27,9,ely_y2569_id_2f1c308e-79a8-45ec-a096-8959a9da8a5a,7885,10.724826920199671,3,128000,73521,4593
2569,pv_33_z_3,pv_33,,,3,ely_y2569_id_03347cbc-6089-474c-a3f6-484ae981c9a6,03347cbc-6089-474c-a3f6-484ae981c9a6,43,ely_y2569_id_51dc5eab-5e57-4f8b-87ff-4f6b7d331515,2818,3.832918485874784,4,128000,73521,4593
2569,pv_33_z_3,pv_33,,,3,ely_y2569_id_0c044088-618b-49af-a291-fb28ffe9e0f8,0c044088-618b-49af-a291-fb28ffe9e0f8,11,ely_y2569_id_d606c2ac-9435-4089-a763-9ce70cb10b13,1547,2.104160715985909,5,128000,73521,4593
2569,pv_33_z_3,pv_33,,,3,ely_y2569_id_d7155f6d-736d-42c0-8bc0-00ee6e1970dc,d7155f6d-736d-42c0-8bc0-00ee6e1970dc,27,ely_y2569_id_ccbf11d3-77f2-48d3-99fa-d461927300df,1017,1.3832782470314604,6,128000,73521,4593
2569,pv_33_z_3,pv_33,,,3,ely_y2569_id_a62aca08-91b7-4f3f-ba8f-cb9e884a3799,a62aca08-91b7-4f3f-ba8f-cb9e884a3799,42,ely_y2569_id_0f2cb945-738e-4b06-9e9a-383376cbe127,981,1.3343126453666299,7,128000,73521,4593
2569,pv_33_z_3,pv_33,,,3,ely_y2569_id_d1964fe3-2dd0-43d5-a190-77fbfaf586b2,,8,ely_y2569_id_065291dc-ee1b-4b4c-944d-6e0b4b998d77,329,0.44749119299247836,8,128000,73521,4593
2569,pv_33_z_3,pv_33,,,3,ely_y2569_id_7ffe2115-72d1-4d71-9962-03ff61afc67c,,31,ely_y2569_id_18285a73-37f4-4ebb-a984-c8c7b1394d9a,122,0.16593898341970323,9,128000,73521,4593
2569,pv_33_z_3,pv_33,,,3,ely_y2569_id_b8514495-acc0-4744-a41a-afcf86f848a7,,59,ely_y2569_id_14878a66-9922-4d0e-becd-a812d76bdbbe,111,0.1509772717998939,10,128000,73521,4593
2569,pv_31_z_8,pv_31,,,8,ely_y2569_id_013c219e-e197-416d-84ea-00ba9c35465e,013c219e-e197-416d-84ea-00ba9c35465e,37,ely_y2569_id_10358aec-c9ec-4098-b5bd-9f7fda7c9ba9,49860,67.93378295524218,1,126975,73492,4018
2569,pv_31_z_8,pv_31,,,8,ely_y2569_id_1116011c-1ef3-4cca-a186-c1b9f7984ede,1116011c-1ef3-4cca-a186-c1b9f7984ede,46,ely_y2569_id_17e2e4d1-9485-4987-ac3d-d4b41237f6b5,14410,19.633490019756113,2,126975,73492,4018
2569,pv_31_z_8,pv_31,,,8,ely_y2569_id_2d8a1c84-0bc8-4377-965d-c020a0097c27,2d8a1c84-0bc8-4377-965d-c020a0097c27,9,ely_y2569_id_21d51c17-593e-4271-96af-fc400bd336ea,4396,5.989508822126848,3,126975,73492,4018
2569,pv_31_z_8,pv_31,,,8,ely_y2569_id_0c044088-618b-49af-a291-fb28ffe9e0f8,0c044088-618b-49af-a291-fb28ffe9e0f8,11,ely_y2569_id_166ef702-90dd-4641-90c4-e759a7438657,1243,1.6935758566659853,4,126975,73492,4018
2569,pv_31_z_8,pv_31,,,8,ely_y2569_id_d7155f6d-736d-42c0-8bc0-00ee6e1970dc,d7155f6d-736d-42c0-8bc0-00ee6e1970dc,27,ely_y2569_id_f2f50135-dd84-4d3e-958d-0930a32e2305,918,1.2507664009809933,5,126975,73492,4018
2569,pv_31_z_8,pv_31,,,8,ely_y2569_id_7ffe2115-72d1-4d71-9962-03ff61afc67c,,31,ely_y2569_id_dcc2d4e5-af73-4c6b-9b5d-1d89fecefd04,689,0.9387560460521834,6,126975,73492,4018
2569,pv_31_z_8,pv_31,,,8,ely_y2569_id_115da917-bf32-4e96-a2ae-b7818d0909ee,115da917-bf32-4e96-a2ae-b7818d0909ee,6,ely_y2569_id_ebdb6dd8-cc7c-42d7-80d5-76eea96a350d,606,0.8256693235234008,7,126975,73492,4018
2569,pv_31_z_8,pv_31,,,8,ely_y2569_id_a62aca08-91b7-4f3f-ba8f-cb9e884a3799,a62aca08-91b7-4f3f-ba8f-cb9e884a3799,42,ely_y2569_id_91146bc6-2f69-47c0-99f3-a563ee7b28f5,556,0.7575447918795558,8,126975,73492,4018
2569,pv_31_z_8,pv_31,,,8,ely_y2569_id_339fa187-133c-4766-a6c2-36d1b32cda8f,339fa187-133c-4766-a6c2-36d1b32cda8f,23,ely_y2569_id_c2bcae6e-3254-401c-926f-f27583ee4168,456,0.6212957285918659,9,126975,73492,4018
2569,pv_31_z_8,pv_31,,,8,ely_y2569_id_d1964fe3-2dd0-43d5-a190-77fbfaf586b2,,8,ely_y2569_id_7eac1d25-e97c-4bda-913f-c59c87d38efb,261,0.35561005518087063,10,126975,73492,4018
2569,pv_10_z_1,pv_10,,,1,ely_y2569_id_1116011c-1ef3-4cca-a186-c1b9f7984ede,1116011c-1ef3-4cca-a186-c1b9f7984ede,46,ely_y2569_id_f252b524-4252-475d-80ad-cd87555e114d,32564,44.39294380674537,1,130423,74515,1590
2569,pv_10_z_1,pv_10,,,1,ely_y2569_id_d7155f6d-736d-42c0-8bc0-00ee6e1970dc,d7155f6d-736d-42c0-8bc0-00ee6e1970dc,27,ely_y2569_id_f992e650-ece8-4026-9bd8-7d3c42fd6ca9,14018,19.110068980560023,2,130423,74515,1590
2569,pv_10_z_1,pv_10,,,1,ely_y2569_id_013c219e-e197-416d-84ea-00ba9c35465e,013c219e-e197-416d-84ea-00ba9c35465e,37,ely_y2569_id_149ac3cc-7cb1-48f4-ba84-c877c60ef447,13661,18.623387954303787,3,130423,74515,1590
2569,pv_10_z_1,pv_10,,,1,ely_y2569_id_2d8a1c84-0bc8-4377-965d-c020a0097c27,2d8a1c84-0bc8-4377-965d-c020a0097c27,9,ely_y2569_id_2fcbb303-d05e-432b-934f-868b4fe1663d,5761,7.853695776644763,4,130423,74515,1590
2569,pv_10_z_1,pv_10,,,1,ely_y2569_id_115da917-bf32-4e96-a2ae-b7818d0909ee,115da917-bf32-4e96-a2ae-b7818d0909ee,6,ely_y2569_id_72dffae3-845e-4a51-8d37-7acc8ec81691,1983,2.7033290618098538,5,130423,74515,1590
2569,pv_10_z_1,pv_10,,,1,ely_y2569_id_2ee17641-917b-4ea0-8c19-da383e03e915,2ee17641-917b-4ea0-8c19-da383e03e915,44,ely_y2569_id_06a438ac-b146-4d3f-9946-8efe10fc7f8c,1076,1.4668593396406466,6,130423,74515,1590
2569,pv_10_z_1,pv_10,,,1,ely_y2569_id_f9cadd57-8256-49aa-9386-0da392b19fc2,f9cadd57-8256-49aa-9386-0da392b19fc2,29,ely_y2569_id_008d3e10-6cb0-469b-b1a6-b20b01201f1a,968,1.3196281048068272,7,130423,74515,1590
2569,pv_10_z_1,pv_10,,,1,ely_y2569_id_0c044088-618b-49af-a291-fb28ffe9e0f8,0c044088-618b-49af-a291-fb28ffe9e0f8,11,ely_y2569_id_f09a2106-4fb1-49d2-9143-d0cc36b434f7,938,1.2787305395752107,8,130423,74515,1590
2569,pv_10_z_1,pv_10,,,1,ely_y2569_id_cb1b6cf2-41fa-49b1-a060-01acf13edc81,cb1b6cf2-41fa-49b1-a060-01acf13edc81,48,ely_y2569_id_7489621a-7087-4efc-a002-5d45249024b2,601,0.819314556806718,9,130423,74515,1590
2569,pv_10_z_1,pv_10,,,1,ely_y2569_id_965b4b93-c01e-4a2b-a987-577f2b99ebb4,965b4b93-c01e-4a2b-a987-577f2b99ebb4,49,ely_y2569_id_fe00c979-200e-46f0-91e7-671c3115cfc8,472,0.643455026310767,10,130423,74515,1590
2569,pv_10_z_1,pv_10,,,1,ely_y2569_id_bd8d9f14-f757-41fb-8f37-d6128d9d012d,bd8d9f14-f757-41fb-8f37-d6128d9d012d,7,ely_y2569_id_924957df-8009-465a-b107-73862b7e46b9,334,0.45532622624533087,11,130423,74515,1590
2569,pv_10_z_1,pv_10,,,1,ely_y2569_id_a62aca08-91b7-4f3f-ba8f-cb9e884a3799,a62aca08-91b7-4f3f-ba8f-cb9e884a3799,42,ely_y2569_id_46654d82-303e-439e-818c-9557e45df7da,235,0.32036426098099624,12,130423,74515,1590
2569,pv_10_z_1,pv_10,,,1,ely_y2569_id_339fa187-133c-4766-a6c2-36d1b32cda8f,339fa187-133c-4766-a6c2-36d1b32cda8f,23,ely_y2569_id_885516e4-c0b8-4d0b-a8e8-6ceec5dedbc7,164,0.22357335659950378,13,130423,74515,1590
2569,pv_10_z_1,pv_10,,,1,ely_y2569_id_54706125-9661-467d-a8af-78994d14b116,54706125-9661-467d-a8af-78994d14b116,35,ely_y2569_id_7997baa3-c5f9-4051-9b1b-7aa4b3a5acc1,154,0.2099408348556316,14,130423,74515,1590
2569,pv_10_z_1,pv_10,,,1,ely_y2569_id_bdd306a2-80c7-4d7b-a7ff-8dc1ec9fcc76,bdd306a2-80c7-4d7b-a7ff-8dc1ec9fcc76,10,ely_y2569_id_cc2dedf5-0df0-4120-9b66-7a6325a02cfa,146,0.19903481746053384,15,130423,74515,1590
2569,pv_10_z_1,pv_10,,,1,ely_y2569_id_c126e4e4-be85-44e6-bf3e-f9331b9f91a9,c126e4e4-be85-44e6-bf3e-f9331b9f91a9,24,ely_y2569_id_ffa9a463-94b6-4d78-b86a-671e66fee9e6,108,0.14723123483381956,16,130423,74515,1590
2569,pv_10_z_1,pv_10,,,1,ely_y2569_id_d1964fe3-2dd0-43d5-a190-77fbfaf586b2,,8,ely_y2569_id_34fcce7d-f21c-497c-bb57-31032c3913be,91,0.12405594786923685,17,130423,74515,1590
2569,pv_10_z_1,pv_10,,,1,ely_y2569_id_03347cbc-6089-474c-a3f6-484ae981c9a6,03347cbc-6089-474c-a3f6-484ae981c9a6,43,ely_y2569_id_aaf80e20-c517-4355-8198-d28444466fc3,80,0.10906017395097745,18,130423,74515,1590
2569,pv_62_z_3,pv_62,,,3,ely_y2569_id_2d8a1c84-0bc8-4377-965d-c020a0097c27,2d8a1c84-0bc8-4377-965d-c020a0097c27,9,ely_y2569_id_228d767f-b1a6-468c-872f-ad00fe00a081,30571,41.75453452797203,1,137789,73216,6244
2569,pv_62_z_3,pv_62,,,3,ely_y2569_id_a62aca08-91b7-4f3f-ba8f-cb9e884a3799,a62aca08-91b7-4f3f-ba8f-cb9e884a3799,42,ely_y2569_id_708b32d1-14f8-49b7-8cc5-b22736d52b50,27994,38.23481206293706,2,137789,73216,6244
2569,pv_62_z_3,pv_62,,,3,ely_y2569_id_1116011c-1ef3-4cca-a186-c1b9f7984ede,1116011c-1ef3-4cca-a186-c1b9f7984ede,46,ely_y2569_id_6b3551ce-f6ee-43f3-9c6f-1829e6b9cdaa,9094,12.420782342657342,3,137789,73216,6244
2569,pv_62_z_3,pv_62,,,3,ely_y2569_id_013c219e-e197-416d-84ea-00ba9c35465e,013c219e-e197-416d-84ea-00ba9c35465e,37,ely_y2569_id_0c321b7e-c6b2-495e-8f0d-9d3f0ade0145,1517,2.071951486013986,4,137789,73216,6244
2569,pv_62_z_3,pv_62,,,3,ely_y2569_id_d7155f6d-736d-42c0-8bc0-00ee6e1970dc,d7155f6d-736d-42c0-8bc0-00ee6e1970dc,27,ely_y2569_id_ee65ee6c-ad74-455a-a590-4ed5558be60e,1250,1.707277097902098,5,137789,73216,6244
2569,pv_62_z_3,pv_62,,,3,ely_y2569_id_03347cbc-6089-474c-a3f6-484ae981c9a6,03347cbc-6089-474c-a3f6-484ae981c9a6,43,ely_y2569_id_b7b38307-74e4-4b27-88ba-525955397806,1161,1.5857189685314683,6,137789,73216,6244
2569,pv_62_z_3,pv_62,,,3,ely_y2569_id_0c044088-618b-49af-a291-fb28ffe9e0f8,0c044088-618b-49af-a291-fb28ffe9e0f8,11,ely_y2569_id_08b797d9-0ddd-488f-a27e-f5fd4fdc1567,875,1.1950939685314685,7,137789,73216,6244
2569,pv_62_z_3,pv_62,,,3,ely_y2569_id_2ee17641-917b-4ea0-8c19-da383e03e915,2ee17641-917b-4ea0-8c19-da383e03e915,44,ely_y2569_id_55f13256-4e1f-4104-9084-1872baf85c1a,418,0.5709134615384615,8,137789,73216,6244
2569,pv_62_z_3,pv_62,,,3,ely_y2569_id_3d55d7c9-f0bc-4803-b40e-090a7ea5d872,3d55d7c9-f0bc-4803-b40e-090a7ea5d872,3,ely_y2569_id_6d05df7c-03c9-484c-b113-fcede3a2e0be,336,0.4589160839160839,9,137789,73216,6244
2569,pv_10_z_18,pv_10,,,18,ely_y2569_id_1116011c-1ef3-4cca-a186-c1b9f7984ede,1116011c-1ef3-4cca-a186-c1b9f7984ede,46,ely_y2569_id_e052bbe9-8c7d-45c4-ba9e-ca4f864bd944,31027,42.46957854825684,1,122857,74583,2113
2569,pv_10_z_18,pv_10,,,18,ely_y2569_id_2d8a1c84-0bc8-4377-965d-c020a0097c27,2d8a1c84-0bc8-4377-965d-c020a0097c27,9,ely_y2569_id_11abc7eb-d2f8-4d13-b9a5-d29355de9dfc,19113,26.161764102002543,2,122857,74583,2113
2569,pv_10_z_18,pv_10,,,18,ely_y2569_id_013c219e-e197-416d-84ea-00ba9c35465e,013c219e-e197-416d-84ea-00ba9c35465e,37,ely_y2569_id_84f38fd5-01e8-4ba1-9df4-d2861518017d,7605,10.409680112788644,3,122857,74583,2113
2569,pv_10_z_18,pv_10,,,18,ely_y2569_id_d7155f6d-736d-42c0-8bc0-00ee6e1970dc,d7155f6d-736d-42c0-8bc0-00ee6e1970dc,27,ely_y2569_id_3a5ba796-ceb9-45db-93f2-719f9024f4cc,6125,8.38386465362662,4,122857,74583,2113
2569,pv_10_z_18,pv_10,,,18,ely_y2569_id_115da917-bf32-4e96-a2ae-b7818d0909ee,115da917-bf32-4e96-a2ae-b7818d0909ee,6,ely_y2569_id_09fd8b94-61c2-4b31-bfa2-66915fb214f1,3017,4.12965218938637,5,122857,74583,2113
2569,pv_10_z_18,pv_10,,,18,ely_y2569_id_965b4b93-c01e-4a2b-a987-577f2b99ebb4,965b4b93-c01e-4a2b-a987-577f2b99ebb4,49,ely_y2569_id_f77897bb-c1d6-43e3-831e-5663064e6db5,1625,2.224290622390736,6,122857,74583,2113
2569,pv_10_z_18,pv_10,,,18,ely_y2569_id_cb1b6cf2-41fa-49b1-a060-01acf13edc81,cb1b6cf2-41fa-49b1-a060-01acf13edc81,48,ely_y2569_id_17a01a79-954d-4bb3-84ef-edcd951141fc,1580,2.162694882078377,7,122857,74583,2113
2569,pv_10_z_18,pv_10,,,18,ely_y2569_id_bdd306a2-80c7-4d7b-a7ff-8dc1ec9fcc76,bdd306a2-80c7-4d7b-a7ff-8dc1ec9fcc76,10,ely_y2569_id_98c4b890-9949-4257-afdf-ee5f20f12892,447,0.6118510204360978,8,122857,74583,2113
2569,pv_10_z_18,pv_10,,,18,ely_y2569_id_bd8d9f14-f757-41fb-8f37-d6128d9d012d,bd8d9f14-f757-41fb-8f37-d6128d9d012d,7,ely_y2569_id_138f5a09-d00c-4dd6-bc98-c3e317f4f6ee,399,0.5461488974362484,9,122857,74583,2113
2569,pv_10_z_18,pv_10,,,18,ely_y2569_id_03347cbc-6089-474c-a3f6-484ae981c9a6,03347cbc-6089-474c-a3f6-484ae981c9a6,43,ely_y2569_id_df7deaaa-fdc7-4894-9aac-62688dba942e,325,0.4448581244781472,10,122857,74583,2113
2569,pv_10_z_18,pv_10,,,18,ely_y2569_id_54706125-9661-467d-a8af-78994d14b116,54706125-9661-467d-a8af-78994d14b116,35,ely_y2569_id_e4bc4e3a-61fc-495f-91d0-bdfa323ac66d,320,0.43801415333232957,11,122857,74583,2113
2569,pv_10_z_18,pv_10,,,18,ely_y2569_id_409581ea-d469-40f6-803e-7830a6418150,,17,ely_y2569_id_ef4c9a02-1ab6-43c7-a165-d79ff17ef850,309,0.4229574168115307,12,122857,74583,2113
2569,pv_10_z_18,pv_10,,,18,ely_y2569_id_b6a2dc38-6f7d-4865-a6e0-a1b60a2edf32,,30,ely_y2569_id_b74ab08a-1363-4fb0-815f-9bf000146f43,237,0.3244042323117566,13,122857,74583,2113
2569,pv_10_z_18,pv_10,,,18,ely_y2569_id_339fa187-133c-4766-a6c2-36d1b32cda8f,339fa187-133c-4766-a6c2-36d1b32cda8f,23,ely_y2569_id_134a1dc4-0ab0-40f0-bedc-9d5ee71c38dd,217,0.29702834772848596,14,122857,74583,2113
2569,pv_10_z_18,pv_10,,,18,ely_y2569_id_7255d2d0-1f49-4fd8-adad-7acfea2d5126,7255d2d0-1f49-4fd8-adad-7acfea2d5126,56,ely_y2569_id_d1cc782a-73f9-4514-8c07-1c90fb0bfbcc,189,0.2587021093119072,15,122857,74583,2113
2569,pv_10_z_18,pv_10,,,18,ely_y2569_id_a62aca08-91b7-4f3f-ba8f-cb9e884a3799,a62aca08-91b7-4f3f-ba8f-cb9e884a3799,42,ely_y2569_id_c5877ee5-7749-4806-b268-f6f754c4ec95,188,0.2573333150827436,16,122857,74583,2113
2569,pv_10_z_18,pv_10,,,18,ely_y2569_id_2ee17641-917b-4ea0-8c19-da383e03e915,2ee17641-917b-4ea0-8c19-da383e03e915,44,ely_y2569_id_8699c839-252b-4ae8-a5e6-4332e4d8c5fc,180,0.24638296124943537,17,122857,74583,2113
2569,pv_10_z_18,pv_10,,,18,ely_y2569_id_f7b4da92-1d4f-4f3f-ab31-25eb36d1a8ad,f7b4da92-1d4f-4f3f-ab31-25eb36d1a8ad,51,ely_y2569_id_c84e3ee4-ad06-4352-bb76-461c6da6d2f5,154,0.2107943112911836,18,122857,74583,2113
2569,pv_94_z_4,pv_94,,,4,ely_y2569_id_a62aca08-91b7-4f3f-ba8f-cb9e884a3799,a62aca08-91b7-4f3f-ba8f-cb9e884a3799,42,ely_y2569_id_fa586103-89b6-4974-8d32-0153588a4735,27479,37.649170400208256,1,110256,73987,3881
2569,pv_94_z_4,pv_94,,,4,ely_y2569_id_013c219e-e197-416d-84ea-00ba9c35465e,013c219e-e197-416d-84ea-00ba9c35465e,37,ely_y2569_id_0c403e88-e06b-4fd8-b930-afc553ad505d,24367,33.385397399536906,2,110256,73987,3881
2569,pv_94_z_4,pv_94,,,4,ely_y2569_id_7f4755ca-ea3a-4023-869d-9cabba328db0,7f4755ca-ea3a-4023-869d-9cabba328db0,33,ely_y2569_id_b7bcf39f-a119-47c2-a26f-6a79faec4622,14981,20.52557304725499,3,110256,73987,3881
2569,pv_94_z_4,pv_94,,,4,ely_y2569_id_1116011c-1ef3-4cca-a186-c1b9f7984ede,1116011c-1ef3-4cca-a186-c1b9f7984ede,46,ely_y2569_id_b2f415d4-241f-46ff-a331-de5c0f2aa5c9,4046,5.543452943674901,4,110256,73987,3881
2569,pv_94_z_4,pv_94,,,4,ely_y2569_id_d7155f6d-736d-42c0-8bc0-00ee6e1970dc,d7155f6d-736d-42c0-8bc0-00ee6e1970dc,27,ely_y2569_id_104389f2-cfa3-4c14-9e14-0d40afdf7795,1429,1.957882910655322,5,110256,73987,3881
2569,pv_94_z_4,pv_94,,,4,ely_y2569_id_bd8d9f14-f757-41fb-8f37-d6128d9d012d,bd8d9f14-f757-41fb-8f37-d6128d9d012d,7,ely_y2569_id_e2c4c2ad-3db7-459a-8bac-89f725ea5b4a,400,0.5480428021428474,6,110256,73987,3881
2569,pv_94_z_4,pv_94,,,4,ely_y2569_id_2d8a1c84-0bc8-4377-965d-c020a0097c27,2d8a1c84-0bc8-4377-965d-c020a0097c27,9,ely_y2569_id_acee57a6-6d0c-48dd-a4a9-1ee2a9353dbd,285,0.39048049652677874,7,110256,73987,3881
2569,pv_18_z_1,pv_18,,,1,ely_y2569_id_2d8a1c84-0bc8-4377-965d-c020a0097c27,2d8a1c84-0bc8-4377-965d-c020a0097c27,9,ely_y2569_id_984fdb99-dd19-4ddf-8b4a-2e2f1efb72c2,33605,46.170227382015526,1,131155,75681,5224
2569,pv_18_z_1,pv_18,,,1,ely_y2569_id_1116011c-1ef3-4cca-a186-c1b9f7984ede,1116011c-1ef3-4cca-a186-c1b9f7984ede,46,ely_y2569_id_59e2b5a6-b1e5-4cc6-91ee-ef98b0940dda,24658,33.877859449062306,2,131155,75681,5224
2569,pv_18_z_1,pv_18,,,1,ely_y2569_id_d7155f6d-736d-42c0-8bc0-00ee6e1970dc,d7155f6d-736d-42c0-8bc0-00ee6e1970dc,27,ely_y2569_id_0127acb6-131c-4bc5-8384-55ba28e93f70,6768,9.298619220993338,3,131155,75681,5224
2569,pv_18_z_1,pv_18,,,1,ely_y2569_id_013c219e-e197-416d-84ea-00ba9c35465e,013c219e-e197-416d-84ea-00ba9c35465e,37,ely_y2569_id_da46e37a-8852-4641-83b6-d33c4a450825,5577,7.662293054887683,4,131155,75681,5224
2569,pv_18_z_1,pv_18,,,1,ely_y2569_id_a62aca08-91b7-4f3f-ba8f-cb9e884a3799,a62aca08-91b7-4f3f-ba8f-cb9e884a3799,42,ely_y2569_id_faf835ea-e49a-44b5-8a66-b36fb453ebdc,1110,1.5250394998969568,5,131155,75681,5224
2569,pv_18_z_1,pv_18,,,1,ely_y2569_id_03347cbc-6089-474c-a3f6-484ae981c9a6,03347cbc-6089-474c-a3f6-484ae981c9a6,43,ely_y2569_id_dd336e81-78e4-4970-8686-11b668c3a036,1067,1.465961393144192,6,131155,75681,5224
2569,pv_40_z_9,pv_40,,,9,ely_y2569_id_2d8a1c84-0bc8-4377-965d-c020a0097c27,2d8a1c84-0bc8-4377-965d-c020a0097c27,9,ely_y2569_id_3dc1127a-cfe3-4661-b734-39592988b309,40153,55.17568328913196,1,127326,72773,3677
2569,pv_40_z_9,pv_40,,,9,ely_y2569_id_013c219e-e197-416d-84ea-00ba9c35465e,013c219e-e197-416d-84ea-00ba9c35465e,37,ely_y2569_id_ae228e30-f0ec-41db-b755-18aac913a720,19215,26.404023470243082,2,127326,72773,3677
2569,pv_40_z_9,pv_40,,,9,ely_y2569_id_1116011c-1ef3-4cca-a186-c1b9f7984ede,1116011c-1ef3-4cca-a186-c1b9f7984ede,46,ely_y2569_id_0937b8be-e50b-4f21-b493-762f2809ac90,10840,14.895634369889931,3,127326,72773,3677
2569,pv_40_z_9,pv_40,,,9,ely_y2569_id_7ffe2115-72d1-4d71-9962-03ff61afc67c,,31,ely_y2569_id_f784f564-8bae-4d75-a2f6-567c153deb42,1429,1.9636403611229438,4,127326,72773,3677
2569,pv_40_z_9,pv_40,,,9,ely_y2569_id_f9cadd57-8256-49aa-9386-0da392b19fc2,f9cadd57-8256-49aa-9386-0da392b19fc2,29,ely_y2569_id_16e13b20-a7f2-453b-86dc-0899cf5a89ec,533,0.7324144943866544,5,127326,72773,3677
2569,pv_40_z_9,pv_40,,,9,ely_y2569_id_cb1b6cf2-41fa-49b1-a060-01acf13edc81,cb1b6cf2-41fa-49b1-a060-01acf13edc81,48,ely_y2569_id_225a2c9e-614f-41fd-b01a-f0382ce5e84f,342,0.4699545160980033,6,127326,72773,3677
2569,pv_40_z_9,pv_40,,,9,ely_y2569_id_d1964fe3-2dd0-43d5-a190-77fbfaf586b2,,8,ely_y2569_id_9c780999-4f7a-4bd6-b10e-2fff9209239e,187,0.25696343424072116,7,127326,72773,3677
2569,pv_40_z_9,pv_40,,,9,ely_y2569_id_03347cbc-6089-474c-a3f6-484ae981c9a6,03347cbc-6089-474c-a3f6-484ae981c9a6,43,ely_y2569_id_2c2b7fd8-754e-4c84-8154-73fbbdaaf395,74,0.10168606488670248,8,127326,72773,3677
2569,pv_12_z_3,pv_12,,,3,ely_y2569_id_1116011c-1ef3-4cca-a186-c1b9f7984ede,1116011c-1ef3-4cca-a186-c1b9f7984ede,46,ely_y2569_id_bc52c96c-3aff-4ce2-a642-51de39fa5072,35655,49.03592254373418,1,140981,76001,1896
2569,pv_12_z_3,pv_12,,,3,ely_y2569_id_2d8a1c84-0bc8-4377-965d-c020a0097c27,2d8a1c84-0bc8-4377-965d-c020a0097c27,9,ely_y2569_id_cb498677-a106-4fba-917c-b205e80ad53c,12683,17.44278798547695,2,140981,76001,1896
2569,pv_12_z_3,pv_12,,,3,ely_y2569_id_013c219e-e197-416d-84ea-00ba9c35465e,013c219e-e197-416d-84ea-00ba9c35465e,37,ely_y2569_id_43558971-98bf-4867-9f34-6da3130cffe6,12216,16.80052811090329,3,140981,76001,1896
2569,pv_12_z_3,pv_12,,,3,ely_y2569_id_d7155f6d-736d-42c0-8bc0-00ee6e1970dc,d7155f6d-736d-42c0-8bc0-00ee6e1970dc,27,ely_y2569_id_1cc627f9-3720-4838-b79b-075c200d0fa1,5701,7.840521509516998,4,140981,76001,1896
2569,pv_12_z_3,pv_12,,,3,ely_y2569_id_0c044088-618b-49af-a291-fb28ffe9e0f8,0c044088-618b-49af-a291-fb28ffe9e0f8,11,ely_y2569_id_ae69539e-86d5-4c51-83b7-e6eb62927b30,1728,2.3764990648036086,5,140981,76001,1896
2569,pv_12_z_3,pv_12,,,3,ely_y2569_id_115da917-bf32-4e96-a2ae-b7818d0909ee,115da917-bf32-4e96-a2ae-b7818d0909ee,6,ely_y2569_id_58af20f8-bb1e-47f5-a40e-f3ef00bd3c0c,1438,1.97766530971504,6,140981,76001,1896
2569,pv_12_z_3,pv_12,,,3,ely_y2569_id_a62aca08-91b7-4f3f-ba8f-cb9e884a3799,a62aca08-91b7-4f3f-ba8f-cb9e884a3799,42,ely_y2569_id_6bfb30be-b7c7-4dfc-9c90-f8db6e571134,1036,1.424799207833645,7,140981,76001,1896
2569,pv_12_z_3,pv_12,,,3,ely_y2569_id_bdd306a2-80c7-4d7b-a7ff-8dc1ec9fcc76,bdd306a2-80c7-4d7b-a7ff-8dc1ec9fcc76,10,ely_y2569_id_580ea693-7d71-4c47-9e2d-47f764bc98b5,742,1.0204642975024756,8,140981,76001,1896
2569,pv_12_z_3,pv_12,,,3,ely_y2569_id_bd8d9f14-f757-41fb-8f37-d6128d9d012d,bd8d9f14-f757-41fb-8f37-d6128d9d012d,7,ely_y2569_id_9a2b6ebe-0d53-4946-9f5c-28c46496c826,623,0.8568049290350974,9,140981,76001,1896
2569,pv_12_z_3,pv_12,,,3,ely_y2569_id_bcdcd19b-d619-47dd-8535-fafb6bc6f4d8,bcdcd19b-d619-47dd-8535-fafb6bc6f4d8,12,ely_y2569_id_16b2eb51-b5bc-421c-8d54-9d847fc393be,563,0.7742876003960831,10,140981,76001,1896
2569,pv_12_z_3,pv_12,,,3,ely_y2569_id_03347cbc-6089-474c-a3f6-484ae981c9a6,03347cbc-6089-474c-a3f6-484ae981c9a6,43,ely_y2569_id_3a27bf09-c664-4322-a29a-e9ad6983e964,327,0.44971944108262735,11,140981,76001,1896
2569,pv_46_z_3,pv_46,,,3,ely_y2569_id_a62aca08-91b7-4f3f-ba8f-cb9e884a3799,a62aca08-91b7-4f3f-ba8f-cb9e884a3799,42,ely_y2569_id_13ce5d18-b316-416f-bc8c-821bacc99ec9,25564,35.16223539606344,1,124254,72703,4498
2569,pv_46_z_3,pv_46,,,3,ely_y2569_id_2d8a1c84-0bc8-4377-965d-c020a0097c27,2d8a1c84-0bc8-4377-965d-c020a0097c27,9,ely_y2569_id_7b362a5d-01f1-4400-b1e2-ead6893edf2e,13884,19.096873581557844,2,124254,72703,4498
2569,pv_46_z_3,pv_46,,,3,ely_y2569_id_03347cbc-6089-474c-a3f6-484ae981c9a6,03347cbc-6089-474c-a3f6-484ae981c9a6,43,ely_y2569_id_00da31ae-e77b-48b8-9da2-a3180027a033,13478,18.538437203416642,3,124254,72703,4498
2569,pv_46_z_3,pv_46,,,3,ely_y2569_id_1116011c-1ef3-4cca-a186-c1b9f7984ede,1116011c-1ef3-4cca-a186-c1b9f7984ede,46,ely_y2569_id_5481f0f8-372c-49eb-98cc-ee2bc5eb980c,10801,14.856333301239289,4,124254,72703,4498
2569,pv_46_z_3,pv_46,,,3,ely_y2569_id_013c219e-e197-416d-84ea-00ba9c35465e,013c219e-e197-416d-84ea-00ba9c35465e,37,ely_y2569_id_e7049962-edef-4a45-b52a-56623f614525,4751,6.534805991499663,5,124254,72703,4498
2569,pv_46_z_3,pv_46,,,3,ely_y2569_id_0c044088-618b-49af-a291-fb28ffe9e0f8,0c044088-618b-49af-a291-fb28ffe9e0f8,11,ely_y2569_id_806b80e1-e368-4e00-9d38-5d29002ffdcf,1502,2.065939507310565,6,124254,72703,4498
2569,pv_46_z_3,pv_46,,,3,ely_y2569_id_d7155f6d-736d-42c0-8bc0-00ee6e1970dc,d7155f6d-736d-42c0-8bc0-00ee6e1970dc,27,ely_y2569_id_fa373afa-670a-43d7-9772-aefdade2063a,1195,1.6436735760560088,7,124254,72703,4498
2569,pv_46_z_3,pv_46,,,3,ely_y2569_id_115da917-bf32-4e96-a2ae-b7818d0909ee,115da917-bf32-4e96-a2ae-b7818d0909ee,6,ely_y2569_id_118b9f63-ef03-4b54-91e0-dcb768d13034,498,0.6849786116116254,8,124254,72703,4498
2569,pv_46_z_3,pv_46,,,3,ely_y2569_id_965b4b93-c01e-4a2b-a987-577f2b99ebb4,965b4b93-c01e-4a2b-a987-577f2b99ebb4,49,ely_y2569_id_a2e8ea3f-7cd9-4216-bb1f-7c38336ca809,391,0.5378044922492882,9,124254,72703,4498
2569,pv_46_z_3,pv_46,,,3,ely_y2569_id_bdd306a2-80c7-4d7b-a7ff-8dc1ec9fcc76,bdd306a2-80c7-4d7b-a7ff-8dc1ec9fcc76,10,ely_y2569_id_b5491072-33c8-4ee3-a8dd-ee99985ac8dc,365,0.5020425567032997,10,124254,72703,4498
2569,pv_46_z_3,pv_46,,,3,ely_y2569_id_7255d2d0-1f49-4fd8-adad-7acfea2d5126,7255d2d0-1f49-4fd8-adad-7acfea2d5126,56,ely_y2569_id_91d7aede-bf2a-4921-9b95-180898a5a3b9,148,0.20356794080024207,11,124254,72703,4498
2569,pv_46_z_3,pv_46,,,3,ely_y2569_id_d1964fe3-2dd0-43d5-a190-77fbfaf586b2,,8,ely_y2569_id_af3ebe58-e5de-4b41-b70d-936d0613f635,126,0.173307841492098,12,124254,72703,4498
2569,pv_36_z_7,pv_36,,,7,ely_y2569_id_a62aca08-91b7-4f3f-ba8f-cb9e884a3799,a62aca08-91b7-4f3f-ba8f-cb9e884a3799,42,ely_y2569_id_3c51b522-4c4a-45d6-9a27-a6699df05692,37660,51.816893463036095,1,126889,72679,4141
2569,pv_36_z_7,pv_36,,,7,ely_y2569_id_2d8a1c84-0bc8-4377-965d-c020a0097c27,2d8a1c84-0bc8-4377-965d-c020a0097c27,9,ely_y2569_id_16d788c2-99b1-4aa8-9a60-a79c6aad510c,22123,30.43932910469324,2,126889,72679,4141
2569,pv_36_z_7,pv_36,,,7,ely_y2569_id_1116011c-1ef3-4cca-a186-c1b9f7984ede,1116011c-1ef3-4cca-a186-c1b9f7984ede,46,ely_y2569_id_6c08fd8d-db5f-4cb1-a7fc-b5a2773b29fb,9375,12.899186835261906,3,126889,72679,4141
2569,pv_36_z_7,pv_36,,,7,ely_y2569_id_03347cbc-6089-474c-a3f6-484ae981c9a6,03347cbc-6089-474c-a3f6-484ae981c9a6,43,ely_y2569_id_548066c9-5884-4db1-9dba-4fd35bd34b57,772,1.062205038594367,4,126889,72679,4141
2569,pv_36_z_7,pv_36,,,7,ely_y2569_id_d1964fe3-2dd0-43d5-a190-77fbfaf586b2,,8,ely_y2569_id_7a454b69-0c1b-434b-aa65-1ff8ff8e5d4f,762,1.0484459059700877,5,126889,72679,4141
2569,pv_36_z_7,pv_36,,,7,ely_y2569_id_013c219e-e197-416d-84ea-00ba9c35465e,013c219e-e197-416d-84ea-00ba9c35465e,37,ely_y2569_id_b3f58955-a686-4001-a9e7-0eb3d46c21fb,636,0.8750808349041677,6,126889,72679,4141
2569,pv_36_z_7,pv_36,,,7,ely_y2569_id_0c044088-618b-49af-a291-fb28ffe9e0f8,0c044088-618b-49af-a291-fb28ffe9e0f8,11,ely_y2569_id_1944e9f6-110f-43fb-b0b9-87bf676128ff,514,0.7072194168879594,7,126889,72679,4141
2569,pv_36_z_7,pv_36,,,7,ely_y2569_id_115da917-bf32-4e96-a2ae-b7818d0909ee,115da917-bf32-4e96-a2ae-b7818d0909ee,6,ely_y2569_id_6152b357-0c26-40e4-b4fa-ba5dd03b43fd,284,0.39075936652953397,8,126889,72679,4141
2569,pv_36_z_7,pv_36,,,7,ely_y2569_id_d7155f6d-736d-42c0-8bc0-00ee6e1970dc,d7155f6d-736d-42c0-8bc0-00ee6e1970dc,27,ely_y2569_id_eafb5ca6-8444-445b-aea6-71adddff51ac,240,0.33021918298270475,9,126889,72679,4141
2569,pv_36_z_7,pv_36,,,7,ely_y2569_id_965b4b93-c01e-4a2b-a987-577f2b99ebb4,965b4b93-c01e-4a2b-a987-577f2b99ebb4,49,ely_y2569_id_9379312f-0944-4bcc-823f-48bfd72d6eee,240,0.33021918298270475,10,126889,72679,4141
2569,pv_36_z_7,pv_36,,,7,ely_y2569_id_aec0c4f2-be03-4a06-a205-b00971871173,,1,ely_y2569_id_33f70825-69a4-403a-8515-a46ebf13bd40,73,0.10044166815723937,11,126889,72679,4141
2569,pv_10_z_3,pv_10,,,3,ely_y2569_id_1116011c-1ef3-4cca-a186-c1b9f7984ede,1116011c-1ef3-4cca-a186-c1b9f7984ede,46,ely_y2569_id_d46adb3e-f579-407e-8505-f1f400ec94af,32753,45.070248104470835,1,122578,75007,1381
2569,pv_10_z_3,pv_10,,,3,ely_y2569_id_013c219e-e197-416d-84ea-00ba9c35465e,013c219e-e197-416d-84ea-00ba9c35465e,37,ely_y2569_id_06eb9de1-e984-4d30-bdb5-ae06039e7c37,9711,13.362964593854496,3,122578,75007,1381
2569,pv_10_z_3,pv_10,,,3,ely_y2569_id_2d8a1c84-0bc8-4377-965d-c020a0097c27,2d8a1c84-0bc8-4377-965d-c020a0097c27,9,ely_y2569_id_7e8abfb4-327d-4188-a1ba-a940de7f0635,6336,8.718746129817946,4,122578,75007,1381
2569,pv_10_z_3,pv_10,,,3,ely_y2569_id_115da917-bf32-4e96-a2ae-b7818d0909ee,115da917-bf32-4e96-a2ae-b7818d0909ee,6,ely_y2569_id_82658395-86db-4e26-8785-627194b78aa0,1361,1.872824097645553,5,122578,75007,1381
2569,pv_10_z_3,pv_10,,,3,ely_y2569_id_0c044088-618b-49af-a291-fb28ffe9e0f8,0c044088-618b-49af-a291-fb28ffe9e0f8,11,ely_y2569_id_9d1ac69a-d337-47d8-b5cf-d1c9c8917e00,1238,1.7035681358451102,6,122578,75007,1381
2569,pv_10_z_3,pv_10,,,3,ely_y2569_id_965b4b93-c01e-4a2b-a987-577f2b99ebb4,965b4b93-c01e-4a2b-a987-577f2b99ebb4,49,ely_y2569_id_023cc89e-0746-4f43-9f9a-17364aac4f91,634,0.8724250388738286,7,122578,75007,1381
2569,pv_10_z_3,pv_10,,,3,ely_y2569_id_cb1b6cf2-41fa-49b1-a060-01acf13edc81,cb1b6cf2-41fa-49b1-a060-01acf13edc81,48,ely_y2569_id_053fea28-6270-49ea-afd0-ed6a21bacbff,537,0.738946760055593,8,122578,75007,1381
2569,pv_10_z_3,pv_10,,,3,ely_y2569_id_a62aca08-91b7-4f3f-ba8f-cb9e884a3799,a62aca08-91b7-4f3f-ba8f-cb9e884a3799,42,ely_y2569_id_6176964b-a4cf-4993-bfcb-cb4f3a41ece0,471,0.6481264878699894,9,122578,75007,1381
2569,pv_10_z_3,pv_10,,,3,ely_y2569_id_c126e4e4-be85-44e6-bf3e-f9331b9f91a9,c126e4e4-be85-44e6-bf3e-f9331b9f91a9,24,ely_y2569_id_ebec1995-adc1-441b-ba38-33fd0ae7af30,468,0.6439982936797347,10,122578,75007,1381
2569,pv_10_z_3,pv_10,,,3,ely_y2569_id_03347cbc-6089-474c-a3f6-484ae981c9a6,03347cbc-6089-474c-a3f6-484ae981c9a6,43,ely_y2569_id_187f0585-d1fd-45a0-9c51-2bbf8d18a40b,353,0.48575084971997085,11,122578,75007,1381
2569,pv_10_z_3,pv_10,,,3,ely_y2569_id_54706125-9661-467d-a8af-78994d14b116,54706125-9661-467d-a8af-78994d14b116,35,ely_y2569_id_7b64f363-c632-4a46-bce0-850e2780f256,221,0.3041103053487636,12,122578,75007,1381
2569,pv_10_z_3,pv_10,,,3,ely_y2569_id_bd8d9f14-f757-41fb-8f37-d6128d9d012d,bd8d9f14-f757-41fb-8f37-d6128d9d012d,7,ely_y2569_id_713d8567-4ed0-4a00-8082-4288ca4559a3,179,0.24631558668519768,13,122578,75007,1381
2569,pv_10_z_3,pv_10,,,3,ely_y2569_id_2ee17641-917b-4ea0-8c19-da383e03e915,2ee17641-917b-4ea0-8c19-da383e03e915,44,ely_y2569_id_f442fe4f-9acf-4cbd-950d-c745c24c6e7e,146,0.20090545059239587,14,122578,75007,1381
2569,pv_31_z_5,pv_31,,,5,ely_y2569_id_013c219e-e197-416d-84ea-00ba9c35465e,013c219e-e197-416d-84ea-00ba9c35465e,37,ely_y2569_id_3e308544-9997-4ac6-a7dc-16052a20c483,50853,70.07151419949568,1,131438,72573,3602
2569,pv_31_z_5,pv_31,,,5,ely_y2569_id_1116011c-1ef3-4cca-a186-c1b9f7984ede,1116011c-1ef3-4cca-a186-c1b9f7984ede,46,ely_y2569_id_51c2967e-6ce6-4ff1-a602-7dcfa651c167,10178,14.024499469499677,2,131438,72573,3602
2569,pv_31_z_5,pv_31,,,5,ely_y2569_id_2d8a1c84-0bc8-4377-965d-c020a0097c27,2d8a1c84-0bc8-4377-965d-c020a0097c27,9,ely_y2569_id_d1a92ce2-36f5-43eb-bd4c-366a327b00ef,7429,10.23658936519091,3,131438,72573,3602
2569,pv_31_z_5,pv_31,,,5,ely_y2569_id_0c044088-618b-49af-a291-fb28ffe9e0f8,0c044088-618b-49af-a291-fb28ffe9e0f8,11,ely_y2569_id_e9cb3584-8a93-4b32-9306-ae53e576a1d4,1169,1.6107918923015447,4,131438,72573,3602
2569,pv_31_z_5,pv_31,,,5,ely_y2569_id_d7155f6d-736d-42c0-8bc0-00ee6e1970dc,d7155f6d-736d-42c0-8bc0-00ee6e1970dc,27,ely_y2569_id_94d63c6a-4d43-4c94-88c2-ea7ceaf8e9c8,1002,1.3806787648298953,5,131438,72573,3602
2569,pv_31_z_5,pv_31,,,5,ely_y2569_id_cb1b6cf2-41fa-49b1-a060-01acf13edc81,cb1b6cf2-41fa-49b1-a060-01acf13edc81,48,ely_y2569_id_2d98224a-4ed5-4ca8-855c-62e9585be1c6,781,1.076157799732683,6,131438,72573,3602
2569,pv_31_z_5,pv_31,,,5,ely_y2569_id_115da917-bf32-4e96-a2ae-b7818d0909ee,115da917-bf32-4e96-a2ae-b7818d0909ee,6,ely_y2569_id_78653114-fa86-4339-9b0a-634d5cd2eec0,687,0.9466330453474432,7,131438,72573,3602
2569,pv_31_z_5,pv_31,,,5,ely_y2569_id_7ffe2115-72d1-4d71-9962-03ff61afc67c,,31,ely_y2569_id_f9eb6d80-4e8a-4a9d-ae18-28b15784fb28,289,0.3982197235886624,8,131438,72573,3602
2569,pv_31_z_5,pv_31,,,5,ely_y2569_id_a62aca08-91b7-4f3f-ba8f-cb9e884a3799,a62aca08-91b7-4f3f-ba8f-cb9e884a3799,42,ely_y2569_id_b6875d9f-9f3c-4120-a0fc-388147ff344d,185,0.25491574001350364,9,131438,72573,3602
2569,pv_74_z_4,pv_74,,,4,ely_y2569_id_013c219e-e197-416d-84ea-00ba9c35465e,013c219e-e197-416d-84ea-00ba9c35465e,37,ely_y2569_id_8cd3587b-4124-4504-b771-81126fc9193f,40131,55.32715691951361,1,112305,72534,3938
2569,pv_74_z_4,pv_74,,,4,ely_y2569_id_1116011c-1ef3-4cca-a186-c1b9f7984ede,1116011c-1ef3-4cca-a186-c1b9f7984ede,46,ely_y2569_id_e2cca212-33c9-4957-a78e-57f85dc334d8,20625,28.43494085532302,2,112305,72534,3938
2569,pv_74_z_4,pv_74,,,4,ely_y2569_id_2d8a1c84-0bc8-4377-965d-c020a0097c27,2d8a1c84-0bc8-4377-965d-c020a0097c27,9,ely_y2569_id_321c4a32-393a-45d4-be12-ccc05255be48,4351,5.998566189648992,3,112305,72534,3938
2569,pv_74_z_4,pv_74,,,4,ely_y2569_id_a62aca08-91b7-4f3f-ba8f-cb9e884a3799,a62aca08-91b7-4f3f-ba8f-cb9e884a3799,42,ely_y2569_id_16c6eaaf-8587-4119-9dca-f8f9905c2569,2636,3.6341577742851627,4,112305,72534,3938
2569,pv_74_z_4,pv_74,,,4,ely_y2569_id_d7155f6d-736d-42c0-8bc0-00ee6e1970dc,d7155f6d-736d-42c0-8bc0-00ee6e1970dc,27,ely_y2569_id_d6af43c0-d293-4f2e-b298-3a261fdffca4,1588,2.1893181128849917,5,112305,72534,3938
2569,pv_74_z_4,pv_74,,,4,ely_y2569_id_0c044088-618b-49af-a291-fb28ffe9e0f8,0c044088-618b-49af-a291-fb28ffe9e0f8,11,ely_y2569_id_0c3d7b68-7d75-4484-8c7e-4481a93e1132,1205,1.6612898778503873,6,112305,72534,3938
2569,pv_74_z_4,pv_74,,,4,ely_y2569_id_cb1b6cf2-41fa-49b1-a060-01acf13edc81,cb1b6cf2-41fa-49b1-a060-01acf13edc81,48,ely_y2569_id_e25f1515-a5d5-4343-9b97-f488c980006a,596,0.821683624231395,7,112305,72534,3938
2569,pv_74_z_4,pv_74,,,4,ely_y2569_id_03347cbc-6089-474c-a3f6-484ae981c9a6,03347cbc-6089-474c-a3f6-484ae981c9a6,43,ely_y2569_id_08338644-9cf4-4180-b6aa-f486d510aba5,595,0.8203049604323489,8,112305,72534,3938
2569,pv_74_z_4,pv_74,,,4,ely_y2569_id_2ee17641-917b-4ea0-8c19-da383e03e915,2ee17641-917b-4ea0-8c19-da383e03e915,44,ely_y2569_id_03e62c32-16b9-46a2-b7e7-8f791d5a6949,469,0.6465933217525575,9,112305,72534,3938
2569,pv_74_z_4,pv_74,,,4,ely_y2569_id_aec0c4f2-be03-4a06-a205-b00971871173,,1,ely_y2569_id_24e46ffd-49f1-4ddb-99b1-74bcf4ce34f9,338,0.4659883640775361,10,112305,72534,3938
2569,pv_54_z_3,pv_54,,,3,ely_y2569_id_1116011c-1ef3-4cca-a186-c1b9f7984ede,1116011c-1ef3-4cca-a186-c1b9f7984ede,46,ely_y2569_id_b5259b01-af49-4d3d-ad64-16a179abd89b,23574,32.597693520285404,1,121732,72318,5976
2569,pv_54_z_3,pv_54,,,3,ely_y2569_id_2d8a1c84-0bc8-4377-965d-c020a0097c27,2d8a1c84-0bc8-4377-965d-c020a0097c27,9,ely_y2569_id_71a22799-74b6-4215-bcd1-fa7555c47efc,21142,29.234768660637737,2,121732,72318,5976
2569,pv_54_z_3,pv_54,,,3,ely_y2569_id_013c219e-e197-416d-84ea-00ba9c35465e,013c219e-e197-416d-84ea-00ba9c35465e,37,ely_y2569_id_4b439f2a-073d-4954-8659-34854cb6b6c4,16192,22.38999972344368,3,121732,72318,5976
2569,pv_54_z_3,pv_54,,,3,ely_y2569_id_a62aca08-91b7-4f3f-ba8f-cb9e884a3799,a62aca08-91b7-4f3f-ba8f-cb9e884a3799,42,ely_y2569_id_4256be6d-c559-4c91-a59a-713c1b090a52,9213,12.739566912801791,4,121732,72318,5976
2569,pv_54_z_3,pv_54,,,3,ely_y2569_id_03347cbc-6089-474c-a3f6-484ae981c9a6,03347cbc-6089-474c-a3f6-484ae981c9a6,43,ely_y2569_id_7669ce4b-2cb3-4e23-9717-8965d56c502d,1445,1.998119417019276,5,121732,72318,5976
2569,pv_54_z_3,pv_54,,,3,ely_y2569_id_d7155f6d-736d-42c0-8bc0-00ee6e1970dc,d7155f6d-736d-42c0-8bc0-00ee6e1970dc,27,ely_y2569_id_bc27a95b-cf2d-454b-a5ca-e6d906a0d485,752,1.0398517658121076,6,121732,72318,5976
2569,pv_82_z_2,pv_82,,,2,ely_y2569_id_013c219e-e197-416d-84ea-00ba9c35465e,013c219e-e197-416d-84ea-00ba9c35465e,37,ely_y2569_id_6a3897d9-84a2-4c7f-82eb-27273e186890,25124,34.83928224755249,1,110773,73698,3212
2569,pv_82_z_2,pv_82,,,2,ely_y2569_id_a62aca08-91b7-4f3f-ba8f-cb9e884a3799,a62aca08-91b7-4f3f-ba8f-cb9e884a3799,42,ely_y2569_id_84c3bd8d-2437-4417-aefe-6399e86940b2,22456,31.139584546689964,2,110773,73698,3212
2569,pv_82_z_2,pv_82,,,2,ely_y2569_id_d7155f6d-736d-42c0-8bc0-00ee6e1970dc,d7155f6d-736d-42c0-8bc0-00ee6e1970dc,27,ely_y2569_id_c7a44b66-2068-4ed8-8206-25b4c66372b2,12012,16.656959813628422,3,110773,73698,3212
2569,pv_82_z_2,pv_82,,,2,ely_y2569_id_1116011c-1ef3-4cca-a186-c1b9f7984ede,1116011c-1ef3-4cca-a186-c1b9f7984ede,46,ely_y2569_id_4cd6da84-03c3-46ac-a9f6-1c31cbb23b7b,10792,14.965193998391435,4,110773,73698,3212
2569,pv_82_z_2,pv_82,,,2,ely_y2569_id_2d8a1c84-0bc8-4377-965d-c020a0097c27,2d8a1c84-0bc8-4377-965d-c020a0097c27,9,ely_y2569_id_45cb4146-07f9-4414-924d-f702497a3863,1730,2.3989793937376933,5,110773,73698,3212
2569,pv_81_z_2,pv_81,,,2,ely_y2569_id_013c219e-e197-416d-84ea-00ba9c35465e,013c219e-e197-416d-84ea-00ba9c35465e,37,ely_y2569_id_6ebc6e51-62b9-4013-83ec-3c312f795b48,39705,55.10985884214471,1,117651,74067,2804
2569,pv_81_z_2,pv_81,,,2,ely_y2569_id_d7155f6d-736d-42c0-8bc0-00ee6e1970dc,d7155f6d-736d-42c0-8bc0-00ee6e1970dc,27,ely_y2569_id_2e7a0118-a6bc-48c9-8007-912253d05efe,19674,27.307174483323386,2,117651,74067,2804
2569,pv_81_z_2,pv_81,,,2,ely_y2569_id_1116011c-1ef3-4cca-a186-c1b9f7984ede,1116011c-1ef3-4cca-a186-c1b9f7984ede,46,ely_y2569_id_923f582e-088d-4fe2-9ebf-290d3dd48085,7437,10.322428414784794,3,117651,74067,2804
2569,pv_81_z_2,pv_81,,,2,ely_y2569_id_2d8a1c84-0bc8-4377-965d-c020a0097c27,2d8a1c84-0bc8-4377-965d-c020a0097c27,9,ely_y2569_id_97c893bb-c920-449e-92d5-3866dead3567,2551,3.540744236401238,4,117651,74067,2804
2569,pv_81_z_2,pv_81,,,2,ely_y2569_id_03347cbc-6089-474c-a3f6-484ae981c9a6,03347cbc-6089-474c-a3f6-484ae981c9a6,43,ely_y2569_id_9e0d8835-afc8-490c-a7b5-115136bf54d9,1196,1.6600274820603218,5,117651,74067,2804
2569,pv_81_z_2,pv_81,,,2,ely_y2569_id_0c044088-618b-49af-a291-fb28ffe9e0f8,0c044088-618b-49af-a291-fb28ffe9e0f8,11,ely_y2569_id_ec37d839-86f5-43bf-9a46-b7f5d6f170eb,768,1.0659708246006079,6,117651,74067,2804
2569,pv_81_z_2,pv_81,,,2,ely_y2569_id_965b4b93-c01e-4a2b-a987-577f2b99ebb4,965b4b93-c01e-4a2b-a987-577f2b99ebb4,49,ely_y2569_id_c001f55e-d4e6-4f80-8e99-275d765f1535,716,0.9937957166849417,7,117651,74067,2804
2569,pv_32_z_6,pv_32,,,6,ely_y2569_id_013c219e-e197-416d-84ea-00ba9c35465e,013c219e-e197-416d-84ea-00ba9c35465e,37,ely_y2569_id_93ad57ce-54c4-42f5-8b2c-3477a9f3c8b2,48468,67.37187417467091,1,134172,71941,4132
2569,pv_32_z_6,pv_32,,,6,ely_y2569_id_1116011c-1ef3-4cca-a186-c1b9f7984ede,1116011c-1ef3-4cca-a186-c1b9f7984ede,46,ely_y2569_id_b1adab25-a64a-451c-8f3a-b7bb06aa22fa,10432,14.500771465506457,2,134172,71941,4132
2569,pv_32_z_6,pv_32,,,6,ely_y2569_id_2d8a1c84-0bc8-4377-965d-c020a0097c27,2d8a1c84-0bc8-4377-965d-c020a0097c27,9,ely_y2569_id_c5a7573b-4c95-4f21-8198-49f03fb6ec1d,8778,12.201665253471594,3,134172,71941,4132
2569,pv_32_z_6,pv_32,,,6,ely_y2569_id_0c044088-618b-49af-a291-fb28ffe9e0f8,0c044088-618b-49af-a291-fb28ffe9e0f8,11,ely_y2569_id_706d8148-0a2b-46f1-93e6-b98cdfc2f7b3,1146,1.5929720187375767,4,134172,71941,4132
2569,pv_32_z_6,pv_32,,,6,ely_y2569_id_a62aca08-91b7-4f3f-ba8f-cb9e884a3799,a62aca08-91b7-4f3f-ba8f-cb9e884a3799,42,ely_y2569_id_6d543ad9-7951-461d-9169-54bbff8525a8,976,1.356667269012107,5,134172,71941,4132
2569,pv_32_z_6,pv_32,,,6,ely_y2569_id_d7155f6d-736d-42c0-8bc0-00ee6e1970dc,d7155f6d-736d-42c0-8bc0-00ee6e1970dc,27,ely_y2569_id_d532f1fb-c17e-411d-89ca-3fa616adcda4,752,1.045301010550312,6,134172,71941,4132
2569,pv_32_z_6,pv_32,,,6,ely_y2569_id_339fa187-133c-4766-a6c2-36d1b32cda8f,339fa187-133c-4766-a6c2-36d1b32cda8f,23,ely_y2569_id_cd7c85b5-486a-47d7-bd82-d438e0c387c1,706,0.9813597253304791,7,134172,71941,4132
2569,pv_32_z_6,pv_32,,,6,ely_y2569_id_115da917-bf32-4e96-a2ae-b7818d0909ee,115da917-bf32-4e96-a2ae-b7818d0909ee,6,ely_y2569_id_fa06ccf8-7a91-4ca4-85d9-9dfdefb55262,465,0.6463629918961371,8,134172,71941,4132
2569,pv_32_z_6,pv_32,,,6,ely_y2569_id_aec0c4f2-be03-4a06-a205-b00971871173,,1,ely_y2569_id_79dd9687-6d2a-4811-92e3-8be6fd36be96,218,0.30302609082442555,9,134172,71941,4132
2569,pv_94_z_2,pv_94,,,2,ely_y2569_id_013c219e-e197-416d-84ea-00ba9c35465e,013c219e-e197-416d-84ea-00ba9c35465e,37,ely_y2569_id_fe33834b-2977-4212-9820-2c8610a45f21,36360,50.54914500208536,1,110681,71930,4110
2569,pv_94_z_2,pv_94,,,2,ely_y2569_id_7f4755ca-ea3a-4023-869d-9cabba328db0,7f4755ca-ea3a-4023-869d-9cabba328db0,33,ely_y2569_id_fce80706-8032-4920-b625-c2f094b15114,13377,18.597247323787013,2,110681,71930,4110
2569,pv_94_z_2,pv_94,,,2,ely_y2569_id_a62aca08-91b7-4f3f-ba8f-cb9e884a3799,a62aca08-91b7-4f3f-ba8f-cb9e884a3799,42,ely_y2569_id_7805ec65-b429-48bc-a07e-97e54e47f04b,13197,18.347004031697484,3,110681,71930,4110
2569,pv_94_z_2,pv_94,,,2,ely_y2569_id_1116011c-1ef3-4cca-a186-c1b9f7984ede,1116011c-1ef3-4cca-a186-c1b9f7984ede,46,ely_y2569_id_50cf5862-c6a9-40a8-859d-1485f27ba6c6,6903,9.596830251633532,4,110681,71930,4110
2569,pv_94_z_2,pv_94,,,2,ely_y2569_id_d7155f6d-736d-42c0-8bc0-00ee6e1970dc,d7155f6d-736d-42c0-8bc0-00ee6e1970dc,27,ely_y2569_id_897732e8-9dd0-4d28-96ac-3507eda3e41e,1828,2.541359655220353,5,110681,71930,4110
2569,pv_94_z_2,pv_94,,,2,ely_y2569_id_2d8a1c84-0bc8-4377-965d-c020a0097c27,2d8a1c84-0bc8-4377-965d-c020a0097c27,9,ely_y2569_id_1ad069c8-8a95-4097-8de7-309de99038e8,265,0.36841373557625473,6,110681,71930,4110
2569,pv_45_z_3,pv_45,,,3,ely_y2569_id_a62aca08-91b7-4f3f-ba8f-cb9e884a3799,a62aca08-91b7-4f3f-ba8f-cb9e884a3799,42,ely_y2569_id_361cdb3b-3197-4262-a1dd-60fee6d3ca3a,33009,45.89874438588929,1,133017,76181,3807
2569,pv_45_z_3,pv_45,,,3,ely_y2569_id_2d8a1c84-0bc8-4377-965d-c020a0097c27,2d8a1c84-0bc8-4377-965d-c020a0097c27,9,ely_y2569_id_8570d823-d614-43f7-a2b5-2741845c5de9,27564,38.32751644256574,2,133017,76181,3807
2569,pv_45_z_3,pv_45,,,3,ely_y2569_id_1116011c-1ef3-4cca-a186-c1b9f7984ede,1116011c-1ef3-4cca-a186-c1b9f7984ede,46,ely_y2569_id_9482f20b-8351-4f36-8a6e-1152534bc804,7742,10.765187646870698,3,133017,76181,3807
2569,pv_45_z_3,pv_45,,,3,ely_y2569_id_0c044088-618b-49af-a291-fb28ffe9e0f8,0c044088-618b-49af-a291-fb28ffe9e0f8,11,ely_y2569_id_3fa221b6-9efa-4543-bb69-a4a7a519fc41,1174,1.6324373931059417,4,133017,76181,3807
2569,pv_45_z_3,pv_45,,,3,ely_y2569_id_013c219e-e197-416d-84ea-00ba9c35465e,013c219e-e197-416d-84ea-00ba9c35465e,37,ely_y2569_id_bd841030-23fc-4d09-b5ae-b2287d82325d,1098,1.5267600150173117,5,133017,76181,3807
2569,pv_45_z_3,pv_45,,,3,ely_y2569_id_d7155f6d-736d-42c0-8bc0-00ee6e1970dc,d7155f6d-736d-42c0-8bc0-00ee6e1970dc,27,ely_y2569_id_8844cb93-46ec-4365-8913-decd6847e553,595,0.827342631088616,6,133017,76181,3807
2569,pv_45_z_3,pv_45,,,3,ely_y2569_id_03347cbc-6089-474c-a3f6-484ae981c9a6,03347cbc-6089-474c-a3f6-484ae981c9a6,43,ely_y2569_id_51c1e527-7eca-42d3-9e59-a86e530dc91d,504,0.7008078757456513,7,133017,76181,3807
2569,pv_45_z_3,pv_45,,,3,ely_y2569_id_115da917-bf32-4e96-a2ae-b7818d0909ee,115da917-bf32-4e96-a2ae-b7818d0909ee,6,ely_y2569_id_855b43cf-5f1c-44e0-b5cc-8f9c93203c73,181,0.251679018868974,8,133017,76181,3807
2569,pv_45_z_3,pv_45,,,3,ely_y2569_id_2b1669bf-b61b-40b2-96a4-b235fa1e1501,,38,ely_y2569_id_9d9ad428-d692-4b4b-93cd-29dab220d2c9,50,0.06952459084778286,9,133017,76181,3807
2569,pv_57_z_6,pv_57,,,6,ely_y2569_id_a62aca08-91b7-4f3f-ba8f-cb9e884a3799,a62aca08-91b7-4f3f-ba8f-cb9e884a3799,42,ely_y2569_id_1dee71fb-8de8-4094-8fe9-0ef099c956d9,26778,37.25738455330931,1,126632,73462,4916
2569,pv_57_z_6,pv_57,,,6,ely_y2569_id_1116011c-1ef3-4cca-a186-c1b9f7984ede,1116011c-1ef3-4cca-a186-c1b9f7984ede,46,ely_y2569_id_6c3bf74d-f5ca-4eb2-91e7-64929ce35945,23469,32.65343035632296,2,126632,73462,4916
2569,pv_57_z_6,pv_57,,,6,ely_y2569_id_2d8a1c84-0bc8-4377-965d-c020a0097c27,2d8a1c84-0bc8-4377-965d-c020a0097c27,9,ely_y2569_id_d2158275-62b7-42f8-880a-5e0261c0fa2c,18028,25.083132748041688,3,126632,73462,4916
2569,pv_57_z_6,pv_57,,,6,ely_y2569_id_d7155f6d-736d-42c0-8bc0-00ee6e1970dc,d7155f6d-736d-42c0-8bc0-00ee6e1970dc,27,ely_y2569_id_99df926d-7ae7-4f36-b7d7-4ef1acb6d9c0,1295,1.8017892671796085,4,126632,73462,4916
2569,pv_57_z_6,pv_57,,,6,ely_y2569_id_115da917-bf32-4e96-a2ae-b7818d0909ee,115da917-bf32-4e96-a2ae-b7818d0909ee,6,ely_y2569_id_a3265d41-d29a-43ed-8cc5-32b44a2d6ea3,1166,1.6223060119933772,5,126632,73462,4916
2569,pv_57_z_6,pv_57,,,6,ely_y2569_id_03347cbc-6089-474c-a3f6-484ae981c9a6,03347cbc-6089-474c-a3f6-484ae981c9a6,43,ely_y2569_id_281f9536-2f84-4aef-bb46-059a0ce2d4ff,463,0.6441918383815897,6,126632,73462,4916
2569,pv_57_z_6,pv_57,,,6,ely_y2569_id_3caedce0-9faa-47a0-8afc-d5f4fff86578,,28,ely_y2569_id_9a082215-34e2-44f9-b76b-a1f995fa9810,410,0.5704506560182544,7,126632,73462,4916
2569,pv_57_z_6,pv_57,,,6,ely_y2569_id_bd8d9f14-f757-41fb-8f37-d6128d9d012d,bd8d9f14-f757-41fb-8f37-d6128d9d012d,7,ely_y2569_id_7bad8221-f5cc-4232-8c38-298086fd34f0,264,0.3673145687532175,8,126632,73462,4916
2569,pv_33_z_8,pv_33,,,8,ely_y2569_id_013c219e-e197-416d-84ea-00ba9c35465e,013c219e-e197-416d-84ea-00ba9c35465e,37,ely_y2569_id_2f1cba16-942a-4b45-b2ee-2c1f93c92f4e,53218,74.0640743730342,1,133339,71854,3793
2569,pv_33_z_8,pv_33,,,8,ely_y2569_id_2d8a1c84-0bc8-4377-965d-c020a0097c27,2d8a1c84-0bc8-4377-965d-c020a0097c27,9,ely_y2569_id_b2ef35a6-81ec-418c-b568-15847e5e905e,8786,12.227572577727058,2,133339,71854,3793
2569,pv_33_z_8,pv_33,,,8,ely_y2569_id_1116011c-1ef3-4cca-a186-c1b9f7984ede,1116011c-1ef3-4cca-a186-c1b9f7984ede,46,ely_y2569_id_dbe57e49-4ac3-44a0-b90a-a30b1bf6c826,8497,11.825368107551423,3,133339,71854,3793
2569,pv_33_z_8,pv_33,,,8,ely_y2569_id_0c044088-618b-49af-a291-fb28ffe9e0f8,0c044088-618b-49af-a291-fb28ffe9e0f8,11,ely_y2569_id_63ded4dd-deef-4e72-becf-7cce3e0a9858,384,0.5344170122748908,4,133339,71854,3793
2569,pv_33_z_8,pv_33,,,8,ely_y2569_id_339fa187-133c-4766-a6c2-36d1b32cda8f,339fa187-133c-4766-a6c2-36d1b32cda8f,23,ely_y2569_id_5f8ba7ae-e56e-404d-8ea6-15e6c776a1cd,335,0.46622317477106356,5,133339,71854,3793
2569,pv_33_z_8,pv_33,,,8,ely_y2569_id_a62aca08-91b7-4f3f-ba8f-cb9e884a3799,a62aca08-91b7-4f3f-ba8f-cb9e884a3799,42,ely_y2569_id_1a50b6af-c21d-47d9-9a84-cd7359cd7c33,296,0.4119464469618949,6,133339,71854,3793
2569,pv_33_z_8,pv_33,,,8,ely_y2569_id_d7155f6d-736d-42c0-8bc0-00ee6e1970dc,d7155f6d-736d-42c0-8bc0-00ee6e1970dc,27,ely_y2569_id_37b7b43d-014f-4c77-885d-d4a3e73904b3,239,0.33261892170234086,7,133339,71854,3793
2569,pv_33_z_8,pv_33,,,8,ely_y2569_id_d1964fe3-2dd0-43d5-a190-77fbfaf586b2,,8,ely_y2569_id_77fa87be-b845-4695-b42b-96da69a2857e,99,0.13777938597712028,8,133339,71854,3793
2569,pv_83_z_3,pv_83,,,3,ely_y2569_id_a62aca08-91b7-4f3f-ba8f-cb9e884a3799,a62aca08-91b7-4f3f-ba8f-cb9e884a3799,42,ely_y2569_id_af8bb89e-b247-4044-9c3c-3677607c5644,29323,40.81879811239333,1,117792,73235,2218
2569,pv_83_z_3,pv_83,,,3,ely_y2569_id_1116011c-1ef3-4cca-a186-c1b9f7984ede,1116011c-1ef3-4cca-a186-c1b9f7984ede,46,ely_y2569_id_0bdde45c-305e-42f5-a13b-5338f3ca0b63,19199,26.7257819786461,2,117792,73235,2218
2569,pv_83_z_3,pv_83,,,3,ely_y2569_id_013c219e-e197-416d-84ea-00ba9c35465e,013c219e-e197-416d-84ea-00ba9c35465e,37,ely_y2569_id_7ecfd6db-4636-4dfd-be68-883c0944b2ff,11725,16.321672675640684,3,117792,73235,2218
2569,pv_83_z_3,pv_83,,,3,ely_y2569_id_d7155f6d-736d-42c0-8bc0-00ee6e1970dc,d7155f6d-736d-42c0-8bc0-00ee6e1970dc,27,ely_y2569_id_146c7547-c735-4281-bb3f-502d574e3f13,7954,11.072288653479404,4,117792,73235,2218
2569,pv_83_z_3,pv_83,,,3,ely_y2569_id_0c044088-618b-49af-a291-fb28ffe9e0f8,0c044088-618b-49af-a291-fb28ffe9e0f8,11,ely_y2569_id_5176fc93-de49-434a-a384-0c4702956611,1608,2.2384008240878654,5,117792,73235,2218
2569,pv_83_z_3,pv_83,,,3,ely_y2569_id_2d8a1c84-0bc8-4377-965d-c020a0097c27,2d8a1c84-0bc8-4377-965d-c020a0097c27,9,ely_y2569_id_0b35127c-182a-4819-a982-ce49eda59c26,1141,1.588317997689213,6,117792,73235,2218
2569,pv_83_z_3,pv_83,,,3,ely_y2569_id_f9cadd57-8256-49aa-9386-0da392b19fc2,f9cadd57-8256-49aa-9386-0da392b19fc2,29,ely_y2569_id_75c76327-85fb-494b-b652-9b8780b8afa3,887,1.2347397580633934,7,117792,73235,2218
2569,pv_30_z_14,pv_30,,,14,ely_y2569_id_1116011c-1ef3-4cca-a186-c1b9f7984ede,1116011c-1ef3-4cca-a186-c1b9f7984ede,46,ely_y2569_id_f7e95ab3-51c1-470b-a5dd-4546a60f7f5b,29772,41.444978074754644,1,130825,74623,4731
2569,pv_30_z_14,pv_30,,,14,ely_y2569_id_2d8a1c84-0bc8-4377-965d-c020a0097c27,2d8a1c84-0bc8-4377-965d-c020a0097c27,9,ely_y2569_id_30c0b229-8a70-4f7f-bf44-acee738032a9,26528,36.92907357137886,2,130825,74623,4731
2569,pv_30_z_14,pv_30,,,14,ely_y2569_id_013c219e-e197-416d-84ea-00ba9c35465e,013c219e-e197-416d-84ea-00ba9c35465e,37,ely_y2569_id_62319e5b-6b99-4867-98a4-207186772e85,9414,13.10503236583838,3,130825,74623,4731
2569,pv_30_z_14,pv_30,,,14,ely_y2569_id_0c044088-618b-49af-a291-fb28ffe9e0f8,0c044088-618b-49af-a291-fb28ffe9e0f8,11,ely_y2569_id_ce3f9fd6-8c16-4060-a80f-dcd57a3d3473,2059,2.866290805317742,4,130825,74623,4731
2569,pv_30_z_14,pv_30,,,14,ely_y2569_id_d7155f6d-736d-42c0-8bc0-00ee6e1970dc,d7155f6d-736d-42c0-8bc0-00ee6e1970dc,27,ely_y2569_id_65f9c22c-63b1-45cd-a9fc-d6d3c0f5ffc5,2033,2.8300967494953713,5,130825,74623,4731
2569,pv_30_z_14,pv_30,,,14,ely_y2569_id_115da917-bf32-4e96-a2ae-b7818d0909ee,115da917-bf32-4e96-a2ae-b7818d0909ee,6,ely_y2569_id_6774331f-3a0b-4bb7-aba3-3a98a2e84cdc,2029,2.824528433215007,6,130825,74623,4731
2569,pv_21_z_3,pv_21,,,3,ely_y2569_id_d7155f6d-736d-42c0-8bc0-00ee6e1970dc,d7155f6d-736d-42c0-8bc0-00ee6e1970dc,27,ely_y2569_id_277307bb-6762-41a6-8d83-71edb80819a6,25516,35.5316660168217,1,124374,73011,3503
2569,pv_21_z_3,pv_21,,,3,ely_y2569_id_1116011c-1ef3-4cca-a186-c1b9f7984ede,1116011c-1ef3-4cca-a186-c1b9f7984ede,46,ely_y2569_id_e0ade677-77c9-4b64-b9ee-6448547d0720,22787,31.73146549323233,2,124374,73011,3503
2569,pv_21_z_3,pv_21,,,3,ely_y2569_id_115da917-bf32-4e96-a2ae-b7818d0909ee,115da917-bf32-4e96-a2ae-b7818d0909ee,6,ely_y2569_id_9b70fadb-9828-4fe9-8367-a4c5ac1cd1f5,14850,20.678995154013258,3,124374,73011,3503
2569,pv_21_z_3,pv_21,,,3,ely_y2569_id_2d8a1c84-0bc8-4377-965d-c020a0097c27,2d8a1c84-0bc8-4377-965d-c020a0097c27,9,ely_y2569_id_f84974a1-4e38-4f31-9895-69318ce8c649,5271,7.339998885980059,4,124374,73011,3503
2569,pv_21_z_3,pv_21,,,3,ely_y2569_id_013c219e-e197-416d-84ea-00ba9c35465e,013c219e-e197-416d-84ea-00ba9c35465e,37,ely_y2569_id_9a703d67-c292-405e-99e3-761dd9505246,2295,3.195844705620231,5,124374,73011,3503
2569,pv_21_z_3,pv_21,,,3,ely_y2569_id_cb1b6cf2-41fa-49b1-a060-01acf13edc81,cb1b6cf2-41fa-49b1-a060-01acf13edc81,48,ely_y2569_id_3a2bb82c-4958-4a68-866d-f2999b5d3f7d,739,1.0290759204589761,6,124374,73011,3503
2569,pv_21_z_3,pv_21,,,3,ely_y2569_id_965b4b93-c01e-4a2b-a987-577f2b99ebb4,965b4b93-c01e-4a2b-a987-577f2b99ebb4,49,ely_y2569_id_393cd17e-a9de-4bec-a0e2-8ac82c18c693,354,0.49295382387344727,7,124374,73011,3503
2569,pv_54_z_2,pv_54,,,2,ely_y2569_id_013c219e-e197-416d-84ea-00ba9c35465e,013c219e-e197-416d-84ea-00ba9c35465e,37,ely_y2569_id_106dca26-1f1c-45db-900a-6c732d349a3b,50300,70.0801114594218,1,116303,71775,3894
2569,pv_54_z_2,pv_54,,,2,ely_y2569_id_2d8a1c84-0bc8-4377-965d-c020a0097c27,2d8a1c84-0bc8-4377-965d-c020a0097c27,9,ely_y2569_id_017da09a-6e99-44d9-9aa9-837ebee26529,11658,16.242424242424242,2,116303,71775,3894
2569,pv_54_z_2,pv_54,,,2,ely_y2569_id_1116011c-1ef3-4cca-a186-c1b9f7984ede,1116011c-1ef3-4cca-a186-c1b9f7984ede,46,ely_y2569_id_a741132e-d150-466f-8637-aa8db77d6f39,9072,12.639498432601881,3,116303,71775,3894
2569,pv_54_z_2,pv_54,,,2,ely_y2569_id_a62aca08-91b7-4f3f-ba8f-cb9e884a3799,a62aca08-91b7-4f3f-ba8f-cb9e884a3799,42,ely_y2569_id_d5414227-ab3d-4cde-99bc-1cd88428e5c0,446,0.6213862765586904,4,116303,71775,3894
2569,pv_54_z_2,pv_54,,,2,ely_y2569_id_d7155f6d-736d-42c0-8bc0-00ee6e1970dc,d7155f6d-736d-42c0-8bc0-00ee6e1970dc,27,ely_y2569_id_602a5a68-a320-4b05-b0eb-5f62a3feb9d5,299,0.4165795889933821,5,116303,71775,3894
2569,pv_84_z_1,pv_84,,,1,ely_y2569_id_013c219e-e197-416d-84ea-00ba9c35465e,013c219e-e197-416d-84ea-00ba9c35465e,37,ely_y2569_id_dfc47e54-7a93-4103-b12c-de976d491c8d,26079,36.368327104367715,1,117090,74116,1540
2569,pv_84_z_1,pv_84,,,1,ely_y2569_id_1116011c-1ef3-4cca-a186-c1b9f7984ede,1116011c-1ef3-4cca-a186-c1b9f7984ede,46,ely_y2569_id_ce7bfc02-c621-466f-bedf-ab212612c2a1,21962,30.626987225971998,2,117090,74116,1540
2569,pv_84_z_1,pv_84,,,1,ely_y2569_id_d7155f6d-736d-42c0-8bc0-00ee6e1970dc,d7155f6d-736d-42c0-8bc0-00ee6e1970dc,27,ely_y2569_id_c67e8b48-5b54-48c2-8ce5-bf0767e62eb1,17208,23.997322474479834,3,117090,74116,1540
2569,pv_84_z_1,pv_84,,,1,ely_y2569_id_03347cbc-6089-474c-a3f6-484ae981c9a6,03347cbc-6089-474c-a3f6-484ae981c9a6,43,ely_y2569_id_2aa8406e-a5db-4cbf-9f0d-a2458e4b92b3,3267,4.555977017905952,4,117090,74116,1540
2569,pv_84_z_1,pv_84,,,1,ely_y2569_id_2d8a1c84-0bc8-4377-965d-c020a0097c27,2d8a1c84-0bc8-4377-965d-c020a0097c27,9,ely_y2569_id_c57b56f0-5237-4def-8a96-91252aa23de7,874,1.218831929491828,5,117090,74116,1540
2569,pv_84_z_1,pv_84,,,1,ely_y2569_id_0c044088-618b-49af-a291-fb28ffe9e0f8,0c044088-618b-49af-a291-fb28ffe9e0f8,11,ely_y2569_id_c6f5cbe2-aa69-418a-8514-dd8091580a01,821,1.1449210687789368,6,117090,74116,1540
2569,pv_84_z_1,pv_84,,,1,ely_y2569_id_115da917-bf32-4e96-a2ae-b7818d0909ee,115da917-bf32-4e96-a2ae-b7818d0909ee,6,ely_y2569_id_cd2b19e0-7a6a-4c2e-8ca9-e42812296388,767,1.069615663524293,7,117090,74116,1540
2569,pv_84_z_1,pv_84,,,1,ely_y2569_id_965b4b93-c01e-4a2b-a987-577f2b99ebb4,965b4b93-c01e-4a2b-a987-577f2b99ebb4,49,ely_y2569_id_9edf386b-23d2-4b51-aebe-f78cf51c567c,537,0.7488704189211803,8,117090,74116,1540
2569,pv_84_z_1,pv_84,,,1,ely_y2569_id_bdd306a2-80c7-4d7b-a7ff-8dc1ec9fcc76,bdd306a2-80c7-4d7b-a7ff-8dc1ec9fcc76,10,ely_y2569_id_d4284f06-0fc5-4999-aa20-c57b96ae7df4,193,0.2691470965582641,9,117090,74116,1540
2569,pv_50_z_6,pv_50,,,6,ely_y2569_id_a62aca08-91b7-4f3f-ba8f-cb9e884a3799,a62aca08-91b7-4f3f-ba8f-cb9e884a3799,42,ely_y2569_id_2dd91fce-073b-419e-8523-b7c330fd1e11,30287,42.28905737304346,1,127380,72111,5720
2569,pv_50_z_6,pv_50,,,6,ely_y2569_id_1116011c-1ef3-4cca-a186-c1b9f7984ede,1116011c-1ef3-4cca-a186-c1b9f7984ede,46,ely_y2569_id_c21f8ccc-fa52-4d1a-a56e-44e3c90df714,21582,30.134461525572824,2,127380,72111,5720
2569,pv_50_z_6,pv_50,,,6,ely_y2569_id_2d8a1c84-0bc8-4377-965d-c020a0097c27,2d8a1c84-0bc8-4377-965d-c020a0097c27,9,ely_y2569_id_e9767a52-5001-40f1-b000-06a9fb6c8cd1,14880,20.77660955891593,3,127380,72111,5720
2569,pv_50_z_6,pv_50,,,6,ely_y2569_id_013c219e-e197-416d-84ea-00ba9c35465e,013c219e-e197-416d-84ea-00ba9c35465e,37,ely_y2569_id_ee9a92e1-8912-4de2-8e26-6b4a70eeb3c1,1759,2.456052164928301,4,127380,72111,5720
2569,pv_50_z_6,pv_50,,,6,ely_y2569_id_d7155f6d-736d-42c0-8bc0-00ee6e1970dc,d7155f6d-736d-42c0-8bc0-00ee6e1970dc,27,ely_y2569_id_7ead0620-a759-4790-a5ce-c18fd4fa1370,1296,1.8095756712604198,5,127380,72111,5720
2569,pv_50_z_6,pv_50,,,6,ely_y2569_id_0c044088-618b-49af-a291-fb28ffe9e0f8,0c044088-618b-49af-a291-fb28ffe9e0f8,11,ely_y2569_id_1771faea-d7c5-47bb-9b72-3dbf091a53cd,883,1.2329130537985729,6,127380,72111,5720
2569,pv_50_z_6,pv_50,,,6,ely_y2569_id_115da917-bf32-4e96-a2ae-b7818d0909ee,115da917-bf32-4e96-a2ae-b7818d0909ee,6,ely_y2569_id_257429ab-8fb1-421b-9f72-be198e1723c2,681,0.9508649939261928,7,127380,72111,5720
2569,pv_50_z_6,pv_50,,,6,ely_y2569_id_c126e4e4-be85-44e6-bf3e-f9331b9f91a9,c126e4e4-be85-44e6-bf3e-f9331b9f91a9,24,ely_y2569_id_9c1ff098-55c8-40e9-89d8-3d3be8b2e3d7,251,0.35046565855429423,8,127380,72111,5720
2569,pv_74_z_2,pv_74,,,2,ely_y2569_id_013c219e-e197-416d-84ea-00ba9c35465e,013c219e-e197-416d-84ea-00ba9c35465e,37,ely_y2569_id_1abb32c4-a4df-4208-9a04-1106d193d620,32629,45.71744826330022,1,119061,72506,2950
2569,pv_74_z_2,pv_74,,,2,ely_y2569_id_1116011c-1ef3-4cca-a186-c1b9f7984ede,1116011c-1ef3-4cca-a186-c1b9f7984ede,46,ely_y2569_id_c0cfebd9-a5e7-42ca-8624-dcd9e586ea4c,26049,36.498017402026036,2,119061,72506,2950
2569,pv_74_z_2,pv_74,,,2,ely_y2569_id_2d8a1c84-0bc8-4377-965d-c020a0097c27,2d8a1c84-0bc8-4377-965d-c020a0097c27,9,ely_y2569_id_740cb17c-9e11-4a50-8b6c-1533a59a6836,4610,6.459206120132826,3,119061,72506,2950
2569,pv_74_z_2,pv_74,,,2,ely_y2569_id_d7155f6d-736d-42c0-8bc0-00ee6e1970dc,d7155f6d-736d-42c0-8bc0-00ee6e1970dc,27,ely_y2569_id_71063db6-eeb0-4ab3-a4dc-ac4561c69fef,2169,3.039049473875944,4,119061,72506,2950
2569,pv_74_z_2,pv_74,,,2,ely_y2569_id_a62aca08-91b7-4f3f-ba8f-cb9e884a3799,a62aca08-91b7-4f3f-ba8f-cb9e884a3799,42,ely_y2569_id_9f33d664-e0c9-43a4-aa1e-1e2f4e0fe3f1,2158,3.0236370514634796,5,119061,72506,2950
2569,pv_74_z_2,pv_74,,,2,ely_y2569_id_0c044088-618b-49af-a291-fb28ffe9e0f8,0c044088-618b-49af-a291-fb28ffe9e0f8,11,ely_y2569_id_76bd0b03-3143-40a8-8747-adfbd96e2779,1793,2.5122248532317046,6,119061,72506,2950
2569,pv_74_z_2,pv_74,,,2,ely_y2569_id_cb1b6cf2-41fa-49b1-a060-01acf13edc81,cb1b6cf2-41fa-49b1-a060-01acf13edc81,48,ely_y2569_id_bcf1001f-c224-44c9-8dd2-286ade423849,1706,2.3903266032422135,7,119061,72506,2950
2569,pv_74_z_2,pv_74,,,2,ely_y2569_id_03347cbc-6089-474c-a3f6-484ae981c9a6,03347cbc-6089-474c-a3f6-484ae981c9a6,43,ely_y2569_id_076b6066-bfc5-4a7f-ad85-eabf24136698,257,0.3600902327275784,8,119061,72506,2950
2569,pv_30_z_4,pv_30,,,4,ely_y2569_id_2d8a1c84-0bc8-4377-965d-c020a0097c27,2d8a1c84-0bc8-4377-965d-c020a0097c27,9,ely_y2569_id_761ccba1-cc29-47d0-8b41-818310e993fd,29438,41.30721522184492,1,131758,71266,3883
2569,pv_30_z_4,pv_30,,,4,ely_y2569_id_1116011c-1ef3-4cca-a186-c1b9f7984ede,1116011c-1ef3-4cca-a186-c1b9f7984ede,46,ely_y2569_id_601c852c-6095-4dc0-8b4a-4b8e61044aef,22446,31.496085089664078,2,131758,71266,3883
2569,pv_30_z_4,pv_30,,,4,ely_y2569_id_013c219e-e197-416d-84ea-00ba9c35465e,013c219e-e197-416d-84ea-00ba9c35465e,37,ely_y2569_id_ae8dc5aa-6825-4a9f-8874-9b323df7fffe,13001,18.242920887940954,3,131758,71266,3883
2569,pv_30_z_4,pv_30,,,4,ely_y2569_id_115da917-bf32-4e96-a2ae-b7818d0909ee,115da917-bf32-4e96-a2ae-b7818d0909ee,6,ely_y2569_id_cb41b00d-1e4e-4987-9ec8-4a52db9854a7,1345,1.8872954845227738,4,131758,71266,3883
2569,pv_30_z_4,pv_30,,,4,ely_y2569_id_d7155f6d-736d-42c0-8bc0-00ee6e1970dc,d7155f6d-736d-42c0-8bc0-00ee6e1970dc,27,ely_y2569_id_3410a4fb-38ee-4931-8b06-c46901c8e564,1336,1.8746667415036624,5,131758,71266,3883
2569,pv_30_z_4,pv_30,,,4,ely_y2569_id_0c044088-618b-49af-a291-fb28ffe9e0f8,0c044088-618b-49af-a291-fb28ffe9e0f8,11,ely_y2569_id_69c0faec-0ba4-4888-9bc2-69f34e1e2910,1277,1.7918783150450424,6,131758,71266,3883
2569,pv_30_z_4,pv_30,,,4,ely_y2569_id_965b4b93-c01e-4a2b-a987-577f2b99ebb4,965b4b93-c01e-4a2b-a987-577f2b99ebb4,49,ely_y2569_id_da7a8bdd-2f2d-4a2e-baef-6b2a73392f41,1051,1.474756545898465,7,131758,71266,3883
2569,pv_30_z_4,pv_30,,,4,ely_y2569_id_a62aca08-91b7-4f3f-ba8f-cb9e884a3799,a62aca08-91b7-4f3f-ba8f-cb9e884a3799,42,ely_y2569_id_ac3c6141-5d80-4b9e-8e78-8d0bb0edbe0c,619,0.868576880981113,8,131758,71266,3883
2569,pv_30_z_4,pv_30,,,4,ely_y2569_id_339fa187-133c-4766-a6c2-36d1b32cda8f,339fa187-133c-4766-a6c2-36d1b32cda8f,23,ely_y2569_id_84002df9-cb26-468b-9a5c-f05af3f5c419,603,0.8461257822804703,9,131758,71266,3883
2569,pv_30_z_4,pv_30,,,4,ely_y2569_id_54c9efd2-2cd9-487a-91f7-1251aae30c2d,54c9efd2-2cd9-487a-91f7-1251aae30c2d,36,ely_y2569_id_66ef1ef4-cdb9-4ec9-97fe-510ffdf99653,150,0.21047905031852496,10,131758,71266,3883
2569,pv_53_z_1,pv_53,,,1,ely_y2569_id_013c219e-e197-416d-84ea-00ba9c35465e,013c219e-e197-416d-84ea-00ba9c35465e,37,ely_y2569_id_73d060f6-b4db-40e8-a8e8-d8b0071516cf,34929,49.03141581740083,1,118173,71238,3876
2569,pv_53_z_1,pv_53,,,1,ely_y2569_id_2d8a1c84-0bc8-4377-965d-c020a0097c27,2d8a1c84-0bc8-4377-965d-c020a0097c27,9,ely_y2569_id_2cbd70fe-eda8-4f15-8a9d-cc26823c35f5,19435,27.28178780987675,2,118173,71238,3876
2569,pv_53_z_1,pv_53,,,1,ely_y2569_id_1116011c-1ef3-4cca-a186-c1b9f7984ede,1116011c-1ef3-4cca-a186-c1b9f7984ede,46,ely_y2569_id_60148a75-8174-405f-82dd-987354366964,15249,21.405710435441758,3,118173,71238,3876
2569,pv_53_z_1,pv_53,,,1,ely_y2569_id_d7155f6d-736d-42c0-8bc0-00ee6e1970dc,d7155f6d-736d-42c0-8bc0-00ee6e1970dc,27,ely_y2569_id_d9305b89-8ee4-4749-a5c0-c4defbfe2aa0,747,1.0485976585530195,4,118173,71238,3876
2569,pv_53_z_1,pv_53,,,1,ely_y2569_id_115da917-bf32-4e96-a2ae-b7818d0909ee,115da917-bf32-4e96-a2ae-b7818d0909ee,6,ely_y2569_id_a46bb5dc-5712-475b-b8b9-d9182c46a54a,626,0.8787444903001207,5,118173,71238,3876
2569,pv_53_z_1,pv_53,,,1,ely_y2569_id_a62aca08-91b7-4f3f-ba8f-cb9e884a3799,a62aca08-91b7-4f3f-ba8f-cb9e884a3799,42,ely_y2569_id_61ce052a-6b78-44de-b156-ee93c283f1ac,252,0.35374378842752463,6,118173,71238,3876
2569,pv_10_z_28,pv_10,,,28,ely_y2569_id_1116011c-1ef3-4cca-a186-c1b9f7984ede,1116011c-1ef3-4cca-a186-c1b9f7984ede,46,ely_y2569_id_88e2411b-b757-4fc4-8f38-2d4eee55d8a9,37355,52.467098332794926,1,139847,73131,1534
2569,pv_10_z_28,pv_10,,,28,ely_y2569_id_013c219e-e197-416d-84ea-00ba9c35465e,013c219e-e197-416d-84ea-00ba9c35465e,37,ely_y2569_id_1cd9b993-fa55-425e-8459-8c0dc0943ea1,10169,14.282905178588987,2,139847,73131,1534
2569,pv_10_z_28,pv_10,,,28,ely_y2569_id_2d8a1c84-0bc8-4377-965d-c020a0097c27,2d8a1c84-0bc8-4377-965d-c020a0097c27,9,ely_y2569_id_152b923b-c114-4a2c-a2dd-b6feecf70cdc,9574,13.447195808812168,3,139847,73131,1534
2569,pv_10_z_28,pv_10,,,28,ely_y2569_id_d7155f6d-736d-42c0-8bc0-00ee6e1970dc,d7155f6d-736d-42c0-8bc0-00ee6e1970dc,27,ely_y2569_id_f11e0f0f-105c-4e42-bc10-504efda34ae5,5914,8.30652976951276,4,139847,73131,1534
2569,pv_10_z_28,pv_10,,,28,ely_y2569_id_0c044088-618b-49af-a291-fb28ffe9e0f8,0c044088-618b-49af-a291-fb28ffe9e0f8,11,ely_y2569_id_ee2bdac8-6397-467d-b9bc-2b46d144c29d,1717,2.4116184670702414,5,139847,73131,1534
2569,pv_10_z_28,pv_10,,,28,ely_y2569_id_965b4b93-c01e-4a2b-a987-577f2b99ebb4,965b4b93-c01e-4a2b-a987-577f2b99ebb4,49,ely_y2569_id_b58bc545-ded8-446a-a692-ea18074e174b,1485,2.085762040535416,6,139847,73131,1534
2569,pv_10_z_28,pv_10,,,28,ely_y2569_id_115da917-bf32-4e96-a2ae-b7818d0909ee,115da917-bf32-4e96-a2ae-b7818d0909ee,6,ely_y2569_id_279fcbb7-dc9b-4c47-9377-3fc173175230,1411,1.9818250768993078,7,139847,73131,1534
2569,pv_10_z_28,pv_10,,,28,ely_y2569_id_54706125-9661-467d-a8af-78994d14b116,54706125-9661-467d-a8af-78994d14b116,35,ely_y2569_id_006d475a-6aa7-46a9-904a-39860c20a580,1226,1.7219826678090369,8,139847,73131,1534
2569,pv_10_z_28,pv_10,,,28,ely_y2569_id_a62aca08-91b7-4f3f-ba8f-cb9e884a3799,a62aca08-91b7-4f3f-ba8f-cb9e884a3799,42,ely_y2569_id_a29e59e0-a442-406e-a86f-564ca5cb6b3c,809,1.1362838321839404,9,139847,73131,1534
2569,pv_10_z_28,pv_10,,,28,ely_y2569_id_cb1b6cf2-41fa-49b1-a060-01acf13edc81,cb1b6cf2-41fa-49b1-a060-01acf13edc81,48,ely_y2569_id_6b6c6c8b-09b8-44b1-9eef-56f7d36fc996,645,0.9059370479093221,10,139847,73131,1534
2569,pv_10_z_28,pv_10,,,28,ely_y2569_id_2ee17641-917b-4ea0-8c19-da383e03e915,2ee17641-917b-4ea0-8c19-da383e03e915,44,ely_y2569_id_3177e6c6-40d8-4905-afdf-27f5c6051a22,529,0.7430088346419091,11,139847,73131,1534
2569,pv_10_z_28,pv_10,,,28,ely_y2569_id_339fa187-133c-4766-a6c2-36d1b32cda8f,339fa187-133c-4766-a6c2-36d1b32cda8f,23,ely_y2569_id_83c1e336-4b93-4d12-8f57-2320640307f9,229,0.32164276584687557,12,139847,73131,1534
2569,pv_10_z_28,pv_10,,,28,ely_y2569_id_7255d2d0-1f49-4fd8-adad-7acfea2d5126,7255d2d0-1f49-4fd8-adad-7acfea2d5126,56,ely_y2569_id_8aa90b89-0674-4807-9807-548640e272da,134,0.18821017739511497,13,139847,73131,1534
2569,pv_32_z_8,pv_32,,,8,ely_y2569_id_013c219e-e197-416d-84ea-00ba9c35465e,013c219e-e197-416d-84ea-00ba9c35465e,37,ely_y2569_id_0ec876a9-d0d4-43f1-af89-a5899096c913,49285,69.25746887383715,1,136843,71162,4308
2569,pv_32_z_8,pv_32,,,8,ely_y2569_id_1116011c-1ef3-4cca-a186-c1b9f7984ede,1116011c-1ef3-4cca-a186-c1b9f7984ede,46,ely_y2569_id_31f2b1af-d772-450d-b5cd-9ee2779c81d7,12277,17.252185154998454,2,136843,71162,4308
2569,pv_32_z_8,pv_32,,,8,ely_y2569_id_2d8a1c84-0bc8-4377-965d-c020a0097c27,2d8a1c84-0bc8-4377-965d-c020a0097c27,9,ely_y2569_id_ec0deac3-6186-43e8-aa6b-45ca36cd1bb3,5380,7.560214721340042,3,136843,71162,4308
2569,pv_32_z_8,pv_32,,,8,ely_y2569_id_0c044088-618b-49af-a291-fb28ffe9e0f8,0c044088-618b-49af-a291-fb28ffe9e0f8,11,ely_y2569_id_12aebe43-11a4-45c5-af6e-8023f64a8d39,2488,3.49624799752677,4,136843,71162,4308
2569,pv_32_z_8,pv_32,,,8,ely_y2569_id_a62aca08-91b7-4f3f-ba8f-cb9e884a3799,a62aca08-91b7-4f3f-ba8f-cb9e884a3799,42,ely_y2569_id_88d0161d-766e-4afe-b2ad-5878a4284f9a,828,1.1635423400129283,5,136843,71162,4308
2569,pv_32_z_8,pv_32,,,8,ely_y2569_id_115da917-bf32-4e96-a2ae-b7818d0909ee,115da917-bf32-4e96-a2ae-b7818d0909ee,6,ely_y2569_id_680f9890-2be0-4a3a-b7f1-0a90f20b221b,416,0.5845816587504566,6,136843,71162,4308
2569,pv_32_z_8,pv_32,,,8,ely_y2569_id_d7155f6d-736d-42c0-8bc0-00ee6e1970dc,d7155f6d-736d-42c0-8bc0-00ee6e1970dc,27,ely_y2569_id_ebd8a9c9-278a-4ff2-95ae-f0a1844abf16,320,0.44967819903881284,7,136843,71162,4308
2569,pv_32_z_8,pv_32,,,8,ely_y2569_id_339fa187-133c-4766-a6c2-36d1b32cda8f,339fa187-133c-4766-a6c2-36d1b32cda8f,23,ely_y2569_id_a0254db6-23fa-415e-808d-2a4465aed2cf,168,0.23608105449537675,8,136843,71162,4308
2569,pv_12_z_4,pv_12,,,4,ely_y2569_id_1116011c-1ef3-4cca-a186-c1b9f7984ede,1116011c-1ef3-4cca-a186-c1b9f7984ede,46,ely_y2569_id_3b6d2b40-e459-45d6-ac7d-341bdf15f8b7,28502,40.07930927806058,1,127356,72830,1765
2569,pv_12_z_4,pv_12,,,4,ely_y2569_id_013c219e-e197-416d-84ea-00ba9c35465e,013c219e-e197-416d-84ea-00ba9c35465e,37,ely_y2569_id_193ca2da-d516-41ac-90d3-63eb49cc7655,22506,31.64777680906713,2,127356,72830,1765
2569,pv_12_z_4,pv_12,,,4,ely_y2569_id_2d8a1c84-0bc8-4377-965d-c020a0097c27,2d8a1c84-0bc8-4377-965d-c020a0097c27,9,ely_y2569_id_b1653da1-eab1-4a7b-bd3c-2a7e58cfe2fb,12579,17.688500154681215,3,127356,72830,1765
2569,pv_12_z_4,pv_12,,,4,ely_y2569_id_d7155f6d-736d-42c0-8bc0-00ee6e1970dc,d7155f6d-736d-42c0-8bc0-00ee6e1970dc,27,ely_y2569_id_6712deb9-6417-400e-bcd3-e4f6848a857d,3305,4.64746744663498,4,127356,72830,1765
2569,pv_12_z_4,pv_12,,,4,ely_y2569_id_0c044088-618b-49af-a291-fb28ffe9e0f8,0c044088-618b-49af-a291-fb28ffe9e0f8,11,ely_y2569_id_5c4bc756-23cd-4a6a-bd00-e0f26f47c6d1,1293,1.818207385324971,5,127356,72830,1765
2569,pv_12_z_4,pv_12,,,4,ely_y2569_id_115da917-bf32-4e96-a2ae-b7818d0909ee,115da917-bf32-4e96-a2ae-b7818d0909ee,6,ely_y2569_id_64e10a37-f387-4e37-8fbe-c1d56b33fce0,1058,1.4877520600725596,6,127356,72830,1765
2569,pv_12_z_4,pv_12,,,4,ely_y2569_id_bd8d9f14-f757-41fb-8f37-d6128d9d012d,bd8d9f14-f757-41fb-8f37-d6128d9d012d,7,ely_y2569_id_b9f2dd67-6e6a-4330-bf32-23c0aa8d3365,731,1.0279269904660124,7,127356,72830,1765
2569,pv_12_z_4,pv_12,,,4,ely_y2569_id_bdd306a2-80c7-4d7b-a7ff-8dc1ec9fcc76,bdd306a2-80c7-4d7b-a7ff-8dc1ec9fcc76,10,ely_y2569_id_83d8b71b-b1a5-4b66-ad42-45cde626c2de,546,0.7677813088843266,8,127356,72830,1765
2569,pv_12_z_4,pv_12,,,4,ely_y2569_id_bec5b9e5-11e6-4962-9188-94040fcf3bd1,bec5b9e5-11e6-4962-9188-94040fcf3bd1,53,ely_y2569_id_069c0068-033a-4c66-84a3-0fcc875115b6,298,0.4190454762775262,9,127356,72830,1765
2569,pv_12_z_4,pv_12,,,4,ely_y2569_id_a62aca08-91b7-4f3f-ba8f-cb9e884a3799,a62aca08-91b7-4f3f-ba8f-cb9e884a3799,42,ely_y2569_id_90c884a8-4402-47f9-a030-97c488f5dbe1,296,0.41623309053069724,10,127356,72830,1765
2569,pv_30_z_8,pv_30,,,8,ely_y2569_id_2d8a1c84-0bc8-4377-965d-c020a0097c27,2d8a1c84-0bc8-4377-965d-c020a0097c27,9,ely_y2569_id_b8fdb702-5535-4b74-8bac-7fddc5ce6eec,48178,67.94821166647861,1,133816,71589,4488
2569,pv_30_z_8,pv_30,,,8,ely_y2569_id_1116011c-1ef3-4cca-a186-c1b9f7984ede,1116011c-1ef3-4cca-a186-c1b9f7984ede,46,ely_y2569_id_64d1904d-a074-4923-b163-a3707b0d0ce9,11397,16.073846327428637,2,133816,71589,4488
2569,pv_30_z_8,pv_30,,,8,ely_y2569_id_013c219e-e197-416d-84ea-00ba9c35465e,013c219e-e197-416d-84ea-00ba9c35465e,37,ely_y2569_id_f98febe1-80fe-4b9a-be55-a6e3c2f9a162,9058,12.775019745007334,3,133816,71589,4488
2569,pv_30_z_8,pv_30,,,8,ely_y2569_id_0c044088-618b-49af-a291-fb28ffe9e0f8,0c044088-618b-49af-a291-fb28ffe9e0f8,11,ely_y2569_id_ded22138-cf06-4f42-ab8e-13e46cb9c3ad,1269,1.7897438790477265,4,133816,71589,4488
2569,pv_30_z_8,pv_30,,,8,ely_y2569_id_d7155f6d-736d-42c0-8bc0-00ee6e1970dc,d7155f6d-736d-42c0-8bc0-00ee6e1970dc,27,ely_y2569_id_f6dfd19f-243c-4a65-b9bc-ce89c22a4551,1002,1.4131783820376849,5,133816,71589,4488
2569,pv_61_z_2,pv_61,,,2,ely_y2569_id_013c219e-e197-416d-84ea-00ba9c35465e,013c219e-e197-416d-84ea-00ba9c35465e,37,ely_y2569_id_acc9583b-01f8-43e0-afa6-a80b9775bc86,50967,71.91212574427858,1,134558,70874,4040
2569,pv_61_z_2,pv_61,,,2,ely_y2569_id_1116011c-1ef3-4cca-a186-c1b9f7984ede,1116011c-1ef3-4cca-a186-c1b9f7984ede,46,ely_y2569_id_1030a66e-f914-4da5-9b02-8246a3878ac7,10529,14.855941530039225,2,134558,70874,4040
2569,pv_61_z_2,pv_61,,,2,ely_y2569_id_2d8a1c84-0bc8-4377-965d-c020a0097c27,2d8a1c84-0bc8-4377-965d-c020a0097c27,9,ely_y2569_id_56757cee-94fe-46db-a628-d6eb834ed2e7,7436,10.491858791658435,3,134558,70874,4040
2569,pv_61_z_2,pv_61,,,2,ely_y2569_id_d7155f6d-736d-42c0-8bc0-00ee6e1970dc,d7155f6d-736d-42c0-8bc0-00ee6e1970dc,27,ely_y2569_id_b8c36300-d9ed-4f07-9c07-b5fabf5e7445,1769,2.4959787792420354,4,134558,70874,4040
2569,pv_61_z_2,pv_61,,,2,ely_y2569_id_a62aca08-91b7-4f3f-ba8f-cb9e884a3799,a62aca08-91b7-4f3f-ba8f-cb9e884a3799,42,ely_y2569_id_742c4622-ca95-4988-8952-ee28127fcb5a,173,0.2440951547817253,5,134558,70874,4040
2569,pv_45_z_7,pv_45,,,7,ely_y2569_id_cb1b6cf2-41fa-49b1-a060-01acf13edc81,cb1b6cf2-41fa-49b1-a060-01acf13edc81,48,ely_y2569_id_3f0dc90c-4657-4654-a3ba-1c16d865c4c2,39470,55.75409998163661,1,134383,70793,2922
2569,pv_45_z_7,pv_45,,,7,ely_y2569_id_2d8a1c84-0bc8-4377-965d-c020a0097c27,2d8a1c84-0bc8-4377-965d-c020a0097c27,9,ely_y2569_id_42297186-85a8-4dad-bac3-b9b3df68f22f,27265,38.513694856836125,2,134383,70793,2922
2569,pv_45_z_7,pv_45,,,7,ely_y2569_id_1116011c-1ef3-4cca-a186-c1b9f7984ede,1116011c-1ef3-4cca-a186-c1b9f7984ede,46,ely_y2569_id_5eb0ec17-8523-435d-908d-ed10f565e34c,3395,4.7956718884635485,3,134383,70793,2922
2569,pv_45_z_7,pv_45,,,7,ely_y2569_id_0c044088-618b-49af-a291-fb28ffe9e0f8,0c044088-618b-49af-a291-fb28ffe9e0f8,11,ely_y2569_id_3519c176-aebd-49cb-914a-e16e99fcd8d6,280,0.39551933100730297,4,134383,70793,2922
2569,pv_45_z_7,pv_45,,,7,ely_y2569_id_d7155f6d-736d-42c0-8bc0-00ee6e1970dc,d7155f6d-736d-42c0-8bc0-00ee6e1970dc,27,ely_y2569_id_e4f4d793-95a4-43fc-9898-49839ac50aa5,256,0.3616176740638199,5,134383,70793,2922
2569,pv_45_z_7,pv_45,,,7,ely_y2569_id_115da917-bf32-4e96-a2ae-b7818d0909ee,115da917-bf32-4e96-a2ae-b7818d0909ee,6,ely_y2569_id_378606fa-2d50-459c-84fa-6ee686bef631,127,0.17939626799259814,6,134383,70793,2922
2569,pv_38_z_2,pv_38,,,2,ely_y2569_id_013c219e-e197-416d-84ea-00ba9c35465e,013c219e-e197-416d-84ea-00ba9c35465e,37,ely_y2569_id_7cdf2c28-63da-45ee-b3f8-1765d0eb1953,25911,36.65181413112667,1,109412,70695,3178
2569,pv_38_z_2,pv_38,,,2,ely_y2569_id_a62aca08-91b7-4f3f-ba8f-cb9e884a3799,a62aca08-91b7-4f3f-ba8f-cb9e884a3799,42,ely_y2569_id_093f7142-1144-4e2b-99b1-b332a3c760f8,19708,27.87750194497489,2,109412,70695,3178
2569,pv_38_z_2,pv_38,,,2,ely_y2569_id_2d8a1c84-0bc8-4377-965d-c020a0097c27,2d8a1c84-0bc8-4377-965d-c020a0097c27,9,ely_y2569_id_1301be8b-d315-4b4d-a17e-38b9a0c14f1f,14356,20.30695240115991,3,109412,70695,3178
2569,pv_38_z_2,pv_38,,,2,ely_y2569_id_1116011c-1ef3-4cca-a186-c1b9f7984ede,1116011c-1ef3-4cca-a186-c1b9f7984ede,46,ely_y2569_id_9e9a2c79-1ad4-4ba1-aaf5-d604dd214955,8334,11.788669637173776,4,109412,70695,3178
2569,pv_38_z_2,pv_38,,,2,ely_y2569_id_115da917-bf32-4e96-a2ae-b7818d0909ee,115da917-bf32-4e96-a2ae-b7818d0909ee,6,ely_y2569_id_66de79a0-9b81-4cfe-8b2b-74322f3d164f,907,1.2829761652167764,5,109412,70695,3178
2569,pv_38_z_2,pv_38,,,2,ely_y2569_id_03347cbc-6089-474c-a3f6-484ae981c9a6,03347cbc-6089-474c-a3f6-484ae981c9a6,43,ely_y2569_id_ca3d4838-1a10-4bc3-94f4-c225c0c1b270,493,0.6973619067826579,6,109412,70695,3178
2569,pv_38_z_2,pv_38,,,2,ely_y2569_id_a2917c34-67f8-4311-813f-3138fd2d9af0,,47,ely_y2569_id_44e96e85-0fd5-49e7-9a9e-fb92ad3caf07,420,0.5941014215998303,7,109412,70695,3178
2569,pv_38_z_2,pv_38,,,2,ely_y2569_id_339fa187-133c-4766-a6c2-36d1b32cda8f,339fa187-133c-4766-a6c2-36d1b32cda8f,23,ely_y2569_id_d4e7effa-3027-48ba-a290-5911f445bb70,216,0.305537873965627,8,109412,70695,3178
2569,pv_38_z_2,pv_38,,,2,ely_y2569_id_d7155f6d-736d-42c0-8bc0-00ee6e1970dc,d7155f6d-736d-42c0-8bc0-00ee6e1970dc,27,ely_y2569_id_038acf65-604b-4278-9713-371a1c6ac957,166,0.23481151425136146,9,109412,70695,3178
2569,pv_38_z_2,pv_38,,,2,ely_y2569_id_965b4b93-c01e-4a2b-a987-577f2b99ebb4,965b4b93-c01e-4a2b-a987-577f2b99ebb4,49,ely_y2569_id_e6519012-d247-49a1-8a9d-b1ee70802750,127,0.1796449536742344,10,109412,70695,3178
2569,pv_38_z_2,pv_38,,,2,ely_y2569_id_d1964fe3-2dd0-43d5-a190-77fbfaf586b2,,8,ely_y2569_id_c5849be5-ca5f-4032-a0d4-aa2ad6ce609e,57,0.08062805007426267,11,109412,70695,3178
2569,pv_47_z_5,pv_47,,,5,ely_y2569_id_a62aca08-91b7-4f3f-ba8f-cb9e884a3799,a62aca08-91b7-4f3f-ba8f-cb9e884a3799,42,ely_y2569_id_51c00f12-a6d0-4984-aca8-9b4ec448b01e,26101,36.94147618710637,1,129748,70655,3404
2569,pv_47_z_5,pv_47,,,5,ely_y2569_id_013c219e-e197-416d-84ea-00ba9c35465e,013c219e-e197-416d-84ea-00ba9c35465e,37,ely_y2569_id_2a524836-3c69-42eb-9917-2cdee7aae391,20000,28.306560045290496,2,129748,70655,3404
2569,pv_47_z_5,pv_47,,,5,ely_y2569_id_2d8a1c84-0bc8-4377-965d-c020a0097c27,2d8a1c84-0bc8-4377-965d-c020a0097c27,9,ely_y2569_id_9928c5e3-370d-4fc0-8f5f-b427fa6aed51,13849,19.600877503361406,3,129748,70655,3404
2569,pv_47_z_5,pv_47,,,5,ely_y2569_id_1116011c-1ef3-4cca-a186-c1b9f7984ede,1116011c-1ef3-4cca-a186-c1b9f7984ede,46,ely_y2569_id_0bd11ecc-6966-4d95-be8d-31fd6afbf8f4,8893,12.586511924138419,4,129748,70655,3404
2569,pv_47_z_5,pv_47,,,5,ely_y2569_id_0c044088-618b-49af-a291-fb28ffe9e0f8,0c044088-618b-49af-a291-fb28ffe9e0f8,11,ely_y2569_id_256b5469-5d51-44b3-8f67-d2849c786fc2,1002,1.4181586582690537,5,129748,70655,3404
2569,pv_47_z_5,pv_47,,,5,ely_y2569_id_115da917-bf32-4e96-a2ae-b7818d0909ee,115da917-bf32-4e96-a2ae-b7818d0909ee,6,ely_y2569_id_13855c07-e9fd-4b5b-9e9f-c7658c1ef41a,299,0.4231830726770929,6,129748,70655,3404
2569,pv_47_z_5,pv_47,,,5,ely_y2569_id_bd8d9f14-f757-41fb-8f37-d6128d9d012d,bd8d9f14-f757-41fb-8f37-d6128d9d012d,7,ely_y2569_id_aeda0d75-40bd-4b3b-9bab-559474d20cff,290,0.41044512065671224,7,129748,70655,3404
2569,pv_47_z_5,pv_47,,,5,ely_y2569_id_d7155f6d-736d-42c0-8bc0-00ee6e1970dc,d7155f6d-736d-42c0-8bc0-00ee6e1970dc,27,ely_y2569_id_c9ad5317-6df6-40f0-a580-3526bf1674de,160,0.22645248036232396,8,129748,70655,3404
2569,pv_47_z_5,pv_47,,,5,ely_y2569_id_d1964fe3-2dd0-43d5-a190-77fbfaf586b2,,8,ely_y2569_id_31da96cd-c8b4-4b7b-9b21-1273eaef8424,61,0.08633500813813601,9,129748,70655,3404
2569,pv_43_z_3,pv_43,,,3,ely_y2569_id_013c219e-e197-416d-84ea-00ba9c35465e,013c219e-e197-416d-84ea-00ba9c35465e,37,ely_y2569_id_9e9e7c85-2eb8-4936-b27b-f3c9e0245819,34208,48.499284023081394,1,137516,72483,5071
2569,pv_43_z_3,pv_43,,,3,ely_y2569_id_2d8a1c84-0bc8-4377-965d-c020a0097c27,2d8a1c84-0bc8-4377-965d-c020a0097c27,9,ely_y2569_id_634bbc05-1255-44bb-8f15-5036beccfbcf,18589,26.35503948506373,2,137516,72483,5071
2569,pv_43_z_3,pv_43,,,3,ely_y2569_id_1116011c-1ef3-4cca-a186-c1b9f7984ede,1116011c-1ef3-4cca-a186-c1b9f7984ede,46,ely_y2569_id_fddd8fd0-2870-44b7-a956-aba3a5142b73,16067,22.77940822026569,3,137516,72483,5071
2569,pv_43_z_3,pv_43,,,3,ely_y2569_id_d7155f6d-736d-42c0-8bc0-00ee6e1970dc,d7155f6d-736d-42c0-8bc0-00ee6e1970dc,27,ely_y2569_id_15f07d6d-6eb4-4f9a-833f-7ca5c7a5494f,1197,1.6970779635064437,4,137516,72483,5071
2569,pv_43_z_3,pv_43,,,3,ely_y2569_id_d1964fe3-2dd0-43d5-a190-77fbfaf586b2,,8,ely_y2569_id_28500220-db41-4d10-bfeb-f24f4e6458f9,472,0.6691903080827414,5,137516,72483,5071
2569,pv_31_z_1,pv_31,,,1,ely_y2569_id_013c219e-e197-416d-84ea-00ba9c35465e,013c219e-e197-416d-84ea-00ba9c35465e,37,ely_y2569_id_2b5a4f48-df7f-4ef3-80ff-d75e56f00508,53235,75.55886736214606,1,125325,71524,3523
2569,pv_31_z_1,pv_31,,,1,ely_y2569_id_1116011c-1ef3-4cca-a186-c1b9f7984ede,1116011c-1ef3-4cca-a186-c1b9f7984ede,46,ely_y2569_id_bea86b93-9f55-4723-adef-5910fe528b03,11436,16.231637215243772,2,125325,71524,3523
2569,pv_31_z_1,pv_31,,,1,ely_y2569_id_2d8a1c84-0bc8-4377-965d-c020a0097c27,2d8a1c84-0bc8-4377-965d-c020a0097c27,9,ely_y2569_id_065e9a74-2e0a-4c54-8f4f-1ed1a52beb9b,2889,4.1004896742601655,3,125325,71524,3523
2569,pv_31_z_1,pv_31,,,1,ely_y2569_id_d7155f6d-736d-42c0-8bc0-00ee6e1970dc,d7155f6d-736d-42c0-8bc0-00ee6e1970dc,27,ely_y2569_id_ccb3b804-7560-4530-9586-006a56437119,827,1.1737988787169116,4,125325,71524,3523
2569,pv_31_z_1,pv_31,,,1,ely_y2569_id_0c044088-618b-49af-a291-fb28ffe9e0f8,0c044088-618b-49af-a291-fb28ffe9e0f8,11,ely_y2569_id_bfda6d77-784c-4624-b651-1940dd4054e0,631,0.8956071251153219,5,125325,71524,3523
2569,pv_31_z_1,pv_31,,,1,ely_y2569_id_115da917-bf32-4e96-a2ae-b7818d0909ee,115da917-bf32-4e96-a2ae-b7818d0909ee,6,ely_y2569_id_4c2abeb9-8ebb-47ea-90bf-8d89c70cca04,611,0.8672202114825066,6,125325,71524,3523
2569,pv_31_z_1,pv_31,,,1,ely_y2569_id_a62aca08-91b7-4f3f-ba8f-cb9e884a3799,a62aca08-91b7-4f3f-ba8f-cb9e884a3799,42,ely_y2569_id_a67f4219-d41e-48c5-9f51-25e97e1c22fb,417,0.5918671492441985,7,125325,71524,3523
2569,pv_31_z_1,pv_31,,,1,ely_y2569_id_7ffe2115-72d1-4d71-9962-03ff61afc67c,,31,ely_y2569_id_5165175e-7b02-41b7-b321-070ef9ad38a2,409,0.5805123837910723,8,125325,71524,3523
2569,pv_10_z_4,pv_10,,,4,ely_y2569_id_1116011c-1ef3-4cca-a186-c1b9f7984ede,1116011c-1ef3-4cca-a186-c1b9f7984ede,46,ely_y2569_id_64ec02ca-c2e0-4c7f-8d7f-dd0bbcefdc9f,30477,43.32935255480679,1,129453,71263,1586
2569,pv_10_z_4,pv_10,,,4,ely_y2569_id_d7155f6d-736d-42c0-8bc0-00ee6e1970dc,d7155f6d-736d-42c0-8bc0-00ee6e1970dc,27,ely_y2569_id_c31e9be2-2e39-495e-ac01-d1f3f3672877,21776,30.9590832835736,2,129453,71263,1586
2569,pv_10_z_4,pv_10,,,4,ely_y2569_id_013c219e-e197-416d-84ea-00ba9c35465e,013c219e-e197-416d-84ea-00ba9c35465e,37,ely_y2569_id_3f84b23b-e370-4095-8bd8-fa563df5d4ec,9741,13.848844152520687,3,129453,71263,1586
2569,pv_10_z_4,pv_10,,,4,ely_y2569_id_2d8a1c84-0bc8-4377-965d-c020a0097c27,2d8a1c84-0bc8-4377-965d-c020a0097c27,9,ely_y2569_id_97b03a69-1f6f-4055-ba0e-ff963afecf10,3925,5.58019847024368,4,129453,71263,1586
2569,pv_10_z_4,pv_10,,,4,ely_y2569_id_115da917-bf32-4e96-a2ae-b7818d0909ee,115da917-bf32-4e96-a2ae-b7818d0909ee,6,ely_y2569_id_37061325-2d49-410f-a8e3-143d40e6b1a4,955,1.357729818874577,5,129453,71263,1586
2569,pv_10_z_4,pv_10,,,4,ely_y2569_id_0c044088-618b-49af-a291-fb28ffe9e0f8,0c044088-618b-49af-a291-fb28ffe9e0f8,11,ely_y2569_id_dce75dad-734a-4bea-b97a-4d38f3665c4e,767,1.0904489749495294,6,129453,71263,1586
2569,pv_10_z_4,pv_10,,,4,ely_y2569_id_a62aca08-91b7-4f3f-ba8f-cb9e884a3799,a62aca08-91b7-4f3f-ba8f-cb9e884a3799,42,ely_y2569_id_65d499d9-dafb-4cae-8da8-3edc201240fc,694,0.98666439193608,7,129453,71263,1586
2569,pv_10_z_4,pv_10,,,4,ely_y2569_id_965b4b93-c01e-4a2b-a987-577f2b99ebb4,965b4b93-c01e-4a2b-a987-577f2b99ebb4,49,ely_y2569_id_d2456566-bd04-4dfe-931e-af48d02eb865,659,0.9369046603542893,8,129453,71263,1586
2569,pv_10_z_4,pv_10,,,4,ely_y2569_id_cb1b6cf2-41fa-49b1-a060-01acf13edc81,cb1b6cf2-41fa-49b1-a060-01acf13edc81,48,ely_y2569_id_c9780330-0342-42f1-95dc-abc86c85e635,372,0.528874861383605,9,129453,71263,1586
2569,pv_10_z_4,pv_10,,,4,ely_y2569_id_54706125-9661-467d-a8af-78994d14b116,54706125-9661-467d-a8af-78994d14b116,35,ely_y2569_id_31fb6650-f4cb-442c-aa40-7bcdb7a47f02,333,0.47342830333532376,10,129453,71263,1586
2569,pv_10_z_4,pv_10,,,4,ely_y2569_id_03347cbc-6089-474c-a3f6-484ae981c9a6,03347cbc-6089-474c-a3f6-484ae981c9a6,43,ely_y2569_id_32db7ea5-0d94-4189-af75-c7432349464f,288,0.40945150558730703,11,129453,71263,1586
2569,pv_10_z_4,pv_10,,,4,ely_y2569_id_339fa187-133c-4766-a6c2-36d1b32cda8f,339fa187-133c-4766-a6c2-36d1b32cda8f,23,ely_y2569_id_cc2a9a16-c284-4d9f-8cbb-7f518392eaa2,245,0.34831812107253546,12,129453,71263,1586
2569,pv_10_z_4,pv_10,,,4,ely_y2569_id_2ee17641-917b-4ea0-8c19-da383e03e915,2ee17641-917b-4ea0-8c19-da383e03e915,44,ely_y2569_id_18ba7132-629d-413f-9073-568ff558bc9f,106,0.15070090136199496,13,129453,71263,1586
2569,pv_47_z_3,pv_47,,,3,ely_y2569_id_2d8a1c84-0bc8-4377-965d-c020a0097c27,2d8a1c84-0bc8-4377-965d-c020a0097c27,9,ely_y2569_id_52a8b03e-162b-4e00-b739-8f36214f5e32,44745,63.63778586869952,1,134035,71449,3743
2569,pv_47_z_3,pv_47,,,3,ely_y2569_id_1116011c-1ef3-4cca-a186-c1b9f7984ede,1116011c-1ef3-4cca-a186-c1b9f7984ede,46,ely_y2569_id_eb2bb14d-1ff3-429a-8f3e-5456a839926a,10191,14.493969734895892,2,134035,71449,3743
2569,pv_47_z_3,pv_47,,,3,ely_y2569_id_013c219e-e197-416d-84ea-00ba9c35465e,013c219e-e197-416d-84ea-00ba9c35465e,37,ely_y2569_id_5000b232-1106-4cda-be1d-b224277b7ff6,7690,10.936966662874047,3,134035,71449,3743
2569,pv_47_z_3,pv_47,,,3,ely_y2569_id_2ee17641-917b-4ea0-8c19-da383e03e915,2ee17641-917b-4ea0-8c19-da383e03e915,44,ely_y2569_id_daf97d7d-1acf-4ea1-80b3-1d6f701c8629,4494,6.391512117419501,4,134035,71449,3743
2569,pv_47_z_3,pv_47,,,3,ely_y2569_id_0c044088-618b-49af-a291-fb28ffe9e0f8,0c044088-618b-49af-a291-fb28ffe9e0f8,11,ely_y2569_id_37c460bd-cbb1-442f-9341-401a089f0ed9,856,1.2174308795084765,5,134035,71449,3743
2569,pv_47_z_3,pv_47,,,3,ely_y2569_id_115da917-bf32-4e96-a2ae-b7818d0909ee,115da917-bf32-4e96-a2ae-b7818d0909ee,6,ely_y2569_id_282e5dc2-5461-49fc-b8fc-92db197a609f,852,1.211741950164979,6,134035,71449,3743
2569,pv_47_z_3,pv_47,,,3,ely_y2569_id_a62aca08-91b7-4f3f-ba8f-cb9e884a3799,a62aca08-91b7-4f3f-ba8f-cb9e884a3799,42,ely_y2569_id_de0abde9-eae6-4042-a211-3360daa7e116,837,1.1904084651268632,7,134035,71449,3743
2569,pv_47_z_3,pv_47,,,3,ely_y2569_id_d7155f6d-736d-42c0-8bc0-00ee6e1970dc,d7155f6d-736d-42c0-8bc0-00ee6e1970dc,27,ely_y2569_id_006ed360-ab51-46ba-a79d-5c3a09bce7c9,647,0.9201843213107294,8,134035,71449,3743
2569,pv_46_z_1,pv_46,,,1,ely_y2569_id_2d8a1c84-0bc8-4377-965d-c020a0097c27,2d8a1c84-0bc8-4377-965d-c020a0097c27,9,ely_y2569_id_fb41e234-c654-48f3-99fc-465bc93c5f0c,29962,42.63839476305678,1,131448,70270,3921
2569,pv_46_z_1,pv_46,,,1,ely_y2569_id_1116011c-1ef3-4cca-a186-c1b9f7984ede,1116011c-1ef3-4cca-a186-c1b9f7984ede,46,ely_y2569_id_3bbb86aa-cfbf-40bc-925b-a4edc8103ecc,18019,25.642521702006547,2,131448,70270,3921
2569,pv_46_z_1,pv_46,,,1,ely_y2569_id_03347cbc-6089-474c-a3f6-484ae981c9a6,03347cbc-6089-474c-a3f6-484ae981c9a6,43,ely_y2569_id_680457a2-ef38-48c8-a3df-23ac2dfdd717,14506,20.64323324320478,3,131448,70270,3921
2569,pv_46_z_1,pv_46,,,1,ely_y2569_id_013c219e-e197-416d-84ea-00ba9c35465e,013c219e-e197-416d-84ea-00ba9c35465e,37,ely_y2569_id_5cf0e717-511f-447a-836b-6918ad0294c6,2763,3.931976661448698,4,131448,70270,3921
2569,pv_46_z_1,pv_46,,,1,ely_y2569_id_0c044088-618b-49af-a291-fb28ffe9e0f8,0c044088-618b-49af-a291-fb28ffe9e0f8,11,ely_y2569_id_98f79280-68d0-4c16-b23d-c2f15fa3c920,1275,1.8144300555002133,5,131448,70270,3921
2569,pv_46_z_1,pv_46,,,1,ely_y2569_id_bdd306a2-80c7-4d7b-a7ff-8dc1ec9fcc76,bdd306a2-80c7-4d7b-a7ff-8dc1ec9fcc76,10,ely_y2569_id_91c33f08-06ab-4efb-b09b-faa6da5af7f4,1251,1.7802760779849154,6,131448,70270,3921
2569,pv_46_z_1,pv_46,,,1,ely_y2569_id_d7155f6d-736d-42c0-8bc0-00ee6e1970dc,d7155f6d-736d-42c0-8bc0-00ee6e1970dc,27,ely_y2569_id_f74067ad-a64f-44a3-bf86-62a41f267777,890,1.2665433328589726,7,131448,70270,3921
2569,pv_46_z_1,pv_46,,,1,ely_y2569_id_115da917-bf32-4e96-a2ae-b7818d0909ee,115da917-bf32-4e96-a2ae-b7818d0909ee,6,ely_y2569_id_21f2a47c-eaef-412c-868f-71c37e2e3a09,589,0.838195531521275,8,131448,70270,3921
2569,pv_46_z_1,pv_46,,,1,ely_y2569_id_a62aca08-91b7-4f3f-ba8f-cb9e884a3799,a62aca08-91b7-4f3f-ba8f-cb9e884a3799,42,ely_y2569_id_10adf886-7cb4-4339-9ac5-dd66a7e17032,460,0.6546179023765476,9,131448,70270,3921
2569,pv_46_z_1,pv_46,,,1,ely_y2569_id_7255d2d0-1f49-4fd8-adad-7acfea2d5126,7255d2d0-1f49-4fd8-adad-7acfea2d5126,56,ely_y2569_id_cbc5de9f-eb12-42ed-9cde-fd3587525926,387,0.5507328874341825,10,131448,70270,3921
2569,pv_46_z_1,pv_46,,,1,ely_y2569_id_7ffe2115-72d1-4d71-9962-03ff61afc67c,,31,ely_y2569_id_0a61079e-fba8-4627-918b-86a884a08a6e,168,0.23907784260708698,11,131448,70270,3921
2569,pv_32_z_3,pv_32,,,3,ely_y2569_id_013c219e-e197-416d-84ea-00ba9c35465e,013c219e-e197-416d-84ea-00ba9c35465e,37,ely_y2569_id_663800fa-3981-4514-9730-4f12e868299a,44112,62.895843729949384,1,137394,70135,3539
2569,pv_32_z_3,pv_32,,,3,ely_y2569_id_1116011c-1ef3-4cca-a186-c1b9f7984ede,1116011c-1ef3-4cca-a186-c1b9f7984ede,46,ely_y2569_id_fd7c3035-7b53-4ea5-be10-995ec287d764,13062,18.624082127325874,2,137394,70135,3539
2569,pv_32_z_3,pv_32,,,3,ely_y2569_id_2d8a1c84-0bc8-4377-965d-c020a0097c27,2d8a1c84-0bc8-4377-965d-c020a0097c27,9,ely_y2569_id_92d06e36-61cf-48ef-a7c0-9f3c4d418869,9328,13.300064161973339,3,137394,70135,3539
2569,pv_32_z_3,pv_32,,,3,ely_y2569_id_03347cbc-6089-474c-a3f6-484ae981c9a6,03347cbc-6089-474c-a3f6-484ae981c9a6,43,ely_y2569_id_a4bb140c-05fb-43dd-89e7-c15e0c397600,933,1.3302915805232767,4,137394,70135,3539
2569,pv_32_z_3,pv_32,,,3,ely_y2569_id_339fa187-133c-4766-a6c2-36d1b32cda8f,339fa187-133c-4766-a6c2-36d1b32cda8f,23,ely_y2569_id_01d35d03-f3fb-4025-9b21-322b10733434,891,1.2704070720752834,5,137394,70135,3539
2569,pv_32_z_3,pv_32,,,3,ely_y2569_id_0c044088-618b-49af-a291-fb28ffe9e0f8,0c044088-618b-49af-a291-fb28ffe9e0f8,11,ely_y2569_id_1c451c52-3f8d-4062-9bbd-a4aa6620741a,876,1.2490197476295717,6,137394,70135,3539
2569,pv_32_z_3,pv_32,,,3,ely_y2569_id_d7155f6d-736d-42c0-8bc0-00ee6e1970dc,d7155f6d-736d-42c0-8bc0-00ee6e1970dc,27,ely_y2569_id_4c71f9e8-e5cd-4d77-b819-ac8280bbc95f,363,0.5175732515862266,7,137394,70135,3539
2569,pv_32_z_3,pv_32,,,3,ely_y2569_id_115da917-bf32-4e96-a2ae-b7818d0909ee,115da917-bf32-4e96-a2ae-b7818d0909ee,6,ely_y2569_id_d57ef8c6-6ed3-4cad-982a-5a387986d2e4,289,0.4120624509873815,8,137394,70135,3539
2569,pv_32_z_3,pv_32,,,3,ely_y2569_id_a62aca08-91b7-4f3f-ba8f-cb9e884a3799,a62aca08-91b7-4f3f-ba8f-cb9e884a3799,42,ely_y2569_id_5487d1e0-8b26-4d80-bfdc-5f71d1d5c36b,281,0.40065587794966845,9,137394,70135,3539
2569,pv_34_z_9,pv_34,,,9,ely_y2569_id_e3ad415e-cb0c-4922-adb3-4624e857d801,,21,ely_y2569_id_150e3c8f-a551-4f78-bea7-29ba0b0d4ce4,39071,55.81332228618774,1,130180,70003,4456
2569,pv_34_z_9,pv_34,,,9,ely_y2569_id_a62aca08-91b7-4f3f-ba8f-cb9e884a3799,a62aca08-91b7-4f3f-ba8f-cb9e884a3799,42,ely_y2569_id_3115106e-fee4-4728-9026-c0186affa4d5,14218,20.31055811893776,2,130180,70003,4456
2569,pv_34_z_9,pv_34,,,9,ely_y2569_id_2d8a1c84-0bc8-4377-965d-c020a0097c27,2d8a1c84-0bc8-4377-965d-c020a0097c27,9,ely_y2569_id_528b3fab-e815-400d-aefc-fb9fe74a5705,10381,14.829364455809035,3,130180,70003,4456
2569,pv_34_z_9,pv_34,,,9,ely_y2569_id_1116011c-1ef3-4cca-a186-c1b9f7984ede,1116011c-1ef3-4cca-a186-c1b9f7984ede,46,ely_y2569_id_45b3e074-175f-4fea-a8d1-6b9125f293a6,4689,6.698284359241747,4,130180,70003,4456
2569,pv_34_z_9,pv_34,,,9,ely_y2569_id_013c219e-e197-416d-84ea-00ba9c35465e,013c219e-e197-416d-84ea-00ba9c35465e,37,ely_y2569_id_cbcf10b7-9636-472b-9560-192e6a86b8cb,1267,1.809922431895776,5,130180,70003,4456
2569,pv_34_z_9,pv_34,,,9,ely_y2569_id_d7155f6d-736d-42c0-8bc0-00ee6e1970dc,d7155f6d-736d-42c0-8bc0-00ee6e1970dc,27,ely_y2569_id_8e611c97-a0c2-48e4-b98b-ed2fe054fb79,292,0.4171249803579847,6,130180,70003,4456
2569,pv_34_z_9,pv_34,,,9,ely_y2569_id_03347cbc-6089-474c-a3f6-484ae981c9a6,03347cbc-6089-474c-a3f6-484ae981c9a6,43,ely_y2569_id_96a9b330-235e-466f-bac3-a8a47eb3634c,85,0.12142336756996129,7,130180,70003,4456
2569,pv_33_z_2,pv_33,,,2,ely_y2569_id_013c219e-e197-416d-84ea-00ba9c35465e,013c219e-e197-416d-84ea-00ba9c35465e,37,ely_y2569_id_389dc263-ecd0-486c-9e02-7fa51963d544,32241,46.06844323783668,1,128729,69985,3758
2569,pv_33_z_2,pv_33,,,2,ely_y2569_id_2d8a1c84-0bc8-4377-965d-c020a0097c27,2d8a1c84-0bc8-4377-965d-c020a0097c27,9,ely_y2569_id_8414988d-ec04-4386-a389-bf3ad685e404,27264,38.956919339858544,2,128729,69985,3758
2569,pv_33_z_2,pv_33,,,2,ely_y2569_id_1116011c-1ef3-4cca-a186-c1b9f7984ede,1116011c-1ef3-4cca-a186-c1b9f7984ede,46,ely_y2569_id_01af3d11-da40-4301-b00e-54ee73580ec5,7099,10.14360220047153,3,128729,69985,3758
2569,pv_33_z_2,pv_33,,,2,ely_y2569_id_c10044e9-2d3c-4481-b323-a9aef1851236,c10044e9-2d3c-4481-b323-a9aef1851236,13,ely_y2569_id_7d3fb549-d175-40fd-ba42-d4fc58b4c218,1069,1.5274701721797528,4,128729,69985,3758
2569,pv_33_z_2,pv_33,,,2,ely_y2569_id_a62aca08-91b7-4f3f-ba8f-cb9e884a3799,a62aca08-91b7-4f3f-ba8f-cb9e884a3799,42,ely_y2569_id_aadc2ccd-ed5a-4123-8489-0f1fa15f597f,887,1.2674144459527041,5,128729,69985,3758
2569,pv_33_z_2,pv_33,,,2,ely_y2569_id_0c044088-618b-49af-a291-fb28ffe9e0f8,0c044088-618b-49af-a291-fb28ffe9e0f8,11,ely_y2569_id_9cd8574c-e81e-444f-bda6-584f89f64499,709,1.013074230192184,6,128729,69985,3758
2569,pv_33_z_2,pv_33,,,2,ely_y2569_id_bdd306a2-80c7-4d7b-a7ff-8dc1ec9fcc76,bdd306a2-80c7-4d7b-a7ff-8dc1ec9fcc76,10,ely_y2569_id_6d360197-b25f-44ab-8ab2-9e67897bd17a,242,0.3457883832249768,7,128729,69985,3758
2569,pv_33_z_2,pv_33,,,2,ely_y2569_id_d7155f6d-736d-42c0-8bc0-00ee6e1970dc,d7155f6d-736d-42c0-8bc0-00ee6e1970dc,27,ely_y2569_id_cd6e1382-8aa3-4bb8-a0e8-eeafb5606d13,187,0.26720011431020935,8,128729,69985,3758
2569,pv_33_z_2,pv_33,,,2,ely_y2569_id_965b4b93-c01e-4a2b-a987-577f2b99ebb4,965b4b93-c01e-4a2b-a987-577f2b99ebb4,49,ely_y2569_id_7851493e-4688-43dd-855a-b0eb80bb3c7a,127,0.1814674573122812,9,128729,69985,3758
2569,pv_33_z_2,pv_33,,,2,ely_y2569_id_d1964fe3-2dd0-43d5-a190-77fbfaf586b2,,8,ely_y2569_id_44ce0b6c-afd9-4e8f-856d-740051dad6e6,117,0.16717868114595985,10,128729,69985,3758
2569,pv_33_z_2,pv_33,,,2,ely_y2569_id_339fa187-133c-4766-a6c2-36d1b32cda8f,339fa187-133c-4766-a6c2-36d1b32cda8f,23,ely_y2569_id_3048f816-c615-4094-ae7f-7a2e22a6547d,43,0.061441737515181824,11,128729,69985,3758
2569,pv_47_z_7,pv_47,,,7,ely_y2569_id_2d8a1c84-0bc8-4377-965d-c020a0097c27,2d8a1c84-0bc8-4377-965d-c020a0097c27,9,ely_y2569_id_4727c30e-3dfd-4a9e-9ee4-fdc7f796df8c,23035,32.91419589912124,1,131937,70430,3532
2569,pv_47_z_7,pv_47,,,7,ely_y2569_id_1116011c-1ef3-4cca-a186-c1b9f7984ede,1116011c-1ef3-4cca-a186-c1b9f7984ede,46,ely_y2569_id_71169325-ec2e-4655-8843-c6d6a3e62322,16597,23.71508180324355,2,131937,70430,3532
2569,pv_47_z_7,pv_47,,,7,ely_y2569_id_a62aca08-91b7-4f3f-ba8f-cb9e884a3799,a62aca08-91b7-4f3f-ba8f-cb9e884a3799,42,ely_y2569_id_b8b8d057-e468-4cba-9d78-0af6f944f24a,16364,23.382153318568264,3,131937,70430,3532
2569,pv_47_z_7,pv_47,,,7,ely_y2569_id_013c219e-e197-416d-84ea-00ba9c35465e,013c219e-e197-416d-84ea-00ba9c35465e,37,ely_y2569_id_22ee5c34-8388-44d2-a4f3-22593e78aeaf,9256,13.225691219547045,4,131937,70430,3532
2569,pv_47_z_7,pv_47,,,7,ely_y2569_id_0c044088-618b-49af-a291-fb28ffe9e0f8,0c044088-618b-49af-a291-fb28ffe9e0f8,11,ely_y2569_id_2d9e2aec-9e89-4d71-bd14-03413a6f8875,2291,3.273558619704222,5,131937,70430,3532
2569,pv_47_z_7,pv_47,,,7,ely_y2569_id_d7155f6d-736d-42c0-8bc0-00ee6e1970dc,d7155f6d-736d-42c0-8bc0-00ee6e1970dc,27,ely_y2569_id_01aa463f-b0ba-4863-b4fc-4d7ff1c10c76,1031,1.4731728227477316,6,131937,70430,3532
2569,pv_47_z_7,pv_47,,,7,ely_y2569_id_03347cbc-6089-474c-a3f6-484ae981c9a6,03347cbc-6089-474c-a3f6-484ae981c9a6,43,ely_y2569_id_7b56a982-d3bf-478f-b2d6-e0461c5def30,673,0.9616346359934271,7,131937,70430,3532
2569,pv_47_z_7,pv_47,,,7,ely_y2569_id_339fa187-133c-4766-a6c2-36d1b32cda8f,339fa187-133c-4766-a6c2-36d1b32cda8f,23,ely_y2569_id_0ea82413-312e-4e4a-8bf9-274dd4314677,622,0.8887618775451883,8,131937,70430,3532
2569,pv_47_z_7,pv_47,,,7,ely_y2569_id_54c9efd2-2cd9-487a-91f7-1251aae30c2d,54c9efd2-2cd9-487a-91f7-1251aae30c2d,36,ely_y2569_id_905703b1-7fd3-4882-8c59-57ef91ffe7f6,116,0.1657498035293277,9,131937,70430,3532
2569,pv_34_z_5,pv_34,,,5,ely_y2569_id_013c219e-e197-416d-84ea-00ba9c35465e,013c219e-e197-416d-84ea-00ba9c35465e,37,ely_y2569_id_228a112b-8548-477a-bb07-7026cdcd725f,46827,66.93013549825625,1,131064,69964,3644
2569,pv_34_z_5,pv_34,,,5,ely_y2569_id_1116011c-1ef3-4cca-a186-c1b9f7984ede,1116011c-1ef3-4cca-a186-c1b9f7984ede,46,ely_y2569_id_69097c02-2334-4e88-8177-d75dfd107e5d,11155,15.943914012920931,2,131064,69964,3644
2569,pv_34_z_5,pv_34,,,5,ely_y2569_id_a62aca08-91b7-4f3f-ba8f-cb9e884a3799,a62aca08-91b7-4f3f-ba8f-cb9e884a3799,42,ely_y2569_id_4f2b7e99-a573-4174-869e-9818dc4e3944,7718,11.03138757075067,3,131064,69964,3644
2569,pv_34_z_5,pv_34,,,5,ely_y2569_id_2d8a1c84-0bc8-4377-965d-c020a0097c27,2d8a1c84-0bc8-4377-965d-c020a0097c27,9,ely_y2569_id_6ea2914e-447e-4715-8a63-c59eae90b8dc,2506,3.5818420902178265,4,131064,69964,3644
2569,pv_34_z_5,pv_34,,,5,ely_y2569_id_d7155f6d-736d-42c0-8bc0-00ee6e1970dc,d7155f6d-736d-42c0-8bc0-00ee6e1970dc,27,ely_y2569_id_f2e4eb8d-41b0-42df-ac5c-aa83edaaff4e,920,1.3149619804470871,5,131064,69964,3644
2569,pv_34_z_5,pv_34,,,5,ely_y2569_id_03347cbc-6089-474c-a3f6-484ae981c9a6,03347cbc-6089-474c-a3f6-484ae981c9a6,43,ely_y2569_id_9151f9ed-0a07-4419-93e8-9a7f1fcb1e58,592,0.8461494482876909,6,131064,69964,3644
2569,pv_34_z_5,pv_34,,,5,ely_y2569_id_bdd306a2-80c7-4d7b-a7ff-8dc1ec9fcc76,bdd306a2-80c7-4d7b-a7ff-8dc1ec9fcc76,10,ely_y2569_id_693dd513-c5c4-458b-8e34-8dce2c435fe6,246,0.3516093991195472,7,131064,69964,3644
2569,pv_36_z_3,pv_36,,,3,ely_y2569_id_013c219e-e197-416d-84ea-00ba9c35465e,013c219e-e197-416d-84ea-00ba9c35465e,37,ely_y2569_id_670168e2-e455-465f-a6f6-2a219a02be92,44269,63.28844284325499,1,127154,69948,5282
2569,pv_36_z_3,pv_36,,,3,ely_y2569_id_2d8a1c84-0bc8-4377-965d-c020a0097c27,2d8a1c84-0bc8-4377-965d-c020a0097c27,9,ely_y2569_id_21a96620-b2b7-45c0-a07e-f3d5a3a14ede,14531,20.774003545490935,2,127154,69948,5282
2569,pv_36_z_3,pv_36,,,3,ely_y2569_id_1116011c-1ef3-4cca-a186-c1b9f7984ede,1116011c-1ef3-4cca-a186-c1b9f7984ede,46,ely_y2569_id_4cf19ad2-2a4d-44ce-bb57-bb0452ca8b31,8863,12.670841196317264,3,127154,69948,5282
2569,pv_36_z_3,pv_36,,,3,ely_y2569_id_0c044088-618b-49af-a291-fb28ffe9e0f8,0c044088-618b-49af-a291-fb28ffe9e0f8,11,ely_y2569_id_80837a85-5f4c-4801-9fd8-bdc12e3e71e9,1006,1.4382112426373879,4,127154,69948,5282
2569,pv_36_z_3,pv_36,,,3,ely_y2569_id_115da917-bf32-4e96-a2ae-b7818d0909ee,115da917-bf32-4e96-a2ae-b7818d0909ee,6,ely_y2569_id_c6f79f7e-d2c7-451e-ad0e-e0614d2e4c8a,711,1.0164693772516726,5,127154,69948,5282
2569,pv_36_z_3,pv_36,,,3,ely_y2569_id_d7155f6d-736d-42c0-8bc0-00ee6e1970dc,d7155f6d-736d-42c0-8bc0-00ee6e1970dc,27,ely_y2569_id_44a4239c-8e14-43e8-96bf-f90faa49cf97,568,0.8120317950477497,6,127154,69948,5282
2569,pv_74_z_3,pv_74,,,3,ely_y2569_id_1116011c-1ef3-4cca-a186-c1b9f7984ede,1116011c-1ef3-4cca-a186-c1b9f7984ede,46,ely_y2569_id_d0bb1818-6dee-4a39-b860-ad978228f6fd,28126,40.33962967743786,1,111965,70641,2905
2569,pv_74_z_3,pv_74,,,3,ely_y2569_id_a62aca08-91b7-4f3f-ba8f-cb9e884a3799,a62aca08-91b7-4f3f-ba8f-cb9e884a3799,42,ely_y2569_id_8b7f5476-e1bd-4be5-828a-544da4ec1ce1,25118,36.025414855929895,2,111965,70641,2905
2569,pv_74_z_3,pv_74,,,3,ely_y2569_id_013c219e-e197-416d-84ea-00ba9c35465e,013c219e-e197-416d-84ea-00ba9c35465e,37,ely_y2569_id_251ae78e-74de-488a-b269-8a292c4f75d2,6776,9.718457323982044,3,111965,70641,2905
2569,pv_74_z_3,pv_74,,,3,ely_y2569_id_2d8a1c84-0bc8-4377-965d-c020a0097c27,2d8a1c84-0bc8-4377-965d-c020a0097c27,9,ely_y2569_id_ecd21e08-81c0-4e9d-8b2c-b19657218121,5647,8.099192518967916,4,111965,70641,2905
2569,pv_74_z_3,pv_74,,,3,ely_y2569_id_d7155f6d-736d-42c0-8bc0-00ee6e1970dc,d7155f6d-736d-42c0-8bc0-00ee6e1970dc,27,ely_y2569_id_cebbb759-ea89-47a8-bee3-acf03c335705,2651,3.8021886608436244,5,111965,70641,2905
2569,pv_74_z_3,pv_74,,,3,ely_y2569_id_0c044088-618b-49af-a291-fb28ffe9e0f8,0c044088-618b-49af-a291-fb28ffe9e0f8,11,ely_y2569_id_d9b8182c-e0fa-4fea-94c9-4294540db9e1,1405,2.0151169628386616,6,111965,70641,2905
2569,pv_61_z_1,pv_61,,,1,ely_y2569_id_013c219e-e197-416d-84ea-00ba9c35465e,013c219e-e197-416d-84ea-00ba9c35465e,37,ely_y2569_id_651295c5-576e-4d8c-9933-ae1f2f735964,50705,73.27418026272056,1,127283,70624,3681
2569,pv_61_z_1,pv_61,,,1,ely_y2569_id_1116011c-1ef3-4cca-a186-c1b9f7984ede,1116011c-1ef3-4cca-a186-c1b9f7984ede,46,ely_y2569_id_781bc017-9d3a-42d5-91d7-1d9b14a89362,12088,17.468460526886226,2,127283,70624,3681
2569,pv_61_z_1,pv_61,,,1,ely_y2569_id_2d8a1c84-0bc8-4377-965d-c020a0097c27,2d8a1c84-0bc8-4377-965d-c020a0097c27,9,ely_y2569_id_cbee9161-0a39-428d-a853-df748bac6aff,4122,5.9567334788074975,3,127283,70624,3681
2569,pv_61_z_1,pv_61,,,1,ely_y2569_id_d7155f6d-736d-42c0-8bc0-00ee6e1970dc,d7155f6d-736d-42c0-8bc0-00ee6e1970dc,27,ely_y2569_id_053652c2-3208-4b95-b0ff-94b317be9647,2284,3.3006257315857166,4,127283,70624,3681
2569,pv_44_z_2,pv_44,,,2,ely_y2569_id_013c219e-e197-416d-84ea-00ba9c35465e,013c219e-e197-416d-84ea-00ba9c35465e,37,ely_y2569_id_780c369f-86f3-42b2-a857-b7fdc7d62288,30045,43.65990467333178,1,128380,68816,3544
2569,pv_44_z_2,pv_44,,,2,ely_y2569_id_2d8a1c84-0bc8-4377-965d-c020a0097c27,2d8a1c84-0bc8-4377-965d-c020a0097c27,9,ely_y2569_id_6446e96a-d9dc-4442-8efe-aa30b8dccee6,18760,27.261102069286213,2,128380,68816,3544
2569,pv_44_z_2,pv_44,,,2,ely_y2569_id_1116011c-1ef3-4cca-a186-c1b9f7984ede,1116011c-1ef3-4cca-a186-c1b9f7984ede,46,ely_y2569_id_5dd0672d-ea45-4b8b-a03a-4d3a3c74b287,9958,14.470471983259708,3,128380,68816,3544
2569,pv_44_z_2,pv_44,,,2,ely_y2569_id_03347cbc-6089-474c-a3f6-484ae981c9a6,03347cbc-6089-474c-a3f6-484ae981c9a6,43,ely_y2569_id_adc81283-ae66-4746-8d73-176c7101554a,6771,9.839281562427342,4,128380,68816,3544
2569,pv_44_z_2,pv_44,,,2,ely_y2569_id_a62aca08-91b7-4f3f-ba8f-cb9e884a3799,a62aca08-91b7-4f3f-ba8f-cb9e884a3799,42,ely_y2569_id_2df8949d-72bb-43db-b989-a2ce9ca1d721,876,1.272959776796094,5,128380,68816,3544
2569,pv_44_z_2,pv_44,,,2,ely_y2569_id_d1964fe3-2dd0-43d5-a190-77fbfaf586b2,,8,ely_y2569_id_9a6e6402-e009-4305-a6dc-497e4f841434,757,1.1000348756103233,6,128380,68816,3544
2569,pv_44_z_2,pv_44,,,2,ely_y2569_id_d7155f6d-736d-42c0-8bc0-00ee6e1970dc,d7155f6d-736d-42c0-8bc0-00ee6e1970dc,27,ely_y2569_id_784b5392-e1ac-4834-820d-65bd1f5c8dc7,504,0.7323878167867938,7,128380,68816,3544
2569,pv_44_z_2,pv_44,,,2,ely_y2569_id_0c044088-618b-49af-a291-fb28ffe9e0f8,0c044088-618b-49af-a291-fb28ffe9e0f8,11,ely_y2569_id_f28f41a0-5777-4e25-8241-07297116bc24,343,0.4984305975354568,8,128380,68816,3544
2569,pv_44_z_2,pv_44,,,2,ely_y2569_id_54c9efd2-2cd9-487a-91f7-1251aae30c2d,54c9efd2-2cd9-487a-91f7-1251aae30c2d,36,ely_y2569_id_0fdbfa06-32e7-4caa-9f35-856d1002604f,317,0.4606486863520111,9,128380,68816,3544
2569,pv_44_z_2,pv_44,,,2,ely_y2569_id_115da917-bf32-4e96-a2ae-b7818d0909ee,115da917-bf32-4e96-a2ae-b7818d0909ee,6,ely_y2569_id_fc387ca8-88a5-4987-ba86-b773b7f79953,298,0.43303882817949313,10,128380,68816,3544
2569,pv_44_z_2,pv_44,,,2,ely_y2569_id_965b4b93-c01e-4a2b-a987-577f2b99ebb4,965b4b93-c01e-4a2b-a987-577f2b99ebb4,49,ely_y2569_id_498f9079-fa29-453d-ad4e-227410a2fcb0,187,0.2717391304347826,11,128380,68816,3544
2569,pv_44_z_5,pv_44,,,5,ely_y2569_id_2d8a1c84-0bc8-4377-965d-c020a0097c27,2d8a1c84-0bc8-4377-965d-c020a0097c27,9,ely_y2569_id_8901bccb-f065-437b-9696-aa2347a883d1,32999,48.12594796406487,1,133026,69390,3400
2569,pv_44_z_5,pv_44,,,5,ely_y2569_id_1116011c-1ef3-4cca-a186-c1b9f7984ede,1116011c-1ef3-4cca-a186-c1b9f7984ede,46,ely_y2569_id_ed0fd744-7dbb-4b26-987e-283f77b3c1ad,15726,22.93489674483724,2,133026,69390,3400
2569,pv_44_z_5,pv_44,,,5,ely_y2569_id_0c044088-618b-49af-a291-fb28ffe9e0f8,0c044088-618b-49af-a291-fb28ffe9e0f8,11,ely_y2569_id_0b1f7a1c-3434-4177-aac9-5409cd7711db,5450,7.948314082370785,3,133026,69390,3400
2569,pv_44_z_5,pv_44,,,5,ely_y2569_id_03347cbc-6089-474c-a3f6-484ae981c9a6,03347cbc-6089-474c-a3f6-484ae981c9a6,43,ely_y2569_id_cc794020-2c6f-47fc-95ba-d6ca3e77bb4f,4323,6.3046902345117255,4,133026,69390,3400
2569,pv_44_z_5,pv_44,,,5,ely_y2569_id_013c219e-e197-416d-84ea-00ba9c35465e,013c219e-e197-416d-84ea-00ba9c35465e,37,ely_y2569_id_466ca717-b478-4c6f-928a-141f5a00ef37,3031,4.420429354801073,5,133026,69390,3400
2569,pv_44_z_5,pv_44,,,5,ely_y2569_id_54c9efd2-2cd9-487a-91f7-1251aae30c2d,54c9efd2-2cd9-487a-91f7-1251aae30c2d,36,ely_y2569_id_82ebbd8c-3733-4d9e-a0ae-808bab379f24,2322,3.3864193209660485,6,133026,69390,3400
2569,pv_44_z_5,pv_44,,,5,ely_y2569_id_a62aca08-91b7-4f3f-ba8f-cb9e884a3799,a62aca08-91b7-4f3f-ba8f-cb9e884a3799,42,ely_y2569_id_b89f3b06-ff53-4000-b975-dfd64b697111,2072,3.0218177575545444,7,133026,69390,3400
2569,pv_44_z_5,pv_44,,,5,ely_y2569_id_d7155f6d-736d-42c0-8bc0-00ee6e1970dc,d7155f6d-736d-42c0-8bc0-00ee6e1970dc,27,ely_y2569_id_138ca5ee-aa10-4d31-a3f9-05ad11a82407,763,1.11276397153191,8,133026,69390,3400
2569,pv_44_z_5,pv_44,,,5,ely_y2569_id_d1964fe3-2dd0-43d5-a190-77fbfaf586b2,,8,ely_y2569_id_64131825-6a78-4601-92b1-3c61f5bfd51f,759,1.106930346517326,9,133026,69390,3400
2569,pv_44_z_5,pv_44,,,5,ely_y2569_id_965b4b93-c01e-4a2b-a987-577f2b99ebb4,965b4b93-c01e-4a2b-a987-577f2b99ebb4,49,ely_y2569_id_ce94513f-1b6d-47b0-b73b-3de15492e693,579,0.8444172208610431,10,133026,69390,3400
2569,pv_44_z_5,pv_44,,,5,ely_y2569_id_bdd306a2-80c7-4d7b-a7ff-8dc1ec9fcc76,bdd306a2-80c7-4d7b-a7ff-8dc1ec9fcc76,10,ely_y2569_id_0c04ce37-6d70-4626-816a-8c9b6ae4174d,544,0.7933730019834325,11,133026,69390,3400
2569,pv_67_z_5,pv_67,,,5,ely_y2569_id_013c219e-e197-416d-84ea-00ba9c35465e,013c219e-e197-416d-84ea-00ba9c35465e,37,ely_y2569_id_df0a4691-3cf5-4a8f-a242-89331941fff1,42489,62.02049395691014,1,133038,70081,4831
2569,pv_67_z_5,pv_67,,,5,ely_y2569_id_1116011c-1ef3-4cca-a186-c1b9f7984ede,1116011c-1ef3-4cca-a186-c1b9f7984ede,46,ely_y2569_id_11c265f2-d147-482f-bd06-0642c26bdef0,15743,22.97979797979798,2,133038,70081,4831
2569,pv_67_z_5,pv_67,,,5,ely_y2569_id_2d8a1c84-0bc8-4377-965d-c020a0097c27,2d8a1c84-0bc8-4377-965d-c020a0097c27,9,ely_y2569_id_04536f8b-6487-4eb7-842e-51710ae309f2,5793,8.45594675074444,3,133038,70081,4831
2569,pv_67_z_5,pv_67,,,5,ely_y2569_id_0c044088-618b-49af-a291-fb28ffe9e0f8,0c044088-618b-49af-a291-fb28ffe9e0f8,11,ely_y2569_id_db01bc65-54fa-40e4-aca4-3d1678dd2212,2059,3.0054884101126875,4,133038,70081,4831
2569,pv_67_z_5,pv_67,,,5,ely_y2569_id_115da917-bf32-4e96-a2ae-b7818d0909ee,115da917-bf32-4e96-a2ae-b7818d0909ee,6,ely_y2569_id_7f02007d-f0a6-4458-859d-c08a5b8f4239,1122,1.6377649325626205,5,133038,70081,4831
2569,pv_67_z_5,pv_67,,,5,ely_y2569_id_d7155f6d-736d-42c0-8bc0-00ee6e1970dc,d7155f6d-736d-42c0-8bc0-00ee6e1970dc,27,ely_y2569_id_7b69d9fa-8e9a-468c-af6c-bc215800f3d5,859,1.2538681613826124,6,133038,70081,4831
2569,pv_67_z_5,pv_67,,,5,ely_y2569_id_03347cbc-6089-474c-a3f6-484ae981c9a6,03347cbc-6089-474c-a3f6-484ae981c9a6,43,ely_y2569_id_cd5fc5dc-3a2d-471e-a074-5405e5fddc01,443,0.6466398084895195,7,133038,70081,4831
2569,pv_47_z_4,pv_47,,,4,ely_y2569_id_2d8a1c84-0bc8-4377-965d-c020a0097c27,2d8a1c84-0bc8-4377-965d-c020a0097c27,9,ely_y2569_id_73259577-be59-4b7e-89ed-5ebac10719a1,27273,39.830298073693285,1,128385,71565,3836
2569,pv_47_z_4,pv_47,,,4,ely_y2569_id_115da917-bf32-4e96-a2ae-b7818d0909ee,115da917-bf32-4e96-a2ae-b7818d0909ee,6,ely_y2569_id_921caa53-6d3e-4fb4-8f52-2612c2663a5c,16206,23.66772304411958,2,128385,71565,3836
2569,pv_47_z_4,pv_47,,,4,ely_y2569_id_1116011c-1ef3-4cca-a186-c1b9f7984ede,1116011c-1ef3-4cca-a186-c1b9f7984ede,46,ely_y2569_id_687888ee-b975-43d3-ab0c-74f91766d99a,12682,18.521168927898586,3,128385,71565,3836
2569,pv_47_z_4,pv_47,,,4,ely_y2569_id_a62aca08-91b7-4f3f-ba8f-cb9e884a3799,a62aca08-91b7-4f3f-ba8f-cb9e884a3799,42,ely_y2569_id_e7cdbd89-b114-4baa-a49c-e29ce6a32ac1,4901,7.15756575584537,4,128385,71565,3836
2569,pv_47_z_4,pv_47,,,4,ely_y2569_id_0c044088-618b-49af-a291-fb28ffe9e0f8,0c044088-618b-49af-a291-fb28ffe9e0f8,11,ely_y2569_id_8bc3cd8f-6a06-4cab-858a-c0475178ab21,3058,4.465993895404028,5,128385,71565,3836
2569,pv_47_z_4,pv_47,,,4,ely_y2569_id_013c219e-e197-416d-84ea-00ba9c35465e,013c219e-e197-416d-84ea-00ba9c35465e,37,ely_y2569_id_bbd6f8fa-229e-4f02-9ad4-4d6d6f906ce5,2209,3.226089115417756,6,128385,71565,3836
2569,pv_47_z_4,pv_47,,,4,ely_y2569_id_339fa187-133c-4766-a6c2-36d1b32cda8f,339fa187-133c-4766-a6c2-36d1b32cda8f,23,ely_y2569_id_bb3e4422-ab70-4a21-8eb5-7e7ad3b4546a,1290,1.8839542593430987,7,128385,71565,3836
2569,pv_47_z_4,pv_47,,,4,ely_y2569_id_d7155f6d-736d-42c0-8bc0-00ee6e1970dc,d7155f6d-736d-42c0-8bc0-00ee6e1970dc,27,ely_y2569_id_c9a536e0-0cc9-4a74-b487-260597853b70,732,1.0690345099528282,8,128385,71565,3836
2569,pv_47_z_4,pv_47,,,4,ely_y2569_id_d1964fe3-2dd0-43d5-a190-77fbfaf586b2,,8,ely_y2569_id_92b9cdd3-b76b-4ea7-b61a-802f06ef5fab,122,0.17817241832547137,9,128385,71565,3836
2569,pv_32_z_4,pv_32,,,4,ely_y2569_id_013c219e-e197-416d-84ea-00ba9c35465e,013c219e-e197-416d-84ea-00ba9c35465e,37,ely_y2569_id_c7278e5c-aac4-4708-a5de-1442ed38e2de,40070,58.54677751640098,1,139651,68441,3275
2569,pv_32_z_4,pv_32,,,4,ely_y2569_id_2d8a1c84-0bc8-4377-965d-c020a0097c27,2d8a1c84-0bc8-4377-965d-c020a0097c27,9,ely_y2569_id_c024d471-d10b-4f1a-b677-526fed0b49bd,13037,19.048523545827795,2,139651,68441,3275
2569,pv_32_z_4,pv_32,,,4,ely_y2569_id_1116011c-1ef3-4cca-a186-c1b9f7984ede,1116011c-1ef3-4cca-a186-c1b9f7984ede,46,ely_y2569_id_711f8eaa-d98c-40bb-9182-82f585e4704a,10241,14.963253020850075,3,139651,68441,3275
2569,pv_32_z_4,pv_32,,,4,ely_y2569_id_a62aca08-91b7-4f3f-ba8f-cb9e884a3799,a62aca08-91b7-4f3f-ba8f-cb9e884a3799,42,ely_y2569_id_d14cda5b-4f18-49e3-b038-8ddd715f01a5,1545,2.2574187986733096,4,139651,68441,3275
2569,pv_32_z_4,pv_32,,,4,ely_y2569_id_03347cbc-6089-474c-a3f6-484ae981c9a6,03347cbc-6089-474c-a3f6-484ae981c9a6,43,ely_y2569_id_9328684a-e150-4491-88d7-e500b9497ddc,847,1.237562279919931,5,139651,68441,3275
2569,pv_32_z_4,pv_32,,,4,ely_y2569_id_0c044088-618b-49af-a291-fb28ffe9e0f8,0c044088-618b-49af-a291-fb28ffe9e0f8,11,ely_y2569_id_bef2a243-5899-4b39-bb11-53f7d96ac1f3,731,1.0680732309580514,6,139651,68441,3275
2569,pv_32_z_4,pv_32,,,4,ely_y2569_id_d7155f6d-736d-42c0-8bc0-00ee6e1970dc,d7155f6d-736d-42c0-8bc0-00ee6e1970dc,27,ely_y2569_id_a7827d7e-dbe3-4c25-98db-66762039e65b,565,0.8255285574436376,7,139651,68441,3275
2569,pv_32_z_4,pv_32,,,4,ely_y2569_id_b6a2dc38-6f7d-4865-a6e0-a1b60a2edf32,,30,ely_y2569_id_d5103781-935d-4a47-be9c-a161d7db426a,463,0.6764950833564676,8,139651,68441,3275
2569,pv_32_z_4,pv_32,,,4,ely_y2569_id_339fa187-133c-4766-a6c2-36d1b32cda8f,339fa187-133c-4766-a6c2-36d1b32cda8f,23,ely_y2569_id_522e09ff-647a-49f3-b54b-33af51052f97,343,0.5011615844303853,9,139651,68441,3275
2569,pv_32_z_4,pv_32,,,4,ely_y2569_id_115da917-bf32-4e96-a2ae-b7818d0909ee,115da917-bf32-4e96-a2ae-b7818d0909ee,6,ely_y2569_id_11cb3495-7319-406a-b34a-8e2da5f0d4e3,319,0.4660948846451688,10,139651,68441,3275
2569,pv_32_z_4,pv_32,,,4,ely_y2569_id_43053588-eac7-4f7a-9dcd-dba51eeceaed,,18,ely_y2569_id_38b9ab64-bfc4-49e2-ac86-5e295a4c02b1,280,0.40911149749419207,11,139651,68441,3275
2569,pv_26_z_1,pv_26,,,1,ely_y2569_id_a62aca08-91b7-4f3f-ba8f-cb9e884a3799,a62aca08-91b7-4f3f-ba8f-cb9e884a3799,42,ely_y2569_id_1357774a-6211-47c4-9bc9-4f544fc9feb8,30340,44.34181488680707,1,104054,68423,4249
2569,pv_26_z_1,pv_26,,,1,ely_y2569_id_013c219e-e197-416d-84ea-00ba9c35465e,013c219e-e197-416d-84ea-00ba9c35465e,37,ely_y2569_id_aaf561c0-5aef-4064-9a7b-049893a1b4fd,27289,39.88278795141984,2,104054,68423,4249
2569,pv_26_z_1,pv_26,,,1,ely_y2569_id_1116011c-1ef3-4cca-a186-c1b9f7984ede,1116011c-1ef3-4cca-a186-c1b9f7984ede,46,ely_y2569_id_39cc6d63-ac1f-4dd5-8571-9f0fa6ef270c,8948,13.07747394881838,3,104054,68423,4249
2569,pv_26_z_1,pv_26,,,1,ely_y2569_id_115da917-bf32-4e96-a2ae-b7818d0909ee,115da917-bf32-4e96-a2ae-b7818d0909ee,6,ely_y2569_id_a42ff596-2cee-46f3-aab5-dc2065bc648b,1096,1.6018005641377902,4,104054,68423,4249
2569,pv_26_z_1,pv_26,,,1,ely_y2569_id_d7155f6d-736d-42c0-8bc0-00ee6e1970dc,d7155f6d-736d-42c0-8bc0-00ee6e1970dc,27,ely_y2569_id_37c16008-b0f8-45a0-a158-507bad2937c4,750,1.0961226488169182,5,104054,68423,4249
2569,pv_30_z_7,pv_30,,,7,ely_y2569_id_2d8a1c84-0bc8-4377-965d-c020a0097c27,2d8a1c84-0bc8-4377-965d-c020a0097c27,9,ely_y2569_id_7bb228b5-a948-45f7-b17f-2e92d5162932,37355,54.7013428224165,1,131810,68289,4207
2569,pv_30_z_7,pv_30,,,7,ely_y2569_id_013c219e-e197-416d-84ea-00ba9c35465e,013c219e-e197-416d-84ea-00ba9c35465e,37,ely_y2569_id_8d9520cc-f863-427d-9159-6c3555d84a7b,19170,28.07187101875851,2,131810,68289,4207
2569,pv_30_z_7,pv_30,,,7,ely_y2569_id_1116011c-1ef3-4cca-a186-c1b9f7984ede,1116011c-1ef3-4cca-a186-c1b9f7984ede,46,ely_y2569_id_f13f424a-1384-4aac-994b-371997233ca1,8931,13.07824100513992,3,131810,68289,4207
2569,pv_30_z_7,pv_30,,,7,ely_y2569_id_0c044088-618b-49af-a291-fb28ffe9e0f8,0c044088-618b-49af-a291-fb28ffe9e0f8,11,ely_y2569_id_2c7722b6-48d2-4fe5-9593-ec2f36ba3345,1309,1.9168533731640527,4,131810,68289,4207
2569,pv_30_z_7,pv_30,,,7,ely_y2569_id_d7155f6d-736d-42c0-8bc0-00ee6e1970dc,d7155f6d-736d-42c0-8bc0-00ee6e1970dc,27,ely_y2569_id_bdd0a703-9e73-429b-bd4e-70bf01f64027,757,1.1085240668336043,5,131810,68289,4207
2569,pv_30_z_7,pv_30,,,7,ely_y2569_id_a62aca08-91b7-4f3f-ba8f-cb9e884a3799,a62aca08-91b7-4f3f-ba8f-cb9e884a3799,42,ely_y2569_id_58bf4b07-ad8e-4e9c-99d8-26b3ef4355ee,303,0.44370249967051795,6,131810,68289,4207
2569,pv_30_z_7,pv_30,,,7,ely_y2569_id_965b4b93-c01e-4a2b-a987-577f2b99ebb4,965b4b93-c01e-4a2b-a987-577f2b99ebb4,49,ely_y2569_id_1b247f0a-2e5d-411f-9596-84797acf06bf,277,0.4056290178506055,7,131810,68289,4207
2569,pv_30_z_7,pv_30,,,7,ely_y2569_id_cb222672-cb24-4115-8454-75d3a2e14c91,,40,ely_y2569_id_37f2711b-351e-42e1-b414-2045c745dd18,140,0.2050110559533746,8,131810,68289,4207
2569,pv_30_z_7,pv_30,,,7,ely_y2569_id_7255d2d0-1f49-4fd8-adad-7acfea2d5126,7255d2d0-1f49-4fd8-adad-7acfea2d5126,56,ely_y2569_id_b87010fd-3582-46c7-8b44-4296e4bfd9be,47,0.06882514021291862,9,131810,68289,4207
2569,pv_41_z_3,pv_41,,,3,ely_y2569_id_013c219e-e197-416d-84ea-00ba9c35465e,013c219e-e197-416d-84ea-00ba9c35465e,37,ely_y2569_id_c2435d3b-7245-4c52-b9c2-fb5f5ee1732e,30573,44.86923596231178,1,125830,68138,3757
2569,pv_41_z_3,pv_41,,,3,ely_y2569_id_2d8a1c84-0bc8-4377-965d-c020a0097c27,2d8a1c84-0bc8-4377-965d-c020a0097c27,9,ely_y2569_id_45978512-42ab-4193-b25e-ae2abefd7486,25549,37.49596407291086,2,125830,68138,3757
2569,pv_41_z_3,pv_41,,,3,ely_y2569_id_1116011c-1ef3-4cca-a186-c1b9f7984ede,1116011c-1ef3-4cca-a186-c1b9f7984ede,46,ely_y2569_id_4b33e16b-c916-4ce3-811c-eaad354fb398,9253,13.579793947576976,3,125830,68138,3757
2569,pv_41_z_3,pv_41,,,3,ely_y2569_id_03347cbc-6089-474c-a3f6-484ae981c9a6,03347cbc-6089-474c-a3f6-484ae981c9a6,43,ely_y2569_id_fcf94f56-bf36-4b22-b164-be5d261d1fe4,1413,2.0737327188940093,4,125830,68138,3757
2569,pv_41_z_3,pv_41,,,3,ely_y2569_id_0c044088-618b-49af-a291-fb28ffe9e0f8,0c044088-618b-49af-a291-fb28ffe9e0f8,11,ely_y2569_id_d2255d6b-59ea-48f4-b22e-d831e72d53cc,536,0.786638879920162,5,125830,68138,3757
2569,pv_41_z_3,pv_41,,,3,ely_y2569_id_115da917-bf32-4e96-a2ae-b7818d0909ee,115da917-bf32-4e96-a2ae-b7818d0909ee,6,ely_y2569_id_426e8c40-858b-4381-bcc5-c9246bf32556,299,0.4388153453285979,6,125830,68138,3757
2569,pv_41_z_3,pv_41,,,3,ely_y2569_id_d1964fe3-2dd0-43d5-a190-77fbfaf586b2,,8,ely_y2569_id_c7813cc1-9bc3-4111-8237-34efc28f95c5,186,0.27297543221110104,7,125830,68138,3757
2569,pv_41_z_3,pv_41,,,3,ely_y2569_id_965b4b93-c01e-4a2b-a987-577f2b99ebb4,965b4b93-c01e-4a2b-a987-577f2b99ebb4,49,ely_y2569_id_947a1c81-4b39-459c-9576-80958ef7ccbf,166,0.24362323519915466,8,125830,68138,3757
2569,pv_41_z_3,pv_41,,,3,ely_y2569_id_d7155f6d-736d-42c0-8bc0-00ee6e1970dc,d7155f6d-736d-42c0-8bc0-00ee6e1970dc,27,ely_y2569_id_760bc9b2-6f75-4b26-8408-82c6cceaacc9,163,0.23922040564736272,9,125830,68138,3757
2569,pv_10_z_17,pv_10,,,17,ely_y2569_id_1116011c-1ef3-4cca-a186-c1b9f7984ede,1116011c-1ef3-4cca-a186-c1b9f7984ede,46,ely_y2569_id_024001ce-e928-425c-8adf-099aa8370034,27187,39.90752293577982,1,120704,70229,2098
2569,pv_10_z_17,pv_10,,,17,ely_y2569_id_013c219e-e197-416d-84ea-00ba9c35465e,013c219e-e197-416d-84ea-00ba9c35465e,37,ely_y2569_id_6e6e978b-8e2d-405b-941e-574d27903cd4,15271,22.416146788990826,2,120704,70229,2098
2569,pv_10_z_17,pv_10,,,17,ely_y2569_id_2d8a1c84-0bc8-4377-965d-c020a0097c27,2d8a1c84-0bc8-4377-965d-c020a0097c27,9,ely_y2569_id_cd73ba64-039a-42f6-814c-6a1e474803f9,11793,17.310825688073393,3,120704,70229,2098
2569,pv_10_z_17,pv_10,,,17,ely_y2569_id_d7155f6d-736d-42c0-8bc0-00ee6e1970dc,d7155f6d-736d-42c0-8bc0-00ee6e1970dc,27,ely_y2569_id_1d2df60c-bcf8-4f0e-a504-15cc16085b5f,5263,7.725504587155964,4,120704,70229,2098
2569,pv_10_z_17,pv_10,,,17,ely_y2569_id_965b4b93-c01e-4a2b-a987-577f2b99ebb4,965b4b93-c01e-4a2b-a987-577f2b99ebb4,49,ely_y2569_id_028093b0-3287-4dd9-b2c7-e274329f0fce,1848,2.7126605504587156,5,120704,70229,2098
2569,pv_10_z_17,pv_10,,,17,ely_y2569_id_115da917-bf32-4e96-a2ae-b7818d0909ee,115da917-bf32-4e96-a2ae-b7818d0909ee,6,ely_y2569_id_42885441-da3f-49da-91c0-068895b9b4af,1523,2.2355963302752295,6,120704,70229,2098
2569,pv_10_z_17,pv_10,,,17,ely_y2569_id_0c044088-618b-49af-a291-fb28ffe9e0f8,0c044088-618b-49af-a291-fb28ffe9e0f8,11,ely_y2569_id_3c27d313-9795-4d60-95df-6399971443c8,1313,1.9273394495412846,7,120704,70229,2098
2569,pv_10_z_17,pv_10,,,17,ely_y2569_id_03347cbc-6089-474c-a3f6-484ae981c9a6,03347cbc-6089-474c-a3f6-484ae981c9a6,43,ely_y2569_id_2badb709-e53e-4883-bc51-a1b091d83b76,814,1.194862385321101,8,120704,70229,2098
2569,pv_10_z_17,pv_10,,,17,ely_y2569_id_cb1b6cf2-41fa-49b1-a060-01acf13edc81,cb1b6cf2-41fa-49b1-a060-01acf13edc81,48,ely_y2569_id_94e24404-83eb-4c22-862e-0ec87ad3b231,739,1.084770642201835,9,120704,70229,2098
2569,pv_10_z_17,pv_10,,,17,ely_y2569_id_b6a2dc38-6f7d-4865-a6e0-a1b60a2edf32,,30,ely_y2569_id_02e285d4-ccf7-4fec-9b0d-29463199b221,705,1.034862385321101,10,120704,70229,2098
2569,pv_10_z_17,pv_10,,,17,ely_y2569_id_a62aca08-91b7-4f3f-ba8f-cb9e884a3799,a62aca08-91b7-4f3f-ba8f-cb9e884a3799,42,ely_y2569_id_76a1a20a-f098-415b-85c9-7e1cf3e5f50d,486,0.713394495412844,11,120704,70229,2098
2569,pv_10_z_17,pv_10,,,17,ely_y2569_id_2ee17641-917b-4ea0-8c19-da383e03e915,2ee17641-917b-4ea0-8c19-da383e03e915,44,ely_y2569_id_ee7adb48-41c4-47bc-9980-deae5b7081c2,402,0.590091743119266,12,120704,70229,2098
2569,pv_10_z_17,pv_10,,,17,ely_y2569_id_c126e4e4-be85-44e6-bf3e-f9331b9f91a9,c126e4e4-be85-44e6-bf3e-f9331b9f91a9,24,ely_y2569_id_529000ec-7617-4905-a12d-75b1ea540841,342,0.5020183486238532,13,120704,70229,2098
2569,pv_10_z_17,pv_10,,,17,ely_y2569_id_339fa187-133c-4766-a6c2-36d1b32cda8f,339fa187-133c-4766-a6c2-36d1b32cda8f,23,ely_y2569_id_1c10d35f-87ff-48a0-bb38-0b110e1207de,232,0.34055045871559636,14,120704,70229,2098
2569,pv_10_z_17,pv_10,,,17,ely_y2569_id_7255d2d0-1f49-4fd8-adad-7acfea2d5126,7255d2d0-1f49-4fd8-adad-7acfea2d5126,56,ely_y2569_id_c3cbdc4c-4e53-452e-b4a8-3c41bc14d545,207,0.3038532110091743,15,120704,70229,2098
2569,pv_32_z_5,pv_32,,,5,ely_y2569_id_013c219e-e197-416d-84ea-00ba9c35465e,013c219e-e197-416d-84ea-00ba9c35465e,37,ely_y2569_id_52a27851-e871-4162-b129-d5690502dd9e,37432,55.154122708787646,1,135554,67868,4101
2569,pv_32_z_5,pv_32,,,5,ely_y2569_id_a62aca08-91b7-4f3f-ba8f-cb9e884a3799,a62aca08-91b7-4f3f-ba8f-cb9e884a3799,42,ely_y2569_id_d93ec901-80b2-4aa6-824e-66b96a7f40f8,16211,23.886072965167678,2,135554,67868,4101
2569,pv_32_z_5,pv_32,,,5,ely_y2569_id_1116011c-1ef3-4cca-a186-c1b9f7984ede,1116011c-1ef3-4cca-a186-c1b9f7984ede,46,ely_y2569_id_48df93fb-517c-464d-9972-a6a94a5174b1,7299,10.754700300583487,3,135554,67868,4101
2569,pv_32_z_5,pv_32,,,5,ely_y2569_id_2d8a1c84-0bc8-4377-965d-c020a0097c27,2d8a1c84-0bc8-4377-965d-c020a0097c27,9,ely_y2569_id_422715cf-1cef-47aa-9588-8149a990847e,4962,7.31125125243119,4,135554,67868,4101
2569,pv_32_z_5,pv_32,,,5,ely_y2569_id_b6a2dc38-6f7d-4865-a6e0-a1b60a2edf32,,30,ely_y2569_id_a17a6123-08a5-4927-a6cd-8f0668c666e4,649,0.95626804974362,5,135554,67868,4101
2569,pv_32_z_5,pv_32,,,5,ely_y2569_id_0c044088-618b-49af-a291-fb28ffe9e0f8,0c044088-618b-49af-a291-fb28ffe9e0f8,11,ely_y2569_id_8da7b721-7ddb-4711-a16d-7ddf13026b0b,343,0.5053928213591088,6,135554,67868,4101
2569,pv_32_z_5,pv_32,,,5,ely_y2569_id_339fa187-133c-4766-a6c2-36d1b32cda8f,339fa187-133c-4766-a6c2-36d1b32cda8f,23,ely_y2569_id_f6fd8d16-18fd-4e25-88d0-22eb68de9c21,255,0.3757293569870926,7,135554,67868,4101
2569,pv_32_z_5,pv_32,,,5,ely_y2569_id_43053588-eac7-4f7a-9dcd-dba51eeceaed,,18,ely_y2569_id_9f7b6f84-ffc9-4b63-837c-ce6ebd958a44,216,0.318264867094949,8,135554,67868,4101
2569,pv_32_z_5,pv_32,,,5,ely_y2569_id_f37e9d3e-7bd9-4c83-a960-a6a05547c5b4,,34,ely_y2569_id_e21a8329-0740-4602-9c57-52c7f719f4b7,215,0.3167914186361761,9,135554,67868,4101
2569,pv_32_z_5,pv_32,,,5,ely_y2569_id_d7155f6d-736d-42c0-8bc0-00ee6e1970dc,d7155f6d-736d-42c0-8bc0-00ee6e1970dc,27,ely_y2569_id_ec105889-f17e-4079-b21c-47f1e5aec1d2,190,0.2799552071668533,10,135554,67868,4101
2569,pv_32_z_5,pv_32,,,5,ely_y2569_id_115da917-bf32-4e96-a2ae-b7818d0909ee,115da917-bf32-4e96-a2ae-b7818d0909ee,6,ely_y2569_id_62669ffd-6b7d-4e42-a92b-def769175755,96,0.14145105204219954,11,135554,67868,4101
2569,pv_47_z_6,pv_47,,,6,ely_y2569_id_013c219e-e197-416d-84ea-00ba9c35465e,013c219e-e197-416d-84ea-00ba9c35465e,37,ely_y2569_id_e26ca2e3-173c-480e-816d-693b37bd8e95,32790,48.33360357306054,1,130056,72552,3018
2569,pv_47_z_6,pv_47,,,6,ely_y2569_id_2d8a1c84-0bc8-4377-965d-c020a0097c27,2d8a1c84-0bc8-4377-965d-c020a0097c27,9,ely_y2569_id_af8928c4-367d-4a93-ad40-ed21e5faf8bf,21434,31.594463525007,2,130056,72552,3018
2569,pv_47_z_6,pv_47,,,6,ely_y2569_id_1116011c-1ef3-4cca-a186-c1b9f7984ede,1116011c-1ef3-4cca-a186-c1b9f7984ede,46,ely_y2569_id_c127bf1e-c992-48ce-8fa9-84217031e570,11271,16.613847083621998,3,130056,72552,3018
2569,pv_47_z_6,pv_47,,,6,ely_y2569_id_0c044088-618b-49af-a291-fb28ffe9e0f8,0c044088-618b-49af-a291-fb28ffe9e0f8,11,ely_y2569_id_ea39b89b-f2bf-4616-a9ba-d99fa9cac505,763,1.1246886101325158,4,130056,72552,3018
2569,pv_47_z_6,pv_47,,,6,ely_y2569_id_115da917-bf32-4e96-a2ae-b7818d0909ee,115da917-bf32-4e96-a2ae-b7818d0909ee,6,ely_y2569_id_1dca4ca4-73d8-4192-acb5-35f34630dbee,712,1.0495128314735926,5,130056,72552,3018
2569,pv_47_z_6,pv_47,,,6,ely_y2569_id_d7155f6d-736d-42c0-8bc0-00ee6e1970dc,d7155f6d-736d-42c0-8bc0-00ee6e1970dc,27,ely_y2569_id_ee6a7afc-307d-4d06-b24f-91263d29e29f,428,0.6308869267846877,6,130056,72552,3018
2569,pv_47_z_6,pv_47,,,6,ely_y2569_id_a62aca08-91b7-4f3f-ba8f-cb9e884a3799,a62aca08-91b7-4f3f-ba8f-cb9e884a3799,42,ely_y2569_id_80080793-6bdf-42ca-9a85-756c607f77de,264,0.3891452071756018,7,130056,72552,3018
2569,pv_47_z_6,pv_47,,,6,ely_y2569_id_03347cbc-6089-474c-a3f6-484ae981c9a6,03347cbc-6089-474c-a3f6-484ae981c9a6,43,ely_y2569_id_c9ca7418-f5a1-44e5-b49c-db47d9d04db2,179,0.2638522427440633,8,130056,72552,3018
2569,pv_33_z_4,pv_33,,,4,ely_y2569_id_013c219e-e197-416d-84ea-00ba9c35465e,013c219e-e197-416d-84ea-00ba9c35465e,37,ely_y2569_id_c5e5a6d6-25e9-400d-ac2e-371c3217037d,38705,57.09375737550153,1,122479,67792,4303
2569,pv_33_z_4,pv_33,,,4,ely_y2569_id_a62aca08-91b7-4f3f-ba8f-cb9e884a3799,a62aca08-91b7-4f3f-ba8f-cb9e884a3799,42,ely_y2569_id_a8988b6d-72d7-48fb-8379-c443488df17d,18545,27.35573518999292,2,122479,67792,4303
2569,pv_33_z_4,pv_33,,,4,ely_y2569_id_1116011c-1ef3-4cca-a186-c1b9f7984ede,1116011c-1ef3-4cca-a186-c1b9f7984ede,46,ely_y2569_id_0b4b4758-d701-4c4e-8bc1-0fa5b9eb9a7e,5594,8.251711116355914,3,122479,67792,4303
2569,pv_33_z_4,pv_33,,,4,ely_y2569_id_2d8a1c84-0bc8-4377-965d-c020a0097c27,2d8a1c84-0bc8-4377-965d-c020a0097c27,9,ely_y2569_id_acbaff20-befa-45ad-8b84-b2b74bf9cf08,2961,4.367772008496578,4,122479,67792,4303
2569,pv_33_z_4,pv_33,,,4,ely_y2569_id_0c044088-618b-49af-a291-fb28ffe9e0f8,0c044088-618b-49af-a291-fb28ffe9e0f8,11,ely_y2569_id_d6aadb4e-edf4-4f65-b24a-b1ff43e12eb8,832,1.2272834552749587,5,122479,67792,4303
2569,pv_33_z_4,pv_33,,,4,ely_y2569_id_115da917-bf32-4e96-a2ae-b7818d0909ee,115da917-bf32-4e96-a2ae-b7818d0909ee,6,ely_y2569_id_6cfb631c-ecb7-40e4-be16-7d5b34cb42f5,452,0.6667453386830304,6,122479,67792,4303
2569,pv_33_z_4,pv_33,,,4,ely_y2569_id_7ffe2115-72d1-4d71-9962-03ff61afc67c,,31,ely_y2569_id_a9324e77-9a1b-4c05-bc14-3388e65d2212,324,0.47793249940995985,7,122479,67792,4303
2569,pv_33_z_4,pv_33,,,4,ely_y2569_id_d7155f6d-736d-42c0-8bc0-00ee6e1970dc,d7155f6d-736d-42c0-8bc0-00ee6e1970dc,27,ely_y2569_id_7a7a7013-d1ae-40c3-ac65-0438fd83825e,218,0.3215718668869483,8,122479,67792,4303
2569,pv_33_z_4,pv_33,,,4,ely_y2569_id_03347cbc-6089-474c-a3f6-484ae981c9a6,03347cbc-6089-474c-a3f6-484ae981c9a6,43,ely_y2569_id_3e6038f6-c1a6-475f-b65b-2adb5f5c7568,84,0.12390842577295255,9,122479,67792,4303
2569,pv_33_z_4,pv_33,,,4,ely_y2569_id_339fa187-133c-4766-a6c2-36d1b32cda8f,339fa187-133c-4766-a6c2-36d1b32cda8f,23,ely_y2569_id_e5bfd634-fdca-4bd4-afce-90e1cd4b87af,77,0.11358272362520651,10,122479,67792,4303
2569,pv_64_z_2,pv_64,,,2,ely_y2569_id_2d8a1c84-0bc8-4377-965d-c020a0097c27,2d8a1c84-0bc8-4377-965d-c020a0097c27,9,ely_y2569_id_fc920f75-2929-44e6-a3be-881ed6af3daf,31272,46.166792151999644,1,118323,67737,4968
2569,pv_64_z_2,pv_64,,,2,ely_y2569_id_1116011c-1ef3-4cca-a186-c1b9f7984ede,1116011c-1ef3-4cca-a186-c1b9f7984ede,46,ely_y2569_id_0b530ad8-2a9b-476d-a920-03ee08a9c9ba,18338,27.072353366697673,2,118323,67737,4968
2569,pv_64_z_2,pv_64,,,2,ely_y2569_id_d7155f6d-736d-42c0-8bc0-00ee6e1970dc,d7155f6d-736d-42c0-8bc0-00ee6e1970dc,27,ely_y2569_id_af522460-d894-48e7-87a3-4f3ba9c218e8,13006,19.20073224382538,3,118323,67737,4968
2569,pv_64_z_2,pv_64,,,2,ely_y2569_id_a62aca08-91b7-4f3f-ba8f-cb9e884a3799,a62aca08-91b7-4f3f-ba8f-cb9e884a3799,42,ely_y2569_id_5ca529d7-4ae4-4a33-976a-4dd0d5ca7585,2093,3.089891787354031,4,118323,67737,4968
2569,pv_64_z_2,pv_64,,,2,ely_y2569_id_013c219e-e197-416d-84ea-00ba9c35465e,013c219e-e197-416d-84ea-00ba9c35465e,37,ely_y2569_id_eb0c938c-e121-4c63-adfb-65bebb2c6452,1496,2.208541860430784,5,118323,67737,4968
2569,pv_64_z_2,pv_64,,,2,ely_y2569_id_0c044088-618b-49af-a291-fb28ffe9e0f8,0c044088-618b-49af-a291-fb28ffe9e0f8,11,ely_y2569_id_03207f4b-dbbf-4de1-9620-c507cd522ef8,830,1.2253273690892716,6,118323,67737,4968
2569,pv_64_z_2,pv_64,,,2,ely_y2569_id_115da917-bf32-4e96-a2ae-b7818d0909ee,115da917-bf32-4e96-a2ae-b7818d0909ee,6,ely_y2569_id_131c60a8-f09d-4043-a8c5-bb3b6e6a5f37,491,0.7248623352082318,7,118323,67737,4968
2569,pv_64_z_2,pv_64,,,2,ely_y2569_id_7255d2d0-1f49-4fd8-adad-7acfea2d5126,7255d2d0-1f49-4fd8-adad-7acfea2d5126,56,ely_y2569_id_052ea2aa-5c36-4b00-b574-430ab437c57c,211,0.31149888539498355,8,118323,67737,4968
2569,pv_55_z_3,pv_55,,,3,ely_y2569_id_1116011c-1ef3-4cca-a186-c1b9f7984ede,1116011c-1ef3-4cca-a186-c1b9f7984ede,46,ely_y2569_id_043f4b33-0c83-4f66-9778-96099b783935,20029,29.580127305755344,1,119741,69495,4982
2569,pv_55_z_3,pv_55,,,3,ely_y2569_id_2d8a1c84-0bc8-4377-965d-c020a0097c27,2d8a1c84-0bc8-4377-965d-c020a0097c27,9,ely_y2569_id_c6d6aee1-caab-4987-870c-4d746528b748,14516,21.438171050494013,2,119741,69495,4982
2569,pv_55_z_3,pv_55,,,3,ely_y2569_id_a62aca08-91b7-4f3f-ba8f-cb9e884a3799,a62aca08-91b7-4f3f-ba8f-cb9e884a3799,42,ely_y2569_id_ff8038be-be48-4706-99b7-635dccb1ceb9,10898,16.094873801893343,3,119741,69495,4982
2569,pv_55_z_3,pv_55,,,3,ely_y2569_id_013c219e-e197-416d-84ea-00ba9c35465e,013c219e-e197-416d-84ea-00ba9c35465e,37,ely_y2569_id_4f605def-de4d-4740-a9c9-5d053aaa5725,5965,8.809499195108623,4,119741,69495,4982
2569,pv_55_z_3,pv_55,,,3,ely_y2569_id_03347cbc-6089-474c-a3f6-484ae981c9a6,03347cbc-6089-474c-a3f6-484ae981c9a6,43,ely_y2569_id_8f48f925-20c5-4ec0-9492-1efaa8695c3f,5051,7.459644666302373,5,119741,69495,4982
2569,pv_55_z_3,pv_55,,,3,ely_y2569_id_965b4b93-c01e-4a2b-a987-577f2b99ebb4,965b4b93-c01e-4a2b-a987-577f2b99ebb4,49,ely_y2569_id_b1851e19-3cf9-40c1-b2ea-105557c2beef,5004,7.390232015477544,6,119741,69495,4982
2569,pv_55_z_3,pv_55,,,3,ely_y2569_id_f9cadd57-8256-49aa-9386-0da392b19fc2,f9cadd57-8256-49aa-9386-0da392b19fc2,29,ely_y2569_id_67c1b64b-73e5-4479-9df7-b022861b3518,2567,3.7911122269646,7,119741,69495,4982
2569,pv_55_z_3,pv_55,,,3,ely_y2569_id_d7155f6d-736d-42c0-8bc0-00ee6e1970dc,d7155f6d-736d-42c0-8bc0-00ee6e1970dc,27,ely_y2569_id_224ffd79-a9f4-4832-b2af-dbb595a9cc06,1366,2.0173974686535425,8,119741,69495,4982
2569,pv_55_z_3,pv_55,,,3,ely_y2569_id_2ee17641-917b-4ea0-8c19-da383e03e915,2ee17641-917b-4ea0-8c19-da383e03e915,44,ely_y2569_id_5ceb4d79-a1b5-4e70-945b-ab2c509ff985,1189,1.7559923793770582,9,119741,69495,4982
2569,pv_55_z_3,pv_55,,,3,ely_y2569_id_115da917-bf32-4e96-a2ae-b7818d0909ee,115da917-bf32-4e96-a2ae-b7818d0909ee,6,ely_y2569_id_6988c098-e27e-4b0e-b13b-ade1b5405a43,1126,1.662949889973564,10,119741,69495,4982
2569,pv_41_z_8,pv_41,,,8,ely_y2569_id_013c219e-e197-416d-84ea-00ba9c35465e,013c219e-e197-416d-84ea-00ba9c35465e,37,ely_y2569_id_d68876c7-7056-445e-9264-2b0c25b85dde,36105,53.420036397532066,1,122696,67587,4154
2569,pv_41_z_8,pv_41,,,8,ely_y2569_id_1116011c-1ef3-4cca-a186-c1b9f7984ede,1116011c-1ef3-4cca-a186-c1b9f7984ede,46,ely_y2569_id_53a77fa5-c330-4f26-b075-e57869024878,13396,19.820379658810126,2,122696,67587,4154
2569,pv_41_z_8,pv_41,,,8,ely_y2569_id_2d8a1c84-0bc8-4377-965d-c020a0097c27,2d8a1c84-0bc8-4377-965d-c020a0097c27,9,ely_y2569_id_835162ca-a5a5-4951-bb2c-ec8cc94b1d31,11944,17.672037522008672,3,122696,67587,4154
2569,pv_41_z_8,pv_41,,,8,ely_y2569_id_a62aca08-91b7-4f3f-ba8f-cb9e884a3799,a62aca08-91b7-4f3f-ba8f-cb9e884a3799,42,ely_y2569_id_82099759-8fcf-45ea-8550-789cb06cfd58,1780,2.633642564398479,4,122696,67587,4154
2569,pv_41_z_8,pv_41,,,8,ely_y2569_id_0c044088-618b-49af-a291-fb28ffe9e0f8,0c044088-618b-49af-a291-fb28ffe9e0f8,11,ely_y2569_id_84d9cbc7-debf-4e0a-ae71-a7fd1ef945c2,1656,2.4501753295752144,5,122696,67587,4154
2569,pv_41_z_8,pv_41,,,8,ely_y2569_id_d7155f6d-736d-42c0-8bc0-00ee6e1970dc,d7155f6d-736d-42c0-8bc0-00ee6e1970dc,27,ely_y2569_id_bc15ddf3-777a-4d50-bad2-4652b1863a64,802,1.1866187284536966,6,122696,67587,4154
2569,pv_41_z_8,pv_41,,,8,ely_y2569_id_965b4b93-c01e-4a2b-a987-577f2b99ebb4,965b4b93-c01e-4a2b-a987-577f2b99ebb4,49,ely_y2569_id_772d636d-7a29-455c-81cf-dfb20f4acae8,695,1.0283042596949117,7,122696,67587,4154
2569,pv_41_z_8,pv_41,,,8,ely_y2569_id_d1964fe3-2dd0-43d5-a190-77fbfaf586b2,,8,ely_y2569_id_5df91ba5-6e8e-43e9-ad02-db062129bdf3,606,0.8966221314749877,8,122696,67587,4154
2569,pv_41_z_8,pv_41,,,8,ely_y2569_id_03347cbc-6089-474c-a3f6-484ae981c9a6,03347cbc-6089-474c-a3f6-484ae981c9a6,43,ely_y2569_id_a31cb8fe-a960-4a90-9af7-e1184ec0135e,379,0.5607587257904626,9,122696,67587,4154
2569,pv_41_z_8,pv_41,,,8,ely_y2569_id_115da917-bf32-4e96-a2ae-b7818d0909ee,115da917-bf32-4e96-a2ae-b7818d0909ee,6,ely_y2569_id_ea9ab896-2958-4eca-ab4d-e34573456dc1,224,0.3314246822613816,10,122696,67587,4154
2569,pv_42_z_4,pv_42,,,4,ely_y2569_id_2d8a1c84-0bc8-4377-965d-c020a0097c27,2d8a1c84-0bc8-4377-965d-c020a0097c27,9,ely_y2569_id_a69c2583-2d0d-4499-b5a8-0652c0768650,28118,41.7664359347613,1,123891,69494,6039
2569,pv_42_z_4,pv_42,,,4,ely_y2569_id_1116011c-1ef3-4cca-a186-c1b9f7984ede,1116011c-1ef3-4cca-a186-c1b9f7984ede,46,ely_y2569_id_76e9d2b9-ff8b-4c41-a415-92e58306de76,17103,25.404771100086155,2,123891,69494,6039
2569,pv_42_z_4,pv_42,,,4,ely_y2569_id_03347cbc-6089-474c-a3f6-484ae981c9a6,03347cbc-6089-474c-a3f6-484ae981c9a6,43,ely_y2569_id_b82ec9ed-05e6-473e-96e3-227866f29db9,6766,10.050206470396008,3,123891,69494,6039
2569,pv_42_z_4,pv_42,,,4,ely_y2569_id_d7155f6d-736d-42c0-8bc0-00ee6e1970dc,d7155f6d-736d-42c0-8bc0-00ee6e1970dc,27,ely_y2569_id_b79f18d5-2285-4a6a-9c64-048403c78f3a,3645,5.4142776506936805,4,123891,69494,6039
2569,pv_42_z_4,pv_42,,,4,ely_y2569_id_2ee17641-917b-4ea0-8c19-da383e03e915,2ee17641-917b-4ea0-8c19-da383e03e915,44,ely_y2569_id_8c73bdee-359d-4961-8f15-d5a927f6d800,3335,4.953804105641544,5,123891,69494,6039
2569,pv_42_z_4,pv_42,,,4,ely_y2569_id_a62aca08-91b7-4f3f-ba8f-cb9e884a3799,a62aca08-91b7-4f3f-ba8f-cb9e884a3799,42,ely_y2569_id_4ece2422-9e3a-4c43-a64a-0da27ae1cbcd,3286,4.8810195775526575,6,123891,69494,6039
2569,pv_42_z_4,pv_42,,,4,ely_y2569_id_013c219e-e197-416d-84ea-00ba9c35465e,013c219e-e197-416d-84ea-00ba9c35465e,37,ely_y2569_id_6532a85d-18a7-4305-949e-2874e7b42ee2,3163,4.698315558064229,7,123891,69494,6039
2569,pv_42_z_4,pv_42,,,4,ely_y2569_id_0c044088-618b-49af-a291-fb28ffe9e0f8,0c044088-618b-49af-a291-fb28ffe9e0f8,11,ely_y2569_id_93c064fc-ae41-4f17-bda9-cf6a6868be27,1906,2.8311696028044326,8,123891,69494,6039
2569,pv_33_z_7,pv_33,,,7,ely_y2569_id_2d8a1c84-0bc8-4377-965d-c020a0097c27,2d8a1c84-0bc8-4377-965d-c020a0097c27,9,ely_y2569_id_5c9dc757-950d-4908-ad80-c54c041ec9a0,31868,47.51949659275606,1,127528,67063,3957
2569,pv_33_z_7,pv_33,,,7,ely_y2569_id_013c219e-e197-416d-84ea-00ba9c35465e,013c219e-e197-416d-84ea-00ba9c35465e,37,ely_y2569_id_04ffa3d9-df02-4a34-86bb-2452f6e7e2f5,28597,42.641993349537,2,127528,67063,3957
2569,pv_33_z_7,pv_33,,,7,ely_y2569_id_1116011c-1ef3-4cca-a186-c1b9f7984ede,1116011c-1ef3-4cca-a186-c1b9f7984ede,46,ely_y2569_id_1988c0f0-4f7a-4852-9cea-c388ed93762b,5509,8.214663823568882,3,127528,67063,3957
2569,pv_33_z_7,pv_33,,,7,ely_y2569_id_03347cbc-6089-474c-a3f6-484ae981c9a6,03347cbc-6089-474c-a3f6-484ae981c9a6,43,ely_y2569_id_ef140c53-1be4-4512-ac16-235a4f83e605,386,0.5755781876742764,4,127528,67063,3957
2569,pv_33_z_7,pv_33,,,7,ely_y2569_id_d7155f6d-736d-42c0-8bc0-00ee6e1970dc,d7155f6d-736d-42c0-8bc0-00ee6e1970dc,27,ely_y2569_id_322d4e01-5dba-467c-80ca-77512c552ed9,323,0.4816366699968686,5,127528,67063,3957
2569,pv_33_z_7,pv_33,,,7,ely_y2569_id_a62aca08-91b7-4f3f-ba8f-cb9e884a3799,a62aca08-91b7-4f3f-ba8f-cb9e884a3799,42,ely_y2569_id_11f43273-1641-4cff-b051-ee270c0e6ab8,184,0.2743688770260799,6,127528,67063,3957
2569,pv_33_z_7,pv_33,,,7,ely_y2569_id_d1964fe3-2dd0-43d5-a190-77fbfaf586b2,,8,ely_y2569_id_bfd05cc7-5810-4805-a9be-3682040c3b95,130,0.1938475761597304,7,127528,67063,3957
2569,pv_33_z_7,pv_33,,,7,ely_y2569_id_7ffe2115-72d1-4d71-9962-03ff61afc67c,,31,ely_y2569_id_70dc6200-d771-46f2-aaac-d36a8a6d617e,66,0.09841492328109391,8,127528,67063,3957
2569,pv_64_z_1,pv_64,,,1,ely_y2569_id_2d8a1c84-0bc8-4377-965d-c020a0097c27,2d8a1c84-0bc8-4377-965d-c020a0097c27,9,ely_y2569_id_f3c00d04-43bd-4e5b-af9f-446a806ea947,28967,43.22336123670114,1,118292,67515,4681
2569,pv_64_z_1,pv_64,,,1,ely_y2569_id_1116011c-1ef3-4cca-a186-c1b9f7984ede,1116011c-1ef3-4cca-a186-c1b9f7984ede,46,ely_y2569_id_79334ce0-c0a3-4454-83e8-dda39539bed6,19947,29.764089708581405,2,118292,67515,4681
2569,pv_64_z_1,pv_64,,,1,ely_y2569_id_d7155f6d-736d-42c0-8bc0-00ee6e1970dc,d7155f6d-736d-42c0-8bc0-00ee6e1970dc,27,ely_y2569_id_a0a62ef8-2549-4dba-999f-9c42b9cb0e8e,7944,11.853708760463762,3,118292,67515,4681
2569,pv_64_z_1,pv_64,,,1,ely_y2569_id_03347cbc-6089-474c-a3f6-484ae981c9a6,03347cbc-6089-474c-a3f6-484ae981c9a6,43,ely_y2569_id_cd109d47-0e79-4355-84b8-0df9234a35e8,5111,7.626423146365847,4,118292,67515,4681
2569,pv_64_z_1,pv_64,,,1,ely_y2569_id_013c219e-e197-416d-84ea-00ba9c35465e,013c219e-e197-416d-84ea-00ba9c35465e,37,ely_y2569_id_380e4b3b-a046-42e6-bef5-7bbe4331d164,2129,3.1768058850739362,5,118292,67515,4681
2569,pv_64_z_1,pv_64,,,1,ely_y2569_id_0c044088-618b-49af-a291-fb28ffe9e0f8,0c044088-618b-49af-a291-fb28ffe9e0f8,11,ely_y2569_id_f3ca0598-59df-4f51-9776-8dd305978b88,1284,1.9159317785039616,6,118292,67515,4681
2569,pv_64_z_1,pv_64,,,1,ely_y2569_id_a62aca08-91b7-4f3f-ba8f-cb9e884a3799,a62aca08-91b7-4f3f-ba8f-cb9e884a3799,42,ely_y2569_id_564d0426-055f-495a-8e42-1f4b79da8aab,1128,1.6831550203679664,7,118292,67515,4681
2569,pv_64_z_1,pv_64,,,1,ely_y2569_id_115da917-bf32-4e96-a2ae-b7818d0909ee,115da917-bf32-4e96-a2ae-b7818d0909ee,6,ely_y2569_id_5dc4b880-bc48-4d88-b654-b37b1521ed8b,507,0.7565244639419848,8,118292,67515,4681
2569,pv_33_z_6,pv_33,,,6,ely_y2569_id_013c219e-e197-416d-84ea-00ba9c35465e,013c219e-e197-416d-84ea-00ba9c35465e,37,ely_y2569_id_f1d2cb15-e3bb-46fa-a6dd-8f4a3906d285,26211,39.19284656907457,1,128761,66877,3930
2569,pv_33_z_6,pv_33,,,6,ely_y2569_id_2d8a1c84-0bc8-4377-965d-c020a0097c27,2d8a1c84-0bc8-4377-965d-c020a0097c27,9,ely_y2569_id_76b24ecc-7209-4f5a-a31c-94034cdbe829,25995,38.869865574113675,2,128761,66877,3930
2569,pv_33_z_6,pv_33,,,6,ely_y2569_id_1116011c-1ef3-4cca-a186-c1b9f7984ede,1116011c-1ef3-4cca-a186-c1b9f7984ede,46,ely_y2569_id_2261c4c4-552b-4b71-9ab0-f284ac4d3899,11686,17.473869940338233,3,128761,66877,3930
2569,pv_33_z_6,pv_33,,,6,ely_y2569_id_0c044088-618b-49af-a291-fb28ffe9e0f8,0c044088-618b-49af-a291-fb28ffe9e0f8,11,ely_y2569_id_ed0abe75-b38f-464c-aa8c-852b660b7ea6,1407,2.103862314398074,4,128761,66877,3930
2569,pv_33_z_6,pv_33,,,6,ely_y2569_id_a62aca08-91b7-4f3f-ba8f-cb9e884a3799,a62aca08-91b7-4f3f-ba8f-cb9e884a3799,42,ely_y2569_id_b2a8bb00-c99a-4629-80ee-a98c98acf713,454,0.6788582023715178,5,128761,66877,3930
2569,pv_33_z_6,pv_33,,,6,ely_y2569_id_d7155f6d-736d-42c0-8bc0-00ee6e1970dc,d7155f6d-736d-42c0-8bc0-00ee6e1970dc,27,ely_y2569_id_2aa773b7-8228-4c80-b09a-202af88515af,393,0.5876459769427457,6,128761,66877,3930
2569,pv_33_z_6,pv_33,,,6,ely_y2569_id_d1964fe3-2dd0-43d5-a190-77fbfaf586b2,,8,ely_y2569_id_571980b6-0ec9-4d97-a223-edfb9a4d277d,373,0.557740329261181,7,128761,66877,3930
2569,pv_33_z_6,pv_33,,,6,ely_y2569_id_115da917-bf32-4e96-a2ae-b7818d0909ee,115da917-bf32-4e96-a2ae-b7818d0909ee,6,ely_y2569_id_de31261d-6e1d-4fe2-840c-d2e64f95f4ce,358,0.5353110935000075,8,128761,66877,3930
2569,pv_53_z_3,pv_53,,,3,ely_y2569_id_2d8a1c84-0bc8-4377-965d-c020a0097c27,2d8a1c84-0bc8-4377-965d-c020a0097c27,9,ely_y2569_id_8c8f9cbc-3305-4a0e-aa59-a5b489f9ddaf,38074,57.014929843214176,1,123483,68267,4376
2569,pv_53_z_3,pv_53,,,3,ely_y2569_id_1116011c-1ef3-4cca-a186-c1b9f7984ede,1116011c-1ef3-4cca-a186-c1b9f7984ede,46,ely_y2569_id_d58bfbb6-23ff-40ac-b1c5-e27137acc7a4,17027,25.497536650743495,2,123483,68267,4376
2569,pv_53_z_3,pv_53,,,3,ely_y2569_id_013c219e-e197-416d-84ea-00ba9c35465e,013c219e-e197-416d-84ea-00ba9c35465e,37,ely_y2569_id_73d928b4-91cd-4657-8a81-7117f7889949,6504,9.73958879288399,3,123483,68267,4376
2569,pv_53_z_3,pv_53,,,3,ely_y2569_id_d7155f6d-736d-42c0-8bc0-00ee6e1970dc,d7155f6d-736d-42c0-8bc0-00ee6e1970dc,27,ely_y2569_id_eefca9a1-736e-41c5-bb18-f10f1f375feb,2729,4.086614055316791,4,123483,68267,4376
2569,pv_53_z_3,pv_53,,,3,ely_y2569_id_115da917-bf32-4e96-a2ae-b7818d0909ee,115da917-bf32-4e96-a2ae-b7818d0909ee,6,ely_y2569_id_fe149fb3-8244-4cd8-bbf9-8bfb42ba0f74,1077,1.6127824615522843,5,123483,68267,4376
2569,pv_53_z_3,pv_53,,,3,ely_y2569_id_a62aca08-91b7-4f3f-ba8f-cb9e884a3799,a62aca08-91b7-4f3f-ba8f-cb9e884a3799,42,ely_y2569_id_10bb80a0-1e3d-4078-a820-34896e5110fd,949,1.4211054373380854,6,123483,68267,4376
2569,pv_53_z_3,pv_53,,,3,ely_y2569_id_bdd306a2-80c7-4d7b-a7ff-8dc1ec9fcc76,bdd306a2-80c7-4d7b-a7ff-8dc1ec9fcc76,10,ely_y2569_id_465a0151-6fa4-4fcb-8819-b046fc73c122,419,0.6274427589511673,7,123483,68267,4376
2569,pv_41_z_9,pv_41,,,9,ely_y2569_id_2d8a1c84-0bc8-4377-965d-c020a0097c27,2d8a1c84-0bc8-4377-965d-c020a0097c27,9,ely_y2569_id_8ac87c18-b85d-40de-b70f-9a2b267f762d,27505,41.353439980755354,1,124827,67413,4683
2569,pv_41_z_9,pv_41,,,9,ely_y2569_id_a62aca08-91b7-4f3f-ba8f-cb9e884a3799,a62aca08-91b7-4f3f-ba8f-cb9e884a3799,42,ely_y2569_id_37cb6123-f926-4203-b761-024ab6fc226d,19751,29.695393312484963,2,124827,67413,4683
2569,pv_41_z_9,pv_41,,,9,ely_y2569_id_1116011c-1ef3-4cca-a186-c1b9f7984ede,1116011c-1ef3-4cca-a186-c1b9f7984ede,46,ely_y2569_id_31457e79-06b3-44bb-87a1-cea7b8ed48e1,14326,21.53897041135434,3,124827,67413,4683
2569,pv_41_z_9,pv_41,,,9,ely_y2569_id_013c219e-e197-416d-84ea-00ba9c35465e,013c219e-e197-416d-84ea-00ba9c35465e,37,ely_y2569_id_d1aab58b-5b57-4910-949f-6cc9acf9cb19,3123,4.695393312484965,4,124827,67413,4683
2569,pv_41_z_9,pv_41,,,9,ely_y2569_id_d7155f6d-736d-42c0-8bc0-00ee6e1970dc,d7155f6d-736d-42c0-8bc0-00ee6e1970dc,27,ely_y2569_id_5dd13f8b-7819-4207-9db7-e828d41f7c9f,669,1.0058335337984123,5,124827,67413,4683
2569,pv_41_z_9,pv_41,,,9,ely_y2569_id_115da917-bf32-4e96-a2ae-b7818d0909ee,115da917-bf32-4e96-a2ae-b7818d0909ee,6,ely_y2569_id_f2c6465f-0d37-426e-9559-0be7755091fa,643,0.9667428433966803,6,124827,67413,4683
2569,pv_41_z_9,pv_41,,,9,ely_y2569_id_965b4b93-c01e-4a2b-a987-577f2b99ebb4,965b4b93-c01e-4a2b-a987-577f2b99ebb4,49,ely_y2569_id_0c06a803-0c01-4d56-9f0b-3050442308dd,287,0.43150108251142655,7,124827,67413,4683
2569,pv_41_z_9,pv_41,,,9,ely_y2569_id_03347cbc-6089-474c-a3f6-484ae981c9a6,03347cbc-6089-474c-a3f6-484ae981c9a6,43,ely_y2569_id_80e9f631-c747-465b-8b34-ed854dcb6dd5,208,0.31272552321385616,8,124827,67413,4683
2569,pv_31_z_7,pv_31,,,7,ely_y2569_id_013c219e-e197-416d-84ea-00ba9c35465e,013c219e-e197-416d-84ea-00ba9c35465e,37,ely_y2569_id_50aa99b9-a0b4-4793-a83e-bd18d1344023,42445,64.02733361491583,1,123023,66292,3656
2569,pv_31_z_7,pv_31,,,7,ely_y2569_id_2d8a1c84-0bc8-4377-965d-c020a0097c27,2d8a1c84-0bc8-4377-965d-c020a0097c27,9,ely_y2569_id_1665a383-6634-4d3b-b0ec-22f7b6e814f9,12811,19.32510710191275,2,123023,66292,3656
2569,pv_31_z_7,pv_31,,,7,ely_y2569_id_1116011c-1ef3-4cca-a186-c1b9f7984ede,1116011c-1ef3-4cca-a186-c1b9f7984ede,46,ely_y2569_id_f0dcdaf3-09ee-46d1-9e04-13013ec4f920,8169,12.322753876787546,3,123023,66292,3656
2569,pv_31_z_7,pv_31,,,7,ely_y2569_id_0c044088-618b-49af-a291-fb28ffe9e0f8,0c044088-618b-49af-a291-fb28ffe9e0f8,11,ely_y2569_id_142d96df-aa6b-47f1-9212-b2d26393d0cc,766,1.155493875580764,4,123023,66292,3656
2569,pv_31_z_7,pv_31,,,7,ely_y2569_id_7ffe2115-72d1-4d71-9962-03ff61afc67c,,31,ely_y2569_id_29ece4a0-f21d-4523-a00a-b8ab4b4b1d7a,644,0.971459602968684,5,123023,66292,3656
2569,pv_31_z_7,pv_31,,,7,ely_y2569_id_d7155f6d-736d-42c0-8bc0-00ee6e1970dc,d7155f6d-736d-42c0-8bc0-00ee6e1970dc,27,ely_y2569_id_574b73d3-fda6-433d-ac0f-f20d1be3f2d1,466,0.7029505822723707,6,123023,66292,3656
2569,pv_31_z_7,pv_31,,,7,ely_y2569_id_115da917-bf32-4e96-a2ae-b7818d0909ee,115da917-bf32-4e96-a2ae-b7818d0909ee,6,ely_y2569_id_5d677072-7007-45ac-8779-38ed3f0d014b,398,0.6003741024558016,7,123023,66292,3656
2569,pv_31_z_7,pv_31,,,7,ely_y2569_id_339fa187-133c-4766-a6c2-36d1b32cda8f,339fa187-133c-4766-a6c2-36d1b32cda8f,23,ely_y2569_id_87e11f5b-dd49-4e46-8889-d779a53c6811,297,0.4480178603753092,8,123023,66292,3656
2569,pv_31_z_7,pv_31,,,7,ely_y2569_id_a62aca08-91b7-4f3f-ba8f-cb9e884a3799,a62aca08-91b7-4f3f-ba8f-cb9e884a3799,42,ely_y2569_id_f9cd573c-0b52-477c-829e-d93c978bf7a8,296,0.4465093827309479,9,123023,66292,3656
2569,pv_31_z_4,pv_31,,,4,ely_y2569_id_013c219e-e197-416d-84ea-00ba9c35465e,013c219e-e197-416d-84ea-00ba9c35465e,37,ely_y2569_id_d11396cc-2143-4ded-934b-2be541d71387,49024,74.02083647893704,1,121519,66230,3538
2569,pv_31_z_4,pv_31,,,4,ely_y2569_id_1116011c-1ef3-4cca-a186-c1b9f7984ede,1116011c-1ef3-4cca-a186-c1b9f7984ede,46,ely_y2569_id_7932a9ba-5a90-4291-89d0-18dc3b7dee3f,11225,16.948512758568622,2,121519,66230,3538
2569,pv_31_z_4,pv_31,,,4,ely_y2569_id_2d8a1c84-0bc8-4377-965d-c020a0097c27,2d8a1c84-0bc8-4377-965d-c020a0097c27,9,ely_y2569_id_5ce3d4a0-2d45-4741-92db-ce2be0a28322,3520,5.314812018722633,3,121519,66230,3538
2569,pv_31_z_4,pv_31,,,4,ely_y2569_id_d7155f6d-736d-42c0-8bc0-00ee6e1970dc,d7155f6d-736d-42c0-8bc0-00ee6e1970dc,27,ely_y2569_id_edd2fd08-09ad-4778-92bc-35d09c680ac3,819,1.23659972821984,4,121519,66230,3538
2569,pv_31_z_4,pv_31,,,4,ely_y2569_id_115da917-bf32-4e96-a2ae-b7818d0909ee,115da917-bf32-4e96-a2ae-b7818d0909ee,6,ely_y2569_id_e1878563-25b5-4b63-b663-7bcb3b73d1fc,665,1.0040767024007247,5,121519,66230,3538
2569,pv_31_z_4,pv_31,,,4,ely_y2569_id_0c044088-618b-49af-a291-fb28ffe9e0f8,0c044088-618b-49af-a291-fb28ffe9e0f8,11,ely_y2569_id_39c2ebee-51e2-4c8e-92b6-0e99ad09ba18,653,0.9859580250641703,6,121519,66230,3538
2569,pv_31_z_4,pv_31,,,4,ely_y2569_id_a62aca08-91b7-4f3f-ba8f-cb9e884a3799,a62aca08-91b7-4f3f-ba8f-cb9e884a3799,42,ely_y2569_id_d1cbf2c0-f332-4b2e-9c7b-43c5553c509d,324,0.4892042880869697,7,121519,66230,3538
2569,pv_53_z_2,pv_53,,,2,ely_y2569_id_2ee17641-917b-4ea0-8c19-da383e03e915,2ee17641-917b-4ea0-8c19-da383e03e915,44,ely_y2569_id_f5802582-f6bc-4086-91d4-9a8eb46c093e,29747,45.06438418421451,1,125041,66010,4962
2569,pv_53_z_2,pv_53,,,2,ely_y2569_id_2d8a1c84-0bc8-4377-965d-c020a0097c27,2d8a1c84-0bc8-4377-965d-c020a0097c27,9,ely_y2569_id_e2c8c17e-a04b-465c-875a-45c4b9b10e0c,17270,26.162702620815026,2,125041,66010,4962
2569,pv_53_z_2,pv_53,,,2,ely_y2569_id_1116011c-1ef3-4cca-a186-c1b9f7984ede,1116011c-1ef3-4cca-a186-c1b9f7984ede,46,ely_y2569_id_ecc1afa1-71c9-4c9a-aee7-f639f150cba3,11295,17.111043781245268,3,125041,66010,4962
2569,pv_53_z_2,pv_53,,,2,ely_y2569_id_013c219e-e197-416d-84ea-00ba9c35465e,013c219e-e197-416d-84ea-00ba9c35465e,37,ely_y2569_id_467db254-312f-4e90-a64c-fccd84a02986,4455,6.748977427662475,4,125041,66010,4962
2569,pv_53_z_2,pv_53,,,2,ely_y2569_id_d7155f6d-736d-42c0-8bc0-00ee6e1970dc,d7155f6d-736d-42c0-8bc0-00ee6e1970dc,27,ely_y2569_id_ac7a6ac5-6ec9-4c49-bdca-be795c9eeb21,1124,1.7027723072261778,5,125041,66010,4962
2569,pv_53_z_2,pv_53,,,2,ely_y2569_id_a62aca08-91b7-4f3f-ba8f-cb9e884a3799,a62aca08-91b7-4f3f-ba8f-cb9e884a3799,42,ely_y2569_id_66d91622-d0c0-447c-b1a5-3e0ee75b9b83,904,1.3694894712922285,6,125041,66010,4962
2569,pv_53_z_2,pv_53,,,2,ely_y2569_id_339fa187-133c-4766-a6c2-36d1b32cda8f,339fa187-133c-4766-a6c2-36d1b32cda8f,23,ely_y2569_id_aca1efd6-51fc-4d9b-b7ce-7b59c64878f2,477,0.722617785184063,7,125041,66010,4962
2569,pv_53_z_2,pv_53,,,2,ely_y2569_id_115da917-bf32-4e96-a2ae-b7818d0909ee,115da917-bf32-4e96-a2ae-b7818d0909ee,6,ely_y2569_id_5b5bef15-9295-485c-a261-1de9a9816f79,462,0.6998939554612937,8,125041,66010,4962
2569,pv_53_z_2,pv_53,,,2,ely_y2569_id_bdd306a2-80c7-4d7b-a7ff-8dc1ec9fcc76,bdd306a2-80c7-4d7b-a7ff-8dc1ec9fcc76,10,ely_y2569_id_0d619b0c-4b0c-41d5-a4b2-ad2092b8a509,276,0.4181184668989547,9,125041,66010,4962
2569,pv_45_z_6,pv_45,,,6,ely_y2569_id_2d8a1c84-0bc8-4377-965d-c020a0097c27,2d8a1c84-0bc8-4377-965d-c020a0097c27,9,ely_y2569_id_44d20046-2b6a-4d75-af3c-9250c4fe384d,30715,46.53223851654345,1,130129,66008,2956
2569,pv_45_z_6,pv_45,,,6,ely_y2569_id_013c219e-e197-416d-84ea-00ba9c35465e,013c219e-e197-416d-84ea-00ba9c35465e,37,ely_y2569_id_cace25fc-116b-4210-be3a-723373bcaaa0,18930,28.678342019149195,2,130129,66008,2956
2569,pv_45_z_6,pv_45,,,6,ely_y2569_id_1116011c-1ef3-4cca-a186-c1b9f7984ede,1116011c-1ef3-4cca-a186-c1b9f7984ede,46,ely_y2569_id_061887c3-cb7a-4f00-b345-7ea907a0b589,7323,11.094109804872136,3,130129,66008,2956
2569,pv_45_z_6,pv_45,,,6,ely_y2569_id_03347cbc-6089-474c-a3f6-484ae981c9a6,03347cbc-6089-474c-a3f6-484ae981c9a6,43,ely_y2569_id_39e75c59-3983-447e-86ce-52bf38ff64ea,5093,7.7157314264937575,4,130129,66008,2956
2569,pv_45_z_6,pv_45,,,6,ely_y2569_id_cb1b6cf2-41fa-49b1-a060-01acf13edc81,cb1b6cf2-41fa-49b1-a060-01acf13edc81,48,ely_y2569_id_469bad08-5acd-48e7-a04f-ac1b48761e97,2630,3.9843655314507336,5,130129,66008,2956
2569,pv_45_z_6,pv_45,,,6,ely_y2569_id_115da917-bf32-4e96-a2ae-b7818d0909ee,115da917-bf32-4e96-a2ae-b7818d0909ee,6,ely_y2569_id_3c8e2c53-1a24-4b4b-9d4f-83a7059ba2de,532,0.8059629135862321,6,130129,66008,2956
2569,pv_45_z_6,pv_45,,,6,ely_y2569_id_a62aca08-91b7-4f3f-ba8f-cb9e884a3799,a62aca08-91b7-4f3f-ba8f-cb9e884a3799,42,ely_y2569_id_d9a41f75-3309-4a6b-9528-0a80f220b351,532,0.8059629135862321,7,130129,66008,2956
2569,pv_45_z_6,pv_45,,,6,ely_y2569_id_d7155f6d-736d-42c0-8bc0-00ee6e1970dc,d7155f6d-736d-42c0-8bc0-00ee6e1970dc,27,ely_y2569_id_27878eb2-6e9a-410c-886e-921b8bec4f3b,253,0.38328687431826447,8,130129,66008,2956
2569,pv_94_z_5,pv_94,,,5,ely_y2569_id_013c219e-e197-416d-84ea-00ba9c35465e,013c219e-e197-416d-84ea-00ba9c35465e,37,ely_y2569_id_50311d6c-55eb-49bc-a9d0-5858616820a9,32162,49.00054847949296,1,109944,65636,4158
2569,pv_94_z_5,pv_94,,,5,ely_y2569_id_7f4755ca-ea3a-4023-869d-9cabba328db0,7f4755ca-ea3a-4023-869d-9cabba328db0,33,ely_y2569_id_72bc3ee1-23c9-4944-b6c1-d35ed7bab063,21989,33.50143214089829,2,109944,65636,4158
2569,pv_94_z_5,pv_94,,,5,ely_y2569_id_1116011c-1ef3-4cca-a186-c1b9f7984ede,1116011c-1ef3-4cca-a186-c1b9f7984ede,46,ely_y2569_id_245d51d4-eaae-4082-ab9e-7b98275b2d6f,6723,10.242854531050034,3,109944,65636,4158
2569,pv_94_z_5,pv_94,,,5,ely_y2569_id_a62aca08-91b7-4f3f-ba8f-cb9e884a3799,a62aca08-91b7-4f3f-ba8f-cb9e884a3799,42,ely_y2569_id_875cb7bc-2094-436b-a1ca-60f1112a3388,2809,4.279663599244317,4,109944,65636,4158
2569,pv_94_z_5,pv_94,,,5,ely_y2569_id_d7155f6d-736d-42c0-8bc0-00ee6e1970dc,d7155f6d-736d-42c0-8bc0-00ee6e1970dc,27,ely_y2569_id_41ac6a17-f713-4e29-a756-3078fa2a719e,1236,1.8831129258333843,5,109944,65636,4158
2569,pv_94_z_5,pv_94,,,5,ely_y2569_id_2d8a1c84-0bc8-4377-965d-c020a0097c27,2d8a1c84-0bc8-4377-965d-c020a0097c27,9,ely_y2569_id_af70f0bb-eeb4-43c3-85d6-0205595eda95,525,0.799865927235054,6,109944,65636,4158
2569,pv_94_z_5,pv_94,,,5,ely_y2569_id_03347cbc-6089-474c-a3f6-484ae981c9a6,03347cbc-6089-474c-a3f6-484ae981c9a6,43,ely_y2569_id_1b022293-c8dd-4944-8b5a-7fc6c8bba561,192,0.29252239624596255,7,109944,65636,4158
2569,pv_96_z_2,pv_96,,,2,ely_y2569_id_a62aca08-91b7-4f3f-ba8f-cb9e884a3799,a62aca08-91b7-4f3f-ba8f-cb9e884a3799,42,ely_y2569_id_d98390f3-e8f4-42e6-9e7f-035e053e19ee,40265,61.458269735637096,1,113221,65516,4683
2569,pv_96_z_2,pv_96,,,2,ely_y2569_id_7f4755ca-ea3a-4023-869d-9cabba328db0,7f4755ca-ea3a-4023-869d-9cabba328db0,33,ely_y2569_id_925181bb-c515-411e-8d5b-83ab94119e9e,10259,15.658770376701876,2,113221,65516,4683
2569,pv_96_z_2,pv_96,,,2,ely_y2569_id_1116011c-1ef3-4cca-a186-c1b9f7984ede,1116011c-1ef3-4cca-a186-c1b9f7984ede,46,ely_y2569_id_54492645-d194-4b65-92ae-d20a7f1d256c,7982,12.183283472739484,3,113221,65516,4683
2569,pv_96_z_2,pv_96,,,2,ely_y2569_id_d7155f6d-736d-42c0-8bc0-00ee6e1970dc,d7155f6d-736d-42c0-8bc0-00ee6e1970dc,27,ely_y2569_id_4f60bc9d-e5d5-4b24-b2cb-d9e92b08be69,2855,4.3577141461627695,4,113221,65516,4683
2569,pv_96_z_2,pv_96,,,2,ely_y2569_id_2d8a1c84-0bc8-4377-965d-c020a0097c27,2d8a1c84-0bc8-4377-965d-c020a0097c27,9,ely_y2569_id_ae0d112b-2a33-4b10-a0e5-aaacedb1a2dd,1498,2.286464375114476,5,113221,65516,4683
2569,pv_96_z_2,pv_96,,,2,ely_y2569_id_013c219e-e197-416d-84ea-00ba9c35465e,013c219e-e197-416d-84ea-00ba9c35465e,37,ely_y2569_id_25653b23-f191-45bc-b521-77395c41d37c,1289,1.9674583307894253,6,113221,65516,4683
2569,pv_96_z_2,pv_96,,,2,ely_y2569_id_03347cbc-6089-474c-a3f6-484ae981c9a6,03347cbc-6089-474c-a3f6-484ae981c9a6,43,ely_y2569_id_74beb7a3-4b24-4d33-a746-bf5d24a11a7f,1021,1.5583979485927102,7,113221,65516,4683
2569,pv_96_z_2,pv_96,,,2,ely_y2569_id_bd8d9f14-f757-41fb-8f37-d6128d9d012d,bd8d9f14-f757-41fb-8f37-d6128d9d012d,7,ely_y2569_id_45fca67e-bd7d-4657-b1e1-fd566b59afdb,347,0.5296416142621649,8,113221,65516,4683
2569,pv_41_z_10,pv_41,,,10,ely_y2569_id_2d8a1c84-0bc8-4377-965d-c020a0097c27,2d8a1c84-0bc8-4377-965d-c020a0097c27,9,ely_y2569_id_d3012ee4-f395-4899-9094-260df92fd6c1,29422,44.95683398273359,1,123023,65865,4324
2569,pv_41_z_10,pv_41,,,10,ely_y2569_id_013c219e-e197-416d-84ea-00ba9c35465e,013c219e-e197-416d-84ea-00ba9c35465e,37,ely_y2569_id_d4df1d5f-8f89-4789-8995-1351a569fcf7,18489,28.251203300481322,2,123023,65865,4324
2569,pv_41_z_10,pv_41,,,10,ely_y2569_id_1116011c-1ef3-4cca-a186-c1b9f7984ede,1116011c-1ef3-4cca-a186-c1b9f7984ede,46,ely_y2569_id_03b8dbbc-78ef-48f5-93fb-82271bc41f12,14795,22.606769042707615,3,123023,65865,4324
2569,pv_41_z_10,pv_41,,,10,ely_y2569_id_0c044088-618b-49af-a291-fb28ffe9e0f8,0c044088-618b-49af-a291-fb28ffe9e0f8,11,ely_y2569_id_08912d1a-7b97-44bb-a436-642b6655e378,2045,3.1247612499045,4,123023,65865,4324
2569,pv_41_z_10,pv_41,,,10,ely_y2569_id_115da917-bf32-4e96-a2ae-b7818d0909ee,115da917-bf32-4e96-a2ae-b7818d0909ee,6,ely_y2569_id_ed79e77a-3f7b-4984-bd0a-f5ea4e43a7ff,480,0.7334402933761174,5,123023,65865,4324
2569,pv_41_z_10,pv_41,,,10,ely_y2569_id_a62aca08-91b7-4f3f-ba8f-cb9e884a3799,a62aca08-91b7-4f3f-ba8f-cb9e884a3799,42,ely_y2569_id_412b72eb-d2e3-4889-a75b-df6402e0ab2b,214,0.32699213079685235,6,123023,65865,4324
2569,pv_42_z_2,pv_42,,,2,ely_y2569_id_2d8a1c84-0bc8-4377-965d-c020a0097c27,2d8a1c84-0bc8-4377-965d-c020a0097c27,9,ely_y2569_id_6379df98-03d6-49a9-84b3-f84967e4430b,26033,39.871042837670196,1,132976,67208,5791
2569,pv_42_z_2,pv_42,,,2,ely_y2569_id_1116011c-1ef3-4cca-a186-c1b9f7984ede,1116011c-1ef3-4cca-a186-c1b9f7984ede,46,ely_y2569_id_94f16995-bdaa-4b33-98e7-ae9865b225a9,15967,24.454382552494142,2,132976,67208,5791
2569,pv_42_z_2,pv_42,,,2,ely_y2569_id_03347cbc-6089-474c-a3f6-484ae981c9a6,03347cbc-6089-474c-a3f6-484ae981c9a6,43,ely_y2569_id_dd15a04a-78d3-4b79-8e18-35a069891140,12725,19.48907233547241,3,132976,67208,5791
2569,pv_42_z_2,pv_42,,,2,ely_y2569_id_a62aca08-91b7-4f3f-ba8f-cb9e884a3799,a62aca08-91b7-4f3f-ba8f-cb9e884a3799,42,ely_y2569_id_2fa015ee-14d2-4fd3-9497-412b84f12ae4,5083,7.78490802995727,4,132976,67208,5791
2569,pv_42_z_2,pv_42,,,2,ely_y2569_id_0c044088-618b-49af-a291-fb28ffe9e0f8,0c044088-618b-49af-a291-fb28ffe9e0f8,11,ely_y2569_id_0a460b8a-00a4-4d3d-8ab1-48e59f25efe6,2208,3.3816795062257823,5,132976,67208,5791
2569,pv_42_z_2,pv_42,,,2,ely_y2569_id_013c219e-e197-416d-84ea-00ba9c35465e,013c219e-e197-416d-84ea-00ba9c35465e,37,ely_y2569_id_cbe603ef-d748-4a76-9a19-78991ecca3bb,1916,2.9344646439894015,6,132976,67208,5791
2569,pv_42_z_2,pv_42,,,2,ely_y2569_id_d7155f6d-736d-42c0-8bc0-00ee6e1970dc,d7155f6d-736d-42c0-8bc0-00ee6e1970dc,27,ely_y2569_id_f6edbf08-6c58-427d-a73b-1fd735d9cae4,1361,2.0844500941908017,7,132976,67208,5791
2569,pv_64_z_3,pv_64,,,3,ely_y2569_id_2d8a1c84-0bc8-4377-965d-c020a0097c27,2d8a1c84-0bc8-4377-965d-c020a0097c27,9,ely_y2569_id_5f629f51-6d68-48fe-a3fa-e15c8673cbee,44192,68.06832709517428,1,120591,65669,5110
2569,pv_64_z_3,pv_64,,,3,ely_y2569_id_1116011c-1ef3-4cca-a186-c1b9f7984ede,1116011c-1ef3-4cca-a186-c1b9f7984ede,46,ely_y2569_id_35324e8f-d2ef-4932-b6ec-aa977842a300,11257,17.33900158649477,2,120591,65669,5110
2569,pv_64_z_3,pv_64,,,3,ely_y2569_id_013c219e-e197-416d-84ea-00ba9c35465e,013c219e-e197-416d-84ea-00ba9c35465e,37,ely_y2569_id_1a5ab788-bbeb-4622-b202-28bcbacca5c5,3776,5.8161206352140224,3,120591,65669,5110
2569,pv_64_z_3,pv_64,,,3,ely_y2569_id_a62aca08-91b7-4f3f-ba8f-cb9e884a3799,a62aca08-91b7-4f3f-ba8f-cb9e884a3799,42,ely_y2569_id_37f4761f-b5d9-465c-8f1d-1e18b26b6355,2261,3.482587064676617,4,120591,65669,5110
2569,pv_64_z_3,pv_64,,,3,ely_y2569_id_d7155f6d-736d-42c0-8bc0-00ee6e1970dc,d7155f6d-736d-42c0-8bc0-00ee6e1970dc,27,ely_y2569_id_98b41a98-d490-4862-91c3-3488473085fe,1353,2.084007208539347,5,120591,65669,5110
2569,pv_64_z_3,pv_64,,,3,ely_y2569_id_0c044088-618b-49af-a291-fb28ffe9e0f8,0c044088-618b-49af-a291-fb28ffe9e0f8,11,ely_y2569_id_c80e78f9-9f63-46fc-99d2-a80276437f28,1118,1.7220399550236434,6,120591,65669,5110
2569,pv_64_z_3,pv_64,,,3,ely_y2569_id_115da917-bf32-4e96-a2ae-b7818d0909ee,115da917-bf32-4e96-a2ae-b7818d0909ee,6,ely_y2569_id_2a714a08-7ab1-4a94-95f3-0a78787fb5ee,966,1.4879164548773163,7,120591,65669,5110
2569,pv_41_z_2,pv_41,,,2,ely_y2569_id_2d8a1c84-0bc8-4377-965d-c020a0097c27,2d8a1c84-0bc8-4377-965d-c020a0097c27,9,ely_y2569_id_00c4d71d-027f-44f5-8873-63bc30cfd86e,23226,35.79950060112827,1,132878,65327,3218
2569,pv_41_z_2,pv_41,,,2,ely_y2569_id_013c219e-e197-416d-84ea-00ba9c35465e,013c219e-e197-416d-84ea-00ba9c35465e,37,ely_y2569_id_7f73b063-3650-4af6-89d0-ee8ae6eb5b0c,18973,29.244119732420852,2,132878,65327,3218
2569,pv_41_z_2,pv_41,,,2,ely_y2569_id_1116011c-1ef3-4cca-a186-c1b9f7984ede,1116011c-1ef3-4cca-a186-c1b9f7984ede,46,ely_y2569_id_105fa52d-f311-403d-acf2-b6ba61113ffa,16497,25.427725885508185,3,132878,65327,3218
2569,pv_41_z_2,pv_41,,,2,ely_y2569_id_d1964fe3-2dd0-43d5-a190-77fbfaf586b2,,8,ely_y2569_id_ea2d5126-31b7-463c-bde0-74c0c925d768,1760,2.712783994574432,4,132878,65327,3218
2569,pv_41_z_2,pv_41,,,2,ely_y2569_id_0c044088-618b-49af-a291-fb28ffe9e0f8,0c044088-618b-49af-a291-fb28ffe9e0f8,11,ely_y2569_id_4b3dcb3d-a8e5-49c7-b7ec-1f61723c26bf,1297,1.9991368414562716,5,132878,65327,3218
2569,pv_41_z_2,pv_41,,,2,ely_y2569_id_a62aca08-91b7-4f3f-ba8f-cb9e884a3799,a62aca08-91b7-4f3f-ba8f-cb9e884a3799,42,ely_y2569_id_e236029a-5ff4-4ec8-ac93-2e70e6f8329d,1255,1.9343999506766547,6,132878,65327,3218
2569,pv_41_z_2,pv_41,,,2,ely_y2569_id_115da917-bf32-4e96-a2ae-b7818d0909ee,115da917-bf32-4e96-a2ae-b7818d0909ee,6,ely_y2569_id_70ab299a-9c94-43ef-b122-a8d7b4466555,735,1.1328955886432999,7,132878,65327,3218
2569,pv_41_z_2,pv_41,,,2,ely_y2569_id_d7155f6d-736d-42c0-8bc0-00ee6e1970dc,d7155f6d-736d-42c0-8bc0-00ee6e1970dc,27,ely_y2569_id_35ee5407-4113-45a2-9754-9fe5546d0f09,719,1.1082339159653505,8,132878,65327,3218
2569,pv_41_z_2,pv_41,,,2,ely_y2569_id_03347cbc-6089-474c-a3f6-484ae981c9a6,03347cbc-6089-474c-a3f6-484ae981c9a6,43,ely_y2569_id_6051cbd0-e7d7-4c35-8523-cdea32b53318,311,0.4793612626776411,9,132878,65327,3218
2569,pv_41_z_2,pv_41,,,2,ely_y2569_id_7ffe2115-72d1-4d71-9962-03ff61afc67c,,31,ely_y2569_id_7bcc14ce-02a9-4366-9277-7b6076be48b6,105,0.16184222694904282,10,132878,65327,3218
2569,pv_31_z_6,pv_31,,,6,ely_y2569_id_013c219e-e197-416d-84ea-00ba9c35465e,013c219e-e197-416d-84ea-00ba9c35465e,37,ely_y2569_id_3970a399-9d61-4c03-bc44-059f02a4b79c,47010,73.10473524609283,1,130776,65237,3318
2569,pv_31_z_6,pv_31,,,6,ely_y2569_id_1116011c-1ef3-4cca-a186-c1b9f7984ede,1116011c-1ef3-4cca-a186-c1b9f7984ede,46,ely_y2569_id_b3c322dc-f09c-45c9-86c0-b83774111a30,8372,13.01920534950626,2,130776,65237,3318
2569,pv_31_z_6,pv_31,,,6,ely_y2569_id_2d8a1c84-0bc8-4377-965d-c020a0097c27,2d8a1c84-0bc8-4377-965d-c020a0097c27,9,ely_y2569_id_38643ed2-2ce0-4472-982b-528c749b4eae,4760,7.402223777311251,3,130776,65237,3318
2569,pv_31_z_6,pv_31,,,6,ely_y2569_id_d7155f6d-736d-42c0-8bc0-00ee6e1970dc,d7155f6d-736d-42c0-8bc0-00ee6e1970dc,27,ely_y2569_id_b7c23931-fca5-4bb3-8428-813bec2dcdce,1051,1.6343985693180936,4,130776,65237,3318
2569,pv_31_z_6,pv_31,,,6,ely_y2569_id_115da917-bf32-4e96-a2ae-b7818d0909ee,115da917-bf32-4e96-a2ae-b7818d0909ee,6,ely_y2569_id_956d9f46-a3ba-4528-a6d3-fa84ce05e297,906,1.4089106601352928,5,130776,65237,3318
2569,pv_31_z_6,pv_31,,,6,ely_y2569_id_0c044088-618b-49af-a291-fb28ffe9e0f8,0c044088-618b-49af-a291-fb28ffe9e0f8,11,ely_y2569_id_c0a888e7-53a9-4828-88d6-f11144f94036,750,1.166316771635176,6,130776,65237,3318
2569,pv_31_z_6,pv_31,,,6,ely_y2569_id_7ffe2115-72d1-4d71-9962-03ff61afc67c,,31,ely_y2569_id_8abb1af4-88a6-46fd-a28b-095dd043fcfd,589,0.915947437990825,7,130776,65237,3318
2569,pv_31_z_6,pv_31,,,6,ely_y2569_id_a62aca08-91b7-4f3f-ba8f-cb9e884a3799,a62aca08-91b7-4f3f-ba8f-cb9e884a3799,42,ely_y2569_id_d37fea13-3623-4ac3-bb19-5823d0aae30c,344,0.5349506259233341,8,130776,65237,3318
2569,pv_31_z_6,pv_31,,,6,ely_y2569_id_339fa187-133c-4766-a6c2-36d1b32cda8f,339fa187-133c-4766-a6c2-36d1b32cda8f,23,ely_y2569_id_ecf11120-6eda-4d00-a9a6-b6c5cc266dc8,341,0.5302853588367934,9,130776,65237,3318
2569,pv_31_z_6,pv_31,,,6,ely_y2569_id_cb1b6cf2-41fa-49b1-a060-01acf13edc81,cb1b6cf2-41fa-49b1-a060-01acf13edc81,48,ely_y2569_id_e83b3e86-9fd7-47e6-81d0-c7b78c658c32,182,0.28302620325013605,10,130776,65237,3318
2569,pv_41_z_4,pv_41,,,4,ely_y2569_id_2d8a1c84-0bc8-4377-965d-c020a0097c27,2d8a1c84-0bc8-4377-965d-c020a0097c27,9,ely_y2569_id_ca71a690-8f20-4bd0-9818-6ae46c702955,27927,43.47629796839729,1,126481,64235,3657
2569,pv_41_z_4,pv_41,,,4,ely_y2569_id_013c219e-e197-416d-84ea-00ba9c35465e,013c219e-e197-416d-84ea-00ba9c35465e,37,ely_y2569_id_bdba234e-bb37-410b-b021-db3dcab09543,21119,32.877714641550554,2,126481,64235,3657
2569,pv_41_z_4,pv_41,,,4,ely_y2569_id_1116011c-1ef3-4cca-a186-c1b9f7984ede,1116011c-1ef3-4cca-a186-c1b9f7984ede,46,ely_y2569_id_2ff33c28-ce83-44bb-8fa6-70dad0a81d03,11324,17.629018447886665,3,126481,64235,3657
2569,pv_41_z_4,pv_41,,,4,ely_y2569_id_bd8d9f14-f757-41fb-8f37-d6128d9d012d,bd8d9f14-f757-41fb-8f37-d6128d9d012d,7,ely_y2569_id_e8c7a7c8-1ec0-4fa0-b9a9-a4eadf06b8a1,1468,2.28535844944345,4,126481,64235,3657
2569,pv_41_z_4,pv_41,,,4,ely_y2569_id_7255d2d0-1f49-4fd8-adad-7acfea2d5126,7255d2d0-1f49-4fd8-adad-7acfea2d5126,56,ely_y2569_id_32a02ca8-c2e8-4ccf-9005-9bffc827ccec,564,0.8780259982875379,5,126481,64235,3657
2569,pv_41_z_4,pv_41,,,4,ely_y2569_id_115da917-bf32-4e96-a2ae-b7818d0909ee,115da917-bf32-4e96-a2ae-b7818d0909ee,6,ely_y2569_id_e3c5e114-2642-4627-92c7-0e758c9fe3e6,534,0.8313224877403285,6,126481,64235,3657
2569,pv_41_z_4,pv_41,,,4,ely_y2569_id_965b4b93-c01e-4a2b-a987-577f2b99ebb4,965b4b93-c01e-4a2b-a987-577f2b99ebb4,49,ely_y2569_id_48dfe8a8-2adf-48d8-a5c7-8f147b625c91,286,0.44524013388339684,7,126481,64235,3657
2569,pv_41_z_4,pv_41,,,4,ely_y2569_id_bec5b9e5-11e6-4962-9188-94040fcf3bd1,bec5b9e5-11e6-4962-9188-94040fcf3bd1,53,ely_y2569_id_af9a6300-8f48-472d-b278-0cd099d93ca3,243,0.37829843543239666,8,126481,64235,3657
2569,pv_41_z_4,pv_41,,,4,ely_y2569_id_03347cbc-6089-474c-a3f6-484ae981c9a6,03347cbc-6089-474c-a3f6-484ae981c9a6,43,ely_y2569_id_40f6ff23-49ed-489f-a474-554db05e659e,227,0.35338989647388497,9,126481,64235,3657
2569,pv_41_z_4,pv_41,,,4,ely_y2569_id_d7155f6d-736d-42c0-8bc0-00ee6e1970dc,d7155f6d-736d-42c0-8bc0-00ee6e1970dc,27,ely_y2569_id_4370d27b-3f5d-47df-a92f-8ba15fb1b6d7,211,0.3284813575153733,10,126481,64235,3657
2569,pv_41_z_4,pv_41,,,4,ely_y2569_id_a62aca08-91b7-4f3f-ba8f-cb9e884a3799,a62aca08-91b7-4f3f-ba8f-cb9e884a3799,42,ely_y2569_id_5195f587-a0a2-4f53-8c6d-cbac19b47d6a,180,0.2802210632832568,11,126481,64235,3657
2569,pv_41_z_4,pv_41,,,4,ely_y2569_id_228ae2e0-33d2-4c85-bef3-419928db45cc,,32,ely_y2569_id_91339aea-5a61-41ea-9627-ad8ff7f322a3,152,0.23663112010586126,12,126481,64235,3657
2569,pv_38_z_3,pv_38,,,3,ely_y2569_id_013c219e-e197-416d-84ea-00ba9c35465e,013c219e-e197-416d-84ea-00ba9c35465e,37,ely_y2569_id_a65353f9-298e-4a24-ba73-c4cc030ee326,32501,50.97236598601048,1,118398,64556,3457
2569,pv_38_z_3,pv_38,,,3,ely_y2569_id_2d8a1c84-0bc8-4377-965d-c020a0097c27,2d8a1c84-0bc8-4377-965d-c020a0097c27,9,ely_y2569_id_431e1227-b860-4378-83ef-66c7c18c002b,13397,21.010946959003796,2,118398,64556,3457
2569,pv_38_z_3,pv_38,,,3,ely_y2569_id_1116011c-1ef3-4cca-a186-c1b9f7984ede,1116011c-1ef3-4cca-a186-c1b9f7984ede,46,ely_y2569_id_42419ceb-2d11-4b3e-a126-04143be809ff,11963,18.761958533295694,3,118398,64556,3457
2569,pv_38_z_3,pv_38,,,3,ely_y2569_id_a62aca08-91b7-4f3f-ba8f-cb9e884a3799,a62aca08-91b7-4f3f-ba8f-cb9e884a3799,42,ely_y2569_id_e9641009-d5f5-4a74-b0d0-64cbe97e427c,3728,5.846742573946865,4,118398,64556,3457
2569,pv_38_z_3,pv_38,,,3,ely_y2569_id_339fa187-133c-4766-a6c2-36d1b32cda8f,339fa187-133c-4766-a6c2-36d1b32cda8f,23,ely_y2569_id_b3e3a1b6-ae9c-45fe-beca-29888dacdb18,749,1.1746808443900756,5,118398,64556,3457
2569,pv_38_z_3,pv_38,,,3,ely_y2569_id_d7155f6d-736d-42c0-8bc0-00ee6e1970dc,d7155f6d-736d-42c0-8bc0-00ee6e1970dc,27,ely_y2569_id_155df8f4-7db3-44f1-86b6-775570d215a5,608,0.9535459991844673,6,118398,64556,3457
2569,pv_38_z_3,pv_38,,,3,ely_y2569_id_115da917-bf32-4e96-a2ae-b7818d0909ee,115da917-bf32-4e96-a2ae-b7818d0909ee,6,ely_y2569_id_3e4c60ed-210d-4365-a11a-9ca56011aeda,587,0.9206110222389511,7,118398,64556,3457
2569,pv_38_z_3,pv_38,,,3,ely_y2569_id_d1964fe3-2dd0-43d5-a190-77fbfaf586b2,,8,ely_y2569_id_1d585315-0ed1-4954-b142-825cd82cc543,229,0.359148081929676,8,118398,64556,3457
2569,pv_31_z_3,pv_31,,,3,ely_y2569_id_1116011c-1ef3-4cca-a186-c1b9f7984ede,1116011c-1ef3-4cca-a186-c1b9f7984ede,46,ely_y2569_id_9365d5d5-6f9b-4177-bb5c-6ab0b6873094,7391,11.614494939971086,2,125637,63851,3345
2569,pv_31_z_3,pv_31,,,3,ely_y2569_id_2d8a1c84-0bc8-4377-965d-c020a0097c27,2d8a1c84-0bc8-4377-965d-c020a0097c27,9,ely_y2569_id_d2d90863-b22c-47ed-bb49-20ab5699f916,2588,4.066880382173613,3,125637,63851,3345
2569,pv_31_z_3,pv_31,,,3,ely_y2569_id_115da917-bf32-4e96-a2ae-b7818d0909ee,115da917-bf32-4e96-a2ae-b7818d0909ee,6,ely_y2569_id_aac7be21-0064-491a-811a-de65fd522657,584,0.9177195298258847,4,125637,63851,3345
2569,pv_31_z_3,pv_31,,,3,ely_y2569_id_a62aca08-91b7-4f3f-ba8f-cb9e884a3799,a62aca08-91b7-4f3f-ba8f-cb9e884a3799,42,ely_y2569_id_2613142b-cc01-4621-b8e0-ff5ef8e4c1f9,372,0.58457476899868,5,125637,63851,3345
2569,pv_31_z_3,pv_31,,,3,ely_y2569_id_7ffe2115-72d1-4d71-9962-03ff61afc67c,,31,ely_y2569_id_f6303ffe-f038-44dc-b374-4f8224769327,351,0.5515745804261739,6,125637,63851,3345
2569,pv_31_z_3,pv_31,,,3,ely_y2569_id_d7155f6d-736d-42c0-8bc0-00ee6e1970dc,d7155f6d-736d-42c0-8bc0-00ee6e1970dc,27,ely_y2569_id_1e616cae-4f20-4a1b-94e6-205433f6a79b,236,0.370859262052926,7,125637,63851,3345
2569,pv_31_z_3,pv_31,,,3,ely_y2569_id_339fa187-133c-4766-a6c2-36d1b32cda8f,339fa187-133c-4766-a6c2-36d1b32cda8f,23,ely_y2569_id_ed118355-4707-4f01-bc35-db1972be36ae,200,0.3142875102143441,8,125637,63851,3345
2569,pv_58_z_2,pv_58,,,2,ely_y2569_id_013c219e-e197-416d-84ea-00ba9c35465e,013c219e-e197-416d-84ea-00ba9c35465e,37,ely_y2569_id_d7d1c4c6-e68a-4222-98c8-7d3ba1f08e22,23410,36.81164889769475,1,96014,64648,4990
2569,pv_58_z_2,pv_58,,,2,ely_y2569_id_a62aca08-91b7-4f3f-ba8f-cb9e884a3799,a62aca08-91b7-4f3f-ba8f-cb9e884a3799,42,ely_y2569_id_0721c94d-7b14-4059-9268-7ffa31269031,23123,36.3603484605466,2,96014,64648,4990
2569,pv_58_z_2,pv_58,,,2,ely_y2569_id_1116011c-1ef3-4cca-a186-c1b9f7984ede,1116011c-1ef3-4cca-a186-c1b9f7984ede,46,ely_y2569_id_48f849d8-222a-47c4-8b49-0c413009305a,12618,19.84149448061138,3,96014,64648,4990
2569,pv_58_z_2,pv_58,,,2,ely_y2569_id_2d8a1c84-0bc8-4377-965d-c020a0097c27,2d8a1c84-0bc8-4377-965d-c020a0097c27,9,ely_y2569_id_cdc460ca-d8b6-4735-bd0b-f2860fe4e054,2068,3.2518791080919582,4,96014,64648,4990
2569,pv_58_z_2,pv_58,,,2,ely_y2569_id_115da917-bf32-4e96-a2ae-b7818d0909ee,115da917-bf32-4e96-a2ae-b7818d0909ee,6,ely_y2569_id_fb6bb88b-0c5a-49c2-965c-05acff688b4f,1017,1.599207472403057,5,96014,64648,4990
2569,pv_58_z_2,pv_58,,,2,ely_y2569_id_d7155f6d-736d-42c0-8bc0-00ee6e1970dc,d7155f6d-736d-42c0-8bc0-00ee6e1970dc,27,ely_y2569_id_fde9de85-0c5b-4fc7-b6bd-4f70a3e0adeb,931,1.4639745887976852,6,96014,64648,4990
2569,pv_58_z_2,pv_58,,,2,ely_y2569_id_03347cbc-6089-474c-a3f6-484ae981c9a6,03347cbc-6089-474c-a3f6-484ae981c9a6,43,ely_y2569_id_19c3aae6-4375-4701-9db6-2442c6fce0a5,427,0.6714469918545775,7,96014,64648,4990
2569,pv_82_z_1,pv_82,,,1,ely_y2569_id_013c219e-e197-416d-84ea-00ba9c35465e,013c219e-e197-416d-84ea-00ba9c35465e,37,ely_y2569_id_fbfdb4a4-055d-47bb-b065-325eb44a1970,34785,54.763141737118026,1,100343,66088,2801
2569,pv_82_z_1,pv_82,,,1,ely_y2569_id_d7155f6d-736d-42c0-8bc0-00ee6e1970dc,d7155f6d-736d-42c0-8bc0-00ee6e1970dc,27,ely_y2569_id_38121921-d16f-4636-a89e-2dd84d831b40,14816,23.325304239676317,2,100343,66088,2801
2569,pv_82_z_1,pv_82,,,1,ely_y2569_id_1116011c-1ef3-4cca-a186-c1b9f7984ede,1116011c-1ef3-4cca-a186-c1b9f7984ede,46,ely_y2569_id_3e9b0226-b62b-4781-aec7-394db8dfa1eb,8743,13.76438545946882,3,100343,66088,2801
2569,pv_82_z_1,pv_82,,,1,ely_y2569_id_a62aca08-91b7-4f3f-ba8f-cb9e884a3799,a62aca08-91b7-4f3f-ba8f-cb9e884a3799,42,ely_y2569_id_fb976563-1449-4487-b8df-19ad7d2c5e6b,4021,6.33038933232576,4,100343,66088,2801
2569,pv_82_z_1,pv_82,,,1,ely_y2569_id_2d8a1c84-0bc8-4377-965d-c020a0097c27,2d8a1c84-0bc8-4377-965d-c020a0097c27,9,ely_y2569_id_37f0441d-8cfe-448f-9f8a-a6afb25440de,1154,1.816779231411074,5,100343,66088,2801
2569,pv_21_z_2,pv_21,,,2,ely_y2569_id_1116011c-1ef3-4cca-a186-c1b9f7984ede,1116011c-1ef3-4cca-a186-c1b9f7984ede,46,ely_y2569_id_204866f7-6c68-4d86-9ac5-7b0f752076de,30488,48.07922790638996,1,116647,67372,3408
2569,pv_21_z_2,pv_21,,,2,ely_y2569_id_d7155f6d-736d-42c0-8bc0-00ee6e1970dc,d7155f6d-736d-42c0-8bc0-00ee6e1970dc,27,ely_y2569_id_25882bd0-3d50-4e56-82e5-fd62b2fd4b12,25516,40.238440673689524,2,116647,67372,3408
2569,pv_21_z_2,pv_21,,,2,ely_y2569_id_2d8a1c84-0bc8-4377-965d-c020a0097c27,2d8a1c84-0bc8-4377-965d-c020a0097c27,9,ely_y2569_id_de4f20c9-c3a6-4096-b1f1-6ee9e6c0bb1f,3990,6.292184444584621,3,116647,67372,3408
2569,pv_21_z_2,pv_21,,,2,ely_y2569_id_cb1b6cf2-41fa-49b1-a060-01acf13edc81,cb1b6cf2-41fa-49b1-a060-01acf13edc81,48,ely_y2569_id_ac3446c0-a5ac-4842-8e8f-8f2193ad7fe1,1826,2.8795811518324608,4,116647,67372,3408
2569,pv_21_z_2,pv_21,,,2,ely_y2569_id_965b4b93-c01e-4a2b-a987-577f2b99ebb4,965b4b93-c01e-4a2b-a987-577f2b99ebb4,49,ely_y2569_id_c975325f-7585-4fea-b6ac-4a3310c7fe79,1592,2.5105658235034376,5,116647,67372,3408
2569,pv_83_z_1,pv_83,,,1,ely_y2569_id_1116011c-1ef3-4cca-a186-c1b9f7984ede,1116011c-1ef3-4cca-a186-c1b9f7984ede,46,ely_y2569_id_318b752c-18e7-4099-af33-4b9e7cb124ea,18463,29.133858267716533,1,103980,65680,1894
2569,pv_83_z_1,pv_83,,,1,ely_y2569_id_013c219e-e197-416d-84ea-00ba9c35465e,013c219e-e197-416d-84ea-00ba9c35465e,37,ely_y2569_id_0ca47a01-fbf0-42d5-abc1-1ca4606402eb,16221,25.596074037839458,2,103980,65680,1894
2569,pv_83_z_1,pv_83,,,1,ely_y2569_id_a62aca08-91b7-4f3f-ba8f-cb9e884a3799,a62aca08-91b7-4f3f-ba8f-cb9e884a3799,42,ely_y2569_id_6fe1029a-8daf-4e80-83c8-aa07e80b2a26,14775,23.314345225884843,3,103980,65680,1894
2569,pv_83_z_1,pv_83,,,1,ely_y2569_id_d7155f6d-736d-42c0-8bc0-00ee6e1970dc,d7155f6d-736d-42c0-8bc0-00ee6e1970dc,27,ely_y2569_id_be9830a0-7f68-44bd-b104-9073ddd7b519,10556,16.656935919082258,4,103980,65680,1894
2569,pv_83_z_1,pv_83,,,1,ely_y2569_id_0c044088-618b-49af-a291-fb28ffe9e0f8,0c044088-618b-49af-a291-fb28ffe9e0f8,11,ely_y2569_id_fc40061a-3fac-4974-86fc-bfc4f677b6cb,1209,1.9077525128998154,5,103980,65680,1894
2569,pv_83_z_1,pv_83,,,1,ely_y2569_id_2d8a1c84-0bc8-4377-965d-c020a0097c27,2d8a1c84-0bc8-4377-965d-c020a0097c27,9,ely_y2569_id_b7a09bf5-e97f-4b48-8318-7325425d4f44,1147,1.809919050699825,6,103980,65680,1894
2569,pv_83_z_1,pv_83,,,1,ely_y2569_id_03347cbc-6089-474c-a3f6-484ae981c9a6,03347cbc-6089-474c-a3f6-484ae981c9a6,43,ely_y2569_id_30968fd6-5b42-4472-a253-936d1665ecc2,1002,1.5811149858772664,7,103980,65680,1894
2569,pv_67_z_4,pv_67,,,4,ely_y2569_id_013c219e-e197-416d-84ea-00ba9c35465e,013c219e-e197-416d-84ea-00ba9c35465e,37,ely_y2569_id_6305f825-67df-4e02-9045-ca103cf455cb,44994,71.08730685373021,1,126127,63294,4987
2569,pv_67_z_4,pv_67,,,4,ely_y2569_id_1116011c-1ef3-4cca-a186-c1b9f7984ede,1116011c-1ef3-4cca-a186-c1b9f7984ede,46,ely_y2569_id_aafc5d16-9206-41b2-819d-86876cf4fa85,9439,14.912945934843744,2,126127,63294,4987
2569,pv_67_z_4,pv_67,,,4,ely_y2569_id_2d8a1c84-0bc8-4377-965d-c020a0097c27,2d8a1c84-0bc8-4377-965d-c020a0097c27,9,ely_y2569_id_5b738351-bc2f-457d-a18a-5c0132bfae21,5355,8.460517584605176,3,126127,63294,4987
2569,pv_67_z_4,pv_67,,,4,ely_y2569_id_0c044088-618b-49af-a291-fb28ffe9e0f8,0c044088-618b-49af-a291-fb28ffe9e0f8,11,ely_y2569_id_1731ac98-dcf0-4559-8687-1c8adf864219,970,1.5325307296110215,4,126127,63294,4987
2569,pv_67_z_4,pv_67,,,4,ely_y2569_id_2ee17641-917b-4ea0-8c19-da383e03e915,2ee17641-917b-4ea0-8c19-da383e03e915,44,ely_y2569_id_d08ce297-e233-4584-a1ee-1cf45f14de99,539,0.851581508515815,5,126127,63294,4987
2569,pv_67_z_4,pv_67,,,4,ely_y2569_id_d7155f6d-736d-42c0-8bc0-00ee6e1970dc,d7155f6d-736d-42c0-8bc0-00ee6e1970dc,27,ely_y2569_id_7ead7da3-bec9-43ae-87ca-013db64aa152,475,0.7504660789332323,6,126127,63294,4987
2569,pv_67_z_4,pv_67,,,4,ely_y2569_id_7ffe2115-72d1-4d71-9962-03ff61afc67c,,31,ely_y2569_id_1f9aefc7-3017-48a6-b38e-bdd3f6c93fb3,462,0.7299270072992701,7,126127,63294,4987
2569,pv_67_z_4,pv_67,,,4,ely_y2569_id_03347cbc-6089-474c-a3f6-484ae981c9a6,03347cbc-6089-474c-a3f6-484ae981c9a6,43,ely_y2569_id_00557590-4d5e-4db9-a4f9-228311bfe851,389,0.6145922204316365,8,126127,63294,4987
2569,pv_67_z_4,pv_67,,,4,ely_y2569_id_f7b4da92-1d4f-4f3f-ab31-25eb36d1a8ad,f7b4da92-1d4f-4f3f-ab31-25eb36d1a8ad,51,ely_y2569_id_0dc5d410-74a1-44ed-bc45-a6b09fa247d3,308,0.48661800486618007,9,126127,63294,4987
2569,pv_67_z_4,pv_67,,,4,ely_y2569_id_a62aca08-91b7-4f3f-ba8f-cb9e884a3799,a62aca08-91b7-4f3f-ba8f-cb9e884a3799,42,ely_y2569_id_706b58b6-d99f-43a3-88e5-8e36d57036bb,278,0.4392201472493443,10,126127,63294,4987
2569,pv_67_z_4,pv_67,,,4,ely_y2569_id_339fa187-133c-4766-a6c2-36d1b32cda8f,339fa187-133c-4766-a6c2-36d1b32cda8f,23,ely_y2569_id_dc10e97d-69fe-4d21-ac80-e82ef471b9ac,85,0.13429392991436787,11,126127,63294,4987
2569,pv_38_z_1,pv_38,,,1,ely_y2569_id_013c219e-e197-416d-84ea-00ba9c35465e,013c219e-e197-416d-84ea-00ba9c35465e,37,ely_y2569_id_a20a7865-2b80-43ee-8e01-665831c8d1e1,34556,55.048268391372225,1,104792,66228,2994
2569,pv_38_z_1,pv_38,,,1,ely_y2569_id_2d8a1c84-0bc8-4377-965d-c020a0097c27,2d8a1c84-0bc8-4377-965d-c020a0097c27,9,ely_y2569_id_ffa2cee8-3823-46a1-97d3-8e81cddf62c7,16310,25.982094497721985,2,104792,66228,2994
2569,pv_38_z_1,pv_38,,,1,ely_y2569_id_1116011c-1ef3-4cca-a186-c1b9f7984ede,1116011c-1ef3-4cca-a186-c1b9f7984ede,46,ely_y2569_id_3095a050-d541-4000-bb26-879f40490083,8434,13.435498773377514,3,104792,66228,2994
2569,pv_38_z_1,pv_38,,,1,ely_y2569_id_a62aca08-91b7-4f3f-ba8f-cb9e884a3799,a62aca08-91b7-4f3f-ba8f-cb9e884a3799,42,ely_y2569_id_2f9de2ee-f0d2-4e77-8503-4d1392fb8301,2513,4.003249753082486,4,104792,66228,2994
2569,pv_38_z_1,pv_38,,,1,ely_y2569_id_d7155f6d-736d-42c0-8bc0-00ee6e1970dc,d7155f6d-736d-42c0-8bc0-00ee6e1970dc,27,ely_y2569_id_b8cf6341-015f-4760-9015-38f1e3f949f4,530,0.8442985949596967,5,104792,66228,2994
2569,pv_38_z_1,pv_38,,,1,ely_y2569_id_115da917-bf32-4e96-a2ae-b7818d0909ee,115da917-bf32-4e96-a2ae-b7818d0909ee,6,ely_y2569_id_615a2c44-5ac9-4af5-9afd-0f47eca46614,177,0.2819638703922006,6,104792,66228,2994
2569,pv_38_z_1,pv_38,,,1,ely_y2569_id_339fa187-133c-4766-a6c2-36d1b32cda8f,339fa187-133c-4766-a6c2-36d1b32cda8f,23,ely_y2569_id_65d1d23f-d452-4d8d-8574-cc022d035acd,163,0.2596616433555294,7,104792,66228,2994
2569,pv_38_z_1,pv_38,,,1,ely_y2569_id_d1964fe3-2dd0-43d5-a190-77fbfaf586b2,,8,ely_y2569_id_b85bfcbf-3fce-4f7d-b427-f8f27ab35fa6,91,0.14496447573836302,8,104792,66228,2994
2569,pv_41_z_5,pv_41,,,5,ely_y2569_id_013c219e-e197-416d-84ea-00ba9c35465e,013c219e-e197-416d-84ea-00ba9c35465e,37,ely_y2569_id_5681c814-5a3f-4e0f-91d0-fbb2e1fe7091,26690,42.762156532884724,1,119089,62415,3155
2569,pv_41_z_5,pv_41,,,5,ely_y2569_id_2d8a1c84-0bc8-4377-965d-c020a0097c27,2d8a1c84-0bc8-4377-965d-c020a0097c27,9,ely_y2569_id_d78a7e5d-a8a5-43e1-b2fd-a625c3d97bcf,18769,30.071296963870864,2,119089,62415,3155
2569,pv_41_z_5,pv_41,,,5,ely_y2569_id_1116011c-1ef3-4cca-a186-c1b9f7984ede,1116011c-1ef3-4cca-a186-c1b9f7984ede,46,ely_y2569_id_0747a77f-10f0-49a9-bfe1-25ff46b5d810,12230,19.594648722262274,3,119089,62415,3155
2569,pv_41_z_5,pv_41,,,5,ely_y2569_id_0c044088-618b-49af-a291-fb28ffe9e0f8,0c044088-618b-49af-a291-fb28ffe9e0f8,11,ely_y2569_id_d48c0052-9f73-4f83-9857-00d6b1b4ec65,2020,3.2364015060482254,4,119089,62415,3155
2569,pv_41_z_5,pv_41,,,5,ely_y2569_id_a62aca08-91b7-4f3f-ba8f-cb9e884a3799,a62aca08-91b7-4f3f-ba8f-cb9e884a3799,42,ely_y2569_id_a820cfeb-5da4-4e32-91c6-cd6958887b74,1398,2.2398461908195144,5,119089,62415,3155
2569,pv_41_z_5,pv_41,,,5,ely_y2569_id_d7155f6d-736d-42c0-8bc0-00ee6e1970dc,d7155f6d-736d-42c0-8bc0-00ee6e1970dc,27,ely_y2569_id_1e842fdb-c348-4f68-a6f3-43ab85d9f930,489,0.7834655130978131,6,119089,62415,3155
2569,pv_41_z_5,pv_41,,,5,ely_y2569_id_03347cbc-6089-474c-a3f6-484ae981c9a6,03347cbc-6089-474c-a3f6-484ae981c9a6,43,ely_y2569_id_068eded6-8e7e-4fcf-8bdf-4bf01f1c6ce1,281,0.4502122887126492,7,119089,62415,3155
2569,pv_41_z_5,pv_41,,,5,ely_y2569_id_115da917-bf32-4e96-a2ae-b7818d0909ee,115da917-bf32-4e96-a2ae-b7818d0909ee,6,ely_y2569_id_49ddde4f-dada-41c9-9466-e88bd36672c9,249,0.39894256188416244,8,119089,62415,3155
2569,pv_41_z_5,pv_41,,,5,ely_y2569_id_965b4b93-c01e-4a2b-a987-577f2b99ebb4,965b4b93-c01e-4a2b-a987-577f2b99ebb4,49,ely_y2569_id_569db07f-96fb-4191-a58e-9ab1ed54d339,147,0.23552030761836099,9,119089,62415,3155
2569,pv_41_z_5,pv_41,,,5,ely_y2569_id_7255d2d0-1f49-4fd8-adad-7acfea2d5126,7255d2d0-1f49-4fd8-adad-7acfea2d5126,56,ely_y2569_id_55ecabb4-cb64-4dfd-94a9-fede2ff3c517,142,0.2275094128014099,10,119089,62415,3155
2569,pv_31_z_9,pv_31,,,9,ely_y2569_id_013c219e-e197-416d-84ea-00ba9c35465e,013c219e-e197-416d-84ea-00ba9c35465e,37,ely_y2569_id_3a1adc5d-c9a6-4da3-8f16-2288269f4ae3,50073,80.73816088618004,1,127988,66932,4071
2569,pv_31_z_9,pv_31,,,9,ely_y2569_id_1116011c-1ef3-4cca-a186-c1b9f7984ede,1116011c-1ef3-4cca-a186-c1b9f7984ede,46,ely_y2569_id_792fa763-8aa2-41a7-8fde-015194b1b29a,5665,9.134297553975394,2,127988,66932,4071
2569,pv_31_z_9,pv_31,,,9,ely_y2569_id_2d8a1c84-0bc8-4377-965d-c020a0097c27,2d8a1c84-0bc8-4377-965d-c020a0097c27,9,ely_y2569_id_036e3ef5-ea6c-41ea-99bb-f90b34e8ad81,3463,5.583772714813202,3,127988,66932,4071
2569,pv_31_z_9,pv_31,,,9,ely_y2569_id_0c044088-618b-49af-a291-fb28ffe9e0f8,0c044088-618b-49af-a291-fb28ffe9e0f8,11,ely_y2569_id_30302fc4-778b-4aed-86a7-312acf6e27ad,1097,1.7688127831793483,4,127988,66932,4071
2569,pv_31_z_9,pv_31,,,9,ely_y2569_id_115da917-bf32-4e96-a2ae-b7818d0909ee,115da917-bf32-4e96-a2ae-b7818d0909ee,6,ely_y2569_id_f9ccc007-c304-4db8-ba5b-39d7442a6e57,673,1.085151324594076,5,127988,66932,4071
2569,pv_31_z_9,pv_31,,,9,ely_y2569_id_339fa187-133c-4766-a6c2-36d1b32cda8f,339fa187-133c-4766-a6c2-36d1b32cda8f,23,ely_y2569_id_90b927f1-f59d-4d8f-92ce-49fbb8fbec25,372,0.5998161853625502,6,127988,66932,4071
2569,pv_31_z_9,pv_31,,,9,ely_y2569_id_d7155f6d-736d-42c0-8bc0-00ee6e1970dc,d7155f6d-736d-42c0-8bc0-00ee6e1970dc,27,ely_y2569_id_6402a2a2-2d32-4e02-bb23-ba0687068b3e,357,0.5756300488559957,7,127988,66932,4071
2569,pv_31_z_9,pv_31,,,9,ely_y2569_id_7ffe2115-72d1-4d71-9962-03ff61afc67c,,31,ely_y2569_id_67d22fd2-f9a9-44db-b5bb-e52ce7f37447,200,0.32248182008739257,8,127988,66932,4071
2569,pv_31_z_9,pv_31,,,9,ely_y2569_id_a62aca08-91b7-4f3f-ba8f-cb9e884a3799,a62aca08-91b7-4f3f-ba8f-cb9e884a3799,42,ely_y2569_id_171db759-aeaf-4a88-8318-a2136670db3f,119,0.19187668295199858,9,127988,66932,4071
2569,pv_94_z_1,pv_94,,,1,ely_y2569_id_013c219e-e197-416d-84ea-00ba9c35465e,013c219e-e197-416d-84ea-00ba9c35465e,37,ely_y2569_id_916af6f2-2cff-439a-9cb1-d30b1ae12680,22538,36.560953848649525,1,95605,65277,3061
2569,pv_94_z_1,pv_94,,,1,ely_y2569_id_a62aca08-91b7-4f3f-ba8f-cb9e884a3799,a62aca08-91b7-4f3f-ba8f-cb9e884a3799,42,ely_y2569_id_99b95645-cad7-4bd9-99c7-8dda735072b3,15127,24.538892043150295,2,95605,65277,3061
2569,pv_94_z_1,pv_94,,,1,ely_y2569_id_7f4755ca-ea3a-4023-869d-9cabba328db0,7f4755ca-ea3a-4023-869d-9cabba328db0,33,ely_y2569_id_920dad89-de9e-4c4a-a611-15fd64f12ca0,12833,20.81758455673615,3,95605,65277,3061
2569,pv_94_z_1,pv_94,,,1,ely_y2569_id_1116011c-1ef3-4cca-a186-c1b9f7984ede,1116011c-1ef3-4cca-a186-c1b9f7984ede,46,ely_y2569_id_8fc4829e-66cc-4cdc-8bc6-6ccd73559554,8127,13.183550977370428,4,95605,65277,3061
2569,pv_94_z_1,pv_94,,,1,ely_y2569_id_d7155f6d-736d-42c0-8bc0-00ee6e1970dc,d7155f6d-736d-42c0-8bc0-00ee6e1970dc,27,ely_y2569_id_3eefed37-00a5-4ce2-9c4a-830758725952,2327,3.7748398085813935,5,95605,65277,3061
2569,pv_94_z_1,pv_94,,,1,ely_y2569_id_115da917-bf32-4e96-a2ae-b7818d0909ee,115da917-bf32-4e96-a2ae-b7818d0909ee,6,ely_y2569_id_2f827e7a-fd9a-43cd-be10-02798c22417b,391,0.634276908102847,6,95605,65277,3061
2569,pv_94_z_1,pv_94,,,1,ely_y2569_id_2d8a1c84-0bc8-4377-965d-c020a0097c27,2d8a1c84-0bc8-4377-965d-c020a0097c27,9,ely_y2569_id_a8e49261-b536-4585-9394-46df13257202,302,0.48990185740936004,7,95605,65277,3061
2569,pv_41_z_7,pv_41,,,7,ely_y2569_id_2d8a1c84-0bc8-4377-965d-c020a0097c27,2d8a1c84-0bc8-4377-965d-c020a0097c27,9,ely_y2569_id_037343f9-6f19-47a3-bb3a-66b84260fe91,24883,40.37481745902969,1,128249,61630,3227
2569,pv_41_z_7,pv_41,,,7,ely_y2569_id_1116011c-1ef3-4cca-a186-c1b9f7984ede,1116011c-1ef3-4cca-a186-c1b9f7984ede,46,ely_y2569_id_e1a70e1d-1542-4415-9e98-073ef8abff68,24367,39.5375628752231,2,128249,61630,3227
2569,pv_41_z_7,pv_41,,,7,ely_y2569_id_cb1b6cf2-41fa-49b1-a060-01acf13edc81,cb1b6cf2-41fa-49b1-a060-01acf13edc81,48,ely_y2569_id_c63c2114-4061-4cf7-bad1-25e90953355c,3403,5.5216615284763915,3,128249,61630,3227
2569,pv_41_z_7,pv_41,,,7,ely_y2569_id_013c219e-e197-416d-84ea-00ba9c35465e,013c219e-e197-416d-84ea-00ba9c35465e,37,ely_y2569_id_1a0d964d-60e5-42af-9980-91792a3a18fc,2752,4.465357780301801,4,128249,61630,3227
2569,pv_41_z_7,pv_41,,,7,ely_y2569_id_03347cbc-6089-474c-a3f6-484ae981c9a6,03347cbc-6089-474c-a3f6-484ae981c9a6,43,ely_y2569_id_b8ad1361-adee-41b6-b9ad-c923a14f8105,2123,3.4447509329871817,5,128249,61630,3227
2569,pv_41_z_7,pv_41,,,7,ely_y2569_id_0c044088-618b-49af-a291-fb28ffe9e0f8,0c044088-618b-49af-a291-fb28ffe9e0f8,11,ely_y2569_id_4b039cc0-1219-44d0-a19e-9259128b9dee,1460,2.36897614797988,6,128249,61630,3227
2569,pv_41_z_7,pv_41,,,7,ely_y2569_id_d7155f6d-736d-42c0-8bc0-00ee6e1970dc,d7155f6d-736d-42c0-8bc0-00ee6e1970dc,27,ely_y2569_id_1f645f1a-ccca-4f6c-9c78-a3ac1545edf7,811,1.3159175726107415,7,128249,61630,3227
2569,pv_41_z_7,pv_41,,,7,ely_y2569_id_a62aca08-91b7-4f3f-ba8f-cb9e884a3799,a62aca08-91b7-4f3f-ba8f-cb9e884a3799,42,ely_y2569_id_6cddd325-b353-4a59-9b81-240e3b583a5e,714,1.1585266915463248,8,128249,61630,3227
2569,pv_41_z_7,pv_41,,,7,ely_y2569_id_115da917-bf32-4e96-a2ae-b7818d0909ee,115da917-bf32-4e96-a2ae-b7818d0909ee,6,ely_y2569_id_485f713b-0133-47f5-95db-54ffff790e61,624,1.0124939153009898,9,128249,61630,3227
2569,pv_41_z_7,pv_41,,,7,ely_y2569_id_965b4b93-c01e-4a2b-a987-577f2b99ebb4,965b4b93-c01e-4a2b-a987-577f2b99ebb4,49,ely_y2569_id_54112e01-e186-42e6-adc1-abe216a076a9,493,0.7999350965438909,10,128249,61630,3227
2569,pv_45_z_5,pv_45,,,5,ely_y2569_id_2d8a1c84-0bc8-4377-965d-c020a0097c27,2d8a1c84-0bc8-4377-965d-c020a0097c27,9,ely_y2569_id_351014e5-1cd9-468c-bdd8-44fcf1710cd7,39346,64.09709212348294,1,133199,71394,4171
2569,pv_45_z_5,pv_45,,,5,ely_y2569_id_1116011c-1ef3-4cca-a186-c1b9f7984ede,1116011c-1ef3-4cca-a186-c1b9f7984ede,46,ely_y2569_id_c893d76f-03f4-4a0b-9369-1282cde36275,10238,16.678341614400914,2,133199,71394,4171
2569,pv_45_z_5,pv_45,,,5,ely_y2569_id_013c219e-e197-416d-84ea-00ba9c35465e,013c219e-e197-416d-84ea-00ba9c35465e,37,ely_y2569_id_d522b525-fb04-4ffe-bd7b-6dc134b16905,8256,13.44953978985094,3,133199,71394,4171
2569,pv_45_z_5,pv_45,,,5,ely_y2569_id_f9cadd57-8256-49aa-9386-0da392b19fc2,f9cadd57-8256-49aa-9386-0da392b19fc2,29,ely_y2569_id_399b14d7-c6db-49e4-a7de-ab516af96af3,1026,1.671418098884092,4,133199,71394,4171
2569,pv_45_z_5,pv_45,,,5,ely_y2569_id_a62aca08-91b7-4f3f-ba8f-cb9e884a3799,a62aca08-91b7-4f3f-ba8f-cb9e884a3799,42,ely_y2569_id_4daad8d7-d4cf-4e82-b6bb-c917238d7f6d,883,1.4384621650240288,5,133199,71394,4171
2569,pv_45_z_5,pv_45,,,5,ely_y2569_id_115da917-bf32-4e96-a2ae-b7818d0909ee,115da917-bf32-4e96-a2ae-b7818d0909ee,6,ely_y2569_id_30a384df-b359-407e-af58-f3fe7df971ea,641,1.044229046183921,6,133199,71394,4171
2569,pv_45_z_5,pv_45,,,5,ely_y2569_id_d7155f6d-736d-42c0-8bc0-00ee6e1970dc,d7155f6d-736d-42c0-8bc0-00ee6e1970dc,27,ely_y2569_id_a9bf526e-6057-4266-a0ad-63e607a64a51,605,0.9855827971002687,7,133199,71394,4171
2569,pv_45_z_5,pv_45,,,5,ely_y2569_id_03347cbc-6089-474c-a3f6-484ae981c9a6,03347cbc-6089-474c-a3f6-484ae981c9a6,43,ely_y2569_id_a78f313a-0278-4953-a43c-7ba91c2c71e2,390,0.6353343650729005,8,133199,71394,4171
2569,pv_94_z_3,pv_94,,,3,ely_y2569_id_013c219e-e197-416d-84ea-00ba9c35465e,013c219e-e197-416d-84ea-00ba9c35465e,37,ely_y2569_id_d76d84c9-6100-44bc-b7a5-2ceecc998ffc,28280,46.213681079844434,1,99188,61194,3546
2569,pv_94_z_3,pv_94,,,3,ely_y2569_id_7f4755ca-ea3a-4023-869d-9cabba328db0,7f4755ca-ea3a-4023-869d-9cabba328db0,33,ely_y2569_id_50c03c00-333a-4724-9248-6b1fce9b3505,23025,37.626237866457494,2,99188,61194,3546
2569,pv_94_z_3,pv_94,,,3,ely_y2569_id_1116011c-1ef3-4cca-a186-c1b9f7984ede,1116011c-1ef3-4cca-a186-c1b9f7984ede,46,ely_y2569_id_4a15b3b0-b00e-48c0-adbc-e4d169ad0b7c,5487,8.966565349544073,3,99188,61194,3546
2569,pv_94_z_3,pv_94,,,3,ely_y2569_id_a62aca08-91b7-4f3f-ba8f-cb9e884a3799,a62aca08-91b7-4f3f-ba8f-cb9e884a3799,42,ely_y2569_id_1043df15-42ed-4b12-adc1-c62853b53fd6,2503,4.090270287936725,4,99188,61194,3546
2569,pv_94_z_3,pv_94,,,3,ely_y2569_id_d7155f6d-736d-42c0-8bc0-00ee6e1970dc,d7155f6d-736d-42c0-8bc0-00ee6e1970dc,27,ely_y2569_id_51eb1abc-bacd-4ba3-ba8d-4ab596df05d4,1247,2.0377814818446254,5,99188,61194,3546
2569,pv_94_z_3,pv_94,,,3,ely_y2569_id_2d8a1c84-0bc8-4377-965d-c020a0097c27,2d8a1c84-0bc8-4377-965d-c020a0097c27,9,ely_y2569_id_212a6109-d4f3-417f-9d01-15be1fea61eb,652,1.0654639343726509,6,99188,61194,3546
2569,pv_30_z_13,pv_30,,,13,ely_y2569_id_2d8a1c84-0bc8-4377-965d-c020a0097c27,2d8a1c84-0bc8-4377-965d-c020a0097c27,9,ely_y2569_id_3163b110-0349-4b33-ae87-adab9504a508,26258,43.1527223126099,1,130106,64469,6106
2569,pv_30_z_13,pv_30,,,13,ely_y2569_id_1116011c-1ef3-4cca-a186-c1b9f7984ede,1116011c-1ef3-4cca-a186-c1b9f7984ede,46,ely_y2569_id_50172d2d-dc5c-462d-8228-53900413b55f,22693,37.29395717267334,2,130106,64469,6106
2569,pv_30_z_13,pv_30,,,13,ely_y2569_id_013c219e-e197-416d-84ea-00ba9c35465e,013c219e-e197-416d-84ea-00ba9c35465e,37,ely_y2569_id_1763f32d-21c9-4e35-b6b7-1f506b52253e,5396,8.867853210406087,3,130106,64469,6106
2569,pv_30_z_13,pv_30,,,13,ely_y2569_id_0c044088-618b-49af-a291-fb28ffe9e0f8,0c044088-618b-49af-a291-fb28ffe9e0f8,11,ely_y2569_id_3c5529ad-a33a-4af4-8305-340025a7609d,2817,4.629492678597841,4,130106,64469,6106
2569,pv_30_z_13,pv_30,,,13,ely_y2569_id_03347cbc-6089-474c-a3f6-484ae981c9a6,03347cbc-6089-474c-a3f6-484ae981c9a6,43,ely_y2569_id_615bcef8-3512-4a52-94f0-ce6d0a4da23b,1809,2.9729329980772072,5,130106,64469,6106
2569,pv_30_z_13,pv_30,,,13,ely_y2569_id_d7155f6d-736d-42c0-8bc0-00ee6e1970dc,d7155f6d-736d-42c0-8bc0-00ee6e1970dc,27,ely_y2569_id_59e40b32-c439-40d6-b24a-b9c576bd3eed,1600,2.629459810350211,6,130106,64469,6106
2569,pv_30_z_13,pv_30,,,13,ely_y2569_id_7255d2d0-1f49-4fd8-adad-7acfea2d5126,7255d2d0-1f49-4fd8-adad-7acfea2d5126,56,ely_y2569_id_7bddc73c-df52-4f5d-9355-b431dcf25c56,276,0.4535818172854114,7,130106,64469,6106
2569,pv_31_z_10,pv_31,,,10,ely_y2569_id_013c219e-e197-416d-84ea-00ba9c35465e,013c219e-e197-416d-84ea-00ba9c35465e,37,ely_y2569_id_5e5b49c6-f126-4b9e-976d-0b75cad25bd9,47751,78.89467162329615,1,121301,60525,3554
2569,pv_31_z_10,pv_31,,,10,ely_y2569_id_1116011c-1ef3-4cca-a186-c1b9f7984ede,1116011c-1ef3-4cca-a186-c1b9f7984ede,46,ely_y2569_id_ec9c336a-66ac-4abd-81ac-01b3017cd45b,6224,10.283353985956216,2,121301,60525,3554
2569,pv_31_z_10,pv_31,,,10,ely_y2569_id_2d8a1c84-0bc8-4377-965d-c020a0097c27,2d8a1c84-0bc8-4377-965d-c020a0097c27,9,ely_y2569_id_6ba3f595-0044-483b-adfd-d950be611d45,3664,6.053696819496076,3,121301,60525,3554
2569,pv_31_z_10,pv_31,,,10,ely_y2569_id_d7155f6d-736d-42c0-8bc0-00ee6e1970dc,d7155f6d-736d-42c0-8bc0-00ee6e1970dc,27,ely_y2569_id_83675392-7973-4b22-84f3-366872dbacfa,1253,2.070218917802561,4,121301,60525,3554
2569,pv_31_z_10,pv_31,,,10,ely_y2569_id_0c044088-618b-49af-a291-fb28ffe9e0f8,0c044088-618b-49af-a291-fb28ffe9e0f8,11,ely_y2569_id_c904d411-30fa-4b89-b7a8-35ac971ad4cc,676,1.1168938455183808,5,121301,60525,3554
2569,pv_31_z_10,pv_31,,,10,ely_y2569_id_7ffe2115-72d1-4d71-9962-03ff61afc67c,,31,ely_y2569_id_27d04a3a-e6bc-476f-9791-f18d525ac137,372,0.6146220570012392,6,121301,60525,3554
2569,pv_31_z_10,pv_31,,,10,ely_y2569_id_115da917-bf32-4e96-a2ae-b7818d0909ee,115da917-bf32-4e96-a2ae-b7818d0909ee,6,ely_y2569_id_86633eac-0b94-44ab-812e-52ba0a8660bd,354,0.5848822800495663,7,121301,60525,3554
2569,pv_31_z_10,pv_31,,,10,ely_y2569_id_339fa187-133c-4766-a6c2-36d1b32cda8f,339fa187-133c-4766-a6c2-36d1b32cda8f,23,ely_y2569_id_d69c7e37-68e1-4617-95e9-9af18f19bf35,154,0.2544403139198678,8,121301,60525,3554
2569,pv_31_z_10,pv_31,,,10,ely_y2569_id_a62aca08-91b7-4f3f-ba8f-cb9e884a3799,a62aca08-91b7-4f3f-ba8f-cb9e884a3799,42,ely_y2569_id_cd41a1cb-cac9-4496-8bff-e8f8fdcec4c6,77,0.1272201569599339,9,121301,60525,3554
2569,pv_19_z_3,pv_19,,,3,ely_y2569_id_013c219e-e197-416d-84ea-00ba9c35465e,013c219e-e197-416d-84ea-00ba9c35465e,37,ely_y2569_id_a3e27427-9c8a-4b4d-b310-a8f500ee46a8,35796,59.740649877334405,1,125851,59919,3527
2569,pv_19_z_3,pv_19,,,3,ely_y2569_id_1116011c-1ef3-4cca-a186-c1b9f7984ede,1116011c-1ef3-4cca-a186-c1b9f7984ede,46,ely_y2569_id_5d79ff45-731d-40bb-beac-e924887cb34a,18381,30.676413157762976,2,125851,59919,3527
2569,pv_19_z_3,pv_19,,,3,ely_y2569_id_2d8a1c84-0bc8-4377-965d-c020a0097c27,2d8a1c84-0bc8-4377-965d-c020a0097c27,9,ely_y2569_id_5e8219ea-67ef-41ff-9255-15305f0a4285,2956,4.9333266576545,3,125851,59919,3527
2569,pv_19_z_3,pv_19,,,3,ely_y2569_id_115da917-bf32-4e96-a2ae-b7818d0909ee,115da917-bf32-4e96-a2ae-b7818d0909ee,6,ely_y2569_id_2f236af6-4d90-4233-876b-16ccc4967f46,894,1.4920142191959145,4,125851,59919,3527
2569,pv_19_z_3,pv_19,,,3,ely_y2569_id_d7155f6d-736d-42c0-8bc0-00ee6e1970dc,d7155f6d-736d-42c0-8bc0-00ee6e1970dc,27,ely_y2569_id_b34ee00e-3e5f-47b4-a548-cfdc941367e6,792,1.3217844089520854,5,125851,59919,3527
2569,pv_19_z_3,pv_19,,,3,ely_y2569_id_339fa187-133c-4766-a6c2-36d1b32cda8f,339fa187-133c-4766-a6c2-36d1b32cda8f,23,ely_y2569_id_8a425875-f3b6-4749-94fc-6eb3fd4d7756,468,0.7810544234716867,6,125851,59919,3527
2569,pv_19_z_3,pv_19,,,3,ely_y2569_id_a62aca08-91b7-4f3f-ba8f-cb9e884a3799,a62aca08-91b7-4f3f-ba8f-cb9e884a3799,42,ely_y2569_id_431474cf-1542-4f41-92c7-3959c6a3825e,344,0.5741083796458551,7,125851,59919,3527
2569,pv_19_z_3,pv_19,,,3,ely_y2569_id_7ffe2115-72d1-4d71-9962-03ff61afc67c,,31,ely_y2569_id_b3f32c8e-9cb4-4f35-8f57-60db1f9e5403,288,0.4806488759825765,8,125851,59919,3527
2569,pv_63_z_2,pv_63,,,2,ely_y2569_id_a62aca08-91b7-4f3f-ba8f-cb9e884a3799,a62aca08-91b7-4f3f-ba8f-cb9e884a3799,42,ely_y2569_id_54ae228d-e5ed-455c-8752-b262bba2991a,23734,40.59036803940347,1,129817,75065,9037
2569,pv_63_z_2,pv_63,,,2,ely_y2569_id_2d8a1c84-0bc8-4377-965d-c020a0097c27,2d8a1c84-0bc8-4377-965d-c020a0097c27,9,ely_y2569_id_0710e2e7-1a3d-4055-9334-c9fbc7eccd81,17990,30.766862771925023,2,129817,75065,9037
2569,pv_63_z_2,pv_63,,,2,ely_y2569_id_d7155f6d-736d-42c0-8bc0-00ee6e1970dc,d7155f6d-736d-42c0-8bc0-00ee6e1970dc,27,ely_y2569_id_b73f0c4a-3ef8-41b9-8f86-91c3178099f8,11676,19.968531946914762,3,129817,75065,9037
2569,pv_63_z_2,pv_63,,,2,ely_y2569_id_013c219e-e197-416d-84ea-00ba9c35465e,013c219e-e197-416d-84ea-00ba9c35465e,37,ely_y2569_id_fe0b5929-9704-4076-b08f-de5c6279d85a,2211,3.7812970310576004,4,129817,75065,9037
2569,pv_63_z_2,pv_63,,,2,ely_y2569_id_0c044088-618b-49af-a291-fb28ffe9e0f8,0c044088-618b-49af-a291-fb28ffe9e0f8,11,ely_y2569_id_9078e5c1-cb01-4ed7-bf19-cab1e5eee4ed,1458,2.493501162949788,5,129817,75065,9037
2569,pv_63_z_2,pv_63,,,2,ely_y2569_id_e9f5dc95-0d5c-46bc-8e2c-be791faa2b27,e9f5dc95-0d5c-46bc-8e2c-be791faa2b27,5,ely_y2569_id_e46dc7a8-050b-4b7e-b828-603f4df6ed33,1403,2.39943904774935,6,129817,75065,9037
2569,pv_58_z_1,pv_58,,,1,ely_y2569_id_a62aca08-91b7-4f3f-ba8f-cb9e884a3799,a62aca08-91b7-4f3f-ba8f-cb9e884a3799,42,ely_y2569_id_aa31e595-634a-47c2-bfd1-2e42d5e8338e,33724,58.336937155114256,1,89158,59511,3690
2569,pv_58_z_1,pv_58,,,1,ely_y2569_id_1116011c-1ef3-4cca-a186-c1b9f7984ede,1116011c-1ef3-4cca-a186-c1b9f7984ede,46,ely_y2569_id_3934b216-5b86-4123-9084-2a3035a1a825,17878,30.92598038367728,2,89158,59511,3690
2569,pv_58_z_1,pv_58,,,1,ely_y2569_id_2d8a1c84-0bc8-4377-965d-c020a0097c27,2d8a1c84-0bc8-4377-965d-c020a0097c27,9,ely_y2569_id_3ac88d9e-9e6c-4b32-9b04-debab070afda,2882,4.98538289885658,3,89158,59511,3690
2569,pv_58_z_1,pv_58,,,1,ely_y2569_id_d7155f6d-736d-42c0-8bc0-00ee6e1970dc,d7155f6d-736d-42c0-8bc0-00ee6e1970dc,27,ely_y2569_id_3ccb9046-ba8a-4266-871b-b40e4c83d94c,2062,3.566918645885589,4,89158,59511,3690
2569,pv_58_z_1,pv_58,,,1,ely_y2569_id_115da917-bf32-4e96-a2ae-b7818d0909ee,115da917-bf32-4e96-a2ae-b7818d0909ee,6,ely_y2569_id_7b274287-9d63-455e-af1e-152ef02ef995,1263,2.1847809164662944,5,89158,59511,3690
2569,pv_83_z_2,pv_83,,,2,ely_y2569_id_1116011c-1ef3-4cca-a186-c1b9f7984ede,1116011c-1ef3-4cca-a186-c1b9f7984ede,46,ely_y2569_id_dedcbaac-a849-4999-a2ab-fdd7db86ca03,21359,37.525914473453035,1,108376,60460,2751
2569,pv_83_z_2,pv_83,,,2,ely_y2569_id_013c219e-e197-416d-84ea-00ba9c35465e,013c219e-e197-416d-84ea-00ba9c35465e,37,ely_y2569_id_7b088919-63e3-48ba-a4c0-cbab2b8d5f40,18945,33.28472539442707,2,108376,60460,2751
2569,pv_83_z_2,pv_83,,,2,ely_y2569_id_d7155f6d-736d-42c0-8bc0-00ee6e1970dc,d7155f6d-736d-42c0-8bc0-00ee6e1970dc,27,ely_y2569_id_b453537e-eadf-4102-9bdd-a0136105af0f,12446,21.86654485400049,3,108376,60460,2751
2569,pv_83_z_2,pv_83,,,2,ely_y2569_id_2d8a1c84-0bc8-4377-965d-c020a0097c27,2d8a1c84-0bc8-4377-965d-c020a0097c27,9,ely_y2569_id_cc0638d5-025e-4aae-bf0b-06f4fa0d3f62,2184,3.8370989845040233,4,108376,60460,2751
2569,pv_83_z_2,pv_83,,,2,ely_y2569_id_0c044088-618b-49af-a291-fb28ffe9e0f8,0c044088-618b-49af-a291-fb28ffe9e0f8,11,ely_y2569_id_927b0d47-783e-4cf5-9259-57ab3574d3a2,1984,3.4857162936153765,5,108376,60460,2751
2569,pv_20_z_9,pv_20,,,9,ely_y2569_id_1116011c-1ef3-4cca-a186-c1b9f7984ede,1116011c-1ef3-4cca-a186-c1b9f7984ede,46,ely_y2569_id_73bfb4f4-3e49-4c6c-9b74-2dfff33e0aee,24410,43.22725743328198,1,122755,58973,2878
2569,pv_20_z_9,pv_20,,,9,ely_y2569_id_013c219e-e197-416d-84ea-00ba9c35465e,013c219e-e197-416d-84ea-00ba9c35465e,37,ely_y2569_id_a1ea207e-f9de-4fae-a8d2-edcf2fa3b4ab,21976,38.91692787192973,2,122755,58973,2878
2569,pv_20_z_9,pv_20,,,9,ely_y2569_id_2d8a1c84-0bc8-4377-965d-c020a0097c27,2d8a1c84-0bc8-4377-965d-c020a0097c27,9,ely_y2569_id_f8b07a29-12d3-4cfa-9306-84ce8ae957ce,5187,9.185570844179992,3,122755,58973,2878
2569,pv_20_z_9,pv_20,,,9,ely_y2569_id_d7155f6d-736d-42c0-8bc0-00ee6e1970dc,d7155f6d-736d-42c0-8bc0-00ee6e1970dc,27,ely_y2569_id_d5706f0c-6c71-4444-a96c-6853d95a0693,2413,4.273141015424392,4,122755,58973,2878
2569,pv_20_z_9,pv_20,,,9,ely_y2569_id_115da917-bf32-4e96-a2ae-b7818d0909ee,115da917-bf32-4e96-a2ae-b7818d0909ee,6,ely_y2569_id_7aa9758f-6fe3-4587-9d5d-1b10ddec807c,1055,1.8682817120898192,5,122755,58973,2878
2569,pv_20_z_9,pv_20,,,9,ely_y2569_id_f9cadd57-8256-49aa-9386-0da392b19fc2,f9cadd57-8256-49aa-9386-0da392b19fc2,29,ely_y2569_id_461a74ca-e165-4f46-ba99-c47d18b08d38,794,1.4060812127007738,6,122755,58973,2878
2569,pv_20_z_9,pv_20,,,9,ely_y2569_id_03347cbc-6089-474c-a3f6-484ae981c9a6,03347cbc-6089-474c-a3f6-484ae981c9a6,43,ely_y2569_id_79d07f57-f0aa-4624-a0c5-d98398ea1003,347,0.6144964493793055,7,122755,58973,2878
2569,pv_20_z_9,pv_20,,,9,ely_y2569_id_339fa187-133c-4766-a6c2-36d1b32cda8f,339fa187-133c-4766-a6c2-36d1b32cda8f,23,ely_y2569_id_1d01d036-2c36-40ac-86ae-4a888bf756d8,287,0.5082434610140076,8,122755,58973,2878
2569,pv_21_z_4,pv_21,,,4,ely_y2569_id_013c219e-e197-416d-84ea-00ba9c35465e,013c219e-e197-416d-84ea-00ba9c35465e,37,ely_y2569_id_fa94c18e-019e-47a6-8561-1bbf3618d6d0,32408,60.71301448135035,1,129476,53379,2206
2569,pv_21_z_4,pv_21,,,4,ely_y2569_id_1116011c-1ef3-4cca-a186-c1b9f7984ede,1116011c-1ef3-4cca-a186-c1b9f7984ede,46,ely_y2569_id_e2ac3e24-55e4-4dda-a20f-69ed2af15dfc,15785,29.571554356582176,2,129476,53379,2206
2569,pv_21_z_4,pv_21,,,4,ely_y2569_id_d7155f6d-736d-42c0-8bc0-00ee6e1970dc,d7155f6d-736d-42c0-8bc0-00ee6e1970dc,27,ely_y2569_id_78f6ca5a-d3b8-4974-979c-76098c52526b,2787,5.2211543865565115,3,129476,53379,2206
2569,pv_21_z_4,pv_21,,,4,ely_y2569_id_2d8a1c84-0bc8-4377-965d-c020a0097c27,2d8a1c84-0bc8-4377-965d-c020a0097c27,9,ely_y2569_id_2eb31d4a-33b4-44d0-b00e-777bd44e9e5b,1382,2.589033140373555,4,129476,53379,2206
2569,pv_21_z_4,pv_21,,,4,ely_y2569_id_115da917-bf32-4e96-a2ae-b7818d0909ee,115da917-bf32-4e96-a2ae-b7818d0909ee,6,ely_y2569_id_4e335260-28b2-4968-a8a7-1ce61a455b84,604,1.1315311264729575,5,129476,53379,2206
2569,pv_21_z_4,pv_21,,,4,ely_y2569_id_965b4b93-c01e-4a2b-a987-577f2b99ebb4,965b4b93-c01e-4a2b-a987-577f2b99ebb4,49,ely_y2569_id_c8f81b90-21a1-4d5d-9bcd-8dd4ef15c5b5,215,0.40278011952265874,6,129476,53379,2206
2569,pv_21_z_4,pv_21,,,4,ely_y2569_id_a62aca08-91b7-4f3f-ba8f-cb9e884a3799,a62aca08-91b7-4f3f-ba8f-cb9e884a3799,42,ely_y2569_id_fc210f07-e3bb-47c0-b959-f280ccb2a12c,198,0.3709323891417973,7,129476,53379,2206
2569,pv_36_z_4,pv_36,,,4,ely_y2569_id_013c219e-e197-416d-84ea-00ba9c35465e,013c219e-e197-416d-84ea-00ba9c35465e,37,ely_y2569_id_b390484f-2636-46c2-a7d7-c98890ae033d,27557,52.63992359121299,1,121184,52350,3283
2569,pv_36_z_4,pv_36,,,4,ely_y2569_id_a62aca08-91b7-4f3f-ba8f-cb9e884a3799,a62aca08-91b7-4f3f-ba8f-cb9e884a3799,42,ely_y2569_id_b4c0377f-6dca-4c57-a5e6-d849ce3c11c7,12666,24.19484240687679,2,121184,52350,3283
2569,pv_36_z_4,pv_36,,,4,ely_y2569_id_2d8a1c84-0bc8-4377-965d-c020a0097c27,2d8a1c84-0bc8-4377-965d-c020a0097c27,9,ely_y2569_id_b540b6ae-e6c7-4b20-8f79-f8aaa7dde1f2,6232,11.904489016236868,3,121184,52350,3283
2569,pv_36_z_4,pv_36,,,4,ely_y2569_id_1116011c-1ef3-4cca-a186-c1b9f7984ede,1116011c-1ef3-4cca-a186-c1b9f7984ede,46,ely_y2569_id_fcf67a41-775e-42f4-8f02-3cd55050fd44,4962,9.478510028653295,4,121184,52350,3283
2569,pv_36_z_4,pv_36,,,4,ely_y2569_id_115da917-bf32-4e96-a2ae-b7818d0909ee,115da917-bf32-4e96-a2ae-b7818d0909ee,6,ely_y2569_id_3c0a9dbe-134c-43e3-89f9-86555ef4fba4,409,0.7812798471824259,5,121184,52350,3283
2569,pv_36_z_4,pv_36,,,4,ely_y2569_id_0c044088-618b-49af-a291-fb28ffe9e0f8,0c044088-618b-49af-a291-fb28ffe9e0f8,11,ely_y2569_id_9a5ab21b-eee4-4a4f-a814-30894b6be865,269,0.5138490926456543,6,121184,52350,3283
2569,pv_36_z_4,pv_36,,,4,ely_y2569_id_d7155f6d-736d-42c0-8bc0-00ee6e1970dc,d7155f6d-736d-42c0-8bc0-00ee6e1970dc,27,ely_y2569_id_fe0f8667-bbdc-427e-ba7f-b84128739634,186,0.3553008595988539,7,121184,52350,3283
2569,pv_36_z_4,pv_36,,,4,ely_y2569_id_d1964fe3-2dd0-43d5-a190-77fbfaf586b2,,8,ely_y2569_id_f4bb63ca-d84c-4dff-8c41-e3948f6a54bb,69,0.13180515759312322,8,121184,52350,3283
2569,pv_36_z_1,pv_36,,,1,ely_y2569_id_2d8a1c84-0bc8-4377-965d-c020a0097c27,2d8a1c84-0bc8-4377-965d-c020a0097c27,9,ely_y2569_id_243ebeac-2800-4e4b-bf5d-94e9e4cee58e,7812,56.46548608601374,1,129441,13984,814
2569,pv_36_z_1,pv_36,,,1,ely_y2569_id_1116011c-1ef3-4cca-a186-c1b9f7984ede,1116011c-1ef3-4cca-a186-c1b9f7984ede,46,ely_y2569_id_b4568daa-ec95-44c1-89ba-6e1a54866be4,3678,26.584748825442716,2,129441,13984,814
2569,pv_36_z_1,pv_36,,,1,ely_y2569_id_013c219e-e197-416d-84ea-00ba9c35465e,013c219e-e197-416d-84ea-00ba9c35465e,37,ely_y2569_id_3f1e68b5-d6eb-4a96-b412-73dfea3147e1,862,6.230574629562703,3,129441,13984,814
2569,pv_36_z_1,pv_36,,,1,ely_y2569_id_a62aca08-91b7-4f3f-ba8f-cb9e884a3799,a62aca08-91b7-4f3f-ba8f-cb9e884a3799,42,ely_y2569_id_b25ab107-2f77-4e0d-b6a1-75ad3d1cb61c,709,5.124683773039393,4,129441,13984,814
2569,pv_36_z_1,pv_36,,,1,ely_y2569_id_0c044088-618b-49af-a291-fb28ffe9e0f8,0c044088-618b-49af-a291-fb28ffe9e0f8,11,ely_y2569_id_d77f12fd-ad5a-449a-80de-d9735a7b9757,185,1.3371882905674015,5,129441,13984,814
2569,pv_36_z_1,pv_36,,,1,ely_y2569_id_d7155f6d-736d-42c0-8bc0-00ee6e1970dc,d7155f6d-736d-42c0-8bc0-00ee6e1970dc,27,ely_y2569_id_3a438637-aea5-49ed-bcce-528c76ed3892,163,1.178171304662089,6,129441,13984,814
2569,pv_36_z_1,pv_36,,,1,ely_y2569_id_bdd306a2-80c7-4d7b-a7ff-8dc1ec9fcc76,bdd306a2-80c7-4d7b-a7ff-8dc1ec9fcc76,10,ely_y2569_id_614fef78-33b9-4017-aa1c-61e3435caf66,145,1.0480664980122878,7,129441,13984,814
2569,pv_36_z_1,pv_36,,,1,ely_y2569_id_115da917-bf32-4e96-a2ae-b7818d0909ee,115da917-bf32-4e96-a2ae-b7818d0909ee,6,ely_y2569_id_7c55e712-f382-48ac-8399-5807fdba1255,139,1.0046982291290207,8,129441,13984,814
2569,pv_36_z_1,pv_36,,,1,ely_y2569_id_30f1cea0-4fc2-4fcf-86f0-96000cf188b5,30f1cea0-4fc2-4fcf-86f0-96000cf188b5,22,ely_y2569_id_e3fa51d8-09e2-4623-b2f8-75e83390a72e,77,0.5565594506685941,9,129441,13984,814
2569,pv_36_z_1,pv_36,,,1,ely_y2569_id_965b4b93-c01e-4a2b-a987-577f2b99ebb4,965b4b93-c01e-4a2b-a987-577f2b99ebb4,49,ely_y2569_id_a0dc74ca-52cf-435e-8041-2f4fc977a5c4,65,0.46982291290205996,10,129441,13984,814
