year,zone_id,province_id,province_name,region,zone_number,party_id,party_name,party_code,candidate_id,votes,vote_pct,rank,eligible_voters,total_votes,invalid_votes
2566,pv_23_z_1,pv_23,,,1,ely_y2566_id_164,164,164,ely_y2566_id_1458,47046,38.0,1,175112,121333,6400
2566,pv_23_z_1,pv_23,,,1,ely_y2566_id_34,,34,ely_y2566_id_1461,24966,20.0,2,175112,121333,6400
2566,pv_23_z_1,pv_23,,,1,ely_y2566_id_192,192,192,ely_y2566_id_1459,19082,15.0,3,175112,121333,6400
2566,pv_23_z_1,pv_23,,,1,ely_y2566_id_229,229,229,ely_y2566_id_1462,11684,9.0,4,175112,121333,6400
2566,pv_23_z_1,pv_23,,,1,ely_y2566_id_63,,63,ely_y2566_id_1465,8624,7.0,5,175112,121333,6400
2566,pv_23_z_1,pv_23,,,1,ely_y2566_id_1,,1,ely_y2566_id_1464,7798,6.0,6,175112,121333,6400
2566,pv_23_z_1,pv_23,,,1,ely_y2566_id_145,145,145,ely_y2566_id_1460,1410,1.0,7,175112,121333,6400
2566,pv_23_z_1,pv_23,,,1,ely_y2566_id_227,227,227,ely_y2566_id_1463,472,0,8,175112,121333,6400
2566,pv_85_z_1,pv_85,,,1,ely_y2566_id_63,,63,ely_y2566_id_3208,44717,44.0,1,140024,99867,4365
2566,pv_85_z_1,pv_85,,,1,ely_y2566_id_229,229,229,ely_y2566_id_3210,22853,22.0,2,140024,99867,4365
2566,pv_85_z_1,pv_85,,,1,ely_y2566_id_164,164,164,ely_y2566_id_3211,13568,13.0,3,140024,99867,4365
2566,pv_85_z_1,pv_85,,,1,ely_y2566_id_192,192,192,ely_y2566_id_3212,12940,13.0,4,140024,99867,4365
2566,pv_85_z_1,pv_85,,,1,ely_y2566_id_34,,34,ely_y2566_id_3213,2297,2.0,5,140024,99867,4365
2566,pv_85_z_1,pv_85,,,1,ely_y2566_id_1,,1,ely_y2566_id_3207,1803,1.0,6,140024,99867,4365
2566,pv_85_z_1,pv_85,,,1,ely_y2566_id_227,227,227,ely_y2566_id_3209,640,0,7,140024,99867,4365
2566,pv_85_z_1,pv_85,,,1,ely_y2566_id_145,145,145,ely_y2566_id_3215,358,0,8,140024,99867,4365
2566,pv_85_z_1,pv_85,,,1,ely_y2566_id_189,189,189,ely_y2566_id_3214,141,0,9,140024,99867,4365
2566,pv_85_z_1,pv_85,,,1,ely_y2566_id_157,157,157,ely_y2566_id_3216,90,0,10,140024,99867,4365
2566,pv_75_z_1,pv_75,,,1,ely_y2566_id_164,164,164,ely_y2566_id_3917,42882,37.0,1,156024,113843,4646
2566,pv_75_z_1,pv_75,,,1,ely_y2566_id_229,229,229,ely_y2566_id_3914,21953,19.0,2,156024,113843,4646
2566,pv_75_z_1,pv_75,,,1,ely_y2566_id_1,,1,ely_y2566_id_3916,16353,14.0,3,156024,113843,4646
2566,pv_75_z_1,pv_75,,,1,ely_y2566_id_192,192,192,ely_y2566_id_3912,15716,13.0,4,156024,113843,4646
2566,pv_75_z_1,pv_75,,,1,ely_y2566_id_34,,34,ely_y2566_id_3918,14082,12.0,5,156024,113843,4646
2566,pv_75_z_1,pv_75,,,1,ely_y2566_id_227,227,227,ely_y2566_id_3911,733,0,6,156024,113843,4646
2566,pv_75_z_1,pv_75,,,1,ely_y2566_id_234,234,234,ely_y2566_id_3913,602,0,7,156024,113843,4646
2566,pv_75_z_1,pv_75,,,1,ely_y2566_id_145,145,145,ely_y2566_id_3919,601,0,8,156024,113843,4646
2566,pv_75_z_1,pv_75,,,1,ely_y2566_id_63,,63,ely_y2566_id_3915,532,0,9,156024,113843,4646
2566,pv_75_z_1,pv_75,,,1,ely_y2566_id_185,185,185,ely_y2566_id_3920,120,0,10,156024,113843,4646
2566,pv_17_z_1,pv_17,,,1,ely_y2566_id_192,192,192,ely_y2566_id_4021,42292,34.0,1,168062,122720,6624
2566,pv_17_z_1,pv_17,,,1,ely_y2566_id_164,164,164,ely_y2566_id_4019,39290,32.0,2,168062,122720,6624
2566,pv_17_z_1,pv_17,,,1,ely_y2566_id_34,,34,ely_y2566_id_4022,29193,24.0,3,168062,122720,6624
2566,pv_17_z_1,pv_17,,,1,ely_y2566_id_229,229,229,ely_y2566_id_4015,5047,4.0,4,168062,122720,6624
2566,pv_17_z_1,pv_17,,,1,ely_y2566_id_227,227,227,ely_y2566_id_4020,2317,1.0,5,168062,122720,6624
2566,pv_17_z_1,pv_17,,,1,ely_y2566_id_145,145,145,ely_y2566_id_4023,1162,0,6,168062,122720,6624
2566,pv_17_z_1,pv_17,,,1,ely_y2566_id_63,,63,ely_y2566_id_4017,693,0,7,168062,122720,6624
2566,pv_17_z_1,pv_17,,,1,ely_y2566_id_234,234,234,ely_y2566_id_4016,675,0,8,168062,122720,6624
2566,pv_17_z_1,pv_17,,,1,ely_y2566_id_1,,1,ely_y2566_id_4018,626,0,9,168062,122720,6624
2566,pv_17_z_1,pv_17,,,1,ely_y2566_id_189,189,189,ely_y2566_id_4024,183,0,10,168062,122720,6624
2566,pv_18_z_1,pv_18,,,1,ely_y2566_id_229,229,229,ely_y2566_id_1054,43935,46.0,1,131511,96040,4652
2566,pv_18_z_1,pv_18,,,1,ely_y2566_id_164,164,164,ely_y2566_id_1047,27497,28.0,2,131511,96040,4652
2566,pv_18_z_1,pv_18,,,1,ely_y2566_id_34,,34,ely_y2566_id_1053,16410,17.0,3,131511,96040,4652
2566,pv_18_z_1,pv_18,,,1,ely_y2566_id_45,,45,ely_y2566_id_1049,3236,3.0,4,131511,96040,4652
2566,pv_18_z_1,pv_18,,,1,ely_y2566_id_1,,1,ely_y2566_id_1052,1744,1.0,5,131511,96040,4652
2566,pv_18_z_1,pv_18,,,1,ely_y2566_id_63,,63,ely_y2566_id_1046,792,0,6,131511,96040,4652
2566,pv_18_z_1,pv_18,,,1,ely_y2566_id_227,227,227,ely_y2566_id_1051,644,0,7,131511,96040,4652
2566,pv_18_z_1,pv_18,,,1,ely_y2566_id_145,145,145,ely_y2566_id_1050,346,0,8,131511,96040,4652
2566,pv_18_z_1,pv_18,,,1,ely_y2566_id_234,234,234,ely_y2566_id_1056,220,0,9,131511,96040,4652
2566,pv_18_z_1,pv_18,,,1,ely_y2566_id_189,189,189,ely_y2566_id_1055,164,0,10,131511,96040,4652
2566,pv_18_z_1,pv_18,,,1,ely_y2566_id_192,192,192,ely_y2566_id_1048,0,0,11,131511,96040,4652
2566,pv_18_z_2,pv_18,,,2,ely_y2566_id_63,,63,ely_y2566_id_1065,52205,54.0,1,130811,96196,6037
2566,pv_18_z_2,pv_18,,,2,ely_y2566_id_164,164,164,ely_y2566_id_1063,20676,21.0,2,130811,96196,6037
2566,pv_18_z_2,pv_18,,,2,ely_y2566_id_34,,34,ely_y2566_id_1062,16352,17.0,3,130811,96196,6037
2566,pv_18_z_2,pv_18,,,2,ely_y2566_id_192,192,192,ely_y2566_id_1060,1995,2.0,4,130811,96196,6037
2566,pv_18_z_2,pv_18,,,2,ely_y2566_id_229,229,229,ely_y2566_id_1059,1581,1.0,5,130811,96196,6037
2566,pv_18_z_2,pv_18,,,2,ely_y2566_id_45,,45,ely_y2566_id_1064,1124,1.0,6,130811,96196,6037
2566,pv_18_z_2,pv_18,,,2,ely_y2566_id_227,227,227,ely_y2566_id_1057,910,0,7,130811,96196,6037
2566,pv_18_z_2,pv_18,,,2,ely_y2566_id_1,,1,ely_y2566_id_1061,529,0,8,130811,96196,6037
2566,pv_18_z_2,pv_18,,,2,ely_y2566_id_145,145,145,ely_y2566_id_1058,478,0,9,130811,96196,6037
2566,pv_18_z_2,pv_18,,,2,ely_y2566_id_234,234,234,ely_y2566_id_1066,192,0,10,130811,96196,6037
2566,pv_26_z_1,pv_26,,,1,ely_y2566_id_34,,34,ely_y2566_id_1500,32030,40.0,1,102841,79784,3908
2566,pv_26_z_1,pv_26,,,1,ely_y2566_id_63,,63,ely_y2566_id_1498,25191,31.0,2,102841,79784,3908
2566,pv_26_z_1,pv_26,,,1,ely_y2566_id_164,164,164,ely_y2566_id_1502,13430,16.0,3,102841,79784,3908
2566,pv_26_z_1,pv_26,,,1,ely_y2566_id_229,229,229,ely_y2566_id_1504,6654,8.0,4,102841,79784,3908
2566,pv_26_z_1,pv_26,,,1,ely_y2566_id_1,,1,ely_y2566_id_1503,1313,1.0,5,102841,79784,3908
2566,pv_26_z_1,pv_26,,,1,ely_y2566_id_192,192,192,ely_y2566_id_1499,421,0,6,102841,79784,3908
2566,pv_26_z_1,pv_26,,,1,ely_y2566_id_145,145,145,ely_y2566_id_1501,301,0,7,102841,79784,3908
2566,pv_26_z_1,pv_26,,,1,ely_y2566_id_244,244,244,ely_y2566_id_1505,289,0,8,102841,79784,3908
2566,pv_26_z_1,pv_26,,,1,ely_y2566_id_234,234,234,ely_y2566_id_1506,155,0,9,102841,79784,3908
2566,pv_26_z_2,pv_26,,,2,ely_y2566_id_63,,63,ely_y2566_id_1507,24479,29.0,2,107118,84123,4212
2566,pv_26_z_2,pv_26,,,2,ely_y2566_id_164,164,164,ely_y2566_id_1512,14406,17.0,3,107118,84123,4212
2566,pv_26_z_2,pv_26,,,2,ely_y2566_id_229,229,229,ely_y2566_id_1509,2292,2.0,4,107118,84123,4212
2566,pv_26_z_2,pv_26,,,2,ely_y2566_id_1,,1,ely_y2566_id_1508,2132,2.0,5,107118,84123,4212
2566,pv_26_z_2,pv_26,,,2,ely_y2566_id_244,244,244,ely_y2566_id_1510,399,0,6,107118,84123,4212
2566,pv_26_z_2,pv_26,,,2,ely_y2566_id_192,192,192,ely_y2566_id_1513,371,0,7,107118,84123,4212
2566,pv_26_z_2,pv_26,,,2,ely_y2566_id_145,145,145,ely_y2566_id_1514,236,0,8,107118,84123,4212
2566,pv_26_z_2,pv_26,,,2,ely_y2566_id_234,234,234,ely_y2566_id_1515,205,0,9,107118,84123,4212
2566,pv_26_z_2,pv_26,,,2,ely_y2566_id_211,211,211,ely_y2566_id_1516,107,0,10,107118,84123,4212
2566,pv_82_z_1,pv_82,,,1,ely_y2566_id_63,,63,ely_y2566_id_2607,34457,47.0,1,98336,72872,3019
2566,pv_82_z_1,pv_82,,,1,ely_y2566_id_1,,1,ely_y2566_id_2600,15850,21.0,2,98336,72872,3019
2566,pv_82_z_1,pv_82,,,1,ely_y2566_id_164,164,164,ely_y2566_id_2602,10284,14.0,3,98336,72872,3019
2566,pv_82_z_1,pv_82,,,1,ely_y2566_id_229,229,229,ely_y2566_id_2606,6194,8.0,4,98336,72872,3019
2566,pv_82_z_1,pv_82,,,1,ely_y2566_id_34,,34,ely_y2566_id_2604,2594,3.0,5,98336,72872,3019
2566,pv_82_z_1,pv_82,,,1,ely_y2566_id_192,192,192,ely_y2566_id_2608,1137,1.0,6,98336,72872,3019
2566,pv_82_z_1,pv_82,,,1,ely_y2566_id_227,227,227,ely_y2566_id_2605,548,0,7,98336,72872,3019
2566,pv_82_z_1,pv_82,,,1,ely_y2566_id_149,149,149,ely_y2566_id_2610,507,0,8,98336,72872,3019
2566,pv_82_z_1,pv_82,,,1,ely_y2566_id_145,145,145,ely_y2566_id_2601,482,0,9,98336,72872,3019
2566,pv_82_z_1,pv_82,,,1,ely_y2566_id_236,236,236,ely_y2566_id_2603,428,0,10,98336,72872,3019
2566,pv_82_z_1,pv_82,,,1,ely_y2566_id_189,189,189,ely_y2566_id_2609,135,0,11,98336,72872,3019
2566,pv_82_z_2,pv_82,,,2,ely_y2566_id_192,192,192,ely_y2566_id_2612,21506,28.0,1,108410,78389,3506
2566,pv_82_z_2,pv_82,,,2,ely_y2566_id_34,,34,ely_y2566_id_2614,21397,28.0,2,108410,78389,3506
2566,pv_82_z_2,pv_82,,,2,ely_y2566_id_63,,63,ely_y2566_id_2611,14065,18.0,3,108410,78389,3506
2566,pv_82_z_2,pv_82,,,2,ely_y2566_id_229,229,229,ely_y2566_id_2616,7598,10.0,4,108410,78389,3506
2566,pv_82_z_2,pv_82,,,2,ely_y2566_id_1,,1,ely_y2566_id_2615,7466,9.0,5,108410,78389,3506
2566,pv_82_z_2,pv_82,,,2,ely_y2566_id_227,227,227,ely_y2566_id_2613,1542,2.0,6,108410,78389,3506
2566,pv_82_z_2,pv_82,,,2,ely_y2566_id_145,145,145,ely_y2566_id_2618,950,1.0,7,108410,78389,3506
2566,pv_82_z_2,pv_82,,,2,ely_y2566_id_228,228,228,ely_y2566_id_2619,543,0,8,108410,78389,3506
2566,pv_82_z_2,pv_82,,,2,ely_y2566_id_236,236,236,ely_y2566_id_2617,426,0,9,108410,78389,3506
2566,pv_49_z_1,pv_49,,,1,ely_y2566_id_192,192,192,ely_y2566_id_2979,33514,33.0,1,139625,101533,3904
2566,pv_49_z_1,pv_49,,,1,ely_y2566_id_164,164,164,ely_y2566_id_2980,28451,28.0,2,139625,101533,3904
2566,pv_49_z_1,pv_49,,,1,ely_y2566_id_34,,34,ely_y2566_id_2978,26406,26.0,3,139625,101533,3904
2566,pv_49_z_1,pv_49,,,1,ely_y2566_id_227,227,227,ely_y2566_id_2974,6106,6.0,4,139625,101533,3904
2566,pv_49_z_1,pv_49,,,1,ely_y2566_id_145,145,145,ely_y2566_id_2976,2034,2.0,5,139625,101533,3904
2566,pv_49_z_1,pv_49,,,1,ely_y2566_id_229,229,229,ely_y2566_id_2975,1573,1.0,6,139625,101533,3904
2566,pv_49_z_1,pv_49,,,1,ely_y2566_id_63,,63,ely_y2566_id_2977,1332,1.0,7,139625,101533,3904
2566,pv_49_z_1,pv_49,,,1,ely_y2566_id_1,,1,ely_y2566_id_2981,640,0,8,139625,101533,3904
2566,pv_49_z_1,pv_49,,,1,ely_y2566_id_189,189,189,ely_y2566_id_2982,410,0,9,139625,101533,3904
2566,pv_49_z_1,pv_49,,,1,ely_y2566_id_234,234,234,ely_y2566_id_2984,151,0,10,139625,101533,3904
2566,pv_49_z_1,pv_49,,,1,ely_y2566_id_170,170,170,ely_y2566_id_2985,126,0,11,139625,101533,3904
2566,pv_49_z_2,pv_49,,,2,ely_y2566_id_164,164,164,ely_y2566_id_2990,28555,29.0,1,137161,97677,4455
2566,pv_49_z_2,pv_49,,,2,ely_y2566_id_192,192,192,ely_y2566_id_2993,18572,19.0,3,137161,97677,4455
2566,pv_49_z_2,pv_49,,,2,ely_y2566_id_63,,63,ely_y2566_id_2986,13727,14.0,4,137161,97677,4455
2566,pv_49_z_2,pv_49,,,2,ely_y2566_id_227,227,227,ely_y2566_id_2987,4838,4.0,5,137161,97677,4455
2566,pv_49_z_2,pv_49,,,2,ely_y2566_id_145,145,145,ely_y2566_id_2991,2669,2.0,6,137161,97677,4455
2566,pv_49_z_2,pv_49,,,2,ely_y2566_id_229,229,229,ely_y2566_id_2992,1668,1.0,7,137161,97677,4455
2566,pv_49_z_2,pv_49,,,2,ely_y2566_id_1,,1,ely_y2566_id_2995,1532,1.0,8,137161,97677,4455
2566,pv_49_z_2,pv_49,,,2,ely_y2566_id_175,175,175,ely_y2566_id_2988,496,0,9,137161,97677,4455
2566,pv_49_z_2,pv_49,,,2,ely_y2566_id_230,230,230,ely_y2566_id_3000,478,0,10,137161,97677,4455
2566,pv_49_z_2,pv_49,,,2,ely_y2566_id_157,157,157,ely_y2566_id_2994,458,0,11,137161,97677,4455
2566,pv_49_z_2,pv_49,,,2,ely_y2566_id_109,,109,ely_y2566_id_2999,379,0,12,137161,97677,4455
2566,pv_49_z_2,pv_49,,,2,ely_y2566_id_234,234,234,ely_y2566_id_2996,335,0,13,137161,97677,4455
2566,pv_49_z_2,pv_49,,,2,ely_y2566_id_170,170,170,ely_y2566_id_2997,190,0,14,137161,97677,4455
2566,pv_49_z_2,pv_49,,,2,ely_y2566_id_189,189,189,ely_y2566_id_2998,0,0,15,137161,97677,4455
2566,pv_58_z_1,pv_58,,,1,ely_y2566_id_192,192,192,ely_y2566_id_3002,18772,28.0,1,87373,67485,4081
2566,pv_58_z_1,pv_58,,,1,ely_y2566_id_164,164,164,ely_y2566_id_3007,13876,21.0,2,87373,67485,4081
2566,pv_58_z_1,pv_58,,,1,ely_y2566_id_1,,1,ely_y2566_id_3006,12460,18.0,3,87373,67485,4081
2566,pv_58_z_1,pv_58,,,1,ely_y2566_id_229,229,229,ely_y2566_id_3005,7510,11.0,4,87373,67485,4081
2566,pv_58_z_1,pv_58,,,1,ely_y2566_id_63,,63,ely_y2566_id_3003,6485,9.0,5,87373,67485,4081
2566,pv_58_z_1,pv_58,,,1,ely_y2566_id_34,,34,ely_y2566_id_3004,4957,7.0,6,87373,67485,4081
2566,pv_58_z_1,pv_58,,,1,ely_y2566_id_55,,55,ely_y2566_id_3008,754,1.0,7,87373,67485,4081
2566,pv_58_z_1,pv_58,,,1,ely_y2566_id_145,145,145,ely_y2566_id_3001,669,1.0,8,87373,67485,4081
2566,pv_58_z_1,pv_58,,,1,ely_y2566_id_189,189,189,ely_y2566_id_3009,172,0,9,87373,67485,4081
2566,pv_58_z_1,pv_58,,,1,ely_y2566_id_205,205,205,ely_y2566_id_4781,119,0,10,87373,67485,4081
2566,pv_58_z_2,pv_58,,,2,ely_y2566_id_1,,1,ely_y2566_id_3014,20346,29.0,1,93725,71569,5714
2566,pv_58_z_2,pv_58,,,2,ely_y2566_id_34,,34,ely_y2566_id_3015,17536,25.0,2,93725,71569,5714
2566,pv_58_z_2,pv_58,,,2,ely_y2566_id_192,192,192,ely_y2566_id_3019,14753,21.0,3,93725,71569,5714
2566,pv_58_z_2,pv_58,,,2,ely_y2566_id_164,164,164,ely_y2566_id_3013,11596,16.0,4,93725,71569,5714
2566,pv_58_z_2,pv_58,,,2,ely_y2566_id_229,229,229,ely_y2566_id_3010,1858,2.0,5,93725,71569,5714
2566,pv_58_z_2,pv_58,,,2,ely_y2566_id_226,226,226,ely_y2566_id_3011,724,1.0,6,93725,71569,5714
2566,pv_58_z_2,pv_58,,,2,ely_y2566_id_186,186,186,ely_y2566_id_3018,627,0,7,93725,71569,5714
2566,pv_58_z_2,pv_58,,,2,ely_y2566_id_227,227,227,ely_y2566_id_3016,590,0,8,93725,71569,5714
2566,pv_58_z_2,pv_58,,,2,ely_y2566_id_63,,63,ely_y2566_id_3017,476,0,9,93725,71569,5714
2566,pv_58_z_2,pv_58,,,2,ely_y2566_id_145,145,145,ely_y2566_id_3012,475,0,10,93725,71569,5714
2566,pv_58_z_2,pv_58,,,2,ely_y2566_id_149,149,149,ely_y2566_id_3022,365,0,11,93725,71569,5714
2566,pv_58_z_2,pv_58,,,2,ely_y2566_id_189,189,189,ely_y2566_id_3020,348,0,12,93725,71569,5714
2566,pv_58_z_2,pv_58,,,2,ely_y2566_id_249,249,249,ely_y2566_id_3021,239,0,13,93725,71569,5714
2566,pv_51_z_1,pv_51,,,1,ely_y2566_id_164,164,164,ely_y2566_id_3425,60127,43.0,1,168981,139639,5245
2566,pv_51_z_1,pv_51,,,1,ely_y2566_id_34,,34,ely_y2566_id_3423,28328,20.0,2,168981,139639,5245
2566,pv_51_z_1,pv_51,,,1,ely_y2566_id_186,186,186,ely_y2566_id_3431,17464,12.0,3,168981,139639,5245
2566,pv_51_z_1,pv_51,,,1,ely_y2566_id_192,192,192,ely_y2566_id_3429,16233,11.0,4,168981,139639,5245
2566,pv_51_z_1,pv_51,,,1,ely_y2566_id_1,,1,ely_y2566_id_3426,6033,4.0,5,168981,139639,5245
2566,pv_51_z_1,pv_51,,,1,ely_y2566_id_227,227,227,ely_y2566_id_3428,4072,2.0,6,168981,139639,5245
2566,pv_51_z_1,pv_51,,,1,ely_y2566_id_229,229,229,ely_y2566_id_3430,3404,2.0,7,168981,139639,5245
2566,pv_51_z_1,pv_51,,,1,ely_y2566_id_63,,63,ely_y2566_id_3424,887,0,8,168981,139639,5245
2566,pv_51_z_1,pv_51,,,1,ely_y2566_id_145,145,145,ely_y2566_id_3427,587,0,9,168981,139639,5245
2566,pv_51_z_1,pv_51,,,1,ely_y2566_id_189,189,189,ely_y2566_id_3434,235,0,10,168981,139639,5245
2566,pv_51_z_1,pv_51,,,1,ely_y2566_id_184,184,184,ely_y2566_id_3432,199,0,11,168981,139639,5245
2566,pv_51_z_2,pv_51,,,2,ely_y2566_id_34,,34,ely_y2566_id_3436,47050,35.0,1,164411,132874,7226
2566,pv_51_z_2,pv_51,,,2,ely_y2566_id_164,164,164,ely_y2566_id_3438,43266,32.0,2,164411,132874,7226
2566,pv_51_z_2,pv_51,,,2,ely_y2566_id_192,192,192,ely_y2566_id_3442,29174,22.0,3,164411,132874,7226
2566,pv_51_z_2,pv_51,,,2,ely_y2566_id_1,,1,ely_y2566_id_3435,3162,2.0,4,164411,132874,7226
2566,pv_51_z_2,pv_51,,,2,ely_y2566_id_229,229,229,ely_y2566_id_3439,3070,2.0,5,164411,132874,7226
2566,pv_51_z_2,pv_51,,,2,ely_y2566_id_63,,63,ely_y2566_id_3441,1078,0,6,164411,132874,7226
2566,pv_51_z_2,pv_51,,,2,ely_y2566_id_226,226,226,ely_y2566_id_3437,1032,0,7,164411,132874,7226
2566,pv_51_z_2,pv_51,,,2,ely_y2566_id_184,184,184,ely_y2566_id_3446,1017,0,8,164411,132874,7226
2566,pv_51_z_2,pv_51,,,2,ely_y2566_id_227,227,227,ely_y2566_id_3440,1007,0,9,164411,132874,7226
2566,pv_51_z_2,pv_51,,,2,ely_y2566_id_145,145,145,ely_y2566_id_3443,932,0,10,164411,132874,7226
2566,pv_51_z_2,pv_51,,,2,ely_y2566_id_189,189,189,ely_y2566_id_3445,352,0,11,164411,132874,7226
2566,pv_51_z_2,pv_51,,,2,ely_y2566_id_232,232,232,ely_y2566_id_3444,235,0,12,164411,132874,7226
2566,pv_91_z_1,pv_91,,,1,ely_y2566_id_63,,63,ely_y2566_id_3802,36810,45.0,1,114190,82407,4017
2566,pv_91_z_1,pv_91,,,1,ely_y2566_id_1,,1,ely_y2566_id_3797,13687,16.0,2,114190,82407,4017
2566,pv_91_z_1,pv_91,,,1,ely_y2566_id_164,164,164,ely_y2566_id_3801,12950,15.0,3,114190,82407,4017
2566,pv_91_z_1,pv_91,,,1,ely_y2566_id_34,,34,ely_y2566_id_3796,8148,10.0,4,114190,82407,4017
2566,pv_91_z_1,pv_91,,,1,ely_y2566_id_229,229,229,ely_y2566_id_3799,5249,6.0,5,114190,82407,4017
2566,pv_91_z_1,pv_91,,,1,ely_y2566_id_192,192,192,ely_y2566_id_3798,1657,2.0,6,114190,82407,4017
2566,pv_91_z_1,pv_91,,,1,ely_y2566_id_45,,45,ely_y2566_id_3803,863,1.0,7,114190,82407,4017
2566,pv_91_z_1,pv_91,,,1,ely_y2566_id_227,227,227,ely_y2566_id_3800,715,0,8,114190,82407,4017
2566,pv_91_z_1,pv_91,,,1,ely_y2566_id_145,145,145,ely_y2566_id_3795,593,0,9,114190,82407,4017
2566,pv_91_z_1,pv_91,,,1,ely_y2566_id_189,189,189,ely_y2566_id_3805,373,0,10,114190,82407,4017
2566,pv_91_z_1,pv_91,,,1,ely_y2566_id_184,184,184,ely_y2566_id_3806,252,0,11,114190,82407,4017
2566,pv_91_z_1,pv_91,,,1,ely_y2566_id_187,187,187,ely_y2566_id_3804,0,0,12,114190,82407,4017
2566,pv_91_z_2,pv_91,,,2,ely_y2566_id_63,,63,ely_y2566_id_3811,55621,55.0,1,126303,99761,4204
2566,pv_91_z_2,pv_91,,,2,ely_y2566_id_192,192,192,ely_y2566_id_3812,19957,20.0,2,126303,99761,4204
2566,pv_91_z_2,pv_91,,,2,ely_y2566_id_164,164,164,ely_y2566_id_3809,11863,11.0,3,126303,99761,4204
2566,pv_91_z_2,pv_91,,,2,ely_y2566_id_34,,34,ely_y2566_id_3814,6059,6.0,4,126303,99761,4204
2566,pv_91_z_2,pv_91,,,2,ely_y2566_id_229,229,229,ely_y2566_id_3810,2174,2.0,5,126303,99761,4204
2566,pv_91_z_2,pv_91,,,2,ely_y2566_id_1,,1,ely_y2566_id_3808,1883,1.0,6,126303,99761,4204
2566,pv_91_z_2,pv_91,,,2,ely_y2566_id_189,189,189,ely_y2566_id_3818,772,0,7,126303,99761,4204
2566,pv_91_z_2,pv_91,,,2,ely_y2566_id_227,227,227,ely_y2566_id_3813,479,0,8,126303,99761,4204
2566,pv_91_z_2,pv_91,,,2,ely_y2566_id_145,145,145,ely_y2566_id_3817,425,0,9,126303,99761,4204
2566,pv_91_z_2,pv_91,,,2,ely_y2566_id_45,,45,ely_y2566_id_3815,409,0,10,126303,99761,4204
2566,pv_91_z_2,pv_91,,,2,ely_y2566_id_184,184,184,ely_y2566_id_3820,119,0,11,126303,99761,4204
2566,pv_91_z_2,pv_91,,,2,ely_y2566_id_187,187,187,ely_y2566_id_3816,0,0,12,126303,99761,4204
2566,pv_15_z_1,pv_15,,,1,ely_y2566_id_63,,63,ely_y2566_id_4384,44780,52.0,1,111355,85071,3539
2566,pv_15_z_1,pv_15,,,1,ely_y2566_id_34,,34,ely_y2566_id_4383,20886,24.0,2,111355,85071,3539
2566,pv_15_z_1,pv_15,,,1,ely_y2566_id_164,164,164,ely_y2566_id_4377,15614,18.0,3,111355,85071,3539
2566,pv_15_z_1,pv_15,,,1,ely_y2566_id_229,229,229,ely_y2566_id_4379,1602,1.0,4,111355,85071,3539
2566,pv_15_z_1,pv_15,,,1,ely_y2566_id_192,192,192,ely_y2566_id_4381,618,0,5,111355,85071,3539
2566,pv_15_z_1,pv_15,,,1,ely_y2566_id_1,,1,ely_y2566_id_4380,482,0,6,111355,85071,3539
2566,pv_15_z_1,pv_15,,,1,ely_y2566_id_234,234,234,ely_y2566_id_4382,359,0,7,111355,85071,3539
2566,pv_15_z_1,pv_15,,,1,ely_y2566_id_145,145,145,ely_y2566_id_4378,254,0,8,111355,85071,3539
2566,pv_15_z_2,pv_15,,,2,ely_y2566_id_63,,63,ely_y2566_id_4392,47887,55.0,1,112719,86519,3939
2566,pv_15_z_2,pv_15,,,2,ely_y2566_id_34,,34,ely_y2566_id_4388,22071,25.0,2,112719,86519,3939
2566,pv_15_z_2,pv_15,,,2,ely_y2566_id_164,164,164,ely_y2566_id_4390,12501,14.0,3,112719,86519,3939
2566,pv_15_z_2,pv_15,,,2,ely_y2566_id_229,229,229,ely_y2566_id_4385,1417,1.0,4,112719,86519,3939
2566,pv_15_z_2,pv_15,,,2,ely_y2566_id_192,192,192,ely_y2566_id_4389,816,0,5,112719,86519,3939
2566,pv_15_z_2,pv_15,,,2,ely_y2566_id_1,,1,ely_y2566_id_4391,709,0,6,112719,86519,3939
2566,pv_15_z_2,pv_15,,,2,ely_y2566_id_234,234,234,ely_y2566_id_4393,308,0,7,112719,86519,3939
2566,pv_15_z_2,pv_15,,,2,ely_y2566_id_145,145,145,ely_y2566_id_4386,241,0,8,112719,86519,3939
2566,pv_15_z_2,pv_15,,,2,ely_y2566_id_180,180,180,ely_y2566_id_4387,194,0,9,112719,86519,3939
2566,pv_37_z_1,pv_37,,,1,ely_y2566_id_63,,63,ely_y2566_id_4403,38275,37.0,1,145416,101353,3539
2566,pv_37_z_1,pv_37,,,1,ely_y2566_id_34,,34,ely_y2566_id_4401,21388,21.0,2,145416,101353,3539
2566,pv_37_z_1,pv_37,,,1,ely_y2566_id_164,164,164,ely_y2566_id_4399,16724,16.0,3,145416,101353,3539
2566,pv_37_z_1,pv_37,,,1,ely_y2566_id_1,,1,ely_y2566_id_4398,15926,15.0,4,145416,101353,3539
2566,pv_37_z_1,pv_37,,,1,ely_y2566_id_192,192,192,ely_y2566_id_4402,2825,2.0,5,145416,101353,3539
2566,pv_37_z_1,pv_37,,,1,ely_y2566_id_229,229,229,ely_y2566_id_4396,2701,2.0,6,145416,101353,3539
2566,pv_37_z_1,pv_37,,,1,ely_y2566_id_227,227,227,ely_y2566_id_4400,1281,1.0,7,145416,101353,3539
2566,pv_37_z_1,pv_37,,,1,ely_y2566_id_145,145,145,ely_y2566_id_4397,668,0,8,145416,101353,3539
2566,pv_37_z_1,pv_37,,,1,ely_y2566_id_45,,45,ely_y2566_id_4394,459,0,9,145416,101353,3539
2566,pv_37_z_1,pv_37,,,1,ely_y2566_id_234,234,234,ely_y2566_id_4395,234,0,10,145416,101353,3539
2566,pv_37_z_1,pv_37,,,1,ely_y2566_id_226,226,226,ely_y2566_id_4406,212,0,11,145416,101353,3539
2566,pv_37_z_1,pv_37,,,1,ely_y2566_id_189,189,189,ely_y2566_id_4405,126,0,13,145416,101353,3539
2566,pv_37_z_2,pv_37,,,2,ely_y2566_id_63,,63,ely_y2566_id_4416,46881,43.0,1,155936,106961,4130
2566,pv_37_z_2,pv_37,,,2,ely_y2566_id_164,164,164,ely_y2566_id_4407,19188,17.0,2,155936,106961,4130
2566,pv_37_z_2,pv_37,,,2,ely_y2566_id_34,,34,ely_y2566_id_4409,17637,16.0,3,155936,106961,4130
2566,pv_37_z_2,pv_37,,,2,ely_y2566_id_192,192,192,ely_y2566_id_4415,16009,14.0,4,155936,106961,4130
2566,pv_37_z_2,pv_37,,,2,ely_y2566_id_1,,1,ely_y2566_id_4411,2530,2.0,5,155936,106961,4130
2566,pv_37_z_2,pv_37,,,2,ely_y2566_id_227,227,227,ely_y2566_id_4408,2027,1.0,6,155936,106961,4130
2566,pv_37_z_2,pv_37,,,2,ely_y2566_id_229,229,229,ely_y2566_id_4413,1156,1.0,7,155936,106961,4130
2566,pv_37_z_2,pv_37,,,2,ely_y2566_id_145,145,145,ely_y2566_id_4412,519,0,8,155936,106961,4130
2566,pv_37_z_2,pv_37,,,2,ely_y2566_id_234,234,234,ely_y2566_id_4414,378,0,9,155936,106961,4130
2566,pv_37_z_2,pv_37,,,2,ely_y2566_id_109,,109,ely_y2566_id_4410,197,0,10,155936,106961,4130
2566,pv_37_z_2,pv_37,,,2,ely_y2566_id_189,189,189,ely_y2566_id_4417,193,0,11,155936,106961,4130
2566,pv_37_z_2,pv_37,,,2,ely_y2566_id_235,235,235,ely_y2566_id_4418,173,0,12,155936,106961,4130
2566,pv_61_z_1,pv_61,,,1,ely_y2566_id_63,,63,ely_y2566_id_4613,49525,58.0,1,127586,86718,4581
2566,pv_61_z_1,pv_61,,,1,ely_y2566_id_164,164,164,ely_y2566_id_4615,15832,18.0,2,127586,86718,4581
2566,pv_61_z_1,pv_61,,,1,ely_y2566_id_34,,34,ely_y2566_id_4610,11272,13.0,3,127586,86718,4581
2566,pv_61_z_1,pv_61,,,1,ely_y2566_id_229,229,229,ely_y2566_id_4616,5153,6.0,4,127586,86718,4581
2566,pv_61_z_1,pv_61,,,1,ely_y2566_id_1,,1,ely_y2566_id_4614,1333,1.0,5,127586,86718,4581
2566,pv_61_z_1,pv_61,,,1,ely_y2566_id_227,227,227,ely_y2566_id_4617,712,0,6,127586,86718,4581
2566,pv_61_z_1,pv_61,,,1,ely_y2566_id_192,192,192,ely_y2566_id_4612,511,0,7,127586,86718,4581
2566,pv_61_z_1,pv_61,,,1,ely_y2566_id_145,145,145,ely_y2566_id_4611,490,0,8,127586,86718,4581
2566,pv_61_z_2,pv_61,,,2,ely_y2566_id_63,,63,ely_y2566_id_4621,43505,50.0,1,133394,88228,5304
2566,pv_61_z_2,pv_61,,,2,ely_y2566_id_34,,34,ely_y2566_id_4618,18690,21.0,2,133394,88228,5304
2566,pv_61_z_2,pv_61,,,2,ely_y2566_id_164,164,164,ely_y2566_id_4623,18435,21.0,3,133394,88228,5304
2566,pv_61_z_2,pv_61,,,2,ely_y2566_id_229,229,229,ely_y2566_id_4624,3304,3.0,4,133394,88228,5304
2566,pv_61_z_2,pv_61,,,2,ely_y2566_id_1,,1,ely_y2566_id_4622,1528,1.0,5,133394,88228,5304
2566,pv_61_z_2,pv_61,,,2,ely_y2566_id_192,192,192,ely_y2566_id_4620,613,0,6,133394,88228,5304
2566,pv_61_z_2,pv_61,,,2,ely_y2566_id_145,145,145,ely_y2566_id_4619,471,0,7,133394,88228,5304
2566,pv_61_z_2,pv_61,,,2,ely_y2566_id_227,227,227,ely_y2566_id_4625,245,0,8,133394,88228,5304
2566,pv_81_z_1,pv_81,,,1,ely_y2566_id_63,,63,ely_y2566_id_2,39520,40.0,1,122769,96881,3750
2566,pv_81_z_1,pv_81,,,1,ely_y2566_id_1,,1,ely_y2566_id_3,30877,32.0,2,122769,96881,3750
2566,pv_81_z_1,pv_81,,,1,ely_y2566_id_164,164,164,ely_y2566_id_7,15211,15.0,3,122769,96881,3750
2566,pv_81_z_1,pv_81,,,1,ely_y2566_id_229,229,229,ely_y2566_id_4,6308,6.0,4,122769,96881,3750
2566,pv_81_z_1,pv_81,,,1,ely_y2566_id_34,,34,ely_y2566_id_6,2388,2.0,5,122769,96881,3750
2566,pv_81_z_1,pv_81,,,1,ely_y2566_id_145,145,145,ely_y2566_id_5,705,0,6,122769,96881,3750
2566,pv_81_z_1,pv_81,,,1,ely_y2566_id_227,227,227,ely_y2566_id_1,561,0,7,122769,96881,3750
2566,pv_81_z_1,pv_81,,,1,ely_y2566_id_192,192,192,ely_y2566_id_9,417,0,8,122769,96881,3750
2566,pv_81_z_1,pv_81,,,1,ely_y2566_id_234,234,234,ely_y2566_id_8,333,0,9,122769,96881,3750
2566,pv_81_z_1,pv_81,,,1,ely_y2566_id_189,189,189,ely_y2566_id_10,71,0,10,122769,96881,3750
2566,pv_81_z_2,pv_81,,,2,ely_y2566_id_63,,63,ely_y2566_id_14,44378,50.0,1,114538,87158,4768
2566,pv_81_z_2,pv_81,,,2,ely_y2566_id_192,192,192,ely_y2566_id_13,13903,15.0,2,114538,87158,4768
2566,pv_81_z_2,pv_81,,,2,ely_y2566_id_1,,1,ely_y2566_id_15,12439,14.0,3,114538,87158,4768
2566,pv_81_z_2,pv_81,,,2,ely_y2566_id_164,164,164,ely_y2566_id_12,10038,11.0,4,114538,87158,4768
2566,pv_81_z_2,pv_81,,,2,ely_y2566_id_229,229,229,ely_y2566_id_18,3234,3.0,5,114538,87158,4768
2566,pv_81_z_2,pv_81,,,2,ely_y2566_id_34,,34,ely_y2566_id_17,1976,2.0,6,114538,87158,4768
2566,pv_81_z_2,pv_81,,,2,ely_y2566_id_133,133,133,ely_y2566_id_11,563,0,7,114538,87158,4768
2566,pv_81_z_2,pv_81,,,2,ely_y2566_id_185,185,185,ely_y2566_id_16,327,0,8,114538,87158,4768
2566,pv_81_z_2,pv_81,,,2,ely_y2566_id_175,175,175,ely_y2566_id_19,163,0,9,114538,87158,4768
2566,pv_81_z_2,pv_81,,,2,ely_y2566_id_145,145,145,ely_y2566_id_20,137,0,10,114538,87158,4768
2566,pv_81_z_3,pv_81,,,3,ely_y2566_id_63,,63,ely_y2566_id_21,52499,55.0,1,119957,94309,3934
2566,pv_81_z_3,pv_81,,,3,ely_y2566_id_1,,1,ely_y2566_id_25,25484,27.0,2,119957,94309,3934
2566,pv_81_z_3,pv_81,,,3,ely_y2566_id_164,164,164,ely_y2566_id_22,9481,10.0,3,119957,94309,3934
2566,pv_81_z_3,pv_81,,,3,ely_y2566_id_34,,34,ely_y2566_id_26,2656,2.0,4,119957,94309,3934
2566,pv_81_z_3,pv_81,,,3,ely_y2566_id_229,229,229,ely_y2566_id_27,2423,2.0,5,119957,94309,3934
2566,pv_81_z_3,pv_81,,,3,ely_y2566_id_192,192,192,ely_y2566_id_23,829,0,6,119957,94309,3934
2566,pv_81_z_3,pv_81,,,3,ely_y2566_id_145,145,145,ely_y2566_id_24,510,0,7,119957,94309,3934
2566,pv_81_z_3,pv_81,,,3,ely_y2566_id_189,189,189,ely_y2566_id_28,119,0,8,119957,94309,3934
2566,pv_22_z_1,pv_22,,,1,ely_y2566_id_164,164,164,ely_y2566_id_869,37600,34.0,1,146141,107873,3843
2566,pv_22_z_1,pv_22,,,1,ely_y2566_id_192,192,192,ely_y2566_id_866,26055,24.0,2,146141,107873,3843
2566,pv_22_z_1,pv_22,,,1,ely_y2566_id_229,229,229,ely_y2566_id_872,15930,14.0,3,146141,107873,3843
2566,pv_22_z_1,pv_22,,,1,ely_y2566_id_34,,34,ely_y2566_id_867,14473,13.0,4,146141,107873,3843
2566,pv_22_z_1,pv_22,,,1,ely_y2566_id_1,,1,ely_y2566_id_873,5629,5.0,5,146141,107873,3843
2566,pv_22_z_1,pv_22,,,1,ely_y2566_id_63,,63,ely_y2566_id_871,4359,4.0,6,146141,107873,3843
2566,pv_22_z_1,pv_22,,,1,ely_y2566_id_227,227,227,ely_y2566_id_874,2411,2.0,7,146141,107873,3843
2566,pv_22_z_1,pv_22,,,1,ely_y2566_id_145,145,145,ely_y2566_id_868,1034,0,8,146141,107873,3843
2566,pv_22_z_1,pv_22,,,1,ely_y2566_id_234,234,234,ely_y2566_id_870,258,0,9,146141,107873,3843
2566,pv_22_z_1,pv_22,,,1,ely_y2566_id_184,184,184,ely_y2566_id_875,124,0,10,146141,107873,3843
2566,pv_22_z_2,pv_22,,,2,ely_y2566_id_164,164,164,ely_y2566_id_878,34894,35.0,1,140889,99846,5822
2566,pv_22_z_2,pv_22,,,2,ely_y2566_id_34,,34,ely_y2566_id_877,31610,31.0,2,140889,99846,5822
2566,pv_22_z_2,pv_22,,,2,ely_y2566_id_1,,1,ely_y2566_id_880,18322,18.0,3,140889,99846,5822
2566,pv_22_z_2,pv_22,,,2,ely_y2566_id_229,229,229,ely_y2566_id_882,10992,11.0,4,140889,99846,5822
2566,pv_22_z_2,pv_22,,,2,ely_y2566_id_145,145,145,ely_y2566_id_876,1713,1.0,5,140889,99846,5822
2566,pv_22_z_2,pv_22,,,2,ely_y2566_id_192,192,192,ely_y2566_id_881,1090,1.0,6,140889,99846,5822
2566,pv_22_z_2,pv_22,,,2,ely_y2566_id_234,234,234,ely_y2566_id_879,452,0,7,140889,99846,5822
2566,pv_22_z_2,pv_22,,,2,ely_y2566_id_184,184,184,ely_y2566_id_883,191,0,8,140889,99846,5822
2566,pv_22_z_3,pv_22,,,3,ely_y2566_id_164,164,164,ely_y2566_id_885,35428,35.0,1,140887,98921,5394
2566,pv_22_z_3,pv_22,,,3,ely_y2566_id_192,192,192,ely_y2566_id_887,20519,20.0,2,140887,98921,5394
2566,pv_22_z_3,pv_22,,,3,ely_y2566_id_63,,63,ely_y2566_id_884,18022,18.0,3,140887,98921,5394
2566,pv_22_z_3,pv_22,,,3,ely_y2566_id_34,,34,ely_y2566_id_886,15375,15.0,4,140887,98921,5394
2566,pv_22_z_3,pv_22,,,3,ely_y2566_id_229,229,229,ely_y2566_id_889,5959,6.0,5,140887,98921,5394
2566,pv_22_z_3,pv_22,,,3,ely_y2566_id_1,,1,ely_y2566_id_891,1495,1.0,6,140887,98921,5394
2566,pv_22_z_3,pv_22,,,3,ely_y2566_id_227,227,227,ely_y2566_id_892,724,0,7,140887,98921,5394
2566,pv_22_z_3,pv_22,,,3,ely_y2566_id_145,145,145,ely_y2566_id_888,593,0,8,140887,98921,5394
2566,pv_22_z_3,pv_22,,,3,ely_y2566_id_234,234,234,ely_y2566_id_890,342,0,9,140887,98921,5394
2566,pv_22_z_3,pv_22,,,3,ely_y2566_id_184,184,184,ely_y2566_id_893,165,0,10,140887,98921,5394
2566,pv_86_z_1,pv_86,,,1,ely_y2566_id_229,229,229,ely_y2566_id_1150,36222,35.0,1,135731,102510,4074
2566,pv_86_z_1,pv_86,,,1,ely_y2566_id_1,,1,ely_y2566_id_1151,32084,31.0,2,135731,102510,4074
2566,pv_86_z_1,pv_86,,,1,ely_y2566_id_192,192,192,ely_y2566_id_1146,15592,15.0,3,135731,102510,4074
2566,pv_86_z_1,pv_86,,,1,ely_y2566_id_164,164,164,ely_y2566_id_1147,13645,13.0,4,135731,102510,4074
2566,pv_86_z_1,pv_86,,,1,ely_y2566_id_34,,34,ely_y2566_id_1143,1963,1.0,5,135731,102510,4074
2566,pv_86_z_1,pv_86,,,1,ely_y2566_id_149,149,149,ely_y2566_id_1145,1017,0,6,135731,102510,4074
2566,pv_86_z_1,pv_86,,,1,ely_y2566_id_227,227,227,ely_y2566_id_1148,490,0,7,135731,102510,4074
2566,pv_86_z_1,pv_86,,,1,ely_y2566_id_63,,63,ely_y2566_id_1141,398,0,8,135731,102510,4074
2566,pv_86_z_1,pv_86,,,1,ely_y2566_id_145,145,145,ely_y2566_id_1140,396,0,9,135731,102510,4074
2566,pv_86_z_1,pv_86,,,1,ely_y2566_id_206,206,206,ely_y2566_id_1144,274,0,10,135731,102510,4074
2566,pv_86_z_1,pv_86,,,1,ely_y2566_id_180,180,180,ely_y2566_id_1142,162,0,11,135731,102510,4074
2566,pv_86_z_1,pv_86,,,1,ely_y2566_id_189,189,189,ely_y2566_id_1152,142,0,12,135731,102510,4074
2566,pv_86_z_1,pv_86,,,1,ely_y2566_id_234,234,234,ely_y2566_id_1149,125,0,13,135731,102510,4074
2566,pv_86_z_2,pv_86,,,2,ely_y2566_id_229,229,229,ely_y2566_id_1164,32501,31.0,1,134788,101897,4819
2566,pv_86_z_2,pv_86,,,2,ely_y2566_id_192,192,192,ely_y2566_id_1155,25231,24.0,2,134788,101897,4819
2566,pv_86_z_2,pv_86,,,2,ely_y2566_id_1,,1,ely_y2566_id_1157,15519,15.0,3,134788,101897,4819
2566,pv_86_z_2,pv_86,,,2,ely_y2566_id_164,164,164,ely_y2566_id_1156,14211,13.0,4,134788,101897,4819
2566,pv_86_z_2,pv_86,,,2,ely_y2566_id_45,,45,ely_y2566_id_1158,4845,4.0,5,134788,101897,4819
2566,pv_86_z_2,pv_86,,,2,ely_y2566_id_63,,63,ely_y2566_id_1154,4007,3.0,6,134788,101897,4819
2566,pv_86_z_2,pv_86,,,2,ely_y2566_id_34,,34,ely_y2566_id_1161,2447,2.0,7,134788,101897,4819
2566,pv_86_z_2,pv_86,,,2,ely_y2566_id_186,186,186,ely_y2566_id_1160,1034,1.0,8,134788,101897,4819
2566,pv_86_z_2,pv_86,,,2,ely_y2566_id_234,234,234,ely_y2566_id_1163,612,0,9,134788,101897,4819
2566,pv_86_z_2,pv_86,,,2,ely_y2566_id_13,,13,ely_y2566_id_1159,498,0,10,134788,101897,4819
2566,pv_86_z_2,pv_86,,,2,ely_y2566_id_189,189,189,ely_y2566_id_1165,440,0,11,134788,101897,4819
2566,pv_86_z_2,pv_86,,,2,ely_y2566_id_227,227,227,ely_y2566_id_1153,414,0,12,134788,101897,4819
2566,pv_86_z_2,pv_86,,,2,ely_y2566_id_145,145,145,ely_y2566_id_1162,0,0,13,134788,101897,4819
2566,pv_86_z_3,pv_86,,,3,ely_y2566_id_229,229,229,ely_y2566_id_1174,41231,43.0,1,133675,95711,3720
2566,pv_86_z_3,pv_86,,,3,ely_y2566_id_1,,1,ely_y2566_id_1166,27414,28.0,2,133675,95711,3720
2566,pv_86_z_3,pv_86,,,3,ely_y2566_id_164,164,164,ely_y2566_id_1170,16650,17.0,3,133675,95711,3720
2566,pv_86_z_3,pv_86,,,3,ely_y2566_id_34,,34,ely_y2566_id_1173,4411,4.0,4,133675,95711,3720
2566,pv_86_z_3,pv_86,,,3,ely_y2566_id_145,145,145,ely_y2566_id_1172,1707,1.0,5,133675,95711,3720
2566,pv_86_z_3,pv_86,,,3,ely_y2566_id_192,192,192,ely_y2566_id_1169,1438,1.0,6,133675,95711,3720
2566,pv_86_z_3,pv_86,,,3,ely_y2566_id_63,,63,ely_y2566_id_1168,780,0,7,133675,95711,3720
2566,pv_86_z_3,pv_86,,,3,ely_y2566_id_227,227,227,ely_y2566_id_1167,657,0,8,133675,95711,3720
2566,pv_86_z_3,pv_86,,,3,ely_y2566_id_189,189,189,ely_y2566_id_1171,390,0,9,133675,95711,3720
2566,pv_63_z_1,pv_63,,,1,ely_y2566_id_164,164,164,ely_y2566_id_1475,27664,26.0,1,149937,103556,6252
2566,pv_63_z_1,pv_63,,,1,ely_y2566_id_192,192,192,ely_y2566_id_1472,21013,20.0,3,149937,103556,6252
2566,pv_63_z_1,pv_63,,,1,ely_y2566_id_34,,34,ely_y2566_id_1473,20798,20.0,4,149937,103556,6252
2566,pv_63_z_1,pv_63,,,1,ely_y2566_id_1,,1,ely_y2566_id_1474,3962,3.0,5,149937,103556,6252
2566,pv_63_z_1,pv_63,,,1,ely_y2566_id_229,229,229,ely_y2566_id_1469,3644,3.0,6,149937,103556,6252
2566,pv_63_z_1,pv_63,,,1,ely_y2566_id_227,227,227,ely_y2566_id_1468,1820,1.0,7,149937,103556,6252
2566,pv_63_z_1,pv_63,,,1,ely_y2566_id_118,,118,ely_y2566_id_1467,876,0,8,149937,103556,6252
2566,pv_63_z_1,pv_63,,,1,ely_y2566_id_145,145,145,ely_y2566_id_1471,795,0,9,149937,103556,6252
2566,pv_63_z_1,pv_63,,,1,ely_y2566_id_149,149,149,ely_y2566_id_1470,583,0,10,149937,103556,6252
2566,pv_63_z_1,pv_63,,,1,ely_y2566_id_184,184,184,ely_y2566_id_1476,469,0,11,149937,103556,6252
2566,pv_63_z_1,pv_63,,,1,ely_y2566_id_189,189,189,ely_y2566_id_1477,228,0,12,149937,103556,6252
2566,pv_63_z_2,pv_63,,,2,ely_y2566_id_164,164,164,ely_y2566_id_1482,24133,28.0,1,124501,87466,6902
2566,pv_63_z_2,pv_63,,,2,ely_y2566_id_34,,34,ely_y2566_id_1481,15705,18.0,2,124501,87466,6902
2566,pv_63_z_2,pv_63,,,2,ely_y2566_id_149,149,149,ely_y2566_id_1483,15621,18.0,3,124501,87466,6902
2566,pv_63_z_2,pv_63,,,2,ely_y2566_id_63,,63,ely_y2566_id_1479,13566,15.0,4,124501,87466,6902
2566,pv_63_z_2,pv_63,,,2,ely_y2566_id_192,192,192,ely_y2566_id_1485,9946,11.0,5,124501,87466,6902
2566,pv_63_z_2,pv_63,,,2,ely_y2566_id_229,229,229,ely_y2566_id_1484,2671,3.0,6,124501,87466,6902
2566,pv_63_z_2,pv_63,,,2,ely_y2566_id_227,227,227,ely_y2566_id_1478,2465,2.0,7,124501,87466,6902
2566,pv_63_z_2,pv_63,,,2,ely_y2566_id_1,,1,ely_y2566_id_1480,739,0,8,124501,87466,6902
2566,pv_63_z_2,pv_63,,,2,ely_y2566_id_145,145,145,ely_y2566_id_1486,524,0,9,124501,87466,6902
2566,pv_63_z_2,pv_63,,,2,ely_y2566_id_184,184,184,ely_y2566_id_1487,260,0,10,124501,87466,6902
2566,pv_63_z_3,pv_63,,,3,ely_y2566_id_192,192,192,ely_y2566_id_1492,31550,35.0,1,129770,90977,9092
2566,pv_63_z_3,pv_63,,,3,ely_y2566_id_164,164,164,ely_y2566_id_1494,17380,19.0,2,129770,90977,9092
2566,pv_63_z_3,pv_63,,,3,ely_y2566_id_63,,63,ely_y2566_id_1489,14164,16.0,3,129770,90977,9092
2566,pv_63_z_3,pv_63,,,3,ely_y2566_id_34,,34,ely_y2566_id_1496,11048,12.0,4,129770,90977,9092
2566,pv_63_z_3,pv_63,,,3,ely_y2566_id_1,,1,ely_y2566_id_1490,9212,10.0,5,129770,90977,9092
2566,pv_63_z_3,pv_63,,,3,ely_y2566_id_229,229,229,ely_y2566_id_1493,1824,2.0,6,129770,90977,9092
2566,pv_63_z_3,pv_63,,,3,ely_y2566_id_149,149,149,ely_y2566_id_1488,1103,1.0,7,129770,90977,9092
2566,pv_63_z_3,pv_63,,,3,ely_y2566_id_145,145,145,ely_y2566_id_1491,1030,1.0,8,129770,90977,9092
2566,pv_63_z_3,pv_63,,,3,ely_y2566_id_227,227,227,ely_y2566_id_1495,459,0,9,129770,90977,9092
2566,pv_63_z_3,pv_63,,,3,ely_y2566_id_184,184,184,ely_y2566_id_1497,344,0,10,129770,90977,9092
2566,pv_55_z_1,pv_55,,,1,ely_y2566_id_34,,34,ely_y2566_id_2152,35314,34.0,1,139639,106173,5447
2566,pv_55_z_1,pv_55,,,1,ely_y2566_id_164,164,164,ely_y2566_id_2154,34088,33.0,2,139639,106173,5447
2566,pv_55_z_1,pv_55,,,1,ely_y2566_id_192,192,192,ely_y2566_id_2148,22043,21.0,3,139639,106173,5447
2566,pv_55_z_1,pv_55,,,1,ely_y2566_id_229,229,229,ely_y2566_id_2151,5586,5.0,4,139639,106173,5447
2566,pv_55_z_1,pv_55,,,1,ely_y2566_id_1,,1,ely_y2566_id_2155,1497,1.0,5,139639,106173,5447
2566,pv_55_z_1,pv_55,,,1,ely_y2566_id_227,227,227,ely_y2566_id_2150,1408,1.0,6,139639,106173,5447
2566,pv_55_z_1,pv_55,,,1,ely_y2566_id_189,189,189,ely_y2566_id_2147,1363,1.0,7,139639,106173,5447
2566,pv_55_z_1,pv_55,,,1,ely_y2566_id_63,,63,ely_y2566_id_2153,825,0,8,139639,106173,5447
2566,pv_55_z_1,pv_55,,,1,ely_y2566_id_145,145,145,ely_y2566_id_2149,531,0,9,139639,106173,5447
2566,pv_55_z_1,pv_55,,,1,ely_y2566_id_180,180,180,ely_y2566_id_2156,160,0,10,139639,106173,5447
2566,pv_55_z_2,pv_55,,,2,ely_y2566_id_34,,34,ely_y2566_id_2157,56746,59.0,1,130207,97930,5564
2566,pv_55_z_2,pv_55,,,2,ely_y2566_id_164,164,164,ely_y2566_id_2162,22834,23.0,2,130207,97930,5564
2566,pv_55_z_2,pv_55,,,2,ely_y2566_id_229,229,229,ely_y2566_id_2161,9806,10.0,3,130207,97930,5564
2566,pv_55_z_2,pv_55,,,2,ely_y2566_id_192,192,192,ely_y2566_id_2158,3147,3.0,4,130207,97930,5564
2566,pv_55_z_2,pv_55,,,2,ely_y2566_id_1,,1,ely_y2566_id_2159,1184,1.0,5,130207,97930,5564
2566,pv_55_z_2,pv_55,,,2,ely_y2566_id_63,,63,ely_y2566_id_2164,813,0,6,130207,97930,5564
2566,pv_55_z_2,pv_55,,,2,ely_y2566_id_145,145,145,ely_y2566_id_2160,387,0,7,130207,97930,5564
2566,pv_55_z_2,pv_55,,,2,ely_y2566_id_180,180,180,ely_y2566_id_2165,360,0,8,130207,97930,5564
2566,pv_55_z_2,pv_55,,,2,ely_y2566_id_189,189,189,ely_y2566_id_2166,206,0,9,130207,97930,5564
2566,pv_55_z_2,pv_55,,,2,ely_y2566_id_227,227,227,ely_y2566_id_2163,0,0,10,130207,97930,5564
2566,pv_55_z_3,pv_55,,,3,ely_y2566_id_34,,34,ely_y2566_id_2167,29379,34.0,1,119325,88076,7058
2566,pv_55_z_3,pv_55,,,3,ely_y2566_id_164,164,164,ely_y2566_id_2169,26621,31.0,2,119325,88076,7058
2566,pv_55_z_3,pv_55,,,3,ely_y2566_id_192,192,192,ely_y2566_id_2174,22896,27.0,3,119325,88076,7058
2566,pv_55_z_3,pv_55,,,3,ely_y2566_id_229,229,229,ely_y2566_id_2168,2192,2.0,4,119325,88076,7058
2566,pv_55_z_3,pv_55,,,3,ely_y2566_id_227,227,227,ely_y2566_id_2173,949,1.0,5,119325,88076,7058
2566,pv_55_z_3,pv_55,,,3,ely_y2566_id_1,,1,ely_y2566_id_2170,880,1.0,6,119325,88076,7058
2566,pv_55_z_3,pv_55,,,3,ely_y2566_id_63,,63,ely_y2566_id_2172,750,0,7,119325,88076,7058
2566,pv_55_z_3,pv_55,,,3,ely_y2566_id_180,180,180,ely_y2566_id_2175,570,0,8,119325,88076,7058
2566,pv_55_z_3,pv_55,,,3,ely_y2566_id_145,145,145,ely_y2566_id_2171,438,0,9,119325,88076,7058
2566,pv_38_z_1,pv_38,,,1,ely_y2566_id_63,,63,ely_y2566_id_2179,25295,35.0,1,102624,72729,2582
2566,pv_38_z_1,pv_38,,,1,ely_y2566_id_34,,34,ely_y2566_id_2182,25007,34.0,2,102624,72729,2582
2566,pv_38_z_1,pv_38,,,1,ely_y2566_id_164,164,164,ely_y2566_id_2180,17325,23.0,3,102624,72729,2582
2566,pv_38_z_1,pv_38,,,1,ely_y2566_id_227,227,227,ely_y2566_id_2181,2239,3.0,4,102624,72729,2582
2566,pv_38_z_1,pv_38,,,1,ely_y2566_id_192,192,192,ely_y2566_id_2183,746,1.0,5,102624,72729,2582
2566,pv_38_z_1,pv_38,,,1,ely_y2566_id_229,229,229,ely_y2566_id_2178,666,0,6,102624,72729,2582
2566,pv_38_z_1,pv_38,,,1,ely_y2566_id_145,145,145,ely_y2566_id_2176,391,0,7,102624,72729,2582
2566,pv_38_z_1,pv_38,,,1,ely_y2566_id_1,,1,ely_y2566_id_2177,291,0,8,102624,72729,2582
2566,pv_38_z_1,pv_38,,,1,ely_y2566_id_234,234,234,ely_y2566_id_2184,207,0,9,102624,72729,2582
2566,pv_38_z_1,pv_38,,,1,ely_y2566_id_189,189,189,ely_y2566_id_2185,74,0,10,102624,72729,2582
2566,pv_38_z_2,pv_38,,,2,ely_y2566_id_63,,63,ely_y2566_id_2195,26541,36.0,1,107684,73359,2709
2566,pv_38_z_2,pv_38,,,2,ely_y2566_id_34,,34,ely_y2566_id_2186,18713,25.0,2,107684,73359,2709
2566,pv_38_z_2,pv_38,,,2,ely_y2566_id_164,164,164,ely_y2566_id_2189,16568,22.0,3,107684,73359,2709
2566,pv_38_z_2,pv_38,,,2,ely_y2566_id_192,192,192,ely_y2566_id_2193,6350,8.0,4,107684,73359,2709
2566,pv_38_z_2,pv_38,,,2,ely_y2566_id_227,227,227,ely_y2566_id_2192,2068,2.0,5,107684,73359,2709
2566,pv_38_z_2,pv_38,,,2,ely_y2566_id_229,229,229,ely_y2566_id_2187,773,1.0,6,107684,73359,2709
2566,pv_38_z_2,pv_38,,,2,ely_y2566_id_145,145,145,ely_y2566_id_2190,772,1.0,7,107684,73359,2709
2566,pv_38_z_2,pv_38,,,2,ely_y2566_id_186,186,186,ely_y2566_id_2188,438,0,8,107684,73359,2709
2566,pv_38_z_2,pv_38,,,2,ely_y2566_id_245,245,245,ely_y2566_id_2194,353,0,9,107684,73359,2709
2566,pv_38_z_2,pv_38,,,2,ely_y2566_id_234,234,234,ely_y2566_id_2196,218,0,10,107684,73359,2709
2566,pv_38_z_2,pv_38,,,2,ely_y2566_id_1,,1,ely_y2566_id_2191,130,0,11,107684,73359,2709
2566,pv_38_z_2,pv_38,,,2,ely_y2566_id_189,189,189,ely_y2566_id_2197,128,0,12,107684,73359,2709
2566,pv_38_z_3,pv_38,,,3,ely_y2566_id_34,,34,ely_y2566_id_2200,30277,40.0,1,116771,76318,3236
2566,pv_38_z_3,pv_38,,,3,ely_y2566_id_164,164,164,ely_y2566_id_2204,21524,28.0,2,116771,76318,3236
2566,pv_38_z_3,pv_38,,,3,ely_y2566_id_63,,63,ely_y2566_id_2198,19239,25.0,3,116771,76318,3236
2566,pv_38_z_3,pv_38,,,3,ely_y2566_id_227,227,227,ely_y2566_id_2202,1445,1.0,4,116771,76318,3236
2566,pv_38_z_3,pv_38,,,3,ely_y2566_id_229,229,229,ely_y2566_id_2201,1219,1.0,5,116771,76318,3236
2566,pv_38_z_3,pv_38,,,3,ely_y2566_id_145,145,145,ely_y2566_id_2199,638,0,6,116771,76318,3236
2566,pv_38_z_3,pv_38,,,3,ely_y2566_id_234,234,234,ely_y2566_id_2206,378,0,7,116771,76318,3236
2566,pv_38_z_3,pv_38,,,3,ely_y2566_id_1,,1,ely_y2566_id_2203,377,0,8,116771,76318,3236
2566,pv_38_z_3,pv_38,,,3,ely_y2566_id_192,192,192,ely_y2566_id_2205,160,0,9,116771,76318,3236
2566,pv_38_z_3,pv_38,,,3,ely_y2566_id_240,240,240,ely_y2566_id_2207,137,0,10,116771,76318,3236
2566,pv_38_z_3,pv_38,,,3,ely_y2566_id_153,153,153,ely_y2566_id_2208,0,0,11,116771,76318,3236
2566,pv_77_z_1,pv_77,,,1,ely_y2566_id_63,,63,ely_y2566_id_2395,36719,34.0,1,150346,107884,5879
2566,pv_77_z_1,pv_77,,,1,ely_y2566_id_1,,1,ely_y2566_id_2392,34486,31.0,2,150346,107884,5879
2566,pv_77_z_1,pv_77,,,1,ely_y2566_id_164,164,164,ely_y2566_id_2397,18047,16.0,3,150346,107884,5879
2566,pv_77_z_1,pv_77,,,1,ely_y2566_id_34,,34,ely_y2566_id_2393,7982,7.0,4,150346,107884,5879
2566,pv_77_z_1,pv_77,,,1,ely_y2566_id_192,192,192,ely_y2566_id_2402,6040,5.0,5,150346,107884,5879
2566,pv_77_z_1,pv_77,,,1,ely_y2566_id_229,229,229,ely_y2566_id_2398,3338,3.0,6,150346,107884,5879
2566,pv_77_z_1,pv_77,,,1,ely_y2566_id_227,227,227,ely_y2566_id_2394,336,0,7,150346,107884,5879
2566,pv_77_z_1,pv_77,,,1,ely_y2566_id_145,145,145,ely_y2566_id_2396,335,0,8,150346,107884,5879
2566,pv_77_z_1,pv_77,,,1,ely_y2566_id_189,189,189,ely_y2566_id_2403,236,0,9,150346,107884,5879
2566,pv_77_z_1,pv_77,,,1,ely_y2566_id_235,235,235,ely_y2566_id_2400,143,0,10,150346,107884,5879
2566,pv_77_z_1,pv_77,,,1,ely_y2566_id_234,234,234,ely_y2566_id_2401,113,0,11,150346,107884,5879
2566,pv_77_z_1,pv_77,,,1,ely_y2566_id_180,180,180,ely_y2566_id_2399,109,0,12,150346,107884,5879
2566,pv_77_z_2,pv_77,,,2,ely_y2566_id_1,,1,ely_y2566_id_2405,42736,41.0,1,143310,104612,4356
2566,pv_77_z_2,pv_77,,,2,ely_y2566_id_34,,34,ely_y2566_id_2407,26197,25.0,2,143310,104612,4356
2566,pv_77_z_2,pv_77,,,2,ely_y2566_id_164,164,164,ely_y2566_id_2404,20797,19.0,3,143310,104612,4356
2566,pv_77_z_2,pv_77,,,2,ely_y2566_id_192,192,192,ely_y2566_id_2408,7894,7.0,4,143310,104612,4356
2566,pv_77_z_2,pv_77,,,2,ely_y2566_id_229,229,229,ely_y2566_id_2410,4726,4.0,5,143310,104612,4356
2566,pv_77_z_2,pv_77,,,2,ely_y2566_id_145,145,145,ely_y2566_id_2409,721,0,6,143310,104612,4356
2566,pv_77_z_2,pv_77,,,2,ely_y2566_id_227,227,227,ely_y2566_id_2406,618,0,7,143310,104612,4356
2566,pv_77_z_2,pv_77,,,2,ely_y2566_id_63,,63,ely_y2566_id_2412,217,0,8,143310,104612,4356
2566,pv_77_z_2,pv_77,,,2,ely_y2566_id_235,235,235,ely_y2566_id_2411,177,0,9,143310,104612,4356
2566,pv_77_z_2,pv_77,,,2,ely_y2566_id_189,189,189,ely_y2566_id_2413,110,0,10,143310,104612,4356
2566,pv_77_z_3,pv_77,,,3,ely_y2566_id_1,,1,ely_y2566_id_2419,23215,23.0,1,137088,97118,5248
2566,pv_77_z_3,pv_77,,,3,ely_y2566_id_229,229,229,ely_y2566_id_2416,18215,18.0,2,137088,97118,5248
2566,pv_77_z_3,pv_77,,,3,ely_y2566_id_192,192,192,ely_y2566_id_2415,17601,18.0,3,137088,97118,5248
2566,pv_77_z_3,pv_77,,,3,ely_y2566_id_164,164,164,ely_y2566_id_2421,17491,18.0,4,137088,97118,5248
2566,pv_77_z_3,pv_77,,,3,ely_y2566_id_63,,63,ely_y2566_id_2420,14119,14.0,5,137088,97118,5248
2566,pv_77_z_3,pv_77,,,3,ely_y2566_id_34,,34,ely_y2566_id_2414,4769,4.0,6,137088,97118,5248
2566,pv_77_z_3,pv_77,,,3,ely_y2566_id_234,234,234,ely_y2566_id_2417,832,0,7,137088,97118,5248
2566,pv_77_z_3,pv_77,,,3,ely_y2566_id_145,145,145,ely_y2566_id_2418,624,0,8,137088,97118,5248
2566,pv_77_z_3,pv_77,,,3,ely_y2566_id_189,189,189,ely_y2566_id_2422,251,0,9,137088,97118,5248
2566,pv_25_z_1,pv_25,,,1,ely_y2566_id_63,,63,ely_y2566_id_2423,35641,37.0,1,129146,96647,4276
2566,pv_25_z_1,pv_25,,,1,ely_y2566_id_164,164,164,ely_y2566_id_2426,31197,32.0,2,129146,96647,4276
2566,pv_25_z_1,pv_25,,,1,ely_y2566_id_34,,34,ely_y2566_id_2430,13455,14.0,3,129146,96647,4276
2566,pv_25_z_1,pv_25,,,1,ely_y2566_id_192,192,192,ely_y2566_id_2429,8167,8.0,4,129146,96647,4276
2566,pv_25_z_1,pv_25,,,1,ely_y2566_id_229,229,229,ely_y2566_id_2427,4296,4.0,5,129146,96647,4276
2566,pv_25_z_1,pv_25,,,1,ely_y2566_id_227,227,227,ely_y2566_id_2424,911,0,6,129146,96647,4276
2566,pv_25_z_1,pv_25,,,1,ely_y2566_id_145,145,145,ely_y2566_id_2425,676,0,7,129146,96647,4276
2566,pv_25_z_1,pv_25,,,1,ely_y2566_id_1,,1,ely_y2566_id_2428,636,0,8,129146,96647,4276
2566,pv_25_z_1,pv_25,,,1,ely_y2566_id_234,234,234,ely_y2566_id_2431,486,0,9,129146,96647,4276
2566,pv_25_z_2,pv_25,,,2,ely_y2566_id_164,164,164,ely_y2566_id_2438,35451,33.0,1,136175,104832,4378
2566,pv_25_z_2,pv_25,,,2,ely_y2566_id_63,,63,ely_y2566_id_2437,31194,29.0,2,136175,104832,4378
2566,pv_25_z_2,pv_25,,,2,ely_y2566_id_34,,34,ely_y2566_id_2433,29332,28.0,3,136175,104832,4378
2566,pv_25_z_2,pv_25,,,2,ely_y2566_id_229,229,229,ely_y2566_id_2435,4004,3.0,4,136175,104832,4378
2566,pv_25_z_2,pv_25,,,2,ely_y2566_id_1,,1,ely_y2566_id_2439,1662,1.0,5,136175,104832,4378
2566,pv_25_z_2,pv_25,,,2,ely_y2566_id_192,192,192,ely_y2566_id_2432,867,0,6,136175,104832,4378
2566,pv_25_z_2,pv_25,,,2,ely_y2566_id_227,227,227,ely_y2566_id_2434,791,0,7,136175,104832,4378
2566,pv_25_z_2,pv_25,,,2,ely_y2566_id_145,145,145,ely_y2566_id_2436,664,0,8,136175,104832,4378
2566,pv_25_z_2,pv_25,,,2,ely_y2566_id_234,234,234,ely_y2566_id_2440,343,0,9,136175,104832,4378
2566,pv_25_z_3,pv_25,,,3,ely_y2566_id_63,,63,ely_y2566_id_2444,30833,32.0,1,129339,95441,5018
2566,pv_25_z_3,pv_25,,,3,ely_y2566_id_164,164,164,ely_y2566_id_2443,27327,28.0,2,129339,95441,5018
2566,pv_25_z_3,pv_25,,,3,ely_y2566_id_34,,34,ely_y2566_id_2448,18490,19.0,3,129339,95441,5018
2566,pv_25_z_3,pv_25,,,3,ely_y2566_id_229,229,229,ely_y2566_id_2442,15609,16.0,4,129339,95441,5018
2566,pv_25_z_3,pv_25,,,3,ely_y2566_id_1,,1,ely_y2566_id_2447,766,0,5,129339,95441,5018
2566,pv_25_z_3,pv_25,,,3,ely_y2566_id_145,145,145,ely_y2566_id_2441,552,0,6,129339,95441,5018
2566,pv_25_z_3,pv_25,,,3,ely_y2566_id_192,192,192,ely_y2566_id_2445,389,0,7,129339,95441,5018
2566,pv_25_z_3,pv_25,,,3,ely_y2566_id_234,234,234,ely_y2566_id_2449,355,0,8,129339,95441,5018
2566,pv_25_z_3,pv_25,,,3,ely_y2566_id_227,227,227,ely_y2566_id_2446,339,0,9,129339,95441,5018
2566,pv_25_z_3,pv_25,,,3,ely_y2566_id_235,235,235,ely_y2566_id_2451,201,0,10,129339,95441,5018
2566,pv_25_z_3,pv_25,,,3,ely_y2566_id_205,205,205,ely_y2566_id_2450,105,0,11,129339,95441,5018
2566,pv_56_z_1,pv_56,,,1,ely_y2566_id_192,192,192,ely_y2566_id_2580,53963,57.0,1,126268,96878,4420
2566,pv_56_z_1,pv_56,,,1,ely_y2566_id_164,164,164,ely_y2566_id_2576,27862,29.0,2,126268,96878,4420
2566,pv_56_z_1,pv_56,,,1,ely_y2566_id_34,,34,ely_y2566_id_2579,8804,9.0,3,126268,96878,4420
2566,pv_56_z_1,pv_56,,,1,ely_y2566_id_229,229,229,ely_y2566_id_2581,1881,1.0,4,126268,96878,4420
2566,pv_56_z_1,pv_56,,,1,ely_y2566_id_1,,1,ely_y2566_id_2575,718,0,5,126268,96878,4420
2566,pv_56_z_1,pv_56,,,1,ely_y2566_id_145,145,145,ely_y2566_id_2578,473,0,6,126268,96878,4420
2566,pv_56_z_1,pv_56,,,1,ely_y2566_id_63,,63,ely_y2566_id_2577,458,0,7,126268,96878,4420
2566,pv_56_z_1,pv_56,,,1,ely_y2566_id_184,184,184,ely_y2566_id_2582,0,0,8,126268,96878,4420
2566,pv_56_z_2,pv_56,,,2,ely_y2566_id_192,192,192,ely_y2566_id_2588,32779,35.0,1,128644,94577,5711
2566,pv_56_z_2,pv_56,,,2,ely_y2566_id_34,,34,ely_y2566_id_2586,30405,33.0,2,128644,94577,5711
2566,pv_56_z_2,pv_56,,,2,ely_y2566_id_164,164,164,ely_y2566_id_2584,25904,28.0,3,128644,94577,5711
2566,pv_56_z_2,pv_56,,,2,ely_y2566_id_229,229,229,ely_y2566_id_2589,1249,1.0,4,128644,94577,5711
2566,pv_56_z_2,pv_56,,,2,ely_y2566_id_1,,1,ely_y2566_id_2585,574,0,5,128644,94577,5711
2566,pv_56_z_2,pv_56,,,2,ely_y2566_id_63,,63,ely_y2566_id_2583,447,0,6,128644,94577,5711
2566,pv_56_z_2,pv_56,,,2,ely_y2566_id_184,184,184,ely_y2566_id_2590,136,0,7,128644,94577,5711
2566,pv_56_z_2,pv_56,,,2,ely_y2566_id_145,145,145,ely_y2566_id_2587,0,0,8,128644,94577,5711
2566,pv_56_z_3,pv_56,,,3,ely_y2566_id_192,192,192,ely_y2566_id_2596,34720,36.0,1,131893,97868,5887
2566,pv_56_z_3,pv_56,,,3,ely_y2566_id_229,229,229,ely_y2566_id_2598,17982,18.0,3,131893,97868,5887
2566,pv_56_z_3,pv_56,,,3,ely_y2566_id_164,164,164,ely_y2566_id_2594,16921,17.0,4,131893,97868,5887
2566,pv_56_z_3,pv_56,,,3,ely_y2566_id_227,227,227,ely_y2566_id_2592,666,0,5,131893,97868,5887
2566,pv_56_z_3,pv_56,,,3,ely_y2566_id_145,145,145,ely_y2566_id_2593,470,0,6,131893,97868,5887
2566,pv_56_z_3,pv_56,,,3,ely_y2566_id_63,,63,ely_y2566_id_2595,441,0,7,131893,97868,5887
2566,pv_56_z_3,pv_56,,,3,ely_y2566_id_1,,1,ely_y2566_id_2591,429,0,8,131893,97868,5887
2566,pv_56_z_3,pv_56,,,3,ely_y2566_id_184,184,184,ely_y2566_id_2599,390,0,9,131893,97868,5887
2566,pv_93_z_1,pv_93,,,1,ely_y2566_id_1,,1,ely_y2566_id_2621,49471,45.0,1,133145,108573,3865
2566,pv_93_z_1,pv_93,,,1,ely_y2566_id_63,,63,ely_y2566_id_2625,38132,35.0,2,133145,108573,3865
2566,pv_93_z_1,pv_93,,,1,ely_y2566_id_164,164,164,ely_y2566_id_2628,9539,8.0,3,133145,108573,3865
2566,pv_93_z_1,pv_93,,,1,ely_y2566_id_192,192,192,ely_y2566_id_2622,6917,6.0,4,133145,108573,3865
2566,pv_93_z_1,pv_93,,,1,ely_y2566_id_229,229,229,ely_y2566_id_2624,2658,2.0,5,133145,108573,3865
2566,pv_93_z_1,pv_93,,,1,ely_y2566_id_34,,34,ely_y2566_id_2629,823,0,6,133145,108573,3865
2566,pv_93_z_1,pv_93,,,1,ely_y2566_id_180,180,180,ely_y2566_id_2620,434,0,7,133145,108573,3865
2566,pv_93_z_1,pv_93,,,1,ely_y2566_id_189,189,189,ely_y2566_id_2623,247,0,8,133145,108573,3865
2566,pv_93_z_1,pv_93,,,1,ely_y2566_id_227,227,227,ely_y2566_id_2627,194,0,9,133145,108573,3865
2566,pv_93_z_1,pv_93,,,1,ely_y2566_id_184,184,184,ely_y2566_id_2630,158,0,10,133145,108573,3865
2566,pv_93_z_1,pv_93,,,1,ely_y2566_id_145,145,145,ely_y2566_id_2626,0,0,11,133145,108573,3865
2566,pv_93_z_2,pv_93,,,2,ely_y2566_id_229,229,229,ely_y2566_id_2637,41201,35.0,1,143176,116434,4814
2566,pv_93_z_2,pv_93,,,2,ely_y2566_id_63,,63,ely_y2566_id_2634,39581,33.0,2,143176,116434,4814
2566,pv_93_z_2,pv_93,,,2,ely_y2566_id_1,,1,ely_y2566_id_2633,10442,8.0,3,143176,116434,4814
2566,pv_93_z_2,pv_93,,,2,ely_y2566_id_164,164,164,ely_y2566_id_2639,10342,8.0,4,143176,116434,4814
2566,pv_93_z_2,pv_93,,,2,ely_y2566_id_192,192,192,ely_y2566_id_2638,9196,7.0,5,143176,116434,4814
2566,pv_93_z_2,pv_93,,,2,ely_y2566_id_45,,45,ely_y2566_id_2632,2453,2.0,6,143176,116434,4814
2566,pv_93_z_2,pv_93,,,2,ely_y2566_id_34,,34,ely_y2566_id_2640,1993,1.0,7,143176,116434,4814
2566,pv_93_z_2,pv_93,,,2,ely_y2566_id_227,227,227,ely_y2566_id_2636,703,0,8,143176,116434,4814
2566,pv_93_z_2,pv_93,,,2,ely_y2566_id_145,145,145,ely_y2566_id_2631,292,0,9,143176,116434,4814
2566,pv_93_z_2,pv_93,,,2,ely_y2566_id_234,234,234,ely_y2566_id_2635,231,0,10,143176,116434,4814
2566,pv_93_z_3,pv_93,,,3,ely_y2566_id_1,,1,ely_y2566_id_2643,47848,44.0,1,141139,109343,5130
2566,pv_93_z_3,pv_93,,,3,ely_y2566_id_63,,63,ely_y2566_id_2646,31165,29.0,2,141139,109343,5130
2566,pv_93_z_3,pv_93,,,3,ely_y2566_id_164,164,164,ely_y2566_id_2642,13742,12.0,3,141139,109343,5130
2566,pv_93_z_3,pv_93,,,3,ely_y2566_id_229,229,229,ely_y2566_id_2644,5691,5.0,4,141139,109343,5130
2566,pv_93_z_3,pv_93,,,3,ely_y2566_id_192,192,192,ely_y2566_id_2641,3233,3.0,5,141139,109343,5130
2566,pv_93_z_3,pv_93,,,3,ely_y2566_id_34,,34,ely_y2566_id_2649,2695,2.0,6,141139,109343,5130
2566,pv_93_z_3,pv_93,,,3,ely_y2566_id_227,227,227,ely_y2566_id_2647,1328,1.0,7,141139,109343,5130
2566,pv_93_z_3,pv_93,,,3,ely_y2566_id_180,180,180,ely_y2566_id_2645,500,0,8,141139,109343,5130
2566,pv_93_z_3,pv_93,,,3,ely_y2566_id_145,145,145,ely_y2566_id_2648,497,0,9,141139,109343,5130
2566,pv_66_z_1,pv_66,,,1,ely_y2566_id_63,,63,ely_y2566_id_2655,43965,42.0,1,145488,103083,5176
2566,pv_66_z_1,pv_66,,,1,ely_y2566_id_34,,34,ely_y2566_id_2651,21985,21.0,2,145488,103083,5176
2566,pv_66_z_1,pv_66,,,1,ely_y2566_id_164,164,164,ely_y2566_id_2656,18133,17.0,3,145488,103083,5176
2566,pv_66_z_1,pv_66,,,1,ely_y2566_id_192,192,192,ely_y2566_id_2653,12282,12.0,4,145488,103083,5176
2566,pv_66_z_1,pv_66,,,1,ely_y2566_id_229,229,229,ely_y2566_id_2650,3517,3.0,5,145488,103083,5176
2566,pv_66_z_1,pv_66,,,1,ely_y2566_id_1,,1,ely_y2566_id_2652,1412,1.0,6,145488,103083,5176
2566,pv_66_z_1,pv_66,,,1,ely_y2566_id_227,227,227,ely_y2566_id_2654,454,0,7,145488,103083,5176
2566,pv_66_z_1,pv_66,,,1,ely_y2566_id_234,234,234,ely_y2566_id_2658,262,0,8,145488,103083,5176
2566,pv_66_z_1,pv_66,,,1,ely_y2566_id_145,145,145,ely_y2566_id_2657,204,0,9,145488,103083,5176
2566,pv_66_z_1,pv_66,,,1,ely_y2566_id_189,189,189,ely_y2566_id_2659,83,0,10,145488,103083,5176
2566,pv_66_z_2,pv_66,,,2,ely_y2566_id_63,,63,ely_y2566_id_2664,33390,35.0,1,141711,95011,5504
2566,pv_66_z_2,pv_66,,,2,ely_y2566_id_34,,34,ely_y2566_id_2667,20646,22.0,2,141711,95011,5504
2566,pv_66_z_2,pv_66,,,2,ely_y2566_id_164,164,164,ely_y2566_id_2661,14756,15.0,3,141711,95011,5504
2566,pv_66_z_2,pv_66,,,2,ely_y2566_id_1,,1,ely_y2566_id_2665,14682,15.0,4,141711,95011,5504
2566,pv_66_z_2,pv_66,,,2,ely_y2566_id_192,192,192,ely_y2566_id_2662,5429,5.0,5,141711,95011,5504
2566,pv_66_z_2,pv_66,,,2,ely_y2566_id_229,229,229,ely_y2566_id_2660,3955,4.0,6,141711,95011,5504
2566,pv_66_z_2,pv_66,,,2,ely_y2566_id_234,234,234,ely_y2566_id_2666,540,0,7,141711,95011,5504
2566,pv_66_z_2,pv_66,,,2,ely_y2566_id_145,145,145,ely_y2566_id_2663,407,0,8,141711,95011,5504
2566,pv_66_z_2,pv_66,,,2,ely_y2566_id_189,189,189,ely_y2566_id_2668,0,0,9,141711,95011,5504
2566,pv_66_z_3,pv_66,,,3,ely_y2566_id_229,229,229,ely_y2566_id_2674,24821,24.0,2,140804,99972,5297
2566,pv_66_z_3,pv_66,,,3,ely_y2566_id_34,,34,ely_y2566_id_2676,14603,14.0,3,140804,99972,5297
2566,pv_66_z_3,pv_66,,,3,ely_y2566_id_164,164,164,ely_y2566_id_2672,14358,14.0,4,140804,99972,5297
2566,pv_66_z_3,pv_66,,,3,ely_y2566_id_192,192,192,ely_y2566_id_2675,10075,10.0,5,140804,99972,5297
2566,pv_66_z_3,pv_66,,,3,ely_y2566_id_145,145,145,ely_y2566_id_2670,611,0,6,140804,99972,5297
2566,pv_66_z_3,pv_66,,,3,ely_y2566_id_1,,1,ely_y2566_id_2669,482,0,7,140804,99972,5297
2566,pv_66_z_3,pv_66,,,3,ely_y2566_id_189,189,189,ely_y2566_id_2677,308,0,8,140804,99972,5297
2566,pv_66_z_3,pv_66,,,3,ely_y2566_id_234,234,234,ely_y2566_id_2671,266,0,9,140804,99972,5297
2566,pv_76_z_1,pv_76,,,1,ely_y2566_id_229,229,229,ely_y2566_id_2744,40235,40.0,1,123794,99652,3977
2566,pv_76_z_1,pv_76,,,1,ely_y2566_id_55,,55,ely_y2566_id_2745,25700,25.0,2,123794,99652,3977
2566,pv_76_z_1,pv_76,,,1,ely_y2566_id_164,164,164,ely_y2566_id_2746,14184,14.0,3,123794,99652,3977
2566,pv_76_z_1,pv_76,,,1,ely_y2566_id_63,,63,ely_y2566_id_2747,10250,10.0,4,123794,99652,3977
2566,pv_76_z_1,pv_76,,,1,ely_y2566_id_1,,1,ely_y2566_id_2748,4478,4.0,5,123794,99652,3977
2566,pv_76_z_1,pv_76,,,1,ely_y2566_id_34,,34,ely_y2566_id_2750,3978,3.0,6,123794,99652,3977
2566,pv_76_z_1,pv_76,,,1,ely_y2566_id_145,145,145,ely_y2566_id_2743,368,0,7,123794,99652,3977
2566,pv_76_z_1,pv_76,,,1,ely_y2566_id_192,192,192,ely_y2566_id_2742,265,0,8,123794,99652,3977
2566,pv_76_z_1,pv_76,,,1,ely_y2566_id_234,234,234,ely_y2566_id_2749,118,0,9,123794,99652,3977
2566,pv_76_z_1,pv_76,,,1,ely_y2566_id_189,189,189,ely_y2566_id_2751,76,0,10,123794,99652,3977
2566,pv_76_z_2,pv_76,,,2,ely_y2566_id_63,,63,ely_y2566_id_2756,44482,41.0,1,135328,107853,5565
2566,pv_76_z_2,pv_76,,,2,ely_y2566_id_229,229,229,ely_y2566_id_2754,33901,31.0,2,135328,107853,5565
2566,pv_76_z_2,pv_76,,,2,ely_y2566_id_164,164,164,ely_y2566_id_2757,14735,13.0,3,135328,107853,5565
2566,pv_76_z_2,pv_76,,,2,ely_y2566_id_1,,1,ely_y2566_id_2758,9287,8.0,4,135328,107853,5565
2566,pv_76_z_2,pv_76,,,2,ely_y2566_id_34,,34,ely_y2566_id_2753,4089,3.0,5,135328,107853,5565
2566,pv_76_z_2,pv_76,,,2,ely_y2566_id_145,145,145,ely_y2566_id_2752,584,0,6,135328,107853,5565
2566,pv_76_z_2,pv_76,,,2,ely_y2566_id_234,234,234,ely_y2566_id_2755,318,0,7,135328,107853,5565
2566,pv_76_z_2,pv_76,,,2,ely_y2566_id_192,192,192,ely_y2566_id_2759,295,0,8,135328,107853,5565
2566,pv_76_z_2,pv_76,,,2,ely_y2566_id_189,189,189,ely_y2566_id_2760,162,0,9,135328,107853,5565
2566,pv_76_z_3,pv_76,,,3,ely_y2566_id_229,229,229,ely_y2566_id_2761,48107,46.0,1,129638,104138,5048
2566,pv_76_z_3,pv_76,,,3,ely_y2566_id_63,,63,ely_y2566_id_2762,25238,24.0,2,129638,104138,5048
2566,pv_76_z_3,pv_76,,,3,ely_y2566_id_164,164,164,ely_y2566_id_2763,15095,14.0,3,129638,104138,5048
2566,pv_76_z_3,pv_76,,,3,ely_y2566_id_1,,1,ely_y2566_id_2767,8130,7.0,4,129638,104138,5048
2566,pv_76_z_3,pv_76,,,3,ely_y2566_id_34,,34,ely_y2566_id_2765,5273,5.0,5,129638,104138,5048
2566,pv_76_z_3,pv_76,,,3,ely_y2566_id_192,192,192,ely_y2566_id_2766,1488,1.0,6,129638,104138,5048
2566,pv_76_z_3,pv_76,,,3,ely_y2566_id_234,234,234,ely_y2566_id_2764,445,0,7,129638,104138,5048
2566,pv_76_z_3,pv_76,,,3,ely_y2566_id_145,145,145,ely_y2566_id_2768,241,0,8,129638,104138,5048
2566,pv_76_z_3,pv_76,,,3,ely_y2566_id_189,189,189,ely_y2566_id_2769,121,0,9,129638,104138,5048
2566,pv_54_z_1,pv_54,,,1,ely_y2566_id_34,,34,ely_y2566_id_2836,41565,43.0,1,123829,98000,2895
2566,pv_54_z_1,pv_54,,,1,ely_y2566_id_229,229,229,ely_y2566_id_2834,24022,24.0,2,123829,98000,2895
2566,pv_54_z_1,pv_54,,,1,ely_y2566_id_164,164,164,ely_y2566_id_2837,21704,22.0,3,123829,98000,2895
2566,pv_54_z_1,pv_54,,,1,ely_y2566_id_192,192,192,ely_y2566_id_2838,6867,7.0,4,123829,98000,2895
2566,pv_54_z_1,pv_54,,,1,ely_y2566_id_145,145,145,ely_y2566_id_2833,1097,1.0,5,123829,98000,2895
2566,pv_54_z_1,pv_54,,,1,ely_y2566_id_63,,63,ely_y2566_id_2835,389,0,6,123829,98000,2895
2566,pv_54_z_1,pv_54,,,1,ely_y2566_id_184,184,184,ely_y2566_id_2841,372,0,7,123829,98000,2895
2566,pv_54_z_1,pv_54,,,1,ely_y2566_id_1,,1,ely_y2566_id_2840,319,0,8,123829,98000,2895
2566,pv_54_z_1,pv_54,,,1,ely_y2566_id_180,180,180,ely_y2566_id_2839,244,0,9,123829,98000,2895
2566,pv_54_z_2,pv_54,,,2,ely_y2566_id_34,,34,ely_y2566_id_2848,32845,37.0,1,118487,89211,3922
2566,pv_54_z_2,pv_54,,,2,ely_y2566_id_229,229,229,ely_y2566_id_2845,29063,33.0,2,118487,89211,3922
2566,pv_54_z_2,pv_54,,,2,ely_y2566_id_164,164,164,ely_y2566_id_2847,19097,21.0,3,118487,89211,3922
2566,pv_54_z_2,pv_54,,,2,ely_y2566_id_63,,63,ely_y2566_id_2842,3354,3.0,4,118487,89211,3922
2566,pv_54_z_2,pv_54,,,2,ely_y2566_id_192,192,192,ely_y2566_id_2846,2353,2.0,5,118487,89211,3922
2566,pv_54_z_2,pv_54,,,2,ely_y2566_id_145,145,145,ely_y2566_id_2843,813,0,6,118487,89211,3922
2566,pv_54_z_2,pv_54,,,2,ely_y2566_id_1,,1,ely_y2566_id_2849,294,0,7,118487,89211,3922
2566,pv_54_z_2,pv_54,,,2,ely_y2566_id_180,180,180,ely_y2566_id_2844,208,0,8,118487,89211,3922
2566,pv_54_z_3,pv_54,,,3,ely_y2566_id_34,,34,ely_y2566_id_2854,33616,39.0,1,123632,88304,5137
2566,pv_54_z_3,pv_54,,,3,ely_y2566_id_164,164,164,ely_y2566_id_2853,21781,25.0,2,123632,88304,5137
2566,pv_54_z_3,pv_54,,,3,ely_y2566_id_192,192,192,ely_y2566_id_2851,14168,16.0,3,123632,88304,5137
2566,pv_54_z_3,pv_54,,,3,ely_y2566_id_63,,63,ely_y2566_id_2855,9910,11.0,4,123632,88304,5137
2566,pv_54_z_3,pv_54,,,3,ely_y2566_id_229,229,229,ely_y2566_id_2852,4918,5.0,5,123632,88304,5137
2566,pv_54_z_3,pv_54,,,3,ely_y2566_id_145,145,145,ely_y2566_id_2856,655,0,6,123632,88304,5137
2566,pv_54_z_3,pv_54,,,3,ely_y2566_id_180,180,180,ely_y2566_id_2850,629,0,7,123632,88304,5137
2566,pv_54_z_3,pv_54,,,3,ely_y2566_id_1,,1,ely_y2566_id_2857,290,0,8,123632,88304,5137
2566,pv_83_z_1,pv_83,,,1,ely_y2566_id_164,164,164,ely_y2566_id_2859,21252,30.0,1,100995,72881,1996
2566,pv_83_z_1,pv_83,,,1,ely_y2566_id_229,229,229,ely_y2566_id_2865,16483,23.0,2,100995,72881,1996
2566,pv_83_z_1,pv_83,,,1,ely_y2566_id_192,192,192,ely_y2566_id_2863,10639,15.0,3,100995,72881,1996
2566,pv_83_z_1,pv_83,,,1,ely_y2566_id_1,,1,ely_y2566_id_2867,8802,12.0,4,100995,72881,1996
2566,pv_83_z_1,pv_83,,,1,ely_y2566_id_63,,63,ely_y2566_id_2860,7790,11.0,5,100995,72881,1996
2566,pv_83_z_1,pv_83,,,1,ely_y2566_id_34,,34,ely_y2566_id_2864,3802,5.0,6,100995,72881,1996
2566,pv_83_z_1,pv_83,,,1,ely_y2566_id_145,145,145,ely_y2566_id_2862,686,0,7,100995,72881,1996
2566,pv_83_z_1,pv_83,,,1,ely_y2566_id_234,234,234,ely_y2566_id_2858,471,0,8,100995,72881,1996
2566,pv_83_z_1,pv_83,,,1,ely_y2566_id_252,252,252,ely_y2566_id_2866,323,0,9,100995,72881,1996
2566,pv_83_z_1,pv_83,,,1,ely_y2566_id_227,227,227,ely_y2566_id_2861,306,0,10,100995,72881,1996
2566,pv_83_z_1,pv_83,,,1,ely_y2566_id_189,189,189,ely_y2566_id_2868,179,0,11,100995,72881,1996
2566,pv_83_z_2,pv_83,,,2,ely_y2566_id_164,164,164,ely_y2566_id_2870,21913,31.0,1,102388,71631,2113
2566,pv_83_z_2,pv_83,,,2,ely_y2566_id_229,229,229,ely_y2566_id_2871,14967,21.0,2,102388,71631,2113
2566,pv_83_z_2,pv_83,,,2,ely_y2566_id_63,,63,ely_y2566_id_2873,9596,13.0,3,102388,71631,2113
2566,pv_83_z_2,pv_83,,,2,ely_y2566_id_1,,1,ely_y2566_id_2878,8686,12.0,4,102388,71631,2113
2566,pv_83_z_2,pv_83,,,2,ely_y2566_id_45,,45,ely_y2566_id_2875,7540,10.0,5,102388,71631,2113
2566,pv_83_z_2,pv_83,,,2,ely_y2566_id_34,,34,ely_y2566_id_2869,5976,8.0,6,102388,71631,2113
2566,pv_83_z_2,pv_83,,,2,ely_y2566_id_192,192,192,ely_y2566_id_2872,662,0,7,102388,71631,2113
2566,pv_83_z_2,pv_83,,,2,ely_y2566_id_227,227,227,ely_y2566_id_2874,345,0,8,102388,71631,2113
2566,pv_83_z_2,pv_83,,,2,ely_y2566_id_145,145,145,ely_y2566_id_2876,323,0,9,102388,71631,2113
2566,pv_83_z_2,pv_83,,,2,ely_y2566_id_185,185,185,ely_y2566_id_2877,168,0,10,102388,71631,2113
2566,pv_83_z_3,pv_83,,,3,ely_y2566_id_164,164,164,ely_y2566_id_2883,20421,26.0,1,109826,79798,2448
2566,pv_83_z_3,pv_83,,,3,ely_y2566_id_63,,63,ely_y2566_id_2887,13692,17.0,3,109826,79798,2448
2566,pv_83_z_3,pv_83,,,3,ely_y2566_id_229,229,229,ely_y2566_id_2885,9650,12.0,4,109826,79798,2448
2566,pv_83_z_3,pv_83,,,3,ely_y2566_id_1,,1,ely_y2566_id_2889,8995,11.0,5,109826,79798,2448
2566,pv_83_z_3,pv_83,,,3,ely_y2566_id_192,192,192,ely_y2566_id_2880,3480,4.0,6,109826,79798,2448
2566,pv_83_z_3,pv_83,,,3,ely_y2566_id_34,,34,ely_y2566_id_2884,3459,4.0,7,109826,79798,2448
2566,pv_83_z_3,pv_83,,,3,ely_y2566_id_227,227,227,ely_y2566_id_2886,1086,1.0,8,109826,79798,2448
2566,pv_83_z_3,pv_83,,,3,ely_y2566_id_189,189,189,ely_y2566_id_2881,410,0,9,109826,79798,2448
2566,pv_83_z_3,pv_83,,,3,ely_y2566_id_145,145,145,ely_y2566_id_2882,410,0,10,109826,79798,2448
2566,pv_83_z_3,pv_83,,,3,ely_y2566_id_234,234,234,ely_y2566_id_2888,210,0,11,109826,79798,2448
2566,pv_35_z_1,pv_35,,,1,ely_y2566_id_227,227,227,ely_y2566_id_3023,53130,49.0,1,144816,106467,3312
2566,pv_35_z_1,pv_35,,,1,ely_y2566_id_55,,55,ely_y2566_id_3026,25214,23.0,2,144816,106467,3312
2566,pv_35_z_1,pv_35,,,1,ely_y2566_id_34,,34,ely_y2566_id_3027,13394,12.0,3,144816,106467,3312
2566,pv_35_z_1,pv_35,,,1,ely_y2566_id_164,164,164,ely_y2566_id_3029,11714,11.0,4,144816,106467,3312
2566,pv_35_z_1,pv_35,,,1,ely_y2566_id_192,192,192,ely_y2566_id_3033,956,0,5,144816,106467,3312
2566,pv_35_z_1,pv_35,,,1,ely_y2566_id_63,,63,ely_y2566_id_3024,595,0,6,144816,106467,3312
2566,pv_35_z_1,pv_35,,,1,ely_y2566_id_145,145,145,ely_y2566_id_3025,369,0,7,144816,106467,3312
2566,pv_35_z_1,pv_35,,,1,ely_y2566_id_186,186,186,ely_y2566_id_3032,346,0,8,144816,106467,3312
2566,pv_35_z_1,pv_35,,,1,ely_y2566_id_234,234,234,ely_y2566_id_3028,193,0,9,144816,106467,3312
2566,pv_35_z_1,pv_35,,,1,ely_y2566_id_1,,1,ely_y2566_id_3034,145,0,10,144816,106467,3312
2566,pv_35_z_1,pv_35,,,1,ely_y2566_id_189,189,189,ely_y2566_id_3035,128,0,11,144816,106467,3312
2566,pv_35_z_1,pv_35,,,1,ely_y2566_id_229,229,229,ely_y2566_id_3031,0,0,13,144816,106467,3312
2566,pv_35_z_2,pv_35,,,2,ely_y2566_id_34,,34,ely_y2566_id_3041,44851,47.0,1,141902,95205,3161
2566,pv_35_z_2,pv_35,,,2,ely_y2566_id_227,227,227,ely_y2566_id_3044,34581,36.0,2,141902,95205,3161
2566,pv_35_z_2,pv_35,,,2,ely_y2566_id_164,164,164,ely_y2566_id_3038,9541,10.0,3,141902,95205,3161
2566,pv_35_z_2,pv_35,,,2,ely_y2566_id_63,,63,ely_y2566_id_3040,1435,1.0,4,141902,95205,3161
2566,pv_35_z_2,pv_35,,,2,ely_y2566_id_186,186,186,ely_y2566_id_3047,1353,1.0,5,141902,95205,3161
2566,pv_35_z_2,pv_35,,,2,ely_y2566_id_229,229,229,ely_y2566_id_3039,1097,1.0,6,141902,95205,3161
2566,pv_35_z_2,pv_35,,,2,ely_y2566_id_192,192,192,ely_y2566_id_3036,388,0,7,141902,95205,3161
2566,pv_35_z_2,pv_35,,,2,ely_y2566_id_217,217,217,ely_y2566_id_3042,301,0,8,141902,95205,3161
2566,pv_35_z_2,pv_35,,,2,ely_y2566_id_1,,1,ely_y2566_id_3043,277,0,9,141902,95205,3161
2566,pv_35_z_2,pv_35,,,2,ely_y2566_id_109,,109,ely_y2566_id_3037,249,0,10,141902,95205,3161
2566,pv_35_z_2,pv_35,,,2,ely_y2566_id_145,145,145,ely_y2566_id_3046,121,0,11,141902,95205,3161
2566,pv_35_z_2,pv_35,,,2,ely_y2566_id_189,189,189,ely_y2566_id_3048,116,0,12,141902,95205,3161
2566,pv_35_z_2,pv_35,,,2,ely_y2566_id_234,234,234,ely_y2566_id_3045,108,0,13,141902,95205,3161
2566,pv_35_z_3,pv_35,,,3,ely_y2566_id_63,,63,ely_y2566_id_3053,38074,37.0,1,145408,100940,3312
2566,pv_35_z_3,pv_35,,,3,ely_y2566_id_34,,34,ely_y2566_id_3050,25205,25.0,2,145408,100940,3312
2566,pv_35_z_3,pv_35,,,3,ely_y2566_id_164,164,164,ely_y2566_id_3057,14564,14.0,3,145408,100940,3312
2566,pv_35_z_3,pv_35,,,3,ely_y2566_id_55,,55,ely_y2566_id_3058,13622,13.0,4,145408,100940,3312
2566,pv_35_z_3,pv_35,,,3,ely_y2566_id_192,192,192,ely_y2566_id_3052,4963,4.0,5,145408,100940,3312
2566,pv_35_z_3,pv_35,,,3,ely_y2566_id_227,227,227,ely_y2566_id_3051,1498,1.0,6,145408,100940,3312
2566,pv_35_z_3,pv_35,,,3,ely_y2566_id_229,229,229,ely_y2566_id_3054,632,0,7,145408,100940,3312
2566,pv_35_z_3,pv_35,,,3,ely_y2566_id_145,145,145,ely_y2566_id_3059,583,0,8,145408,100940,3312
2566,pv_35_z_3,pv_35,,,3,ely_y2566_id_1,,1,ely_y2566_id_3049,498,0,9,145408,100940,3312
2566,pv_35_z_3,pv_35,,,3,ely_y2566_id_109,,109,ely_y2566_id_3055,483,0,10,145408,100940,3312
2566,pv_35_z_3,pv_35,,,3,ely_y2566_id_234,234,234,ely_y2566_id_3056,176,0,11,145408,100940,3312
2566,pv_95_z_1,pv_95,,,1,ely_y2566_id_187,187,187,ely_y2566_id_3067,23682,25.0,1,125093,92742,4566
2566,pv_95_z_1,pv_95,,,1,ely_y2566_id_192,192,192,ely_y2566_id_3066,20451,22.0,2,125093,92742,4566
2566,pv_95_z_1,pv_95,,,1,ely_y2566_id_1,,1,ely_y2566_id_3071,17378,18.0,3,125093,92742,4566
2566,pv_95_z_1,pv_95,,,1,ely_y2566_id_164,164,164,ely_y2566_id_3072,14871,16.0,4,125093,92742,4566
2566,pv_95_z_1,pv_95,,,1,ely_y2566_id_229,229,229,ely_y2566_id_3062,7367,8.0,5,125093,92742,4566
2566,pv_95_z_1,pv_95,,,1,ely_y2566_id_203,203,203,ely_y2566_id_3070,3125,3.0,6,125093,92742,4566
2566,pv_95_z_1,pv_95,,,1,ely_y2566_id_34,,34,ely_y2566_id_3065,1707,1.0,7,125093,92742,4566
2566,pv_95_z_1,pv_95,,,1,ely_y2566_id_63,,63,ely_y2566_id_3069,737,0,8,125093,92742,4566
2566,pv_95_z_1,pv_95,,,1,ely_y2566_id_180,180,180,ely_y2566_id_3073,559,0,9,125093,92742,4566
2566,pv_95_z_1,pv_95,,,1,ely_y2566_id_145,145,145,ely_y2566_id_3064,424,0,10,125093,92742,4566
2566,pv_95_z_1,pv_95,,,1,ely_y2566_id_227,227,227,ely_y2566_id_3063,406,0,11,125093,92742,4566
2566,pv_95_z_1,pv_95,,,1,ely_y2566_id_149,149,149,ely_y2566_id_3061,387,0,12,125093,92742,4566
2566,pv_95_z_1,pv_95,,,1,ely_y2566_id_186,186,186,ely_y2566_id_3060,345,0,13,125093,92742,4566
2566,pv_95_z_1,pv_95,,,1,ely_y2566_id_250,250,250,ely_y2566_id_3068,233,0,14,125093,92742,4566
2566,pv_95_z_2,pv_95,,,2,ely_y2566_id_187,187,187,ely_y2566_id_3084,51946,55.0,1,129255,93349,6271
2566,pv_95_z_2,pv_95,,,2,ely_y2566_id_192,192,192,ely_y2566_id_3078,24611,26.0,2,129255,93349,6271
2566,pv_95_z_2,pv_95,,,2,ely_y2566_id_164,164,164,ely_y2566_id_3082,6540,7.0,3,129255,93349,6271
2566,pv_95_z_2,pv_95,,,2,ely_y2566_id_63,,63,ely_y2566_id_3080,2527,2.0,4,129255,93349,6271
2566,pv_95_z_2,pv_95,,,2,ely_y2566_id_1,,1,ely_y2566_id_3077,1758,1.0,5,129255,93349,6271
2566,pv_95_z_2,pv_95,,,2,ely_y2566_id_229,229,229,ely_y2566_id_3083,1040,1.0,6,129255,93349,6271
2566,pv_95_z_2,pv_95,,,2,ely_y2566_id_203,203,203,ely_y2566_id_3074,987,1.0,7,129255,93349,6271
2566,pv_95_z_2,pv_95,,,2,ely_y2566_id_180,180,180,ely_y2566_id_3075,970,1.0,8,129255,93349,6271
2566,pv_95_z_2,pv_95,,,2,ely_y2566_id_34,,34,ely_y2566_id_3079,876,0,9,129255,93349,6271
2566,pv_95_z_2,pv_95,,,2,ely_y2566_id_227,227,227,ely_y2566_id_3081,504,0,10,129255,93349,6271
2566,pv_95_z_2,pv_95,,,2,ely_y2566_id_186,186,186,ely_y2566_id_3076,453,0,11,129255,93349,6271
2566,pv_95_z_2,pv_95,,,2,ely_y2566_id_145,145,145,ely_y2566_id_3085,440,0,12,129255,93349,6271
2566,pv_95_z_2,pv_95,,,2,ely_y2566_id_149,149,149,ely_y2566_id_3086,318,0,13,129255,93349,6271
2566,pv_95_z_2,pv_95,,,2,ely_y2566_id_184,184,184,ely_y2566_id_3088,246,0,14,129255,93349,6271
2566,pv_95_z_2,pv_95,,,2,ely_y2566_id_183,183,183,ely_y2566_id_3087,133,0,15,129255,93349,6271
2566,pv_95_z_3,pv_95,,,3,ely_y2566_id_187,187,187,ely_y2566_id_3098,31741,34.0,1,127445,91342,5085
2566,pv_95_z_3,pv_95,,,3,ely_y2566_id_192,192,192,ely_y2566_id_3095,24885,27.0,2,127445,91342,5085
2566,pv_95_z_3,pv_95,,,3,ely_y2566_id_164,164,164,ely_y2566_id_3099,16575,18.0,3,127445,91342,5085
2566,pv_95_z_3,pv_95,,,3,ely_y2566_id_229,229,229,ely_y2566_id_3092,6270,6.0,4,127445,91342,5085
2566,pv_95_z_3,pv_95,,,3,ely_y2566_id_1,,1,ely_y2566_id_3089,5286,5.0,5,127445,91342,5085
2566,pv_95_z_3,pv_95,,,3,ely_y2566_id_34,,34,ely_y2566_id_3097,2659,2.0,6,127445,91342,5085
2566,pv_95_z_3,pv_95,,,3,ely_y2566_id_203,203,203,ely_y2566_id_3090,1098,1.0,7,127445,91342,5085
2566,pv_95_z_3,pv_95,,,3,ely_y2566_id_63,,63,ely_y2566_id_3096,616,0,8,127445,91342,5085
2566,pv_95_z_3,pv_95,,,3,ely_y2566_id_145,145,145,ely_y2566_id_3094,465,0,9,127445,91342,5085
2566,pv_95_z_3,pv_95,,,3,ely_y2566_id_227,227,227,ely_y2566_id_3091,401,0,10,127445,91342,5085
2566,pv_95_z_3,pv_95,,,3,ely_y2566_id_184,184,184,ely_y2566_id_3102,290,0,11,127445,91342,5085
2566,pv_95_z_3,pv_95,,,3,ely_y2566_id_149,149,149,ely_y2566_id_3093,210,0,12,127445,91342,5085
2566,pv_95_z_3,pv_95,,,3,ely_y2566_id_189,189,189,ely_y2566_id_3101,210,0,13,127445,91342,5085
2566,pv_95_z_3,pv_95,,,3,ely_y2566_id_180,180,180,ely_y2566_id_3100,207,0,14,127445,91342,5085
2566,pv_74_z_1,pv_74,,,1,ely_y2566_id_164,164,164,ely_y2566_id_3929,45550,41.0,1,151099,112359,3292
2566,pv_74_z_1,pv_74,,,1,ely_y2566_id_192,192,192,ely_y2566_id_3921,29890,26.0,2,151099,112359,3292
2566,pv_74_z_1,pv_74,,,1,ely_y2566_id_229,229,229,ely_y2566_id_3922,9180,8.0,4,151099,112359,3292
2566,pv_74_z_1,pv_74,,,1,ely_y2566_id_1,,1,ely_y2566_id_3925,6850,6.0,5,151099,112359,3292
2566,pv_74_z_1,pv_74,,,1,ely_y2566_id_145,145,145,ely_y2566_id_3928,828,0,6,151099,112359,3292
2566,pv_74_z_1,pv_74,,,1,ely_y2566_id_227,227,227,ely_y2566_id_3924,764,0,7,151099,112359,3292
2566,pv_74_z_1,pv_74,,,1,ely_y2566_id_63,,63,ely_y2566_id_3927,575,0,8,151099,112359,3292
2566,pv_74_z_1,pv_74,,,1,ely_y2566_id_234,234,234,ely_y2566_id_3926,479,0,9,151099,112359,3292
2566,pv_74_z_1,pv_74,,,1,ely_y2566_id_189,189,189,ely_y2566_id_3930,149,0,10,151099,112359,3292
2566,pv_74_z_2,pv_74,,,2,ely_y2566_id_164,164,164,ely_y2566_id_3939,46896,43.0,1,145061,108584,2975
2566,pv_74_z_2,pv_74,,,2,ely_y2566_id_34,,34,ely_y2566_id_3933,22370,20.0,2,145061,108584,2975
2566,pv_74_z_2,pv_74,,,2,ely_y2566_id_229,229,229,ely_y2566_id_3932,15717,14.0,3,145061,108584,2975
2566,pv_74_z_2,pv_74,,,2,ely_y2566_id_192,192,192,ely_y2566_id_3931,15257,14.0,4,145061,108584,2975
2566,pv_74_z_2,pv_74,,,2,ely_y2566_id_1,,1,ely_y2566_id_3935,3274,3.0,5,145061,108584,2975
2566,pv_74_z_2,pv_74,,,2,ely_y2566_id_63,,63,ely_y2566_id_3937,1335,1.0,6,145061,108584,2975
2566,pv_74_z_2,pv_74,,,2,ely_y2566_id_145,145,145,ely_y2566_id_3938,1129,1.0,7,145061,108584,2975
2566,pv_74_z_2,pv_74,,,2,ely_y2566_id_227,227,227,ely_y2566_id_3934,502,0,8,145061,108584,2975
2566,pv_74_z_2,pv_74,,,2,ely_y2566_id_234,234,234,ely_y2566_id_3936,372,0,9,145061,108584,2975
2566,pv_74_z_2,pv_74,,,2,ely_y2566_id_189,189,189,ely_y2566_id_3940,142,0,10,145061,108584,2975
2566,pv_74_z_3,pv_74,,,3,ely_y2566_id_164,164,164,ely_y2566_id_3949,37511,33.0,1,150251,113324,4414
2566,pv_74_z_3,pv_74,,,3,ely_y2566_id_63,,63,ely_y2566_id_3947,29986,26.0,2,150251,113324,4414
2566,pv_74_z_3,pv_74,,,3,ely_y2566_id_192,192,192,ely_y2566_id_3941,20527,18.0,3,150251,113324,4414
2566,pv_74_z_3,pv_74,,,3,ely_y2566_id_34,,34,ely_y2566_id_3943,13008,11.0,4,150251,113324,4414
2566,pv_74_z_3,pv_74,,,3,ely_y2566_id_229,229,229,ely_y2566_id_3942,6697,5.0,5,150251,113324,4414
2566,pv_74_z_3,pv_74,,,3,ely_y2566_id_1,,1,ely_y2566_id_3945,2113,1.0,6,150251,113324,4414
2566,pv_74_z_3,pv_74,,,3,ely_y2566_id_227,227,227,ely_y2566_id_3944,1748,1.0,7,150251,113324,4414
2566,pv_74_z_3,pv_74,,,3,ely_y2566_id_145,145,145,ely_y2566_id_3948,629,0,8,150251,113324,4414
2566,pv_74_z_3,pv_74,,,3,ely_y2566_id_234,234,234,ely_y2566_id_3946,404,0,9,150251,113324,4414
2566,pv_27_z_1,pv_27,,,1,ely_y2566_id_192,192,192,ely_y2566_id_3953,42183,41.0,1,145448,101418,5362
2566,pv_27_z_1,pv_27,,,1,ely_y2566_id_164,164,164,ely_y2566_id_3956,23918,23.0,2,145448,101418,5362
2566,pv_27_z_1,pv_27,,,1,ely_y2566_id_34,,34,ely_y2566_id_3951,12217,12.0,4,145448,101418,5362
2566,pv_27_z_1,pv_27,,,1,ely_y2566_id_229,229,229,ely_y2566_id_3955,1123,1.0,5,145448,101418,5362
2566,pv_27_z_1,pv_27,,,1,ely_y2566_id_1,,1,ely_y2566_id_3952,779,0,6,145448,101418,5362
2566,pv_27_z_1,pv_27,,,1,ely_y2566_id_145,145,145,ely_y2566_id_3954,349,0,7,145448,101418,5362
2566,pv_27_z_1,pv_27,,,1,ely_y2566_id_189,189,189,ely_y2566_id_3957,83,0,8,145448,101418,5362
2566,pv_27_z_2,pv_27,,,2,ely_y2566_id_192,192,192,ely_y2566_id_3958,47173,48.0,1,143259,97570,4603
2566,pv_27_z_2,pv_27,,,2,ely_y2566_id_164,164,164,ely_y2566_id_3961,27533,28.0,2,143259,97570,4603
2566,pv_27_z_2,pv_27,,,2,ely_y2566_id_34,,34,ely_y2566_id_3959,16943,17.0,3,143259,97570,4603
2566,pv_27_z_2,pv_27,,,2,ely_y2566_id_63,,63,ely_y2566_id_3963,2568,2.0,4,143259,97570,4603
2566,pv_27_z_2,pv_27,,,2,ely_y2566_id_229,229,229,ely_y2566_id_3960,1619,1.0,5,143259,97570,4603
2566,pv_27_z_2,pv_27,,,2,ely_y2566_id_189,189,189,ely_y2566_id_3968,432,0,6,143259,97570,4603
2566,pv_27_z_2,pv_27,,,2,ely_y2566_id_240,240,240,ely_y2566_id_3964,413,0,7,143259,97570,4603
2566,pv_27_z_2,pv_27,,,2,ely_y2566_id_145,145,145,ely_y2566_id_3965,357,0,8,143259,97570,4603
2566,pv_27_z_2,pv_27,,,2,ely_y2566_id_1,,1,ely_y2566_id_3962,262,0,9,143259,97570,4603
2566,pv_27_z_2,pv_27,,,2,ely_y2566_id_221,221,221,ely_y2566_id_3966,194,0,10,143259,97570,4603
2566,pv_27_z_2,pv_27,,,2,ely_y2566_id_234,234,234,ely_y2566_id_3967,76,0,11,143259,97570,4603
2566,pv_27_z_3,pv_27,,,3,ely_y2566_id_34,,34,ely_y2566_id_3969,54116,52.0,1,148906,103875,5034
2566,pv_27_z_3,pv_27,,,3,ely_y2566_id_192,192,192,ely_y2566_id_3971,24116,23.0,2,148906,103875,5034
2566,pv_27_z_3,pv_27,,,3,ely_y2566_id_164,164,164,ely_y2566_id_3975,20828,20.0,3,148906,103875,5034
2566,pv_27_z_3,pv_27,,,3,ely_y2566_id_229,229,229,ely_y2566_id_3972,2620,2.0,4,148906,103875,5034
2566,pv_27_z_3,pv_27,,,3,ely_y2566_id_1,,1,ely_y2566_id_3970,935,0,5,148906,103875,5034
2566,pv_27_z_3,pv_27,,,3,ely_y2566_id_145,145,145,ely_y2566_id_3974,331,0,6,148906,103875,5034
2566,pv_27_z_3,pv_27,,,3,ely_y2566_id_189,189,189,ely_y2566_id_3977,203,0,7,148906,103875,5034
2566,pv_27_z_3,pv_27,,,3,ely_y2566_id_240,240,240,ely_y2566_id_3973,145,0,8,148906,103875,5034
2566,pv_27_z_3,pv_27,,,3,ely_y2566_id_234,234,234,ely_y2566_id_3976,132,0,9,148906,103875,5034
2566,pv_43_z_1,pv_43,,,1,ely_y2566_id_192,192,192,ely_y2566_id_4307,33078,36.0,1,138031,92317,3643
2566,pv_43_z_1,pv_43,,,1,ely_y2566_id_34,,34,ely_y2566_id_4305,25783,28.0,2,138031,92317,3643
2566,pv_43_z_1,pv_43,,,1,ely_y2566_id_164,164,164,ely_y2566_id_4309,23909,26.0,3,138031,92317,3643
2566,pv_43_z_1,pv_43,,,1,ely_y2566_id_63,,63,ely_y2566_id_4308,2930,3.0,4,138031,92317,3643
2566,pv_43_z_1,pv_43,,,1,ely_y2566_id_227,227,227,ely_y2566_id_4300,1854,2.0,5,138031,92317,3643
2566,pv_43_z_1,pv_43,,,1,ely_y2566_id_229,229,229,ely_y2566_id_4302,1469,1.0,6,138031,92317,3643
2566,pv_43_z_1,pv_43,,,1,ely_y2566_id_234,234,234,ely_y2566_id_4310,787,0,7,138031,92317,3643
2566,pv_43_z_1,pv_43,,,1,ely_y2566_id_1,,1,ely_y2566_id_4306,614,0,8,138031,92317,3643
2566,pv_43_z_1,pv_43,,,1,ely_y2566_id_145,145,145,ely_y2566_id_4304,533,0,9,138031,92317,3643
2566,pv_43_z_1,pv_43,,,1,ely_y2566_id_157,157,157,ely_y2566_id_4303,243,0,10,138031,92317,3643
2566,pv_43_z_1,pv_43,,,1,ely_y2566_id_226,226,226,ely_y2566_id_4301,233,0,11,138031,92317,3643
2566,pv_43_z_1,pv_43,,,1,ely_y2566_id_189,189,189,ely_y2566_id_4311,193,0,12,138031,92317,3643
2566,pv_43_z_2,pv_43,,,2,ely_y2566_id_34,,34,ely_y2566_id_4320,33527,40.0,1,135023,83263,4217
2566,pv_43_z_2,pv_43,,,2,ely_y2566_id_63,,63,ely_y2566_id_4315,26450,32.0,2,135023,83263,4217
2566,pv_43_z_2,pv_43,,,2,ely_y2566_id_164,164,164,ely_y2566_id_4319,17000,20.0,3,135023,83263,4217
2566,pv_43_z_2,pv_43,,,2,ely_y2566_id_227,227,227,ely_y2566_id_4313,1714,2.0,4,135023,83263,4217
2566,pv_43_z_2,pv_43,,,2,ely_y2566_id_229,229,229,ely_y2566_id_4321,1111,1.0,5,135023,83263,4217
2566,pv_43_z_2,pv_43,,,2,ely_y2566_id_145,145,145,ely_y2566_id_4317,514,0,6,135023,83263,4217
2566,pv_43_z_2,pv_43,,,2,ely_y2566_id_192,192,192,ely_y2566_id_4314,509,0,7,135023,83263,4217
2566,pv_43_z_2,pv_43,,,2,ely_y2566_id_234,234,234,ely_y2566_id_4318,416,0,8,135023,83263,4217
2566,pv_43_z_2,pv_43,,,2,ely_y2566_id_1,,1,ely_y2566_id_4316,370,0,9,135023,83263,4217
2566,pv_43_z_2,pv_43,,,2,ely_y2566_id_157,157,157,ely_y2566_id_4312,342,0,10,135023,83263,4217
2566,pv_43_z_2,pv_43,,,2,ely_y2566_id_109,,109,ely_y2566_id_4322,131,0,11,135023,83263,4217
2566,pv_43_z_3,pv_43,,,3,ely_y2566_id_34,,34,ely_y2566_id_4326,32539,37.0,1,136980,87706,3973
2566,pv_43_z_3,pv_43,,,3,ely_y2566_id_164,164,164,ely_y2566_id_4323,24909,28.0,2,136980,87706,3973
2566,pv_43_z_3,pv_43,,,3,ely_y2566_id_192,192,192,ely_y2566_id_4331,23806,27.0,3,136980,87706,3973
2566,pv_43_z_3,pv_43,,,3,ely_y2566_id_229,229,229,ely_y2566_id_4335,1132,1.0,4,136980,87706,3973
2566,pv_43_z_3,pv_43,,,3,ely_y2566_id_145,145,145,ely_y2566_id_4330,899,1.0,5,136980,87706,3973
2566,pv_43_z_3,pv_43,,,3,ely_y2566_id_63,,63,ely_y2566_id_4332,880,1.0,6,136980,87706,3973
2566,pv_43_z_3,pv_43,,,3,ely_y2566_id_227,227,227,ely_y2566_id_4327,748,0,7,136980,87706,3973
2566,pv_43_z_3,pv_43,,,3,ely_y2566_id_226,226,226,ely_y2566_id_4325,574,0,8,136980,87706,3973
2566,pv_43_z_3,pv_43,,,3,ely_y2566_id_189,189,189,ely_y2566_id_4336,526,0,9,136980,87706,3973
2566,pv_43_z_3,pv_43,,,3,ely_y2566_id_237,237,237,ely_y2566_id_4328,331,0,10,136980,87706,3973
2566,pv_43_z_3,pv_43,,,3,ely_y2566_id_1,,1,ely_y2566_id_4329,310,0,11,136980,87706,3973
2566,pv_43_z_3,pv_43,,,3,ely_y2566_id_157,157,157,ely_y2566_id_4324,259,0,12,136980,87706,3973
2566,pv_43_z_3,pv_43,,,3,ely_y2566_id_234,234,234,ely_y2566_id_4333,234,0,13,136980,87706,3973
2566,pv_43_z_3,pv_43,,,3,ely_y2566_id_180,180,180,ely_y2566_id_4334,198,0,14,136980,87706,3973
2566,pv_39_z_1,pv_39,,,1,ely_y2566_id_34,,34,ely_y2566_id_4345,26309,29.0,1,138523,91833,4225
2566,pv_39_z_1,pv_39,,,1,ely_y2566_id_192,192,192,ely_y2566_id_4343,25377,28.0,2,138523,91833,4225
2566,pv_39_z_1,pv_39,,,1,ely_y2566_id_164,164,164,ely_y2566_id_4342,21795,24.0,3,138523,91833,4225
2566,pv_39_z_1,pv_39,,,1,ely_y2566_id_63,,63,ely_y2566_id_4340,7551,8.0,4,138523,91833,4225
2566,pv_39_z_1,pv_39,,,1,ely_y2566_id_227,227,227,ely_y2566_id_4344,4890,5.0,5,138523,91833,4225
2566,pv_39_z_1,pv_39,,,1,ely_y2566_id_229,229,229,ely_y2566_id_4338,2243,2.0,6,138523,91833,4225
2566,pv_39_z_1,pv_39,,,1,ely_y2566_id_186,186,186,ely_y2566_id_4341,637,0,7,138523,91833,4225
2566,pv_39_z_1,pv_39,,,1,ely_y2566_id_1,,1,ely_y2566_id_4337,536,0,8,138523,91833,4225
2566,pv_39_z_1,pv_39,,,1,ely_y2566_id_145,145,145,ely_y2566_id_4346,456,0,9,138523,91833,4225
2566,pv_39_z_1,pv_39,,,1,ely_y2566_id_189,189,189,ely_y2566_id_4349,195,0,10,138523,91833,4225
2566,pv_39_z_1,pv_39,,,1,ely_y2566_id_157,157,157,ely_y2566_id_4348,177,0,11,138523,91833,4225
2566,pv_39_z_1,pv_39,,,1,ely_y2566_id_234,234,234,ely_y2566_id_4347,118,0,12,138523,91833,4225
2566,pv_39_z_1,pv_39,,,1,ely_y2566_id_226,226,226,ely_y2566_id_4339,0,0,13,138523,91833,4225
2566,pv_39_z_2,pv_39,,,2,ely_y2566_id_34,,34,ely_y2566_id_4352,32247,37.0,1,135176,85519,2999
2566,pv_39_z_2,pv_39,,,2,ely_y2566_id_227,227,227,ely_y2566_id_4351,21661,25.0,2,135176,85519,2999
2566,pv_39_z_2,pv_39,,,2,ely_y2566_id_164,164,164,ely_y2566_id_4356,17344,20.0,3,135176,85519,2999
2566,pv_39_z_2,pv_39,,,2,ely_y2566_id_192,192,192,ely_y2566_id_4355,7030,8.0,4,135176,85519,2999
2566,pv_39_z_2,pv_39,,,2,ely_y2566_id_149,149,149,ely_y2566_id_4350,2649,3.0,5,135176,85519,2999
2566,pv_39_z_2,pv_39,,,2,ely_y2566_id_229,229,229,ely_y2566_id_4357,1982,2.0,6,135176,85519,2999
2566,pv_39_z_2,pv_39,,,2,ely_y2566_id_184,184,184,ely_y2566_id_4362,602,0,7,135176,85519,2999
2566,pv_39_z_2,pv_39,,,2,ely_y2566_id_145,145,145,ely_y2566_id_4361,566,0,8,135176,85519,2999
2566,pv_39_z_2,pv_39,,,2,ely_y2566_id_1,,1,ely_y2566_id_4358,421,0,9,135176,85519,2999
2566,pv_39_z_2,pv_39,,,2,ely_y2566_id_63,,63,ely_y2566_id_4353,308,0,10,135176,85519,2999
2566,pv_39_z_2,pv_39,,,2,ely_y2566_id_247,247,247,ely_y2566_id_4354,198,0,11,135176,85519,2999
2566,pv_39_z_2,pv_39,,,2,ely_y2566_id_234,234,234,ely_y2566_id_4360,137,0,12,135176,85519,2999
2566,pv_39_z_2,pv_39,,,2,ely_y2566_id_245,245,245,ely_y2566_id_4359,128,0,13,135176,85519,2999
2566,pv_39_z_2,pv_39,,,2,ely_y2566_id_189,189,189,ely_y2566_id_4363,43,0,14,135176,85519,2999
2566,pv_39_z_3,pv_39,,,3,ely_y2566_id_34,,34,ely_y2566_id_4367,32375,38.0,1,130715,83709,3317
2566,pv_39_z_3,pv_39,,,3,ely_y2566_id_227,227,227,ely_y2566_id_4366,20746,24.0,2,130715,83709,3317
2566,pv_39_z_3,pv_39,,,3,ely_y2566_id_164,164,164,ely_y2566_id_4371,14575,17.0,3,130715,83709,3317
2566,pv_39_z_3,pv_39,,,3,ely_y2566_id_192,192,192,ely_y2566_id_4369,10002,12.0,4,130715,83709,3317
2566,pv_39_z_3,pv_39,,,3,ely_y2566_id_63,,63,ely_y2566_id_4370,1883,2.0,5,130715,83709,3317
2566,pv_39_z_3,pv_39,,,3,ely_y2566_id_229,229,229,ely_y2566_id_4364,1237,1.0,6,130715,83709,3317
2566,pv_39_z_3,pv_39,,,3,ely_y2566_id_1,,1,ely_y2566_id_4372,521,0,7,130715,83709,3317
2566,pv_39_z_3,pv_39,,,3,ely_y2566_id_157,157,157,ely_y2566_id_4376,475,0,8,130715,83709,3317
2566,pv_39_z_3,pv_39,,,3,ely_y2566_id_226,226,226,ely_y2566_id_4365,391,0,9,130715,83709,3317
2566,pv_39_z_3,pv_39,,,3,ely_y2566_id_247,247,247,ely_y2566_id_4368,360,0,10,130715,83709,3317
2566,pv_39_z_3,pv_39,,,3,ely_y2566_id_145,145,145,ely_y2566_id_4373,274,0,11,130715,83709,3317
2566,pv_39_z_3,pv_39,,,3,ely_y2566_id_234,234,234,ely_y2566_id_4374,110,0,12,130715,83709,3317
2566,pv_39_z_3,pv_39,,,3,ely_y2566_id_184,184,184,ely_y2566_id_4375,94,0,13,130715,83709,3317
2566,pv_53_z_1,pv_53,,,1,ely_y2566_id_34,,34,ely_y2566_id_4582,32820,38.0,1,118390,85452,3738
2566,pv_53_z_1,pv_53,,,1,ely_y2566_id_63,,63,ely_y2566_id_4581,25696,30.0,2,118390,85452,3738
2566,pv_53_z_1,pv_53,,,1,ely_y2566_id_164,164,164,ely_y2566_id_4583,19857,23.0,3,118390,85452,3738
2566,pv_53_z_1,pv_53,,,1,ely_y2566_id_229,229,229,ely_y2566_id_4587,4089,4.0,4,118390,85452,3738
2566,pv_53_z_1,pv_53,,,1,ely_y2566_id_1,,1,ely_y2566_id_4585,820,0,5,118390,85452,3738
2566,pv_53_z_1,pv_53,,,1,ely_y2566_id_227,227,227,ely_y2566_id_4580,717,0,6,118390,85452,3738
2566,pv_53_z_1,pv_53,,,1,ely_y2566_id_145,145,145,ely_y2566_id_4586,396,0,7,118390,85452,3738
2566,pv_53_z_1,pv_53,,,1,ely_y2566_id_192,192,192,ely_y2566_id_4584,362,0,8,118390,85452,3738
2566,pv_53_z_1,pv_53,,,1,ely_y2566_id_189,189,189,ely_y2566_id_4588,269,0,9,118390,85452,3738
2566,pv_53_z_2,pv_53,,,2,ely_y2566_id_34,,34,ely_y2566_id_4595,36183,43.0,1,125354,84474,5237
2566,pv_53_z_2,pv_53,,,2,ely_y2566_id_164,164,164,ely_y2566_id_4597,20952,25.0,2,125354,84474,5237
2566,pv_53_z_2,pv_53,,,2,ely_y2566_id_229,229,229,ely_y2566_id_4596,20714,25.0,3,125354,84474,5237
2566,pv_53_z_2,pv_53,,,2,ely_y2566_id_1,,1,ely_y2566_id_4593,1087,1.0,4,125354,84474,5237
2566,pv_53_z_2,pv_53,,,2,ely_y2566_id_192,192,192,ely_y2566_id_4592,846,1.0,5,125354,84474,5237
2566,pv_53_z_2,pv_53,,,2,ely_y2566_id_145,145,145,ely_y2566_id_4594,652,0,6,125354,84474,5237
2566,pv_53_z_2,pv_53,,,2,ely_y2566_id_118,,118,ely_y2566_id_4591,535,0,7,125354,84474,5237
2566,pv_53_z_2,pv_53,,,2,ely_y2566_id_63,,63,ely_y2566_id_4590,503,0,8,125354,84474,5237
2566,pv_53_z_2,pv_53,,,2,ely_y2566_id_226,226,226,ely_y2566_id_4589,493,0,9,125354,84474,5237
2566,pv_53_z_2,pv_53,,,2,ely_y2566_id_227,227,227,ely_y2566_id_4598,460,0,10,125354,84474,5237
2566,pv_53_z_2,pv_53,,,2,ely_y2566_id_189,189,189,ely_y2566_id_4599,231,0,11,125354,84474,5237
2566,pv_53_z_3,pv_53,,,3,ely_y2566_id_34,,34,ely_y2566_id_4607,48779,56.0,1,124268,87662,4034
2566,pv_53_z_3,pv_53,,,3,ely_y2566_id_164,164,164,ely_y2566_id_4605,18506,21.0,2,124268,87662,4034
2566,pv_53_z_3,pv_53,,,3,ely_y2566_id_229,229,229,ely_y2566_id_4603,12896,14.0,3,124268,87662,4034
2566,pv_53_z_3,pv_53,,,3,ely_y2566_id_1,,1,ely_y2566_id_4604,1543,1.0,4,124268,87662,4034
2566,pv_53_z_3,pv_53,,,3,ely_y2566_id_192,192,192,ely_y2566_id_4608,1284,1.0,5,124268,87662,4034
2566,pv_53_z_3,pv_53,,,3,ely_y2566_id_227,227,227,ely_y2566_id_4601,1150,1.0,6,124268,87662,4034
2566,pv_53_z_3,pv_53,,,3,ely_y2566_id_63,,63,ely_y2566_id_4602,824,0,7,124268,87662,4034
2566,pv_53_z_3,pv_53,,,3,ely_y2566_id_145,145,145,ely_y2566_id_4606,654,0,8,124268,87662,4034
2566,pv_53_z_3,pv_53,,,3,ely_y2566_id_180,180,180,ely_y2566_id_4600,415,0,9,124268,87662,4034
2566,pv_53_z_3,pv_53,,,3,ely_y2566_id_189,189,189,ely_y2566_id_4609,111,0,10,124268,87662,4034
2566,pv_62_z_1,pv_62,,,1,ely_y2566_id_192,192,192,ely_y2566_id_664,36187,37.0,1,144005,97632,6785
2566,pv_62_z_1,pv_62,,,1,ely_y2566_id_164,164,164,ely_y2566_id_659,28944,29.0,2,144005,97632,6785
2566,pv_62_z_1,pv_62,,,1,ely_y2566_id_34,,34,ely_y2566_id_661,18462,19.0,3,144005,97632,6785
2566,pv_62_z_1,pv_62,,,1,ely_y2566_id_229,229,229,ely_y2566_id_660,10693,11.0,4,144005,97632,6785
2566,pv_62_z_1,pv_62,,,1,ely_y2566_id_1,,1,ely_y2566_id_665,934,0,5,144005,97632,6785
2566,pv_62_z_1,pv_62,,,1,ely_y2566_id_145,145,145,ely_y2566_id_663,757,0,6,144005,97632,6785
2566,pv_62_z_1,pv_62,,,1,ely_y2566_id_227,227,227,ely_y2566_id_662,424,0,7,144005,97632,6785
2566,pv_62_z_1,pv_62,,,1,ely_y2566_id_184,184,184,ely_y2566_id_667,328,0,8,144005,97632,6785
2566,pv_62_z_1,pv_62,,,1,ely_y2566_id_241,241,241,ely_y2566_id_666,121,0,9,144005,97632,6785
2566,pv_62_z_1,pv_62,,,1,ely_y2566_id_189,189,189,ely_y2566_id_668,78,0,10,144005,97632,6785
2566,pv_62_z_2,pv_62,,,2,ely_y2566_id_192,192,192,ely_y2566_id_675,41143,43.0,1,146910,97285,7512
2566,pv_62_z_2,pv_62,,,2,ely_y2566_id_164,164,164,ely_y2566_id_671,24196,25.0,2,146910,97285,7512
2566,pv_62_z_2,pv_62,,,2,ely_y2566_id_34,,34,ely_y2566_id_672,18465,19.0,3,146910,97285,7512
2566,pv_62_z_2,pv_62,,,2,ely_y2566_id_229,229,229,ely_y2566_id_669,6214,6.0,4,146910,97285,7512
2566,pv_62_z_2,pv_62,,,2,ely_y2566_id_227,227,227,ely_y2566_id_670,3999,4.0,5,146910,97285,7512
2566,pv_62_z_2,pv_62,,,2,ely_y2566_id_1,,1,ely_y2566_id_674,831,0,6,146910,97285,7512
2566,pv_62_z_2,pv_62,,,2,ely_y2566_id_145,145,145,ely_y2566_id_673,575,0,7,146910,97285,7512
2566,pv_62_z_2,pv_62,,,2,ely_y2566_id_241,241,241,ely_y2566_id_676,241,0,8,146910,97285,7512
2566,pv_62_z_3,pv_62,,,3,ely_y2566_id_192,192,192,ely_y2566_id_679,37149,42.0,1,138018,87629,6466
2566,pv_62_z_3,pv_62,,,3,ely_y2566_id_34,,34,ely_y2566_id_677,19626,22.0,2,138018,87629,6466
2566,pv_62_z_3,pv_62,,,3,ely_y2566_id_164,164,164,ely_y2566_id_682,19584,22.0,3,138018,87629,6466
2566,pv_62_z_3,pv_62,,,3,ely_y2566_id_229,229,229,ely_y2566_id_680,3943,4.0,4,138018,87629,6466
2566,pv_62_z_3,pv_62,,,3,ely_y2566_id_1,,1,ely_y2566_id_681,2568,2.0,5,138018,87629,6466
2566,pv_62_z_3,pv_62,,,3,ely_y2566_id_184,184,184,ely_y2566_id_689,1127,1.0,6,138018,87629,6466
2566,pv_62_z_3,pv_62,,,3,ely_y2566_id_227,227,227,ely_y2566_id_686,908,1.0,7,138018,87629,6466
2566,pv_62_z_3,pv_62,,,3,ely_y2566_id_145,145,145,ely_y2566_id_678,830,0,8,138018,87629,6466
2566,pv_62_z_3,pv_62,,,3,ely_y2566_id_244,244,244,ely_y2566_id_687,513,0,9,138018,87629,6466
2566,pv_62_z_3,pv_62,,,3,ely_y2566_id_242,242,242,ely_y2566_id_685,395,0,10,138018,87629,6466
2566,pv_62_z_3,pv_62,,,3,ely_y2566_id_241,241,241,ely_y2566_id_683,337,0,11,138018,87629,6466
2566,pv_62_z_3,pv_62,,,3,ely_y2566_id_180,180,180,ely_y2566_id_688,272,0,12,138018,87629,6466
2566,pv_62_z_3,pv_62,,,3,ely_y2566_id_228,228,228,ely_y2566_id_684,220,0,13,138018,87629,6466
2566,pv_62_z_3,pv_62,,,3,ely_y2566_id_189,189,189,ely_y2566_id_690,157,0,14,138018,87629,6466
2566,pv_62_z_4,pv_62,,,4,ely_y2566_id_192,192,192,ely_y2566_id_693,36132,39.0,1,139091,90926,5798
2566,pv_62_z_4,pv_62,,,4,ely_y2566_id_34,,34,ely_y2566_id_692,21741,24.0,2,139091,90926,5798
2566,pv_62_z_4,pv_62,,,4,ely_y2566_id_164,164,164,ely_y2566_id_694,19232,21.0,3,139091,90926,5798
2566,pv_62_z_4,pv_62,,,4,ely_y2566_id_229,229,229,ely_y2566_id_691,11067,12.0,4,139091,90926,5798
2566,pv_62_z_4,pv_62,,,4,ely_y2566_id_145,145,145,ely_y2566_id_695,853,0,5,139091,90926,5798
2566,pv_62_z_4,pv_62,,,4,ely_y2566_id_1,,1,ely_y2566_id_696,620,0,6,139091,90926,5798
2566,pv_62_z_4,pv_62,,,4,ely_y2566_id_184,184,184,ely_y2566_id_699,231,0,7,139091,90926,5798
2566,pv_62_z_4,pv_62,,,4,ely_y2566_id_122,,122,ely_y2566_id_697,216,0,8,139091,90926,5798
2566,pv_62_z_4,pv_62,,,4,ely_y2566_id_244,244,244,ely_y2566_id_698,164,0,9,139091,90926,5798
2566,pv_62_z_4,pv_62,,,4,ely_y2566_id_189,189,189,ely_y2566_id_700,116,0,10,139091,90926,5798
2566,pv_24_z_1,pv_24,,,1,ely_y2566_id_34,,34,ely_y2566_id_895,35488,30.0,1,143562,116536,4146
2566,pv_24_z_1,pv_24,,,1,ely_y2566_id_229,229,229,ely_y2566_id_900,33000,28.0,2,143562,116536,4146
2566,pv_24_z_1,pv_24,,,1,ely_y2566_id_164,164,164,ely_y2566_id_899,26001,22.0,3,143562,116536,4146
2566,pv_24_z_1,pv_24,,,1,ely_y2566_id_192,192,192,ely_y2566_id_896,13595,11.0,4,143562,116536,4146
2566,pv_24_z_1,pv_24,,,1,ely_y2566_id_55,,55,ely_y2566_id_901,4151,3.0,5,143562,116536,4146
2566,pv_24_z_1,pv_24,,,1,ely_y2566_id_1,,1,ely_y2566_id_897,1409,1.0,6,143562,116536,4146
2566,pv_24_z_1,pv_24,,,1,ely_y2566_id_63,,63,ely_y2566_id_898,1223,1.0,7,143562,116536,4146
2566,pv_24_z_1,pv_24,,,1,ely_y2566_id_145,145,145,ely_y2566_id_894,821,0,8,143562,116536,4146
2566,pv_24_z_1,pv_24,,,1,ely_y2566_id_189,189,189,ely_y2566_id_905,254,0,9,143562,116536,4146
2566,pv_24_z_1,pv_24,,,1,ely_y2566_id_180,180,180,ely_y2566_id_902,234,0,10,143562,116536,4146
2566,pv_24_z_1,pv_24,,,1,ely_y2566_id_184,184,184,ely_y2566_id_906,171,0,11,143562,116536,4146
2566,pv_24_z_1,pv_24,,,1,ely_y2566_id_234,234,234,ely_y2566_id_904,119,0,12,143562,116536,4146
2566,pv_24_z_1,pv_24,,,1,ely_y2566_id_133,133,133,ely_y2566_id_903,70,0,13,143562,116536,4146
2566,pv_24_z_2,pv_24,,,2,ely_y2566_id_192,192,192,ely_y2566_id_910,42777,38.0,1,142721,112152,5364
2566,pv_24_z_2,pv_24,,,2,ely_y2566_id_164,164,164,ely_y2566_id_908,22793,20.0,3,142721,112152,5364
2566,pv_24_z_2,pv_24,,,2,ely_y2566_id_229,229,229,ely_y2566_id_913,2798,2.0,4,142721,112152,5364
2566,pv_24_z_2,pv_24,,,2,ely_y2566_id_1,,1,ely_y2566_id_907,1715,1.0,5,142721,112152,5364
2566,pv_24_z_2,pv_24,,,2,ely_y2566_id_63,,63,ely_y2566_id_911,387,0,6,142721,112152,5364
2566,pv_24_z_2,pv_24,,,2,ely_y2566_id_184,184,184,ely_y2566_id_914,363,0,7,142721,112152,5364
2566,pv_24_z_2,pv_24,,,2,ely_y2566_id_145,145,145,ely_y2566_id_912,330,0,8,142721,112152,5364
2566,pv_24_z_2,pv_24,,,2,ely_y2566_id_189,189,189,ely_y2566_id_915,185,0,9,142721,112152,5364
2566,pv_24_z_3,pv_24,,,3,ely_y2566_id_34,,34,ely_y2566_id_920,45874,43.0,1,144787,105928,6364
2566,pv_24_z_3,pv_24,,,3,ely_y2566_id_229,229,229,ely_y2566_id_922,34886,33.0,2,144787,105928,6364
2566,pv_24_z_3,pv_24,,,3,ely_y2566_id_164,164,164,ely_y2566_id_916,21955,20.0,3,144787,105928,6364
2566,pv_24_z_3,pv_24,,,3,ely_y2566_id_192,192,192,ely_y2566_id_919,928,0,4,144787,105928,6364
2566,pv_24_z_3,pv_24,,,3,ely_y2566_id_145,145,145,ely_y2566_id_917,562,0,5,144787,105928,6364
2566,pv_24_z_3,pv_24,,,3,ely_y2566_id_1,,1,ely_y2566_id_921,507,0,6,144787,105928,6364
2566,pv_24_z_3,pv_24,,,3,ely_y2566_id_180,180,180,ely_y2566_id_918,413,0,7,144787,105928,6364
2566,pv_24_z_3,pv_24,,,3,ely_y2566_id_234,234,234,ely_y2566_id_924,221,0,8,144787,105928,6364
2566,pv_24_z_3,pv_24,,,3,ely_y2566_id_63,,63,ely_y2566_id_923,141,0,9,144787,105928,6364
2566,pv_24_z_3,pv_24,,,3,ely_y2566_id_189,189,189,ely_y2566_id_925,136,0,10,144787,105928,6364
2566,pv_24_z_4,pv_24,,,4,ely_y2566_id_164,164,164,ely_y2566_id_927,37381,32.0,1,144726,116346,4997
2566,pv_24_z_4,pv_24,,,4,ely_y2566_id_192,192,192,ely_y2566_id_932,26873,23.0,2,144726,116346,4997
2566,pv_24_z_4,pv_24,,,4,ely_y2566_id_229,229,229,ely_y2566_id_928,26415,22.0,3,144726,116346,4997
2566,pv_24_z_4,pv_24,,,4,ely_y2566_id_63,,63,ely_y2566_id_931,942,0,5,144726,116346,4997
2566,pv_24_z_4,pv_24,,,4,ely_y2566_id_1,,1,ely_y2566_id_926,874,0,6,144726,116346,4997
2566,pv_24_z_4,pv_24,,,4,ely_y2566_id_145,145,145,ely_y2566_id_929,674,0,7,144726,116346,4997
2566,pv_24_z_4,pv_24,,,4,ely_y2566_id_184,184,184,ely_y2566_id_934,179,0,8,144726,116346,4997
2566,pv_24_z_4,pv_24,,,4,ely_y2566_id_180,180,180,ely_y2566_id_933,158,0,9,144726,116346,4997
2566,pv_92_z_1,pv_92,,,1,ely_y2566_id_229,229,229,ely_y2566_id_1405,25965,26.0,1,121231,96504,3115
2566,pv_92_z_1,pv_92,,,1,ely_y2566_id_192,192,192,ely_y2566_id_1406,21018,21.0,2,121231,96504,3115
2566,pv_92_z_1,pv_92,,,1,ely_y2566_id_63,,63,ely_y2566_id_1408,19172,19.0,3,121231,96504,3115
2566,pv_92_z_1,pv_92,,,1,ely_y2566_id_164,164,164,ely_y2566_id_1410,17683,18.0,4,121231,96504,3115
2566,pv_92_z_1,pv_92,,,1,ely_y2566_id_1,,1,ely_y2566_id_1407,7095,7.0,5,121231,96504,3115
2566,pv_92_z_1,pv_92,,,1,ely_y2566_id_34,,34,ely_y2566_id_1409,3316,3.0,6,121231,96504,3115
2566,pv_92_z_1,pv_92,,,1,ely_y2566_id_206,206,206,ely_y2566_id_1404,447,0,7,121231,96504,3115
2566,pv_92_z_1,pv_92,,,1,ely_y2566_id_227,227,227,ely_y2566_id_1412,342,0,8,121231,96504,3115
2566,pv_92_z_1,pv_92,,,1,ely_y2566_id_189,189,189,ely_y2566_id_1415,270,0,9,121231,96504,3115
2566,pv_92_z_1,pv_92,,,1,ely_y2566_id_252,252,252,ely_y2566_id_1416,257,0,10,121231,96504,3115
2566,pv_92_z_1,pv_92,,,1,ely_y2566_id_145,145,145,ely_y2566_id_1411,238,0,11,121231,96504,3115
2566,pv_92_z_1,pv_92,,,1,ely_y2566_id_234,234,234,ely_y2566_id_1413,228,0,12,121231,96504,3115
2566,pv_92_z_1,pv_92,,,1,ely_y2566_id_186,186,186,ely_y2566_id_1414,213,0,13,121231,96504,3115
2566,pv_92_z_2,pv_92,,,2,ely_y2566_id_192,192,192,ely_y2566_id_1422,63185,64.0,1,130596,98665,4118
2566,pv_92_z_2,pv_92,,,2,ely_y2566_id_164,164,164,ely_y2566_id_1426,10553,10.0,3,130596,98665,4118
2566,pv_92_z_2,pv_92,,,2,ely_y2566_id_229,229,229,ely_y2566_id_1419,2803,2.0,4,130596,98665,4118
2566,pv_92_z_2,pv_92,,,2,ely_y2566_id_34,,34,ely_y2566_id_1421,1510,1.0,5,130596,98665,4118
2566,pv_92_z_2,pv_92,,,2,ely_y2566_id_63,,63,ely_y2566_id_1417,1231,1.0,6,130596,98665,4118
2566,pv_92_z_2,pv_92,,,2,ely_y2566_id_227,227,227,ely_y2566_id_1420,660,0,7,130596,98665,4118
2566,pv_92_z_2,pv_92,,,2,ely_y2566_id_186,186,186,ely_y2566_id_1425,475,0,8,130596,98665,4118
2566,pv_92_z_2,pv_92,,,2,ely_y2566_id_206,206,206,ely_y2566_id_1423,458,0,9,130596,98665,4118
2566,pv_92_z_2,pv_92,,,2,ely_y2566_id_145,145,145,ely_y2566_id_1424,237,0,10,130596,98665,4118
2566,pv_92_z_2,pv_92,,,2,ely_y2566_id_252,252,252,ely_y2566_id_1428,183,0,11,130596,98665,4118
2566,pv_92_z_2,pv_92,,,2,ely_y2566_id_189,189,189,ely_y2566_id_1427,137,0,12,130596,98665,4118
2566,pv_92_z_3,pv_92,,,3,ely_y2566_id_1,,1,ely_y2566_id_1430,31846,37.0,1,123965,88158,4184
2566,pv_92_z_3,pv_92,,,3,ely_y2566_id_164,164,164,ely_y2566_id_1441,16483,19.0,2,123965,88158,4184
2566,pv_92_z_3,pv_92,,,3,ely_y2566_id_192,192,192,ely_y2566_id_1429,14866,17.0,3,123965,88158,4184
2566,pv_92_z_3,pv_92,,,3,ely_y2566_id_229,229,229,ely_y2566_id_1433,9245,10.0,4,123965,88158,4184
2566,pv_92_z_3,pv_92,,,3,ely_y2566_id_34,,34,ely_y2566_id_1435,5864,6.0,5,123965,88158,4184
2566,pv_92_z_3,pv_92,,,3,ely_y2566_id_63,,63,ely_y2566_id_1434,2767,3.0,6,123965,88158,4184
2566,pv_92_z_3,pv_92,,,3,ely_y2566_id_145,145,145,ely_y2566_id_1440,976,1.0,7,123965,88158,4184
2566,pv_92_z_3,pv_92,,,3,ely_y2566_id_175,175,175,ely_y2566_id_1431,934,1.0,8,123965,88158,4184
2566,pv_92_z_3,pv_92,,,3,ely_y2566_id_227,227,227,ely_y2566_id_1436,579,0,9,123965,88158,4184
2566,pv_92_z_3,pv_92,,,3,ely_y2566_id_234,234,234,ely_y2566_id_1437,491,0,10,123965,88158,4184
2566,pv_92_z_3,pv_92,,,3,ely_y2566_id_149,149,149,ely_y2566_id_1439,455,0,11,123965,88158,4184
2566,pv_92_z_3,pv_92,,,3,ely_y2566_id_206,206,206,ely_y2566_id_1432,418,0,12,123965,88158,4184
2566,pv_92_z_3,pv_92,,,3,ely_y2566_id_252,252,252,ely_y2566_id_1443,382,0,13,123965,88158,4184
2566,pv_92_z_3,pv_92,,,3,ely_y2566_id_245,245,245,ely_y2566_id_1438,262,0,14,123965,88158,4184
2566,pv_92_z_3,pv_92,,,3,ely_y2566_id_189,189,189,ely_y2566_id_1444,198,0,15,123965,88158,4184
2566,pv_92_z_3,pv_92,,,3,ely_y2566_id_184,184,184,ely_y2566_id_1442,148,0,16,123965,88158,4184
2566,pv_92_z_4,pv_92,,,4,ely_y2566_id_1,,1,ely_y2566_id_1446,29594,30.0,1,125499,96660,4063
2566,pv_92_z_4,pv_92,,,4,ely_y2566_id_63,,63,ely_y2566_id_1445,29202,30.0,2,125499,96660,4063
2566,pv_92_z_4,pv_92,,,4,ely_y2566_id_192,192,192,ely_y2566_id_1448,16236,16.0,3,125499,96660,4063
2566,pv_92_z_4,pv_92,,,4,ely_y2566_id_164,164,164,ely_y2566_id_1453,11237,11.0,4,125499,96660,4063
2566,pv_92_z_4,pv_92,,,4,ely_y2566_id_229,229,229,ely_y2566_id_1447,4963,5.0,5,125499,96660,4063
2566,pv_92_z_4,pv_92,,,4,ely_y2566_id_34,,34,ely_y2566_id_1454,2719,2.0,6,125499,96660,4063
2566,pv_92_z_4,pv_92,,,4,ely_y2566_id_227,227,227,ely_y2566_id_1449,962,0,7,125499,96660,4063
2566,pv_92_z_4,pv_92,,,4,ely_y2566_id_184,184,184,ely_y2566_id_1456,415,0,8,125499,96660,4063
2566,pv_92_z_4,pv_92,,,4,ely_y2566_id_145,145,145,ely_y2566_id_1451,372,0,9,125499,96660,4063
2566,pv_92_z_4,pv_92,,,4,ely_y2566_id_252,252,252,ely_y2566_id_1457,282,0,10,125499,96660,4063
2566,pv_92_z_4,pv_92,,,4,ely_y2566_id_189,189,189,ely_y2566_id_1455,267,0,11,125499,96660,4063
2566,pv_92_z_4,pv_92,,,4,ely_y2566_id_185,185,185,ely_y2566_id_1450,225,0,12,125499,96660,4063
2566,pv_92_z_4,pv_92,,,4,ely_y2566_id_234,234,234,ely_y2566_id_1452,186,0,13,125499,96660,4063
2566,pv_48_z_1,pv_48,,,1,ely_y2566_id_34,,34,ely_y2566_id_1587,44712,46.0,1,141695,96040,3976
2566,pv_48_z_1,pv_48,,,1,ely_y2566_id_63,,63,ely_y2566_id_1586,33977,35.0,2,141695,96040,3976
2566,pv_48_z_1,pv_48,,,1,ely_y2566_id_164,164,164,ely_y2566_id_1585,11637,12.0,3,141695,96040,3976
2566,pv_48_z_1,pv_48,,,1,ely_y2566_id_227,227,227,ely_y2566_id_1583,2171,2.0,4,141695,96040,3976
2566,pv_48_z_1,pv_48,,,1,ely_y2566_id_192,192,192,ely_y2566_id_1588,799,0,5,141695,96040,3976
2566,pv_48_z_1,pv_48,,,1,ely_y2566_id_229,229,229,ely_y2566_id_1589,482,0,6,141695,96040,3976
2566,pv_48_z_1,pv_48,,,1,ely_y2566_id_145,145,145,ely_y2566_id_1584,436,0,7,141695,96040,3976
2566,pv_48_z_1,pv_48,,,1,ely_y2566_id_230,230,230,ely_y2566_id_1590,374,0,8,141695,96040,3976
2566,pv_48_z_1,pv_48,,,1,ely_y2566_id_1,,1,ely_y2566_id_1582,351,0,9,141695,96040,3976
2566,pv_48_z_1,pv_48,,,1,ely_y2566_id_226,226,226,ely_y2566_id_1593,216,0,10,141695,96040,3976
2566,pv_48_z_1,pv_48,,,1,ely_y2566_id_157,157,157,ely_y2566_id_1594,158,0,11,141695,96040,3976
2566,pv_48_z_1,pv_48,,,1,ely_y2566_id_240,240,240,ely_y2566_id_1592,103,0,12,141695,96040,3976
2566,pv_48_z_1,pv_48,,,1,ely_y2566_id_234,234,234,ely_y2566_id_1591,78,0,13,141695,96040,3976
2566,pv_48_z_2,pv_48,,,2,ely_y2566_id_34,,34,ely_y2566_id_1596,39856,41.0,1,141004,95389,3876
2566,pv_48_z_2,pv_48,,,2,ely_y2566_id_63,,63,ely_y2566_id_1597,30528,32.0,2,141004,95389,3876
2566,pv_48_z_2,pv_48,,,2,ely_y2566_id_164,164,164,ely_y2566_id_1602,16235,17.0,3,141004,95389,3876
2566,pv_48_z_2,pv_48,,,2,ely_y2566_id_192,192,192,ely_y2566_id_1601,5538,5.0,4,141004,95389,3876
2566,pv_48_z_2,pv_48,,,2,ely_y2566_id_227,227,227,ely_y2566_id_1598,1015,1.0,5,141004,95389,3876
2566,pv_48_z_2,pv_48,,,2,ely_y2566_id_229,229,229,ely_y2566_id_1600,673,0,6,141004,95389,3876
2566,pv_48_z_2,pv_48,,,2,ely_y2566_id_1,,1,ely_y2566_id_1595,450,0,7,141004,95389,3876
2566,pv_48_z_2,pv_48,,,2,ely_y2566_id_145,145,145,ely_y2566_id_1599,348,0,8,141004,95389,3876
2566,pv_48_z_2,pv_48,,,2,ely_y2566_id_180,180,180,ely_y2566_id_1603,201,0,9,141004,95389,3876
2566,pv_48_z_2,pv_48,,,2,ely_y2566_id_234,234,234,ely_y2566_id_1604,94,0,10,141004,95389,3876
2566,pv_48_z_3,pv_48,,,3,ely_y2566_id_63,,63,ely_y2566_id_1608,41738,44.0,1,141726,94047,3283
2566,pv_48_z_3,pv_48,,,3,ely_y2566_id_34,,34,ely_y2566_id_1606,28966,30.0,2,141726,94047,3283
2566,pv_48_z_3,pv_48,,,3,ely_y2566_id_164,164,164,ely_y2566_id_1607,16872,17.0,3,141726,94047,3283
2566,pv_48_z_3,pv_48,,,3,ely_y2566_id_192,192,192,ely_y2566_id_1613,1758,1.0,4,141726,94047,3283
2566,pv_48_z_3,pv_48,,,3,ely_y2566_id_227,227,227,ely_y2566_id_1614,1220,1.0,5,141726,94047,3283
2566,pv_48_z_3,pv_48,,,3,ely_y2566_id_183,183,183,ely_y2566_id_1605,627,0,6,141726,94047,3283
2566,pv_48_z_3,pv_48,,,3,ely_y2566_id_229,229,229,ely_y2566_id_1610,574,0,7,141726,94047,3283
2566,pv_48_z_3,pv_48,,,3,ely_y2566_id_235,235,235,ely_y2566_id_1618,473,0,8,141726,94047,3283
2566,pv_48_z_3,pv_48,,,3,ely_y2566_id_145,145,145,ely_y2566_id_1611,391,0,9,141726,94047,3283
2566,pv_48_z_3,pv_48,,,3,ely_y2566_id_230,230,230,ely_y2566_id_1609,388,0,10,141726,94047,3283
2566,pv_48_z_3,pv_48,,,3,ely_y2566_id_234,234,234,ely_y2566_id_1616,359,0,11,141726,94047,3283
2566,pv_48_z_3,pv_48,,,3,ely_y2566_id_1,,1,ely_y2566_id_1612,258,0,12,141726,94047,3283
2566,pv_48_z_3,pv_48,,,3,ely_y2566_id_170,170,170,ely_y2566_id_1617,220,0,13,141726,94047,3283
2566,pv_48_z_3,pv_48,,,3,ely_y2566_id_180,180,180,ely_y2566_id_1615,114,0,14,141726,94047,3283
2566,pv_48_z_4,pv_48,,,4,ely_y2566_id_63,,63,ely_y2566_id_1626,25253,26.0,1,143201,95673,4169
2566,pv_48_z_4,pv_48,,,4,ely_y2566_id_34,,34,ely_y2566_id_1619,21658,22.0,2,143201,95673,4169
2566,pv_48_z_4,pv_48,,,4,ely_y2566_id_145,145,145,ely_y2566_id_1627,20840,21.0,3,143201,95673,4169
2566,pv_48_z_4,pv_48,,,4,ely_y2566_id_164,164,164,ely_y2566_id_1628,12994,13.0,4,143201,95673,4169
2566,pv_48_z_4,pv_48,,,4,ely_y2566_id_227,227,227,ely_y2566_id_1623,10873,11.0,5,143201,95673,4169
2566,pv_48_z_4,pv_48,,,4,ely_y2566_id_229,229,229,ely_y2566_id_1622,1195,1.0,6,143201,95673,4169
2566,pv_48_z_4,pv_48,,,4,ely_y2566_id_55,,55,ely_y2566_id_1629,848,0,7,143201,95673,4169
2566,pv_48_z_4,pv_48,,,4,ely_y2566_id_183,183,183,ely_y2566_id_1625,484,0,8,143201,95673,4169
2566,pv_48_z_4,pv_48,,,4,ely_y2566_id_192,192,192,ely_y2566_id_1620,382,0,9,143201,95673,4169
2566,pv_48_z_4,pv_48,,,4,ely_y2566_id_153,153,153,ely_y2566_id_1624,296,0,10,143201,95673,4169
2566,pv_48_z_4,pv_48,,,4,ely_y2566_id_1,,1,ely_y2566_id_1621,248,0,11,143201,95673,4169
2566,pv_48_z_4,pv_48,,,4,ely_y2566_id_184,184,184,ely_y2566_id_1633,245,0,12,143201,95673,4169
2566,pv_48_z_4,pv_48,,,4,ely_y2566_id_234,234,234,ely_y2566_id_1631,152,0,13,143201,95673,4169
2566,pv_48_z_4,pv_48,,,4,ely_y2566_id_235,235,235,ely_y2566_id_1632,111,0,14,143201,95673,4169
2566,pv_48_z_4,pv_48,,,4,ely_y2566_id_180,180,180,ely_y2566_id_1630,94,0,15,143201,95673,4169
2566,pv_52_z_1,pv_52,,,1,ely_y2566_id_164,164,164,ely_y2566_id_3384,51579,46.0,1,148928,114743,4437
2566,pv_52_z_1,pv_52,,,1,ely_y2566_id_34,,34,ely_y2566_id_3381,34747,31.0,2,148928,114743,4437
2566,pv_52_z_1,pv_52,,,1,ely_y2566_id_192,192,192,ely_y2566_id_3378,8808,7.0,3,148928,114743,4437
2566,pv_52_z_1,pv_52,,,1,ely_y2566_id_229,229,229,ely_y2566_id_3382,7207,6.0,4,148928,114743,4437
2566,pv_52_z_1,pv_52,,,1,ely_y2566_id_63,,63,ely_y2566_id_3385,3994,3.0,5,148928,114743,4437
2566,pv_52_z_1,pv_52,,,1,ely_y2566_id_1,,1,ely_y2566_id_3387,1361,1.0,6,148928,114743,4437
2566,pv_52_z_1,pv_52,,,1,ely_y2566_id_227,227,227,ely_y2566_id_3377,1126,1.0,7,148928,114743,4437
2566,pv_52_z_1,pv_52,,,1,ely_y2566_id_145,145,145,ely_y2566_id_3379,1081,0,8,148928,114743,4437
2566,pv_52_z_1,pv_52,,,1,ely_y2566_id_185,185,185,ely_y2566_id_3383,587,0,9,148928,114743,4437
2566,pv_52_z_1,pv_52,,,1,ely_y2566_id_45,,45,ely_y2566_id_3386,571,0,10,148928,114743,4437
2566,pv_52_z_1,pv_52,,,1,ely_y2566_id_180,180,180,ely_y2566_id_3388,478,0,11,148928,114743,4437
2566,pv_52_z_1,pv_52,,,1,ely_y2566_id_149,149,149,ely_y2566_id_3380,406,0,12,148928,114743,4437
2566,pv_52_z_2,pv_52,,,2,ely_y2566_id_34,,34,ely_y2566_id_3395,41114,37.0,1,153670,112901,7339
2566,pv_52_z_2,pv_52,,,2,ely_y2566_id_164,164,164,ely_y2566_id_3394,35484,32.0,2,153670,112901,7339
2566,pv_52_z_2,pv_52,,,2,ely_y2566_id_192,192,192,ely_y2566_id_3396,16919,15.0,3,153670,112901,7339
2566,pv_52_z_2,pv_52,,,2,ely_y2566_id_227,227,227,ely_y2566_id_3389,8151,7.0,4,153670,112901,7339
2566,pv_52_z_2,pv_52,,,2,ely_y2566_id_229,229,229,ely_y2566_id_3398,3591,3.0,5,153670,112901,7339
2566,pv_52_z_2,pv_52,,,2,ely_y2566_id_1,,1,ely_y2566_id_3392,1037,0,6,153670,112901,7339
2566,pv_52_z_2,pv_52,,,2,ely_y2566_id_145,145,145,ely_y2566_id_3391,809,0,7,153670,112901,7339
2566,pv_52_z_2,pv_52,,,2,ely_y2566_id_63,,63,ely_y2566_id_3390,714,0,8,153670,112901,7339
2566,pv_52_z_2,pv_52,,,2,ely_y2566_id_45,,45,ely_y2566_id_3397,704,0,9,153670,112901,7339
2566,pv_52_z_2,pv_52,,,2,ely_y2566_id_149,149,149,ely_y2566_id_3393,576,0,10,153670,112901,7339
2566,pv_52_z_2,pv_52,,,2,ely_y2566_id_180,180,180,ely_y2566_id_3399,523,0,11,153670,112901,7339
2566,pv_52_z_3,pv_52,,,3,ely_y2566_id_164,164,164,ely_y2566_id_3405,41651,37.0,1,149147,114246,5579
2566,pv_52_z_3,pv_52,,,3,ely_y2566_id_34,,34,ely_y2566_id_3402,28756,25.0,2,149147,114246,5579
2566,pv_52_z_3,pv_52,,,3,ely_y2566_id_192,192,192,ely_y2566_id_3408,27786,24.0,3,149147,114246,5579
2566,pv_52_z_3,pv_52,,,3,ely_y2566_id_229,229,229,ely_y2566_id_3401,5403,4.0,4,149147,114246,5579
2566,pv_52_z_3,pv_52,,,3,ely_y2566_id_63,,63,ely_y2566_id_3409,1865,1.0,5,149147,114246,5579
2566,pv_52_z_3,pv_52,,,3,ely_y2566_id_145,145,145,ely_y2566_id_3400,1602,1.0,6,149147,114246,5579
2566,pv_52_z_3,pv_52,,,3,ely_y2566_id_227,227,227,ely_y2566_id_3404,1188,1.0,7,149147,114246,5579
2566,pv_52_z_3,pv_52,,,3,ely_y2566_id_1,,1,ely_y2566_id_3411,817,0,8,149147,114246,5579
2566,pv_52_z_3,pv_52,,,3,ely_y2566_id_45,,45,ely_y2566_id_3403,786,0,9,149147,114246,5579
2566,pv_52_z_3,pv_52,,,3,ely_y2566_id_226,226,226,ely_y2566_id_3407,748,0,10,149147,114246,5579
2566,pv_52_z_3,pv_52,,,3,ely_y2566_id_180,180,180,ely_y2566_id_3406,421,0,11,149147,114246,5579
2566,pv_52_z_3,pv_52,,,3,ely_y2566_id_185,185,185,ely_y2566_id_3410,288,0,12,149147,114246,5579
2566,pv_52_z_4,pv_52,,,4,ely_y2566_id_164,164,164,ely_y2566_id_3416,47027,41.0,1,160855,115711,6763
2566,pv_52_z_4,pv_52,,,4,ely_y2566_id_34,,34,ely_y2566_id_3418,27962,24.0,2,160855,115711,6763
2566,pv_52_z_4,pv_52,,,4,ely_y2566_id_192,192,192,ely_y2566_id_3414,15672,13.0,3,160855,115711,6763
2566,pv_52_z_4,pv_52,,,4,ely_y2566_id_229,229,229,ely_y2566_id_3420,14884,13.0,4,160855,115711,6763
2566,pv_52_z_4,pv_52,,,4,ely_y2566_id_63,,63,ely_y2566_id_3419,2731,2.0,5,160855,115711,6763
2566,pv_52_z_4,pv_52,,,4,ely_y2566_id_145,145,145,ely_y2566_id_3417,1791,1.0,6,160855,115711,6763
2566,pv_52_z_4,pv_52,,,4,ely_y2566_id_1,,1,ely_y2566_id_3415,1224,1.0,7,160855,115711,6763
2566,pv_52_z_4,pv_52,,,4,ely_y2566_id_226,226,226,ely_y2566_id_3413,524,0,8,160855,115711,6763
2566,pv_52_z_4,pv_52,,,4,ely_y2566_id_185,185,185,ely_y2566_id_3412,482,0,9,160855,115711,6763
2566,pv_52_z_4,pv_52,,,4,ely_y2566_id_227,227,227,ely_y2566_id_3421,404,0,10,160855,115711,6763
2566,pv_52_z_4,pv_52,,,4,ely_y2566_id_180,180,180,ely_y2566_id_3422,325,0,11,160855,115711,6763
2566,pv_42_z_1,pv_42,,,1,ely_y2566_id_34,,34,ely_y2566_id_3450,49831,55.0,1,124668,91927,3774
2566,pv_42_z_1,pv_42,,,1,ely_y2566_id_164,164,164,ely_y2566_id_3456,24202,26.0,2,124668,91927,3774
2566,pv_42_z_1,pv_42,,,1,ely_y2566_id_229,229,229,ely_y2566_id_3451,6024,6.0,3,124668,91927,3774
2566,pv_42_z_1,pv_42,,,1,ely_y2566_id_63,,63,ely_y2566_id_3453,2981,3.0,4,124668,91927,3774
2566,pv_42_z_1,pv_42,,,1,ely_y2566_id_192,192,192,ely_y2566_id_3452,2541,2.0,5,124668,91927,3774
2566,pv_42_z_1,pv_42,,,1,ely_y2566_id_145,145,145,ely_y2566_id_3448,1230,1.0,6,124668,91927,3774
2566,pv_42_z_1,pv_42,,,1,ely_y2566_id_234,234,234,ely_y2566_id_3449,974,1.0,7,124668,91927,3774
2566,pv_42_z_1,pv_42,,,1,ely_y2566_id_1,,1,ely_y2566_id_3457,915,1.0,8,124668,91927,3774
2566,pv_42_z_1,pv_42,,,1,ely_y2566_id_227,227,227,ely_y2566_id_3455,563,0,9,124668,91927,3774
2566,pv_42_z_1,pv_42,,,1,ely_y2566_id_180,180,180,ely_y2566_id_3454,491,0,10,124668,91927,3774
2566,pv_42_z_1,pv_42,,,1,ely_y2566_id_184,184,184,ely_y2566_id_3458,208,0,11,124668,91927,3774
2566,pv_42_z_2,pv_42,,,2,ely_y2566_id_34,,34,ely_y2566_id_3463,50421,57.0,1,132119,87782,4795
2566,pv_42_z_2,pv_42,,,2,ely_y2566_id_164,164,164,ely_y2566_id_3460,20444,23.0,2,132119,87782,4795
2566,pv_42_z_2,pv_42,,,2,ely_y2566_id_229,229,229,ely_y2566_id_3466,7908,9.0,3,132119,87782,4795
2566,pv_42_z_2,pv_42,,,2,ely_y2566_id_192,192,192,ely_y2566_id_3464,2463,2.0,4,132119,87782,4795
2566,pv_42_z_2,pv_42,,,2,ely_y2566_id_227,227,227,ely_y2566_id_3467,1676,1.0,5,132119,87782,4795
2566,pv_42_z_2,pv_42,,,2,ely_y2566_id_180,180,180,ely_y2566_id_3465,839,0,6,132119,87782,4795
2566,pv_42_z_2,pv_42,,,2,ely_y2566_id_145,145,145,ely_y2566_id_3459,819,0,7,132119,87782,4795
2566,pv_42_z_2,pv_42,,,2,ely_y2566_id_184,184,184,ely_y2566_id_3461,669,0,8,132119,87782,4795
2566,pv_42_z_2,pv_42,,,2,ely_y2566_id_234,234,234,ely_y2566_id_3462,663,0,9,132119,87782,4795
2566,pv_42_z_2,pv_42,,,2,ely_y2566_id_109,,109,ely_y2566_id_3470,326,0,10,132119,87782,4795
2566,pv_42_z_2,pv_42,,,2,ely_y2566_id_1,,1,ely_y2566_id_3468,267,0,11,132119,87782,4795
2566,pv_42_z_2,pv_42,,,2,ely_y2566_id_189,189,189,ely_y2566_id_3471,257,0,12,132119,87782,4795
2566,pv_42_z_2,pv_42,,,2,ely_y2566_id_63,,63,ely_y2566_id_3469,193,0,13,132119,87782,4795
2566,pv_42_z_3,pv_42,,,3,ely_y2566_id_63,,63,ely_y2566_id_3473,44272,47.0,1,124801,93380,4391
2566,pv_42_z_3,pv_42,,,3,ely_y2566_id_164,164,164,ely_y2566_id_3472,19962,21.0,2,124801,93380,4391
2566,pv_42_z_3,pv_42,,,3,ely_y2566_id_34,,34,ely_y2566_id_3480,19838,21.0,3,124801,93380,4391
2566,pv_42_z_3,pv_42,,,3,ely_y2566_id_192,192,192,ely_y2566_id_3475,3893,4.0,4,124801,93380,4391
2566,pv_42_z_3,pv_42,,,3,ely_y2566_id_229,229,229,ely_y2566_id_3477,1765,1.0,5,124801,93380,4391
2566,pv_42_z_3,pv_42,,,3,ely_y2566_id_227,227,227,ely_y2566_id_3478,896,0,6,124801,93380,4391
2566,pv_42_z_3,pv_42,,,3,ely_y2566_id_145,145,145,ely_y2566_id_3474,717,0,7,124801,93380,4391
2566,pv_42_z_3,pv_42,,,3,ely_y2566_id_189,189,189,ely_y2566_id_3483,690,0,8,124801,93380,4391
2566,pv_42_z_3,pv_42,,,3,ely_y2566_id_1,,1,ely_y2566_id_3479,640,0,9,124801,93380,4391
2566,pv_42_z_3,pv_42,,,3,ely_y2566_id_180,180,180,ely_y2566_id_3476,238,0,10,124801,93380,4391
2566,pv_42_z_3,pv_42,,,3,ely_y2566_id_184,184,184,ely_y2566_id_3482,182,0,11,124801,93380,4391
2566,pv_42_z_3,pv_42,,,3,ely_y2566_id_234,234,234,ely_y2566_id_3481,97,0,12,124801,93380,4391
2566,pv_42_z_4,pv_42,,,4,ely_y2566_id_34,,34,ely_y2566_id_3484,45638,52.0,1,123302,88412,4250
2566,pv_42_z_4,pv_42,,,4,ely_y2566_id_164,164,164,ely_y2566_id_3489,21686,24.0,2,123302,88412,4250
2566,pv_42_z_4,pv_42,,,4,ely_y2566_id_192,192,192,ely_y2566_id_3486,9500,10.0,3,123302,88412,4250
2566,pv_42_z_4,pv_42,,,4,ely_y2566_id_227,227,227,ely_y2566_id_3491,2975,3.0,4,123302,88412,4250
2566,pv_42_z_4,pv_42,,,4,ely_y2566_id_63,,63,ely_y2566_id_3485,2868,3.0,5,123302,88412,4250
2566,pv_42_z_4,pv_42,,,4,ely_y2566_id_229,229,229,ely_y2566_id_3487,2259,2.0,6,123302,88412,4250
2566,pv_42_z_4,pv_42,,,4,ely_y2566_id_1,,1,ely_y2566_id_3488,1437,1.0,7,123302,88412,4250
2566,pv_42_z_4,pv_42,,,4,ely_y2566_id_189,189,189,ely_y2566_id_3494,490,0,8,123302,88412,4250
2566,pv_42_z_4,pv_42,,,4,ely_y2566_id_180,180,180,ely_y2566_id_3492,390,0,9,123302,88412,4250
2566,pv_42_z_4,pv_42,,,4,ely_y2566_id_145,145,145,ely_y2566_id_3490,371,0,10,123302,88412,4250
2566,pv_42_z_4,pv_42,,,4,ely_y2566_id_234,234,234,ely_y2566_id_3493,97,0,11,123302,88412,4250
2566,pv_19_z_1,pv_19,,,1,ely_y2566_id_164,164,164,ely_y2566_id_3982,32444,33.0,1,126173,97920,3849
2566,pv_19_z_1,pv_19,,,1,ely_y2566_id_34,,34,ely_y2566_id_3985,29074,30.0,2,126173,97920,3849
2566,pv_19_z_1,pv_19,,,1,ely_y2566_id_229,229,229,ely_y2566_id_3984,13450,13.0,3,126173,97920,3849
2566,pv_19_z_1,pv_19,,,1,ely_y2566_id_1,,1,ely_y2566_id_3978,9777,10.0,4,126173,97920,3849
2566,pv_19_z_1,pv_19,,,1,ely_y2566_id_192,192,192,ely_y2566_id_3979,9744,10.0,5,126173,97920,3849
2566,pv_19_z_1,pv_19,,,1,ely_y2566_id_145,145,145,ely_y2566_id_3983,893,0,6,126173,97920,3849
2566,pv_19_z_1,pv_19,,,1,ely_y2566_id_189,189,189,ely_y2566_id_3986,496,0,7,126173,97920,3849
2566,pv_19_z_1,pv_19,,,1,ely_y2566_id_234,234,234,ely_y2566_id_3980,455,0,8,126173,97920,3849
2566,pv_19_z_1,pv_19,,,1,ely_y2566_id_63,,63,ely_y2566_id_3981,339,0,9,126173,97920,3849
2566,pv_19_z_2,pv_19,,,2,ely_y2566_id_34,,34,ely_y2566_id_3992,38203,37.0,1,133203,103359,5005
2566,pv_19_z_2,pv_19,,,2,ely_y2566_id_229,229,229,ely_y2566_id_3993,32412,31.0,2,133203,103359,5005
2566,pv_19_z_2,pv_19,,,2,ely_y2566_id_164,164,164,ely_y2566_id_3991,29164,28.0,3,133203,103359,5005
2566,pv_19_z_2,pv_19,,,2,ely_y2566_id_1,,1,ely_y2566_id_3988,986,0,4,133203,103359,5005
2566,pv_19_z_2,pv_19,,,2,ely_y2566_id_63,,63,ely_y2566_id_3987,517,0,5,133203,103359,5005
2566,pv_19_z_2,pv_19,,,2,ely_y2566_id_192,192,192,ely_y2566_id_3989,460,0,6,133203,103359,5005
2566,pv_19_z_2,pv_19,,,2,ely_y2566_id_145,145,145,ely_y2566_id_3990,335,0,7,133203,103359,5005
2566,pv_19_z_2,pv_19,,,2,ely_y2566_id_234,234,234,ely_y2566_id_3995,322,0,8,133203,103359,5005
2566,pv_19_z_2,pv_19,,,2,ely_y2566_id_252,252,252,ely_y2566_id_3994,220,0,9,133203,103359,5005
2566,pv_19_z_2,pv_19,,,2,ely_y2566_id_157,157,157,ely_y2566_id_3996,115,0,10,133203,103359,5005
2566,pv_19_z_3,pv_19,,,3,ely_y2566_id_63,,63,ely_y2566_id_4001,45417,46.0,1,123399,97841,4159
2566,pv_19_z_3,pv_19,,,3,ely_y2566_id_164,164,164,ely_y2566_id_4002,27120,27.0,2,123399,97841,4159
2566,pv_19_z_3,pv_19,,,3,ely_y2566_id_34,,34,ely_y2566_id_3998,12754,13.0,3,123399,97841,4159
2566,pv_19_z_3,pv_19,,,3,ely_y2566_id_192,192,192,ely_y2566_id_3997,7431,7.0,4,123399,97841,4159
2566,pv_19_z_3,pv_19,,,3,ely_y2566_id_229,229,229,ely_y2566_id_4003,2542,2.0,5,123399,97841,4159
2566,pv_19_z_3,pv_19,,,3,ely_y2566_id_1,,1,ely_y2566_id_4000,2050,2.0,6,123399,97841,4159
2566,pv_19_z_3,pv_19,,,3,ely_y2566_id_145,145,145,ely_y2566_id_3999,420,0,7,123399,97841,4159
2566,pv_19_z_3,pv_19,,,3,ely_y2566_id_234,234,234,ely_y2566_id_4004,0,0,8,123399,97841,4159
2566,pv_19_z_4,pv_19,,,4,ely_y2566_id_192,192,192,ely_y2566_id_4005,29676,30.0,1,126633,97217,4918
2566,pv_19_z_4,pv_19,,,4,ely_y2566_id_164,164,164,ely_y2566_id_4006,26810,27.0,2,126633,97217,4918
2566,pv_19_z_4,pv_19,,,4,ely_y2566_id_34,,34,ely_y2566_id_4007,23179,23.0,3,126633,97217,4918
2566,pv_19_z_4,pv_19,,,4,ely_y2566_id_229,229,229,ely_y2566_id_4012,13878,14.0,4,126633,97217,4918
2566,pv_19_z_4,pv_19,,,4,ely_y2566_id_1,,1,ely_y2566_id_4009,1419,1.0,5,126633,97217,4918
2566,pv_19_z_4,pv_19,,,4,ely_y2566_id_252,252,252,ely_y2566_id_4008,797,0,6,126633,97217,4918
2566,pv_19_z_4,pv_19,,,4,ely_y2566_id_145,145,145,ely_y2566_id_4010,365,0,7,126633,97217,4918
2566,pv_19_z_4,pv_19,,,4,ely_y2566_id_63,,63,ely_y2566_id_4011,361,0,8,126633,97217,4918
2566,pv_19_z_4,pv_19,,,4,ely_y2566_id_234,234,234,ely_y2566_id_4013,237,0,9,126633,97217,4918
2566,pv_19_z_4,pv_19,,,4,ely_y2566_id_189,189,189,ely_y2566_id_4014,95,0,10,126633,97217,4918
2566,pv_64_z_1,pv_64,,,1,ely_y2566_id_34,,34,ely_y2566_id_4025,32130,39.0,1,119308,83628,4094
2566,pv_64_z_1,pv_64,,,1,ely_y2566_id_164,164,164,ely_y2566_id_4031,26117,31.0,2,119308,83628,4094
2566,pv_64_z_1,pv_64,,,1,ely_y2566_id_229,229,229,ely_y2566_id_4027,19230,23.0,3,119308,83628,4094
2566,pv_64_z_1,pv_64,,,1,ely_y2566_id_1,,1,ely_y2566_id_4033,1732,2.0,4,119308,83628,4094
2566,pv_64_z_1,pv_64,,,1,ely_y2566_id_234,234,234,ely_y2566_id_4026,910,1.0,5,119308,83628,4094
2566,pv_64_z_1,pv_64,,,1,ely_y2566_id_189,189,189,ely_y2566_id_4035,656,0,6,119308,83628,4094
2566,pv_64_z_1,pv_64,,,1,ely_y2566_id_145,145,145,ely_y2566_id_4030,492,0,7,119308,83628,4094
2566,pv_64_z_1,pv_64,,,1,ely_y2566_id_63,,63,ely_y2566_id_4029,310,0,8,119308,83628,4094
2566,pv_64_z_1,pv_64,,,1,ely_y2566_id_192,192,192,ely_y2566_id_4028,290,0,9,119308,83628,4094
2566,pv_64_z_1,pv_64,,,1,ely_y2566_id_227,227,227,ely_y2566_id_4032,263,0,10,119308,83628,4094
2566,pv_64_z_1,pv_64,,,1,ely_y2566_id_226,226,226,ely_y2566_id_4034,243,0,11,119308,83628,4094
2566,pv_64_z_2,pv_64,,,2,ely_y2566_id_34,,34,ely_y2566_id_4038,31314,39.0,1,117981,79345,4677
2566,pv_64_z_2,pv_64,,,2,ely_y2566_id_164,164,164,ely_y2566_id_4042,19781,25.0,2,117981,79345,4677
2566,pv_64_z_2,pv_64,,,2,ely_y2566_id_1,,1,ely_y2566_id_4037,17924,22.0,3,117981,79345,4677
2566,pv_64_z_2,pv_64,,,2,ely_y2566_id_63,,63,ely_y2566_id_4043,5498,7.0,4,117981,79345,4677
2566,pv_64_z_2,pv_64,,,2,ely_y2566_id_229,229,229,ely_y2566_id_4040,2005,2.0,5,117981,79345,4677
2566,pv_64_z_2,pv_64,,,2,ely_y2566_id_145,145,145,ely_y2566_id_4041,653,0,6,117981,79345,4677
2566,pv_64_z_2,pv_64,,,2,ely_y2566_id_192,192,192,ely_y2566_id_4036,511,0,7,117981,79345,4677
2566,pv_64_z_2,pv_64,,,2,ely_y2566_id_227,227,227,ely_y2566_id_4039,398,0,8,117981,79345,4677
2566,pv_64_z_2,pv_64,,,2,ely_y2566_id_234,234,234,ely_y2566_id_4044,227,0,9,117981,79345,4677
2566,pv_64_z_2,pv_64,,,2,ely_y2566_id_189,189,189,ely_y2566_id_4045,95,0,10,117981,79345,4677
2566,pv_64_z_3,pv_64,,,3,ely_y2566_id_34,,34,ely_y2566_id_4050,33259,38.0,1,121622,86292,4489
2566,pv_64_z_3,pv_64,,,3,ely_y2566_id_63,,63,ely_y2566_id_4047,24982,29.0,2,121622,86292,4489
2566,pv_64_z_3,pv_64,,,3,ely_y2566_id_192,192,192,ely_y2566_id_4049,13570,15.0,3,121622,86292,4489
2566,pv_64_z_3,pv_64,,,3,ely_y2566_id_164,164,164,ely_y2566_id_4052,11647,13.0,4,121622,86292,4489
2566,pv_64_z_3,pv_64,,,3,ely_y2566_id_229,229,229,ely_y2566_id_4053,1381,1.0,5,121622,86292,4489
2566,pv_64_z_3,pv_64,,,3,ely_y2566_id_1,,1,ely_y2566_id_4046,578,0,6,121622,86292,4489
2566,pv_64_z_3,pv_64,,,3,ely_y2566_id_227,227,227,ely_y2566_id_4048,432,0,7,121622,86292,4489
2566,pv_64_z_3,pv_64,,,3,ely_y2566_id_145,145,145,ely_y2566_id_4051,167,0,8,121622,86292,4489
2566,pv_64_z_4,pv_64,,,4,ely_y2566_id_34,,34,ely_y2566_id_4058,36738,44.0,1,120730,84182,4878
2566,pv_64_z_4,pv_64,,,4,ely_y2566_id_164,164,164,ely_y2566_id_4060,18512,22.0,2,120730,84182,4878
2566,pv_64_z_4,pv_64,,,4,ely_y2566_id_63,,63,ely_y2566_id_4055,16797,20.0,3,120730,84182,4878
2566,pv_64_z_4,pv_64,,,4,ely_y2566_id_149,149,149,ely_y2566_id_4057,5165,6.0,4,120730,84182,4878
2566,pv_64_z_4,pv_64,,,4,ely_y2566_id_229,229,229,ely_y2566_id_4056,3140,3.0,5,120730,84182,4878
2566,pv_64_z_4,pv_64,,,4,ely_y2566_id_1,,1,ely_y2566_id_4054,1837,2.0,6,120730,84182,4878
2566,pv_64_z_4,pv_64,,,4,ely_y2566_id_145,145,145,ely_y2566_id_4059,414,0,7,120730,84182,4878
2566,pv_64_z_4,pv_64,,,4,ely_y2566_id_45,,45,ely_y2566_id_4062,230,0,8,120730,84182,4878
2566,pv_64_z_4,pv_64,,,4,ely_y2566_id_192,192,192,ely_y2566_id_4061,223,0,9,120730,84182,4878
2566,pv_71_z_1,pv_71,,,1,ely_y2566_id_34,,34,ely_y2566_id_527,33183,33.0,1,132469,99192,4530
2566,pv_71_z_1,pv_71,,,1,ely_y2566_id_164,164,164,ely_y2566_id_535,25720,26.0,2,132469,99192,4530
2566,pv_71_z_1,pv_71,,,1,ely_y2566_id_192,192,192,ely_y2566_id_533,19856,20.0,3,132469,99192,4530
2566,pv_71_z_1,pv_71,,,1,ely_y2566_id_229,229,229,ely_y2566_id_531,9538,9.0,4,132469,99192,4530
2566,pv_71_z_1,pv_71,,,1,ely_y2566_id_63,,63,ely_y2566_id_532,7879,7.0,5,132469,99192,4530
2566,pv_71_z_1,pv_71,,,1,ely_y2566_id_1,,1,ely_y2566_id_528,726,0,6,132469,99192,4530
2566,pv_71_z_1,pv_71,,,1,ely_y2566_id_227,227,227,ely_y2566_id_529,498,0,7,132469,99192,4530
2566,pv_71_z_1,pv_71,,,1,ely_y2566_id_145,145,145,ely_y2566_id_530,481,0,8,132469,99192,4530
2566,pv_71_z_1,pv_71,,,1,ely_y2566_id_252,252,252,ely_y2566_id_534,289,0,9,132469,99192,4530
2566,pv_71_z_1,pv_71,,,1,ely_y2566_id_185,185,185,ely_y2566_id_537,287,0,10,132469,99192,4530
2566,pv_71_z_1,pv_71,,,1,ely_y2566_id_226,226,226,ely_y2566_id_536,166,0,11,132469,99192,4530
2566,pv_71_z_2,pv_71,,,2,ely_y2566_id_34,,34,ely_y2566_id_544,23278,22.0,1,129827,102428,4699
2566,pv_71_z_2,pv_71,,,2,ely_y2566_id_192,192,192,ely_y2566_id_540,20165,19.0,2,129827,102428,4699
2566,pv_71_z_2,pv_71,,,2,ely_y2566_id_63,,63,ely_y2566_id_542,18951,18.0,3,129827,102428,4699
2566,pv_71_z_2,pv_71,,,2,ely_y2566_id_1,,1,ely_y2566_id_543,18196,17.0,4,129827,102428,4699
2566,pv_71_z_2,pv_71,,,2,ely_y2566_id_164,164,164,ely_y2566_id_546,17531,17.0,5,129827,102428,4699
2566,pv_71_z_2,pv_71,,,2,ely_y2566_id_229,229,229,ely_y2566_id_538,2608,2.0,6,129827,102428,4699
2566,pv_71_z_2,pv_71,,,2,ely_y2566_id_252,252,252,ely_y2566_id_541,417,0,7,129827,102428,4699
2566,pv_71_z_2,pv_71,,,2,ely_y2566_id_227,227,227,ely_y2566_id_539,366,0,8,129827,102428,4699
2566,pv_71_z_2,pv_71,,,2,ely_y2566_id_145,145,145,ely_y2566_id_545,293,0,9,129827,102428,4699
2566,pv_71_z_2,pv_71,,,2,ely_y2566_id_186,186,186,ely_y2566_id_550,283,0,10,129827,102428,4699
2566,pv_71_z_2,pv_71,,,2,ely_y2566_id_45,,45,ely_y2566_id_549,184,0,11,129827,102428,4699
2566,pv_71_z_2,pv_71,,,2,ely_y2566_id_226,226,226,ely_y2566_id_548,105,0,12,129827,102428,4699
2566,pv_71_z_2,pv_71,,,2,ely_y2566_id_185,185,185,ely_y2566_id_547,51,0,13,129827,102428,4699
2566,pv_71_z_3,pv_71,,,3,ely_y2566_id_63,,63,ely_y2566_id_559,44813,41.0,1,134560,107426,5152
2566,pv_71_z_3,pv_71,,,3,ely_y2566_id_34,,34,ely_y2566_id_554,44033,40.0,2,134560,107426,5152
2566,pv_71_z_3,pv_71,,,3,ely_y2566_id_164,164,164,ely_y2566_id_557,14071,13.0,3,134560,107426,5152
2566,pv_71_z_3,pv_71,,,3,ely_y2566_id_229,229,229,ely_y2566_id_552,1501,1.0,4,134560,107426,5152
2566,pv_71_z_3,pv_71,,,3,ely_y2566_id_1,,1,ely_y2566_id_558,999,0,5,134560,107426,5152
2566,pv_71_z_3,pv_71,,,3,ely_y2566_id_192,192,192,ely_y2566_id_553,910,0,6,134560,107426,5152
2566,pv_71_z_3,pv_71,,,3,ely_y2566_id_145,145,145,ely_y2566_id_551,454,0,7,134560,107426,5152
2566,pv_71_z_3,pv_71,,,3,ely_y2566_id_189,189,189,ely_y2566_id_555,288,0,8,134560,107426,5152
2566,pv_71_z_3,pv_71,,,3,ely_y2566_id_227,227,227,ely_y2566_id_556,270,0,9,134560,107426,5152
2566,pv_71_z_3,pv_71,,,3,ely_y2566_id_226,226,226,ely_y2566_id_560,87,0,10,134560,107426,5152
2566,pv_71_z_4,pv_71,,,4,ely_y2566_id_34,,34,ely_y2566_id_565,45812,47.0,1,130701,96256,6149
2566,pv_71_z_4,pv_71,,,4,ely_y2566_id_192,192,192,ely_y2566_id_568,27466,28.0,2,130701,96256,6149
2566,pv_71_z_4,pv_71,,,4,ely_y2566_id_164,164,164,ely_y2566_id_569,16125,16.0,3,130701,96256,6149
2566,pv_71_z_4,pv_71,,,4,ely_y2566_id_227,227,227,ely_y2566_id_566,1796,1.0,4,130701,96256,6149
2566,pv_71_z_4,pv_71,,,4,ely_y2566_id_63,,63,ely_y2566_id_564,1730,1.0,5,130701,96256,6149
2566,pv_71_z_4,pv_71,,,4,ely_y2566_id_229,229,229,ely_y2566_id_562,1686,1.0,6,130701,96256,6149
2566,pv_71_z_4,pv_71,,,4,ely_y2566_id_1,,1,ely_y2566_id_561,693,0,7,130701,96256,6149
2566,pv_71_z_4,pv_71,,,4,ely_y2566_id_118,,118,ely_y2566_id_567,673,0,8,130701,96256,6149
2566,pv_71_z_4,pv_71,,,4,ely_y2566_id_145,145,145,ely_y2566_id_563,195,0,9,130701,96256,6149
2566,pv_71_z_4,pv_71,,,4,ely_y2566_id_185,185,185,ely_y2566_id_570,80,0,10,130701,96256,6149
2566,pv_71_z_4,pv_71,,,4,ely_y2566_id_226,226,226,ely_y2566_id_571,0,0,11,130701,96256,6149
2566,pv_71_z_5,pv_71,,,5,ely_y2566_id_34,,34,ely_y2566_id_576,31164,38.0,1,118524,81837,5112
2566,pv_71_z_5,pv_71,,,5,ely_y2566_id_192,192,192,ely_y2566_id_573,21346,26.0,2,118524,81837,5112
2566,pv_71_z_5,pv_71,,,5,ely_y2566_id_164,164,164,ely_y2566_id_577,15983,19.0,3,118524,81837,5112
2566,pv_71_z_5,pv_71,,,5,ely_y2566_id_63,,63,ely_y2566_id_574,8270,10.0,4,118524,81837,5112
2566,pv_71_z_5,pv_71,,,5,ely_y2566_id_229,229,229,ely_y2566_id_578,2268,2.0,5,118524,81837,5112
2566,pv_71_z_5,pv_71,,,5,ely_y2566_id_1,,1,ely_y2566_id_572,796,0,6,118524,81837,5112
2566,pv_71_z_5,pv_71,,,5,ely_y2566_id_180,180,180,ely_y2566_id_579,565,0,7,118524,81837,5112
2566,pv_71_z_5,pv_71,,,5,ely_y2566_id_145,145,145,ely_y2566_id_575,427,0,8,118524,81837,5112
2566,pv_71_z_5,pv_71,,,5,ely_y2566_id_227,227,227,ely_y2566_id_580,418,0,9,118524,81837,5112
2566,pv_71_z_5,pv_71,,,5,ely_y2566_id_189,189,189,ely_y2566_id_583,380,0,10,118524,81837,5112
2566,pv_71_z_5,pv_71,,,5,ely_y2566_id_185,185,185,ely_y2566_id_582,130,0,11,118524,81837,5112
2566,pv_71_z_5,pv_71,,,5,ely_y2566_id_226,226,226,ely_y2566_id_581,90,0,12,118524,81837,5112
2566,pv_96_z_1,pv_96,,,1,ely_y2566_id_229,229,229,ely_y2566_id_2102,29006,32.0,1,124387,92391,6320
2566,pv_96_z_1,pv_96,,,1,ely_y2566_id_63,,63,ely_y2566_id_2106,26370,29.0,2,124387,92391,6320
2566,pv_96_z_1,pv_96,,,1,ely_y2566_id_187,187,187,ely_y2566_id_2103,17413,19.0,3,124387,92391,6320
2566,pv_96_z_1,pv_96,,,1,ely_y2566_id_164,164,164,ely_y2566_id_2104,8299,9.0,4,124387,92391,6320
2566,pv_96_z_1,pv_96,,,1,ely_y2566_id_192,192,192,ely_y2566_id_2101,6371,7.0,5,124387,92391,6320
2566,pv_96_z_1,pv_96,,,1,ely_y2566_id_1,,1,ely_y2566_id_2105,1134,1.0,6,124387,92391,6320
2566,pv_96_z_1,pv_96,,,1,ely_y2566_id_34,,34,ely_y2566_id_2107,802,0,7,124387,92391,6320
2566,pv_96_z_1,pv_96,,,1,ely_y2566_id_227,227,227,ely_y2566_id_2100,564,0,8,124387,92391,6320
2566,pv_96_z_1,pv_96,,,1,ely_y2566_id_145,145,145,ely_y2566_id_2109,176,0,9,124387,92391,6320
2566,pv_96_z_1,pv_96,,,1,ely_y2566_id_180,180,180,ely_y2566_id_2108,90,0,10,124387,92391,6320
2566,pv_96_z_2,pv_96,,,2,ely_y2566_id_192,192,192,ely_y2566_id_2114,31289,42.0,1,109614,76050,5305
2566,pv_96_z_2,pv_96,,,2,ely_y2566_id_1,,1,ely_y2566_id_2110,17447,23.0,2,109614,76050,5305
2566,pv_96_z_2,pv_96,,,2,ely_y2566_id_187,187,187,ely_y2566_id_2113,11835,15.0,3,109614,76050,5305
2566,pv_96_z_2,pv_96,,,2,ely_y2566_id_229,229,229,ely_y2566_id_2112,10645,14.0,4,109614,76050,5305
2566,pv_96_z_2,pv_96,,,2,ely_y2566_id_34,,34,ely_y2566_id_2111,2355,3.0,5,109614,76050,5305
2566,pv_96_z_2,pv_96,,,2,ely_y2566_id_145,145,145,ely_y2566_id_2116,352,0,6,109614,76050,5305
2566,pv_96_z_2,pv_96,,,2,ely_y2566_id_63,,63,ely_y2566_id_2115,188,0,7,109614,76050,5305
2566,pv_96_z_2,pv_96,,,2,ely_y2566_id_189,189,189,ely_y2566_id_2117,77,0,8,109614,76050,5305
2566,pv_96_z_3,pv_96,,,3,ely_y2566_id_192,192,192,ely_y2566_id_2120,34411,47.0,1,108823,75013,6778
2566,pv_96_z_3,pv_96,,,3,ely_y2566_id_187,187,187,ely_y2566_id_2122,29951,41.0,2,108823,75013,6778
2566,pv_96_z_3,pv_96,,,3,ely_y2566_id_229,229,229,ely_y2566_id_2121,4075,5.0,3,108823,75013,6778
2566,pv_96_z_3,pv_96,,,3,ely_y2566_id_34,,34,ely_y2566_id_2124,1001,1.0,4,108823,75013,6778
2566,pv_96_z_3,pv_96,,,3,ely_y2566_id_1,,1,ely_y2566_id_2118,912,1.0,5,108823,75013,6778
2566,pv_96_z_3,pv_96,,,3,ely_y2566_id_63,,63,ely_y2566_id_2119,745,1.0,6,108823,75013,6778
2566,pv_96_z_3,pv_96,,,3,ely_y2566_id_203,203,203,ely_y2566_id_2123,613,0,7,108823,75013,6778
2566,pv_96_z_3,pv_96,,,3,ely_y2566_id_145,145,145,ely_y2566_id_2126,214,0,8,108823,75013,6778
2566,pv_96_z_3,pv_96,,,3,ely_y2566_id_180,180,180,ely_y2566_id_2125,100,0,9,108823,75013,6778
2566,pv_96_z_4,pv_96,,,4,ely_y2566_id_63,,63,ely_y2566_id_2131,30966,39.0,1,113598,79713,6177
2566,pv_96_z_4,pv_96,,,4,ely_y2566_id_187,187,187,ely_y2566_id_2129,27166,34.0,2,113598,79713,6177
2566,pv_96_z_4,pv_96,,,4,ely_y2566_id_192,192,192,ely_y2566_id_2132,13288,16.0,3,113598,79713,6177
2566,pv_96_z_4,pv_96,,,4,ely_y2566_id_164,164,164,ely_y2566_id_2134,3622,4.0,4,113598,79713,6177
2566,pv_96_z_4,pv_96,,,4,ely_y2566_id_1,,1,ely_y2566_id_2130,1343,1.0,5,113598,79713,6177
2566,pv_96_z_4,pv_96,,,4,ely_y2566_id_229,229,229,ely_y2566_id_2128,591,0,6,113598,79713,6177
2566,pv_96_z_4,pv_96,,,4,ely_y2566_id_227,227,227,ely_y2566_id_2133,565,0,7,113598,79713,6177
2566,pv_96_z_4,pv_96,,,4,ely_y2566_id_34,,34,ely_y2566_id_2127,517,0,8,113598,79713,6177
2566,pv_96_z_4,pv_96,,,4,ely_y2566_id_226,226,226,ely_y2566_id_2135,114,0,9,113598,79713,6177
2566,pv_96_z_4,pv_96,,,4,ely_y2566_id_145,145,145,ely_y2566_id_2136,85,0,10,113598,79713,6177
2566,pv_96_z_5,pv_96,,,5,ely_y2566_id_187,187,187,ely_y2566_id_2140,31457,35.0,1,119721,89229,6518
2566,pv_96_z_5,pv_96,,,5,ely_y2566_id_63,,63,ely_y2566_id_2142,21909,24.0,2,119721,89229,6518
2566,pv_96_z_5,pv_96,,,5,ely_y2566_id_192,192,192,ely_y2566_id_2141,16595,18.0,3,119721,89229,6518
2566,pv_96_z_5,pv_96,,,5,ely_y2566_id_229,229,229,ely_y2566_id_2138,12455,14.0,4,119721,89229,6518
2566,pv_96_z_5,pv_96,,,5,ely_y2566_id_164,164,164,ely_y2566_id_2144,3312,3.0,5,119721,89229,6518
2566,pv_96_z_5,pv_96,,,5,ely_y2566_id_34,,34,ely_y2566_id_2143,1412,1.0,6,119721,89229,6518
2566,pv_96_z_5,pv_96,,,5,ely_y2566_id_1,,1,ely_y2566_id_2139,765,0,7,119721,89229,6518
2566,pv_96_z_5,pv_96,,,5,ely_y2566_id_227,227,227,ely_y2566_id_2137,368,0,8,119721,89229,6518
2566,pv_96_z_5,pv_96,,,5,ely_y2566_id_145,145,145,ely_y2566_id_2146,125,0,9,119721,89229,6518
2566,pv_96_z_5,pv_96,,,5,ely_y2566_id_189,189,189,ely_y2566_id_2145,88,0,10,119721,89229,6518
2566,pv_94_z_1,pv_94,,,1,ely_y2566_id_187,187,187,ely_y2566_id_2456,14452,20.0,1,95339,70873,3036
2566,pv_94_z_1,pv_94,,,1,ely_y2566_id_63,,63,ely_y2566_id_2455,12770,18.0,2,95339,70873,3036
2566,pv_94_z_1,pv_94,,,1,ely_y2566_id_192,192,192,ely_y2566_id_2457,12363,17.0,3,95339,70873,3036
2566,pv_94_z_1,pv_94,,,1,ely_y2566_id_1,,1,ely_y2566_id_2459,12328,17.0,4,95339,70873,3036
2566,pv_94_z_1,pv_94,,,1,ely_y2566_id_164,164,164,ely_y2566_id_2461,10132,14.0,5,95339,70873,3036
2566,pv_94_z_1,pv_94,,,1,ely_y2566_id_229,229,229,ely_y2566_id_2458,3370,4.0,6,95339,70873,3036
2566,pv_94_z_1,pv_94,,,1,ely_y2566_id_234,234,234,ely_y2566_id_2462,1960,2.0,7,95339,70873,3036
2566,pv_94_z_1,pv_94,,,1,ely_y2566_id_34,,34,ely_y2566_id_2452,1333,1.0,8,95339,70873,3036
2566,pv_94_z_1,pv_94,,,1,ely_y2566_id_203,203,203,ely_y2566_id_2454,719,1.0,9,95339,70873,3036
2566,pv_94_z_1,pv_94,,,1,ely_y2566_id_145,145,145,ely_y2566_id_2453,285,0,10,95339,70873,3036
2566,pv_94_z_1,pv_94,,,1,ely_y2566_id_227,227,227,ely_y2566_id_2460,249,0,11,95339,70873,3036
2566,pv_94_z_1,pv_94,,,1,ely_y2566_id_252,252,252,ely_y2566_id_2465,122,0,12,95339,70873,3036
2566,pv_94_z_1,pv_94,,,1,ely_y2566_id_226,226,226,ely_y2566_id_2466,93,0,13,95339,70873,3036
2566,pv_94_z_1,pv_94,,,1,ely_y2566_id_180,180,180,ely_y2566_id_2464,72,0,14,95339,70873,3036
2566,pv_94_z_1,pv_94,,,1,ely_y2566_id_149,149,149,ely_y2566_id_2463,70,0,15,95339,70873,3036
2566,pv_94_z_2,pv_94,,,2,ely_y2566_id_192,192,192,ely_y2566_id_2470,23483,29.0,1,107853,79936,4256
2566,pv_94_z_2,pv_94,,,2,ely_y2566_id_63,,63,ely_y2566_id_2469,14833,18.0,2,107853,79936,4256
2566,pv_94_z_2,pv_94,,,2,ely_y2566_id_187,187,187,ely_y2566_id_2471,13268,16.0,3,107853,79936,4256
2566,pv_94_z_2,pv_94,,,2,ely_y2566_id_229,229,229,ely_y2566_id_2474,11122,13.0,4,107853,79936,4256
2566,pv_94_z_2,pv_94,,,2,ely_y2566_id_1,,1,ely_y2566_id_2475,6679,8.0,5,107853,79936,4256
2566,pv_94_z_2,pv_94,,,2,ely_y2566_id_164,164,164,ely_y2566_id_2467,5979,7.0,6,107853,79936,4256
2566,pv_94_z_2,pv_94,,,2,ely_y2566_id_109,,109,ely_y2566_id_2477,2134,2.0,7,107853,79936,4256
2566,pv_94_z_2,pv_94,,,2,ely_y2566_id_34,,34,ely_y2566_id_2473,728,0,8,107853,79936,4256
2566,pv_94_z_2,pv_94,,,2,ely_y2566_id_203,203,203,ely_y2566_id_2468,472,0,9,107853,79936,4256
2566,pv_94_z_2,pv_94,,,2,ely_y2566_id_227,227,227,ely_y2566_id_2472,349,0,10,107853,79936,4256
2566,pv_94_z_2,pv_94,,,2,ely_y2566_id_252,252,252,ely_y2566_id_2480,252,0,11,107853,79936,4256
2566,pv_94_z_2,pv_94,,,2,ely_y2566_id_145,145,145,ely_y2566_id_2479,197,0,12,107853,79936,4256
2566,pv_94_z_2,pv_94,,,2,ely_y2566_id_180,180,180,ely_y2566_id_2476,135,0,13,107853,79936,4256
2566,pv_94_z_2,pv_94,,,2,ely_y2566_id_149,149,149,ely_y2566_id_2478,121,0,14,107853,79936,4256
2566,pv_94_z_2,pv_94,,,2,ely_y2566_id_189,189,189,ely_y2566_id_2481,117,0,15,107853,79936,4256
2566,pv_94_z_2,pv_94,,,2,ely_y2566_id_226,226,226,ely_y2566_id_2482,67,0,16,107853,79936,4256
2566,pv_94_z_3,pv_94,,,3,ely_y2566_id_187,187,187,ely_y2566_id_2484,23636,34.0,1,94165,67707,3725
2566,pv_94_z_3,pv_94,,,3,ely_y2566_id_192,192,192,ely_y2566_id_2491,20294,29.0,2,94165,67707,3725
2566,pv_94_z_3,pv_94,,,3,ely_y2566_id_1,,1,ely_y2566_id_2489,12478,18.0,3,94165,67707,3725
2566,pv_94_z_3,pv_94,,,3,ely_y2566_id_164,164,164,ely_y2566_id_2485,4546,6.0,4,94165,67707,3725
2566,pv_94_z_3,pv_94,,,3,ely_y2566_id_180,180,180,ely_y2566_id_2493,2811,4.0,5,94165,67707,3725
2566,pv_94_z_3,pv_94,,,3,ely_y2566_id_229,229,229,ely_y2566_id_2487,812,1.0,6,94165,67707,3725
2566,pv_94_z_3,pv_94,,,3,ely_y2566_id_63,,63,ely_y2566_id_2483,794,1.0,7,94165,67707,3725
2566,pv_94_z_3,pv_94,,,3,ely_y2566_id_203,203,203,ely_y2566_id_2490,750,1.0,8,94165,67707,3725
2566,pv_94_z_3,pv_94,,,3,ely_y2566_id_227,227,227,ely_y2566_id_2488,603,0,9,94165,67707,3725
2566,pv_94_z_3,pv_94,,,3,ely_y2566_id_34,,34,ely_y2566_id_2486,551,0,10,94165,67707,3725
2566,pv_94_z_3,pv_94,,,3,ely_y2566_id_234,234,234,ely_y2566_id_2494,229,0,11,94165,67707,3725
2566,pv_94_z_3,pv_94,,,3,ely_y2566_id_145,145,145,ely_y2566_id_2492,124,0,12,94165,67707,3725
2566,pv_94_z_3,pv_94,,,3,ely_y2566_id_149,149,149,ely_y2566_id_2495,79,0,13,94165,67707,3725
2566,pv_94_z_4,pv_94,,,4,ely_y2566_id_1,,1,ely_y2566_id_2501,21556,26.0,1,106339,80181,4084
2566,pv_94_z_4,pv_94,,,4,ely_y2566_id_229,229,229,ely_y2566_id_2500,19360,24.0,2,106339,80181,4084
2566,pv_94_z_4,pv_94,,,4,ely_y2566_id_63,,63,ely_y2566_id_2496,14095,17.0,3,106339,80181,4084
2566,pv_94_z_4,pv_94,,,4,ely_y2566_id_187,187,187,ely_y2566_id_2502,13895,17.0,4,106339,80181,4084
2566,pv_94_z_4,pv_94,,,4,ely_y2566_id_164,164,164,ely_y2566_id_2497,4558,5.0,5,106339,80181,4084
2566,pv_94_z_4,pv_94,,,4,ely_y2566_id_109,,109,ely_y2566_id_2506,2764,3.0,6,106339,80181,4084
2566,pv_94_z_4,pv_94,,,4,ely_y2566_id_192,192,192,ely_y2566_id_2499,1595,1.0,7,106339,80181,4084
2566,pv_94_z_4,pv_94,,,4,ely_y2566_id_203,203,203,ely_y2566_id_2503,838,1.0,8,106339,80181,4084
2566,pv_94_z_4,pv_94,,,4,ely_y2566_id_34,,34,ely_y2566_id_2498,641,0,9,106339,80181,4084
2566,pv_94_z_4,pv_94,,,4,ely_y2566_id_226,226,226,ely_y2566_id_2511,170,0,10,106339,80181,4084
2566,pv_94_z_4,pv_94,,,4,ely_y2566_id_252,252,252,ely_y2566_id_2510,166,0,11,106339,80181,4084
2566,pv_94_z_4,pv_94,,,4,ely_y2566_id_149,149,149,ely_y2566_id_2507,148,0,12,106339,80181,4084
2566,pv_94_z_4,pv_94,,,4,ely_y2566_id_227,227,227,ely_y2566_id_2504,126,0,13,106339,80181,4084
2566,pv_94_z_4,pv_94,,,4,ely_y2566_id_145,145,145,ely_y2566_id_2508,119,0,14,106339,80181,4084
2566,pv_94_z_4,pv_94,,,4,ely_y2566_id_234,234,234,ely_y2566_id_2505,84,0,15,106339,80181,4084
2566,pv_94_z_4,pv_94,,,4,ely_y2566_id_189,189,189,ely_y2566_id_2509,66,0,16,106339,80181,4084
2566,pv_94_z_5,pv_94,,,5,ely_y2566_id_187,187,187,ely_y2566_id_2517,37068,49.0,1,104911,74495,4369
2566,pv_94_z_5,pv_94,,,5,ely_y2566_id_192,192,192,ely_y2566_id_2513,26544,35.0,2,104911,74495,4369
2566,pv_94_z_5,pv_94,,,5,ely_y2566_id_164,164,164,ely_y2566_id_2518,4539,6.0,3,104911,74495,4369
2566,pv_94_z_5,pv_94,,,5,ely_y2566_id_189,189,189,ely_y2566_id_2522,3239,4.0,4,104911,74495,4369
2566,pv_94_z_5,pv_94,,,5,ely_y2566_id_63,,63,ely_y2566_id_2512,939,1.0,5,104911,74495,4369
2566,pv_94_z_5,pv_94,,,5,ely_y2566_id_34,,34,ely_y2566_id_2514,771,1.0,6,104911,74495,4369
2566,pv_94_z_5,pv_94,,,5,ely_y2566_id_229,229,229,ely_y2566_id_2516,681,0,7,104911,74495,4369
2566,pv_94_z_5,pv_94,,,5,ely_y2566_id_1,,1,ely_y2566_id_2515,365,0,8,104911,74495,4369
2566,pv_94_z_5,pv_94,,,5,ely_y2566_id_234,234,234,ely_y2566_id_2520,135,0,9,104911,74495,4369
2566,pv_94_z_5,pv_94,,,5,ely_y2566_id_145,145,145,ely_y2566_id_2519,117,0,10,104911,74495,4369
2566,pv_14_z_1,pv_14,,,1,ely_y2566_id_164,164,164,ely_y2566_id_2529,41081,39.0,1,138032,104364,3643
2566,pv_14_z_1,pv_14,,,1,ely_y2566_id_34,,34,ely_y2566_id_2527,15289,14.0,3,138032,104364,3643
2566,pv_14_z_1,pv_14,,,1,ely_y2566_id_229,229,229,ely_y2566_id_2524,6677,6.0,4,138032,104364,3643
2566,pv_14_z_1,pv_14,,,1,ely_y2566_id_192,192,192,ely_y2566_id_2528,1250,1.0,5,138032,104364,3643
2566,pv_14_z_1,pv_14,,,1,ely_y2566_id_1,,1,ely_y2566_id_2523,1014,0,6,138032,104364,3643
2566,pv_14_z_1,pv_14,,,1,ely_y2566_id_145,145,145,ely_y2566_id_2531,751,0,7,138032,104364,3643
2566,pv_14_z_1,pv_14,,,1,ely_y2566_id_227,227,227,ely_y2566_id_2525,621,0,8,138032,104364,3643
2566,pv_14_z_1,pv_14,,,1,ely_y2566_id_234,234,234,ely_y2566_id_2526,364,0,9,138032,104364,3643
2566,pv_14_z_1,pv_14,,,1,ely_y2566_id_185,185,185,ely_y2566_id_2532,98,0,10,138032,104364,3643
2566,pv_14_z_2,pv_14,,,2,ely_y2566_id_164,164,164,ely_y2566_id_2537,27467,27.0,1,127839,101306,4330
2566,pv_14_z_2,pv_14,,,2,ely_y2566_id_63,,63,ely_y2566_id_2533,26804,26.0,2,127839,101306,4330
2566,pv_14_z_2,pv_14,,,2,ely_y2566_id_192,192,192,ely_y2566_id_2538,24683,24.0,3,127839,101306,4330
2566,pv_14_z_2,pv_14,,,2,ely_y2566_id_34,,34,ely_y2566_id_2541,14855,14.0,4,127839,101306,4330
2566,pv_14_z_2,pv_14,,,2,ely_y2566_id_229,229,229,ely_y2566_id_2535,4370,4.0,5,127839,101306,4330
2566,pv_14_z_2,pv_14,,,2,ely_y2566_id_1,,1,ely_y2566_id_2540,793,0,6,127839,101306,4330
2566,pv_14_z_2,pv_14,,,2,ely_y2566_id_186,186,186,ely_y2566_id_2536,532,0,7,127839,101306,4330
2566,pv_14_z_2,pv_14,,,2,ely_y2566_id_234,234,234,ely_y2566_id_2534,446,0,8,127839,101306,4330
2566,pv_14_z_2,pv_14,,,2,ely_y2566_id_145,145,145,ely_y2566_id_2542,276,0,9,127839,101306,4330
2566,pv_14_z_2,pv_14,,,2,ely_y2566_id_237,237,237,ely_y2566_id_2539,0,0,10,127839,101306,4330
2566,pv_14_z_3,pv_14,,,3,ely_y2566_id_63,,63,ely_y2566_id_2545,47117,45.0,1,130769,103161,3447
2566,pv_14_z_3,pv_14,,,3,ely_y2566_id_164,164,164,ely_y2566_id_2550,34584,33.0,2,130769,103161,3447
2566,pv_14_z_3,pv_14,,,3,ely_y2566_id_34,,34,ely_y2566_id_2551,13061,12.0,3,130769,103161,3447
2566,pv_14_z_3,pv_14,,,3,ely_y2566_id_229,229,229,ely_y2566_id_2544,3374,3.0,4,130769,103161,3447
2566,pv_14_z_3,pv_14,,,3,ely_y2566_id_192,192,192,ely_y2566_id_2548,2120,2.0,5,130769,103161,3447
2566,pv_14_z_3,pv_14,,,3,ely_y2566_id_181,181,181,ely_y2566_id_2549,911,0,6,130769,103161,3447
2566,pv_14_z_3,pv_14,,,3,ely_y2566_id_145,145,145,ely_y2566_id_2547,646,0,7,130769,103161,3447
2566,pv_14_z_3,pv_14,,,3,ely_y2566_id_1,,1,ely_y2566_id_2543,433,0,8,130769,103161,3447
2566,pv_14_z_3,pv_14,,,3,ely_y2566_id_227,227,227,ely_y2566_id_2546,290,0,9,130769,103161,3447
2566,pv_14_z_3,pv_14,,,3,ely_y2566_id_234,234,234,ely_y2566_id_2552,137,0,10,130769,103161,3447
2566,pv_14_z_4,pv_14,,,4,ely_y2566_id_63,,63,ely_y2566_id_2557,50080,45.0,1,134330,109476,3236
2566,pv_14_z_4,pv_14,,,4,ely_y2566_id_164,164,164,ely_y2566_id_2559,31073,28.0,2,134330,109476,3236
2566,pv_14_z_4,pv_14,,,4,ely_y2566_id_34,,34,ely_y2566_id_2558,23229,21.0,3,134330,109476,3236
2566,pv_14_z_4,pv_14,,,4,ely_y2566_id_229,229,229,ely_y2566_id_2555,2939,2.0,4,134330,109476,3236
2566,pv_14_z_4,pv_14,,,4,ely_y2566_id_145,145,145,ely_y2566_id_2556,418,0,5,134330,109476,3236
2566,pv_14_z_4,pv_14,,,4,ely_y2566_id_192,192,192,ely_y2566_id_2554,414,0,6,134330,109476,3236
2566,pv_14_z_4,pv_14,,,4,ely_y2566_id_1,,1,ely_y2566_id_2560,355,0,7,134330,109476,3236
2566,pv_14_z_4,pv_14,,,4,ely_y2566_id_234,234,234,ely_y2566_id_2553,338,0,8,134330,109476,3236
2566,pv_14_z_4,pv_14,,,4,ely_y2566_id_185,185,185,ely_y2566_id_2561,261,0,9,134330,109476,3236
2566,pv_14_z_5,pv_14,,,5,ely_y2566_id_63,,63,ely_y2566_id_2567,37275,36.0,1,132850,101798,4210
2566,pv_14_z_5,pv_14,,,5,ely_y2566_id_34,,34,ely_y2566_id_2565,30120,29.0,2,132850,101798,4210
2566,pv_14_z_5,pv_14,,,5,ely_y2566_id_164,164,164,ely_y2566_id_2564,22100,21.0,3,132850,101798,4210
2566,pv_14_z_5,pv_14,,,5,ely_y2566_id_229,229,229,ely_y2566_id_2562,8786,8.0,4,132850,101798,4210
2566,pv_14_z_5,pv_14,,,5,ely_y2566_id_1,,1,ely_y2566_id_2566,836,0,5,132850,101798,4210
2566,pv_14_z_5,pv_14,,,5,ely_y2566_id_55,,55,ely_y2566_id_2573,601,0,6,132850,101798,4210
2566,pv_14_z_5,pv_14,,,5,ely_y2566_id_234,234,234,ely_y2566_id_2568,377,0,7,132850,101798,4210
2566,pv_14_z_5,pv_14,,,5,ely_y2566_id_180,180,180,ely_y2566_id_2563,374,0,8,132850,101798,4210
2566,pv_14_z_5,pv_14,,,5,ely_y2566_id_227,227,227,ely_y2566_id_2570,341,0,9,132850,101798,4210
2566,pv_14_z_5,pv_14,,,5,ely_y2566_id_145,145,145,ely_y2566_id_2569,273,0,10,132850,101798,4210
2566,pv_14_z_5,pv_14,,,5,ely_y2566_id_185,185,185,ely_y2566_id_2574,219,0,11,132850,101798,4210
2566,pv_14_z_5,pv_14,,,5,ely_y2566_id_192,192,192,ely_y2566_id_2571,209,0,12,132850,101798,4210
2566,pv_14_z_5,pv_14,,,5,ely_y2566_id_170,170,170,ely_y2566_id_2572,0,0,13,132850,101798,4210
2566,pv_65_z_1,pv_65,,,1,ely_y2566_id_164,164,164,ely_y2566_id_2686,40842,41.0,1,139465,99661,2937
2566,pv_65_z_1,pv_65,,,1,ely_y2566_id_192,192,192,ely_y2566_id_2688,19096,19.0,2,139465,99661,2937
2566,pv_65_z_1,pv_65,,,1,ely_y2566_id_34,,34,ely_y2566_id_2678,18180,18.0,3,139465,99661,2937
2566,pv_65_z_1,pv_65,,,1,ely_y2566_id_229,229,229,ely_y2566_id_2683,10229,10.0,4,139465,99661,2937
2566,pv_65_z_1,pv_65,,,1,ely_y2566_id_1,,1,ely_y2566_id_2682,3979,4.0,5,139465,99661,2937
2566,pv_65_z_1,pv_65,,,1,ely_y2566_id_63,,63,ely_y2566_id_2684,2478,2.0,6,139465,99661,2937
2566,pv_65_z_1,pv_65,,,1,ely_y2566_id_145,145,145,ely_y2566_id_2685,1450,1.0,7,139465,99661,2937
2566,pv_65_z_1,pv_65,,,1,ely_y2566_id_227,227,227,ely_y2566_id_2680,804,0,8,139465,99661,2937
2566,pv_65_z_1,pv_65,,,1,ely_y2566_id_234,234,234,ely_y2566_id_2687,588,0,9,139465,99661,2937
2566,pv_65_z_1,pv_65,,,1,ely_y2566_id_180,180,180,ely_y2566_id_2679,451,0,10,139465,99661,2937
2566,pv_65_z_1,pv_65,,,1,ely_y2566_id_181,181,181,ely_y2566_id_2681,209,0,11,139465,99661,2937
2566,pv_65_z_1,pv_65,,,1,ely_y2566_id_198,198,198,ely_y2566_id_2689,154,0,12,139465,99661,2937
2566,pv_65_z_1,pv_65,,,1,ely_y2566_id_189,189,189,ely_y2566_id_2690,147,0,13,139465,99661,2937
2566,pv_65_z_1,pv_65,,,1,ely_y2566_id_230,230,230,ely_y2566_id_2692,89,0,14,139465,99661,2937
2566,pv_65_z_1,pv_65,,,1,ely_y2566_id_184,184,184,ely_y2566_id_2691,67,0,15,139465,99661,2937
2566,pv_65_z_2,pv_65,,,2,ely_y2566_id_34,,34,ely_y2566_id_2702,30819,29.0,1,145515,107389,4341
2566,pv_65_z_2,pv_65,,,2,ely_y2566_id_164,164,164,ely_y2566_id_2694,23516,22.0,2,145515,107389,4341
2566,pv_65_z_2,pv_65,,,2,ely_y2566_id_63,,63,ely_y2566_id_2695,17843,16.0,3,145515,107389,4341
2566,pv_65_z_2,pv_65,,,2,ely_y2566_id_192,192,192,ely_y2566_id_2696,17777,16.0,4,145515,107389,4341
2566,pv_65_z_2,pv_65,,,2,ely_y2566_id_229,229,229,ely_y2566_id_2697,12765,12.0,5,145515,107389,4341
2566,pv_65_z_2,pv_65,,,2,ely_y2566_id_1,,1,ely_y2566_id_2699,977,0,6,145515,107389,4341
2566,pv_65_z_2,pv_65,,,2,ely_y2566_id_234,234,234,ely_y2566_id_2701,722,0,7,145515,107389,4341
2566,pv_65_z_2,pv_65,,,2,ely_y2566_id_227,227,227,ely_y2566_id_2693,621,0,8,145515,107389,4341
2566,pv_65_z_2,pv_65,,,2,ely_y2566_id_145,145,145,ely_y2566_id_2700,442,0,9,145515,107389,4341
2566,pv_65_z_2,pv_65,,,2,ely_y2566_id_189,189,189,ely_y2566_id_2703,300,0,10,145515,107389,4341
2566,pv_65_z_2,pv_65,,,2,ely_y2566_id_180,180,180,ely_y2566_id_2698,275,0,11,145515,107389,4341
2566,pv_65_z_3,pv_65,,,3,ely_y2566_id_229,229,229,ely_y2566_id_2708,22765,24.0,1,141757,93978,5548
2566,pv_65_z_3,pv_65,,,3,ely_y2566_id_63,,63,ely_y2566_id_2706,18460,19.0,3,141757,93978,5548
2566,pv_65_z_3,pv_65,,,3,ely_y2566_id_164,164,164,ely_y2566_id_2711,18331,19.0,4,141757,93978,5548
2566,pv_65_z_3,pv_65,,,3,ely_y2566_id_192,192,192,ely_y2566_id_2710,9200,9.0,5,141757,93978,5548
2566,pv_65_z_3,pv_65,,,3,ely_y2566_id_1,,1,ely_y2566_id_2704,938,1.0,6,141757,93978,5548
2566,pv_65_z_3,pv_65,,,3,ely_y2566_id_145,145,145,ely_y2566_id_2707,638,0,7,141757,93978,5548
2566,pv_65_z_3,pv_65,,,3,ely_y2566_id_227,227,227,ely_y2566_id_2709,485,0,8,141757,93978,5548
2566,pv_65_z_3,pv_65,,,3,ely_y2566_id_234,234,234,ely_y2566_id_2715,463,0,9,141757,93978,5548
2566,pv_65_z_3,pv_65,,,3,ely_y2566_id_235,235,235,ely_y2566_id_2714,173,0,10,141757,93978,5548
2566,pv_65_z_3,pv_65,,,3,ely_y2566_id_180,180,180,ely_y2566_id_2713,117,0,11,141757,93978,5548
2566,pv_65_z_3,pv_65,,,3,ely_y2566_id_226,226,226,ely_y2566_id_2712,0,0,12,141757,93978,5548
2566,pv_65_z_4,pv_65,,,4,ely_y2566_id_34,,34,ely_y2566_id_2720,40236,43.0,1,128045,92136,4867
2566,pv_65_z_4,pv_65,,,4,ely_y2566_id_63,,63,ely_y2566_id_2723,32818,35.0,2,128045,92136,4867
2566,pv_65_z_4,pv_65,,,4,ely_y2566_id_164,164,164,ely_y2566_id_2717,14556,15.0,3,128045,92136,4867
2566,pv_65_z_4,pv_65,,,4,ely_y2566_id_229,229,229,ely_y2566_id_2719,2076,2.0,4,128045,92136,4867
2566,pv_65_z_4,pv_65,,,4,ely_y2566_id_1,,1,ely_y2566_id_2721,543,0,5,128045,92136,4867
2566,pv_65_z_4,pv_65,,,4,ely_y2566_id_234,234,234,ely_y2566_id_2724,523,0,6,128045,92136,4867
2566,pv_65_z_4,pv_65,,,4,ely_y2566_id_192,192,192,ely_y2566_id_2722,438,0,7,128045,92136,4867
2566,pv_65_z_4,pv_65,,,4,ely_y2566_id_227,227,227,ely_y2566_id_2716,358,0,8,128045,92136,4867
2566,pv_65_z_4,pv_65,,,4,ely_y2566_id_145,145,145,ely_y2566_id_2718,266,0,9,128045,92136,4867
2566,pv_65_z_4,pv_65,,,4,ely_y2566_id_180,180,180,ely_y2566_id_2727,151,0,10,128045,92136,4867
2566,pv_65_z_4,pv_65,,,4,ely_y2566_id_184,184,184,ely_y2566_id_2726,108,0,11,128045,92136,4867
2566,pv_65_z_4,pv_65,,,4,ely_y2566_id_189,189,189,ely_y2566_id_2725,63,0,12,128045,92136,4867
2566,pv_65_z_5,pv_65,,,5,ely_y2566_id_164,164,164,ely_y2566_id_2733,25792,27.0,1,131613,92563,4899
2566,pv_65_z_5,pv_65,,,5,ely_y2566_id_192,192,192,ely_y2566_id_2728,16843,18.0,2,131613,92563,4899
2566,pv_65_z_5,pv_65,,,5,ely_y2566_id_229,229,229,ely_y2566_id_2730,14908,16.0,3,131613,92563,4899
2566,pv_65_z_5,pv_65,,,5,ely_y2566_id_34,,34,ely_y2566_id_2734,12409,13.0,4,131613,92563,4899
2566,pv_65_z_5,pv_65,,,5,ely_y2566_id_63,,63,ely_y2566_id_2736,11871,12.0,5,131613,92563,4899
2566,pv_65_z_5,pv_65,,,5,ely_y2566_id_227,227,227,ely_y2566_id_2729,7693,8.0,6,131613,92563,4899
2566,pv_65_z_5,pv_65,,,5,ely_y2566_id_184,184,184,ely_y2566_id_2740,618,0,7,131613,92563,4899
2566,pv_65_z_5,pv_65,,,5,ely_y2566_id_56,,56,ely_y2566_id_2732,506,0,8,131613,92563,4899
2566,pv_65_z_5,pv_65,,,5,ely_y2566_id_189,189,189,ely_y2566_id_2739,397,0,9,131613,92563,4899
2566,pv_65_z_5,pv_65,,,5,ely_y2566_id_1,,1,ely_y2566_id_2731,383,0,10,131613,92563,4899
2566,pv_65_z_5,pv_65,,,5,ely_y2566_id_226,226,226,ely_y2566_id_2738,377,0,11,131613,92563,4899
2566,pv_65_z_5,pv_65,,,5,ely_y2566_id_145,145,145,ely_y2566_id_2737,235,0,12,131613,92563,4899
2566,pv_65_z_5,pv_65,,,5,ely_y2566_id_234,234,234,ely_y2566_id_2735,228,0,13,131613,92563,4899
2566,pv_65_z_5,pv_65,,,5,ely_y2566_id_235,235,235,ely_y2566_id_2741,111,0,14,131613,92563,4899
2566,pv_21_z_1,pv_21,,,1,ely_y2566_id_164,164,164,ely_y2566_id_3217,37820,42.0,1,113425,88915,2266
2566,pv_21_z_1,pv_21,,,1,ely_y2566_id_1,,1,ely_y2566_id_3219,17829,20.0,2,113425,88915,2266
2566,pv_21_z_1,pv_21,,,1,ely_y2566_id_229,229,229,ely_y2566_id_3223,16204,18.0,3,113425,88915,2266
2566,pv_21_z_1,pv_21,,,1,ely_y2566_id_34,,34,ely_y2566_id_3221,13590,15.0,4,113425,88915,2266
2566,pv_21_z_1,pv_21,,,1,ely_y2566_id_63,,63,ely_y2566_id_3218,1313,1.0,5,113425,88915,2266
2566,pv_21_z_1,pv_21,,,1,ely_y2566_id_227,227,227,ely_y2566_id_3222,548,0,6,113425,88915,2266
2566,pv_21_z_1,pv_21,,,1,ely_y2566_id_145,145,145,ely_y2566_id_3225,343,0,7,113425,88915,2266
2566,pv_21_z_1,pv_21,,,1,ely_y2566_id_192,192,192,ely_y2566_id_3224,312,0,8,113425,88915,2266
2566,pv_21_z_1,pv_21,,,1,ely_y2566_id_234,234,234,ely_y2566_id_3220,253,0,9,113425,88915,2266
2566,pv_21_z_1,pv_21,,,1,ely_y2566_id_180,180,180,ely_y2566_id_3226,69,0,10,113425,88915,2266
2566,pv_21_z_1,pv_21,,,1,ely_y2566_id_189,189,189,ely_y2566_id_3227,0,0,11,113425,88915,2266
2566,pv_21_z_2,pv_21,,,2,ely_y2566_id_164,164,164,ely_y2566_id_3232,38813,48.0,1,114586,80177,2595
2566,pv_21_z_2,pv_21,,,2,ely_y2566_id_1,,1,ely_y2566_id_3234,23298,29.0,2,114586,80177,2595
2566,pv_21_z_2,pv_21,,,2,ely_y2566_id_34,,34,ely_y2566_id_3233,8221,10.0,3,114586,80177,2595
2566,pv_21_z_2,pv_21,,,2,ely_y2566_id_229,229,229,ely_y2566_id_3230,5249,6.0,4,114586,80177,2595
2566,pv_21_z_2,pv_21,,,2,ely_y2566_id_227,227,227,ely_y2566_id_3228,1650,2.0,5,114586,80177,2595
2566,pv_21_z_2,pv_21,,,2,ely_y2566_id_145,145,145,ely_y2566_id_3229,670,0,6,114586,80177,2595
2566,pv_21_z_2,pv_21,,,2,ely_y2566_id_192,192,192,ely_y2566_id_3236,491,0,7,114586,80177,2595
2566,pv_21_z_2,pv_21,,,2,ely_y2566_id_245,245,245,ely_y2566_id_3235,457,0,8,114586,80177,2595
2566,pv_21_z_2,pv_21,,,2,ely_y2566_id_234,234,234,ely_y2566_id_3231,432,0,9,114586,80177,2595
2566,pv_21_z_2,pv_21,,,2,ely_y2566_id_189,189,189,ely_y2566_id_3237,0,0,10,114586,80177,2595
2566,pv_21_z_3,pv_21,,,3,ely_y2566_id_164,164,164,ely_y2566_id_3245,29034,32.0,1,122663,89821,4085
2566,pv_21_z_3,pv_21,,,3,ely_y2566_id_192,192,192,ely_y2566_id_3246,21726,24.0,2,122663,89821,4085
2566,pv_21_z_3,pv_21,,,3,ely_y2566_id_1,,1,ely_y2566_id_3242,14668,16.0,3,122663,89821,4085
2566,pv_21_z_3,pv_21,,,3,ely_y2566_id_34,,34,ely_y2566_id_3247,11647,13.0,4,122663,89821,4085
2566,pv_21_z_3,pv_21,,,3,ely_y2566_id_45,,45,ely_y2566_id_3240,3772,4.0,5,122663,89821,4085
2566,pv_21_z_3,pv_21,,,3,ely_y2566_id_229,229,229,ely_y2566_id_3243,3608,4.0,6,122663,89821,4085
2566,pv_21_z_3,pv_21,,,3,ely_y2566_id_145,145,145,ely_y2566_id_3244,2755,3.0,7,122663,89821,4085
2566,pv_21_z_3,pv_21,,,3,ely_y2566_id_63,,63,ely_y2566_id_3238,1004,1.0,8,122663,89821,4085
2566,pv_21_z_3,pv_21,,,3,ely_y2566_id_234,234,234,ely_y2566_id_3239,606,0,9,122663,89821,4085
2566,pv_21_z_3,pv_21,,,3,ely_y2566_id_227,227,227,ely_y2566_id_3241,492,0,10,122663,89821,4085
2566,pv_21_z_3,pv_21,,,3,ely_y2566_id_189,189,189,ely_y2566_id_3248,158,0,11,122663,89821,4085
2566,pv_21_z_4,pv_21,,,4,ely_y2566_id_164,164,164,ely_y2566_id_3250,38707,44.0,1,120353,87692,3206
2566,pv_21_z_4,pv_21,,,4,ely_y2566_id_1,,1,ely_y2566_id_3255,27055,31.0,2,120353,87692,3206
2566,pv_21_z_4,pv_21,,,4,ely_y2566_id_34,,34,ely_y2566_id_3254,13425,15.0,3,120353,87692,3206
2566,pv_21_z_4,pv_21,,,4,ely_y2566_id_229,229,229,ely_y2566_id_3251,3554,4.0,4,120353,87692,3206
2566,pv_21_z_4,pv_21,,,4,ely_y2566_id_227,227,227,ely_y2566_id_3256,1383,1.0,5,120353,87692,3206
2566,pv_21_z_4,pv_21,,,4,ely_y2566_id_145,145,145,ely_y2566_id_3253,809,0,6,120353,87692,3206
2566,pv_21_z_4,pv_21,,,4,ely_y2566_id_192,192,192,ely_y2566_id_3252,755,0,7,120353,87692,3206
2566,pv_21_z_4,pv_21,,,4,ely_y2566_id_234,234,234,ely_y2566_id_3249,590,0,8,120353,87692,3206
2566,pv_21_z_5,pv_21,,,5,ely_y2566_id_164,164,164,ely_y2566_id_3259,34713,40.0,1,116640,86789,2670
2566,pv_21_z_5,pv_21,,,5,ely_y2566_id_1,,1,ely_y2566_id_3258,19082,22.0,2,116640,86789,2670
2566,pv_21_z_5,pv_21,,,5,ely_y2566_id_229,229,229,ely_y2566_id_3260,16130,18.0,3,116640,86789,2670
2566,pv_21_z_5,pv_21,,,5,ely_y2566_id_34,,34,ely_y2566_id_3264,13210,15.0,4,116640,86789,2670
2566,pv_21_z_5,pv_21,,,5,ely_y2566_id_227,227,227,ely_y2566_id_3257,1147,1.0,5,116640,86789,2670
2566,pv_21_z_5,pv_21,,,5,ely_y2566_id_145,145,145,ely_y2566_id_3261,771,0,6,116640,86789,2670
2566,pv_21_z_5,pv_21,,,5,ely_y2566_id_192,192,192,ely_y2566_id_3263,452,0,7,116640,86789,2670
2566,pv_21_z_5,pv_21,,,5,ely_y2566_id_189,189,189,ely_y2566_id_3265,373,0,8,116640,86789,2670
2566,pv_21_z_5,pv_21,,,5,ely_y2566_id_234,234,234,ely_y2566_id_3262,212,0,9,116640,86789,2670
2566,pv_70_z_1,pv_70,,,1,ely_y2566_id_229,229,229,ely_y2566_id_3266,52941,51.0,1,138676,102699,4299
2566,pv_70_z_1,pv_70,,,1,ely_y2566_id_164,164,164,ely_y2566_id_3271,29646,29.0,2,138676,102699,4299
2566,pv_70_z_1,pv_70,,,1,ely_y2566_id_34,,34,ely_y2566_id_3269,14372,14.0,3,138676,102699,4299
2566,pv_70_z_1,pv_70,,,1,ely_y2566_id_1,,1,ely_y2566_id_3270,1446,1.0,4,138676,102699,4299
2566,pv_70_z_1,pv_70,,,1,ely_y2566_id_63,,63,ely_y2566_id_3274,1403,1.0,5,138676,102699,4299
2566,pv_70_z_1,pv_70,,,1,ely_y2566_id_192,192,192,ely_y2566_id_3267,649,0,6,138676,102699,4299
2566,pv_70_z_1,pv_70,,,1,ely_y2566_id_145,145,145,ely_y2566_id_3268,628,0,7,138676,102699,4299
2566,pv_70_z_1,pv_70,,,1,ely_y2566_id_45,,45,ely_y2566_id_3272,364,0,8,138676,102699,4299
2566,pv_70_z_1,pv_70,,,1,ely_y2566_id_234,234,234,ely_y2566_id_3275,248,0,9,138676,102699,4299
2566,pv_70_z_1,pv_70,,,1,ely_y2566_id_189,189,189,ely_y2566_id_3273,238,0,10,138676,102699,4299
2566,pv_70_z_2,pv_70,,,2,ely_y2566_id_192,192,192,ely_y2566_id_3281,41807,43.0,1,133053,97853,5621
2566,pv_70_z_2,pv_70,,,2,ely_y2566_id_164,164,164,ely_y2566_id_3280,27403,28.0,2,133053,97853,5621
2566,pv_70_z_2,pv_70,,,2,ely_y2566_id_34,,34,ely_y2566_id_3283,13778,14.0,3,133053,97853,5621
2566,pv_70_z_2,pv_70,,,2,ely_y2566_id_229,229,229,ely_y2566_id_3279,6496,6.0,4,133053,97853,5621
2566,pv_70_z_2,pv_70,,,2,ely_y2566_id_1,,1,ely_y2566_id_3278,2035,2.0,5,133053,97853,5621
2566,pv_70_z_2,pv_70,,,2,ely_y2566_id_63,,63,ely_y2566_id_3277,1430,1.0,6,133053,97853,5621
2566,pv_70_z_2,pv_70,,,2,ely_y2566_id_145,145,145,ely_y2566_id_3276,1289,1.0,7,133053,97853,5621
2566,pv_70_z_2,pv_70,,,2,ely_y2566_id_234,234,234,ely_y2566_id_3282,842,0,8,133053,97853,5621
2566,pv_70_z_2,pv_70,,,2,ely_y2566_id_240,240,240,ely_y2566_id_3284,522,0,9,133053,97853,5621
2566,pv_70_z_2,pv_70,,,2,ely_y2566_id_189,189,189,ely_y2566_id_3286,258,0,10,133053,97853,5621
2566,pv_70_z_2,pv_70,,,2,ely_y2566_id_185,185,185,ely_y2566_id_3285,133,0,11,133053,97853,5621
2566,pv_70_z_3,pv_70,,,3,ely_y2566_id_192,192,192,ely_y2566_id_3290,49262,43.0,1,138855,112219,6029
2566,pv_70_z_3,pv_70,,,3,ely_y2566_id_63,,63,ely_y2566_id_3287,26114,23.0,2,138855,112219,6029
2566,pv_70_z_3,pv_70,,,3,ely_y2566_id_164,164,164,ely_y2566_id_3294,20781,18.0,3,138855,112219,6029
2566,pv_70_z_3,pv_70,,,3,ely_y2566_id_34,,34,ely_y2566_id_3289,7848,6.0,4,138855,112219,6029
2566,pv_70_z_3,pv_70,,,3,ely_y2566_id_229,229,229,ely_y2566_id_3288,5357,4.0,5,138855,112219,6029
2566,pv_70_z_3,pv_70,,,3,ely_y2566_id_1,,1,ely_y2566_id_3293,1288,1.0,6,138855,112219,6029
2566,pv_70_z_3,pv_70,,,3,ely_y2566_id_145,145,145,ely_y2566_id_3292,535,0,7,138855,112219,6029
2566,pv_70_z_3,pv_70,,,3,ely_y2566_id_185,185,185,ely_y2566_id_3295,378,0,8,138855,112219,6029
2566,pv_70_z_3,pv_70,,,3,ely_y2566_id_189,189,189,ely_y2566_id_3297,305,0,9,138855,112219,6029
2566,pv_70_z_3,pv_70,,,3,ely_y2566_id_186,186,186,ely_y2566_id_3291,237,0,10,138855,112219,6029
2566,pv_70_z_3,pv_70,,,3,ely_y2566_id_234,234,234,ely_y2566_id_3296,114,0,11,138855,112219,6029
2566,pv_70_z_4,pv_70,,,4,ely_y2566_id_229,229,229,ely_y2566_id_3300,54815,49.0,1,138957,110903,5269
2566,pv_70_z_4,pv_70,,,4,ely_y2566_id_164,164,164,ely_y2566_id_3303,19982,18.0,3,138957,110903,5269
2566,pv_70_z_4,pv_70,,,4,ely_y2566_id_34,,34,ely_y2566_id_3304,12129,10.0,4,138957,110903,5269
2566,pv_70_z_4,pv_70,,,4,ely_y2566_id_192,192,192,ely_y2566_id_3299,551,0,5,138957,110903,5269
2566,pv_70_z_4,pv_70,,,4,ely_y2566_id_63,,63,ely_y2566_id_3298,413,0,6,138957,110903,5269
2566,pv_70_z_4,pv_70,,,4,ely_y2566_id_145,145,145,ely_y2566_id_3306,268,0,7,138957,110903,5269
2566,pv_70_z_4,pv_70,,,4,ely_y2566_id_227,227,227,ely_y2566_id_3305,227,0,8,138957,110903,5269
2566,pv_70_z_4,pv_70,,,4,ely_y2566_id_180,180,180,ely_y2566_id_3302,188,0,9,138957,110903,5269
2566,pv_70_z_4,pv_70,,,4,ely_y2566_id_234,234,234,ely_y2566_id_3307,136,0,10,138957,110903,5269
2566,pv_70_z_5,pv_70,,,5,ely_y2566_id_192,192,192,ely_y2566_id_3311,44253,40.0,1,132930,110005,4773
2566,pv_70_z_5,pv_70,,,5,ely_y2566_id_63,,63,ely_y2566_id_3309,38284,34.0,2,132930,110005,4773
2566,pv_70_z_5,pv_70,,,5,ely_y2566_id_164,164,164,ely_y2566_id_3318,17095,15.0,3,132930,110005,4773
2566,pv_70_z_5,pv_70,,,5,ely_y2566_id_34,,34,ely_y2566_id_3316,6179,5.0,4,132930,110005,4773
2566,pv_70_z_5,pv_70,,,5,ely_y2566_id_229,229,229,ely_y2566_id_3315,2298,2.0,5,132930,110005,4773
2566,pv_70_z_5,pv_70,,,5,ely_y2566_id_1,,1,ely_y2566_id_3310,783,0,6,132930,110005,4773
2566,pv_70_z_5,pv_70,,,5,ely_y2566_id_234,234,234,ely_y2566_id_3317,269,0,7,132930,110005,4773
2566,pv_70_z_5,pv_70,,,5,ely_y2566_id_145,145,145,ely_y2566_id_3313,247,0,8,132930,110005,4773
2566,pv_70_z_5,pv_70,,,5,ely_y2566_id_189,189,189,ely_y2566_id_3319,231,0,9,132930,110005,4773
2566,pv_70_z_5,pv_70,,,5,ely_y2566_id_45,,45,ely_y2566_id_3312,223,0,10,132930,110005,4773
2566,pv_70_z_5,pv_70,,,5,ely_y2566_id_227,227,227,ely_y2566_id_3314,143,0,11,132930,110005,4773
2566,pv_16_z_1,pv_16,,,1,ely_y2566_id_34,,34,ely_y2566_id_3322,28405,32.0,1,118800,88316,3451
2566,pv_16_z_1,pv_16,,,1,ely_y2566_id_164,164,164,ely_y2566_id_3320,25409,29.0,2,118800,88316,3451
2566,pv_16_z_1,pv_16,,,1,ely_y2566_id_229,229,229,ely_y2566_id_3328,13317,15.0,3,118800,88316,3451
2566,pv_16_z_1,pv_16,,,1,ely_y2566_id_192,192,192,ely_y2566_id_3324,10884,12.0,4,118800,88316,3451
2566,pv_16_z_1,pv_16,,,1,ely_y2566_id_1,,1,ely_y2566_id_3327,6147,7.0,5,118800,88316,3451
2566,pv_16_z_1,pv_16,,,1,ely_y2566_id_227,227,227,ely_y2566_id_3326,720,0,6,118800,88316,3451
2566,pv_16_z_1,pv_16,,,1,ely_y2566_id_145,145,145,ely_y2566_id_3321,667,0,7,118800,88316,3451
2566,pv_16_z_1,pv_16,,,1,ely_y2566_id_234,234,234,ely_y2566_id_3323,436,0,8,118800,88316,3451
2566,pv_16_z_1,pv_16,,,1,ely_y2566_id_189,189,189,ely_y2566_id_3332,305,0,9,118800,88316,3451
2566,pv_16_z_1,pv_16,,,1,ely_y2566_id_63,,63,ely_y2566_id_3329,290,0,10,118800,88316,3451
2566,pv_16_z_1,pv_16,,,1,ely_y2566_id_129,129,129,ely_y2566_id_3325,247,0,11,118800,88316,3451
2566,pv_16_z_1,pv_16,,,1,ely_y2566_id_252,252,252,ely_y2566_id_3330,199,0,12,118800,88316,3451
2566,pv_16_z_1,pv_16,,,1,ely_y2566_id_185,185,185,ely_y2566_id_3331,100,0,13,118800,88316,3451
2566,pv_16_z_2,pv_16,,,2,ely_y2566_id_164,164,164,ely_y2566_id_3341,26331,29.0,1,122526,88936,4908
2566,pv_16_z_2,pv_16,,,2,ely_y2566_id_229,229,229,ely_y2566_id_3339,23041,26.0,2,122526,88936,4908
2566,pv_16_z_2,pv_16,,,2,ely_y2566_id_34,,34,ely_y2566_id_3337,16942,19.0,3,122526,88936,4908
2566,pv_16_z_2,pv_16,,,2,ely_y2566_id_63,,63,ely_y2566_id_3336,16385,18.0,4,122526,88936,4908
2566,pv_16_z_2,pv_16,,,2,ely_y2566_id_192,192,192,ely_y2566_id_3335,1687,1.0,5,122526,88936,4908
2566,pv_16_z_2,pv_16,,,2,ely_y2566_id_145,145,145,ely_y2566_id_3333,1138,1.0,6,122526,88936,4908
2566,pv_16_z_2,pv_16,,,2,ely_y2566_id_1,,1,ely_y2566_id_3338,896,1.0,7,122526,88936,4908
2566,pv_16_z_2,pv_16,,,2,ely_y2566_id_234,234,234,ely_y2566_id_3334,844,0,8,122526,88936,4908
2566,pv_16_z_2,pv_16,,,2,ely_y2566_id_185,185,185,ely_y2566_id_3340,430,0,9,122526,88936,4908
2566,pv_16_z_2,pv_16,,,2,ely_y2566_id_252,252,252,ely_y2566_id_3342,229,0,10,122526,88936,4908
2566,pv_16_z_3,pv_16,,,3,ely_y2566_id_63,,63,ely_y2566_id_3349,43330,47.0,1,122543,91563,4752
2566,pv_16_z_3,pv_16,,,3,ely_y2566_id_34,,34,ely_y2566_id_3350,30123,32.0,2,122543,91563,4752
2566,pv_16_z_3,pv_16,,,3,ely_y2566_id_164,164,164,ely_y2566_id_3346,13256,14.0,3,122543,91563,4752
2566,pv_16_z_3,pv_16,,,3,ely_y2566_id_229,229,229,ely_y2566_id_3347,2102,2.0,4,122543,91563,4752
2566,pv_16_z_3,pv_16,,,3,ely_y2566_id_192,192,192,ely_y2566_id_3345,589,0,5,122543,91563,4752
2566,pv_16_z_3,pv_16,,,3,ely_y2566_id_252,252,252,ely_y2566_id_3351,540,0,6,122543,91563,4752
2566,pv_16_z_3,pv_16,,,3,ely_y2566_id_1,,1,ely_y2566_id_3344,419,0,7,122543,91563,4752
2566,pv_16_z_3,pv_16,,,3,ely_y2566_id_145,145,145,ely_y2566_id_3348,379,0,8,122543,91563,4752
2566,pv_16_z_3,pv_16,,,3,ely_y2566_id_185,185,185,ely_y2566_id_3343,375,0,9,122543,91563,4752
2566,pv_16_z_3,pv_16,,,3,ely_y2566_id_189,189,189,ely_y2566_id_3353,117,0,10,122543,91563,4752
2566,pv_16_z_3,pv_16,,,3,ely_y2566_id_234,234,234,ely_y2566_id_3352,68,0,11,122543,91563,4752
2566,pv_16_z_4,pv_16,,,4,ely_y2566_id_63,,63,ely_y2566_id_3358,41413,49.0,1,118249,83193,5712
2566,pv_16_z_4,pv_16,,,4,ely_y2566_id_164,164,164,ely_y2566_id_3360,18421,22.0,2,118249,83193,5712
2566,pv_16_z_4,pv_16,,,4,ely_y2566_id_34,,34,ely_y2566_id_3356,18326,22.0,3,118249,83193,5712
2566,pv_16_z_4,pv_16,,,4,ely_y2566_id_229,229,229,ely_y2566_id_3361,1992,2.0,4,118249,83193,5712
2566,pv_16_z_4,pv_16,,,4,ely_y2566_id_192,192,192,ely_y2566_id_3359,664,0,5,118249,83193,5712
2566,pv_16_z_4,pv_16,,,4,ely_y2566_id_129,129,129,ely_y2566_id_3357,629,0,6,118249,83193,5712
2566,pv_16_z_4,pv_16,,,4,ely_y2566_id_145,145,145,ely_y2566_id_3354,504,0,7,118249,83193,5712
2566,pv_16_z_4,pv_16,,,4,ely_y2566_id_1,,1,ely_y2566_id_3355,450,0,8,118249,83193,5712
2566,pv_16_z_4,pv_16,,,4,ely_y2566_id_149,149,149,ely_y2566_id_3362,441,0,9,118249,83193,5712
2566,pv_16_z_4,pv_16,,,4,ely_y2566_id_234,234,234,ely_y2566_id_3364,130,0,10,118249,83193,5712
2566,pv_16_z_4,pv_16,,,4,ely_y2566_id_189,189,189,ely_y2566_id_3365,130,0,11,118249,83193,5712
2566,pv_16_z_4,pv_16,,,4,ely_y2566_id_252,252,252,ely_y2566_id_3363,93,0,12,118249,83193,5712
2566,pv_16_z_5,pv_16,,,5,ely_y2566_id_34,,34,ely_y2566_id_3366,41827,48.0,1,116073,85488,5279
2566,pv_16_z_5,pv_16,,,5,ely_y2566_id_164,164,164,ely_y2566_id_3368,9634,11.0,3,116073,85488,5279
2566,pv_16_z_5,pv_16,,,5,ely_y2566_id_192,192,192,ely_y2566_id_3371,6690,7.0,4,116073,85488,5279
2566,pv_16_z_5,pv_16,,,5,ely_y2566_id_229,229,229,ely_y2566_id_3369,1119,1.0,5,116073,85488,5279
2566,pv_16_z_5,pv_16,,,5,ely_y2566_id_227,227,227,ely_y2566_id_3370,557,0,6,116073,85488,5279
2566,pv_16_z_5,pv_16,,,5,ely_y2566_id_189,189,189,ely_y2566_id_3376,364,0,7,116073,85488,5279
2566,pv_16_z_5,pv_16,,,5,ely_y2566_id_145,145,145,ely_y2566_id_3372,334,0,8,116073,85488,5279
2566,pv_16_z_5,pv_16,,,5,ely_y2566_id_1,,1,ely_y2566_id_3367,263,0,9,116073,85488,5279
2566,pv_16_z_5,pv_16,,,5,ely_y2566_id_252,252,252,ely_y2566_id_3374,221,0,10,116073,85488,5279
2566,pv_16_z_5,pv_16,,,5,ely_y2566_id_230,230,230,ely_y2566_id_3375,90,0,11,116073,85488,5279
2566,pv_72_z_1,pv_72,,,1,ely_y2566_id_55,,55,ely_y2566_id_4068,46324,50.0,1,134390,96748,7032
2566,pv_72_z_1,pv_72,,,1,ely_y2566_id_164,164,164,ely_y2566_id_4069,26551,28.0,2,134390,96748,7032
2566,pv_72_z_1,pv_72,,,1,ely_y2566_id_34,,34,ely_y2566_id_4067,13641,14.0,3,134390,96748,7032
2566,pv_72_z_1,pv_72,,,1,ely_y2566_id_227,227,227,ely_y2566_id_4070,1312,1.0,4,134390,96748,7032
2566,pv_72_z_1,pv_72,,,1,ely_y2566_id_1,,1,ely_y2566_id_4065,975,1.0,5,134390,96748,7032
2566,pv_72_z_1,pv_72,,,1,ely_y2566_id_63,,63,ely_y2566_id_4063,816,0,6,134390,96748,7032
2566,pv_72_z_1,pv_72,,,1,ely_y2566_id_192,192,192,ely_y2566_id_4066,740,0,7,134390,96748,7032
2566,pv_72_z_1,pv_72,,,1,ely_y2566_id_145,145,145,ely_y2566_id_4064,731,0,8,134390,96748,7032
2566,pv_72_z_1,pv_72,,,1,ely_y2566_id_226,226,226,ely_y2566_id_4071,501,0,9,134390,96748,7032
2566,pv_72_z_1,pv_72,,,1,ely_y2566_id_185,185,185,ely_y2566_id_4073,159,0,10,134390,96748,7032
2566,pv_72_z_1,pv_72,,,1,ely_y2566_id_229,229,229,ely_y2566_id_4072,0,0,11,134390,96748,7032
2566,pv_72_z_2,pv_72,,,2,ely_y2566_id_55,,55,ely_y2566_id_4077,43795,48.0,1,129478,93653,6228
2566,pv_72_z_2,pv_72,,,2,ely_y2566_id_164,164,164,ely_y2566_id_4082,24571,27.0,2,129478,93653,6228
2566,pv_72_z_2,pv_72,,,2,ely_y2566_id_34,,34,ely_y2566_id_4078,7741,8.0,3,129478,93653,6228
2566,pv_72_z_2,pv_72,,,2,ely_y2566_id_227,227,227,ely_y2566_id_4080,6995,7.0,4,129478,93653,6228
2566,pv_72_z_2,pv_72,,,2,ely_y2566_id_1,,1,ely_y2566_id_4079,1985,2.0,5,129478,93653,6228
2566,pv_72_z_2,pv_72,,,2,ely_y2566_id_229,229,229,ely_y2566_id_4081,1788,1.0,6,129478,93653,6228
2566,pv_72_z_2,pv_72,,,2,ely_y2566_id_192,192,192,ely_y2566_id_4074,1023,1.0,7,129478,93653,6228
2566,pv_72_z_2,pv_72,,,2,ely_y2566_id_145,145,145,ely_y2566_id_4075,892,0,8,129478,93653,6228
2566,pv_72_z_2,pv_72,,,2,ely_y2566_id_63,,63,ely_y2566_id_4076,563,0,9,129478,93653,6228
2566,pv_72_z_2,pv_72,,,2,ely_y2566_id_226,226,226,ely_y2566_id_4084,189,0,10,129478,93653,6228
2566,pv_72_z_2,pv_72,,,2,ely_y2566_id_185,185,185,ely_y2566_id_4083,144,0,11,129478,93653,6228
2566,pv_72_z_3,pv_72,,,3,ely_y2566_id_55,,55,ely_y2566_id_4088,39348,40.0,1,128962,99216,6273
2566,pv_72_z_3,pv_72,,,3,ely_y2566_id_1,,1,ely_y2566_id_4086,32990,33.0,2,128962,99216,6273
2566,pv_72_z_3,pv_72,,,3,ely_y2566_id_164,164,164,ely_y2566_id_4092,14774,15.0,3,128962,99216,6273
2566,pv_72_z_3,pv_72,,,3,ely_y2566_id_34,,34,ely_y2566_id_4093,7423,7.0,4,128962,99216,6273
2566,pv_72_z_3,pv_72,,,3,ely_y2566_id_229,229,229,ely_y2566_id_4087,1073,1.0,5,128962,99216,6273
2566,pv_72_z_3,pv_72,,,3,ely_y2566_id_227,227,227,ely_y2566_id_4085,484,0,6,128962,99216,6273
2566,pv_72_z_3,pv_72,,,3,ely_y2566_id_63,,63,ely_y2566_id_4091,345,0,7,128962,99216,6273
2566,pv_72_z_3,pv_72,,,3,ely_y2566_id_192,192,192,ely_y2566_id_4089,303,0,8,128962,99216,6273
2566,pv_72_z_3,pv_72,,,3,ely_y2566_id_145,145,145,ely_y2566_id_4090,230,0,9,128962,99216,6273
2566,pv_72_z_3,pv_72,,,3,ely_y2566_id_185,185,185,ely_y2566_id_4094,104,0,10,128962,99216,6273
2566,pv_72_z_4,pv_72,,,4,ely_y2566_id_55,,55,ely_y2566_id_4100,42639,42.0,1,137085,102481,6026
2566,pv_72_z_4,pv_72,,,4,ely_y2566_id_192,192,192,ely_y2566_id_4104,20400,20.0,2,137085,102481,6026
2566,pv_72_z_4,pv_72,,,4,ely_y2566_id_164,164,164,ely_y2566_id_4102,17088,16.0,4,137085,102481,6026
2566,pv_72_z_4,pv_72,,,4,ely_y2566_id_229,229,229,ely_y2566_id_4101,1120,1.0,5,137085,102481,6026
2566,pv_72_z_4,pv_72,,,4,ely_y2566_id_1,,1,ely_y2566_id_4099,577,0,6,137085,102481,6026
2566,pv_72_z_4,pv_72,,,4,ely_y2566_id_227,227,227,ely_y2566_id_4095,505,0,7,137085,102481,6026
2566,pv_72_z_4,pv_72,,,4,ely_y2566_id_63,,63,ely_y2566_id_4098,463,0,8,137085,102481,6026
2566,pv_72_z_4,pv_72,,,4,ely_y2566_id_170,170,170,ely_y2566_id_4103,442,0,9,137085,102481,6026
2566,pv_72_z_4,pv_72,,,4,ely_y2566_id_145,145,145,ely_y2566_id_4097,278,0,10,137085,102481,6026
2566,pv_72_z_5,pv_72,,,5,ely_y2566_id_55,,55,ely_y2566_id_4112,55877,53.0,1,144544,108363,7109
2566,pv_72_z_5,pv_72,,,5,ely_y2566_id_164,164,164,ely_y2566_id_4107,24311,23.0,2,144544,108363,7109
2566,pv_72_z_5,pv_72,,,5,ely_y2566_id_34,,34,ely_y2566_id_4105,14543,13.0,3,144544,108363,7109
2566,pv_72_z_5,pv_72,,,5,ely_y2566_id_1,,1,ely_y2566_id_4111,5358,5.0,4,144544,108363,7109
2566,pv_72_z_5,pv_72,,,5,ely_y2566_id_229,229,229,ely_y2566_id_4106,1600,1.0,5,144544,108363,7109
2566,pv_72_z_5,pv_72,,,5,ely_y2566_id_192,192,192,ely_y2566_id_4113,903,0,6,144544,108363,7109
2566,pv_72_z_5,pv_72,,,5,ely_y2566_id_145,145,145,ely_y2566_id_4109,750,0,7,144544,108363,7109
2566,pv_72_z_5,pv_72,,,5,ely_y2566_id_227,227,227,ely_y2566_id_4110,333,0,8,144544,108363,7109
2566,pv_72_z_5,pv_72,,,5,ely_y2566_id_170,170,170,ely_y2566_id_4115,309,0,9,144544,108363,7109
2566,pv_72_z_5,pv_72,,,5,ely_y2566_id_63,,63,ely_y2566_id_4108,219,0,10,144544,108363,7109
2566,pv_72_z_5,pv_72,,,5,ely_y2566_id_189,189,189,ely_y2566_id_4116,150,0,11,144544,108363,7109
2566,pv_72_z_5,pv_72,,,5,ely_y2566_id_185,185,185,ely_y2566_id_4114,120,0,12,144544,108363,7109
2566,pv_46_z_1,pv_46,,,1,ely_y2566_id_34,,34,ely_y2566_id_592,56569,62.0,1,130873,90803,3195
2566,pv_46_z_1,pv_46,,,1,ely_y2566_id_164,164,164,ely_y2566_id_590,23039,25.0,2,130873,90803,3195
2566,pv_46_z_1,pv_46,,,1,ely_y2566_id_63,,63,ely_y2566_id_587,3901,4.0,3,130873,90803,3195
2566,pv_46_z_1,pv_46,,,1,ely_y2566_id_229,229,229,ely_y2566_id_589,2485,2.0,4,130873,90803,3195
2566,pv_46_z_1,pv_46,,,1,ely_y2566_id_227,227,227,ely_y2566_id_588,976,1.0,5,130873,90803,3195
2566,pv_46_z_1,pv_46,,,1,ely_y2566_id_192,192,192,ely_y2566_id_591,891,0,6,130873,90803,3195
2566,pv_46_z_1,pv_46,,,1,ely_y2566_id_145,145,145,ely_y2566_id_585,557,0,7,130873,90803,3195
2566,pv_46_z_1,pv_46,,,1,ely_y2566_id_226,226,226,ely_y2566_id_584,487,0,8,130873,90803,3195
2566,pv_46_z_1,pv_46,,,1,ely_y2566_id_1,,1,ely_y2566_id_593,465,0,9,130873,90803,3195
2566,pv_46_z_1,pv_46,,,1,ely_y2566_id_234,234,234,ely_y2566_id_586,292,0,10,130873,90803,3195
2566,pv_46_z_1,pv_46,,,1,ely_y2566_id_230,230,230,ely_y2566_id_594,201,0,11,130873,90803,3195
2566,pv_46_z_2,pv_46,,,2,ely_y2566_id_34,,34,ely_y2566_id_599,49784,57.0,1,126334,87287,3065
2566,pv_46_z_2,pv_46,,,2,ely_y2566_id_227,227,227,ely_y2566_id_597,23495,26.0,2,126334,87287,3065
2566,pv_46_z_2,pv_46,,,2,ely_y2566_id_164,164,164,ely_y2566_id_602,10427,11.0,3,126334,87287,3065
2566,pv_46_z_2,pv_46,,,2,ely_y2566_id_192,192,192,ely_y2566_id_601,1398,1.0,4,126334,87287,3065
2566,pv_46_z_2,pv_46,,,2,ely_y2566_id_229,229,229,ely_y2566_id_596,849,0,5,126334,87287,3065
2566,pv_46_z_2,pv_46,,,2,ely_y2566_id_226,226,226,ely_y2566_id_598,319,0,6,126334,87287,3065
2566,pv_46_z_2,pv_46,,,2,ely_y2566_id_1,,1,ely_y2566_id_600,288,0,7,126334,87287,3065
2566,pv_46_z_2,pv_46,,,2,ely_y2566_id_234,234,234,ely_y2566_id_604,227,0,8,126334,87287,3065
2566,pv_46_z_2,pv_46,,,2,ely_y2566_id_145,145,145,ely_y2566_id_603,132,0,9,126334,87287,3065
2566,pv_46_z_2,pv_46,,,2,ely_y2566_id_230,230,230,ely_y2566_id_606,63,0,11,126334,87287,3065
2566,pv_46_z_3,pv_46,,,3,ely_y2566_id_192,192,192,ely_y2566_id_615,37044,45.0,1,123546,81268,3797
2566,pv_46_z_3,pv_46,,,3,ely_y2566_id_34,,34,ely_y2566_id_613,21604,26.0,2,123546,81268,3797
2566,pv_46_z_3,pv_46,,,3,ely_y2566_id_164,164,164,ely_y2566_id_608,17936,22.0,3,123546,81268,3797
2566,pv_46_z_3,pv_46,,,3,ely_y2566_id_229,229,229,ely_y2566_id_610,1444,1.0,4,123546,81268,3797
2566,pv_46_z_3,pv_46,,,3,ely_y2566_id_145,145,145,ely_y2566_id_607,981,1.0,5,123546,81268,3797
2566,pv_46_z_3,pv_46,,,3,ely_y2566_id_1,,1,ely_y2566_id_611,551,0,6,123546,81268,3797
2566,pv_46_z_3,pv_46,,,3,ely_y2566_id_63,,63,ely_y2566_id_612,503,0,7,123546,81268,3797
2566,pv_46_z_3,pv_46,,,3,ely_y2566_id_234,234,234,ely_y2566_id_609,356,0,8,123546,81268,3797
2566,pv_46_z_3,pv_46,,,3,ely_y2566_id_226,226,226,ely_y2566_id_614,302,0,9,123546,81268,3797
2566,pv_46_z_3,pv_46,,,3,ely_y2566_id_184,184,184,ely_y2566_id_616,150,0,10,123546,81268,3797
2566,pv_46_z_4,pv_46,,,4,ely_y2566_id_63,,63,ely_y2566_id_620,31536,35.0,1,135327,90565,3996
2566,pv_46_z_4,pv_46,,,4,ely_y2566_id_34,,34,ely_y2566_id_619,26766,29.0,2,135327,90565,3996
2566,pv_46_z_4,pv_46,,,4,ely_y2566_id_164,164,164,ely_y2566_id_625,22020,24.0,3,135327,90565,3996
2566,pv_46_z_4,pv_46,,,4,ely_y2566_id_229,229,229,ely_y2566_id_626,5700,6.0,4,135327,90565,3996
2566,pv_46_z_4,pv_46,,,4,ely_y2566_id_192,192,192,ely_y2566_id_623,1804,2.0,5,135327,90565,3996
2566,pv_46_z_4,pv_46,,,4,ely_y2566_id_227,227,227,ely_y2566_id_624,594,0,6,135327,90565,3996
2566,pv_46_z_4,pv_46,,,4,ely_y2566_id_1,,1,ely_y2566_id_617,563,0,7,135327,90565,3996
2566,pv_46_z_4,pv_46,,,4,ely_y2566_id_234,234,234,ely_y2566_id_618,386,0,8,135327,90565,3996
2566,pv_46_z_4,pv_46,,,4,ely_y2566_id_145,145,145,ely_y2566_id_621,300,0,9,135327,90565,3996
2566,pv_46_z_4,pv_46,,,4,ely_y2566_id_226,226,226,ely_y2566_id_622,207,0,10,135327,90565,3996
2566,pv_46_z_4,pv_46,,,4,ely_y2566_id_184,184,184,ely_y2566_id_627,154,0,11,135327,90565,3996
2566,pv_46_z_5,pv_46,,,5,ely_y2566_id_34,,34,ely_y2566_id_636,39998,43.0,1,136514,93158,4222
2566,pv_46_z_5,pv_46,,,5,ely_y2566_id_192,192,192,ely_y2566_id_634,32286,35.0,2,136514,93158,4222
2566,pv_46_z_5,pv_46,,,5,ely_y2566_id_164,164,164,ely_y2566_id_635,15178,16.0,3,136514,93158,4222
2566,pv_46_z_5,pv_46,,,5,ely_y2566_id_145,145,145,ely_y2566_id_640,950,1.0,4,136514,93158,4222
2566,pv_46_z_5,pv_46,,,5,ely_y2566_id_63,,63,ely_y2566_id_629,714,0,5,136514,93158,4222
2566,pv_46_z_5,pv_46,,,5,ely_y2566_id_229,229,229,ely_y2566_id_632,631,0,6,136514,93158,4222
2566,pv_46_z_5,pv_46,,,5,ely_y2566_id_230,230,230,ely_y2566_id_633,449,0,7,136514,93158,4222
2566,pv_46_z_5,pv_46,,,5,ely_y2566_id_227,227,227,ely_y2566_id_638,340,0,8,136514,93158,4222
2566,pv_46_z_5,pv_46,,,5,ely_y2566_id_1,,1,ely_y2566_id_631,216,0,9,136514,93158,4222
2566,pv_46_z_5,pv_46,,,5,ely_y2566_id_235,235,235,ely_y2566_id_643,211,0,10,136514,93158,4222
2566,pv_46_z_5,pv_46,,,5,ely_y2566_id_226,226,226,ely_y2566_id_630,204,0,11,136514,93158,4222
2566,pv_46_z_5,pv_46,,,5,ely_y2566_id_149,149,149,ely_y2566_id_641,141,0,12,136514,93158,4222
2566,pv_46_z_5,pv_46,,,5,ely_y2566_id_234,234,234,ely_y2566_id_639,117,0,13,136514,93158,4222
2566,pv_46_z_5,pv_46,,,5,ely_y2566_id_184,184,184,ely_y2566_id_642,71,0,14,136514,93158,4222
2566,pv_46_z_6,pv_46,,,6,ely_y2566_id_34,,34,ely_y2566_id_653,44002,49.0,1,135611,90531,4091
2566,pv_46_z_6,pv_46,,,6,ely_y2566_id_164,164,164,ely_y2566_id_651,22935,25.0,2,135611,90531,4091
2566,pv_46_z_6,pv_46,,,6,ely_y2566_id_192,192,192,ely_y2566_id_647,9596,10.0,3,135611,90531,4091
2566,pv_46_z_6,pv_46,,,6,ely_y2566_id_229,229,229,ely_y2566_id_649,5010,5.0,4,135611,90531,4091
2566,pv_46_z_6,pv_46,,,6,ely_y2566_id_227,227,227,ely_y2566_id_650,2466,2.0,5,135611,90531,4091
2566,pv_46_z_6,pv_46,,,6,ely_y2566_id_63,,63,ely_y2566_id_646,2285,2.0,6,135611,90531,4091
2566,pv_46_z_6,pv_46,,,6,ely_y2566_id_145,145,145,ely_y2566_id_645,1061,1.0,7,135611,90531,4091
2566,pv_46_z_6,pv_46,,,6,ely_y2566_id_1,,1,ely_y2566_id_648,530,0,8,135611,90531,4091
2566,pv_46_z_6,pv_46,,,6,ely_y2566_id_226,226,226,ely_y2566_id_652,282,0,9,135611,90531,4091
2566,pv_46_z_6,pv_46,,,6,ely_y2566_id_184,184,184,ely_y2566_id_656,196,0,10,135611,90531,4091
2566,pv_46_z_6,pv_46,,,6,ely_y2566_id_189,189,189,ely_y2566_id_658,165,0,11,135611,90531,4091
2566,pv_46_z_6,pv_46,,,6,ely_y2566_id_234,234,234,ely_y2566_id_655,155,0,12,135611,90531,4091
2566,pv_46_z_6,pv_46,,,6,ely_y2566_id_149,149,149,ely_y2566_id_654,120,0,13,135611,90531,4091
2566,pv_73_z_1,pv_73,,,1,ely_y2566_id_55,,55,ely_y2566_id_1518,39899,39.0,1,126378,102216,3872
2566,pv_73_z_1,pv_73,,,1,ely_y2566_id_164,164,164,ely_y2566_id_1517,27106,26.0,2,126378,102216,3872
2566,pv_73_z_1,pv_73,,,1,ely_y2566_id_229,229,229,ely_y2566_id_1525,25108,24.0,3,126378,102216,3872
2566,pv_73_z_1,pv_73,,,1,ely_y2566_id_34,,34,ely_y2566_id_1521,7118,6.0,4,126378,102216,3872
2566,pv_73_z_1,pv_73,,,1,ely_y2566_id_1,,1,ely_y2566_id_1519,659,0,5,126378,102216,3872
2566,pv_73_z_1,pv_73,,,1,ely_y2566_id_227,227,227,ely_y2566_id_1522,517,0,6,126378,102216,3872
2566,pv_73_z_1,pv_73,,,1,ely_y2566_id_145,145,145,ely_y2566_id_1523,461,0,7,126378,102216,3872
2566,pv_73_z_1,pv_73,,,1,ely_y2566_id_192,192,192,ely_y2566_id_1524,422,0,8,126378,102216,3872
2566,pv_73_z_1,pv_73,,,1,ely_y2566_id_186,186,186,ely_y2566_id_1520,404,0,9,126378,102216,3872
2566,pv_73_z_1,pv_73,,,1,ely_y2566_id_157,157,157,ely_y2566_id_1528,279,0,10,126378,102216,3872
2566,pv_73_z_1,pv_73,,,1,ely_y2566_id_234,234,234,ely_y2566_id_1527,147,0,11,126378,102216,3872
2566,pv_73_z_2,pv_73,,,2,ely_y2566_id_229,229,229,ely_y2566_id_1532,33770,36.0,1,120391,94961,2934
2566,pv_73_z_2,pv_73,,,2,ely_y2566_id_164,164,164,ely_y2566_id_1534,32056,34.0,2,120391,94961,2934
2566,pv_73_z_2,pv_73,,,2,ely_y2566_id_192,192,192,ely_y2566_id_1537,15465,16.0,3,120391,94961,2934
2566,pv_73_z_2,pv_73,,,2,ely_y2566_id_34,,34,ely_y2566_id_1533,8950,9.0,4,120391,94961,2934
2566,pv_73_z_2,pv_73,,,2,ely_y2566_id_1,,1,ely_y2566_id_1535,1095,1.0,5,120391,94961,2934
2566,pv_73_z_2,pv_73,,,2,ely_y2566_id_55,,55,ely_y2566_id_1531,963,1.0,6,120391,94961,2934
2566,pv_73_z_2,pv_73,,,2,ely_y2566_id_145,145,145,ely_y2566_id_1530,746,0,7,120391,94961,2934
2566,pv_73_z_2,pv_73,,,2,ely_y2566_id_63,,63,ely_y2566_id_1529,392,0,8,120391,94961,2934
2566,pv_73_z_2,pv_73,,,2,ely_y2566_id_234,234,234,ely_y2566_id_1536,254,0,9,120391,94961,2934
2566,pv_73_z_3,pv_73,,,3,ely_y2566_id_55,,55,ely_y2566_id_1542,42825,47.0,1,117980,92164,3871
2566,pv_73_z_3,pv_73,,,3,ely_y2566_id_164,164,164,ely_y2566_id_1540,24814,27.0,2,117980,92164,3871
2566,pv_73_z_3,pv_73,,,3,ely_y2566_id_34,,34,ely_y2566_id_1545,15920,17.0,3,117980,92164,3871
2566,pv_73_z_3,pv_73,,,3,ely_y2566_id_229,229,229,ely_y2566_id_1538,3479,3.0,4,117980,92164,3871
2566,pv_73_z_3,pv_73,,,3,ely_y2566_id_192,192,192,ely_y2566_id_1543,1402,1.0,5,117980,92164,3871
2566,pv_73_z_3,pv_73,,,3,ely_y2566_id_145,145,145,ely_y2566_id_1541,854,0,6,117980,92164,3871
2566,pv_73_z_3,pv_73,,,3,ely_y2566_id_1,,1,ely_y2566_id_1539,527,0,7,117980,92164,3871
2566,pv_73_z_3,pv_73,,,3,ely_y2566_id_234,234,234,ely_y2566_id_1546,436,0,8,117980,92164,3871
2566,pv_73_z_3,pv_73,,,3,ely_y2566_id_227,227,227,ely_y2566_id_1544,417,0,9,117980,92164,3871
2566,pv_73_z_3,pv_73,,,3,ely_y2566_id_45,,45,ely_y2566_id_1547,286,0,10,117980,92164,3871
2566,pv_73_z_4,pv_73,,,4,ely_y2566_id_164,164,164,ely_y2566_id_1553,24898,24.0,1,126185,102113,3838
2566,pv_73_z_4,pv_73,,,4,ely_y2566_id_55,,55,ely_y2566_id_1551,19861,19.0,2,126185,102113,3838
2566,pv_73_z_4,pv_73,,,4,ely_y2566_id_1,,1,ely_y2566_id_1554,16281,16.0,3,126185,102113,3838
2566,pv_73_z_4,pv_73,,,4,ely_y2566_id_34,,34,ely_y2566_id_1557,15305,15.0,4,126185,102113,3838
2566,pv_73_z_4,pv_73,,,4,ely_y2566_id_192,192,192,ely_y2566_id_1555,12999,12.0,5,126185,102113,3838
2566,pv_73_z_4,pv_73,,,4,ely_y2566_id_63,,63,ely_y2566_id_1556,7780,7.0,6,126185,102113,3838
2566,pv_73_z_4,pv_73,,,4,ely_y2566_id_229,229,229,ely_y2566_id_1552,2547,2.0,7,126185,102113,3838
2566,pv_73_z_4,pv_73,,,4,ely_y2566_id_45,,45,ely_y2566_id_1548,658,0,8,126185,102113,3838
2566,pv_73_z_4,pv_73,,,4,ely_y2566_id_227,227,227,ely_y2566_id_1549,613,0,9,126185,102113,3838
2566,pv_73_z_4,pv_73,,,4,ely_y2566_id_145,145,145,ely_y2566_id_1550,512,0,10,126185,102113,3838
2566,pv_73_z_4,pv_73,,,4,ely_y2566_id_234,234,234,ely_y2566_id_1558,237,0,11,126185,102113,3838
2566,pv_73_z_5,pv_73,,,5,ely_y2566_id_55,,55,ely_y2566_id_1562,36422,35.0,1,127644,103393,3573
2566,pv_73_z_5,pv_73,,,5,ely_y2566_id_164,164,164,ely_y2566_id_1561,24896,24.0,2,127644,103393,3573
2566,pv_73_z_5,pv_73,,,5,ely_y2566_id_34,,34,ely_y2566_id_1567,8452,8.0,4,127644,103393,3573
2566,pv_73_z_5,pv_73,,,5,ely_y2566_id_229,229,229,ely_y2566_id_1565,6357,6.0,5,127644,103393,3573
2566,pv_73_z_5,pv_73,,,5,ely_y2566_id_145,145,145,ely_y2566_id_1566,609,0,6,127644,103393,3573
2566,pv_73_z_5,pv_73,,,5,ely_y2566_id_1,,1,ely_y2566_id_1560,555,0,7,127644,103393,3573
2566,pv_73_z_5,pv_73,,,5,ely_y2566_id_192,192,192,ely_y2566_id_1563,510,0,8,127644,103393,3573
2566,pv_73_z_5,pv_73,,,5,ely_y2566_id_45,,45,ely_y2566_id_1559,387,0,9,127644,103393,3573
2566,pv_73_z_5,pv_73,,,5,ely_y2566_id_234,234,234,ely_y2566_id_1568,129,0,10,127644,103393,3573
2566,pv_73_z_6,pv_73,,,6,ely_y2566_id_164,164,164,ely_y2566_id_1576,38812,42.0,1,121137,93886,2348
2566,pv_73_z_6,pv_73,,,6,ely_y2566_id_55,,55,ely_y2566_id_1575,19742,21.0,2,121137,93886,2348
2566,pv_73_z_6,pv_73,,,6,ely_y2566_id_229,229,229,ely_y2566_id_1572,17560,19.0,3,121137,93886,2348
2566,pv_73_z_6,pv_73,,,6,ely_y2566_id_34,,34,ely_y2566_id_1577,11020,11.0,4,121137,93886,2348
2566,pv_73_z_6,pv_73,,,6,ely_y2566_id_1,,1,ely_y2566_id_1574,1140,1.0,5,121137,93886,2348
2566,pv_73_z_6,pv_73,,,6,ely_y2566_id_145,145,145,ely_y2566_id_1570,978,1.0,6,121137,93886,2348
2566,pv_73_z_6,pv_73,,,6,ely_y2566_id_192,192,192,ely_y2566_id_1573,839,0,7,121137,93886,2348
2566,pv_73_z_6,pv_73,,,6,ely_y2566_id_45,,45,ely_y2566_id_1579,580,0,8,121137,93886,2348
2566,pv_73_z_6,pv_73,,,6,ely_y2566_id_227,227,227,ely_y2566_id_1569,516,0,9,121137,93886,2348
2566,pv_73_z_6,pv_73,,,6,ely_y2566_id_180,180,180,ely_y2566_id_1571,339,0,10,121137,93886,2348
2566,pv_73_z_6,pv_73,,,6,ely_y2566_id_63,,63,ely_y2566_id_1578,309,0,11,121137,93886,2348
2566,pv_73_z_6,pv_73,,,6,ely_y2566_id_189,189,189,ely_y2566_id_1581,198,0,12,121137,93886,2348
2566,pv_73_z_6,pv_73,,,6,ely_y2566_id_234,234,234,ely_y2566_id_1580,161,0,13,121137,93886,2348
2566,pv_60_z_1,pv_60,,,1,ely_y2566_id_164,164,164,ely_y2566_id_1948,31671,31.0,1,138993,100159,3783
2566,pv_60_z_1,pv_60,,,1,ely_y2566_id_63,,63,ely_y2566_id_1949,27035,27.0,2,138993,100159,3783
2566,pv_60_z_1,pv_60,,,1,ely_y2566_id_34,,34,ely_y2566_id_1952,16896,17.0,3,138993,100159,3783
2566,pv_60_z_1,pv_60,,,1,ely_y2566_id_1,,1,ely_y2566_id_1955,13289,13.0,4,138993,100159,3783
2566,pv_60_z_1,pv_60,,,1,ely_y2566_id_229,229,229,ely_y2566_id_1957,6697,6.0,5,138993,100159,3783
2566,pv_60_z_1,pv_60,,,1,ely_y2566_id_241,241,241,ely_y2566_id_1947,862,0,6,138993,100159,3783
2566,pv_60_z_1,pv_60,,,1,ely_y2566_id_192,192,192,ely_y2566_id_1950,762,0,7,138993,100159,3783
2566,pv_60_z_1,pv_60,,,1,ely_y2566_id_227,227,227,ely_y2566_id_1953,710,0,8,138993,100159,3783
2566,pv_60_z_1,pv_60,,,1,ely_y2566_id_145,145,145,ely_y2566_id_1951,624,0,9,138993,100159,3783
2566,pv_60_z_1,pv_60,,,1,ely_y2566_id_172,172,172,ely_y2566_id_1954,178,0,10,138993,100159,3783
2566,pv_60_z_1,pv_60,,,1,ely_y2566_id_118,,118,ely_y2566_id_1956,161,0,11,138993,100159,3783
2566,pv_60_z_1,pv_60,,,1,ely_y2566_id_189,189,189,ely_y2566_id_1958,160,0,12,138993,100159,3783
2566,pv_60_z_2,pv_60,,,2,ely_y2566_id_34,,34,ely_y2566_id_1963,37510,37.0,1,136051,100142,5675
2566,pv_60_z_2,pv_60,,,2,ely_y2566_id_63,,63,ely_y2566_id_1968,24844,24.0,2,136051,100142,5675
2566,pv_60_z_2,pv_60,,,2,ely_y2566_id_164,164,164,ely_y2566_id_1961,18029,18.0,3,136051,100142,5675
2566,pv_60_z_2,pv_60,,,2,ely_y2566_id_192,192,192,ely_y2566_id_1962,13137,13.0,4,136051,100142,5675
2566,pv_60_z_2,pv_60,,,2,ely_y2566_id_229,229,229,ely_y2566_id_1966,3688,3.0,5,136051,100142,5675
2566,pv_60_z_2,pv_60,,,2,ely_y2566_id_186,186,186,ely_y2566_id_1960,712,0,6,136051,100142,5675
2566,pv_60_z_2,pv_60,,,2,ely_y2566_id_1,,1,ely_y2566_id_1965,609,0,7,136051,100142,5675
2566,pv_60_z_2,pv_60,,,2,ely_y2566_id_145,145,145,ely_y2566_id_1964,580,0,8,136051,100142,5675
2566,pv_60_z_2,pv_60,,,2,ely_y2566_id_227,227,227,ely_y2566_id_1959,461,0,9,136051,100142,5675
2566,pv_60_z_2,pv_60,,,2,ely_y2566_id_172,172,172,ely_y2566_id_1967,406,0,10,136051,100142,5675
2566,pv_60_z_2,pv_60,,,2,ely_y2566_id_189,189,189,ely_y2566_id_1969,0,0,11,136051,100142,5675
2566,pv_60_z_3,pv_60,,,3,ely_y2566_id_229,229,229,ely_y2566_id_1975,32100,31.0,1,147258,102038,6053
2566,pv_60_z_3,pv_60,,,3,ely_y2566_id_34,,34,ely_y2566_id_1980,24317,23.0,2,147258,102038,6053
2566,pv_60_z_3,pv_60,,,3,ely_y2566_id_192,192,192,ely_y2566_id_1972,21121,20.0,3,147258,102038,6053
2566,pv_60_z_3,pv_60,,,3,ely_y2566_id_164,164,164,ely_y2566_id_1979,20969,20.0,4,147258,102038,6053
2566,pv_60_z_3,pv_60,,,3,ely_y2566_id_228,228,228,ely_y2566_id_1970,590,0,5,147258,102038,6053
2566,pv_60_z_3,pv_60,,,3,ely_y2566_id_1,,1,ely_y2566_id_1977,545,0,6,147258,102038,6053
2566,pv_60_z_3,pv_60,,,3,ely_y2566_id_227,227,227,ely_y2566_id_1971,512,0,7,147258,102038,6053
2566,pv_60_z_3,pv_60,,,3,ely_y2566_id_63,,63,ely_y2566_id_1978,437,0,8,147258,102038,6053
2566,pv_60_z_3,pv_60,,,3,ely_y2566_id_145,145,145,ely_y2566_id_1976,406,0,9,147258,102038,6053
2566,pv_60_z_3,pv_60,,,3,ely_y2566_id_172,172,172,ely_y2566_id_1974,372,0,10,147258,102038,6053
2566,pv_60_z_3,pv_60,,,3,ely_y2566_id_189,189,189,ely_y2566_id_1981,337,0,11,147258,102038,6053
2566,pv_60_z_3,pv_60,,,3,ely_y2566_id_241,241,241,ely_y2566_id_1973,332,0,12,147258,102038,6053
2566,pv_60_z_4,pv_60,,,4,ely_y2566_id_63,,63,ely_y2566_id_1982,32934,33.0,1,139375,97571,6634
2566,pv_60_z_4,pv_60,,,4,ely_y2566_id_34,,34,ely_y2566_id_1985,25073,25.0,2,139375,97571,6634
2566,pv_60_z_4,pv_60,,,4,ely_y2566_id_192,192,192,ely_y2566_id_1983,20932,21.0,3,139375,97571,6634
2566,pv_60_z_4,pv_60,,,4,ely_y2566_id_164,164,164,ely_y2566_id_1984,16051,16.0,4,139375,97571,6634
2566,pv_60_z_4,pv_60,,,4,ely_y2566_id_229,229,229,ely_y2566_id_1987,1481,1.0,5,139375,97571,6634
2566,pv_60_z_4,pv_60,,,4,ely_y2566_id_1,,1,ely_y2566_id_1988,345,0,6,139375,97571,6634
2566,pv_60_z_4,pv_60,,,4,ely_y2566_id_227,227,227,ely_y2566_id_1986,260,0,7,139375,97571,6634
2566,pv_60_z_4,pv_60,,,4,ely_y2566_id_145,145,145,ely_y2566_id_1990,250,0,8,139375,97571,6634
2566,pv_60_z_4,pv_60,,,4,ely_y2566_id_241,241,241,ely_y2566_id_1989,136,0,9,139375,97571,6634
2566,pv_60_z_4,pv_60,,,4,ely_y2566_id_189,189,189,ely_y2566_id_1991,109,0,10,139375,97571,6634
2566,pv_60_z_5,pv_60,,,5,ely_y2566_id_63,,63,ely_y2566_id_1996,46438,47.0,1,140276,98476,5895
2566,pv_60_z_5,pv_60,,,5,ely_y2566_id_164,164,164,ely_y2566_id_1997,17352,17.0,2,140276,98476,5895
2566,pv_60_z_5,pv_60,,,5,ely_y2566_id_34,,34,ely_y2566_id_1992,16873,17.0,3,140276,98476,5895
2566,pv_60_z_5,pv_60,,,5,ely_y2566_id_192,192,192,ely_y2566_id_2000,12577,12.0,4,140276,98476,5895
2566,pv_60_z_5,pv_60,,,5,ely_y2566_id_229,229,229,ely_y2566_id_1995,2911,2.0,5,140276,98476,5895
2566,pv_60_z_5,pv_60,,,5,ely_y2566_id_1,,1,ely_y2566_id_2002,456,0,6,140276,98476,5895
2566,pv_60_z_5,pv_60,,,5,ely_y2566_id_242,242,242,ely_y2566_id_1994,445,0,7,140276,98476,5895
2566,pv_60_z_5,pv_60,,,5,ely_y2566_id_145,145,145,ely_y2566_id_1993,431,0,8,140276,98476,5895
2566,pv_60_z_5,pv_60,,,5,ely_y2566_id_172,172,172,ely_y2566_id_1998,351,0,9,140276,98476,5895
2566,pv_60_z_5,pv_60,,,5,ely_y2566_id_241,241,241,ely_y2566_id_1999,196,0,10,140276,98476,5895
2566,pv_60_z_5,pv_60,,,5,ely_y2566_id_227,227,227,ely_y2566_id_2001,158,0,11,140276,98476,5895
2566,pv_60_z_5,pv_60,,,5,ely_y2566_id_189,189,189,ely_y2566_id_2004,152,0,12,140276,98476,5895
2566,pv_60_z_5,pv_60,,,5,ely_y2566_id_243,243,243,ely_y2566_id_2003,136,0,13,140276,98476,5895
2566,pv_60_z_6,pv_60,,,6,ely_y2566_id_45,,45,ely_y2566_id_2005,24089,26.0,1,136943,91500,6380
2566,pv_60_z_6,pv_60,,,6,ely_y2566_id_229,229,229,ely_y2566_id_2006,22428,24.0,2,136943,91500,6380
2566,pv_60_z_6,pv_60,,,6,ely_y2566_id_34,,34,ely_y2566_id_2007,14663,16.0,4,136943,91500,6380
2566,pv_60_z_6,pv_60,,,6,ely_y2566_id_164,164,164,ely_y2566_id_2012,11408,12.0,5,136943,91500,6380
2566,pv_60_z_6,pv_60,,,6,ely_y2566_id_1,,1,ely_y2566_id_2011,414,0,6,136943,91500,6380
2566,pv_60_z_6,pv_60,,,6,ely_y2566_id_189,189,189,ely_y2566_id_2016,380,0,7,136943,91500,6380
2566,pv_60_z_6,pv_60,,,6,ely_y2566_id_118,,118,ely_y2566_id_2015,357,0,8,136943,91500,6380
2566,pv_60_z_6,pv_60,,,6,ely_y2566_id_192,192,192,ely_y2566_id_2008,315,0,9,136943,91500,6380
2566,pv_60_z_6,pv_60,,,6,ely_y2566_id_145,145,145,ely_y2566_id_2013,277,0,10,136943,91500,6380
2566,pv_60_z_6,pv_60,,,6,ely_y2566_id_227,227,227,ely_y2566_id_2009,249,0,11,136943,91500,6380
2566,pv_60_z_6,pv_60,,,6,ely_y2566_id_241,241,241,ely_y2566_id_2014,73,0,12,136943,91500,6380
2566,pv_67_z_1,pv_67,,,1,ely_y2566_id_192,192,192,ely_y2566_id_2773,35905,40.0,1,132232,90710,4893
2566,pv_67_z_1,pv_67,,,1,ely_y2566_id_164,164,164,ely_y2566_id_2770,24550,27.0,2,132232,90710,4893
2566,pv_67_z_1,pv_67,,,1,ely_y2566_id_34,,34,ely_y2566_id_2774,20609,23.0,3,132232,90710,4893
2566,pv_67_z_1,pv_67,,,1,ely_y2566_id_229,229,229,ely_y2566_id_2771,3379,3.0,4,132232,90710,4893
2566,pv_67_z_1,pv_67,,,1,ely_y2566_id_55,,55,ely_y2566_id_2776,3100,3.0,5,132232,90710,4893
2566,pv_67_z_1,pv_67,,,1,ely_y2566_id_1,,1,ely_y2566_id_2772,654,0,6,132232,90710,4893
2566,pv_67_z_1,pv_67,,,1,ely_y2566_id_63,,63,ely_y2566_id_2775,414,0,7,132232,90710,4893
2566,pv_67_z_1,pv_67,,,1,ely_y2566_id_227,227,227,ely_y2566_id_2777,304,0,8,132232,90710,4893
2566,pv_67_z_1,pv_67,,,1,ely_y2566_id_180,180,180,ely_y2566_id_2778,241,0,9,132232,90710,4893
2566,pv_67_z_1,pv_67,,,1,ely_y2566_id_145,145,145,ely_y2566_id_2779,0,0,10,132232,90710,4893
2566,pv_67_z_1,pv_67,,,1,ely_y2566_id_189,189,189,ely_y2566_id_2780,0,0,11,132232,90710,4893
2566,pv_67_z_2,pv_67,,,2,ely_y2566_id_192,192,192,ely_y2566_id_2784,38352,41.0,1,130628,93516,5254
2566,pv_67_z_2,pv_67,,,2,ely_y2566_id_34,,34,ely_y2566_id_2788,28857,31.0,2,130628,93516,5254
2566,pv_67_z_2,pv_67,,,2,ely_y2566_id_164,164,164,ely_y2566_id_2783,17655,19.0,3,130628,93516,5254
2566,pv_67_z_2,pv_67,,,2,ely_y2566_id_229,229,229,ely_y2566_id_2782,3733,4.0,4,130628,93516,5254
2566,pv_67_z_2,pv_67,,,2,ely_y2566_id_63,,63,ely_y2566_id_2786,1087,1.0,5,130628,93516,5254
2566,pv_67_z_2,pv_67,,,2,ely_y2566_id_145,145,145,ely_y2566_id_2781,776,0,6,130628,93516,5254
2566,pv_67_z_2,pv_67,,,2,ely_y2566_id_1,,1,ely_y2566_id_2787,539,0,7,130628,93516,5254
2566,pv_67_z_2,pv_67,,,2,ely_y2566_id_227,227,227,ely_y2566_id_2785,465,0,8,130628,93516,5254
2566,pv_67_z_2,pv_67,,,2,ely_y2566_id_184,184,184,ely_y2566_id_2790,130,0,9,130628,93516,5254
2566,pv_67_z_2,pv_67,,,2,ely_y2566_id_189,189,189,ely_y2566_id_2791,102,0,10,130628,93516,5254
2566,pv_67_z_2,pv_67,,,2,ely_y2566_id_180,180,180,ely_y2566_id_2789,0,0,11,130628,93516,5254
2566,pv_67_z_3,pv_67,,,3,ely_y2566_id_192,192,192,ely_y2566_id_2793,31707,35.0,1,126045,91103,5132
2566,pv_67_z_3,pv_67,,,3,ely_y2566_id_1,,1,ely_y2566_id_2800,26105,28.0,2,126045,91103,5132
2566,pv_67_z_3,pv_67,,,3,ely_y2566_id_164,164,164,ely_y2566_id_2795,17663,19.0,3,126045,91103,5132
2566,pv_67_z_3,pv_67,,,3,ely_y2566_id_34,,34,ely_y2566_id_2792,9801,10.0,4,126045,91103,5132
2566,pv_67_z_3,pv_67,,,3,ely_y2566_id_229,229,229,ely_y2566_id_2794,3047,3.0,5,126045,91103,5132
2566,pv_67_z_3,pv_67,,,3,ely_y2566_id_184,184,184,ely_y2566_id_2796,940,1.0,6,126045,91103,5132
2566,pv_67_z_3,pv_67,,,3,ely_y2566_id_145,145,145,ely_y2566_id_2799,411,0,7,126045,91103,5132
2566,pv_67_z_3,pv_67,,,3,ely_y2566_id_227,227,227,ely_y2566_id_2797,375,0,8,126045,91103,5132
2566,pv_67_z_3,pv_67,,,3,ely_y2566_id_63,,63,ely_y2566_id_2798,217,0,9,126045,91103,5132
2566,pv_67_z_3,pv_67,,,3,ely_y2566_id_180,180,180,ely_y2566_id_2801,99,0,10,126045,91103,5132
2566,pv_67_z_4,pv_67,,,4,ely_y2566_id_192,192,192,ely_y2566_id_2804,41039,51.0,1,126847,81268,4852
2566,pv_67_z_4,pv_67,,,4,ely_y2566_id_164,164,164,ely_y2566_id_2805,13176,16.0,3,126847,81268,4852
2566,pv_67_z_4,pv_67,,,4,ely_y2566_id_229,229,229,ely_y2566_id_2806,1324,1.0,4,126847,81268,4852
2566,pv_67_z_4,pv_67,,,4,ely_y2566_id_145,145,145,ely_y2566_id_2802,600,0,5,126847,81268,4852
2566,pv_67_z_4,pv_67,,,4,ely_y2566_id_1,,1,ely_y2566_id_2803,530,0,6,126847,81268,4852
2566,pv_67_z_4,pv_67,,,4,ely_y2566_id_227,227,227,ely_y2566_id_2807,321,0,7,126847,81268,4852
2566,pv_67_z_4,pv_67,,,4,ely_y2566_id_180,180,180,ely_y2566_id_2810,296,0,8,126847,81268,4852
2566,pv_67_z_4,pv_67,,,4,ely_y2566_id_63,,63,ely_y2566_id_2809,281,0,9,126847,81268,4852
2566,pv_67_z_4,pv_67,,,4,ely_y2566_id_184,184,184,ely_y2566_id_2812,141,0,10,126847,81268,4852
2566,pv_67_z_5,pv_67,,,5,ely_y2566_id_192,192,192,ely_y2566_id_2815,34971,41.0,1,132922,85757,5235
2566,pv_67_z_5,pv_67,,,5,ely_y2566_id_34,,34,ely_y2566_id_2819,24563,29.0,2,132922,85757,5235
2566,pv_67_z_5,pv_67,,,5,ely_y2566_id_164,164,164,ely_y2566_id_2814,20365,24.0,3,132922,85757,5235
2566,pv_67_z_5,pv_67,,,5,ely_y2566_id_229,229,229,ely_y2566_id_2813,2515,2.0,4,132922,85757,5235
2566,pv_67_z_5,pv_67,,,5,ely_y2566_id_1,,1,ely_y2566_id_2817,555,0,5,132922,85757,5235
2566,pv_67_z_5,pv_67,,,5,ely_y2566_id_145,145,145,ely_y2566_id_2818,519,0,6,132922,85757,5235
2566,pv_67_z_5,pv_67,,,5,ely_y2566_id_227,227,227,ely_y2566_id_2816,433,0,7,132922,85757,5235
2566,pv_67_z_5,pv_67,,,5,ely_y2566_id_63,,63,ely_y2566_id_2820,300,0,8,132922,85757,5235
2566,pv_67_z_6,pv_67,,,6,ely_y2566_id_192,192,192,ely_y2566_id_2823,47118,53.0,1,135651,87920,4907
2566,pv_67_z_6,pv_67,,,6,ely_y2566_id_164,164,164,ely_y2566_id_2828,18881,21.0,2,135651,87920,4907
2566,pv_67_z_6,pv_67,,,6,ely_y2566_id_34,,34,ely_y2566_id_2825,16356,18.0,3,135651,87920,4907
2566,pv_67_z_6,pv_67,,,6,ely_y2566_id_229,229,229,ely_y2566_id_2821,2007,2.0,4,135651,87920,4907
2566,pv_67_z_6,pv_67,,,6,ely_y2566_id_1,,1,ely_y2566_id_2822,847,0,5,135651,87920,4907
2566,pv_67_z_6,pv_67,,,6,ely_y2566_id_145,145,145,ely_y2566_id_2827,846,0,6,135651,87920,4907
2566,pv_67_z_6,pv_67,,,6,ely_y2566_id_63,,63,ely_y2566_id_2824,469,0,7,135651,87920,4907
2566,pv_67_z_6,pv_67,,,6,ely_y2566_id_227,227,227,ely_y2566_id_2826,448,0,8,135651,87920,4907
2566,pv_67_z_6,pv_67,,,6,ely_y2566_id_180,180,180,ely_y2566_id_2829,276,0,9,135651,87920,4907
2566,pv_67_z_6,pv_67,,,6,ely_y2566_id_226,226,226,ely_y2566_id_2831,161,0,10,135651,87920,4907
2566,pv_67_z_6,pv_67,,,6,ely_y2566_id_184,184,184,ely_y2566_id_2832,139,0,11,135651,87920,4907
2566,pv_44_z_1,pv_44,,,1,ely_y2566_id_34,,34,ely_y2566_id_2893,30859,33.0,1,126660,92345,2695
2566,pv_44_z_1,pv_44,,,1,ely_y2566_id_164,164,164,ely_y2566_id_2902,26224,28.0,2,126660,92345,2695
2566,pv_44_z_1,pv_44,,,1,ely_y2566_id_192,192,192,ely_y2566_id_2891,20479,22.0,3,126660,92345,2695
2566,pv_44_z_1,pv_44,,,1,ely_y2566_id_227,227,227,ely_y2566_id_2897,4678,5.0,4,126660,92345,2695
2566,pv_44_z_1,pv_44,,,1,ely_y2566_id_229,229,229,ely_y2566_id_2899,3256,3.0,5,126660,92345,2695
2566,pv_44_z_1,pv_44,,,1,ely_y2566_id_63,,63,ely_y2566_id_2898,2449,2.0,6,126660,92345,2695
2566,pv_44_z_1,pv_44,,,1,ely_y2566_id_1,,1,ely_y2566_id_2890,1130,1.0,7,126660,92345,2695
2566,pv_44_z_1,pv_44,,,1,ely_y2566_id_145,145,145,ely_y2566_id_2896,624,0,8,126660,92345,2695
2566,pv_44_z_1,pv_44,,,1,ely_y2566_id_55,,55,ely_y2566_id_2903,474,0,9,126660,92345,2695
2566,pv_44_z_1,pv_44,,,1,ely_y2566_id_45,,45,ely_y2566_id_2894,418,0,10,126660,92345,2695
2566,pv_44_z_1,pv_44,,,1,ely_y2566_id_234,234,234,ely_y2566_id_2901,389,0,11,126660,92345,2695
2566,pv_44_z_1,pv_44,,,1,ely_y2566_id_183,183,183,ely_y2566_id_2892,376,0,12,126660,92345,2695
2566,pv_44_z_1,pv_44,,,1,ely_y2566_id_180,180,180,ely_y2566_id_2895,241,0,13,126660,92345,2695
2566,pv_44_z_1,pv_44,,,1,ely_y2566_id_185,185,185,ely_y2566_id_2900,210,0,14,126660,92345,2695
2566,pv_44_z_1,pv_44,,,1,ely_y2566_id_189,189,189,ely_y2566_id_2905,114,0,15,126660,92345,2695
2566,pv_44_z_1,pv_44,,,1,ely_y2566_id_170,170,170,ely_y2566_id_2904,51,0,16,126660,92345,2695
2566,pv_44_z_2,pv_44,,,2,ely_y2566_id_34,,34,ely_y2566_id_2912,34062,39.0,1,127877,86177,3341
2566,pv_44_z_2,pv_44,,,2,ely_y2566_id_192,192,192,ely_y2566_id_2914,29338,34.0,2,127877,86177,3341
2566,pv_44_z_2,pv_44,,,2,ely_y2566_id_164,164,164,ely_y2566_id_2918,17631,20.0,3,127877,86177,3341
2566,pv_44_z_2,pv_44,,,2,ely_y2566_id_229,229,229,ely_y2566_id_2917,1116,1.0,4,127877,86177,3341
2566,pv_44_z_2,pv_44,,,2,ely_y2566_id_63,,63,ely_y2566_id_2911,606,0,5,127877,86177,3341
2566,pv_44_z_2,pv_44,,,2,ely_y2566_id_145,145,145,ely_y2566_id_2906,567,0,6,127877,86177,3341
2566,pv_44_z_2,pv_44,,,2,ely_y2566_id_234,234,234,ely_y2566_id_2913,527,0,7,127877,86177,3341
2566,pv_44_z_2,pv_44,,,2,ely_y2566_id_149,149,149,ely_y2566_id_2908,366,0,8,127877,86177,3341
2566,pv_44_z_2,pv_44,,,2,ely_y2566_id_189,189,189,ely_y2566_id_2909,324,0,9,127877,86177,3341
2566,pv_44_z_2,pv_44,,,2,ely_y2566_id_185,185,185,ely_y2566_id_2907,278,0,10,127877,86177,3341
2566,pv_44_z_2,pv_44,,,2,ely_y2566_id_237,237,237,ely_y2566_id_2915,225,0,11,127877,86177,3341
2566,pv_44_z_2,pv_44,,,2,ely_y2566_id_227,227,227,ely_y2566_id_2910,208,0,12,127877,86177,3341
2566,pv_44_z_2,pv_44,,,2,ely_y2566_id_1,,1,ely_y2566_id_2916,208,0,13,127877,86177,3341
2566,pv_44_z_2,pv_44,,,2,ely_y2566_id_226,226,226,ely_y2566_id_2921,91,0,14,127877,86177,3341
2566,pv_44_z_2,pv_44,,,2,ely_y2566_id_170,170,170,ely_y2566_id_2919,90,0,15,127877,86177,3341
2566,pv_44_z_3,pv_44,,,3,ely_y2566_id_63,,63,ely_y2566_id_2927,44122,49.0,1,129126,88620,3285
2566,pv_44_z_3,pv_44,,,3,ely_y2566_id_164,164,164,ely_y2566_id_2934,7606,8.0,3,129126,88620,3285
2566,pv_44_z_3,pv_44,,,3,ely_y2566_id_192,192,192,ely_y2566_id_2923,851,0,4,129126,88620,3285
2566,pv_44_z_3,pv_44,,,3,ely_y2566_id_229,229,229,ely_y2566_id_2922,661,0,5,129126,88620,3285
2566,pv_44_z_3,pv_44,,,3,ely_y2566_id_234,234,234,ely_y2566_id_2928,268,0,6,129126,88620,3285
2566,pv_44_z_3,pv_44,,,3,ely_y2566_id_189,189,189,ely_y2566_id_2926,207,0,7,129126,88620,3285
2566,pv_44_z_3,pv_44,,,3,ely_y2566_id_227,227,227,ely_y2566_id_2929,174,0,8,129126,88620,3285
2566,pv_44_z_3,pv_44,,,3,ely_y2566_id_45,,45,ely_y2566_id_2931,147,0,9,129126,88620,3285
2566,pv_44_z_3,pv_44,,,3,ely_y2566_id_185,185,185,ely_y2566_id_2924,146,0,10,129126,88620,3285
2566,pv_44_z_3,pv_44,,,3,ely_y2566_id_145,145,145,ely_y2566_id_2925,117,0,11,129126,88620,3285
2566,pv_44_z_3,pv_44,,,3,ely_y2566_id_226,226,226,ely_y2566_id_2932,105,0,12,129126,88620,3285
2566,pv_44_z_3,pv_44,,,3,ely_y2566_id_170,170,170,ely_y2566_id_2933,88,0,13,129126,88620,3285
2566,pv_44_z_4,pv_44,,,4,ely_y2566_id_34,,34,ely_y2566_id_2938,38744,45.0,1,125426,85701,2951
2566,pv_44_z_4,pv_44,,,4,ely_y2566_id_63,,63,ely_y2566_id_2947,31281,36.0,2,125426,85701,2951
2566,pv_44_z_4,pv_44,,,4,ely_y2566_id_164,164,164,ely_y2566_id_2946,10588,12.0,3,125426,85701,2951
2566,pv_44_z_4,pv_44,,,4,ely_y2566_id_229,229,229,ely_y2566_id_2937,1542,1.0,4,125426,85701,2951
2566,pv_44_z_4,pv_44,,,4,ely_y2566_id_192,192,192,ely_y2566_id_2939,909,1.0,5,125426,85701,2951
2566,pv_44_z_4,pv_44,,,4,ely_y2566_id_145,145,145,ely_y2566_id_2948,762,0,6,125426,85701,2951
2566,pv_44_z_4,pv_44,,,4,ely_y2566_id_1,,1,ely_y2566_id_2940,454,0,7,125426,85701,2951
2566,pv_44_z_4,pv_44,,,4,ely_y2566_id_55,,55,ely_y2566_id_2949,401,0,8,125426,85701,2951
2566,pv_44_z_4,pv_44,,,4,ely_y2566_id_227,227,227,ely_y2566_id_2945,341,0,9,125426,85701,2951
2566,pv_44_z_4,pv_44,,,4,ely_y2566_id_185,185,185,ely_y2566_id_2943,248,0,10,125426,85701,2951
2566,pv_44_z_4,pv_44,,,4,ely_y2566_id_170,170,170,ely_y2566_id_2942,211,0,11,125426,85701,2951
2566,pv_44_z_4,pv_44,,,4,ely_y2566_id_189,189,189,ely_y2566_id_2941,127,0,12,125426,85701,2951
2566,pv_44_z_4,pv_44,,,4,ely_y2566_id_234,234,234,ely_y2566_id_2944,93,0,13,125426,85701,2951
2566,pv_44_z_5,pv_44,,,5,ely_y2566_id_34,,34,ely_y2566_id_2950,45087,48.0,1,132257,92643,2824
2566,pv_44_z_5,pv_44,,,5,ely_y2566_id_192,192,192,ely_y2566_id_2956,21379,23.0,2,132257,92643,2824
2566,pv_44_z_5,pv_44,,,5,ely_y2566_id_164,164,164,ely_y2566_id_2958,18570,20.0,3,132257,92643,2824
2566,pv_44_z_5,pv_44,,,5,ely_y2566_id_229,229,229,ely_y2566_id_2953,3234,3.0,4,132257,92643,2824
2566,pv_44_z_5,pv_44,,,5,ely_y2566_id_1,,1,ely_y2566_id_2952,1086,1.0,5,132257,92643,2824
2566,pv_44_z_5,pv_44,,,5,ely_y2566_id_180,180,180,ely_y2566_id_2960,582,0,6,132257,92643,2824
2566,pv_44_z_5,pv_44,,,5,ely_y2566_id_227,227,227,ely_y2566_id_2951,417,0,7,132257,92643,2824
2566,pv_44_z_5,pv_44,,,5,ely_y2566_id_145,145,145,ely_y2566_id_2959,387,0,8,132257,92643,2824
2566,pv_44_z_5,pv_44,,,5,ely_y2566_id_234,234,234,ely_y2566_id_2954,376,0,9,132257,92643,2824
2566,pv_44_z_5,pv_44,,,5,ely_y2566_id_189,189,189,ely_y2566_id_2955,314,0,10,132257,92643,2824
2566,pv_44_z_5,pv_44,,,5,ely_y2566_id_157,157,157,ely_y2566_id_2962,275,0,11,132257,92643,2824
2566,pv_44_z_5,pv_44,,,5,ely_y2566_id_63,,63,ely_y2566_id_2957,228,0,12,132257,92643,2824
2566,pv_44_z_6,pv_44,,,6,ely_y2566_id_34,,34,ely_y2566_id_2970,46765,49.0,1,131501,94264,2962
2566,pv_44_z_6,pv_44,,,6,ely_y2566_id_63,,63,ely_y2566_id_2968,27080,28.0,2,131501,94264,2962
2566,pv_44_z_6,pv_44,,,6,ely_y2566_id_164,164,164,ely_y2566_id_2963,15932,17.0,3,131501,94264,2962
2566,pv_44_z_6,pv_44,,,6,ely_y2566_id_192,192,192,ely_y2566_id_2971,1320,1.0,4,131501,94264,2962
2566,pv_44_z_6,pv_44,,,6,ely_y2566_id_229,229,229,ely_y2566_id_2964,1056,1.0,5,131501,94264,2962
2566,pv_44_z_6,pv_44,,,6,ely_y2566_id_227,227,227,ely_y2566_id_2967,492,0,6,131501,94264,2962
2566,pv_44_z_6,pv_44,,,6,ely_y2566_id_234,234,234,ely_y2566_id_2969,445,0,7,131501,94264,2962
2566,pv_44_z_6,pv_44,,,6,ely_y2566_id_189,189,189,ely_y2566_id_2966,199,0,8,131501,94264,2962
2566,pv_44_z_6,pv_44,,,6,ely_y2566_id_1,,1,ely_y2566_id_2965,181,0,9,131501,94264,2962
2566,pv_44_z_6,pv_44,,,6,ely_y2566_id_145,145,145,ely_y2566_id_2973,158,0,10,131501,94264,2962
2566,pv_36_z_1,pv_36,,,1,ely_y2566_id_34,,34,ely_y2566_id_1067,26130,28.0,1,129659,91992,3660
2566,pv_36_z_1,pv_36,,,1,ely_y2566_id_164,164,164,ely_y2566_id_1073,24247,26.0,2,129659,91992,3660
2566,pv_36_z_1,pv_36,,,1,ely_y2566_id_192,192,192,ely_y2566_id_1069,21888,24.0,3,129659,91992,3660
2566,pv_36_z_1,pv_36,,,1,ely_y2566_id_186,186,186,ely_y2566_id_1068,14775,16.0,4,129659,91992,3660
2566,pv_36_z_1,pv_36,,,1,ely_y2566_id_229,229,229,ely_y2566_id_1071,2846,3.0,5,129659,91992,3660
2566,pv_36_z_1,pv_36,,,1,ely_y2566_id_1,,1,ely_y2566_id_1070,374,0,6,129659,91992,3660
2566,pv_36_z_1,pv_36,,,1,ely_y2566_id_234,234,234,ely_y2566_id_1075,248,0,7,129659,91992,3660
2566,pv_36_z_1,pv_36,,,1,ely_y2566_id_145,145,145,ely_y2566_id_1074,242,0,8,129659,91992,3660
2566,pv_36_z_1,pv_36,,,1,ely_y2566_id_63,,63,ely_y2566_id_1072,226,0,9,129659,91992,3660
2566,pv_36_z_1,pv_36,,,1,ely_y2566_id_189,189,189,ely_y2566_id_1076,131,0,10,129659,91992,3660
2566,pv_36_z_2,pv_36,,,2,ely_y2566_id_34,,34,ely_y2566_id_1082,61414,67.0,1,134045,91999,4435
2566,pv_36_z_2,pv_36,,,2,ely_y2566_id_164,164,164,ely_y2566_id_1077,17823,19.0,2,134045,91999,4435
2566,pv_36_z_2,pv_36,,,2,ely_y2566_id_192,192,192,ely_y2566_id_1080,6877,7.0,3,134045,91999,4435
2566,pv_36_z_2,pv_36,,,2,ely_y2566_id_229,229,229,ely_y2566_id_1081,2540,2.0,4,134045,91999,4435
2566,pv_36_z_2,pv_36,,,2,ely_y2566_id_1,,1,ely_y2566_id_1078,739,0,5,134045,91999,4435
2566,pv_36_z_2,pv_36,,,2,ely_y2566_id_227,227,227,ely_y2566_id_1079,550,0,6,134045,91999,4435
2566,pv_36_z_2,pv_36,,,2,ely_y2566_id_145,145,145,ely_y2566_id_1083,473,0,7,134045,91999,4435
2566,pv_36_z_2,pv_36,,,2,ely_y2566_id_234,234,234,ely_y2566_id_1085,423,0,8,134045,91999,4435
2566,pv_36_z_2,pv_36,,,2,ely_y2566_id_189,189,189,ely_y2566_id_1086,129,0,9,134045,91999,4435
2566,pv_36_z_3,pv_36,,,3,ely_y2566_id_63,,63,ely_y2566_id_1091,35846,42.0,1,125919,84249,5025
2566,pv_36_z_3,pv_36,,,3,ely_y2566_id_192,192,192,ely_y2566_id_1093,14246,16.0,3,125919,84249,5025
2566,pv_36_z_3,pv_36,,,3,ely_y2566_id_164,164,164,ely_y2566_id_1089,12303,14.0,4,125919,84249,5025
2566,pv_36_z_3,pv_36,,,3,ely_y2566_id_229,229,229,ely_y2566_id_1087,1170,1.0,5,125919,84249,5025
2566,pv_36_z_3,pv_36,,,3,ely_y2566_id_227,227,227,ely_y2566_id_1092,745,0,6,125919,84249,5025
2566,pv_36_z_3,pv_36,,,3,ely_y2566_id_1,,1,ely_y2566_id_1090,330,0,7,125919,84249,5025
2566,pv_36_z_3,pv_36,,,3,ely_y2566_id_145,145,145,ely_y2566_id_1095,212,0,8,125919,84249,5025
2566,pv_36_z_3,pv_36,,,3,ely_y2566_id_217,217,217,ely_y2566_id_1094,102,0,9,125919,84249,5025
2566,pv_36_z_3,pv_36,,,3,ely_y2566_id_189,189,189,ely_y2566_id_1097,96,0,10,125919,84249,5025
2566,pv_36_z_4,pv_36,,,4,ely_y2566_id_192,192,192,ely_y2566_id_1102,21432,27.0,1,119870,77438,4212
2566,pv_36_z_4,pv_36,,,4,ely_y2566_id_63,,63,ely_y2566_id_1106,18846,24.0,2,119870,77438,4212
2566,pv_36_z_4,pv_36,,,4,ely_y2566_id_34,,34,ely_y2566_id_1105,16755,21.0,3,119870,77438,4212
2566,pv_36_z_4,pv_36,,,4,ely_y2566_id_164,164,164,ely_y2566_id_1104,14817,19.0,4,119870,77438,4212
2566,pv_36_z_4,pv_36,,,4,ely_y2566_id_227,227,227,ely_y2566_id_1101,2021,2.0,5,119870,77438,4212
2566,pv_36_z_4,pv_36,,,4,ely_y2566_id_229,229,229,ely_y2566_id_1099,1422,1.0,6,119870,77438,4212
2566,pv_36_z_4,pv_36,,,4,ely_y2566_id_1,,1,ely_y2566_id_1098,422,0,7,119870,77438,4212
2566,pv_36_z_4,pv_36,,,4,ely_y2566_id_186,186,186,ely_y2566_id_1103,348,0,8,119870,77438,4212
2566,pv_36_z_4,pv_36,,,4,ely_y2566_id_145,145,145,ely_y2566_id_1100,305,0,9,119870,77438,4212
2566,pv_36_z_4,pv_36,,,4,ely_y2566_id_109,,109,ely_y2566_id_1108,138,0,10,119870,77438,4212
2566,pv_36_z_4,pv_36,,,4,ely_y2566_id_234,234,234,ely_y2566_id_1107,90,0,11,119870,77438,4212
2566,pv_36_z_5,pv_36,,,5,ely_y2566_id_34,,34,ely_y2566_id_1115,35000,40.0,1,131847,88504,5035
2566,pv_36_z_5,pv_36,,,5,ely_y2566_id_192,192,192,ely_y2566_id_1114,31178,35.0,2,131847,88504,5035
2566,pv_36_z_5,pv_36,,,5,ely_y2566_id_164,164,164,ely_y2566_id_1110,15634,17.0,3,131847,88504,5035
2566,pv_36_z_5,pv_36,,,5,ely_y2566_id_227,227,227,ely_y2566_id_1113,2524,2.0,4,131847,88504,5035
2566,pv_36_z_5,pv_36,,,5,ely_y2566_id_1,,1,ely_y2566_id_1109,1056,1.0,5,131847,88504,5035
2566,pv_36_z_5,pv_36,,,5,ely_y2566_id_229,229,229,ely_y2566_id_1116,937,1.0,6,131847,88504,5035
2566,pv_36_z_5,pv_36,,,5,ely_y2566_id_145,145,145,ely_y2566_id_1111,606,0,7,131847,88504,5035
2566,pv_36_z_5,pv_36,,,5,ely_y2566_id_234,234,234,ely_y2566_id_1117,323,0,8,131847,88504,5035
2566,pv_36_z_5,pv_36,,,5,ely_y2566_id_63,,63,ely_y2566_id_1112,212,0,9,131847,88504,5035
2566,pv_36_z_6,pv_36,,,6,ely_y2566_id_63,,63,ely_y2566_id_1120,38452,41.0,1,133733,92620,4282
2566,pv_36_z_6,pv_36,,,6,ely_y2566_id_34,,34,ely_y2566_id_1123,22816,24.0,2,133733,92620,4282
2566,pv_36_z_6,pv_36,,,6,ely_y2566_id_164,164,164,ely_y2566_id_1122,15439,16.0,3,133733,92620,4282
2566,pv_36_z_6,pv_36,,,6,ely_y2566_id_227,227,227,ely_y2566_id_1121,11233,12.0,4,133733,92620,4282
2566,pv_36_z_6,pv_36,,,6,ely_y2566_id_192,192,192,ely_y2566_id_1124,2185,2.0,5,133733,92620,4282
2566,pv_36_z_6,pv_36,,,6,ely_y2566_id_229,229,229,ely_y2566_id_1119,908,0,6,133733,92620,4282
2566,pv_36_z_6,pv_36,,,6,ely_y2566_id_118,,118,ely_y2566_id_1118,632,0,7,133733,92620,4282
2566,pv_36_z_6,pv_36,,,6,ely_y2566_id_1,,1,ely_y2566_id_1126,264,0,8,133733,92620,4282
2566,pv_36_z_6,pv_36,,,6,ely_y2566_id_145,145,145,ely_y2566_id_1125,173,0,9,133733,92620,4282
2566,pv_36_z_6,pv_36,,,6,ely_y2566_id_234,234,234,ely_y2566_id_1128,100,0,10,133733,92620,4282
2566,pv_36_z_6,pv_36,,,6,ely_y2566_id_217,217,217,ely_y2566_id_1127,59,0,11,133733,92620,4282
2566,pv_36_z_7,pv_36,,,7,ely_y2566_id_192,192,192,ely_y2566_id_1135,38498,45.0,1,126779,85850,3434
2566,pv_36_z_7,pv_36,,,7,ely_y2566_id_164,164,164,ely_y2566_id_1129,22980,26.0,2,126779,85850,3434
2566,pv_36_z_7,pv_36,,,7,ely_y2566_id_34,,34,ely_y2566_id_1132,15201,17.0,3,126779,85850,3434
2566,pv_36_z_7,pv_36,,,7,ely_y2566_id_227,227,227,ely_y2566_id_1137,5606,6.0,4,126779,85850,3434
2566,pv_36_z_7,pv_36,,,7,ely_y2566_id_229,229,229,ely_y2566_id_1134,1162,1.0,5,126779,85850,3434
2566,pv_36_z_7,pv_36,,,7,ely_y2566_id_55,,55,ely_y2566_id_1136,990,1.0,6,126779,85850,3434
2566,pv_36_z_7,pv_36,,,7,ely_y2566_id_118,,118,ely_y2566_id_1133,310,0,7,126779,85850,3434
2566,pv_36_z_7,pv_36,,,7,ely_y2566_id_1,,1,ely_y2566_id_1131,245,0,8,126779,85850,3434
2566,pv_36_z_7,pv_36,,,7,ely_y2566_id_145,145,145,ely_y2566_id_1139,231,0,9,126779,85850,3434
2566,pv_36_z_7,pv_36,,,7,ely_y2566_id_63,,63,ely_y2566_id_1130,161,0,10,126779,85850,3434
2566,pv_36_z_7,pv_36,,,7,ely_y2566_id_234,234,234,ely_y2566_id_1138,95,0,11,126779,85850,3434
2566,pv_57_z_1,pv_57,,,1,ely_y2566_id_164,164,164,ely_y2566_id_1177,43153,41.0,1,135071,104346,3674
2566,pv_57_z_1,pv_57,,,1,ely_y2566_id_34,,34,ely_y2566_id_1176,36100,35.0,2,135071,104346,3674
2566,pv_57_z_1,pv_57,,,1,ely_y2566_id_63,,63,ely_y2566_id_1183,15644,15.0,3,135071,104346,3674
2566,pv_57_z_1,pv_57,,,1,ely_y2566_id_229,229,229,ely_y2566_id_1180,3993,3.0,4,135071,104346,3674
2566,pv_57_z_1,pv_57,,,1,ely_y2566_id_227,227,227,ely_y2566_id_1179,873,0,5,135071,104346,3674
2566,pv_57_z_1,pv_57,,,1,ely_y2566_id_1,,1,ely_y2566_id_1178,605,0,6,135071,104346,3674
2566,pv_57_z_1,pv_57,,,1,ely_y2566_id_180,180,180,ely_y2566_id_1175,599,0,7,135071,104346,3674
2566,pv_57_z_1,pv_57,,,1,ely_y2566_id_192,192,192,ely_y2566_id_1181,580,0,8,135071,104346,3674
2566,pv_57_z_1,pv_57,,,1,ely_y2566_id_145,145,145,ely_y2566_id_1182,504,0,9,135071,104346,3674
2566,pv_57_z_1,pv_57,,,1,ely_y2566_id_2,,2,ely_y2566_id_1186,499,0,10,135071,104346,3674
2566,pv_57_z_1,pv_57,,,1,ely_y2566_id_184,184,184,ely_y2566_id_1185,163,0,11,135071,104346,3674
2566,pv_57_z_1,pv_57,,,1,ely_y2566_id_234,234,234,ely_y2566_id_1184,148,0,12,135071,104346,3674
2566,pv_57_z_2,pv_57,,,2,ely_y2566_id_34,,34,ely_y2566_id_1190,55778,57.0,1,133639,98388,5316
2566,pv_57_z_2,pv_57,,,2,ely_y2566_id_164,164,164,ely_y2566_id_1191,33085,34.0,2,133639,98388,5316
2566,pv_57_z_2,pv_57,,,2,ely_y2566_id_229,229,229,ely_y2566_id_1189,2738,2.0,3,133639,98388,5316
2566,pv_57_z_2,pv_57,,,2,ely_y2566_id_192,192,192,ely_y2566_id_1193,1216,1.0,4,133639,98388,5316
2566,pv_57_z_2,pv_57,,,2,ely_y2566_id_63,,63,ely_y2566_id_1187,1017,1.0,5,133639,98388,5316
2566,pv_57_z_2,pv_57,,,2,ely_y2566_id_227,227,227,ely_y2566_id_1188,872,0,6,133639,98388,5316
2566,pv_57_z_2,pv_57,,,2,ely_y2566_id_242,242,242,ely_y2566_id_1195,362,0,7,133639,98388,5316
2566,pv_57_z_2,pv_57,,,2,ely_y2566_id_145,145,145,ely_y2566_id_1196,354,0,8,133639,98388,5316
2566,pv_57_z_2,pv_57,,,2,ely_y2566_id_1,,1,ely_y2566_id_1194,292,0,9,133639,98388,5316
2566,pv_57_z_2,pv_57,,,2,ely_y2566_id_180,180,180,ely_y2566_id_1192,263,0,10,133639,98388,5316
2566,pv_57_z_2,pv_57,,,2,ely_y2566_id_234,234,234,ely_y2566_id_1197,215,0,11,133639,98388,5316
2566,pv_57_z_3,pv_57,,,3,ely_y2566_id_164,164,164,ely_y2566_id_1204,25056,24.0,1,139958,103964,7523
2566,pv_57_z_3,pv_57,,,3,ely_y2566_id_192,192,192,ely_y2566_id_1202,15091,14.0,3,139958,103964,7523
2566,pv_57_z_3,pv_57,,,3,ely_y2566_id_55,,55,ely_y2566_id_1201,14096,13.0,4,139958,103964,7523
2566,pv_57_z_3,pv_57,,,3,ely_y2566_id_63,,63,ely_y2566_id_1198,10400,10.0,5,139958,103964,7523
2566,pv_57_z_3,pv_57,,,3,ely_y2566_id_227,227,227,ely_y2566_id_1206,9544,9.0,6,139958,103964,7523
2566,pv_57_z_3,pv_57,,,3,ely_y2566_id_229,229,229,ely_y2566_id_1203,2669,2.0,7,139958,103964,7523
2566,pv_57_z_3,pv_57,,,3,ely_y2566_id_1,,1,ely_y2566_id_1200,620,0,8,139958,103964,7523
2566,pv_57_z_3,pv_57,,,3,ely_y2566_id_234,234,234,ely_y2566_id_1208,428,0,9,139958,103964,7523
2566,pv_57_z_3,pv_57,,,3,ely_y2566_id_145,145,145,ely_y2566_id_1207,287,0,10,139958,103964,7523
2566,pv_57_z_3,pv_57,,,3,ely_y2566_id_180,180,180,ely_y2566_id_1199,0,0,11,139958,103964,7523
2566,pv_57_z_4,pv_57,,,4,ely_y2566_id_34,,34,ely_y2566_id_1212,39589,37.0,1,143674,107968,4947
2566,pv_57_z_4,pv_57,,,4,ely_y2566_id_164,164,164,ely_y2566_id_1214,25502,24.0,2,143674,107968,4947
2566,pv_57_z_4,pv_57,,,4,ely_y2566_id_55,,55,ely_y2566_id_1209,19199,18.0,3,143674,107968,4947
2566,pv_57_z_4,pv_57,,,4,ely_y2566_id_63,,63,ely_y2566_id_1215,8335,7.0,4,143674,107968,4947
2566,pv_57_z_4,pv_57,,,4,ely_y2566_id_227,227,227,ely_y2566_id_1217,7801,7.0,5,143674,107968,4947
2566,pv_57_z_4,pv_57,,,4,ely_y2566_id_229,229,229,ely_y2566_id_1213,2417,2.0,6,143674,107968,4947
2566,pv_57_z_4,pv_57,,,4,ely_y2566_id_192,192,192,ely_y2566_id_1216,1371,1.0,7,143674,107968,4947
2566,pv_57_z_4,pv_57,,,4,ely_y2566_id_1,,1,ely_y2566_id_1211,699,0,8,143674,107968,4947
2566,pv_57_z_4,pv_57,,,4,ely_y2566_id_145,145,145,ely_y2566_id_1210,520,0,9,143674,107968,4947
2566,pv_57_z_4,pv_57,,,4,ely_y2566_id_226,226,226,ely_y2566_id_1219,293,0,10,143674,107968,4947
2566,pv_57_z_4,pv_57,,,4,ely_y2566_id_184,184,184,ely_y2566_id_1220,149,0,11,143674,107968,4947
2566,pv_57_z_4,pv_57,,,4,ely_y2566_id_234,234,234,ely_y2566_id_1218,136,0,12,143674,107968,4947
2566,pv_57_z_5,pv_57,,,5,ely_y2566_id_63,,63,ely_y2566_id_1224,27073,27.0,2,132452,98948,4649
2566,pv_57_z_5,pv_57,,,5,ely_y2566_id_164,164,164,ely_y2566_id_1223,18181,18.0,3,132452,98948,4649
2566,pv_57_z_5,pv_57,,,5,ely_y2566_id_192,192,192,ely_y2566_id_1222,13620,14.0,4,132452,98948,4649
2566,pv_57_z_5,pv_57,,,5,ely_y2566_id_1,,1,ely_y2566_id_1225,907,0,5,132452,98948,4649
2566,pv_57_z_5,pv_57,,,5,ely_y2566_id_229,229,229,ely_y2566_id_1227,862,0,6,132452,98948,4649
2566,pv_57_z_5,pv_57,,,5,ely_y2566_id_234,234,234,ely_y2566_id_1229,414,0,7,132452,98948,4649
2566,pv_57_z_5,pv_57,,,5,ely_y2566_id_145,145,145,ely_y2566_id_1221,399,0,8,132452,98948,4649
2566,pv_57_z_5,pv_57,,,5,ely_y2566_id_227,227,227,ely_y2566_id_1228,397,0,9,132452,98948,4649
2566,pv_57_z_5,pv_57,,,5,ely_y2566_id_189,189,189,ely_y2566_id_1231,126,0,10,132452,98948,4649
2566,pv_57_z_5,pv_57,,,5,ely_y2566_id_184,184,184,ely_y2566_id_1230,84,0,11,132452,98948,4649
2566,pv_57_z_6,pv_57,,,6,ely_y2566_id_164,164,164,ely_y2566_id_1233,31789,39.0,1,124106,81939,5494
2566,pv_57_z_6,pv_57,,,6,ely_y2566_id_34,,34,ely_y2566_id_1232,18027,22.0,2,124106,81939,5494
2566,pv_57_z_6,pv_57,,,6,ely_y2566_id_63,,63,ely_y2566_id_1239,16011,19.0,3,124106,81939,5494
2566,pv_57_z_6,pv_57,,,6,ely_y2566_id_192,192,192,ely_y2566_id_1234,9913,12.0,4,124106,81939,5494
2566,pv_57_z_6,pv_57,,,6,ely_y2566_id_229,229,229,ely_y2566_id_1235,2105,2.0,5,124106,81939,5494
2566,pv_57_z_6,pv_57,,,6,ely_y2566_id_1,,1,ely_y2566_id_1238,1127,1.0,6,124106,81939,5494
2566,pv_57_z_6,pv_57,,,6,ely_y2566_id_145,145,145,ely_y2566_id_1236,532,0,7,124106,81939,5494
2566,pv_57_z_6,pv_57,,,6,ely_y2566_id_227,227,227,ely_y2566_id_1237,453,0,8,124106,81939,5494
2566,pv_57_z_6,pv_57,,,6,ely_y2566_id_234,234,234,ely_y2566_id_1240,332,0,9,124106,81939,5494
2566,pv_57_z_6,pv_57,,,6,ely_y2566_id_2,,2,ely_y2566_id_1241,172,0,10,124106,81939,5494
2566,pv_57_z_7,pv_57,,,7,ely_y2566_id_34,,34,ely_y2566_id_1250,31588,33.0,1,133985,95460,6250
2566,pv_57_z_7,pv_57,,,7,ely_y2566_id_164,164,164,ely_y2566_id_1246,25889,27.0,2,133985,95460,6250
2566,pv_57_z_7,pv_57,,,7,ely_y2566_id_63,,63,ely_y2566_id_1244,18153,19.0,3,133985,95460,6250
2566,pv_57_z_7,pv_57,,,7,ely_y2566_id_229,229,229,ely_y2566_id_1245,10824,11.0,4,133985,95460,6250
2566,pv_57_z_7,pv_57,,,7,ely_y2566_id_227,227,227,ely_y2566_id_1248,2637,2.0,5,133985,95460,6250
2566,pv_57_z_7,pv_57,,,7,ely_y2566_id_145,145,145,ely_y2566_id_1243,877,0,6,133985,95460,6250
2566,pv_57_z_7,pv_57,,,7,ely_y2566_id_180,180,180,ely_y2566_id_1249,782,0,7,133985,95460,6250
2566,pv_57_z_7,pv_57,,,7,ely_y2566_id_192,192,192,ely_y2566_id_1251,623,0,8,133985,95460,6250
2566,pv_57_z_7,pv_57,,,7,ely_y2566_id_1,,1,ely_y2566_id_1242,570,0,9,133985,95460,6250
2566,pv_57_z_7,pv_57,,,7,ely_y2566_id_55,,55,ely_y2566_id_1247,558,0,10,133985,95460,6250
2566,pv_57_z_7,pv_57,,,7,ely_y2566_id_2,,2,ely_y2566_id_1253,286,0,11,133985,95460,6250
2566,pv_57_z_7,pv_57,,,7,ely_y2566_id_234,234,234,ely_y2566_id_1252,222,0,12,133985,95460,6250
2566,pv_13_z_1,pv_13,,,1,ely_y2566_id_164,164,164,ely_y2566_id_2323,29272,28.0,1,131304,104489,3105
2566,pv_13_z_1,pv_13,,,1,ely_y2566_id_34,,34,ely_y2566_id_2326,27439,26.0,2,131304,104489,3105
2566,pv_13_z_1,pv_13,,,1,ely_y2566_id_63,,63,ely_y2566_id_2328,22297,21.0,3,131304,104489,3105
2566,pv_13_z_1,pv_13,,,1,ely_y2566_id_192,192,192,ely_y2566_id_2322,17361,16.0,4,131304,104489,3105
2566,pv_13_z_1,pv_13,,,1,ely_y2566_id_229,229,229,ely_y2566_id_2324,4343,4.0,5,131304,104489,3105
2566,pv_13_z_1,pv_13,,,1,ely_y2566_id_145,145,145,ely_y2566_id_2321,948,0,6,131304,104489,3105
2566,pv_13_z_1,pv_13,,,1,ely_y2566_id_1,,1,ely_y2566_id_2327,751,0,7,131304,104489,3105
2566,pv_13_z_1,pv_13,,,1,ely_y2566_id_227,227,227,ely_y2566_id_2325,692,0,8,131304,104489,3105
2566,pv_13_z_1,pv_13,,,1,ely_y2566_id_234,234,234,ely_y2566_id_2329,360,0,9,131304,104489,3105
2566,pv_13_z_2,pv_13,,,2,ely_y2566_id_164,164,164,ely_y2566_id_2330,40215,39.0,1,139489,104931,2430
2566,pv_13_z_2,pv_13,,,2,ely_y2566_id_34,,34,ely_y2566_id_2337,37011,36.0,2,139489,104931,2430
2566,pv_13_z_2,pv_13,,,2,ely_y2566_id_192,192,192,ely_y2566_id_2332,11187,10.0,3,139489,104931,2430
2566,pv_13_z_2,pv_13,,,2,ely_y2566_id_229,229,229,ely_y2566_id_2331,9178,8.0,4,139489,104931,2430
2566,pv_13_z_2,pv_13,,,2,ely_y2566_id_1,,1,ely_y2566_id_2334,1558,1.0,5,139489,104931,2430
2566,pv_13_z_2,pv_13,,,2,ely_y2566_id_63,,63,ely_y2566_id_2336,1233,1.0,6,139489,104931,2430
2566,pv_13_z_2,pv_13,,,2,ely_y2566_id_145,145,145,ely_y2566_id_2333,1034,1.0,7,139489,104931,2430
2566,pv_13_z_2,pv_13,,,2,ely_y2566_id_234,234,234,ely_y2566_id_2338,590,0,8,139489,104931,2430
2566,pv_13_z_2,pv_13,,,2,ely_y2566_id_240,240,240,ely_y2566_id_2335,338,0,9,139489,104931,2430
2566,pv_13_z_3,pv_13,,,3,ely_y2566_id_164,164,164,ely_y2566_id_2347,43096,45.0,1,126247,97225,1838
2566,pv_13_z_3,pv_13,,,3,ely_y2566_id_34,,34,ely_y2566_id_2340,25619,26.0,2,126247,97225,1838
2566,pv_13_z_3,pv_13,,,3,ely_y2566_id_63,,63,ely_y2566_id_2344,15570,16.0,3,126247,97225,1838
2566,pv_13_z_3,pv_13,,,3,ely_y2566_id_229,229,229,ely_y2566_id_2343,5410,5.0,4,126247,97225,1838
2566,pv_13_z_3,pv_13,,,3,ely_y2566_id_192,192,192,ely_y2566_id_2342,2332,2.0,5,126247,97225,1838
2566,pv_13_z_3,pv_13,,,3,ely_y2566_id_1,,1,ely_y2566_id_2346,1082,1.0,6,126247,97225,1838
2566,pv_13_z_3,pv_13,,,3,ely_y2566_id_227,227,227,ely_y2566_id_2339,846,0,7,126247,97225,1838
2566,pv_13_z_3,pv_13,,,3,ely_y2566_id_145,145,145,ely_y2566_id_2345,692,0,8,126247,97225,1838
2566,pv_13_z_3,pv_13,,,3,ely_y2566_id_234,234,234,ely_y2566_id_2341,545,0,9,126247,97225,1838
2566,pv_13_z_3,pv_13,,,3,ely_y2566_id_184,184,184,ely_y2566_id_2348,96,0,10,126247,97225,1838
2566,pv_13_z_4,pv_13,,,4,ely_y2566_id_164,164,164,ely_y2566_id_2353,41705,41.0,1,133040,102708,2219
2566,pv_13_z_4,pv_13,,,4,ely_y2566_id_229,229,229,ely_y2566_id_2349,7895,7.0,4,133040,102708,2219
2566,pv_13_z_4,pv_13,,,4,ely_y2566_id_192,192,192,ely_y2566_id_2355,1620,1.0,5,133040,102708,2219
2566,pv_13_z_4,pv_13,,,4,ely_y2566_id_1,,1,ely_y2566_id_2354,1296,1.0,6,133040,102708,2219
2566,pv_13_z_4,pv_13,,,4,ely_y2566_id_145,145,145,ely_y2566_id_2351,664,0,7,133040,102708,2219
2566,pv_13_z_4,pv_13,,,4,ely_y2566_id_227,227,227,ely_y2566_id_2357,564,0,8,133040,102708,2219
2566,pv_13_z_4,pv_13,,,4,ely_y2566_id_186,186,186,ely_y2566_id_2350,548,0,9,133040,102708,2219
2566,pv_13_z_4,pv_13,,,4,ely_y2566_id_234,234,234,ely_y2566_id_2358,225,0,10,133040,102708,2219
2566,pv_13_z_4,pv_13,,,4,ely_y2566_id_184,184,184,ely_y2566_id_2359,119,0,11,133040,102708,2219
2566,pv_13_z_5,pv_13,,,5,ely_y2566_id_34,,34,ely_y2566_id_2361,35078,31.0,1,143080,111706,2539
2566,pv_13_z_5,pv_13,,,5,ely_y2566_id_164,164,164,ely_y2566_id_2364,32541,29.0,3,143080,111706,2539
2566,pv_13_z_5,pv_13,,,5,ely_y2566_id_229,229,229,ely_y2566_id_2362,5390,4.0,4,143080,111706,2539
2566,pv_13_z_5,pv_13,,,5,ely_y2566_id_192,192,192,ely_y2566_id_2366,989,0,5,143080,111706,2539
2566,pv_13_z_5,pv_13,,,5,ely_y2566_id_145,145,145,ely_y2566_id_2360,969,0,6,143080,111706,2539
2566,pv_13_z_5,pv_13,,,5,ely_y2566_id_1,,1,ely_y2566_id_2365,859,0,7,143080,111706,2539
2566,pv_13_z_5,pv_13,,,5,ely_y2566_id_234,234,234,ely_y2566_id_2363,362,0,8,143080,111706,2539
2566,pv_13_z_5,pv_13,,,5,ely_y2566_id_109,,109,ely_y2566_id_2367,250,0,9,143080,111706,2539
2566,pv_13_z_6,pv_13,,,6,ely_y2566_id_164,164,164,ely_y2566_id_2372,48900,45.0,1,147030,109788,1762
2566,pv_13_z_6,pv_13,,,6,ely_y2566_id_192,192,192,ely_y2566_id_2373,16651,15.0,3,147030,109788,1762
2566,pv_13_z_6,pv_13,,,6,ely_y2566_id_229,229,229,ely_y2566_id_2369,12846,11.0,4,147030,109788,1762
2566,pv_13_z_6,pv_13,,,6,ely_y2566_id_55,,55,ely_y2566_id_2370,1639,1.0,5,147030,109788,1762
2566,pv_13_z_6,pv_13,,,6,ely_y2566_id_145,145,145,ely_y2566_id_2371,1583,1.0,6,147030,109788,1762
2566,pv_13_z_6,pv_13,,,6,ely_y2566_id_63,,63,ely_y2566_id_2375,1455,1.0,7,147030,109788,1762
2566,pv_13_z_6,pv_13,,,6,ely_y2566_id_1,,1,ely_y2566_id_2374,1021,0,8,147030,109788,1762
2566,pv_13_z_6,pv_13,,,6,ely_y2566_id_227,227,227,ely_y2566_id_2377,805,0,9,147030,109788,1762
2566,pv_13_z_6,pv_13,,,6,ely_y2566_id_109,,109,ely_y2566_id_2378,198,0,10,147030,109788,1762
2566,pv_13_z_6,pv_13,,,6,ely_y2566_id_149,149,149,ely_y2566_id_2379,160,0,11,147030,109788,1762
2566,pv_13_z_6,pv_13,,,6,ely_y2566_id_234,234,234,ely_y2566_id_2380,150,0,12,147030,109788,1762
2566,pv_13_z_7,pv_13,,,7,ely_y2566_id_164,164,164,ely_y2566_id_2387,36227,33.0,1,142701,108399,2876
2566,pv_13_z_7,pv_13,,,7,ely_y2566_id_63,,63,ely_y2566_id_2382,30272,28.0,2,142701,108399,2876
2566,pv_13_z_7,pv_13,,,7,ely_y2566_id_34,,34,ely_y2566_id_2381,29997,27.0,3,142701,108399,2876
2566,pv_13_z_7,pv_13,,,7,ely_y2566_id_229,229,229,ely_y2566_id_2389,7111,6.0,4,142701,108399,2876
2566,pv_13_z_7,pv_13,,,7,ely_y2566_id_192,192,192,ely_y2566_id_2388,1005,0,5,142701,108399,2876
2566,pv_13_z_7,pv_13,,,7,ely_y2566_id_1,,1,ely_y2566_id_2384,650,0,6,142701,108399,2876
2566,pv_13_z_7,pv_13,,,7,ely_y2566_id_109,,109,ely_y2566_id_2385,617,0,7,142701,108399,2876
2566,pv_13_z_7,pv_13,,,7,ely_y2566_id_145,145,145,ely_y2566_id_2383,600,0,8,142701,108399,2876
2566,pv_13_z_7,pv_13,,,7,ely_y2566_id_227,227,227,ely_y2566_id_2386,489,0,9,142701,108399,2876
2566,pv_13_z_7,pv_13,,,7,ely_y2566_id_234,234,234,ely_y2566_id_2391,292,0,10,142701,108399,2876
2566,pv_13_z_7,pv_13,,,7,ely_y2566_id_184,184,184,ely_y2566_id_2390,83,0,11,142701,108399,2876
2566,pv_47_z_1,pv_47,,,1,ely_y2566_id_34,,34,ely_y2566_id_3596,29716,32.0,1,132357,92244,2742
2566,pv_47_z_1,pv_47,,,1,ely_y2566_id_164,164,164,ely_y2566_id_3593,27493,30.0,2,132357,92244,2742
2566,pv_47_z_1,pv_47,,,1,ely_y2566_id_227,227,227,ely_y2566_id_3594,25403,28.0,3,132357,92244,2742
2566,pv_47_z_1,pv_47,,,1,ely_y2566_id_229,229,229,ely_y2566_id_3595,3195,3.0,4,132357,92244,2742
2566,pv_47_z_1,pv_47,,,1,ely_y2566_id_1,,1,ely_y2566_id_3592,1687,1.0,5,132357,92244,2742
2566,pv_47_z_1,pv_47,,,1,ely_y2566_id_63,,63,ely_y2566_id_3600,753,0,6,132357,92244,2742
2566,pv_47_z_1,pv_47,,,1,ely_y2566_id_145,145,145,ely_y2566_id_3604,638,0,7,132357,92244,2742
2566,pv_47_z_1,pv_47,,,1,ely_y2566_id_192,192,192,ely_y2566_id_3599,484,0,8,132357,92244,2742
2566,pv_47_z_1,pv_47,,,1,ely_y2566_id_186,186,186,ely_y2566_id_3598,318,0,9,132357,92244,2742
2566,pv_47_z_1,pv_47,,,1,ely_y2566_id_226,226,226,ely_y2566_id_3597,309,0,10,132357,92244,2742
2566,pv_47_z_1,pv_47,,,1,ely_y2566_id_189,189,189,ely_y2566_id_3603,296,0,11,132357,92244,2742
2566,pv_47_z_1,pv_47,,,1,ely_y2566_id_234,234,234,ely_y2566_id_3602,229,0,12,132357,92244,2742
2566,pv_47_z_1,pv_47,,,1,ely_y2566_id_45,,45,ely_y2566_id_3601,161,0,13,132357,92244,2742
2566,pv_47_z_2,pv_47,,,2,ely_y2566_id_1,,1,ely_y2566_id_3610,27406,31.0,1,130255,87406,2846
2566,pv_47_z_2,pv_47,,,2,ely_y2566_id_34,,34,ely_y2566_id_3605,26700,30.0,2,130255,87406,2846
2566,pv_47_z_2,pv_47,,,2,ely_y2566_id_164,164,164,ely_y2566_id_3612,21317,24.0,3,130255,87406,2846
2566,pv_47_z_2,pv_47,,,2,ely_y2566_id_229,229,229,ely_y2566_id_3614,3570,4.0,4,130255,87406,2846
2566,pv_47_z_2,pv_47,,,2,ely_y2566_id_63,,63,ely_y2566_id_3615,1960,2.0,5,130255,87406,2846
2566,pv_47_z_2,pv_47,,,2,ely_y2566_id_227,227,227,ely_y2566_id_3606,1426,1.0,6,130255,87406,2846
2566,pv_47_z_2,pv_47,,,2,ely_y2566_id_186,186,186,ely_y2566_id_3607,1210,1.0,7,130255,87406,2846
2566,pv_47_z_2,pv_47,,,2,ely_y2566_id_192,192,192,ely_y2566_id_3609,863,0,8,130255,87406,2846
2566,pv_47_z_2,pv_47,,,2,ely_y2566_id_234,234,234,ely_y2566_id_3620,593,0,9,130255,87406,2846
2566,pv_47_z_2,pv_47,,,2,ely_y2566_id_185,185,185,ely_y2566_id_3613,505,0,10,130255,87406,2846
2566,pv_47_z_2,pv_47,,,2,ely_y2566_id_145,145,145,ely_y2566_id_3611,374,0,11,130255,87406,2846
2566,pv_47_z_2,pv_47,,,2,ely_y2566_id_157,157,157,ely_y2566_id_3618,374,0,12,130255,87406,2846
2566,pv_47_z_2,pv_47,,,2,ely_y2566_id_189,189,189,ely_y2566_id_3608,259,0,13,130255,87406,2846
2566,pv_47_z_2,pv_47,,,2,ely_y2566_id_232,232,232,ely_y2566_id_3617,220,0,14,130255,87406,2846
2566,pv_47_z_2,pv_47,,,2,ely_y2566_id_221,221,221,ely_y2566_id_3619,157,0,15,130255,87406,2846
2566,pv_47_z_2,pv_47,,,2,ely_y2566_id_235,235,235,ely_y2566_id_3616,143,0,16,130255,87406,2846
2566,pv_47_z_2,pv_47,,,2,ely_y2566_id_170,170,170,ely_y2566_id_3621,0,0,17,130255,87406,2846
2566,pv_47_z_3,pv_47,,,3,ely_y2566_id_34,,34,ely_y2566_id_3630,49346,55.0,1,132724,89007,2879
2566,pv_47_z_3,pv_47,,,3,ely_y2566_id_164,164,164,ely_y2566_id_3624,12737,14.0,2,132724,89007,2879
2566,pv_47_z_3,pv_47,,,3,ely_y2566_id_192,192,192,ely_y2566_id_3622,11738,13.0,3,132724,89007,2879
2566,pv_47_z_3,pv_47,,,3,ely_y2566_id_1,,1,ely_y2566_id_3629,11723,13.0,4,132724,89007,2879
2566,pv_47_z_3,pv_47,,,3,ely_y2566_id_229,229,229,ely_y2566_id_3626,862,0,5,132724,89007,2879
2566,pv_47_z_3,pv_47,,,3,ely_y2566_id_145,145,145,ely_y2566_id_3627,464,0,6,132724,89007,2879
2566,pv_47_z_3,pv_47,,,3,ely_y2566_id_63,,63,ely_y2566_id_3623,438,0,7,132724,89007,2879
2566,pv_47_z_3,pv_47,,,3,ely_y2566_id_186,186,186,ely_y2566_id_3628,340,0,8,132724,89007,2879
2566,pv_47_z_3,pv_47,,,3,ely_y2566_id_227,227,227,ely_y2566_id_3625,309,0,9,132724,89007,2879
2566,pv_47_z_3,pv_47,,,3,ely_y2566_id_189,189,189,ely_y2566_id_3632,164,0,10,132724,89007,2879
2566,pv_47_z_3,pv_47,,,3,ely_y2566_id_157,157,157,ely_y2566_id_3633,98,0,11,132724,89007,2879
2566,pv_47_z_3,pv_47,,,3,ely_y2566_id_234,234,234,ely_y2566_id_3631,93,0,12,132724,89007,2879
2566,pv_47_z_4,pv_47,,,4,ely_y2566_id_34,,34,ely_y2566_id_3636,35690,42.0,1,127317,84520,3123
2566,pv_47_z_4,pv_47,,,4,ely_y2566_id_164,164,164,ely_y2566_id_3638,20947,24.0,2,127317,84520,3123
2566,pv_47_z_4,pv_47,,,4,ely_y2566_id_1,,1,ely_y2566_id_3640,15745,18.0,3,127317,84520,3123
2566,pv_47_z_4,pv_47,,,4,ely_y2566_id_229,229,229,ely_y2566_id_3634,5312,6.0,4,127317,84520,3123
2566,pv_47_z_4,pv_47,,,4,ely_y2566_id_63,,63,ely_y2566_id_3639,1465,1.0,5,127317,84520,3123
2566,pv_47_z_4,pv_47,,,4,ely_y2566_id_192,192,192,ely_y2566_id_3635,1311,1.0,6,127317,84520,3123
2566,pv_47_z_4,pv_47,,,4,ely_y2566_id_149,149,149,ely_y2566_id_3646,941,1.0,7,127317,84520,3123
2566,pv_47_z_4,pv_47,,,4,ely_y2566_id_227,227,227,ely_y2566_id_3637,911,1.0,8,127317,84520,3123
2566,pv_47_z_4,pv_47,,,4,ely_y2566_id_45,,45,ely_y2566_id_3644,468,0,9,127317,84520,3123
2566,pv_47_z_4,pv_47,,,4,ely_y2566_id_145,145,145,ely_y2566_id_3641,324,0,10,127317,84520,3123
2566,pv_47_z_4,pv_47,,,4,ely_y2566_id_235,235,235,ely_y2566_id_3648,305,0,11,127317,84520,3123
2566,pv_47_z_4,pv_47,,,4,ely_y2566_id_189,189,189,ely_y2566_id_3642,284,0,12,127317,84520,3123
2566,pv_47_z_4,pv_47,,,4,ely_y2566_id_186,186,186,ely_y2566_id_3645,196,0,13,127317,84520,3123
2566,pv_47_z_4,pv_47,,,4,ely_y2566_id_157,157,157,ely_y2566_id_3649,132,0,14,127317,84520,3123
2566,pv_47_z_4,pv_47,,,4,ely_y2566_id_234,234,234,ely_y2566_id_3647,79,0,15,127317,84520,3123
2566,pv_47_z_4,pv_47,,,4,ely_y2566_id_226,226,226,ely_y2566_id_3643,47,0,16,127317,84520,3123
2566,pv_47_z_5,pv_47,,,5,ely_y2566_id_192,192,192,ely_y2566_id_3653,29085,35.0,1,128271,81811,3129
2566,pv_47_z_5,pv_47,,,5,ely_y2566_id_34,,34,ely_y2566_id_3655,25973,31.0,2,128271,81811,3129
2566,pv_47_z_5,pv_47,,,5,ely_y2566_id_164,164,164,ely_y2566_id_3656,19980,24.0,3,128271,81811,3129
2566,pv_47_z_5,pv_47,,,5,ely_y2566_id_227,227,227,ely_y2566_id_3652,2879,3.0,4,128271,81811,3129
2566,pv_47_z_5,pv_47,,,5,ely_y2566_id_186,186,186,ely_y2566_id_3654,1061,1.0,5,128271,81811,3129
2566,pv_47_z_5,pv_47,,,5,ely_y2566_id_229,229,229,ely_y2566_id_3651,997,1.0,6,128271,81811,3129
2566,pv_47_z_5,pv_47,,,5,ely_y2566_id_145,145,145,ely_y2566_id_3650,800,0,7,128271,81811,3129
2566,pv_47_z_5,pv_47,,,5,ely_y2566_id_63,,63,ely_y2566_id_3657,282,0,8,128271,81811,3129
2566,pv_47_z_5,pv_47,,,5,ely_y2566_id_157,157,157,ely_y2566_id_3658,257,0,9,128271,81811,3129
2566,pv_47_z_5,pv_47,,,5,ely_y2566_id_1,,1,ely_y2566_id_3659,221,0,10,128271,81811,3129
2566,pv_47_z_5,pv_47,,,5,ely_y2566_id_234,234,234,ely_y2566_id_3660,97,0,11,128271,81811,3129
2566,pv_47_z_5,pv_47,,,5,ely_y2566_id_189,189,189,ely_y2566_id_3661,70,0,12,128271,81811,3129
2566,pv_47_z_6,pv_47,,,6,ely_y2566_id_34,,34,ely_y2566_id_3667,39035,48.0,1,128009,80746,2418
2566,pv_47_z_6,pv_47,,,6,ely_y2566_id_164,164,164,ely_y2566_id_3665,21506,26.0,2,128009,80746,2418
2566,pv_47_z_6,pv_47,,,6,ely_y2566_id_1,,1,ely_y2566_id_3669,12956,16.0,3,128009,80746,2418
2566,pv_47_z_6,pv_47,,,6,ely_y2566_id_227,227,227,ely_y2566_id_3668,1376,1.0,4,128009,80746,2418
2566,pv_47_z_6,pv_47,,,6,ely_y2566_id_229,229,229,ely_y2566_id_3671,1202,1.0,5,128009,80746,2418
2566,pv_47_z_6,pv_47,,,6,ely_y2566_id_63,,63,ely_y2566_id_3664,1066,1.0,6,128009,80746,2418
2566,pv_47_z_6,pv_47,,,6,ely_y2566_id_192,192,192,ely_y2566_id_3663,722,0,7,128009,80746,2418
2566,pv_47_z_6,pv_47,,,6,ely_y2566_id_226,226,226,ely_y2566_id_3670,551,0,8,128009,80746,2418
2566,pv_47_z_6,pv_47,,,6,ely_y2566_id_145,145,145,ely_y2566_id_3666,468,0,9,128009,80746,2418
2566,pv_47_z_6,pv_47,,,6,ely_y2566_id_186,186,186,ely_y2566_id_3662,337,0,10,128009,80746,2418
2566,pv_47_z_6,pv_47,,,6,ely_y2566_id_221,221,221,ely_y2566_id_3672,237,0,11,128009,80746,2418
2566,pv_47_z_6,pv_47,,,6,ely_y2566_id_157,157,157,ely_y2566_id_3676,208,0,12,128009,80746,2418
2566,pv_47_z_6,pv_47,,,6,ely_y2566_id_170,170,170,ely_y2566_id_3675,165,0,13,128009,80746,2418
2566,pv_47_z_6,pv_47,,,6,ely_y2566_id_234,234,234,ely_y2566_id_3673,157,0,14,128009,80746,2418
2566,pv_47_z_6,pv_47,,,6,ely_y2566_id_189,189,189,ely_y2566_id_3674,157,0,15,128009,80746,2418
2566,pv_47_z_7,pv_47,,,7,ely_y2566_id_34,,34,ely_y2566_id_3679,32195,40.0,1,129965,79636,2736
2566,pv_47_z_7,pv_47,,,7,ely_y2566_id_164,164,164,ely_y2566_id_3677,27180,34.0,2,129965,79636,2736
2566,pv_47_z_7,pv_47,,,7,ely_y2566_id_63,,63,ely_y2566_id_3680,11579,14.0,3,129965,79636,2736
2566,pv_47_z_7,pv_47,,,7,ely_y2566_id_192,192,192,ely_y2566_id_3684,2934,3.0,4,129965,79636,2736
2566,pv_47_z_7,pv_47,,,7,ely_y2566_id_229,229,229,ely_y2566_id_3682,1563,1.0,5,129965,79636,2736
2566,pv_47_z_7,pv_47,,,7,ely_y2566_id_227,227,227,ely_y2566_id_3678,1071,1.0,6,129965,79636,2736
2566,pv_47_z_7,pv_47,,,7,ely_y2566_id_230,230,230,ely_y2566_id_3689,736,0,7,129965,79636,2736
2566,pv_47_z_7,pv_47,,,7,ely_y2566_id_145,145,145,ely_y2566_id_3683,553,0,8,129965,79636,2736
2566,pv_47_z_7,pv_47,,,7,ely_y2566_id_1,,1,ely_y2566_id_3681,475,0,9,129965,79636,2736
2566,pv_47_z_7,pv_47,,,7,ely_y2566_id_13,,13,ely_y2566_id_3687,387,0,10,129965,79636,2736
2566,pv_47_z_7,pv_47,,,7,ely_y2566_id_226,226,226,ely_y2566_id_3685,332,0,11,129965,79636,2736
2566,pv_47_z_7,pv_47,,,7,ely_y2566_id_234,234,234,ely_y2566_id_3686,134,0,12,129965,79636,2736
2566,pv_47_z_7,pv_47,,,7,ely_y2566_id_189,189,189,ely_y2566_id_3688,94,0,13,129965,79636,2736
2566,pv_84_z_1,pv_84,,,1,ely_y2566_id_229,229,229,ely_y2566_id_4124,27978,33.0,1,115687,84526,2253
2566,pv_84_z_1,pv_84,,,1,ely_y2566_id_164,164,164,ely_y2566_id_4117,23031,27.0,2,115687,84526,2253
2566,pv_84_z_1,pv_84,,,1,ely_y2566_id_63,,63,ely_y2566_id_4123,13775,16.0,3,115687,84526,2253
2566,pv_84_z_1,pv_84,,,1,ely_y2566_id_1,,1,ely_y2566_id_4126,9963,12.0,4,115687,84526,2253
2566,pv_84_z_1,pv_84,,,1,ely_y2566_id_34,,34,ely_y2566_id_4118,3345,4.0,5,115687,84526,2253
2566,pv_84_z_1,pv_84,,,1,ely_y2566_id_45,,45,ely_y2566_id_4120,1427,1.0,6,115687,84526,2253
2566,pv_84_z_1,pv_84,,,1,ely_y2566_id_192,192,192,ely_y2566_id_4125,1405,1.0,7,115687,84526,2253
2566,pv_84_z_1,pv_84,,,1,ely_y2566_id_145,145,145,ely_y2566_id_4121,579,0,8,115687,84526,2253
2566,pv_84_z_1,pv_84,,,1,ely_y2566_id_227,227,227,ely_y2566_id_4122,492,0,9,115687,84526,2253
2566,pv_84_z_1,pv_84,,,1,ely_y2566_id_234,234,234,ely_y2566_id_4119,329,0,10,115687,84526,2253
2566,pv_84_z_1,pv_84,,,1,ely_y2566_id_189,189,189,ely_y2566_id_4128,137,0,11,115687,84526,2253
2566,pv_84_z_1,pv_84,,,1,ely_y2566_id_149,149,149,ely_y2566_id_4127,130,0,12,115687,84526,2253
2566,pv_84_z_2,pv_84,,,2,ely_y2566_id_229,229,229,ely_y2566_id_4132,24625,30.0,1,114455,80209,3196
2566,pv_84_z_2,pv_84,,,2,ely_y2566_id_192,192,192,ely_y2566_id_4136,21378,26.0,2,114455,80209,3196
2566,pv_84_z_2,pv_84,,,2,ely_y2566_id_164,164,164,ely_y2566_id_4130,14768,18.0,3,114455,80209,3196
2566,pv_84_z_2,pv_84,,,2,ely_y2566_id_34,,34,ely_y2566_id_4134,7477,9.0,4,114455,80209,3196
2566,pv_84_z_2,pv_84,,,2,ely_y2566_id_1,,1,ely_y2566_id_4131,5369,6.0,5,114455,80209,3196
2566,pv_84_z_2,pv_84,,,2,ely_y2566_id_63,,63,ely_y2566_id_4138,3174,3.0,6,114455,80209,3196
2566,pv_84_z_2,pv_84,,,2,ely_y2566_id_227,227,227,ely_y2566_id_4135,2097,2.0,7,114455,80209,3196
2566,pv_84_z_2,pv_84,,,2,ely_y2566_id_45,,45,ely_y2566_id_4137,801,1.0,8,114455,80209,3196
2566,pv_84_z_2,pv_84,,,2,ely_y2566_id_145,145,145,ely_y2566_id_4133,220,0,9,114455,80209,3196
2566,pv_84_z_2,pv_84,,,2,ely_y2566_id_189,189,189,ely_y2566_id_4139,100,0,10,114455,80209,3196
2566,pv_84_z_3,pv_84,,,3,ely_y2566_id_229,229,229,ely_y2566_id_4141,46456,53.0,1,117203,87170,3744
2566,pv_84_z_3,pv_84,,,3,ely_y2566_id_1,,1,ely_y2566_id_4144,17783,20.0,2,117203,87170,3744
2566,pv_84_z_3,pv_84,,,3,ely_y2566_id_164,164,164,ely_y2566_id_4143,13167,15.0,3,117203,87170,3744
2566,pv_84_z_3,pv_84,,,3,ely_y2566_id_34,,34,ely_y2566_id_4145,5732,6.0,4,117203,87170,3744
2566,pv_84_z_3,pv_84,,,3,ely_y2566_id_227,227,227,ely_y2566_id_4140,1070,1.0,5,117203,87170,3744
2566,pv_84_z_3,pv_84,,,3,ely_y2566_id_234,234,234,ely_y2566_id_4148,772,0,6,117203,87170,3744
2566,pv_84_z_3,pv_84,,,3,ely_y2566_id_192,192,192,ely_y2566_id_4142,634,0,7,117203,87170,3744
2566,pv_84_z_3,pv_84,,,3,ely_y2566_id_145,145,145,ely_y2566_id_4146,410,0,8,117203,87170,3744
2566,pv_84_z_3,pv_84,,,3,ely_y2566_id_63,,63,ely_y2566_id_4147,248,0,9,117203,87170,3744
2566,pv_84_z_3,pv_84,,,3,ely_y2566_id_189,189,189,ely_y2566_id_4149,99,0,10,117203,87170,3744
2566,pv_84_z_4,pv_84,,,4,ely_y2566_id_229,229,229,ely_y2566_id_4152,26043,31.0,1,121218,83809,3265
2566,pv_84_z_4,pv_84,,,4,ely_y2566_id_164,164,164,ely_y2566_id_4154,17036,20.0,3,121218,83809,3265
2566,pv_84_z_4,pv_84,,,4,ely_y2566_id_34,,34,ely_y2566_id_4151,8238,10.0,4,121218,83809,3265
2566,pv_84_z_4,pv_84,,,4,ely_y2566_id_63,,63,ely_y2566_id_4153,4049,4.0,5,121218,83809,3265
2566,pv_84_z_4,pv_84,,,4,ely_y2566_id_45,,45,ely_y2566_id_4158,1076,1.0,6,121218,83809,3265
2566,pv_84_z_4,pv_84,,,4,ely_y2566_id_227,227,227,ely_y2566_id_4156,916,1.0,7,121218,83809,3265
2566,pv_84_z_4,pv_84,,,4,ely_y2566_id_234,234,234,ely_y2566_id_4159,661,0,8,121218,83809,3265
2566,pv_84_z_4,pv_84,,,4,ely_y2566_id_192,192,192,ely_y2566_id_4157,503,0,9,121218,83809,3265
2566,pv_84_z_4,pv_84,,,4,ely_y2566_id_145,145,145,ely_y2566_id_4155,424,0,10,121218,83809,3265
2566,pv_84_z_4,pv_84,,,4,ely_y2566_id_226,226,226,ely_y2566_id_4162,319,0,11,121218,83809,3265
2566,pv_84_z_4,pv_84,,,4,ely_y2566_id_149,149,149,ely_y2566_id_4160,296,0,12,121218,83809,3265
2566,pv_84_z_4,pv_84,,,4,ely_y2566_id_189,189,189,ely_y2566_id_4161,210,0,13,121218,83809,3265
2566,pv_84_z_4,pv_84,,,4,ely_y2566_id_243,243,243,ely_y2566_id_4163,207,0,14,121218,83809,3265
2566,pv_84_z_5,pv_84,,,5,ely_y2566_id_229,229,229,ely_y2566_id_4166,25520,32.0,1,118628,81216,3422
2566,pv_84_z_5,pv_84,,,5,ely_y2566_id_164,164,164,ely_y2566_id_4172,19854,25.0,2,118628,81216,3422
2566,pv_84_z_5,pv_84,,,5,ely_y2566_id_1,,1,ely_y2566_id_4169,13667,17.0,3,118628,81216,3422
2566,pv_84_z_5,pv_84,,,5,ely_y2566_id_34,,34,ely_y2566_id_4171,9072,11.0,4,118628,81216,3422
2566,pv_84_z_5,pv_84,,,5,ely_y2566_id_227,227,227,ely_y2566_id_4168,3164,3.0,5,118628,81216,3422
2566,pv_84_z_5,pv_84,,,5,ely_y2566_id_63,,63,ely_y2566_id_4165,3014,3.0,6,118628,81216,3422
2566,pv_84_z_5,pv_84,,,5,ely_y2566_id_230,230,230,ely_y2566_id_4173,1440,1.0,7,118628,81216,3422
2566,pv_84_z_5,pv_84,,,5,ely_y2566_id_192,192,192,ely_y2566_id_4170,1282,1.0,8,118628,81216,3422
2566,pv_84_z_5,pv_84,,,5,ely_y2566_id_45,,45,ely_y2566_id_4167,737,0,9,118628,81216,3422
2566,pv_84_z_5,pv_84,,,5,ely_y2566_id_145,145,145,ely_y2566_id_4164,718,0,10,118628,81216,3422
2566,pv_84_z_5,pv_84,,,5,ely_y2566_id_243,243,243,ely_y2566_id_4175,513,0,11,118628,81216,3422
2566,pv_84_z_5,pv_84,,,5,ely_y2566_id_189,189,189,ely_y2566_id_4174,155,0,12,118628,81216,3422
2566,pv_84_z_6,pv_84,,,6,ely_y2566_id_63,,63,ely_y2566_id_4184,43112,47.0,1,123057,91012,3871
2566,pv_84_z_6,pv_84,,,6,ely_y2566_id_229,229,229,ely_y2566_id_4180,26801,29.0,2,123057,91012,3871
2566,pv_84_z_6,pv_84,,,6,ely_y2566_id_164,164,164,ely_y2566_id_4183,12311,13.0,3,123057,91012,3871
2566,pv_84_z_6,pv_84,,,6,ely_y2566_id_1,,1,ely_y2566_id_4177,3608,3.0,4,123057,91012,3871
2566,pv_84_z_6,pv_84,,,6,ely_y2566_id_34,,34,ely_y2566_id_4179,2834,3.0,5,123057,91012,3871
2566,pv_84_z_6,pv_84,,,6,ely_y2566_id_192,192,192,ely_y2566_id_4181,696,0,6,123057,91012,3871
2566,pv_84_z_6,pv_84,,,6,ely_y2566_id_227,227,227,ely_y2566_id_4182,637,0,7,123057,91012,3871
2566,pv_84_z_6,pv_84,,,6,ely_y2566_id_145,145,145,ely_y2566_id_4176,369,0,8,123057,91012,3871
2566,pv_84_z_6,pv_84,,,6,ely_y2566_id_234,234,234,ely_y2566_id_4178,226,0,9,123057,91012,3871
2566,pv_84_z_6,pv_84,,,6,ely_y2566_id_170,170,170,ely_y2566_id_4187,213,0,10,123057,91012,3871
2566,pv_84_z_6,pv_84,,,6,ely_y2566_id_189,189,189,ely_y2566_id_4185,69,0,12,123057,91012,3871
2566,pv_84_z_7,pv_84,,,7,ely_y2566_id_229,229,229,ely_y2566_id_4189,30359,36.0,1,119934,85780,2840
2566,pv_84_z_7,pv_84,,,7,ely_y2566_id_164,164,164,ely_y2566_id_4195,20219,24.0,2,119934,85780,2840
2566,pv_84_z_7,pv_84,,,7,ely_y2566_id_1,,1,ely_y2566_id_4196,14668,17.0,3,119934,85780,2840
2566,pv_84_z_7,pv_84,,,7,ely_y2566_id_192,192,192,ely_y2566_id_4194,5950,7.0,4,119934,85780,2840
2566,pv_84_z_7,pv_84,,,7,ely_y2566_id_187,187,187,ely_y2566_id_4192,5197,6.0,5,119934,85780,2840
2566,pv_84_z_7,pv_84,,,7,ely_y2566_id_34,,34,ely_y2566_id_4193,3023,3.0,6,119934,85780,2840
2566,pv_84_z_7,pv_84,,,7,ely_y2566_id_234,234,234,ely_y2566_id_4191,1436,1.0,7,119934,85780,2840
2566,pv_84_z_7,pv_84,,,7,ely_y2566_id_63,,63,ely_y2566_id_4190,915,1.0,8,119934,85780,2840
2566,pv_84_z_7,pv_84,,,7,ely_y2566_id_227,227,227,ely_y2566_id_4188,788,0,9,119934,85780,2840
2566,pv_84_z_7,pv_84,,,7,ely_y2566_id_145,145,145,ely_y2566_id_4197,496,0,10,119934,85780,2840
2566,pv_84_z_7,pv_84,,,7,ely_y2566_id_170,170,170,ely_y2566_id_4199,315,0,11,119934,85780,2840
2566,pv_84_z_7,pv_84,,,7,ely_y2566_id_189,189,189,ely_y2566_id_4198,158,0,12,119934,85780,2840
2566,pv_12_z_1,pv_12,,,1,ely_y2566_id_164,164,164,ely_y2566_id_2021,45615,45.0,1,139714,103275,2296
2566,pv_12_z_1,pv_12,,,1,ely_y2566_id_229,229,229,ely_y2566_id_2018,28166,27.0,2,139714,103275,2296
2566,pv_12_z_1,pv_12,,,1,ely_y2566_id_34,,34,ely_y2566_id_2023,20640,20.0,3,139714,103275,2296
2566,pv_12_z_1,pv_12,,,1,ely_y2566_id_1,,1,ely_y2566_id_2022,1473,1.0,4,139714,103275,2296
2566,pv_12_z_1,pv_12,,,1,ely_y2566_id_227,227,227,ely_y2566_id_2019,1462,1.0,5,139714,103275,2296
2566,pv_12_z_1,pv_12,,,1,ely_y2566_id_63,,63,ely_y2566_id_2017,1037,1.0,6,139714,103275,2296
2566,pv_12_z_1,pv_12,,,1,ely_y2566_id_145,145,145,ely_y2566_id_2024,1018,1.0,7,139714,103275,2296
2566,pv_12_z_1,pv_12,,,1,ely_y2566_id_192,192,192,ely_y2566_id_2020,842,0,8,139714,103275,2296
2566,pv_12_z_1,pv_12,,,1,ely_y2566_id_234,234,234,ely_y2566_id_2026,445,0,9,139714,103275,2296
2566,pv_12_z_1,pv_12,,,1,ely_y2566_id_170,170,170,ely_y2566_id_2025,0,0,10,139714,103275,2296
2566,pv_12_z_2,pv_12,,,2,ely_y2566_id_164,164,164,ely_y2566_id_2033,39086,43.0,1,123668,91672,2022
2566,pv_12_z_2,pv_12,,,2,ely_y2566_id_229,229,229,ely_y2566_id_2031,25079,27.0,2,123668,91672,2022
2566,pv_12_z_2,pv_12,,,2,ely_y2566_id_227,227,227,ely_y2566_id_2032,2473,2.0,4,123668,91672,2022
2566,pv_12_z_2,pv_12,,,2,ely_y2566_id_1,,1,ely_y2566_id_2028,1520,1.0,5,123668,91672,2022
2566,pv_12_z_2,pv_12,,,2,ely_y2566_id_192,192,192,ely_y2566_id_2030,666,0,6,123668,91672,2022
2566,pv_12_z_2,pv_12,,,2,ely_y2566_id_234,234,234,ely_y2566_id_2035,640,0,7,123668,91672,2022
2566,pv_12_z_2,pv_12,,,2,ely_y2566_id_145,145,145,ely_y2566_id_2029,611,0,8,123668,91672,2022
2566,pv_12_z_2,pv_12,,,2,ely_y2566_id_228,228,228,ely_y2566_id_2027,333,0,9,123668,91672,2022
2566,pv_12_z_2,pv_12,,,2,ely_y2566_id_189,189,189,ely_y2566_id_2037,103,0,10,123668,91672,2022
2566,pv_12_z_2,pv_12,,,2,ely_y2566_id_170,170,170,ely_y2566_id_2036,72,0,11,123668,91672,2022
2566,pv_12_z_3,pv_12,,,3,ely_y2566_id_164,164,164,ely_y2566_id_2040,44369,44.0,1,133307,102620,2004
2566,pv_12_z_3,pv_12,,,3,ely_y2566_id_229,229,229,ely_y2566_id_2044,25626,25.0,2,133307,102620,2004
2566,pv_12_z_3,pv_12,,,3,ely_y2566_id_34,,34,ely_y2566_id_2042,17148,17.0,3,133307,102620,2004
2566,pv_12_z_3,pv_12,,,3,ely_y2566_id_227,227,227,ely_y2566_id_2046,5334,5.0,4,133307,102620,2004
2566,pv_12_z_3,pv_12,,,3,ely_y2566_id_192,192,192,ely_y2566_id_2045,3361,3.0,5,133307,102620,2004
2566,pv_12_z_3,pv_12,,,3,ely_y2566_id_1,,1,ely_y2566_id_2043,1636,1.0,6,133307,102620,2004
2566,pv_12_z_3,pv_12,,,3,ely_y2566_id_145,145,145,ely_y2566_id_2038,1101,1.0,7,133307,102620,2004
2566,pv_12_z_3,pv_12,,,3,ely_y2566_id_63,,63,ely_y2566_id_2039,774,0,8,133307,102620,2004
2566,pv_12_z_3,pv_12,,,3,ely_y2566_id_170,170,170,ely_y2566_id_2041,367,0,9,133307,102620,2004
2566,pv_12_z_3,pv_12,,,3,ely_y2566_id_234,234,234,ely_y2566_id_2048,332,0,10,133307,102620,2004
2566,pv_12_z_3,pv_12,,,3,ely_y2566_id_189,189,189,ely_y2566_id_2049,176,0,11,133307,102620,2004
2566,pv_12_z_3,pv_12,,,3,ely_y2566_id_198,198,198,ely_y2566_id_2047,88,0,12,133307,102620,2004
2566,pv_12_z_4,pv_12,,,4,ely_y2566_id_164,164,164,ely_y2566_id_2051,36249,39.0,1,126831,93077,1571
2566,pv_12_z_4,pv_12,,,4,ely_y2566_id_229,229,229,ely_y2566_id_2057,25442,27.0,2,126831,93077,1571
2566,pv_12_z_4,pv_12,,,4,ely_y2566_id_34,,34,ely_y2566_id_2054,24446,26.0,3,126831,93077,1571
2566,pv_12_z_4,pv_12,,,4,ely_y2566_id_1,,1,ely_y2566_id_2055,1395,1.0,4,126831,93077,1571
2566,pv_12_z_4,pv_12,,,4,ely_y2566_id_227,227,227,ely_y2566_id_2050,850,0,5,126831,93077,1571
2566,pv_12_z_4,pv_12,,,4,ely_y2566_id_63,,63,ely_y2566_id_2056,749,0,6,126831,93077,1571
2566,pv_12_z_4,pv_12,,,4,ely_y2566_id_192,192,192,ely_y2566_id_2058,611,0,7,126831,93077,1571
2566,pv_12_z_4,pv_12,,,4,ely_y2566_id_145,145,145,ely_y2566_id_2059,579,0,8,126831,93077,1571
2566,pv_12_z_4,pv_12,,,4,ely_y2566_id_180,180,180,ely_y2566_id_2053,433,0,9,126831,93077,1571
2566,pv_12_z_4,pv_12,,,4,ely_y2566_id_234,234,234,ely_y2566_id_2060,282,0,10,126831,93077,1571
2566,pv_12_z_4,pv_12,,,4,ely_y2566_id_170,170,170,ely_y2566_id_2052,281,0,11,126831,93077,1571
2566,pv_12_z_5,pv_12,,,5,ely_y2566_id_164,164,164,ely_y2566_id_2061,48055,50.0,1,130916,98032,2953
2566,pv_12_z_5,pv_12,,,5,ely_y2566_id_34,,34,ely_y2566_id_2066,19897,21.0,2,130916,98032,2953
2566,pv_12_z_5,pv_12,,,5,ely_y2566_id_229,229,229,ely_y2566_id_2062,14684,15.0,3,130916,98032,2953
2566,pv_12_z_5,pv_12,,,5,ely_y2566_id_192,192,192,ely_y2566_id_2063,4618,4.0,4,130916,98032,2953
2566,pv_12_z_5,pv_12,,,5,ely_y2566_id_1,,1,ely_y2566_id_2064,3469,3.0,5,130916,98032,2953
2566,pv_12_z_5,pv_12,,,5,ely_y2566_id_63,,63,ely_y2566_id_2067,2145,2.0,6,130916,98032,2953
2566,pv_12_z_5,pv_12,,,5,ely_y2566_id_145,145,145,ely_y2566_id_2068,856,0,7,130916,98032,2953
2566,pv_12_z_5,pv_12,,,5,ely_y2566_id_234,234,234,ely_y2566_id_2069,669,0,8,130916,98032,2953
2566,pv_12_z_5,pv_12,,,5,ely_y2566_id_170,170,170,ely_y2566_id_2065,0,0,9,130916,98032,2953
2566,pv_12_z_6,pv_12,,,6,ely_y2566_id_164,164,164,ely_y2566_id_2070,48169,47.0,1,135099,103108,2252
2566,pv_12_z_6,pv_12,,,6,ely_y2566_id_229,229,229,ely_y2566_id_2071,24252,24.0,2,135099,103108,2252
2566,pv_12_z_6,pv_12,,,6,ely_y2566_id_192,192,192,ely_y2566_id_2074,1557,1.0,4,135099,103108,2252
2566,pv_12_z_6,pv_12,,,6,ely_y2566_id_1,,1,ely_y2566_id_2072,1454,1.0,5,135099,103108,2252
2566,pv_12_z_6,pv_12,,,6,ely_y2566_id_145,145,145,ely_y2566_id_2073,785,0,6,135099,103108,2252
2566,pv_12_z_6,pv_12,,,6,ely_y2566_id_63,,63,ely_y2566_id_2076,590,0,7,135099,103108,2252
2566,pv_12_z_6,pv_12,,,6,ely_y2566_id_234,234,234,ely_y2566_id_2078,467,0,8,135099,103108,2252
2566,pv_12_z_6,pv_12,,,6,ely_y2566_id_170,170,170,ely_y2566_id_2077,176,0,9,135099,103108,2252
2566,pv_12_z_7,pv_12,,,7,ely_y2566_id_164,164,164,ely_y2566_id_2085,41356,41.0,1,134546,101757,2356
2566,pv_12_z_7,pv_12,,,7,ely_y2566_id_34,,34,ely_y2566_id_2086,16098,16.0,2,134546,101757,2356
2566,pv_12_z_7,pv_12,,,7,ely_y2566_id_63,,63,ely_y2566_id_2087,12854,12.0,3,134546,101757,2356
2566,pv_12_z_7,pv_12,,,7,ely_y2566_id_1,,1,ely_y2566_id_2084,11299,11.0,4,134546,101757,2356
2566,pv_12_z_7,pv_12,,,7,ely_y2566_id_229,229,229,ely_y2566_id_2080,10679,10.0,5,134546,101757,2356
2566,pv_12_z_7,pv_12,,,7,ely_y2566_id_192,192,192,ely_y2566_id_2079,5567,5.0,6,134546,101757,2356
2566,pv_12_z_7,pv_12,,,7,ely_y2566_id_45,,45,ely_y2566_id_2081,880,0,7,134546,101757,2356
2566,pv_12_z_7,pv_12,,,7,ely_y2566_id_145,145,145,ely_y2566_id_2083,748,0,8,134546,101757,2356
2566,pv_12_z_7,pv_12,,,7,ely_y2566_id_170,170,170,ely_y2566_id_2082,236,0,9,134546,101757,2356
2566,pv_12_z_7,pv_12,,,7,ely_y2566_id_234,234,234,ely_y2566_id_2088,227,0,10,134546,101757,2356
2566,pv_12_z_8,pv_12,,,8,ely_y2566_id_164,164,164,ely_y2566_id_2091,41734,43.0,1,132133,99159,3080
2566,pv_12_z_8,pv_12,,,8,ely_y2566_id_34,,34,ely_y2566_id_2092,24335,25.0,2,132133,99159,3080
2566,pv_12_z_8,pv_12,,,8,ely_y2566_id_63,,63,ely_y2566_id_2094,14090,14.0,3,132133,99159,3080
2566,pv_12_z_8,pv_12,,,8,ely_y2566_id_229,229,229,ely_y2566_id_2090,11475,11.0,4,132133,99159,3080
2566,pv_12_z_8,pv_12,,,8,ely_y2566_id_1,,1,ely_y2566_id_2095,1868,1.0,5,132133,99159,3080
2566,pv_12_z_8,pv_12,,,8,ely_y2566_id_227,227,227,ely_y2566_id_2089,1049,1.0,6,132133,99159,3080
2566,pv_12_z_8,pv_12,,,8,ely_y2566_id_145,145,145,ely_y2566_id_2093,918,0,7,132133,99159,3080
2566,pv_12_z_8,pv_12,,,8,ely_y2566_id_192,192,192,ely_y2566_id_2099,469,0,8,132133,99159,3080
2566,pv_12_z_8,pv_12,,,8,ely_y2566_id_234,234,234,ely_y2566_id_2098,283,0,9,132133,99159,3080
2566,pv_12_z_8,pv_12,,,8,ely_y2566_id_170,170,170,ely_y2566_id_2096,0,0,10,132133,99159,3080
2566,pv_12_z_8,pv_12,,,8,ely_y2566_id_198,198,198,ely_y2566_id_2097,0,0,11,132133,99159,3080
2566,pv_45_z_1,pv_45,,,1,ely_y2566_id_55,,55,ely_y2566_id_3111,40436,43.0,1,126208,93870,2705
2566,pv_45_z_1,pv_45,,,1,ely_y2566_id_34,,34,ely_y2566_id_3105,32318,34.0,2,126208,93870,2705
2566,pv_45_z_1,pv_45,,,1,ely_y2566_id_164,164,164,ely_y2566_id_3112,16306,17.0,3,126208,93870,2705
2566,pv_45_z_1,pv_45,,,1,ely_y2566_id_229,229,229,ely_y2566_id_3109,1087,1.0,4,126208,93870,2705
2566,pv_45_z_1,pv_45,,,1,ely_y2566_id_192,192,192,ely_y2566_id_3104,1029,1.0,5,126208,93870,2705
2566,pv_45_z_1,pv_45,,,1,ely_y2566_id_145,145,145,ely_y2566_id_3103,545,0,6,126208,93870,2705
2566,pv_45_z_1,pv_45,,,1,ely_y2566_id_1,,1,ely_y2566_id_3106,528,0,7,126208,93870,2705
2566,pv_45_z_1,pv_45,,,1,ely_y2566_id_45,,45,ely_y2566_id_3107,436,0,8,126208,93870,2705
2566,pv_45_z_1,pv_45,,,1,ely_y2566_id_227,227,227,ely_y2566_id_3110,376,0,9,126208,93870,2705
2566,pv_45_z_1,pv_45,,,1,ely_y2566_id_189,189,189,ely_y2566_id_3115,360,0,10,126208,93870,2705
2566,pv_45_z_1,pv_45,,,1,ely_y2566_id_63,,63,ely_y2566_id_3108,205,0,11,126208,93870,2705
2566,pv_45_z_1,pv_45,,,1,ely_y2566_id_252,252,252,ely_y2566_id_3113,117,0,12,126208,93870,2705
2566,pv_45_z_1,pv_45,,,1,ely_y2566_id_234,234,234,ely_y2566_id_3114,69,0,13,126208,93870,2705
2566,pv_45_z_1,pv_45,,,1,ely_y2566_id_184,184,184,ely_y2566_id_3116,58,0,14,126208,93870,2705
2566,pv_45_z_2,pv_45,,,2,ely_y2566_id_34,,34,ely_y2566_id_3119,33466,36.0,1,136449,92804,3103
2566,pv_45_z_2,pv_45,,,2,ely_y2566_id_164,164,164,ely_y2566_id_3121,27477,29.0,2,136449,92804,3103
2566,pv_45_z_2,pv_45,,,2,ely_y2566_id_192,192,192,ely_y2566_id_3124,26568,28.0,3,136449,92804,3103
2566,pv_45_z_2,pv_45,,,2,ely_y2566_id_229,229,229,ely_y2566_id_3123,884,0,4,136449,92804,3103
2566,pv_45_z_2,pv_45,,,2,ely_y2566_id_186,186,186,ely_y2566_id_3117,876,0,5,136449,92804,3103
2566,pv_45_z_2,pv_45,,,2,ely_y2566_id_63,,63,ely_y2566_id_3120,811,0,6,136449,92804,3103
2566,pv_45_z_2,pv_45,,,2,ely_y2566_id_227,227,227,ely_y2566_id_3118,770,0,7,136449,92804,3103
2566,pv_45_z_2,pv_45,,,2,ely_y2566_id_1,,1,ely_y2566_id_3122,522,0,8,136449,92804,3103
2566,pv_45_z_2,pv_45,,,2,ely_y2566_id_145,145,145,ely_y2566_id_3125,487,0,9,136449,92804,3103
2566,pv_45_z_2,pv_45,,,2,ely_y2566_id_170,170,170,ely_y2566_id_3127,171,0,10,136449,92804,3103
2566,pv_45_z_2,pv_45,,,2,ely_y2566_id_234,234,234,ely_y2566_id_3126,161,0,11,136449,92804,3103
2566,pv_45_z_2,pv_45,,,2,ely_y2566_id_235,235,235,ely_y2566_id_3128,82,0,12,136449,92804,3103
2566,pv_45_z_3,pv_45,,,3,ely_y2566_id_192,192,192,ely_y2566_id_3130,39181,44.0,1,132389,87513,2950
2566,pv_45_z_3,pv_45,,,3,ely_y2566_id_34,,34,ely_y2566_id_3131,31093,35.0,2,132389,87513,2950
2566,pv_45_z_3,pv_45,,,3,ely_y2566_id_164,164,164,ely_y2566_id_3134,13005,14.0,3,132389,87513,2950
2566,pv_45_z_3,pv_45,,,3,ely_y2566_id_189,189,189,ely_y2566_id_3141,745,0,4,132389,87513,2950
2566,pv_45_z_3,pv_45,,,3,ely_y2566_id_227,227,227,ely_y2566_id_3133,623,0,5,132389,87513,2950
2566,pv_45_z_3,pv_45,,,3,ely_y2566_id_229,229,229,ely_y2566_id_3138,605,0,6,132389,87513,2950
2566,pv_45_z_3,pv_45,,,3,ely_y2566_id_109,,109,ely_y2566_id_3129,528,0,7,132389,87513,2950
2566,pv_45_z_3,pv_45,,,3,ely_y2566_id_180,180,180,ely_y2566_id_3137,361,0,8,132389,87513,2950
2566,pv_45_z_3,pv_45,,,3,ely_y2566_id_234,234,234,ely_y2566_id_3140,353,0,9,132389,87513,2950
2566,pv_45_z_3,pv_45,,,3,ely_y2566_id_1,,1,ely_y2566_id_3132,345,0,10,132389,87513,2950
2566,pv_45_z_3,pv_45,,,3,ely_y2566_id_145,145,145,ely_y2566_id_3135,295,0,11,132389,87513,2950
2566,pv_45_z_3,pv_45,,,3,ely_y2566_id_63,,63,ely_y2566_id_3136,255,0,12,132389,87513,2950
2566,pv_45_z_3,pv_45,,,3,ely_y2566_id_186,186,186,ely_y2566_id_3139,124,0,13,132389,87513,2950
2566,pv_45_z_4,pv_45,,,4,ely_y2566_id_192,192,192,ely_y2566_id_3151,25853,31.0,2,129800,84220,3216
2566,pv_45_z_4,pv_45,,,4,ely_y2566_id_164,164,164,ely_y2566_id_3148,15691,18.0,3,129800,84220,3216
2566,pv_45_z_4,pv_45,,,4,ely_y2566_id_227,227,227,ely_y2566_id_3144,1376,1.0,4,129800,84220,3216
2566,pv_45_z_4,pv_45,,,4,ely_y2566_id_63,,63,ely_y2566_id_3146,1106,1.0,5,129800,84220,3216
2566,pv_45_z_4,pv_45,,,4,ely_y2566_id_145,145,145,ely_y2566_id_3142,697,0,6,129800,84220,3216
2566,pv_45_z_4,pv_45,,,4,ely_y2566_id_1,,1,ely_y2566_id_3149,443,0,7,129800,84220,3216
2566,pv_45_z_4,pv_45,,,4,ely_y2566_id_186,186,186,ely_y2566_id_3147,357,0,8,129800,84220,3216
2566,pv_45_z_4,pv_45,,,4,ely_y2566_id_184,184,184,ely_y2566_id_3152,319,0,9,129800,84220,3216
2566,pv_45_z_4,pv_45,,,4,ely_y2566_id_185,185,185,ely_y2566_id_3143,200,0,10,129800,84220,3216
2566,pv_45_z_4,pv_45,,,4,ely_y2566_id_189,189,189,ely_y2566_id_3154,135,0,11,129800,84220,3216
2566,pv_45_z_4,pv_45,,,4,ely_y2566_id_234,234,234,ely_y2566_id_3153,128,0,12,129800,84220,3216
2566,pv_45_z_4,pv_45,,,4,ely_y2566_id_229,229,229,ely_y2566_id_3145,0,0,13,129800,84220,3216
2566,pv_45_z_5,pv_45,,,5,ely_y2566_id_34,,34,ely_y2566_id_3157,61288,72.0,1,133547,84879,3033
2566,pv_45_z_5,pv_45,,,5,ely_y2566_id_164,164,164,ely_y2566_id_3162,15201,18.0,2,133547,84879,3033
2566,pv_45_z_5,pv_45,,,5,ely_y2566_id_229,229,229,ely_y2566_id_3161,2910,3.0,3,133547,84879,3033
2566,pv_45_z_5,pv_45,,,5,ely_y2566_id_63,,63,ely_y2566_id_3156,1615,1.0,4,133547,84879,3033
2566,pv_45_z_5,pv_45,,,5,ely_y2566_id_192,192,192,ely_y2566_id_3160,841,1.0,5,133547,84879,3033
2566,pv_45_z_5,pv_45,,,5,ely_y2566_id_145,145,145,ely_y2566_id_3159,639,0,6,133547,84879,3033
2566,pv_45_z_5,pv_45,,,5,ely_y2566_id_227,227,227,ely_y2566_id_3155,531,0,7,133547,84879,3033
2566,pv_45_z_5,pv_45,,,5,ely_y2566_id_1,,1,ely_y2566_id_3158,510,0,8,133547,84879,3033
2566,pv_45_z_5,pv_45,,,5,ely_y2566_id_226,226,226,ely_y2566_id_3163,325,0,9,133547,84879,3033
2566,pv_45_z_5,pv_45,,,5,ely_y2566_id_234,234,234,ely_y2566_id_3164,153,0,10,133547,84879,3033
2566,pv_45_z_6,pv_45,,,6,ely_y2566_id_34,,34,ely_y2566_id_3169,36878,43.0,1,130379,85210,2875
2566,pv_45_z_6,pv_45,,,6,ely_y2566_id_63,,63,ely_y2566_id_3170,16306,19.0,2,130379,85210,2875
2566,pv_45_z_6,pv_45,,,6,ely_y2566_id_164,164,164,ely_y2566_id_3167,12838,15.0,3,130379,85210,2875
2566,pv_45_z_6,pv_45,,,6,ely_y2566_id_227,227,227,ely_y2566_id_3173,10603,12.0,4,130379,85210,2875
2566,pv_45_z_6,pv_45,,,6,ely_y2566_id_192,192,192,ely_y2566_id_3166,4358,5.0,5,130379,85210,2875
2566,pv_45_z_6,pv_45,,,6,ely_y2566_id_229,229,229,ely_y2566_id_3168,1322,1.0,6,130379,85210,2875
2566,pv_45_z_6,pv_45,,,6,ely_y2566_id_145,145,145,ely_y2566_id_3165,1158,1.0,7,130379,85210,2875
2566,pv_45_z_6,pv_45,,,6,ely_y2566_id_1,,1,ely_y2566_id_3171,357,0,8,130379,85210,2875
2566,pv_45_z_6,pv_45,,,6,ely_y2566_id_241,241,241,ely_y2566_id_3172,230,0,9,130379,85210,2875
2566,pv_45_z_6,pv_45,,,6,ely_y2566_id_234,234,234,ely_y2566_id_3176,175,0,10,130379,85210,2875
2566,pv_45_z_6,pv_45,,,6,ely_y2566_id_185,185,185,ely_y2566_id_3174,153,0,11,130379,85210,2875
2566,pv_45_z_7,pv_45,,,7,ely_y2566_id_227,227,227,ely_y2566_id_3180,42492,47.0,1,134249,89541,2459
2566,pv_45_z_7,pv_45,,,7,ely_y2566_id_164,164,164,ely_y2566_id_3182,11980,13.0,3,134249,89541,2459
2566,pv_45_z_7,pv_45,,,7,ely_y2566_id_63,,63,ely_y2566_id_3184,6502,7.0,4,134249,89541,2459
2566,pv_45_z_7,pv_45,,,7,ely_y2566_id_192,192,192,ely_y2566_id_3181,3753,4.0,5,134249,89541,2459
2566,pv_45_z_7,pv_45,,,7,ely_y2566_id_55,,55,ely_y2566_id_3187,1300,1.0,6,134249,89541,2459
2566,pv_45_z_7,pv_45,,,7,ely_y2566_id_145,145,145,ely_y2566_id_3185,691,0,7,134249,89541,2459
2566,pv_45_z_7,pv_45,,,7,ely_y2566_id_229,229,229,ely_y2566_id_3177,540,0,8,134249,89541,2459
2566,pv_45_z_7,pv_45,,,7,ely_y2566_id_189,189,189,ely_y2566_id_3190,479,0,9,134249,89541,2459
2566,pv_45_z_7,pv_45,,,7,ely_y2566_id_149,149,149,ely_y2566_id_3179,303,0,10,134249,89541,2459
2566,pv_45_z_7,pv_45,,,7,ely_y2566_id_1,,1,ely_y2566_id_3178,211,0,11,134249,89541,2459
2566,pv_45_z_7,pv_45,,,7,ely_y2566_id_234,234,234,ely_y2566_id_3189,83,0,12,134249,89541,2459
2566,pv_45_z_7,pv_45,,,7,ely_y2566_id_226,226,226,ely_y2566_id_3188,67,0,14,134249,89541,2459
2566,pv_45_z_8,pv_45,,,8,ely_y2566_id_34,,34,ely_y2566_id_3194,47305,52.0,1,131683,90499,2618
2566,pv_45_z_8,pv_45,,,8,ely_y2566_id_227,227,227,ely_y2566_id_3195,20828,23.0,2,131683,90499,2618
2566,pv_45_z_8,pv_45,,,8,ely_y2566_id_164,164,164,ely_y2566_id_3192,15533,17.0,3,131683,90499,2618
2566,pv_45_z_8,pv_45,,,8,ely_y2566_id_63,,63,ely_y2566_id_3191,2337,2.0,4,131683,90499,2618
2566,pv_45_z_8,pv_45,,,8,ely_y2566_id_229,229,229,ely_y2566_id_3196,1117,1.0,5,131683,90499,2618
2566,pv_45_z_8,pv_45,,,8,ely_y2566_id_1,,1,ely_y2566_id_3193,751,0,6,131683,90499,2618
2566,pv_45_z_8,pv_45,,,8,ely_y2566_id_192,192,192,ely_y2566_id_3198,627,0,7,131683,90499,2618
2566,pv_45_z_8,pv_45,,,8,ely_y2566_id_184,184,184,ely_y2566_id_3204,491,0,8,131683,90499,2618
2566,pv_45_z_8,pv_45,,,8,ely_y2566_id_145,145,145,ely_y2566_id_3197,445,0,9,131683,90499,2618
2566,pv_45_z_8,pv_45,,,8,ely_y2566_id_234,234,234,ely_y2566_id_3205,359,0,10,131683,90499,2618
2566,pv_45_z_8,pv_45,,,8,ely_y2566_id_109,,109,ely_y2566_id_3199,305,0,11,131683,90499,2618
2566,pv_45_z_8,pv_45,,,8,ely_y2566_id_170,170,170,ely_y2566_id_3202,105,0,12,131683,90499,2618
2566,pv_45_z_8,pv_45,,,8,ely_y2566_id_226,226,226,ely_y2566_id_3200,93,0,13,131683,90499,2618
2566,pv_45_z_8,pv_45,,,8,ely_y2566_id_235,235,235,ely_y2566_id_3203,92,0,14,131683,90499,2618
2566,pv_45_z_8,pv_45,,,8,ely_y2566_id_185,185,185,ely_y2566_id_3201,86,0,15,131683,90499,2618
2566,pv_45_z_8,pv_45,,,8,ely_y2566_id_189,189,189,ely_y2566_id_3206,25,0,16,131683,90499,2618
2566,pv_11_z_1,pv_11,,,1,ely_y2566_id_164,164,164,ely_y2566_id_3823,46383,48.0,1,127532,96122,2501
2566,pv_11_z_1,pv_11,,,1,ely_y2566_id_192,192,192,ely_y2566_id_3825,21460,22.0,2,127532,96122,2501
2566,pv_11_z_1,pv_11,,,1,ely_y2566_id_34,,34,ely_y2566_id_3826,13889,14.0,3,127532,96122,2501
2566,pv_11_z_1,pv_11,,,1,ely_y2566_id_229,229,229,ely_y2566_id_3821,9612,10.0,4,127532,96122,2501
2566,pv_11_z_1,pv_11,,,1,ely_y2566_id_1,,1,ely_y2566_id_3827,1140,1.0,5,127532,96122,2501
2566,pv_11_z_1,pv_11,,,1,ely_y2566_id_145,145,145,ely_y2566_id_3822,1124,1.0,6,127532,96122,2501
2566,pv_11_z_1,pv_11,,,1,ely_y2566_id_45,,45,ely_y2566_id_3824,491,0,7,127532,96122,2501
2566,pv_11_z_1,pv_11,,,1,ely_y2566_id_227,227,227,ely_y2566_id_3828,478,0,8,127532,96122,2501
2566,pv_11_z_1,pv_11,,,1,ely_y2566_id_234,234,234,ely_y2566_id_3829,276,0,9,127532,96122,2501
2566,pv_11_z_1,pv_11,,,1,ely_y2566_id_63,,63,ely_y2566_id_3830,160,0,10,127532,96122,2501
2566,pv_11_z_1,pv_11,,,1,ely_y2566_id_189,189,189,ely_y2566_id_3831,97,0,11,127532,96122,2501
2566,pv_11_z_2,pv_11,,,2,ely_y2566_id_164,164,164,ely_y2566_id_3833,43435,45.0,1,125227,95701,2515
2566,pv_11_z_2,pv_11,,,2,ely_y2566_id_192,192,192,ely_y2566_id_3837,24725,26.0,2,125227,95701,2515
2566,pv_11_z_2,pv_11,,,2,ely_y2566_id_34,,34,ely_y2566_id_3836,18029,18.0,3,125227,95701,2515
2566,pv_11_z_2,pv_11,,,2,ely_y2566_id_229,229,229,ely_y2566_id_3832,5389,5.0,4,125227,95701,2515
2566,pv_11_z_2,pv_11,,,2,ely_y2566_id_1,,1,ely_y2566_id_3839,828,0,5,125227,95701,2515
2566,pv_11_z_2,pv_11,,,2,ely_y2566_id_227,227,227,ely_y2566_id_3838,687,0,6,125227,95701,2515
2566,pv_11_z_2,pv_11,,,2,ely_y2566_id_186,186,186,ely_y2566_id_3834,571,0,7,125227,95701,2515
2566,pv_11_z_2,pv_11,,,2,ely_y2566_id_145,145,145,ely_y2566_id_3835,510,0,8,125227,95701,2515
2566,pv_11_z_2,pv_11,,,2,ely_y2566_id_234,234,234,ely_y2566_id_3840,383,0,9,125227,95701,2515
2566,pv_11_z_2,pv_11,,,2,ely_y2566_id_63,,63,ely_y2566_id_3841,128,0,10,125227,95701,2515
2566,pv_11_z_2,pv_11,,,2,ely_y2566_id_189,189,189,ely_y2566_id_3843,128,0,11,125227,95701,2515
2566,pv_11_z_2,pv_11,,,2,ely_y2566_id_240,240,240,ely_y2566_id_3842,113,0,12,125227,95701,2515
2566,pv_11_z_3,pv_11,,,3,ely_y2566_id_164,164,164,ely_y2566_id_3845,50177,49.0,1,141111,102265,2373
2566,pv_11_z_3,pv_11,,,3,ely_y2566_id_192,192,192,ely_y2566_id_3849,17067,16.0,3,141111,102265,2373
2566,pv_11_z_3,pv_11,,,3,ely_y2566_id_229,229,229,ely_y2566_id_3848,12131,11.0,4,141111,102265,2373
2566,pv_11_z_3,pv_11,,,3,ely_y2566_id_1,,1,ely_y2566_id_3847,1343,1.0,5,141111,102265,2373
2566,pv_11_z_3,pv_11,,,3,ely_y2566_id_145,145,145,ely_y2566_id_3846,1205,1.0,6,141111,102265,2373
2566,pv_11_z_3,pv_11,,,3,ely_y2566_id_227,227,227,ely_y2566_id_3850,733,0,7,141111,102265,2373
2566,pv_11_z_3,pv_11,,,3,ely_y2566_id_234,234,234,ely_y2566_id_3852,472,0,8,141111,102265,2373
2566,pv_11_z_3,pv_11,,,3,ely_y2566_id_63,,63,ely_y2566_id_3851,302,0,9,141111,102265,2373
2566,pv_11_z_3,pv_11,,,3,ely_y2566_id_189,189,189,ely_y2566_id_3854,130,0,10,141111,102265,2373
2566,pv_11_z_3,pv_11,,,3,ely_y2566_id_240,240,240,ely_y2566_id_3853,64,0,11,141111,102265,2373
2566,pv_11_z_4,pv_11,,,4,ely_y2566_id_164,164,164,ely_y2566_id_3860,49043,50.0,1,126803,98461,1909
2566,pv_11_z_4,pv_11,,,4,ely_y2566_id_229,229,229,ely_y2566_id_3856,19038,19.0,2,126803,98461,1909
2566,pv_11_z_4,pv_11,,,4,ely_y2566_id_34,,34,ely_y2566_id_3858,13098,13.0,3,126803,98461,1909
2566,pv_11_z_4,pv_11,,,4,ely_y2566_id_192,192,192,ely_y2566_id_3855,11930,12.0,4,126803,98461,1909
2566,pv_11_z_4,pv_11,,,4,ely_y2566_id_1,,1,ely_y2566_id_3859,1210,1.0,5,126803,98461,1909
2566,pv_11_z_4,pv_11,,,4,ely_y2566_id_145,145,145,ely_y2566_id_3857,822,0,6,126803,98461,1909
2566,pv_11_z_4,pv_11,,,4,ely_y2566_id_227,227,227,ely_y2566_id_3861,774,0,7,126803,98461,1909
2566,pv_11_z_4,pv_11,,,4,ely_y2566_id_63,,63,ely_y2566_id_3863,418,0,8,126803,98461,1909
2566,pv_11_z_4,pv_11,,,4,ely_y2566_id_234,234,234,ely_y2566_id_3862,283,0,9,126803,98461,1909
2566,pv_11_z_4,pv_11,,,4,ely_y2566_id_240,240,240,ely_y2566_id_3864,84,0,10,126803,98461,1909
2566,pv_11_z_5,pv_11,,,5,ely_y2566_id_164,164,164,ely_y2566_id_3869,60282,52.0,1,151316,116109,2338
2566,pv_11_z_5,pv_11,,,5,ely_y2566_id_34,,34,ely_y2566_id_3865,22505,19.0,2,151316,116109,2338
2566,pv_11_z_5,pv_11,,,5,ely_y2566_id_192,192,192,ely_y2566_id_3871,19474,17.0,3,151316,116109,2338
2566,pv_11_z_5,pv_11,,,5,ely_y2566_id_229,229,229,ely_y2566_id_3867,7555,6.0,4,151316,116109,2338
2566,pv_11_z_5,pv_11,,,5,ely_y2566_id_1,,1,ely_y2566_id_3870,1568,1.0,5,151316,116109,2338
2566,pv_11_z_5,pv_11,,,5,ely_y2566_id_145,145,145,ely_y2566_id_3868,1009,0,6,151316,116109,2338
2566,pv_11_z_5,pv_11,,,5,ely_y2566_id_227,227,227,ely_y2566_id_3866,912,0,7,151316,116109,2338
2566,pv_11_z_5,pv_11,,,5,ely_y2566_id_234,234,234,ely_y2566_id_3873,436,0,8,151316,116109,2338
2566,pv_11_z_5,pv_11,,,5,ely_y2566_id_63,,63,ely_y2566_id_3872,394,0,9,151316,116109,2338
2566,pv_11_z_5,pv_11,,,5,ely_y2566_id_189,189,189,ely_y2566_id_3875,191,0,10,151316,116109,2338
2566,pv_11_z_5,pv_11,,,5,ely_y2566_id_240,240,240,ely_y2566_id_3874,60,0,11,151316,116109,2338
2566,pv_11_z_6,pv_11,,,6,ely_y2566_id_164,164,164,ely_y2566_id_3883,37730,39.0,1,132580,97956,3156
2566,pv_11_z_6,pv_11,,,6,ely_y2566_id_192,192,192,ely_y2566_id_3880,20909,21.0,2,132580,97956,3156
2566,pv_11_z_6,pv_11,,,6,ely_y2566_id_34,,34,ely_y2566_id_3881,18457,19.0,3,132580,97956,3156
2566,pv_11_z_6,pv_11,,,6,ely_y2566_id_229,229,229,ely_y2566_id_3882,16670,17.0,4,132580,97956,3156
2566,pv_11_z_6,pv_11,,,6,ely_y2566_id_1,,1,ely_y2566_id_3877,742,0,5,132580,97956,3156
2566,pv_11_z_6,pv_11,,,6,ely_y2566_id_45,,45,ely_y2566_id_3876,656,0,6,132580,97956,3156
2566,pv_11_z_6,pv_11,,,6,ely_y2566_id_227,227,227,ely_y2566_id_3879,548,0,7,132580,97956,3156
2566,pv_11_z_6,pv_11,,,6,ely_y2566_id_145,145,145,ely_y2566_id_3878,478,0,8,132580,97956,3156
2566,pv_11_z_6,pv_11,,,6,ely_y2566_id_63,,63,ely_y2566_id_3886,233,0,9,132580,97956,3156
2566,pv_11_z_6,pv_11,,,6,ely_y2566_id_234,234,234,ely_y2566_id_3887,166,0,10,132580,97956,3156
2566,pv_11_z_6,pv_11,,,6,ely_y2566_id_189,189,189,ely_y2566_id_3885,83,0,11,132580,97956,3156
2566,pv_11_z_6,pv_11,,,6,ely_y2566_id_205,205,205,ely_y2566_id_3884,0,0,12,132580,97956,3156
2566,pv_11_z_7,pv_11,,,7,ely_y2566_id_164,164,164,ely_y2566_id_3889,39151,35.0,1,139854,109282,3125
2566,pv_11_z_7,pv_11,,,7,ely_y2566_id_229,229,229,ely_y2566_id_3895,27455,25.0,2,139854,109282,3125
2566,pv_11_z_7,pv_11,,,7,ely_y2566_id_34,,34,ely_y2566_id_3894,20638,18.0,3,139854,109282,3125
2566,pv_11_z_7,pv_11,,,7,ely_y2566_id_192,192,192,ely_y2566_id_3888,19838,18.0,4,139854,109282,3125
2566,pv_11_z_7,pv_11,,,7,ely_y2566_id_145,145,145,ely_y2566_id_3890,497,0,5,139854,109282,3125
2566,pv_11_z_7,pv_11,,,7,ely_y2566_id_227,227,227,ely_y2566_id_3893,483,0,6,139854,109282,3125
2566,pv_11_z_7,pv_11,,,7,ely_y2566_id_1,,1,ely_y2566_id_3891,369,0,7,139854,109282,3125
2566,pv_11_z_7,pv_11,,,7,ely_y2566_id_45,,45,ely_y2566_id_3892,335,0,8,139854,109282,3125
2566,pv_11_z_7,pv_11,,,7,ely_y2566_id_63,,63,ely_y2566_id_3896,251,0,9,139854,109282,3125
2566,pv_11_z_7,pv_11,,,7,ely_y2566_id_189,189,189,ely_y2566_id_3898,150,0,10,139854,109282,3125
2566,pv_11_z_7,pv_11,,,7,ely_y2566_id_234,234,234,ely_y2566_id_3897,65,0,11,139854,109282,3125
2566,pv_11_z_8,pv_11,,,8,ely_y2566_id_164,164,164,ely_y2566_id_3902,46539,43.0,1,144807,108741,3136
2566,pv_11_z_8,pv_11,,,8,ely_y2566_id_34,,34,ely_y2566_id_3905,24814,23.0,2,144807,108741,3136
2566,pv_11_z_8,pv_11,,,8,ely_y2566_id_192,192,192,ely_y2566_id_3904,24764,23.0,3,144807,108741,3136
2566,pv_11_z_8,pv_11,,,8,ely_y2566_id_229,229,229,ely_y2566_id_3906,5451,5.0,4,144807,108741,3136
2566,pv_11_z_8,pv_11,,,8,ely_y2566_id_1,,1,ely_y2566_id_3899,1540,1.0,5,144807,108741,3136
2566,pv_11_z_8,pv_11,,,8,ely_y2566_id_145,145,145,ely_y2566_id_3900,1429,1.0,6,144807,108741,3136
2566,pv_11_z_8,pv_11,,,8,ely_y2566_id_227,227,227,ely_y2566_id_3903,1427,1.0,7,144807,108741,3136
2566,pv_11_z_8,pv_11,,,8,ely_y2566_id_186,186,186,ely_y2566_id_3901,570,0,8,144807,108741,3136
2566,pv_11_z_8,pv_11,,,8,ely_y2566_id_240,240,240,ely_y2566_id_3907,367,0,9,144807,108741,3136
2566,pv_11_z_8,pv_11,,,8,ely_y2566_id_234,234,234,ely_y2566_id_3909,271,0,10,144807,108741,3136
2566,pv_11_z_8,pv_11,,,8,ely_y2566_id_63,,63,ely_y2566_id_3908,197,0,11,144807,108741,3136
2566,pv_11_z_8,pv_11,,,8,ely_y2566_id_189,189,189,ely_y2566_id_3910,142,0,12,144807,108741,3136
2566,pv_32_z_1,pv_32,,,1,ely_y2566_id_164,164,164,ely_y2566_id_4206,26047,27.0,2,135300,94825,4203
2566,pv_32_z_1,pv_32,,,1,ely_y2566_id_34,,34,ely_y2566_id_4203,24094,25.0,3,135300,94825,4203
2566,pv_32_z_1,pv_32,,,1,ely_y2566_id_229,229,229,ely_y2566_id_4207,2690,2.0,4,135300,94825,4203
2566,pv_32_z_1,pv_32,,,1,ely_y2566_id_1,,1,ely_y2566_id_4202,1547,1.0,5,135300,94825,4203
2566,pv_32_z_1,pv_32,,,1,ely_y2566_id_192,192,192,ely_y2566_id_4208,1410,1.0,6,135300,94825,4203
2566,pv_32_z_1,pv_32,,,1,ely_y2566_id_234,234,234,ely_y2566_id_4200,829,0,7,135300,94825,4203
2566,pv_32_z_1,pv_32,,,1,ely_y2566_id_246,246,246,ely_y2566_id_4211,505,0,8,135300,94825,4203
2566,pv_32_z_1,pv_32,,,1,ely_y2566_id_227,227,227,ely_y2566_id_4204,419,0,9,135300,94825,4203
2566,pv_32_z_1,pv_32,,,1,ely_y2566_id_145,145,145,ely_y2566_id_4205,400,0,10,135300,94825,4203
2566,pv_32_z_1,pv_32,,,1,ely_y2566_id_235,235,235,ely_y2566_id_4212,173,0,11,135300,94825,4203
2566,pv_32_z_1,pv_32,,,1,ely_y2566_id_226,226,226,ely_y2566_id_4209,70,0,13,135300,94825,4203
2566,pv_32_z_2,pv_32,,,2,ely_y2566_id_34,,34,ely_y2566_id_4213,39570,41.0,1,138837,95925,4542
2566,pv_32_z_2,pv_32,,,2,ely_y2566_id_63,,63,ely_y2566_id_4220,35525,37.0,2,138837,95925,4542
2566,pv_32_z_2,pv_32,,,2,ely_y2566_id_164,164,164,ely_y2566_id_4215,15086,15.0,3,138837,95925,4542
2566,pv_32_z_2,pv_32,,,2,ely_y2566_id_192,192,192,ely_y2566_id_4219,1690,1.0,4,138837,95925,4542
2566,pv_32_z_2,pv_32,,,2,ely_y2566_id_229,229,229,ely_y2566_id_4217,1347,1.0,5,138837,95925,4542
2566,pv_32_z_2,pv_32,,,2,ely_y2566_id_234,234,234,ely_y2566_id_4214,758,0,6,138837,95925,4542
2566,pv_32_z_2,pv_32,,,2,ely_y2566_id_246,246,246,ely_y2566_id_4223,521,0,7,138837,95925,4542
2566,pv_32_z_2,pv_32,,,2,ely_y2566_id_145,145,145,ely_y2566_id_4216,458,0,8,138837,95925,4542
2566,pv_32_z_2,pv_32,,,2,ely_y2566_id_1,,1,ely_y2566_id_4218,399,0,9,138837,95925,4542
2566,pv_32_z_2,pv_32,,,2,ely_y2566_id_226,226,226,ely_y2566_id_4221,340,0,10,138837,95925,4542
2566,pv_32_z_2,pv_32,,,2,ely_y2566_id_235,235,235,ely_y2566_id_4224,128,0,11,138837,95925,4542
2566,pv_32_z_3,pv_32,,,3,ely_y2566_id_63,,63,ely_y2566_id_4233,44534,49.0,1,137628,90174,4143
2566,pv_32_z_3,pv_32,,,3,ely_y2566_id_34,,34,ely_y2566_id_4231,24342,27.0,2,137628,90174,4143
2566,pv_32_z_3,pv_32,,,3,ely_y2566_id_164,164,164,ely_y2566_id_4229,16307,18.0,3,137628,90174,4143
2566,pv_32_z_3,pv_32,,,3,ely_y2566_id_192,192,192,ely_y2566_id_4226,1154,1.0,4,137628,90174,4143
2566,pv_32_z_3,pv_32,,,3,ely_y2566_id_229,229,229,ely_y2566_id_4225,937,1.0,5,137628,90174,4143
2566,pv_32_z_3,pv_32,,,3,ely_y2566_id_227,227,227,ely_y2566_id_4227,749,0,6,137628,90174,4143
2566,pv_32_z_3,pv_32,,,3,ely_y2566_id_1,,1,ely_y2566_id_4230,465,0,7,137628,90174,4143
2566,pv_32_z_3,pv_32,,,3,ely_y2566_id_226,226,226,ely_y2566_id_4232,451,0,8,137628,90174,4143
2566,pv_32_z_3,pv_32,,,3,ely_y2566_id_246,246,246,ely_y2566_id_4235,208,0,9,137628,90174,4143
2566,pv_32_z_3,pv_32,,,3,ely_y2566_id_234,234,234,ely_y2566_id_4228,200,0,10,137628,90174,4143
2566,pv_32_z_3,pv_32,,,3,ely_y2566_id_109,,109,ely_y2566_id_4236,193,0,11,137628,90174,4143
2566,pv_32_z_3,pv_32,,,3,ely_y2566_id_145,145,145,ely_y2566_id_4234,152,0,12,137628,90174,4143
2566,pv_32_z_3,pv_32,,,3,ely_y2566_id_235,235,235,ely_y2566_id_4237,141,0,13,137628,90174,4143
2566,pv_32_z_4,pv_32,,,4,ely_y2566_id_34,,34,ely_y2566_id_4240,35198,39.0,1,139262,89322,3519
2566,pv_32_z_4,pv_32,,,4,ely_y2566_id_164,164,164,ely_y2566_id_4245,23403,26.0,2,139262,89322,3519
2566,pv_32_z_4,pv_32,,,4,ely_y2566_id_229,229,229,ely_y2566_id_4243,15001,17.0,3,139262,89322,3519
2566,pv_32_z_4,pv_32,,,4,ely_y2566_id_63,,63,ely_y2566_id_4242,7218,8.0,4,139262,89322,3519
2566,pv_32_z_4,pv_32,,,4,ely_y2566_id_192,192,192,ely_y2566_id_4246,2980,3.0,5,139262,89322,3519
2566,pv_32_z_4,pv_32,,,4,ely_y2566_id_1,,1,ely_y2566_id_4241,940,1.0,6,139262,89322,3519
2566,pv_32_z_4,pv_32,,,4,ely_y2566_id_227,227,227,ely_y2566_id_4244,817,0,7,139262,89322,3519
2566,pv_32_z_4,pv_32,,,4,ely_y2566_id_145,145,145,ely_y2566_id_4239,812,0,8,139262,89322,3519
2566,pv_32_z_4,pv_32,,,4,ely_y2566_id_189,189,189,ely_y2566_id_4250,811,0,9,139262,89322,3519
2566,pv_32_z_4,pv_32,,,4,ely_y2566_id_226,226,226,ely_y2566_id_4238,523,0,10,139262,89322,3519
2566,pv_32_z_4,pv_32,,,4,ely_y2566_id_109,,109,ely_y2566_id_4248,158,0,11,139262,89322,3519
2566,pv_32_z_4,pv_32,,,4,ely_y2566_id_246,246,246,ely_y2566_id_4249,154,0,12,139262,89322,3519
2566,pv_32_z_4,pv_32,,,4,ely_y2566_id_234,234,234,ely_y2566_id_4247,95,0,13,139262,89322,3519
2566,pv_32_z_5,pv_32,,,5,ely_y2566_id_34,,34,ely_y2566_id_4251,36021,42.0,1,135384,84087,4665
2566,pv_32_z_5,pv_32,,,5,ely_y2566_id_164,164,164,ely_y2566_id_4259,18572,22.0,2,135384,84087,4665
2566,pv_32_z_5,pv_32,,,5,ely_y2566_id_227,227,227,ely_y2566_id_4252,18503,22.0,3,135384,84087,4665
2566,pv_32_z_5,pv_32,,,5,ely_y2566_id_192,192,192,ely_y2566_id_4255,5105,6.0,4,135384,84087,4665
2566,pv_32_z_5,pv_32,,,5,ely_y2566_id_229,229,229,ely_y2566_id_4253,1623,1.0,5,135384,84087,4665
2566,pv_32_z_5,pv_32,,,5,ely_y2566_id_63,,63,ely_y2566_id_4257,1451,1.0,6,135384,84087,4665
2566,pv_32_z_5,pv_32,,,5,ely_y2566_id_235,235,235,ely_y2566_id_4262,706,0,7,135384,84087,4665
2566,pv_32_z_5,pv_32,,,5,ely_y2566_id_109,,109,ely_y2566_id_4261,613,0,8,135384,84087,4665
2566,pv_32_z_5,pv_32,,,5,ely_y2566_id_1,,1,ely_y2566_id_4254,402,0,9,135384,84087,4665
2566,pv_32_z_5,pv_32,,,5,ely_y2566_id_145,145,145,ely_y2566_id_4258,382,0,10,135384,84087,4665
2566,pv_32_z_5,pv_32,,,5,ely_y2566_id_226,226,226,ely_y2566_id_4256,316,0,11,135384,84087,4665
2566,pv_32_z_5,pv_32,,,5,ely_y2566_id_189,189,189,ely_y2566_id_4263,233,0,12,135384,84087,4665
2566,pv_32_z_5,pv_32,,,5,ely_y2566_id_234,234,234,ely_y2566_id_4260,160,0,13,135384,84087,4665
2566,pv_32_z_6,pv_32,,,6,ely_y2566_id_34,,34,ely_y2566_id_4270,28280,33.0,2,132918,84420,4773
2566,pv_32_z_6,pv_32,,,6,ely_y2566_id_164,164,164,ely_y2566_id_4268,13621,16.0,3,132918,84420,4773
2566,pv_32_z_6,pv_32,,,6,ely_y2566_id_192,192,192,ely_y2566_id_4266,917,1.0,4,132918,84420,4773
2566,pv_32_z_6,pv_32,,,6,ely_y2566_id_227,227,227,ely_y2566_id_4265,581,0,5,132918,84420,4773
2566,pv_32_z_6,pv_32,,,6,ely_y2566_id_226,226,226,ely_y2566_id_4272,393,0,6,132918,84420,4773
2566,pv_32_z_6,pv_32,,,6,ely_y2566_id_145,145,145,ely_y2566_id_4264,337,0,7,132918,84420,4773
2566,pv_32_z_6,pv_32,,,6,ely_y2566_id_1,,1,ely_y2566_id_4271,239,0,8,132918,84420,4773
2566,pv_32_z_6,pv_32,,,6,ely_y2566_id_234,234,234,ely_y2566_id_4267,211,0,9,132918,84420,4773
2566,pv_32_z_6,pv_32,,,6,ely_y2566_id_235,235,235,ely_y2566_id_4276,169,0,10,132918,84420,4773
2566,pv_32_z_6,pv_32,,,6,ely_y2566_id_189,189,189,ely_y2566_id_4275,160,0,11,132918,84420,4773
2566,pv_32_z_6,pv_32,,,6,ely_y2566_id_229,229,229,ely_y2566_id_4274,0,0,13,132918,84420,4773
2566,pv_32_z_7,pv_32,,,7,ely_y2566_id_63,,63,ely_y2566_id_4278,42050,45.0,1,134858,91742,4351
2566,pv_32_z_7,pv_32,,,7,ely_y2566_id_34,,34,ely_y2566_id_4283,22894,25.0,2,134858,91742,4351
2566,pv_32_z_7,pv_32,,,7,ely_y2566_id_164,164,164,ely_y2566_id_4277,19089,20.0,3,134858,91742,4351
2566,pv_32_z_7,pv_32,,,7,ely_y2566_id_192,192,192,ely_y2566_id_4282,2659,2.0,4,134858,91742,4351
2566,pv_32_z_7,pv_32,,,7,ely_y2566_id_229,229,229,ely_y2566_id_4281,2036,2.0,5,134858,91742,4351
2566,pv_32_z_7,pv_32,,,7,ely_y2566_id_189,189,189,ely_y2566_id_4288,724,0,6,134858,91742,4351
2566,pv_32_z_7,pv_32,,,7,ely_y2566_id_1,,1,ely_y2566_id_4279,504,0,7,134858,91742,4351
2566,pv_32_z_7,pv_32,,,7,ely_y2566_id_145,145,145,ely_y2566_id_4284,490,0,8,134858,91742,4351
2566,pv_32_z_7,pv_32,,,7,ely_y2566_id_227,227,227,ely_y2566_id_4285,469,0,9,134858,91742,4351
2566,pv_32_z_7,pv_32,,,7,ely_y2566_id_234,234,234,ely_y2566_id_4280,251,0,10,134858,91742,4351
2566,pv_32_z_7,pv_32,,,7,ely_y2566_id_235,235,235,ely_y2566_id_4287,217,0,11,134858,91742,4351
2566,pv_32_z_7,pv_32,,,7,ely_y2566_id_226,226,226,ely_y2566_id_4286,116,0,12,134858,91742,4351
2566,pv_32_z_8,pv_32,,,8,ely_y2566_id_63,,63,ely_y2566_id_4291,39558,46.0,1,134865,86299,5424
2566,pv_32_z_8,pv_32,,,8,ely_y2566_id_34,,34,ely_y2566_id_4293,23489,27.0,2,134865,86299,5424
2566,pv_32_z_8,pv_32,,,8,ely_y2566_id_164,164,164,ely_y2566_id_4297,17521,20.0,3,134865,86299,5424
2566,pv_32_z_8,pv_32,,,8,ely_y2566_id_229,229,229,ely_y2566_id_4296,1349,1.0,4,134865,86299,5424
2566,pv_32_z_8,pv_32,,,8,ely_y2566_id_227,227,227,ely_y2566_id_4289,858,1.0,5,134865,86299,5424
2566,pv_32_z_8,pv_32,,,8,ely_y2566_id_1,,1,ely_y2566_id_4295,669,0,6,134865,86299,5424
2566,pv_32_z_8,pv_32,,,8,ely_y2566_id_234,234,234,ely_y2566_id_4290,517,0,7,134865,86299,5424
2566,pv_32_z_8,pv_32,,,8,ely_y2566_id_145,145,145,ely_y2566_id_4294,356,0,8,134865,86299,5424
2566,pv_32_z_8,pv_32,,,8,ely_y2566_id_235,235,235,ely_y2566_id_4299,297,0,9,134865,86299,5424
2566,pv_32_z_8,pv_32,,,8,ely_y2566_id_192,192,192,ely_y2566_id_4292,0,0,11,134865,86299,5424
2566,pv_33_z_1,pv_33,,,1,ely_y2566_id_34,,34,ely_y2566_id_3498,42445,44.0,1,132184,95874,3757
2566,pv_33_z_1,pv_33,,,1,ely_y2566_id_63,,63,ely_y2566_id_3496,35940,37.0,2,132184,95874,3757
2566,pv_33_z_1,pv_33,,,1,ely_y2566_id_164,164,164,ely_y2566_id_3499,14003,14.0,3,132184,95874,3757
2566,pv_33_z_1,pv_33,,,1,ely_y2566_id_229,229,229,ely_y2566_id_3501,1099,1.0,4,132184,95874,3757
2566,pv_33_z_1,pv_33,,,1,ely_y2566_id_1,,1,ely_y2566_id_3497,665,0,5,132184,95874,3757
2566,pv_33_z_1,pv_33,,,1,ely_y2566_id_145,145,145,ely_y2566_id_3495,597,0,6,132184,95874,3757
2566,pv_33_z_1,pv_33,,,1,ely_y2566_id_192,192,192,ely_y2566_id_3502,288,0,7,132184,95874,3757
2566,pv_33_z_1,pv_33,,,1,ely_y2566_id_109,,109,ely_y2566_id_3503,208,0,8,132184,95874,3757
2566,pv_33_z_1,pv_33,,,1,ely_y2566_id_234,234,234,ely_y2566_id_3500,151,0,9,132184,95874,3757
2566,pv_33_z_1,pv_33,,,1,ely_y2566_id_235,235,235,ely_y2566_id_3505,119,0,10,132184,95874,3757
2566,pv_33_z_1,pv_33,,,1,ely_y2566_id_170,170,170,ely_y2566_id_3504,53,0,11,132184,95874,3757
2566,pv_33_z_2,pv_33,,,2,ely_y2566_id_34,,34,ely_y2566_id_3513,42475,51.0,1,127574,83619,4045
2566,pv_33_z_2,pv_33,,,2,ely_y2566_id_164,164,164,ely_y2566_id_3506,24821,30.0,2,127574,83619,4045
2566,pv_33_z_2,pv_33,,,2,ely_y2566_id_227,227,227,ely_y2566_id_3514,6370,7.0,3,127574,83619,4045
2566,pv_33_z_2,pv_33,,,2,ely_y2566_id_229,229,229,ely_y2566_id_3509,2409,2.0,4,127574,83619,4045
2566,pv_33_z_2,pv_33,,,2,ely_y2566_id_145,145,145,ely_y2566_id_3511,2180,2.0,5,127574,83619,4045
2566,pv_33_z_2,pv_33,,,2,ely_y2566_id_192,192,192,ely_y2566_id_3507,1152,1.0,6,127574,83619,4045
2566,pv_33_z_2,pv_33,,,2,ely_y2566_id_1,,1,ely_y2566_id_3512,615,0,7,127574,83619,4045
2566,pv_33_z_2,pv_33,,,2,ely_y2566_id_234,234,234,ely_y2566_id_3508,436,0,8,127574,83619,4045
2566,pv_33_z_2,pv_33,,,2,ely_y2566_id_235,235,235,ely_y2566_id_3518,418,0,9,127574,83619,4045
2566,pv_33_z_2,pv_33,,,2,ely_y2566_id_109,,109,ely_y2566_id_3510,386,0,10,127574,83619,4045
2566,pv_33_z_2,pv_33,,,2,ely_y2566_id_189,189,189,ely_y2566_id_3517,351,0,11,127574,83619,4045
2566,pv_33_z_2,pv_33,,,2,ely_y2566_id_63,,63,ely_y2566_id_3516,336,0,12,127574,83619,4045
2566,pv_33_z_2,pv_33,,,2,ely_y2566_id_170,170,170,ely_y2566_id_3515,208,0,13,127574,83619,4045
2566,pv_33_z_3,pv_33,,,3,ely_y2566_id_63,,63,ely_y2566_id_3525,37934,44.0,1,123066,84792,4628
2566,pv_33_z_3,pv_33,,,3,ely_y2566_id_34,,34,ely_y2566_id_3527,32162,38.0,2,123066,84792,4628
2566,pv_33_z_3,pv_33,,,3,ely_y2566_id_164,164,164,ely_y2566_id_3521,10288,12.0,3,123066,84792,4628
2566,pv_33_z_3,pv_33,,,3,ely_y2566_id_192,192,192,ely_y2566_id_3523,969,1.0,4,123066,84792,4628
2566,pv_33_z_3,pv_33,,,3,ely_y2566_id_229,229,229,ely_y2566_id_3526,904,1.0,5,123066,84792,4628
2566,pv_33_z_3,pv_33,,,3,ely_y2566_id_1,,1,ely_y2566_id_3519,550,0,6,123066,84792,4628
2566,pv_33_z_3,pv_33,,,3,ely_y2566_id_145,145,145,ely_y2566_id_3524,489,0,7,123066,84792,4628
2566,pv_33_z_3,pv_33,,,3,ely_y2566_id_227,227,227,ely_y2566_id_3522,337,0,8,123066,84792,4628
2566,pv_33_z_3,pv_33,,,3,ely_y2566_id_234,234,234,ely_y2566_id_3520,217,0,9,123066,84792,4628
2566,pv_33_z_3,pv_33,,,3,ely_y2566_id_189,189,189,ely_y2566_id_3531,199,0,10,123066,84792,4628
2566,pv_33_z_3,pv_33,,,3,ely_y2566_id_170,170,170,ely_y2566_id_3529,122,0,11,123066,84792,4628
2566,pv_33_z_3,pv_33,,,3,ely_y2566_id_181,181,181,ely_y2566_id_3528,96,0,12,123066,84792,4628
2566,pv_33_z_3,pv_33,,,3,ely_y2566_id_235,235,235,ely_y2566_id_3530,96,0,13,123066,84792,4628
2566,pv_33_z_4,pv_33,,,4,ely_y2566_id_34,,34,ely_y2566_id_3539,38410,47.0,1,121071,81829,4475
2566,pv_33_z_4,pv_33,,,4,ely_y2566_id_63,,63,ely_y2566_id_3535,28731,35.0,2,121071,81829,4475
2566,pv_33_z_4,pv_33,,,4,ely_y2566_id_164,164,164,ely_y2566_id_3540,9744,12.0,3,121071,81829,4475
2566,pv_33_z_4,pv_33,,,4,ely_y2566_id_192,192,192,ely_y2566_id_3534,1848,2.0,4,121071,81829,4475
2566,pv_33_z_4,pv_33,,,4,ely_y2566_id_229,229,229,ely_y2566_id_3536,857,1.0,5,121071,81829,4475
2566,pv_33_z_4,pv_33,,,4,ely_y2566_id_1,,1,ely_y2566_id_3538,641,0,6,121071,81829,4475
2566,pv_33_z_4,pv_33,,,4,ely_y2566_id_145,145,145,ely_y2566_id_3532,301,0,7,121071,81829,4475
2566,pv_33_z_4,pv_33,,,4,ely_y2566_id_227,227,227,ely_y2566_id_3533,294,0,8,121071,81829,4475
2566,pv_33_z_4,pv_33,,,4,ely_y2566_id_234,234,234,ely_y2566_id_3537,270,0,9,121071,81829,4475
2566,pv_33_z_4,pv_33,,,4,ely_y2566_id_189,189,189,ely_y2566_id_3541,94,0,10,121071,81829,4475
2566,pv_33_z_5,pv_33,,,5,ely_y2566_id_34,,34,ely_y2566_id_3548,32884,40.0,1,125809,82031,5343
2566,pv_33_z_5,pv_33,,,5,ely_y2566_id_63,,63,ely_y2566_id_3545,25837,31.0,2,125809,82031,5343
2566,pv_33_z_5,pv_33,,,5,ely_y2566_id_164,164,164,ely_y2566_id_3547,18978,23.0,3,125809,82031,5343
2566,pv_33_z_5,pv_33,,,5,ely_y2566_id_229,229,229,ely_y2566_id_3542,1450,1.0,4,125809,82031,5343
2566,pv_33_z_5,pv_33,,,5,ely_y2566_id_145,145,145,ely_y2566_id_3546,598,0,5,125809,82031,5343
2566,pv_33_z_5,pv_33,,,5,ely_y2566_id_184,184,184,ely_y2566_id_3550,488,0,6,125809,82031,5343
2566,pv_33_z_5,pv_33,,,5,ely_y2566_id_192,192,192,ely_y2566_id_3543,394,0,7,125809,82031,5343
2566,pv_33_z_5,pv_33,,,5,ely_y2566_id_234,234,234,ely_y2566_id_3544,383,0,8,125809,82031,5343
2566,pv_33_z_5,pv_33,,,5,ely_y2566_id_1,,1,ely_y2566_id_3549,322,0,9,125809,82031,5343
2566,pv_33_z_5,pv_33,,,5,ely_y2566_id_189,189,189,ely_y2566_id_3551,99,0,10,125809,82031,5343
2566,pv_33_z_6,pv_33,,,6,ely_y2566_id_34,,34,ely_y2566_id_3559,35379,42.0,1,127619,84369,5393
2566,pv_33_z_6,pv_33,,,6,ely_y2566_id_192,192,192,ely_y2566_id_3556,23573,28.0,2,127619,84369,5393
2566,pv_33_z_6,pv_33,,,6,ely_y2566_id_164,164,164,ely_y2566_id_3560,18239,21.0,3,127619,84369,5393
2566,pv_33_z_6,pv_33,,,6,ely_y2566_id_63,,63,ely_y2566_id_3552,2277,2.0,4,127619,84369,5393
2566,pv_33_z_6,pv_33,,,6,ely_y2566_id_229,229,229,ely_y2566_id_3558,1686,2.0,5,127619,84369,5393
2566,pv_33_z_6,pv_33,,,6,ely_y2566_id_1,,1,ely_y2566_id_3557,666,0,6,127619,84369,5393
2566,pv_33_z_6,pv_33,,,6,ely_y2566_id_234,234,234,ely_y2566_id_3555,423,0,7,127619,84369,5393
2566,pv_33_z_6,pv_33,,,6,ely_y2566_id_109,,109,ely_y2566_id_3554,370,0,8,127619,84369,5393
2566,pv_33_z_6,pv_33,,,6,ely_y2566_id_189,189,189,ely_y2566_id_3553,265,0,9,127619,84369,5393
2566,pv_33_z_6,pv_33,,,6,ely_y2566_id_145,145,145,ely_y2566_id_3561,227,0,10,127619,84369,5393
2566,pv_33_z_7,pv_33,,,7,ely_y2566_id_164,164,164,ely_y2566_id_3565,17953,22.0,2,127209,83104,4959
2566,pv_33_z_7,pv_33,,,7,ely_y2566_id_192,192,192,ely_y2566_id_3567,6219,7.0,3,127209,83104,4959
2566,pv_33_z_7,pv_33,,,7,ely_y2566_id_63,,63,ely_y2566_id_3566,1443,1.0,4,127209,83104,4959
2566,pv_33_z_7,pv_33,,,7,ely_y2566_id_234,234,234,ely_y2566_id_3563,734,0,5,127209,83104,4959
2566,pv_33_z_7,pv_33,,,7,ely_y2566_id_227,227,227,ely_y2566_id_3562,468,0,6,127209,83104,4959
2566,pv_33_z_7,pv_33,,,7,ely_y2566_id_1,,1,ely_y2566_id_3571,446,0,7,127209,83104,4959
2566,pv_33_z_7,pv_33,,,7,ely_y2566_id_189,189,189,ely_y2566_id_3570,439,0,8,127209,83104,4959
2566,pv_33_z_7,pv_33,,,7,ely_y2566_id_145,145,145,ely_y2566_id_3569,206,0,9,127209,83104,4959
2566,pv_33_z_7,pv_33,,,7,ely_y2566_id_229,229,229,ely_y2566_id_3568,0,0,10,127209,83104,4959
2566,pv_33_z_8,pv_33,,,8,ely_y2566_id_63,,63,ely_y2566_id_3573,42882,46.0,1,132733,93023,3916
2566,pv_33_z_8,pv_33,,,8,ely_y2566_id_34,,34,ely_y2566_id_3579,34811,37.0,2,132733,93023,3916
2566,pv_33_z_8,pv_33,,,8,ely_y2566_id_164,164,164,ely_y2566_id_3574,8158,8.0,3,132733,93023,3916
2566,pv_33_z_8,pv_33,,,8,ely_y2566_id_192,192,192,ely_y2566_id_3575,4971,5.0,4,132733,93023,3916
2566,pv_33_z_8,pv_33,,,8,ely_y2566_id_189,189,189,ely_y2566_id_3578,627,0,5,132733,93023,3916
2566,pv_33_z_8,pv_33,,,8,ely_y2566_id_145,145,145,ely_y2566_id_3572,465,0,6,132733,93023,3916
2566,pv_33_z_8,pv_33,,,8,ely_y2566_id_229,229,229,ely_y2566_id_3577,379,0,7,132733,93023,3916
2566,pv_33_z_8,pv_33,,,8,ely_y2566_id_234,234,234,ely_y2566_id_3580,337,0,8,132733,93023,3916
2566,pv_33_z_8,pv_33,,,8,ely_y2566_id_1,,1,ely_y2566_id_3576,230,0,9,132733,93023,3916
2566,pv_33_z_9,pv_33,,,9,ely_y2566_id_34,,34,ely_y2566_id_3589,38051,40.0,1,139460,94336,4634
2566,pv_33_z_9,pv_33,,,9,ely_y2566_id_63,,63,ely_y2566_id_3585,30637,33.0,2,139460,94336,4634
2566,pv_33_z_9,pv_33,,,9,ely_y2566_id_164,164,164,ely_y2566_id_3583,19086,20.0,3,139460,94336,4634
2566,pv_33_z_9,pv_33,,,9,ely_y2566_id_192,192,192,ely_y2566_id_3588,1475,1.0,4,139460,94336,4634
2566,pv_33_z_9,pv_33,,,9,ely_y2566_id_229,229,229,ely_y2566_id_3582,1066,1.0,5,139460,94336,4634
2566,pv_33_z_9,pv_33,,,9,ely_y2566_id_1,,1,ely_y2566_id_3584,804,0,6,139460,94336,4634
2566,pv_33_z_9,pv_33,,,9,ely_y2566_id_234,234,234,ely_y2566_id_3587,537,0,7,139460,94336,4634
2566,pv_33_z_9,pv_33,,,9,ely_y2566_id_227,227,227,ely_y2566_id_3581,492,0,8,139460,94336,4634
2566,pv_33_z_9,pv_33,,,9,ely_y2566_id_109,,109,ely_y2566_id_3586,446,0,9,139460,94336,4634
2566,pv_33_z_9,pv_33,,,9,ely_y2566_id_145,145,145,ely_y2566_id_3590,112,0,10,139460,94336,4634
2566,pv_33_z_9,pv_33,,,9,ely_y2566_id_235,235,235,ely_y2566_id_3591,112,0,11,139460,94336,4634
2566,pv_90_z_1,pv_90,,,1,ely_y2566_id_164,164,164,ely_y2566_id_3697,19112,19.0,2,128356,96535,3669
2566,pv_90_z_1,pv_90,,,1,ely_y2566_id_229,229,229,ely_y2566_id_3690,17509,18.0,3,128356,96535,3669
2566,pv_90_z_1,pv_90,,,1,ely_y2566_id_63,,63,ely_y2566_id_3691,12573,13.0,4,128356,96535,3669
2566,pv_90_z_1,pv_90,,,1,ely_y2566_id_45,,45,ely_y2566_id_3692,2058,2.0,5,128356,96535,3669
2566,pv_90_z_1,pv_90,,,1,ely_y2566_id_192,192,192,ely_y2566_id_3696,2026,2.0,6,128356,96535,3669
2566,pv_90_z_1,pv_90,,,1,ely_y2566_id_34,,34,ely_y2566_id_3695,1467,1.0,7,128356,96535,3669
2566,pv_90_z_1,pv_90,,,1,ely_y2566_id_145,145,145,ely_y2566_id_3698,262,0,8,128356,96535,3669
2566,pv_90_z_1,pv_90,,,1,ely_y2566_id_227,227,227,ely_y2566_id_3694,233,0,9,128356,96535,3669
2566,pv_90_z_1,pv_90,,,1,ely_y2566_id_230,230,230,ely_y2566_id_3700,174,0,10,128356,96535,3669
2566,pv_90_z_1,pv_90,,,1,ely_y2566_id_184,184,184,ely_y2566_id_3699,58,0,11,128356,96535,3669
2566,pv_90_z_2,pv_90,,,2,ely_y2566_id_229,229,229,ely_y2566_id_3702,20553,24.0,1,109816,82763,2320
2566,pv_90_z_2,pv_90,,,2,ely_y2566_id_164,164,164,ely_y2566_id_3701,20385,24.0,2,109816,82763,2320
2566,pv_90_z_2,pv_90,,,2,ely_y2566_id_45,,45,ely_y2566_id_3708,15368,18.0,3,109816,82763,2320
2566,pv_90_z_2,pv_90,,,2,ely_y2566_id_1,,1,ely_y2566_id_3704,9573,11.0,4,109816,82763,2320
2566,pv_90_z_2,pv_90,,,2,ely_y2566_id_63,,63,ely_y2566_id_3709,7432,9.0,5,109816,82763,2320
2566,pv_90_z_2,pv_90,,,2,ely_y2566_id_192,192,192,ely_y2566_id_3706,6209,7.0,6,109816,82763,2320
2566,pv_90_z_2,pv_90,,,2,ely_y2566_id_34,,34,ely_y2566_id_3707,2155,2.0,7,109816,82763,2320
2566,pv_90_z_2,pv_90,,,2,ely_y2566_id_227,227,227,ely_y2566_id_3703,228,0,8,109816,82763,2320
2566,pv_90_z_2,pv_90,,,2,ely_y2566_id_145,145,145,ely_y2566_id_3711,217,0,9,109816,82763,2320
2566,pv_90_z_2,pv_90,,,2,ely_y2566_id_226,226,226,ely_y2566_id_3705,114,0,10,109816,82763,2320
2566,pv_90_z_2,pv_90,,,2,ely_y2566_id_149,149,149,ely_y2566_id_3710,82,0,11,109816,82763,2320
2566,pv_90_z_2,pv_90,,,2,ely_y2566_id_189,189,189,ely_y2566_id_3712,0,0,12,109816,82763,2320
2566,pv_90_z_3,pv_90,,,3,ely_y2566_id_1,,1,ely_y2566_id_3716,39577,39.0,1,128660,102169,3766
2566,pv_90_z_3,pv_90,,,3,ely_y2566_id_164,164,164,ely_y2566_id_3721,19885,19.0,3,128660,102169,3766
2566,pv_90_z_3,pv_90,,,3,ely_y2566_id_229,229,229,ely_y2566_id_3720,13247,13.0,4,128660,102169,3766
2566,pv_90_z_3,pv_90,,,3,ely_y2566_id_45,,45,ely_y2566_id_3715,3115,3.0,5,128660,102169,3766
2566,pv_90_z_3,pv_90,,,3,ely_y2566_id_34,,34,ely_y2566_id_3722,2050,2.0,6,128660,102169,3766
2566,pv_90_z_3,pv_90,,,3,ely_y2566_id_227,227,227,ely_y2566_id_3719,692,0,7,128660,102169,3766
2566,pv_90_z_3,pv_90,,,3,ely_y2566_id_192,192,192,ely_y2566_id_3717,625,0,8,128660,102169,3766
2566,pv_90_z_3,pv_90,,,3,ely_y2566_id_226,226,226,ely_y2566_id_3714,463,0,9,128660,102169,3766
2566,pv_90_z_3,pv_90,,,3,ely_y2566_id_145,145,145,ely_y2566_id_3718,327,0,10,128660,102169,3766
2566,pv_90_z_3,pv_90,,,3,ely_y2566_id_149,149,149,ely_y2566_id_3723,258,0,11,128660,102169,3766
2566,pv_90_z_3,pv_90,,,3,ely_y2566_id_184,184,184,ely_y2566_id_3724,150,0,12,128660,102169,3766
2566,pv_90_z_4,pv_90,,,4,ely_y2566_id_192,192,192,ely_y2566_id_3725,35289,36.0,1,126314,96619,5340
2566,pv_90_z_4,pv_90,,,4,ely_y2566_id_1,,1,ely_y2566_id_3730,34036,35.0,2,126314,96619,5340
2566,pv_90_z_4,pv_90,,,4,ely_y2566_id_229,229,229,ely_y2566_id_3727,10857,11.0,3,126314,96619,5340
2566,pv_90_z_4,pv_90,,,4,ely_y2566_id_164,164,164,ely_y2566_id_3726,8526,8.0,4,126314,96619,5340
2566,pv_90_z_4,pv_90,,,4,ely_y2566_id_63,,63,ely_y2566_id_3731,6068,6.0,5,126314,96619,5340
2566,pv_90_z_4,pv_90,,,4,ely_y2566_id_34,,34,ely_y2566_id_3729,798,0,6,126314,96619,5340
2566,pv_90_z_4,pv_90,,,4,ely_y2566_id_227,227,227,ely_y2566_id_3732,525,0,7,126314,96619,5340
2566,pv_90_z_4,pv_90,,,4,ely_y2566_id_145,145,145,ely_y2566_id_3728,381,0,8,126314,96619,5340
2566,pv_90_z_4,pv_90,,,4,ely_y2566_id_226,226,226,ely_y2566_id_3733,81,0,9,126314,96619,5340
2566,pv_90_z_4,pv_90,,,4,ely_y2566_id_180,180,180,ely_y2566_id_3734,58,0,10,126314,96619,5340
2566,pv_90_z_5,pv_90,,,5,ely_y2566_id_164,164,164,ely_y2566_id_3736,14230,15.0,2,125902,95396,5347
2566,pv_90_z_5,pv_90,,,5,ely_y2566_id_229,229,229,ely_y2566_id_3741,9804,10.0,3,125902,95396,5347
2566,pv_90_z_5,pv_90,,,5,ely_y2566_id_192,192,192,ely_y2566_id_3740,6698,7.0,4,125902,95396,5347
2566,pv_90_z_5,pv_90,,,5,ely_y2566_id_34,,34,ely_y2566_id_3738,3200,3.0,5,125902,95396,5347
2566,pv_90_z_5,pv_90,,,5,ely_y2566_id_63,,63,ely_y2566_id_3735,1619,1.0,6,125902,95396,5347
2566,pv_90_z_5,pv_90,,,5,ely_y2566_id_145,145,145,ely_y2566_id_3742,688,0,7,125902,95396,5347
2566,pv_90_z_5,pv_90,,,5,ely_y2566_id_227,227,227,ely_y2566_id_3739,611,0,8,125902,95396,5347
2566,pv_90_z_5,pv_90,,,5,ely_y2566_id_2,,2,ely_y2566_id_3746,547,0,9,125902,95396,5347
2566,pv_90_z_5,pv_90,,,5,ely_y2566_id_184,184,184,ely_y2566_id_3745,345,0,10,125902,95396,5347
2566,pv_90_z_5,pv_90,,,5,ely_y2566_id_226,226,226,ely_y2566_id_3744,111,0,11,125902,95396,5347
2566,pv_90_z_5,pv_90,,,5,ely_y2566_id_189,189,189,ely_y2566_id_3743,0,0,12,125902,95396,5347
2566,pv_90_z_6,pv_90,,,6,ely_y2566_id_1,,1,ely_y2566_id_3748,34835,39.0,1,113548,87971,3644
2566,pv_90_z_6,pv_90,,,6,ely_y2566_id_192,192,192,ely_y2566_id_3751,33648,38.0,2,113548,87971,3644
2566,pv_90_z_6,pv_90,,,6,ely_y2566_id_164,164,164,ely_y2566_id_3749,12719,14.0,3,113548,87971,3644
2566,pv_90_z_6,pv_90,,,6,ely_y2566_id_229,229,229,ely_y2566_id_3752,4462,5.0,4,113548,87971,3644
2566,pv_90_z_6,pv_90,,,6,ely_y2566_id_34,,34,ely_y2566_id_3754,1108,1.0,5,113548,87971,3644
2566,pv_90_z_6,pv_90,,,6,ely_y2566_id_227,227,227,ely_y2566_id_3747,368,0,6,113548,87971,3644
2566,pv_90_z_6,pv_90,,,6,ely_y2566_id_230,230,230,ely_y2566_id_3757,255,0,7,113548,87971,3644
2566,pv_90_z_6,pv_90,,,6,ely_y2566_id_226,226,226,ely_y2566_id_3750,215,0,8,113548,87971,3644
2566,pv_90_z_6,pv_90,,,6,ely_y2566_id_145,145,145,ely_y2566_id_3753,193,0,9,113548,87971,3644
2566,pv_90_z_6,pv_90,,,6,ely_y2566_id_184,184,184,ely_y2566_id_3756,168,0,10,113548,87971,3644
2566,pv_90_z_6,pv_90,,,6,ely_y2566_id_189,189,189,ely_y2566_id_3755,0,0,11,113548,87971,3644
2566,pv_90_z_7,pv_90,,,7,ely_y2566_id_63,,63,ely_y2566_id_3761,31926,35.0,1,119873,93163,5304
2566,pv_90_z_7,pv_90,,,7,ely_y2566_id_1,,1,ely_y2566_id_3759,28723,31.0,2,119873,93163,5304
2566,pv_90_z_7,pv_90,,,7,ely_y2566_id_192,192,192,ely_y2566_id_3764,20983,23.0,3,119873,93163,5304
2566,pv_90_z_7,pv_90,,,7,ely_y2566_id_34,,34,ely_y2566_id_3765,4604,5.0,4,119873,93163,5304
2566,pv_90_z_7,pv_90,,,7,ely_y2566_id_229,229,229,ely_y2566_id_3762,1513,1.0,5,119873,93163,5304
2566,pv_90_z_7,pv_90,,,7,ely_y2566_id_230,230,230,ely_y2566_id_3768,1286,1.0,6,119873,93163,5304
2566,pv_90_z_7,pv_90,,,7,ely_y2566_id_145,145,145,ely_y2566_id_3760,891,0,7,119873,93163,5304
2566,pv_90_z_7,pv_90,,,7,ely_y2566_id_226,226,226,ely_y2566_id_3763,264,0,8,119873,93163,5304
2566,pv_90_z_7,pv_90,,,7,ely_y2566_id_184,184,184,ely_y2566_id_3767,136,0,9,119873,93163,5304
2566,pv_90_z_7,pv_90,,,7,ely_y2566_id_187,187,187,ely_y2566_id_3758,0,0,10,119873,93163,5304
2566,pv_90_z_7,pv_90,,,7,ely_y2566_id_189,189,189,ely_y2566_id_3766,0,0,11,119873,93163,5304
2566,pv_90_z_8,pv_90,,,8,ely_y2566_id_1,,1,ely_y2566_id_3775,42932,47.0,1,116928,91075,4677
2566,pv_90_z_8,pv_90,,,8,ely_y2566_id_63,,63,ely_y2566_id_3769,25375,28.0,2,116928,91075,4677
2566,pv_90_z_8,pv_90,,,8,ely_y2566_id_164,164,164,ely_y2566_id_3777,8016,8.0,3,116928,91075,4677
2566,pv_90_z_8,pv_90,,,8,ely_y2566_id_34,,34,ely_y2566_id_3776,5165,5.0,4,116928,91075,4677
2566,pv_90_z_8,pv_90,,,8,ely_y2566_id_229,229,229,ely_y2566_id_3773,4270,4.0,5,116928,91075,4677
2566,pv_90_z_8,pv_90,,,8,ely_y2566_id_192,192,192,ely_y2566_id_3771,1791,1.0,6,116928,91075,4677
2566,pv_90_z_8,pv_90,,,8,ely_y2566_id_227,227,227,ely_y2566_id_3774,1074,1.0,7,116928,91075,4677
2566,pv_90_z_8,pv_90,,,8,ely_y2566_id_205,205,205,ely_y2566_id_3779,749,0,8,116928,91075,4677
2566,pv_90_z_8,pv_90,,,8,ely_y2566_id_145,145,145,ely_y2566_id_3770,584,0,9,116928,91075,4677
2566,pv_90_z_8,pv_90,,,8,ely_y2566_id_226,226,226,ely_y2566_id_3772,285,0,10,116928,91075,4677
2566,pv_90_z_8,pv_90,,,8,ely_y2566_id_184,184,184,ely_y2566_id_3781,203,0,11,116928,91075,4677
2566,pv_90_z_8,pv_90,,,8,ely_y2566_id_189,189,189,ely_y2566_id_3778,0,0,12,116928,91075,4677
2566,pv_90_z_8,pv_90,,,8,ely_y2566_id_187,187,187,ely_y2566_id_3780,0,0,13,116928,91075,4677
2566,pv_90_z_9,pv_90,,,9,ely_y2566_id_1,,1,ely_y2566_id_3782,38200,38.0,1,127045,101589,3809
2566,pv_90_z_9,pv_90,,,9,ely_y2566_id_63,,63,ely_y2566_id_3788,26865,26.0,2,127045,101589,3809
2566,pv_90_z_9,pv_90,,,9,ely_y2566_id_164,164,164,ely_y2566_id_3784,19729,19.0,3,127045,101589,3809
2566,pv_90_z_9,pv_90,,,9,ely_y2566_id_229,229,229,ely_y2566_id_3785,6843,6.0,4,127045,101589,3809
2566,pv_90_z_9,pv_90,,,9,ely_y2566_id_45,,45,ely_y2566_id_3789,2803,2.0,5,127045,101589,3809
2566,pv_90_z_9,pv_90,,,9,ely_y2566_id_192,192,192,ely_y2566_id_3783,2245,2.0,6,127045,101589,3809
2566,pv_90_z_9,pv_90,,,9,ely_y2566_id_34,,34,ely_y2566_id_3791,2217,2.0,7,127045,101589,3809
2566,pv_90_z_9,pv_90,,,9,ely_y2566_id_145,145,145,ely_y2566_id_3790,552,0,8,127045,101589,3809
2566,pv_90_z_9,pv_90,,,9,ely_y2566_id_181,181,181,ely_y2566_id_3792,337,0,9,127045,101589,3809
2566,pv_90_z_9,pv_90,,,9,ely_y2566_id_226,226,226,ely_y2566_id_3787,250,0,10,127045,101589,3809
2566,pv_90_z_9,pv_90,,,9,ely_y2566_id_227,227,227,ely_y2566_id_3786,209,0,11,127045,101589,3809
2566,pv_90_z_9,pv_90,,,9,ely_y2566_id_157,157,157,ely_y2566_id_3794,180,0,12,127045,101589,3809
2566,pv_90_z_9,pv_90,,,9,ely_y2566_id_189,189,189,ely_y2566_id_3793,0,0,13,127045,101589,3809
2566,pv_20_z_1,pv_20,,,1,ely_y2566_id_164,164,164,ely_y2566_id_938,36463,36.0,1,127261,100842,2652
2566,pv_20_z_1,pv_20,,,1,ely_y2566_id_229,229,229,ely_y2566_id_943,32542,32.0,2,127261,100842,2652
2566,pv_20_z_1,pv_20,,,1,ely_y2566_id_34,,34,ely_y2566_id_939,27787,27.0,3,127261,100842,2652
2566,pv_20_z_1,pv_20,,,1,ely_y2566_id_1,,1,ely_y2566_id_942,751,0,4,127261,100842,2652
2566,pv_20_z_1,pv_20,,,1,ely_y2566_id_192,192,192,ely_y2566_id_941,540,0,5,127261,100842,2652
2566,pv_20_z_1,pv_20,,,1,ely_y2566_id_145,145,145,ely_y2566_id_940,539,0,6,127261,100842,2652
2566,pv_20_z_1,pv_20,,,1,ely_y2566_id_63,,63,ely_y2566_id_935,445,0,7,127261,100842,2652
2566,pv_20_z_1,pv_20,,,1,ely_y2566_id_227,227,227,ely_y2566_id_936,434,0,8,127261,100842,2652
2566,pv_20_z_1,pv_20,,,1,ely_y2566_id_234,234,234,ely_y2566_id_937,403,0,9,127261,100842,2652
2566,pv_20_z_1,pv_20,,,1,ely_y2566_id_230,230,230,ely_y2566_id_945,85,0,10,127261,100842,2652
2566,pv_20_z_1,pv_20,,,1,ely_y2566_id_189,189,189,ely_y2566_id_944,57,0,11,127261,100842,2652
2566,pv_20_z_2,pv_20,,,2,ely_y2566_id_164,164,164,ely_y2566_id_948,30162,35.0,1,111805,85234,2058
2566,pv_20_z_2,pv_20,,,2,ely_y2566_id_229,229,229,ely_y2566_id_949,23381,27.0,2,111805,85234,2058
2566,pv_20_z_2,pv_20,,,2,ely_y2566_id_34,,34,ely_y2566_id_946,20667,24.0,3,111805,85234,2058
2566,pv_20_z_2,pv_20,,,2,ely_y2566_id_192,192,192,ely_y2566_id_947,8612,10.0,4,111805,85234,2058
2566,pv_20_z_2,pv_20,,,2,ely_y2566_id_1,,1,ely_y2566_id_952,528,0,5,111805,85234,2058
2566,pv_20_z_2,pv_20,,,2,ely_y2566_id_227,227,227,ely_y2566_id_951,362,0,6,111805,85234,2058
2566,pv_20_z_2,pv_20,,,2,ely_y2566_id_145,145,145,ely_y2566_id_953,354,0,7,111805,85234,2058
2566,pv_20_z_2,pv_20,,,2,ely_y2566_id_63,,63,ely_y2566_id_950,275,0,8,111805,85234,2058
2566,pv_20_z_2,pv_20,,,2,ely_y2566_id_234,234,234,ely_y2566_id_954,251,0,9,111805,85234,2058
2566,pv_20_z_2,pv_20,,,2,ely_y2566_id_189,189,189,ely_y2566_id_956,105,0,10,111805,85234,2058
2566,pv_20_z_2,pv_20,,,2,ely_y2566_id_230,230,230,ely_y2566_id_957,75,0,12,111805,85234,2058
2566,pv_20_z_3,pv_20,,,3,ely_y2566_id_164,164,164,ely_y2566_id_960,33183,35.0,1,116766,94699,3329
2566,pv_20_z_3,pv_20,,,3,ely_y2566_id_34,,34,ely_y2566_id_958,30095,31.0,2,116766,94699,3329
2566,pv_20_z_3,pv_20,,,3,ely_y2566_id_229,229,229,ely_y2566_id_959,25623,27.0,3,116766,94699,3329
2566,pv_20_z_3,pv_20,,,3,ely_y2566_id_192,192,192,ely_y2566_id_964,2359,2.0,4,116766,94699,3329
2566,pv_20_z_3,pv_20,,,3,ely_y2566_id_227,227,227,ely_y2566_id_962,926,0,5,116766,94699,3329
2566,pv_20_z_3,pv_20,,,3,ely_y2566_id_145,145,145,ely_y2566_id_963,679,0,6,116766,94699,3329
2566,pv_20_z_3,pv_20,,,3,ely_y2566_id_63,,63,ely_y2566_id_961,635,0,7,116766,94699,3329
2566,pv_20_z_3,pv_20,,,3,ely_y2566_id_1,,1,ely_y2566_id_965,505,0,8,116766,94699,3329
2566,pv_20_z_3,pv_20,,,3,ely_y2566_id_230,230,230,ely_y2566_id_969,278,0,9,116766,94699,3329
2566,pv_20_z_3,pv_20,,,3,ely_y2566_id_234,234,234,ely_y2566_id_966,178,0,10,116766,94699,3329
2566,pv_20_z_3,pv_20,,,3,ely_y2566_id_189,189,189,ely_y2566_id_968,151,0,11,116766,94699,3329
2566,pv_20_z_4,pv_20,,,4,ely_y2566_id_229,229,229,ely_y2566_id_975,36128,40.0,1,117288,88355,4849
2566,pv_20_z_4,pv_20,,,4,ely_y2566_id_164,164,164,ely_y2566_id_977,24835,28.0,2,117288,88355,4849
2566,pv_20_z_4,pv_20,,,4,ely_y2566_id_34,,34,ely_y2566_id_973,24431,27.0,3,117288,88355,4849
2566,pv_20_z_4,pv_20,,,4,ely_y2566_id_1,,1,ely_y2566_id_976,1062,1.0,4,117288,88355,4849
2566,pv_20_z_4,pv_20,,,4,ely_y2566_id_192,192,192,ely_y2566_id_974,450,0,5,117288,88355,4849
2566,pv_20_z_4,pv_20,,,4,ely_y2566_id_227,227,227,ely_y2566_id_971,395,0,6,117288,88355,4849
2566,pv_20_z_4,pv_20,,,4,ely_y2566_id_145,145,145,ely_y2566_id_972,358,0,7,117288,88355,4849
2566,pv_20_z_4,pv_20,,,4,ely_y2566_id_63,,63,ely_y2566_id_970,331,0,8,117288,88355,4849
2566,pv_20_z_4,pv_20,,,4,ely_y2566_id_189,189,189,ely_y2566_id_978,254,0,9,117288,88355,4849
2566,pv_20_z_4,pv_20,,,4,ely_y2566_id_234,234,234,ely_y2566_id_979,111,0,10,117288,88355,4849
2566,pv_20_z_5,pv_20,,,5,ely_y2566_id_34,,34,ely_y2566_id_980,41939,39.0,1,131393,105275,4885
2566,pv_20_z_5,pv_20,,,5,ely_y2566_id_229,229,229,ely_y2566_id_986,33814,32.0,2,131393,105275,4885
2566,pv_20_z_5,pv_20,,,5,ely_y2566_id_164,164,164,ely_y2566_id_984,24038,22.0,3,131393,105275,4885
2566,pv_20_z_5,pv_20,,,5,ely_y2566_id_192,192,192,ely_y2566_id_981,3369,3.0,4,131393,105275,4885
2566,pv_20_z_5,pv_20,,,5,ely_y2566_id_227,227,227,ely_y2566_id_985,546,0,5,131393,105275,4885
2566,pv_20_z_5,pv_20,,,5,ely_y2566_id_145,145,145,ely_y2566_id_983,480,0,6,131393,105275,4885
2566,pv_20_z_5,pv_20,,,5,ely_y2566_id_1,,1,ely_y2566_id_987,459,0,7,131393,105275,4885
2566,pv_20_z_5,pv_20,,,5,ely_y2566_id_63,,63,ely_y2566_id_982,367,0,8,131393,105275,4885
2566,pv_20_z_5,pv_20,,,5,ely_y2566_id_234,234,234,ely_y2566_id_988,200,0,9,131393,105275,4885
2566,pv_20_z_5,pv_20,,,5,ely_y2566_id_189,189,189,ely_y2566_id_989,63,0,10,131393,105275,4885
2566,pv_20_z_6,pv_20,,,6,ely_y2566_id_164,164,164,ely_y2566_id_996,37572,38.0,1,132344,98028,2678
2566,pv_20_z_6,pv_20,,,6,ely_y2566_id_34,,34,ely_y2566_id_997,27879,28.0,2,132344,98028,2678
2566,pv_20_z_6,pv_20,,,6,ely_y2566_id_229,229,229,ely_y2566_id_998,24158,24.0,3,132344,98028,2678
2566,pv_20_z_6,pv_20,,,6,ely_y2566_id_63,,63,ely_y2566_id_993,4538,4.0,4,132344,98028,2678
2566,pv_20_z_6,pv_20,,,6,ely_y2566_id_145,145,145,ely_y2566_id_995,1208,1.0,5,132344,98028,2678
2566,pv_20_z_6,pv_20,,,6,ely_y2566_id_1,,1,ely_y2566_id_991,774,0,6,132344,98028,2678
2566,pv_20_z_6,pv_20,,,6,ely_y2566_id_192,192,192,ely_y2566_id_992,367,0,7,132344,98028,2678
2566,pv_20_z_6,pv_20,,,6,ely_y2566_id_234,234,234,ely_y2566_id_990,354,0,8,132344,98028,2678
2566,pv_20_z_6,pv_20,,,6,ely_y2566_id_227,227,227,ely_y2566_id_994,320,0,9,132344,98028,2678
2566,pv_20_z_6,pv_20,,,6,ely_y2566_id_189,189,189,ely_y2566_id_999,150,0,10,132344,98028,2678
2566,pv_20_z_6,pv_20,,,6,ely_y2566_id_230,230,230,ely_y2566_id_1001,136,0,11,132344,98028,2678
2566,pv_20_z_7,pv_20,,,7,ely_y2566_id_164,164,164,ely_y2566_id_1011,40918,45.0,1,118413,89548,2123
2566,pv_20_z_7,pv_20,,,7,ely_y2566_id_34,,34,ely_y2566_id_1003,28983,32.0,2,118413,89548,2123
2566,pv_20_z_7,pv_20,,,7,ely_y2566_id_229,229,229,ely_y2566_id_1002,13900,15.0,3,118413,89548,2123
2566,pv_20_z_7,pv_20,,,7,ely_y2566_id_145,145,145,ely_y2566_id_1007,1247,1.0,4,118413,89548,2123
2566,pv_20_z_7,pv_20,,,7,ely_y2566_id_227,227,227,ely_y2566_id_1004,833,0,5,118413,89548,2123
2566,pv_20_z_7,pv_20,,,7,ely_y2566_id_63,,63,ely_y2566_id_1008,641,0,6,118413,89548,2123
2566,pv_20_z_7,pv_20,,,7,ely_y2566_id_1,,1,ely_y2566_id_1006,608,0,7,118413,89548,2123
2566,pv_20_z_7,pv_20,,,7,ely_y2566_id_192,192,192,ely_y2566_id_1012,421,0,8,118413,89548,2123
2566,pv_20_z_7,pv_20,,,7,ely_y2566_id_76,,76,ely_y2566_id_1010,410,0,9,118413,89548,2123
2566,pv_20_z_7,pv_20,,,7,ely_y2566_id_228,228,228,ely_y2566_id_1005,385,0,10,118413,89548,2123
2566,pv_20_z_7,pv_20,,,7,ely_y2566_id_149,149,149,ely_y2566_id_1009,295,0,11,118413,89548,2123
2566,pv_20_z_7,pv_20,,,7,ely_y2566_id_234,234,234,ely_y2566_id_1013,227,0,12,118413,89548,2123
2566,pv_20_z_7,pv_20,,,7,ely_y2566_id_189,189,189,ely_y2566_id_1014,159,0,13,118413,89548,2123
2566,pv_20_z_8,pv_20,,,8,ely_y2566_id_164,164,164,ely_y2566_id_1018,35270,38.0,1,130136,93133,3078
2566,pv_20_z_8,pv_20,,,8,ely_y2566_id_34,,34,ely_y2566_id_1023,32699,35.0,2,130136,93133,3078
2566,pv_20_z_8,pv_20,,,8,ely_y2566_id_229,229,229,ely_y2566_id_1016,18269,19.0,3,130136,93133,3078
2566,pv_20_z_8,pv_20,,,8,ely_y2566_id_1,,1,ely_y2566_id_1020,1860,2.0,4,130136,93133,3078
2566,pv_20_z_8,pv_20,,,8,ely_y2566_id_145,145,145,ely_y2566_id_1015,1473,1.0,5,130136,93133,3078
2566,pv_20_z_8,pv_20,,,8,ely_y2566_id_234,234,234,ely_y2566_id_1022,756,0,6,130136,93133,3078
2566,pv_20_z_8,pv_20,,,8,ely_y2566_id_63,,63,ely_y2566_id_1021,515,0,7,130136,93133,3078
2566,pv_20_z_8,pv_20,,,8,ely_y2566_id_192,192,192,ely_y2566_id_1017,493,0,8,130136,93133,3078
2566,pv_20_z_8,pv_20,,,8,ely_y2566_id_227,227,227,ely_y2566_id_1019,457,0,9,130136,93133,3078
2566,pv_20_z_8,pv_20,,,8,ely_y2566_id_189,189,189,ely_y2566_id_1024,142,0,10,130136,93133,3078
2566,pv_20_z_9,pv_20,,,9,ely_y2566_id_164,164,164,ely_y2566_id_1032,30459,41.0,1,115650,73516,2062
2566,pv_20_z_9,pv_20,,,9,ely_y2566_id_34,,34,ely_y2566_id_1026,19327,26.0,2,115650,73516,2062
2566,pv_20_z_9,pv_20,,,9,ely_y2566_id_229,229,229,ely_y2566_id_1028,19253,26.0,3,115650,73516,2062
2566,pv_20_z_9,pv_20,,,9,ely_y2566_id_192,192,192,ely_y2566_id_1027,807,1.0,4,115650,73516,2062
2566,pv_20_z_9,pv_20,,,9,ely_y2566_id_145,145,145,ely_y2566_id_1029,717,0,5,115650,73516,2062
2566,pv_20_z_9,pv_20,,,9,ely_y2566_id_63,,63,ely_y2566_id_1030,659,0,6,115650,73516,2062
2566,pv_20_z_9,pv_20,,,9,ely_y2566_id_234,234,234,ely_y2566_id_1033,606,0,7,115650,73516,2062
2566,pv_20_z_9,pv_20,,,9,ely_y2566_id_1,,1,ely_y2566_id_1025,544,0,8,115650,73516,2062
2566,pv_20_z_9,pv_20,,,9,ely_y2566_id_227,227,227,ely_y2566_id_1031,365,0,9,115650,73516,2062
2566,pv_20_z_9,pv_20,,,9,ely_y2566_id_189,189,189,ely_y2566_id_1034,103,0,10,115650,73516,2062
2566,pv_20_z_10,pv_20,,,10,ely_y2566_id_192,192,192,ely_y2566_id_1037,27461,31.0,1,131994,88841,2265
2566,pv_20_z_10,pv_20,,,10,ely_y2566_id_34,,34,ely_y2566_id_1041,27387,31.0,2,131994,88841,2265
2566,pv_20_z_10,pv_20,,,10,ely_y2566_id_164,164,164,ely_y2566_id_1039,25957,29.0,3,131994,88841,2265
2566,pv_20_z_10,pv_20,,,10,ely_y2566_id_229,229,229,ely_y2566_id_1035,5087,5.0,4,131994,88841,2265
2566,pv_20_z_10,pv_20,,,10,ely_y2566_id_227,227,227,ely_y2566_id_1036,455,0,5,131994,88841,2265
2566,pv_20_z_10,pv_20,,,10,ely_y2566_id_1,,1,ely_y2566_id_1044,419,0,6,131994,88841,2265
2566,pv_20_z_10,pv_20,,,10,ely_y2566_id_63,,63,ely_y2566_id_1042,356,0,7,131994,88841,2265
2566,pv_20_z_10,pv_20,,,10,ely_y2566_id_149,149,149,ely_y2566_id_1043,331,0,8,131994,88841,2265
2566,pv_20_z_10,pv_20,,,10,ely_y2566_id_234,234,234,ely_y2566_id_1038,283,0,9,131994,88841,2265
2566,pv_20_z_10,pv_20,,,10,ely_y2566_id_189,189,189,ely_y2566_id_1045,225,0,10,131994,88841,2265
2566,pv_20_z_10,pv_20,,,10,ely_y2566_id_145,145,145,ely_y2566_id_1040,0,0,11,131994,88841,2265
2566,pv_50_z_1,pv_50,,,1,ely_y2566_id_164,164,164,ely_y2566_id_1255,48823,47.0,1,139581,104406,2237
2566,pv_50_z_1,pv_50,,,1,ely_y2566_id_34,,34,ely_y2566_id_1254,30086,29.0,2,139581,104406,2237
2566,pv_50_z_1,pv_50,,,1,ely_y2566_id_229,229,229,ely_y2566_id_1262,9772,9.0,3,139581,104406,2237
2566,pv_50_z_1,pv_50,,,1,ely_y2566_id_227,227,227,ely_y2566_id_1261,8471,8.0,4,139581,104406,2237
2566,pv_50_z_1,pv_50,,,1,ely_y2566_id_1,,1,ely_y2566_id_1260,1514,1.0,5,139581,104406,2237
2566,pv_50_z_1,pv_50,,,1,ely_y2566_id_192,192,192,ely_y2566_id_1257,1019,0,6,139581,104406,2237
2566,pv_50_z_1,pv_50,,,1,ely_y2566_id_145,145,145,ely_y2566_id_1263,675,0,7,139581,104406,2237
2566,pv_50_z_1,pv_50,,,1,ely_y2566_id_186,186,186,ely_y2566_id_1256,483,0,8,139581,104406,2237
2566,pv_50_z_1,pv_50,,,1,ely_y2566_id_45,,45,ely_y2566_id_1259,453,0,9,139581,104406,2237
2566,pv_50_z_1,pv_50,,,1,ely_y2566_id_63,,63,ely_y2566_id_1258,387,0,10,139581,104406,2237
2566,pv_50_z_1,pv_50,,,1,ely_y2566_id_180,180,180,ely_y2566_id_1264,197,0,11,139581,104406,2237
2566,pv_50_z_1,pv_50,,,1,ely_y2566_id_185,185,185,ely_y2566_id_1265,152,0,12,139581,104406,2237
2566,pv_50_z_1,pv_50,,,1,ely_y2566_id_189,189,189,ely_y2566_id_1266,117,0,13,139581,104406,2237
2566,pv_50_z_1,pv_50,,,1,ely_y2566_id_235,235,235,ely_y2566_id_1267,75,0,14,139581,104406,2237
2566,pv_50_z_1,pv_50,,,1,ely_y2566_id_205,205,205,ely_y2566_id_1268,69,0,15,139581,104406,2237
2566,pv_50_z_2,pv_50,,,2,ely_y2566_id_164,164,164,ely_y2566_id_1276,51181,47.0,1,139823,110301,2982
2566,pv_50_z_2,pv_50,,,2,ely_y2566_id_34,,34,ely_y2566_id_1278,39091,36.0,2,139823,110301,2982
2566,pv_50_z_2,pv_50,,,2,ely_y2566_id_229,229,229,ely_y2566_id_1270,7371,6.0,3,139823,110301,2982
2566,pv_50_z_2,pv_50,,,2,ely_y2566_id_192,192,192,ely_y2566_id_1273,2695,2.0,4,139823,110301,2982
2566,pv_50_z_2,pv_50,,,2,ely_y2566_id_227,227,227,ely_y2566_id_1277,2204,2.0,5,139823,110301,2982
2566,pv_50_z_2,pv_50,,,2,ely_y2566_id_1,,1,ely_y2566_id_1275,1290,1.0,6,139823,110301,2982
2566,pv_50_z_2,pv_50,,,2,ely_y2566_id_145,145,145,ely_y2566_id_1272,956,0,7,139823,110301,2982
2566,pv_50_z_2,pv_50,,,2,ely_y2566_id_247,247,247,ely_y2566_id_1274,920,0,8,139823,110301,2982
2566,pv_50_z_2,pv_50,,,2,ely_y2566_id_186,186,186,ely_y2566_id_1269,837,0,9,139823,110301,2982
2566,pv_50_z_2,pv_50,,,2,ely_y2566_id_63,,63,ely_y2566_id_1271,579,0,10,139823,110301,2982
2566,pv_50_z_2,pv_50,,,2,ely_y2566_id_185,185,185,ely_y2566_id_1279,273,0,11,139823,110301,2982
2566,pv_50_z_2,pv_50,,,2,ely_y2566_id_235,235,235,ely_y2566_id_1281,211,0,12,139823,110301,2982
2566,pv_50_z_2,pv_50,,,2,ely_y2566_id_240,240,240,ely_y2566_id_1280,189,0,13,139823,110301,2982
2566,pv_50_z_2,pv_50,,,2,ely_y2566_id_155,155,155,ely_y2566_id_1282,132,0,14,139823,110301,2982
2566,pv_50_z_2,pv_50,,,2,ely_y2566_id_189,189,189,ely_y2566_id_1284,88,0,15,139823,110301,2982
2566,pv_50_z_3,pv_50,,,3,ely_y2566_id_164,164,164,ely_y2566_id_1288,47469,44.0,1,134853,108999,3577
2566,pv_50_z_3,pv_50,,,3,ely_y2566_id_34,,34,ely_y2566_id_1294,43244,40.0,2,134853,108999,3577
2566,pv_50_z_3,pv_50,,,3,ely_y2566_id_229,229,229,ely_y2566_id_1295,5197,4.0,3,134853,108999,3577
2566,pv_50_z_3,pv_50,,,3,ely_y2566_id_63,,63,ely_y2566_id_1292,3024,2.0,4,134853,108999,3577
2566,pv_50_z_3,pv_50,,,3,ely_y2566_id_186,186,186,ely_y2566_id_1290,2443,2.0,5,134853,108999,3577
2566,pv_50_z_3,pv_50,,,3,ely_y2566_id_192,192,192,ely_y2566_id_1285,1625,1.0,6,134853,108999,3577
2566,pv_50_z_3,pv_50,,,3,ely_y2566_id_227,227,227,ely_y2566_id_1293,785,0,7,134853,108999,3577
2566,pv_50_z_3,pv_50,,,3,ely_y2566_id_1,,1,ely_y2566_id_1291,772,0,8,134853,108999,3577
2566,pv_50_z_3,pv_50,,,3,ely_y2566_id_145,145,145,ely_y2566_id_1286,677,0,9,134853,108999,3577
2566,pv_50_z_3,pv_50,,,3,ely_y2566_id_45,,45,ely_y2566_id_1287,573,0,10,134853,108999,3577
2566,pv_50_z_3,pv_50,,,3,ely_y2566_id_234,234,234,ely_y2566_id_1298,364,0,11,134853,108999,3577
2566,pv_50_z_3,pv_50,,,3,ely_y2566_id_185,185,185,ely_y2566_id_1289,336,0,12,134853,108999,3577
2566,pv_50_z_3,pv_50,,,3,ely_y2566_id_235,235,235,ely_y2566_id_1296,286,0,13,134853,108999,3577
2566,pv_50_z_3,pv_50,,,3,ely_y2566_id_180,180,180,ely_y2566_id_1297,266,0,14,134853,108999,3577
2566,pv_50_z_4,pv_50,,,4,ely_y2566_id_164,164,164,ely_y2566_id_1304,62009,57.0,1,140156,110140,2928
2566,pv_50_z_4,pv_50,,,4,ely_y2566_id_34,,34,ely_y2566_id_1309,21942,20.0,2,140156,110140,2928
2566,pv_50_z_4,pv_50,,,4,ely_y2566_id_229,229,229,ely_y2566_id_1302,15211,14.0,3,140156,110140,2928
2566,pv_50_z_4,pv_50,,,4,ely_y2566_id_1,,1,ely_y2566_id_1306,1790,1.0,4,140156,110140,2928
2566,pv_50_z_4,pv_50,,,4,ely_y2566_id_227,227,227,ely_y2566_id_1308,1656,1.0,5,140156,110140,2928
2566,pv_50_z_4,pv_50,,,4,ely_y2566_id_192,192,192,ely_y2566_id_1301,1523,1.0,6,140156,110140,2928
2566,pv_50_z_4,pv_50,,,4,ely_y2566_id_186,186,186,ely_y2566_id_1303,1261,1.0,7,140156,110140,2928
2566,pv_50_z_4,pv_50,,,4,ely_y2566_id_145,145,145,ely_y2566_id_1310,657,0,8,140156,110140,2928
2566,pv_50_z_4,pv_50,,,4,ely_y2566_id_63,,63,ely_y2566_id_1307,653,0,9,140156,110140,2928
2566,pv_50_z_4,pv_50,,,4,ely_y2566_id_45,,45,ely_y2566_id_1300,632,0,10,140156,110140,2928
2566,pv_50_z_4,pv_50,,,4,ely_y2566_id_189,189,189,ely_y2566_id_1312,333,0,11,140156,110140,2928
2566,pv_50_z_4,pv_50,,,4,ely_y2566_id_226,226,226,ely_y2566_id_1305,288,0,12,140156,110140,2928
2566,pv_50_z_4,pv_50,,,4,ely_y2566_id_180,180,180,ely_y2566_id_1311,151,0,13,140156,110140,2928
2566,pv_50_z_4,pv_50,,,4,ely_y2566_id_235,235,235,ely_y2566_id_1313,99,0,14,140156,110140,2928
2566,pv_50_z_5,pv_50,,,5,ely_y2566_id_34,,34,ely_y2566_id_1321,38015,37.0,1,132614,102471,5342
2566,pv_50_z_5,pv_50,,,5,ely_y2566_id_164,164,164,ely_y2566_id_1320,37738,37.0,2,132614,102471,5342
2566,pv_50_z_5,pv_50,,,5,ely_y2566_id_229,229,229,ely_y2566_id_1319,8239,8.0,3,132614,102471,5342
2566,pv_50_z_5,pv_50,,,5,ely_y2566_id_192,192,192,ely_y2566_id_1315,7858,7.0,4,132614,102471,5342
2566,pv_50_z_5,pv_50,,,5,ely_y2566_id_227,227,227,ely_y2566_id_1317,3209,3.0,5,132614,102471,5342
2566,pv_50_z_5,pv_50,,,5,ely_y2566_id_1,,1,ely_y2566_id_1323,2259,2.0,6,132614,102471,5342
2566,pv_50_z_5,pv_50,,,5,ely_y2566_id_63,,63,ely_y2566_id_1316,668,0,7,132614,102471,5342
2566,pv_50_z_5,pv_50,,,5,ely_y2566_id_145,145,145,ely_y2566_id_1322,472,0,8,132614,102471,5342
2566,pv_50_z_5,pv_50,,,5,ely_y2566_id_186,186,186,ely_y2566_id_1318,455,0,9,132614,102471,5342
2566,pv_50_z_5,pv_50,,,5,ely_y2566_id_180,180,180,ely_y2566_id_1325,399,0,10,132614,102471,5342
2566,pv_50_z_5,pv_50,,,5,ely_y2566_id_235,235,235,ely_y2566_id_1327,347,0,11,132614,102471,5342
2566,pv_50_z_5,pv_50,,,5,ely_y2566_id_204,204,204,ely_y2566_id_1324,333,0,12,132614,102471,5342
2566,pv_50_z_5,pv_50,,,5,ely_y2566_id_189,189,189,ely_y2566_id_1326,244,0,13,132614,102471,5342
2566,pv_50_z_5,pv_50,,,5,ely_y2566_id_205,205,205,ely_y2566_id_1328,172,0,14,132614,102471,5342
2566,pv_50_z_6,pv_50,,,6,ely_y2566_id_164,164,164,ely_y2566_id_1329,25828,28.0,1,126886,90959,4829
2566,pv_50_z_6,pv_50,,,6,ely_y2566_id_186,186,186,ely_y2566_id_1338,21937,24.0,2,126886,90959,4829
2566,pv_50_z_6,pv_50,,,6,ely_y2566_id_34,,34,ely_y2566_id_1330,21374,23.0,3,126886,90959,4829
2566,pv_50_z_6,pv_50,,,6,ely_y2566_id_192,192,192,ely_y2566_id_1333,12140,13.0,4,126886,90959,4829
2566,pv_50_z_6,pv_50,,,6,ely_y2566_id_229,229,229,ely_y2566_id_1336,3034,3.0,5,126886,90959,4829
2566,pv_50_z_6,pv_50,,,6,ely_y2566_id_227,227,227,ely_y2566_id_1335,2726,3.0,6,126886,90959,4829
2566,pv_50_z_6,pv_50,,,6,ely_y2566_id_145,145,145,ely_y2566_id_1332,671,0,7,126886,90959,4829
2566,pv_50_z_6,pv_50,,,6,ely_y2566_id_1,,1,ely_y2566_id_1334,534,0,8,126886,90959,4829
2566,pv_50_z_6,pv_50,,,6,ely_y2566_id_235,235,235,ely_y2566_id_1340,456,0,9,126886,90959,4829
2566,pv_50_z_6,pv_50,,,6,ely_y2566_id_112,,112,ely_y2566_id_1339,424,0,10,126886,90959,4829
2566,pv_50_z_6,pv_50,,,6,ely_y2566_id_63,,63,ely_y2566_id_1331,354,0,11,126886,90959,4829
2566,pv_50_z_6,pv_50,,,6,ely_y2566_id_180,180,180,ely_y2566_id_1337,342,0,12,126886,90959,4829
2566,pv_50_z_6,pv_50,,,6,ely_y2566_id_185,185,185,ely_y2566_id_1341,269,0,13,126886,90959,4829
2566,pv_50_z_6,pv_50,,,6,ely_y2566_id_189,189,189,ely_y2566_id_1344,200,0,14,126886,90959,4829
2566,pv_50_z_6,pv_50,,,6,ely_y2566_id_234,234,234,ely_y2566_id_1342,144,0,15,126886,90959,4829
2566,pv_50_z_7,pv_50,,,7,ely_y2566_id_164,164,164,ely_y2566_id_1346,32990,35.0,1,132681,96204,6363
2566,pv_50_z_7,pv_50,,,7,ely_y2566_id_34,,34,ely_y2566_id_1351,29387,31.0,2,132681,96204,6363
2566,pv_50_z_7,pv_50,,,7,ely_y2566_id_229,229,229,ely_y2566_id_1345,8830,9.0,3,132681,96204,6363
2566,pv_50_z_7,pv_50,,,7,ely_y2566_id_1,,1,ely_y2566_id_1349,6400,6.0,4,132681,96204,6363
2566,pv_50_z_7,pv_50,,,7,ely_y2566_id_186,186,186,ely_y2566_id_1348,5531,5.0,5,132681,96204,6363
2566,pv_50_z_7,pv_50,,,7,ely_y2566_id_149,149,149,ely_y2566_id_1347,4304,4.0,6,132681,96204,6363
2566,pv_50_z_7,pv_50,,,7,ely_y2566_id_227,227,227,ely_y2566_id_1350,3061,3.0,7,132681,96204,6363
2566,pv_50_z_7,pv_50,,,7,ely_y2566_id_192,192,192,ely_y2566_id_1357,1228,1.0,8,132681,96204,6363
2566,pv_50_z_7,pv_50,,,7,ely_y2566_id_145,145,145,ely_y2566_id_1353,830,0,9,132681,96204,6363
2566,pv_50_z_7,pv_50,,,7,ely_y2566_id_234,234,234,ely_y2566_id_1356,529,0,10,132681,96204,6363
2566,pv_50_z_7,pv_50,,,7,ely_y2566_id_112,,112,ely_y2566_id_1355,465,0,11,132681,96204,6363
2566,pv_50_z_7,pv_50,,,7,ely_y2566_id_63,,63,ely_y2566_id_1352,231,0,12,132681,96204,6363
2566,pv_50_z_7,pv_50,,,7,ely_y2566_id_180,180,180,ely_y2566_id_1354,182,0,13,132681,96204,6363
2566,pv_50_z_8,pv_50,,,8,ely_y2566_id_164,164,164,ely_y2566_id_1365,50878,45.0,1,136368,113448,3709
2566,pv_50_z_8,pv_50,,,8,ely_y2566_id_34,,34,ely_y2566_id_1368,35237,31.0,2,136368,113448,3709
2566,pv_50_z_8,pv_50,,,8,ely_y2566_id_192,192,192,ely_y2566_id_1367,15257,13.0,3,136368,113448,3709
2566,pv_50_z_8,pv_50,,,8,ely_y2566_id_229,229,229,ely_y2566_id_1362,4145,3.0,4,136368,113448,3709
2566,pv_50_z_8,pv_50,,,8,ely_y2566_id_227,227,227,ely_y2566_id_1366,1622,1.0,5,136368,113448,3709
2566,pv_50_z_8,pv_50,,,8,ely_y2566_id_186,186,186,ely_y2566_id_1363,1509,1.0,6,136368,113448,3709
2566,pv_50_z_8,pv_50,,,8,ely_y2566_id_63,,63,ely_y2566_id_1361,942,0,7,136368,113448,3709
2566,pv_50_z_8,pv_50,,,8,ely_y2566_id_145,145,145,ely_y2566_id_1359,667,0,8,136368,113448,3709
2566,pv_50_z_8,pv_50,,,8,ely_y2566_id_1,,1,ely_y2566_id_1364,626,0,9,136368,113448,3709
2566,pv_50_z_8,pv_50,,,8,ely_y2566_id_226,226,226,ely_y2566_id_1360,302,0,10,136368,113448,3709
2566,pv_50_z_8,pv_50,,,8,ely_y2566_id_185,185,185,ely_y2566_id_1369,269,0,11,136368,113448,3709
2566,pv_50_z_8,pv_50,,,8,ely_y2566_id_189,189,189,ely_y2566_id_1370,167,0,12,136368,113448,3709
2566,pv_50_z_8,pv_50,,,8,ely_y2566_id_180,180,180,ely_y2566_id_1371,163,0,13,136368,113448,3709
2566,pv_50_z_8,pv_50,,,8,ely_y2566_id_235,235,235,ely_y2566_id_1372,112,0,14,136368,113448,3709
2566,pv_50_z_8,pv_50,,,8,ely_y2566_id_205,205,205,ely_y2566_id_1373,104,0,15,136368,113448,3709
2566,pv_50_z_9,pv_50,,,9,ely_y2566_id_192,192,192,ely_y2566_id_1380,31107,30.0,1,124621,103981,5209
2566,pv_50_z_9,pv_50,,,9,ely_y2566_id_34,,34,ely_y2566_id_1377,27032,26.0,2,124621,103981,5209
2566,pv_50_z_9,pv_50,,,9,ely_y2566_id_164,164,164,ely_y2566_id_1375,26415,25.0,3,124621,103981,5209
2566,pv_50_z_9,pv_50,,,9,ely_y2566_id_63,,63,ely_y2566_id_1376,12847,12.0,4,124621,103981,5209
2566,pv_50_z_9,pv_50,,,9,ely_y2566_id_229,229,229,ely_y2566_id_1379,1434,1.0,5,124621,103981,5209
2566,pv_50_z_9,pv_50,,,9,ely_y2566_id_227,227,227,ely_y2566_id_1378,912,0,6,124621,103981,5209
2566,pv_50_z_9,pv_50,,,9,ely_y2566_id_247,247,247,ely_y2566_id_1383,837,0,7,124621,103981,5209
2566,pv_50_z_9,pv_50,,,9,ely_y2566_id_1,,1,ely_y2566_id_1381,698,0,8,124621,103981,5209
2566,pv_50_z_9,pv_50,,,9,ely_y2566_id_185,185,185,ely_y2566_id_1387,583,0,9,124621,103981,5209
2566,pv_50_z_9,pv_50,,,9,ely_y2566_id_234,234,234,ely_y2566_id_1386,396,0,10,124621,103981,5209
2566,pv_50_z_9,pv_50,,,9,ely_y2566_id_186,186,186,ely_y2566_id_1384,363,0,11,124621,103981,5209
2566,pv_50_z_9,pv_50,,,9,ely_y2566_id_235,235,235,ely_y2566_id_1385,330,0,12,124621,103981,5209
2566,pv_50_z_9,pv_50,,,9,ely_y2566_id_145,145,145,ely_y2566_id_1382,221,0,13,124621,103981,5209
2566,pv_50_z_9,pv_50,,,9,ely_y2566_id_180,180,180,ely_y2566_id_1389,140,0,14,124621,103981,5209
2566,pv_50_z_10,pv_50,,,10,ely_y2566_id_34,,34,ely_y2566_id_1390,32638,35.0,1,119900,92812,7189
2566,pv_50_z_10,pv_50,,,10,ely_y2566_id_192,192,192,ely_y2566_id_1397,29138,31.0,2,119900,92812,7189
2566,pv_50_z_10,pv_50,,,10,ely_y2566_id_164,164,164,ely_y2566_id_1394,20680,22.0,3,119900,92812,7189
2566,pv_50_z_10,pv_50,,,10,ely_y2566_id_1,,1,ely_y2566_id_1391,2566,2.0,4,119900,92812,7189
2566,pv_50_z_10,pv_50,,,10,ely_y2566_id_180,180,180,ely_y2566_id_1400,1092,1.0,5,119900,92812,7189
2566,pv_50_z_10,pv_50,,,10,ely_y2566_id_229,229,229,ely_y2566_id_1396,983,1.0,6,119900,92812,7189
2566,pv_50_z_10,pv_50,,,10,ely_y2566_id_227,227,227,ely_y2566_id_1398,913,0,7,119900,92812,7189
2566,pv_50_z_10,pv_50,,,10,ely_y2566_id_145,145,145,ely_y2566_id_1392,803,0,8,119900,92812,7189
2566,pv_50_z_10,pv_50,,,10,ely_y2566_id_185,185,185,ely_y2566_id_1402,585,0,9,119900,92812,7189
2566,pv_50_z_10,pv_50,,,10,ely_y2566_id_226,226,226,ely_y2566_id_1399,540,0,10,119900,92812,7189
2566,pv_50_z_10,pv_50,,,10,ely_y2566_id_63,,63,ely_y2566_id_1395,516,0,11,119900,92812,7189
2566,pv_50_z_10,pv_50,,,10,ely_y2566_id_247,247,247,ely_y2566_id_1401,492,0,12,119900,92812,7189
2566,pv_50_z_10,pv_50,,,10,ely_y2566_id_186,186,186,ely_y2566_id_1393,482,0,13,119900,92812,7189
2566,pv_50_z_10,pv_50,,,10,ely_y2566_id_205,205,205,ely_y2566_id_1403,292,0,14,119900,92812,7189
2566,pv_80_z_1,pv_80,,,1,ely_y2566_id_1,,1,ely_y2566_id_1830,20334,23.0,1,121449,86058,3394
2566,pv_80_z_1,pv_80,,,1,ely_y2566_id_164,164,164,ely_y2566_id_1828,18875,21.0,2,121449,86058,3394
2566,pv_80_z_1,pv_80,,,1,ely_y2566_id_192,192,192,ely_y2566_id_1826,17304,20.0,3,121449,86058,3394
2566,pv_80_z_1,pv_80,,,1,ely_y2566_id_229,229,229,ely_y2566_id_1833,13139,15.0,4,121449,86058,3394
2566,pv_80_z_1,pv_80,,,1,ely_y2566_id_63,,63,ely_y2566_id_1831,9237,10.0,5,121449,86058,3394
2566,pv_80_z_1,pv_80,,,1,ely_y2566_id_34,,34,ely_y2566_id_1827,3509,4.0,6,121449,86058,3394
2566,pv_80_z_1,pv_80,,,1,ely_y2566_id_45,,45,ely_y2566_id_1832,1104,1.0,7,121449,86058,3394
2566,pv_80_z_1,pv_80,,,1,ely_y2566_id_145,145,145,ely_y2566_id_1834,916,1.0,8,121449,86058,3394
2566,pv_80_z_1,pv_80,,,1,ely_y2566_id_227,227,227,ely_y2566_id_1829,645,0,9,121449,86058,3394
2566,pv_80_z_1,pv_80,,,1,ely_y2566_id_234,234,234,ely_y2566_id_1835,312,0,10,121449,86058,3394
2566,pv_80_z_1,pv_80,,,1,ely_y2566_id_170,170,170,ely_y2566_id_1836,223,0,11,121449,86058,3394
2566,pv_80_z_1,pv_80,,,1,ely_y2566_id_184,184,184,ely_y2566_id_1837,131,0,12,121449,86058,3394
2566,pv_80_z_1,pv_80,,,1,ely_y2566_id_230,230,230,ely_y2566_id_1839,108,0,13,121449,86058,3394
2566,pv_80_z_1,pv_80,,,1,ely_y2566_id_235,235,235,ely_y2566_id_1838,100,0,14,121449,86058,3394
2566,pv_80_z_2,pv_80,,,2,ely_y2566_id_1,,1,ely_y2566_id_1847,31617,34.0,1,127264,92410,4374
2566,pv_80_z_2,pv_80,,,2,ely_y2566_id_192,192,192,ely_y2566_id_1845,19718,21.0,2,127264,92410,4374
2566,pv_80_z_2,pv_80,,,2,ely_y2566_id_229,229,229,ely_y2566_id_1846,17473,19.0,3,127264,92410,4374
2566,pv_80_z_2,pv_80,,,2,ely_y2566_id_164,164,164,ely_y2566_id_1841,15831,17.0,4,127264,92410,4374
2566,pv_80_z_2,pv_80,,,2,ely_y2566_id_34,,34,ely_y2566_id_1849,1810,1.0,5,127264,92410,4374
2566,pv_80_z_2,pv_80,,,2,ely_y2566_id_187,187,187,ely_y2566_id_1843,1344,1.0,6,127264,92410,4374
2566,pv_80_z_2,pv_80,,,2,ely_y2566_id_145,145,145,ely_y2566_id_1840,873,0,7,127264,92410,4374
2566,pv_80_z_2,pv_80,,,2,ely_y2566_id_63,,63,ely_y2566_id_1844,822,0,8,127264,92410,4374
2566,pv_80_z_2,pv_80,,,2,ely_y2566_id_234,234,234,ely_y2566_id_1842,753,0,9,127264,92410,4374
2566,pv_80_z_2,pv_80,,,2,ely_y2566_id_227,227,227,ely_y2566_id_1848,589,0,10,127264,92410,4374
2566,pv_80_z_2,pv_80,,,2,ely_y2566_id_184,184,184,ely_y2566_id_1851,225,0,11,127264,92410,4374
2566,pv_80_z_2,pv_80,,,2,ely_y2566_id_76,,76,ely_y2566_id_1850,212,0,12,127264,92410,4374
2566,pv_80_z_3,pv_80,,,3,ely_y2566_id_1,,1,ely_y2566_id_1852,31827,35.0,1,135503,89740,4749
2566,pv_80_z_3,pv_80,,,3,ely_y2566_id_63,,63,ely_y2566_id_1853,21277,23.0,2,135503,89740,4749
2566,pv_80_z_3,pv_80,,,3,ely_y2566_id_192,192,192,ely_y2566_id_1856,14164,15.0,3,135503,89740,4749
2566,pv_80_z_3,pv_80,,,3,ely_y2566_id_229,229,229,ely_y2566_id_1854,10670,11.0,4,135503,89740,4749
2566,pv_80_z_3,pv_80,,,3,ely_y2566_id_164,164,164,ely_y2566_id_1855,9499,10.0,5,135503,89740,4749
2566,pv_80_z_3,pv_80,,,3,ely_y2566_id_34,,34,ely_y2566_id_1858,870,0,6,135503,89740,4749
2566,pv_80_z_3,pv_80,,,3,ely_y2566_id_145,145,145,ely_y2566_id_1857,410,0,7,135503,89740,4749
2566,pv_80_z_3,pv_80,,,3,ely_y2566_id_230,230,230,ely_y2566_id_1862,392,0,8,135503,89740,4749
2566,pv_80_z_3,pv_80,,,3,ely_y2566_id_234,234,234,ely_y2566_id_1859,318,0,9,135503,89740,4749
2566,pv_80_z_3,pv_80,,,3,ely_y2566_id_227,227,227,ely_y2566_id_1861,222,0,10,135503,89740,4749
2566,pv_80_z_3,pv_80,,,3,ely_y2566_id_170,170,170,ely_y2566_id_1860,91,0,11,135503,89740,4749
2566,pv_80_z_4,pv_80,,,4,ely_y2566_id_1,,1,ely_y2566_id_1866,22394,26.0,1,127614,87975,4214
2566,pv_80_z_4,pv_80,,,4,ely_y2566_id_45,,45,ely_y2566_id_1871,18196,21.0,2,127614,87975,4214
2566,pv_80_z_4,pv_80,,,4,ely_y2566_id_229,229,229,ely_y2566_id_1872,15297,17.0,3,127614,87975,4214
2566,pv_80_z_4,pv_80,,,4,ely_y2566_id_192,192,192,ely_y2566_id_1868,11015,12.0,4,127614,87975,4214
2566,pv_80_z_4,pv_80,,,4,ely_y2566_id_164,164,164,ely_y2566_id_1865,9331,10.0,5,127614,87975,4214
2566,pv_80_z_4,pv_80,,,4,ely_y2566_id_63,,63,ely_y2566_id_1869,4542,5.0,6,127614,87975,4214
2566,pv_80_z_4,pv_80,,,4,ely_y2566_id_34,,34,ely_y2566_id_1867,2486,2.0,7,127614,87975,4214
2566,pv_80_z_4,pv_80,,,4,ely_y2566_id_234,234,234,ely_y2566_id_1870,794,0,8,127614,87975,4214
2566,pv_80_z_4,pv_80,,,4,ely_y2566_id_227,227,227,ely_y2566_id_1864,554,0,9,127614,87975,4214
2566,pv_80_z_4,pv_80,,,4,ely_y2566_id_145,145,145,ely_y2566_id_1863,483,0,10,127614,87975,4214
2566,pv_80_z_4,pv_80,,,4,ely_y2566_id_189,189,189,ely_y2566_id_1874,285,0,11,127614,87975,4214
2566,pv_80_z_4,pv_80,,,4,ely_y2566_id_230,230,230,ely_y2566_id_1873,163,0,12,127614,87975,4214
2566,pv_80_z_5,pv_80,,,5,ely_y2566_id_1,,1,ely_y2566_id_1878,48403,54.0,1,122607,89576,3889
2566,pv_80_z_5,pv_80,,,5,ely_y2566_id_229,229,229,ely_y2566_id_1875,23827,26.0,2,122607,89576,3889
2566,pv_80_z_5,pv_80,,,5,ely_y2566_id_164,164,164,ely_y2566_id_1880,10369,11.0,3,122607,89576,3889
2566,pv_80_z_5,pv_80,,,5,ely_y2566_id_192,192,192,ely_y2566_id_1876,2246,2.0,4,122607,89576,3889
2566,pv_80_z_5,pv_80,,,5,ely_y2566_id_45,,45,ely_y2566_id_1882,1347,1.0,5,122607,89576,3889
2566,pv_80_z_5,pv_80,,,5,ely_y2566_id_34,,34,ely_y2566_id_1883,1011,1.0,6,122607,89576,3889
2566,pv_80_z_5,pv_80,,,5,ely_y2566_id_234,234,234,ely_y2566_id_1879,681,0,7,122607,89576,3889
2566,pv_80_z_5,pv_80,,,5,ely_y2566_id_63,,63,ely_y2566_id_1881,619,0,8,122607,89576,3889
2566,pv_80_z_5,pv_80,,,5,ely_y2566_id_227,227,227,ely_y2566_id_1877,477,0,9,122607,89576,3889
2566,pv_80_z_5,pv_80,,,5,ely_y2566_id_230,230,230,ely_y2566_id_1886,249,0,10,122607,89576,3889
2566,pv_80_z_5,pv_80,,,5,ely_y2566_id_189,189,189,ely_y2566_id_1885,220,0,11,122607,89576,3889
2566,pv_80_z_5,pv_80,,,5,ely_y2566_id_145,145,145,ely_y2566_id_1884,127,0,12,122607,89576,3889
2566,pv_80_z_6,pv_80,,,6,ely_y2566_id_192,192,192,ely_y2566_id_1891,26285,32.0,1,113429,80505,3068
2566,pv_80_z_6,pv_80,,,6,ely_y2566_id_63,,63,ely_y2566_id_1895,22314,27.0,2,113429,80505,3068
2566,pv_80_z_6,pv_80,,,6,ely_y2566_id_164,164,164,ely_y2566_id_1894,10009,12.0,3,113429,80505,3068
2566,pv_80_z_6,pv_80,,,6,ely_y2566_id_229,229,229,ely_y2566_id_1896,6988,8.0,4,113429,80505,3068
2566,pv_80_z_6,pv_80,,,6,ely_y2566_id_34,,34,ely_y2566_id_1887,5376,6.0,5,113429,80505,3068
2566,pv_80_z_6,pv_80,,,6,ely_y2566_id_1,,1,ely_y2566_id_1890,5349,6.0,6,113429,80505,3068
2566,pv_80_z_6,pv_80,,,6,ely_y2566_id_45,,45,ely_y2566_id_1898,1609,2.0,7,113429,80505,3068
2566,pv_80_z_6,pv_80,,,6,ely_y2566_id_145,145,145,ely_y2566_id_1893,622,0,8,113429,80505,3068
2566,pv_80_z_6,pv_80,,,6,ely_y2566_id_234,234,234,ely_y2566_id_1897,596,0,9,113429,80505,3068
2566,pv_80_z_6,pv_80,,,6,ely_y2566_id_227,227,227,ely_y2566_id_1889,509,0,10,113429,80505,3068
2566,pv_80_z_6,pv_80,,,6,ely_y2566_id_170,170,170,ely_y2566_id_1892,289,0,11,113429,80505,3068
2566,pv_80_z_6,pv_80,,,6,ely_y2566_id_189,189,189,ely_y2566_id_1888,197,0,12,113429,80505,3068
2566,pv_80_z_6,pv_80,,,6,ely_y2566_id_184,184,184,ely_y2566_id_1900,174,0,13,113429,80505,3068
2566,pv_80_z_6,pv_80,,,6,ely_y2566_id_226,226,226,ely_y2566_id_1899,91,0,14,113429,80505,3068
2566,pv_80_z_7,pv_80,,,7,ely_y2566_id_63,,63,ely_y2566_id_1906,27943,32.0,1,118822,84800,3878
2566,pv_80_z_7,pv_80,,,7,ely_y2566_id_164,164,164,ely_y2566_id_1905,20842,24.0,2,118822,84800,3878
2566,pv_80_z_7,pv_80,,,7,ely_y2566_id_229,229,229,ely_y2566_id_1902,18877,22.0,3,118822,84800,3878
2566,pv_80_z_7,pv_80,,,7,ely_y2566_id_1,,1,ely_y2566_id_1907,8879,10.0,4,118822,84800,3878
2566,pv_80_z_7,pv_80,,,7,ely_y2566_id_34,,34,ely_y2566_id_1901,3625,4.0,5,118822,84800,3878
2566,pv_80_z_7,pv_80,,,7,ely_y2566_id_145,145,145,ely_y2566_id_1908,1632,1.0,6,118822,84800,3878
2566,pv_80_z_7,pv_80,,,7,ely_y2566_id_192,192,192,ely_y2566_id_1903,984,1.0,7,118822,84800,3878
2566,pv_80_z_7,pv_80,,,7,ely_y2566_id_227,227,227,ely_y2566_id_1904,592,0,8,118822,84800,3878
2566,pv_80_z_7,pv_80,,,7,ely_y2566_id_184,184,184,ely_y2566_id_1912,403,0,9,118822,84800,3878
2566,pv_80_z_7,pv_80,,,7,ely_y2566_id_234,234,234,ely_y2566_id_1909,374,0,10,118822,84800,3878
2566,pv_80_z_7,pv_80,,,7,ely_y2566_id_170,170,170,ely_y2566_id_1911,220,0,11,118822,84800,3878
2566,pv_80_z_7,pv_80,,,7,ely_y2566_id_189,189,189,ely_y2566_id_1910,191,0,12,118822,84800,3878
2566,pv_80_z_7,pv_80,,,7,ely_y2566_id_230,230,230,ely_y2566_id_1913,185,0,13,118822,84800,3878
2566,pv_80_z_8,pv_80,,,8,ely_y2566_id_63,,63,ely_y2566_id_1916,23393,28.0,1,117640,83710,4266
2566,pv_80_z_8,pv_80,,,8,ely_y2566_id_192,192,192,ely_y2566_id_1914,17448,21.0,2,117640,83710,4266
2566,pv_80_z_8,pv_80,,,8,ely_y2566_id_164,164,164,ely_y2566_id_1915,11587,13.0,3,117640,83710,4266
2566,pv_80_z_8,pv_80,,,8,ely_y2566_id_1,,1,ely_y2566_id_1919,10529,12.0,4,117640,83710,4266
2566,pv_80_z_8,pv_80,,,8,ely_y2566_id_34,,34,ely_y2566_id_1921,8771,10.0,5,117640,83710,4266
2566,pv_80_z_8,pv_80,,,8,ely_y2566_id_229,229,229,ely_y2566_id_1920,8731,10.0,6,117640,83710,4266
2566,pv_80_z_8,pv_80,,,8,ely_y2566_id_234,234,234,ely_y2566_id_1917,729,0,7,117640,83710,4266
2566,pv_80_z_8,pv_80,,,8,ely_y2566_id_227,227,227,ely_y2566_id_1918,636,0,8,117640,83710,4266
2566,pv_80_z_8,pv_80,,,8,ely_y2566_id_145,145,145,ely_y2566_id_4778,354,0,9,117640,83710,4266
2566,pv_80_z_8,pv_80,,,8,ely_y2566_id_170,170,170,ely_y2566_id_4779,242,0,10,117640,83710,4266
2566,pv_80_z_8,pv_80,,,8,ely_y2566_id_230,230,230,ely_y2566_id_1923,230,0,11,117640,83710,4266
2566,pv_80_z_8,pv_80,,,8,ely_y2566_id_189,189,189,ely_y2566_id_1922,208,0,12,117640,83710,4266
2566,pv_80_z_9,pv_80,,,9,ely_y2566_id_1,,1,ely_y2566_id_1928,35976,42.0,1,114776,85254,3949
2566,pv_80_z_9,pv_80,,,9,ely_y2566_id_63,,63,ely_y2566_id_1929,26523,31.0,2,114776,85254,3949
2566,pv_80_z_9,pv_80,,,9,ely_y2566_id_164,164,164,ely_y2566_id_1927,11565,13.0,3,114776,85254,3949
2566,pv_80_z_9,pv_80,,,9,ely_y2566_id_229,229,229,ely_y2566_id_1931,6363,7.0,4,114776,85254,3949
2566,pv_80_z_9,pv_80,,,9,ely_y2566_id_192,192,192,ely_y2566_id_1924,1980,2.0,5,114776,85254,3949
2566,pv_80_z_9,pv_80,,,9,ely_y2566_id_34,,34,ely_y2566_id_1934,1322,1.0,6,114776,85254,3949
2566,pv_80_z_9,pv_80,,,9,ely_y2566_id_45,,45,ely_y2566_id_1925,530,0,7,114776,85254,3949
2566,pv_80_z_9,pv_80,,,9,ely_y2566_id_145,145,145,ely_y2566_id_1930,391,0,8,114776,85254,3949
2566,pv_80_z_9,pv_80,,,9,ely_y2566_id_227,227,227,ely_y2566_id_1926,299,0,9,114776,85254,3949
2566,pv_80_z_9,pv_80,,,9,ely_y2566_id_234,234,234,ely_y2566_id_1932,199,0,10,114776,85254,3949
2566,pv_80_z_9,pv_80,,,9,ely_y2566_id_189,189,189,ely_y2566_id_1933,106,0,11,114776,85254,3949
2566,pv_80_z_10,pv_80,,,10,ely_y2566_id_229,229,229,ely_y2566_id_1945,44233,48.0,1,127071,90772,4352
2566,pv_80_z_10,pv_80,,,10,ely_y2566_id_164,164,164,ely_y2566_id_1941,10513,11.0,3,127071,90772,4352
2566,pv_80_z_10,pv_80,,,10,ely_y2566_id_34,,34,ely_y2566_id_1944,7430,8.0,4,127071,90772,4352
2566,pv_80_z_10,pv_80,,,10,ely_y2566_id_192,192,192,ely_y2566_id_1940,3596,3.0,5,127071,90772,4352
2566,pv_80_z_10,pv_80,,,10,ely_y2566_id_63,,63,ely_y2566_id_1942,2662,2.0,6,127071,90772,4352
2566,pv_80_z_10,pv_80,,,10,ely_y2566_id_149,149,149,ely_y2566_id_1943,1385,1.0,7,127071,90772,4352
2566,pv_80_z_10,pv_80,,,10,ely_y2566_id_145,145,145,ely_y2566_id_1939,916,1.0,8,127071,90772,4352
2566,pv_80_z_10,pv_80,,,10,ely_y2566_id_234,234,234,ely_y2566_id_1938,822,0,9,127071,90772,4352
2566,pv_80_z_10,pv_80,,,10,ely_y2566_id_227,227,227,ely_y2566_id_1936,632,0,10,127071,90772,4352
2566,pv_80_z_10,pv_80,,,10,ely_y2566_id_230,230,230,ely_y2566_id_1946,434,0,11,127071,90772,4352
2566,pv_80_z_10,pv_80,,,10,ely_y2566_id_189,189,189,ely_y2566_id_1937,266,0,12,127071,90772,4352
2566,pv_31_z_1,pv_31,,,1,ely_y2566_id_63,,63,ely_y2566_id_2216,36739,43.0,1,123335,84863,4720
2566,pv_31_z_1,pv_31,,,1,ely_y2566_id_164,164,164,ely_y2566_id_2215,28305,33.0,2,123335,84863,4720
2566,pv_31_z_1,pv_31,,,1,ely_y2566_id_34,,34,ely_y2566_id_2214,11039,13.0,3,123335,84863,4720
2566,pv_31_z_1,pv_31,,,1,ely_y2566_id_192,192,192,ely_y2566_id_2210,3298,3.0,4,123335,84863,4720
2566,pv_31_z_1,pv_31,,,1,ely_y2566_id_229,229,229,ely_y2566_id_2211,1847,2.0,5,123335,84863,4720
2566,pv_31_z_1,pv_31,,,1,ely_y2566_id_145,145,145,ely_y2566_id_2209,677,0,6,123335,84863,4720
2566,pv_31_z_1,pv_31,,,1,ely_y2566_id_1,,1,ely_y2566_id_2213,652,0,7,123335,84863,4720
2566,pv_31_z_1,pv_31,,,1,ely_y2566_id_227,227,227,ely_y2566_id_2212,469,0,8,123335,84863,4720
2566,pv_31_z_1,pv_31,,,1,ely_y2566_id_235,235,235,ely_y2566_id_2217,427,0,9,123335,84863,4720
2566,pv_31_z_1,pv_31,,,1,ely_y2566_id_234,234,234,ely_y2566_id_2219,152,0,10,123335,84863,4720
2566,pv_31_z_1,pv_31,,,1,ely_y2566_id_186,186,186,ely_y2566_id_2218,103,0,11,123335,84863,4720
2566,pv_31_z_2,pv_31,,,2,ely_y2566_id_63,,63,ely_y2566_id_2220,46729,56.0,1,125614,82451,5016
2566,pv_31_z_2,pv_31,,,2,ely_y2566_id_164,164,164,ely_y2566_id_2224,16740,20.0,2,125614,82451,5016
2566,pv_31_z_2,pv_31,,,2,ely_y2566_id_34,,34,ely_y2566_id_2223,10813,13.0,3,125614,82451,5016
2566,pv_31_z_2,pv_31,,,2,ely_y2566_id_192,192,192,ely_y2566_id_2226,3955,4.0,4,125614,82451,5016
2566,pv_31_z_2,pv_31,,,2,ely_y2566_id_229,229,229,ely_y2566_id_2222,1324,1.0,5,125614,82451,5016
2566,pv_31_z_2,pv_31,,,2,ely_y2566_id_186,186,186,ely_y2566_id_2230,918,1.0,6,125614,82451,5016
2566,pv_31_z_2,pv_31,,,2,ely_y2566_id_145,145,145,ely_y2566_id_2221,620,0,7,125614,82451,5016
2566,pv_31_z_2,pv_31,,,2,ely_y2566_id_227,227,227,ely_y2566_id_2225,440,0,8,125614,82451,5016
2566,pv_31_z_2,pv_31,,,2,ely_y2566_id_1,,1,ely_y2566_id_2227,420,0,9,125614,82451,5016
2566,pv_31_z_2,pv_31,,,2,ely_y2566_id_226,226,226,ely_y2566_id_2228,212,0,10,125614,82451,5016
2566,pv_31_z_2,pv_31,,,2,ely_y2566_id_234,234,234,ely_y2566_id_2229,113,0,11,125614,82451,5016
2566,pv_31_z_3,pv_31,,,3,ely_y2566_id_63,,63,ely_y2566_id_2236,38468,49.0,1,124152,78807,4778
2566,pv_31_z_3,pv_31,,,3,ely_y2566_id_164,164,164,ely_y2566_id_2234,20017,25.0,2,124152,78807,4778
2566,pv_31_z_3,pv_31,,,3,ely_y2566_id_34,,34,ely_y2566_id_2237,15313,19.0,3,124152,78807,4778
2566,pv_31_z_3,pv_31,,,3,ely_y2566_id_229,229,229,ely_y2566_id_2235,1410,1.0,4,124152,78807,4778
2566,pv_31_z_3,pv_31,,,3,ely_y2566_id_192,192,192,ely_y2566_id_2239,797,1.0,5,124152,78807,4778
2566,pv_31_z_3,pv_31,,,3,ely_y2566_id_227,227,227,ely_y2566_id_2231,537,0,6,124152,78807,4778
2566,pv_31_z_3,pv_31,,,3,ely_y2566_id_145,145,145,ely_y2566_id_2233,473,0,7,124152,78807,4778
2566,pv_31_z_3,pv_31,,,3,ely_y2566_id_205,205,205,ely_y2566_id_2241,291,0,8,124152,78807,4778
2566,pv_31_z_3,pv_31,,,3,ely_y2566_id_1,,1,ely_y2566_id_2238,276,0,9,124152,78807,4778
2566,pv_31_z_3,pv_31,,,3,ely_y2566_id_226,226,226,ely_y2566_id_2232,248,0,10,124152,78807,4778
2566,pv_31_z_3,pv_31,,,3,ely_y2566_id_184,184,184,ely_y2566_id_2242,164,0,11,124152,78807,4778
2566,pv_31_z_3,pv_31,,,3,ely_y2566_id_234,234,234,ely_y2566_id_2240,67,0,12,124152,78807,4778
2566,pv_31_z_4,pv_31,,,4,ely_y2566_id_34,,34,ely_y2566_id_2250,24054,31.0,2,120551,77287,4375
2566,pv_31_z_4,pv_31,,,4,ely_y2566_id_164,164,164,ely_y2566_id_2246,11965,15.0,3,120551,77287,4375
2566,pv_31_z_4,pv_31,,,4,ely_y2566_id_192,192,192,ely_y2566_id_2249,1210,1.0,4,120551,77287,4375
2566,pv_31_z_4,pv_31,,,4,ely_y2566_id_229,229,229,ely_y2566_id_2247,1007,1.0,5,120551,77287,4375
2566,pv_31_z_4,pv_31,,,4,ely_y2566_id_1,,1,ely_y2566_id_2244,427,0,6,120551,77287,4375
2566,pv_31_z_4,pv_31,,,4,ely_y2566_id_145,145,145,ely_y2566_id_2243,310,0,7,120551,77287,4375
2566,pv_31_z_4,pv_31,,,4,ely_y2566_id_227,227,227,ely_y2566_id_2248,216,0,8,120551,77287,4375
2566,pv_31_z_4,pv_31,,,4,ely_y2566_id_184,184,184,ely_y2566_id_2253,86,0,9,120551,77287,4375
2566,pv_31_z_4,pv_31,,,4,ely_y2566_id_234,234,234,ely_y2566_id_2252,78,0,10,120551,77287,4375
2566,pv_31_z_4,pv_31,,,4,ely_y2566_id_226,226,226,ely_y2566_id_2251,0,0,11,120551,77287,4375
2566,pv_31_z_5,pv_31,,,5,ely_y2566_id_63,,63,ely_y2566_id_2259,47746,56.0,1,131561,85063,4202
2566,pv_31_z_5,pv_31,,,5,ely_y2566_id_34,,34,ely_y2566_id_2255,17144,20.0,2,131561,85063,4202
2566,pv_31_z_5,pv_31,,,5,ely_y2566_id_164,164,164,ely_y2566_id_2257,14179,16.0,3,131561,85063,4202
2566,pv_31_z_5,pv_31,,,5,ely_y2566_id_1,,1,ely_y2566_id_2260,1731,2.0,4,131561,85063,4202
2566,pv_31_z_5,pv_31,,,5,ely_y2566_id_229,229,229,ely_y2566_id_2256,1209,1.0,5,131561,85063,4202
2566,pv_31_z_5,pv_31,,,5,ely_y2566_id_227,227,227,ely_y2566_id_2258,977,1.0,6,131561,85063,4202
2566,pv_31_z_5,pv_31,,,5,ely_y2566_id_192,192,192,ely_y2566_id_2254,832,0,7,131561,85063,4202
2566,pv_31_z_5,pv_31,,,5,ely_y2566_id_234,234,234,ely_y2566_id_2262,274,0,8,131561,85063,4202
2566,pv_31_z_5,pv_31,,,5,ely_y2566_id_145,145,145,ely_y2566_id_2261,169,0,9,131561,85063,4202
2566,pv_31_z_5,pv_31,,,5,ely_y2566_id_189,189,189,ely_y2566_id_2263,61,0,10,131561,85063,4202
2566,pv_31_z_6,pv_31,,,6,ely_y2566_id_63,,63,ely_y2566_id_2266,35362,43.0,1,130870,82332,4058
2566,pv_31_z_6,pv_31,,,6,ely_y2566_id_164,164,164,ely_y2566_id_2268,17371,21.0,3,130870,82332,4058
2566,pv_31_z_6,pv_31,,,6,ely_y2566_id_192,192,192,ely_y2566_id_2270,2647,3.0,4,130870,82332,4058
2566,pv_31_z_6,pv_31,,,6,ely_y2566_id_229,229,229,ely_y2566_id_2267,2490,3.0,5,130870,82332,4058
2566,pv_31_z_6,pv_31,,,6,ely_y2566_id_227,227,227,ely_y2566_id_2272,979,1.0,6,130870,82332,4058
2566,pv_31_z_6,pv_31,,,6,ely_y2566_id_1,,1,ely_y2566_id_2264,866,1.0,7,130870,82332,4058
2566,pv_31_z_6,pv_31,,,6,ely_y2566_id_178,178,178,ely_y2566_id_2269,532,0,8,130870,82332,4058
2566,pv_31_z_6,pv_31,,,6,ely_y2566_id_145,145,145,ely_y2566_id_2271,500,0,9,130870,82332,4058
2566,pv_31_z_6,pv_31,,,6,ely_y2566_id_235,235,235,ely_y2566_id_2275,384,0,10,130870,82332,4058
2566,pv_31_z_6,pv_31,,,6,ely_y2566_id_234,234,234,ely_y2566_id_2274,175,0,11,130870,82332,4058
2566,pv_31_z_6,pv_31,,,6,ely_y2566_id_185,185,185,ely_y2566_id_2273,122,0,12,130870,82332,4058
2566,pv_31_z_7,pv_31,,,7,ely_y2566_id_63,,63,ely_y2566_id_2279,28685,35.0,1,121836,82428,3916
2566,pv_31_z_7,pv_31,,,7,ely_y2566_id_34,,34,ely_y2566_id_2285,28470,34.0,2,121836,82428,3916
2566,pv_31_z_7,pv_31,,,7,ely_y2566_id_164,164,164,ely_y2566_id_2277,18535,22.0,3,121836,82428,3916
2566,pv_31_z_7,pv_31,,,7,ely_y2566_id_235,235,235,ely_y2566_id_2282,1164,1.0,4,121836,82428,3916
2566,pv_31_z_7,pv_31,,,7,ely_y2566_id_229,229,229,ely_y2566_id_2280,1138,1.0,5,121836,82428,3916
2566,pv_31_z_7,pv_31,,,7,ely_y2566_id_1,,1,ely_y2566_id_2276,831,1.0,6,121836,82428,3916
2566,pv_31_z_7,pv_31,,,7,ely_y2566_id_192,192,192,ely_y2566_id_2278,762,0,7,121836,82428,3916
2566,pv_31_z_7,pv_31,,,7,ely_y2566_id_227,227,227,ely_y2566_id_2281,724,0,8,121836,82428,3916
2566,pv_31_z_7,pv_31,,,7,ely_y2566_id_145,145,145,ely_y2566_id_2286,630,0,9,121836,82428,3916
2566,pv_31_z_7,pv_31,,,7,ely_y2566_id_188,188,188,ely_y2566_id_2284,338,0,10,121836,82428,3916
2566,pv_31_z_7,pv_31,,,7,ely_y2566_id_234,234,234,ely_y2566_id_2287,250,0,11,121836,82428,3916
2566,pv_31_z_7,pv_31,,,7,ely_y2566_id_189,189,189,ely_y2566_id_2288,178,0,12,121836,82428,3916
2566,pv_31_z_7,pv_31,,,7,ely_y2566_id_149,149,149,ely_y2566_id_2283,177,0,13,121836,82428,3916
2566,pv_31_z_8,pv_31,,,8,ely_y2566_id_63,,63,ely_y2566_id_2295,34429,39.0,1,125882,87176,4582
2566,pv_31_z_8,pv_31,,,8,ely_y2566_id_164,164,164,ely_y2566_id_2289,23148,26.0,2,125882,87176,4582
2566,pv_31_z_8,pv_31,,,8,ely_y2566_id_34,,34,ely_y2566_id_2294,16660,19.0,3,125882,87176,4582
2566,pv_31_z_8,pv_31,,,8,ely_y2566_id_192,192,192,ely_y2566_id_2290,8327,9.0,4,125882,87176,4582
2566,pv_31_z_8,pv_31,,,8,ely_y2566_id_229,229,229,ely_y2566_id_2292,1197,1.0,5,125882,87176,4582
2566,pv_31_z_8,pv_31,,,8,ely_y2566_id_1,,1,ely_y2566_id_2291,643,0,6,125882,87176,4582
2566,pv_31_z_8,pv_31,,,8,ely_y2566_id_227,227,227,ely_y2566_id_2296,466,0,7,125882,87176,4582
2566,pv_31_z_8,pv_31,,,8,ely_y2566_id_217,217,217,ely_y2566_id_2293,435,0,8,125882,87176,4582
2566,pv_31_z_8,pv_31,,,8,ely_y2566_id_145,145,145,ely_y2566_id_2297,390,0,9,125882,87176,4582
2566,pv_31_z_8,pv_31,,,8,ely_y2566_id_185,185,185,ely_y2566_id_2299,282,0,10,125882,87176,4582
2566,pv_31_z_8,pv_31,,,8,ely_y2566_id_234,234,234,ely_y2566_id_2298,162,0,11,125882,87176,4582
2566,pv_31_z_9,pv_31,,,9,ely_y2566_id_63,,63,ely_y2566_id_2304,45059,54.0,1,125926,83379,4306
2566,pv_31_z_9,pv_31,,,9,ely_y2566_id_34,,34,ely_y2566_id_2302,24682,29.0,2,125926,83379,4306
2566,pv_31_z_9,pv_31,,,9,ely_y2566_id_164,164,164,ely_y2566_id_2307,9682,11.0,3,125926,83379,4306
2566,pv_31_z_9,pv_31,,,9,ely_y2566_id_229,229,229,ely_y2566_id_2305,839,1.0,4,125926,83379,4306
2566,pv_31_z_9,pv_31,,,9,ely_y2566_id_186,186,186,ely_y2566_id_2306,817,0,5,125926,83379,4306
2566,pv_31_z_9,pv_31,,,9,ely_y2566_id_192,192,192,ely_y2566_id_2301,591,0,6,125926,83379,4306
2566,pv_31_z_9,pv_31,,,9,ely_y2566_id_1,,1,ely_y2566_id_2300,406,0,7,125926,83379,4306
2566,pv_31_z_9,pv_31,,,9,ely_y2566_id_145,145,145,ely_y2566_id_2308,388,0,8,125926,83379,4306
2566,pv_31_z_9,pv_31,,,9,ely_y2566_id_227,227,227,ely_y2566_id_2303,370,0,9,125926,83379,4306
2566,pv_31_z_9,pv_31,,,9,ely_y2566_id_184,184,184,ely_y2566_id_2310,93,0,10,125926,83379,4306
2566,pv_31_z_9,pv_31,,,9,ely_y2566_id_234,234,234,ely_y2566_id_2309,92,0,11,125926,83379,4306
2566,pv_31_z_10,pv_31,,,10,ely_y2566_id_164,164,164,ely_y2566_id_2316,16230,21.0,2,120188,77550,4400
2566,pv_31_z_10,pv_31,,,10,ely_y2566_id_34,,34,ely_y2566_id_2317,15879,20.0,3,120188,77550,4400
2566,pv_31_z_10,pv_31,,,10,ely_y2566_id_229,229,229,ely_y2566_id_2315,3094,4.0,4,120188,77550,4400
2566,pv_31_z_10,pv_31,,,10,ely_y2566_id_1,,1,ely_y2566_id_2311,882,1.0,5,120188,77550,4400
2566,pv_31_z_10,pv_31,,,10,ely_y2566_id_227,227,227,ely_y2566_id_2314,650,0,6,120188,77550,4400
2566,pv_31_z_10,pv_31,,,10,ely_y2566_id_192,192,192,ely_y2566_id_2319,450,0,7,120188,77550,4400
2566,pv_31_z_10,pv_31,,,10,ely_y2566_id_145,145,145,ely_y2566_id_2313,329,0,8,120188,77550,4400
2566,pv_31_z_10,pv_31,,,10,ely_y2566_id_234,234,234,ely_y2566_id_2318,307,0,9,120188,77550,4400
2566,pv_31_z_10,pv_31,,,10,ely_y2566_id_185,185,185,ely_y2566_id_2320,172,0,10,120188,77550,4400
2566,pv_41_z_1,pv_41,,,1,ely_y2566_id_164,164,164,ely_y2566_id_4422,32476,37.0,1,127631,86820,2327
2566,pv_41_z_1,pv_41,,,1,ely_y2566_id_34,,34,ely_y2566_id_4429,27176,31.0,2,127631,86820,2327
2566,pv_41_z_1,pv_41,,,1,ely_y2566_id_192,192,192,ely_y2566_id_4424,16111,18.0,3,127631,86820,2327
2566,pv_41_z_1,pv_41,,,1,ely_y2566_id_229,229,229,ely_y2566_id_4427,5748,6.0,4,127631,86820,2327
2566,pv_41_z_1,pv_41,,,1,ely_y2566_id_1,,1,ely_y2566_id_4423,843,0,5,127631,86820,2327
2566,pv_41_z_1,pv_41,,,1,ely_y2566_id_227,227,227,ely_y2566_id_4420,689,0,6,127631,86820,2327
2566,pv_41_z_1,pv_41,,,1,ely_y2566_id_45,,45,ely_y2566_id_4419,687,0,7,127631,86820,2327
2566,pv_41_z_1,pv_41,,,1,ely_y2566_id_145,145,145,ely_y2566_id_4426,537,0,8,127631,86820,2327
2566,pv_41_z_1,pv_41,,,1,ely_y2566_id_63,,63,ely_y2566_id_4421,437,0,9,127631,86820,2327
2566,pv_41_z_1,pv_41,,,1,ely_y2566_id_234,234,234,ely_y2566_id_4425,350,0,10,127631,86820,2327
2566,pv_41_z_1,pv_41,,,1,ely_y2566_id_226,226,226,ely_y2566_id_4428,189,0,11,127631,86820,2327
2566,pv_41_z_1,pv_41,,,1,ely_y2566_id_184,184,184,ely_y2566_id_4430,158,0,12,127631,86820,2327
2566,pv_41_z_1,pv_41,,,1,ely_y2566_id_230,230,230,ely_y2566_id_4432,152,0,13,127631,86820,2327
2566,pv_41_z_1,pv_41,,,1,ely_y2566_id_189,189,189,ely_y2566_id_4431,139,0,14,127631,86820,2327
2566,pv_41_z_2,pv_41,,,2,ely_y2566_id_34,,34,ely_y2566_id_4443,40220,47.0,1,126532,86426,2857
2566,pv_41_z_2,pv_41,,,2,ely_y2566_id_164,164,164,ely_y2566_id_4434,26489,31.0,2,126532,86426,2857
2566,pv_41_z_2,pv_41,,,2,ely_y2566_id_229,229,229,ely_y2566_id_4436,5984,7.0,3,126532,86426,2857
2566,pv_41_z_2,pv_41,,,2,ely_y2566_id_192,192,192,ely_y2566_id_4445,4004,4.0,4,126532,86426,2857
2566,pv_41_z_2,pv_41,,,2,ely_y2566_id_227,227,227,ely_y2566_id_4446,2443,2.0,5,126532,86426,2857
2566,pv_41_z_2,pv_41,,,2,ely_y2566_id_145,145,145,ely_y2566_id_4444,2015,2.0,6,126532,86426,2857
2566,pv_41_z_2,pv_41,,,2,ely_y2566_id_63,,63,ely_y2566_id_4433,1412,1.0,7,126532,86426,2857
2566,pv_41_z_2,pv_41,,,2,ely_y2566_id_1,,1,ely_y2566_id_4439,510,0,8,126532,86426,2857
2566,pv_41_z_2,pv_41,,,2,ely_y2566_id_221,221,221,ely_y2566_id_4441,408,0,9,126532,86426,2857
2566,pv_41_z_2,pv_41,,,2,ely_y2566_id_185,185,185,ely_y2566_id_4438,393,0,10,126532,86426,2857
2566,pv_41_z_2,pv_41,,,2,ely_y2566_id_186,186,186,ely_y2566_id_4435,390,0,11,126532,86426,2857
2566,pv_41_z_2,pv_41,,,2,ely_y2566_id_45,,45,ely_y2566_id_4437,300,0,12,126532,86426,2857
2566,pv_41_z_2,pv_41,,,2,ely_y2566_id_180,180,180,ely_y2566_id_4442,194,0,13,126532,86426,2857
2566,pv_41_z_2,pv_41,,,2,ely_y2566_id_234,234,234,ely_y2566_id_4440,160,0,14,126532,86426,2857
2566,pv_41_z_2,pv_41,,,2,ely_y2566_id_230,230,230,ely_y2566_id_4449,116,0,15,126532,86426,2857
2566,pv_41_z_2,pv_41,,,2,ely_y2566_id_235,235,235,ely_y2566_id_4448,99,0,16,126532,86426,2857
2566,pv_41_z_2,pv_41,,,2,ely_y2566_id_184,184,184,ely_y2566_id_4447,89,0,17,126532,86426,2857
2566,pv_41_z_3,pv_41,,,3,ely_y2566_id_227,227,227,ely_y2566_id_4457,36250,46.0,1,124503,79084,3450
2566,pv_41_z_3,pv_41,,,3,ely_y2566_id_34,,34,ely_y2566_id_4460,20248,25.0,2,124503,79084,3450
2566,pv_41_z_3,pv_41,,,3,ely_y2566_id_164,164,164,ely_y2566_id_4453,17654,22.0,3,124503,79084,3450
2566,pv_41_z_3,pv_41,,,3,ely_y2566_id_229,229,229,ely_y2566_id_4459,827,1.0,4,124503,79084,3450
2566,pv_41_z_3,pv_41,,,3,ely_y2566_id_192,192,192,ely_y2566_id_4452,807,1.0,5,124503,79084,3450
2566,pv_41_z_3,pv_41,,,3,ely_y2566_id_145,145,145,ely_y2566_id_4450,619,0,6,124503,79084,3450
2566,pv_41_z_3,pv_41,,,3,ely_y2566_id_63,,63,ely_y2566_id_4458,465,0,7,124503,79084,3450
2566,pv_41_z_3,pv_41,,,3,ely_y2566_id_180,180,180,ely_y2566_id_4451,416,0,8,124503,79084,3450
2566,pv_41_z_3,pv_41,,,3,ely_y2566_id_226,226,226,ely_y2566_id_4455,344,0,9,124503,79084,3450
2566,pv_41_z_3,pv_41,,,3,ely_y2566_id_1,,1,ely_y2566_id_4456,326,0,10,124503,79084,3450
2566,pv_41_z_3,pv_41,,,3,ely_y2566_id_235,235,235,ely_y2566_id_4461,253,0,11,124503,79084,3450
2566,pv_41_z_3,pv_41,,,3,ely_y2566_id_189,189,189,ely_y2566_id_4463,229,0,12,124503,79084,3450
2566,pv_41_z_3,pv_41,,,3,ely_y2566_id_234,234,234,ely_y2566_id_4454,207,0,13,124503,79084,3450
2566,pv_41_z_3,pv_41,,,3,ely_y2566_id_230,230,230,ely_y2566_id_4464,69,0,14,124503,79084,3450
2566,pv_41_z_3,pv_41,,,3,ely_y2566_id_184,184,184,ely_y2566_id_4462,0,0,15,124503,79084,3450
2566,pv_41_z_4,pv_41,,,4,ely_y2566_id_34,,34,ely_y2566_id_4469,21475,27.0,1,125363,77462,2963
2566,pv_41_z_4,pv_41,,,4,ely_y2566_id_227,227,227,ely_y2566_id_4468,19030,24.0,2,125363,77462,2963
2566,pv_41_z_4,pv_41,,,4,ely_y2566_id_145,145,145,ely_y2566_id_4473,18145,23.0,3,125363,77462,2963
2566,pv_41_z_4,pv_41,,,4,ely_y2566_id_164,164,164,ely_y2566_id_4470,8603,11.0,4,125363,77462,2963
2566,pv_41_z_4,pv_41,,,4,ely_y2566_id_192,192,192,ely_y2566_id_4472,7560,9.0,5,125363,77462,2963
2566,pv_41_z_4,pv_41,,,4,ely_y2566_id_229,229,229,ely_y2566_id_4465,745,0,6,125363,77462,2963
2566,pv_41_z_4,pv_41,,,4,ely_y2566_id_240,240,240,ely_y2566_id_4478,445,0,7,125363,77462,2963
2566,pv_41_z_4,pv_41,,,4,ely_y2566_id_184,184,184,ely_y2566_id_4479,226,0,8,125363,77462,2963
2566,pv_41_z_4,pv_41,,,4,ely_y2566_id_63,,63,ely_y2566_id_4466,224,0,9,125363,77462,2963
2566,pv_41_z_4,pv_41,,,4,ely_y2566_id_185,185,185,ely_y2566_id_4467,221,0,10,125363,77462,2963
2566,pv_41_z_4,pv_41,,,4,ely_y2566_id_1,,1,ely_y2566_id_4475,209,0,11,125363,77462,2963
2566,pv_41_z_4,pv_41,,,4,ely_y2566_id_180,180,180,ely_y2566_id_4471,208,0,12,125363,77462,2963
2566,pv_41_z_4,pv_41,,,4,ely_y2566_id_189,189,189,ely_y2566_id_4477,114,0,13,125363,77462,2963
2566,pv_41_z_4,pv_41,,,4,ely_y2566_id_235,235,235,ely_y2566_id_4480,94,0,14,125363,77462,2963
2566,pv_41_z_4,pv_41,,,4,ely_y2566_id_234,234,234,ely_y2566_id_4476,69,0,15,125363,77462,2963
2566,pv_41_z_4,pv_41,,,4,ely_y2566_id_226,226,226,ely_y2566_id_4474,65,0,16,125363,77462,2963
2566,pv_41_z_4,pv_41,,,4,ely_y2566_id_230,230,230,ely_y2566_id_4481,29,0,17,125363,77462,2963
2566,pv_41_z_5,pv_41,,,5,ely_y2566_id_34,,34,ely_y2566_id_4486,37890,50.0,1,122848,74693,2658
2566,pv_41_z_5,pv_41,,,5,ely_y2566_id_164,164,164,ely_y2566_id_4487,22559,30.0,2,122848,74693,2658
2566,pv_41_z_5,pv_41,,,5,ely_y2566_id_227,227,227,ely_y2566_id_4482,6838,9.0,3,122848,74693,2658
2566,pv_41_z_5,pv_41,,,5,ely_y2566_id_229,229,229,ely_y2566_id_4483,2064,2.0,4,122848,74693,2658
2566,pv_41_z_5,pv_41,,,5,ely_y2566_id_192,192,192,ely_y2566_id_4485,1779,2.0,5,122848,74693,2658
2566,pv_41_z_5,pv_41,,,5,ely_y2566_id_63,,63,ely_y2566_id_4490,736,0,6,122848,74693,2658
2566,pv_41_z_5,pv_41,,,5,ely_y2566_id_234,234,234,ely_y2566_id_4484,430,0,7,122848,74693,2658
2566,pv_41_z_5,pv_41,,,5,ely_y2566_id_118,,118,ely_y2566_id_4494,422,0,8,122848,74693,2658
2566,pv_41_z_5,pv_41,,,5,ely_y2566_id_1,,1,ely_y2566_id_4489,289,0,9,122848,74693,2658
2566,pv_41_z_5,pv_41,,,5,ely_y2566_id_145,145,145,ely_y2566_id_4491,239,0,10,122848,74693,2658
2566,pv_41_z_5,pv_41,,,5,ely_y2566_id_185,185,185,ely_y2566_id_4488,233,0,11,122848,74693,2658
2566,pv_41_z_5,pv_41,,,5,ely_y2566_id_226,226,226,ely_y2566_id_4492,209,0,12,122848,74693,2658
2566,pv_41_z_5,pv_41,,,5,ely_y2566_id_189,189,189,ely_y2566_id_4497,184,0,13,122848,74693,2658
2566,pv_41_z_5,pv_41,,,5,ely_y2566_id_180,180,180,ely_y2566_id_4493,150,0,14,122848,74693,2658
2566,pv_41_z_5,pv_41,,,5,ely_y2566_id_249,249,249,ely_y2566_id_4498,129,0,15,122848,74693,2658
2566,pv_41_z_5,pv_41,,,5,ely_y2566_id_184,184,184,ely_y2566_id_4495,106,0,16,122848,74693,2658
2566,pv_41_z_5,pv_41,,,5,ely_y2566_id_230,230,230,ely_y2566_id_4499,58,0,17,122848,74693,2658
2566,pv_41_z_5,pv_41,,,5,ely_y2566_id_235,235,235,ely_y2566_id_4496,0,0,18,122848,74693,2658
2566,pv_41_z_6,pv_41,,,6,ely_y2566_id_227,227,227,ely_y2566_id_4504,27751,34.0,1,125610,81383,3015
2566,pv_41_z_6,pv_41,,,6,ely_y2566_id_34,,34,ely_y2566_id_4503,22885,28.0,2,125610,81383,3015
2566,pv_41_z_6,pv_41,,,6,ely_y2566_id_164,164,164,ely_y2566_id_4500,22150,27.0,3,125610,81383,3015
2566,pv_41_z_6,pv_41,,,6,ely_y2566_id_192,192,192,ely_y2566_id_4508,4362,5.0,4,125610,81383,3015
2566,pv_41_z_6,pv_41,,,6,ely_y2566_id_229,229,229,ely_y2566_id_4512,1036,1.0,5,125610,81383,3015
2566,pv_41_z_6,pv_41,,,6,ely_y2566_id_45,,45,ely_y2566_id_4505,771,0,6,125610,81383,3015
2566,pv_41_z_6,pv_41,,,6,ely_y2566_id_184,184,184,ely_y2566_id_4513,405,0,7,125610,81383,3015
2566,pv_41_z_6,pv_41,,,6,ely_y2566_id_189,189,189,ely_y2566_id_4510,395,0,8,125610,81383,3015
2566,pv_41_z_6,pv_41,,,6,ely_y2566_id_235,235,235,ely_y2566_id_4514,373,0,9,125610,81383,3015
2566,pv_41_z_6,pv_41,,,6,ely_y2566_id_63,,63,ely_y2566_id_4501,266,0,10,125610,81383,3015
2566,pv_41_z_6,pv_41,,,6,ely_y2566_id_185,185,185,ely_y2566_id_4502,258,0,11,125610,81383,3015
2566,pv_41_z_6,pv_41,,,6,ely_y2566_id_145,145,145,ely_y2566_id_4506,226,0,12,125610,81383,3015
2566,pv_41_z_6,pv_41,,,6,ely_y2566_id_1,,1,ely_y2566_id_4507,204,0,13,125610,81383,3015
2566,pv_41_z_6,pv_41,,,6,ely_y2566_id_230,230,230,ely_y2566_id_4515,106,0,14,125610,81383,3015
2566,pv_41_z_6,pv_41,,,6,ely_y2566_id_234,234,234,ely_y2566_id_4511,103,0,15,125610,81383,3015
2566,pv_41_z_6,pv_41,,,6,ely_y2566_id_226,226,226,ely_y2566_id_4509,92,0,16,125610,81383,3015
2566,pv_41_z_7,pv_41,,,7,ely_y2566_id_34,,34,ely_y2566_id_4518,33928,42.0,1,128164,80481,2866
2566,pv_41_z_7,pv_41,,,7,ely_y2566_id_164,164,164,ely_y2566_id_4516,32943,41.0,2,128164,80481,2866
2566,pv_41_z_7,pv_41,,,7,ely_y2566_id_229,229,229,ely_y2566_id_4517,3643,4.0,3,128164,80481,2866
2566,pv_41_z_7,pv_41,,,7,ely_y2566_id_63,,63,ely_y2566_id_4525,3178,3.0,4,128164,80481,2866
2566,pv_41_z_7,pv_41,,,7,ely_y2566_id_192,192,192,ely_y2566_id_4520,2573,3.0,5,128164,80481,2866
2566,pv_41_z_7,pv_41,,,7,ely_y2566_id_226,226,226,ely_y2566_id_4528,744,0,6,128164,80481,2866
2566,pv_41_z_7,pv_41,,,7,ely_y2566_id_45,,45,ely_y2566_id_4519,659,0,7,128164,80481,2866
2566,pv_41_z_7,pv_41,,,7,ely_y2566_id_145,145,145,ely_y2566_id_4524,537,0,8,128164,80481,2866
2566,pv_41_z_7,pv_41,,,7,ely_y2566_id_1,,1,ely_y2566_id_4526,418,0,9,128164,80481,2866
2566,pv_41_z_7,pv_41,,,7,ely_y2566_id_227,227,227,ely_y2566_id_4527,356,0,10,128164,80481,2866
2566,pv_41_z_7,pv_41,,,7,ely_y2566_id_180,180,180,ely_y2566_id_4522,315,0,11,128164,80481,2866
2566,pv_41_z_7,pv_41,,,7,ely_y2566_id_185,185,185,ely_y2566_id_4523,231,0,12,128164,80481,2866
2566,pv_41_z_7,pv_41,,,7,ely_y2566_id_234,234,234,ely_y2566_id_4521,227,0,13,128164,80481,2866
2566,pv_41_z_7,pv_41,,,7,ely_y2566_id_189,189,189,ely_y2566_id_4529,130,0,14,128164,80481,2866
2566,pv_41_z_7,pv_41,,,7,ely_y2566_id_235,235,235,ely_y2566_id_4532,88,0,16,128164,80481,2866
2566,pv_41_z_7,pv_41,,,7,ely_y2566_id_230,230,230,ely_y2566_id_4533,76,0,17,128164,80481,2866
2566,pv_41_z_7,pv_41,,,7,ely_y2566_id_184,184,184,ely_y2566_id_4531,71,0,18,128164,80481,2866
2566,pv_41_z_8,pv_41,,,8,ely_y2566_id_34,,34,ely_y2566_id_4538,33537,42.0,1,122306,78463,3327
2566,pv_41_z_8,pv_41,,,8,ely_y2566_id_164,164,164,ely_y2566_id_4534,24018,30.0,2,122306,78463,3327
2566,pv_41_z_8,pv_41,,,8,ely_y2566_id_192,192,192,ely_y2566_id_4536,10126,12.0,3,122306,78463,3327
2566,pv_41_z_8,pv_41,,,8,ely_y2566_id_227,227,227,ely_y2566_id_4542,3544,4.0,4,122306,78463,3327
2566,pv_41_z_8,pv_41,,,8,ely_y2566_id_229,229,229,ely_y2566_id_4535,2174,2.0,5,122306,78463,3327
2566,pv_41_z_8,pv_41,,,8,ely_y2566_id_145,145,145,ely_y2566_id_4541,960,1.0,6,122306,78463,3327
2566,pv_41_z_8,pv_41,,,8,ely_y2566_id_230,230,230,ely_y2566_id_4548,769,0,7,122306,78463,3327
2566,pv_41_z_8,pv_41,,,8,ely_y2566_id_63,,63,ely_y2566_id_4543,622,0,8,122306,78463,3327
2566,pv_41_z_8,pv_41,,,8,ely_y2566_id_180,180,180,ely_y2566_id_4540,555,0,9,122306,78463,3327
2566,pv_41_z_8,pv_41,,,8,ely_y2566_id_1,,1,ely_y2566_id_4539,550,0,10,122306,78463,3327
2566,pv_41_z_8,pv_41,,,8,ely_y2566_id_186,186,186,ely_y2566_id_4544,436,0,11,122306,78463,3327
2566,pv_41_z_8,pv_41,,,8,ely_y2566_id_185,185,185,ely_y2566_id_4537,371,0,12,122306,78463,3327
2566,pv_41_z_8,pv_41,,,8,ely_y2566_id_235,235,235,ely_y2566_id_4546,349,0,13,122306,78463,3327
2566,pv_41_z_8,pv_41,,,8,ely_y2566_id_226,226,226,ely_y2566_id_4545,140,0,14,122306,78463,3327
2566,pv_41_z_8,pv_41,,,8,ely_y2566_id_234,234,234,ely_y2566_id_4547,132,0,15,122306,78463,3327
2566,pv_41_z_8,pv_41,,,8,ely_y2566_id_184,184,184,ely_y2566_id_4549,64,0,16,122306,78463,3327
2566,pv_41_z_8,pv_41,,,8,ely_y2566_id_189,189,189,ely_y2566_id_4550,45,0,17,122306,78463,3327
2566,pv_41_z_9,pv_41,,,9,ely_y2566_id_34,,34,ely_y2566_id_4556,43529,53.0,1,123681,82178,3295
2566,pv_41_z_9,pv_41,,,9,ely_y2566_id_164,164,164,ely_y2566_id_4558,21666,26.0,2,123681,82178,3295
2566,pv_41_z_9,pv_41,,,9,ely_y2566_id_192,192,192,ely_y2566_id_4555,7401,9.0,3,123681,82178,3295
2566,pv_41_z_9,pv_41,,,9,ely_y2566_id_229,229,229,ely_y2566_id_4560,1911,2.0,4,123681,82178,3295
2566,pv_41_z_9,pv_41,,,9,ely_y2566_id_227,227,227,ely_y2566_id_4554,1835,2.0,5,123681,82178,3295
2566,pv_41_z_9,pv_41,,,9,ely_y2566_id_186,186,186,ely_y2566_id_4559,1103,1.0,6,123681,82178,3295
2566,pv_41_z_9,pv_41,,,9,ely_y2566_id_145,145,145,ely_y2566_id_4553,791,0,7,123681,82178,3295
2566,pv_41_z_9,pv_41,,,9,ely_y2566_id_184,184,184,ely_y2566_id_4562,633,0,8,123681,82178,3295
2566,pv_41_z_9,pv_41,,,9,ely_y2566_id_63,,63,ely_y2566_id_4557,542,0,9,123681,82178,3295
2566,pv_41_z_9,pv_41,,,9,ely_y2566_id_1,,1,ely_y2566_id_4561,488,0,10,123681,82178,3295
2566,pv_41_z_9,pv_41,,,9,ely_y2566_id_180,180,180,ely_y2566_id_4551,465,0,11,123681,82178,3295
2566,pv_41_z_9,pv_41,,,9,ely_y2566_id_234,234,234,ely_y2566_id_4552,346,0,12,123681,82178,3295
2566,pv_41_z_9,pv_41,,,9,ely_y2566_id_235,235,235,ely_y2566_id_4563,224,0,13,123681,82178,3295
2566,pv_41_z_9,pv_41,,,9,ely_y2566_id_230,230,230,ely_y2566_id_4565,165,0,14,123681,82178,3295
2566,pv_41_z_9,pv_41,,,9,ely_y2566_id_189,189,189,ely_y2566_id_4564,127,0,15,123681,82178,3295
2566,pv_41_z_10,pv_41,,,10,ely_y2566_id_34,,34,ely_y2566_id_4571,47763,60.0,1,121558,79627,3510
2566,pv_41_z_10,pv_41,,,10,ely_y2566_id_164,164,164,ely_y2566_id_4568,20793,26.0,2,121558,79627,3510
2566,pv_41_z_10,pv_41,,,10,ely_y2566_id_227,227,227,ely_y2566_id_4574,3441,4.0,3,121558,79627,3510
2566,pv_41_z_10,pv_41,,,10,ely_y2566_id_192,192,192,ely_y2566_id_4569,1661,2.0,4,121558,79627,3510
2566,pv_41_z_10,pv_41,,,10,ely_y2566_id_229,229,229,ely_y2566_id_4567,1551,1.0,5,121558,79627,3510
2566,pv_41_z_10,pv_41,,,10,ely_y2566_id_145,145,145,ely_y2566_id_4573,734,0,6,121558,79627,3510
2566,pv_41_z_10,pv_41,,,10,ely_y2566_id_235,235,235,ely_y2566_id_4566,700,0,7,121558,79627,3510
2566,pv_41_z_10,pv_41,,,10,ely_y2566_id_1,,1,ely_y2566_id_4570,582,0,8,121558,79627,3510
2566,pv_41_z_10,pv_41,,,10,ely_y2566_id_189,189,189,ely_y2566_id_4578,355,0,9,121558,79627,3510
2566,pv_41_z_10,pv_41,,,10,ely_y2566_id_234,234,234,ely_y2566_id_4572,344,0,10,121558,79627,3510
2566,pv_41_z_10,pv_41,,,10,ely_y2566_id_180,180,180,ely_y2566_id_4575,257,0,11,121558,79627,3510
2566,pv_41_z_10,pv_41,,,10,ely_y2566_id_226,226,226,ely_y2566_id_4576,167,0,12,121558,79627,3510
2566,pv_41_z_10,pv_41,,,10,ely_y2566_id_184,184,184,ely_y2566_id_4577,128,0,13,121558,79627,3510
2566,pv_41_z_10,pv_41,,,10,ely_y2566_id_230,230,230,ely_y2566_id_4579,128,0,14,121558,79627,3510
2566,pv_40_z_1,pv_40,,,1,ely_y2566_id_164,164,164,ely_y2566_id_704,39046,42.0,1,129179,92981,2423
2566,pv_40_z_1,pv_40,,,1,ely_y2566_id_34,,34,ely_y2566_id_706,26592,28.0,2,129179,92981,2423
2566,pv_40_z_1,pv_40,,,1,ely_y2566_id_229,229,229,ely_y2566_id_707,16129,17.0,3,129179,92981,2423
2566,pv_40_z_1,pv_40,,,1,ely_y2566_id_192,192,192,ely_y2566_id_702,4015,4.0,4,129179,92981,2423
2566,pv_40_z_1,pv_40,,,1,ely_y2566_id_227,227,227,ely_y2566_id_709,1544,1.0,5,129179,92981,2423
2566,pv_40_z_1,pv_40,,,1,ely_y2566_id_63,,63,ely_y2566_id_701,1068,1.0,6,129179,92981,2423
2566,pv_40_z_1,pv_40,,,1,ely_y2566_id_145,145,145,ely_y2566_id_710,1027,1.0,7,129179,92981,2423
2566,pv_40_z_1,pv_40,,,1,ely_y2566_id_1,,1,ely_y2566_id_703,873,0,8,129179,92981,2423
2566,pv_40_z_1,pv_40,,,1,ely_y2566_id_234,234,234,ely_y2566_id_713,308,0,9,129179,92981,2423
2566,pv_40_z_1,pv_40,,,1,ely_y2566_id_180,180,180,ely_y2566_id_705,288,0,10,129179,92981,2423
2566,pv_40_z_1,pv_40,,,1,ely_y2566_id_185,185,185,ely_y2566_id_712,160,0,11,129179,92981,2423
2566,pv_40_z_1,pv_40,,,1,ely_y2566_id_186,186,186,ely_y2566_id_708,154,0,12,129179,92981,2423
2566,pv_40_z_1,pv_40,,,1,ely_y2566_id_237,237,237,ely_y2566_id_711,138,0,13,129179,92981,2423
2566,pv_40_z_1,pv_40,,,1,ely_y2566_id_189,189,189,ely_y2566_id_716,138,0,14,129179,92981,2423
2566,pv_40_z_1,pv_40,,,1,ely_y2566_id_109,,109,ely_y2566_id_714,134,0,15,129179,92981,2423
2566,pv_40_z_1,pv_40,,,1,ely_y2566_id_205,205,205,ely_y2566_id_717,126,0,16,129179,92981,2423
2566,pv_40_z_1,pv_40,,,1,ely_y2566_id_170,170,170,ely_y2566_id_715,59,0,17,129179,92981,2423
2566,pv_40_z_2,pv_40,,,2,ely_y2566_id_164,164,164,ely_y2566_id_718,38984,38.0,1,133299,101911,2918
2566,pv_40_z_2,pv_40,,,2,ely_y2566_id_34,,34,ely_y2566_id_726,28502,28.0,2,133299,101911,2918
2566,pv_40_z_2,pv_40,,,2,ely_y2566_id_229,229,229,ely_y2566_id_721,5302,5.0,4,133299,101911,2918
2566,pv_40_z_2,pv_40,,,2,ely_y2566_id_192,192,192,ely_y2566_id_719,1153,1.0,5,133299,101911,2918
2566,pv_40_z_2,pv_40,,,2,ely_y2566_id_1,,1,ely_y2566_id_724,858,0,6,133299,101911,2918
2566,pv_40_z_2,pv_40,,,2,ely_y2566_id_145,145,145,ely_y2566_id_728,735,0,7,133299,101911,2918
2566,pv_40_z_2,pv_40,,,2,ely_y2566_id_205,205,205,ely_y2566_id_723,457,0,8,133299,101911,2918
2566,pv_40_z_2,pv_40,,,2,ely_y2566_id_234,234,234,ely_y2566_id_730,223,0,9,133299,101911,2918
2566,pv_40_z_2,pv_40,,,2,ely_y2566_id_185,185,185,ely_y2566_id_720,212,0,10,133299,101911,2918
2566,pv_40_z_2,pv_40,,,2,ely_y2566_id_189,189,189,ely_y2566_id_732,208,0,11,133299,101911,2918
2566,pv_40_z_2,pv_40,,,2,ely_y2566_id_186,186,186,ely_y2566_id_725,181,0,12,133299,101911,2918
2566,pv_40_z_2,pv_40,,,2,ely_y2566_id_237,237,237,ely_y2566_id_727,147,0,13,133299,101911,2918
2566,pv_40_z_2,pv_40,,,2,ely_y2566_id_180,180,180,ely_y2566_id_729,109,0,14,133299,101911,2918
2566,pv_40_z_2,pv_40,,,2,ely_y2566_id_235,235,235,ely_y2566_id_731,84,0,15,133299,101911,2918
2566,pv_40_z_2,pv_40,,,2,ely_y2566_id_230,230,230,ely_y2566_id_733,57,0,16,133299,101911,2918
2566,pv_40_z_3,pv_40,,,3,ely_y2566_id_164,164,164,ely_y2566_id_737,36731,39.0,1,131940,93239,3865
2566,pv_40_z_3,pv_40,,,3,ely_y2566_id_55,,55,ely_y2566_id_746,30085,32.0,2,131940,93239,3865
2566,pv_40_z_3,pv_40,,,3,ely_y2566_id_34,,34,ely_y2566_id_738,17576,18.0,3,131940,93239,3865
2566,pv_40_z_3,pv_40,,,3,ely_y2566_id_63,,63,ely_y2566_id_739,3446,3.0,4,131940,93239,3865
2566,pv_40_z_3,pv_40,,,3,ely_y2566_id_229,229,229,ely_y2566_id_736,1802,1.0,5,131940,93239,3865
2566,pv_40_z_3,pv_40,,,3,ely_y2566_id_235,235,235,ely_y2566_id_747,832,0,6,131940,93239,3865
2566,pv_40_z_3,pv_40,,,3,ely_y2566_id_227,227,227,ely_y2566_id_745,603,0,7,131940,93239,3865
2566,pv_40_z_3,pv_40,,,3,ely_y2566_id_145,145,145,ely_y2566_id_734,533,0,8,131940,93239,3865
2566,pv_40_z_3,pv_40,,,3,ely_y2566_id_192,192,192,ely_y2566_id_735,517,0,9,131940,93239,3865
2566,pv_40_z_3,pv_40,,,3,ely_y2566_id_230,230,230,ely_y2566_id_748,388,0,10,131940,93239,3865
2566,pv_40_z_3,pv_40,,,3,ely_y2566_id_189,189,189,ely_y2566_id_742,236,0,11,131940,93239,3865
2566,pv_40_z_3,pv_40,,,3,ely_y2566_id_1,,1,ely_y2566_id_740,194,0,12,131940,93239,3865
2566,pv_40_z_3,pv_40,,,3,ely_y2566_id_170,170,170,ely_y2566_id_744,153,0,13,131940,93239,3865
2566,pv_40_z_3,pv_40,,,3,ely_y2566_id_234,234,234,ely_y2566_id_743,83,0,14,131940,93239,3865
2566,pv_40_z_3,pv_40,,,3,ely_y2566_id_237,237,237,ely_y2566_id_741,60,0,15,131940,93239,3865
2566,pv_40_z_4,pv_40,,,4,ely_y2566_id_164,164,164,ely_y2566_id_754,26948,28.0,2,130143,94639,4020
2566,pv_40_z_4,pv_40,,,4,ely_y2566_id_34,,34,ely_y2566_id_759,26416,27.0,3,130143,94639,4020
2566,pv_40_z_4,pv_40,,,4,ely_y2566_id_229,229,229,ely_y2566_id_752,1619,1.0,4,130143,94639,4020
2566,pv_40_z_4,pv_40,,,4,ely_y2566_id_192,192,192,ely_y2566_id_749,1140,1.0,5,130143,94639,4020
2566,pv_40_z_4,pv_40,,,4,ely_y2566_id_185,185,185,ely_y2566_id_756,988,1.0,6,130143,94639,4020
2566,pv_40_z_4,pv_40,,,4,ely_y2566_id_240,240,240,ely_y2566_id_767,899,0,7,130143,94639,4020
2566,pv_40_z_4,pv_40,,,4,ely_y2566_id_145,145,145,ely_y2566_id_762,706,0,8,130143,94639,4020
2566,pv_40_z_4,pv_40,,,4,ely_y2566_id_170,170,170,ely_y2566_id_761,580,0,9,130143,94639,4020
2566,pv_40_z_4,pv_40,,,4,ely_y2566_id_237,237,237,ely_y2566_id_753,394,0,10,130143,94639,4020
2566,pv_40_z_4,pv_40,,,4,ely_y2566_id_227,227,227,ely_y2566_id_758,387,0,11,130143,94639,4020
2566,pv_40_z_4,pv_40,,,4,ely_y2566_id_180,180,180,ely_y2566_id_755,342,0,12,130143,94639,4020
2566,pv_40_z_4,pv_40,,,4,ely_y2566_id_1,,1,ely_y2566_id_750,297,0,13,130143,94639,4020
2566,pv_40_z_4,pv_40,,,4,ely_y2566_id_186,186,186,ely_y2566_id_760,211,0,14,130143,94639,4020
2566,pv_40_z_4,pv_40,,,4,ely_y2566_id_250,250,250,ely_y2566_id_751,198,0,15,130143,94639,4020
2566,pv_40_z_4,pv_40,,,4,ely_y2566_id_189,189,189,ely_y2566_id_768,166,0,16,130143,94639,4020
2566,pv_40_z_4,pv_40,,,4,ely_y2566_id_230,230,230,ely_y2566_id_765,93,0,17,130143,94639,4020
2566,pv_40_z_4,pv_40,,,4,ely_y2566_id_235,235,235,ely_y2566_id_766,78,0,18,130143,94639,4020
2566,pv_40_z_4,pv_40,,,4,ely_y2566_id_234,234,234,ely_y2566_id_763,73,0,19,130143,94639,4020
2566,pv_40_z_4,pv_40,,,4,ely_y2566_id_209,209,209,ely_y2566_id_764,0,0,20,130143,94639,4020
2566,pv_40_z_5,pv_40,,,5,ely_y2566_id_34,,34,ely_y2566_id_771,50429,60.0,1,131205,83050,3699
2566,pv_40_z_5,pv_40,,,5,ely_y2566_id_164,164,164,ely_y2566_id_773,19127,23.0,2,131205,83050,3699
2566,pv_40_z_5,pv_40,,,5,ely_y2566_id_229,229,229,ely_y2566_id_776,4212,5.0,3,131205,83050,3699
2566,pv_40_z_5,pv_40,,,5,ely_y2566_id_192,192,192,ely_y2566_id_778,1926,2.0,4,131205,83050,3699
2566,pv_40_z_5,pv_40,,,5,ely_y2566_id_145,145,145,ely_y2566_id_782,1797,2.0,5,131205,83050,3699
2566,pv_40_z_5,pv_40,,,5,ely_y2566_id_133,133,133,ely_y2566_id_781,988,1.0,6,131205,83050,3699
2566,pv_40_z_5,pv_40,,,5,ely_y2566_id_1,,1,ely_y2566_id_770,854,1.0,7,131205,83050,3699
2566,pv_40_z_5,pv_40,,,5,ely_y2566_id_180,180,180,ely_y2566_id_772,648,0,8,131205,83050,3699
2566,pv_40_z_5,pv_40,,,5,ely_y2566_id_227,227,227,ely_y2566_id_769,594,0,9,131205,83050,3699
2566,pv_40_z_5,pv_40,,,5,ely_y2566_id_63,,63,ely_y2566_id_777,573,0,10,131205,83050,3699
2566,pv_40_z_5,pv_40,,,5,ely_y2566_id_185,185,185,ely_y2566_id_775,418,0,11,131205,83050,3699
2566,pv_40_z_5,pv_40,,,5,ely_y2566_id_243,243,243,ely_y2566_id_783,393,0,12,131205,83050,3699
2566,pv_40_z_5,pv_40,,,5,ely_y2566_id_186,186,186,ely_y2566_id_774,389,0,13,131205,83050,3699
2566,pv_40_z_5,pv_40,,,5,ely_y2566_id_234,234,234,ely_y2566_id_779,224,0,14,131205,83050,3699
2566,pv_40_z_5,pv_40,,,5,ely_y2566_id_109,,109,ely_y2566_id_780,190,0,15,131205,83050,3699
2566,pv_40_z_5,pv_40,,,5,ely_y2566_id_230,230,230,ely_y2566_id_786,184,0,16,131205,83050,3699
2566,pv_40_z_5,pv_40,,,5,ely_y2566_id_235,235,235,ely_y2566_id_784,70,0,17,131205,83050,3699
2566,pv_40_z_5,pv_40,,,5,ely_y2566_id_189,189,189,ely_y2566_id_785,34,0,18,131205,83050,3699
2566,pv_40_z_6,pv_40,,,6,ely_y2566_id_34,,34,ely_y2566_id_791,29293,33.0,1,129388,86539,3934
2566,pv_40_z_6,pv_40,,,6,ely_y2566_id_63,,63,ely_y2566_id_787,29219,33.0,2,129388,86539,3934
2566,pv_40_z_6,pv_40,,,6,ely_y2566_id_164,164,164,ely_y2566_id_797,16543,19.0,3,129388,86539,3934
2566,pv_40_z_6,pv_40,,,6,ely_y2566_id_192,192,192,ely_y2566_id_793,7321,8.0,4,129388,86539,3934
2566,pv_40_z_6,pv_40,,,6,ely_y2566_id_229,229,229,ely_y2566_id_790,1823,2.0,5,129388,86539,3934
2566,pv_40_z_6,pv_40,,,6,ely_y2566_id_145,145,145,ely_y2566_id_792,571,0,6,129388,86539,3934
2566,pv_40_z_6,pv_40,,,6,ely_y2566_id_230,230,230,ely_y2566_id_801,388,0,7,129388,86539,3934
2566,pv_40_z_6,pv_40,,,6,ely_y2566_id_1,,1,ely_y2566_id_788,345,0,8,129388,86539,3934
2566,pv_40_z_6,pv_40,,,6,ely_y2566_id_227,227,227,ely_y2566_id_794,218,0,9,129388,86539,3934
2566,pv_40_z_6,pv_40,,,6,ely_y2566_id_185,185,185,ely_y2566_id_789,207,0,10,129388,86539,3934
2566,pv_40_z_6,pv_40,,,6,ely_y2566_id_186,186,186,ely_y2566_id_795,177,0,11,129388,86539,3934
2566,pv_40_z_6,pv_40,,,6,ely_y2566_id_226,226,226,ely_y2566_id_799,135,0,12,129388,86539,3934
2566,pv_40_z_6,pv_40,,,6,ely_y2566_id_189,189,189,ely_y2566_id_796,118,0,13,129388,86539,3934
2566,pv_40_z_6,pv_40,,,6,ely_y2566_id_234,234,234,ely_y2566_id_798,105,0,14,129388,86539,3934
2566,pv_40_z_6,pv_40,,,6,ely_y2566_id_184,184,184,ely_y2566_id_800,76,0,15,129388,86539,3934
2566,pv_40_z_7,pv_40,,,7,ely_y2566_id_192,192,192,ely_y2566_id_805,22490,24.0,2,132057,93513,4072
2566,pv_40_z_7,pv_40,,,7,ely_y2566_id_164,164,164,ely_y2566_id_808,16263,17.0,3,132057,93513,4072
2566,pv_40_z_7,pv_40,,,7,ely_y2566_id_63,,63,ely_y2566_id_810,12777,13.0,4,132057,93513,4072
2566,pv_40_z_7,pv_40,,,7,ely_y2566_id_227,227,227,ely_y2566_id_804,979,1.0,5,132057,93513,4072
2566,pv_40_z_7,pv_40,,,7,ely_y2566_id_229,229,229,ely_y2566_id_809,775,0,6,132057,93513,4072
2566,pv_40_z_7,pv_40,,,7,ely_y2566_id_186,186,186,ely_y2566_id_806,503,0,7,132057,93513,4072
2566,pv_40_z_7,pv_40,,,7,ely_y2566_id_145,145,145,ely_y2566_id_802,413,0,8,132057,93513,4072
2566,pv_40_z_7,pv_40,,,7,ely_y2566_id_235,235,235,ely_y2566_id_815,413,0,9,132057,93513,4072
2566,pv_40_z_7,pv_40,,,7,ely_y2566_id_1,,1,ely_y2566_id_811,198,0,10,132057,93513,4072
2566,pv_40_z_7,pv_40,,,7,ely_y2566_id_180,180,180,ely_y2566_id_803,191,0,11,132057,93513,4072
2566,pv_40_z_7,pv_40,,,7,ely_y2566_id_189,189,189,ely_y2566_id_814,149,0,12,132057,93513,4072
2566,pv_40_z_7,pv_40,,,7,ely_y2566_id_237,237,237,ely_y2566_id_812,107,0,13,132057,93513,4072
2566,pv_40_z_7,pv_40,,,7,ely_y2566_id_234,234,234,ely_y2566_id_813,90,0,14,132057,93513,4072
2566,pv_40_z_7,pv_40,,,7,ely_y2566_id_230,230,230,ely_y2566_id_816,65,0,15,132057,93513,4072
2566,pv_40_z_8,pv_40,,,8,ely_y2566_id_34,,34,ely_y2566_id_822,43191,44.0,1,138274,97348,4019
2566,pv_40_z_8,pv_40,,,8,ely_y2566_id_164,164,164,ely_y2566_id_823,19879,20.0,2,138274,97348,4019
2566,pv_40_z_8,pv_40,,,8,ely_y2566_id_192,192,192,ely_y2566_id_826,17888,18.0,3,138274,97348,4019
2566,pv_40_z_8,pv_40,,,8,ely_y2566_id_229,229,229,ely_y2566_id_821,6174,6.0,4,138274,97348,4019
2566,pv_40_z_8,pv_40,,,8,ely_y2566_id_63,,63,ely_y2566_id_819,6064,6.0,5,138274,97348,4019
2566,pv_40_z_8,pv_40,,,8,ely_y2566_id_1,,1,ely_y2566_id_817,647,0,6,138274,97348,4019
2566,pv_40_z_8,pv_40,,,8,ely_y2566_id_237,237,237,ely_y2566_id_825,615,0,7,138274,97348,4019
2566,pv_40_z_8,pv_40,,,8,ely_y2566_id_145,145,145,ely_y2566_id_820,530,0,8,138274,97348,4019
2566,pv_40_z_8,pv_40,,,8,ely_y2566_id_45,,45,ely_y2566_id_828,432,0,9,138274,97348,4019
2566,pv_40_z_8,pv_40,,,8,ely_y2566_id_227,227,227,ely_y2566_id_824,378,0,10,138274,97348,4019
2566,pv_40_z_8,pv_40,,,8,ely_y2566_id_230,230,230,ely_y2566_id_829,294,0,11,138274,97348,4019
2566,pv_40_z_8,pv_40,,,8,ely_y2566_id_180,180,180,ely_y2566_id_818,276,0,12,138274,97348,4019
2566,pv_40_z_8,pv_40,,,8,ely_y2566_id_186,186,186,ely_y2566_id_827,186,0,13,138274,97348,4019
2566,pv_40_z_9,pv_40,,,9,ely_y2566_id_34,,34,ely_y2566_id_833,46057,55.0,1,126949,83282,3632
2566,pv_40_z_9,pv_40,,,9,ely_y2566_id_164,164,164,ely_y2566_id_839,15141,18.0,2,126949,83282,3632
2566,pv_40_z_9,pv_40,,,9,ely_y2566_id_63,,63,ely_y2566_id_836,8934,10.0,3,126949,83282,3632
2566,pv_40_z_9,pv_40,,,9,ely_y2566_id_192,192,192,ely_y2566_id_831,7821,9.0,4,126949,83282,3632
2566,pv_40_z_9,pv_40,,,9,ely_y2566_id_229,229,229,ely_y2566_id_838,3052,3.0,5,126949,83282,3632
2566,pv_40_z_9,pv_40,,,9,ely_y2566_id_145,145,145,ely_y2566_id_830,506,0,6,126949,83282,3632
2566,pv_40_z_9,pv_40,,,9,ely_y2566_id_1,,1,ely_y2566_id_832,461,0,7,126949,83282,3632
2566,pv_40_z_9,pv_40,,,9,ely_y2566_id_109,,109,ely_y2566_id_841,282,0,8,126949,83282,3632
2566,pv_40_z_9,pv_40,,,9,ely_y2566_id_237,237,237,ely_y2566_id_835,268,0,9,126949,83282,3632
2566,pv_40_z_9,pv_40,,,9,ely_y2566_id_185,185,185,ely_y2566_id_834,262,0,10,126949,83282,3632
2566,pv_40_z_9,pv_40,,,9,ely_y2566_id_234,234,234,ely_y2566_id_840,159,0,11,126949,83282,3632
2566,pv_40_z_9,pv_40,,,9,ely_y2566_id_186,186,186,ely_y2566_id_837,93,0,12,126949,83282,3632
2566,pv_40_z_10,pv_40,,,10,ely_y2566_id_34,,34,ely_y2566_id_850,44173,50.0,1,134888,87939,3916
2566,pv_40_z_10,pv_40,,,10,ely_y2566_id_192,192,192,ely_y2566_id_843,24296,27.0,2,134888,87939,3916
2566,pv_40_z_10,pv_40,,,10,ely_y2566_id_164,164,164,ely_y2566_id_842,15185,17.0,3,134888,87939,3916
2566,pv_40_z_10,pv_40,,,10,ely_y2566_id_229,229,229,ely_y2566_id_847,1482,1.0,4,134888,87939,3916
2566,pv_40_z_10,pv_40,,,10,ely_y2566_id_118,,118,ely_y2566_id_851,498,0,5,134888,87939,3916
2566,pv_40_z_10,pv_40,,,10,ely_y2566_id_189,189,189,ely_y2566_id_853,422,0,6,134888,87939,3916
2566,pv_40_z_10,pv_40,,,10,ely_y2566_id_145,145,145,ely_y2566_id_845,399,0,7,134888,87939,3916
2566,pv_40_z_10,pv_40,,,10,ely_y2566_id_1,,1,ely_y2566_id_849,381,0,8,134888,87939,3916
2566,pv_40_z_10,pv_40,,,10,ely_y2566_id_185,185,185,ely_y2566_id_844,330,0,9,134888,87939,3916
2566,pv_40_z_10,pv_40,,,10,ely_y2566_id_63,,63,ely_y2566_id_848,232,0,10,134888,87939,3916
2566,pv_40_z_10,pv_40,,,10,ely_y2566_id_45,,45,ely_y2566_id_852,170,0,11,134888,87939,3916
2566,pv_40_z_10,pv_40,,,10,ely_y2566_id_186,186,186,ely_y2566_id_846,163,0,12,134888,87939,3916
2566,pv_40_z_10,pv_40,,,10,ely_y2566_id_234,234,234,ely_y2566_id_854,111,0,13,134888,87939,3916
2566,pv_40_z_10,pv_40,,,10,ely_y2566_id_230,230,230,ely_y2566_id_855,62,0,14,134888,87939,3916
2566,pv_40_z_11,pv_40,,,11,ely_y2566_id_63,,63,ely_y2566_id_861,37529,41.0,1,131436,90944,3881
2566,pv_40_z_11,pv_40,,,11,ely_y2566_id_34,,34,ely_y2566_id_859,32864,36.0,2,131436,90944,3881
2566,pv_40_z_11,pv_40,,,11,ely_y2566_id_164,164,164,ely_y2566_id_857,12029,13.0,3,131436,90944,3881
2566,pv_40_z_11,pv_40,,,11,ely_y2566_id_229,229,229,ely_y2566_id_856,6270,6.0,4,131436,90944,3881
2566,pv_40_z_11,pv_40,,,11,ely_y2566_id_192,192,192,ely_y2566_id_858,1271,1.0,5,131436,90944,3881
2566,pv_40_z_11,pv_40,,,11,ely_y2566_id_1,,1,ely_y2566_id_860,373,0,6,131436,90944,3881
2566,pv_40_z_11,pv_40,,,11,ely_y2566_id_145,145,145,ely_y2566_id_862,292,0,7,131436,90944,3881
2566,pv_40_z_11,pv_40,,,11,ely_y2566_id_205,205,205,ely_y2566_id_864,209,0,8,131436,90944,3881
2566,pv_40_z_11,pv_40,,,11,ely_y2566_id_234,234,234,ely_y2566_id_863,63,0,9,131436,90944,3881
2566,pv_40_z_11,pv_40,,,11,ely_y2566_id_230,230,230,ely_y2566_id_865,44,0,10,131436,90944,3881
2566,pv_34_z_1,pv_34,,,1,ely_y2566_id_34,,34,ely_y2566_id_4636,32468,32.0,1,131647,99624,3008
2566,pv_34_z_1,pv_34,,,1,ely_y2566_id_164,164,164,ely_y2566_id_4635,31112,31.0,2,131647,99624,3008
2566,pv_34_z_1,pv_34,,,1,ely_y2566_id_227,227,227,ely_y2566_id_4626,21579,21.0,3,131647,99624,3008
2566,pv_34_z_1,pv_34,,,1,ely_y2566_id_229,229,229,ely_y2566_id_4631,9086,9.0,4,131647,99624,3008
2566,pv_34_z_1,pv_34,,,1,ely_y2566_id_192,192,192,ely_y2566_id_4630,1340,1.0,5,131647,99624,3008
2566,pv_34_z_1,pv_34,,,1,ely_y2566_id_1,,1,ely_y2566_id_4627,943,0,6,131647,99624,3008
2566,pv_34_z_1,pv_34,,,1,ely_y2566_id_145,145,145,ely_y2566_id_4632,815,0,7,131647,99624,3008
2566,pv_34_z_1,pv_34,,,1,ely_y2566_id_149,149,149,ely_y2566_id_4634,399,0,8,131647,99624,3008
2566,pv_34_z_1,pv_34,,,1,ely_y2566_id_63,,63,ely_y2566_id_4628,307,0,9,131647,99624,3008
2566,pv_34_z_1,pv_34,,,1,ely_y2566_id_45,,45,ely_y2566_id_4629,303,0,10,131647,99624,3008
2566,pv_34_z_1,pv_34,,,1,ely_y2566_id_234,234,234,ely_y2566_id_4638,188,0,11,131647,99624,3008
2566,pv_34_z_1,pv_34,,,1,ely_y2566_id_226,226,226,ely_y2566_id_4637,148,0,12,131647,99624,3008
2566,pv_34_z_1,pv_34,,,1,ely_y2566_id_184,184,184,ely_y2566_id_4641,106,0,13,131647,99624,3008
2566,pv_34_z_1,pv_34,,,1,ely_y2566_id_180,180,180,ely_y2566_id_4633,89,0,14,131647,99624,3008
2566,pv_34_z_1,pv_34,,,1,ely_y2566_id_235,235,235,ely_y2566_id_4639,75,0,15,131647,99624,3008
2566,pv_34_z_1,pv_34,,,1,ely_y2566_id_189,189,189,ely_y2566_id_4640,65,0,16,131647,99624,3008
2566,pv_34_z_2,pv_34,,,2,ely_y2566_id_1,,1,ely_y2566_id_4645,38164,41.0,1,135410,94954,5014
2566,pv_34_z_2,pv_34,,,2,ely_y2566_id_34,,34,ely_y2566_id_4650,31953,34.0,2,135410,94954,5014
2566,pv_34_z_2,pv_34,,,2,ely_y2566_id_164,164,164,ely_y2566_id_4648,17520,18.0,3,135410,94954,5014
2566,pv_34_z_2,pv_34,,,2,ely_y2566_id_192,192,192,ely_y2566_id_4646,1829,1.0,4,135410,94954,5014
2566,pv_34_z_2,pv_34,,,2,ely_y2566_id_63,,63,ely_y2566_id_4647,787,0,5,135410,94954,5014
2566,pv_34_z_2,pv_34,,,2,ely_y2566_id_145,145,145,ely_y2566_id_4643,624,0,6,135410,94954,5014
2566,pv_34_z_2,pv_34,,,2,ely_y2566_id_234,234,234,ely_y2566_id_4649,422,0,7,135410,94954,5014
2566,pv_34_z_2,pv_34,,,2,ely_y2566_id_189,189,189,ely_y2566_id_4652,418,0,8,135410,94954,5014
2566,pv_34_z_2,pv_34,,,2,ely_y2566_id_180,180,180,ely_y2566_id_4644,372,0,9,135410,94954,5014
2566,pv_34_z_2,pv_34,,,2,ely_y2566_id_184,184,184,ely_y2566_id_4651,257,0,10,135410,94954,5014
2566,pv_34_z_2,pv_34,,,2,ely_y2566_id_229,229,229,ely_y2566_id_4642,0,0,11,135410,94954,5014
2566,pv_34_z_3,pv_34,,,3,ely_y2566_id_238,238,238,ely_y2566_id_4655,31218,31.0,1,138593,99574,4713
2566,pv_34_z_3,pv_34,,,3,ely_y2566_id_34,,34,ely_y2566_id_4663,22020,22.0,2,138593,99574,4713
2566,pv_34_z_3,pv_34,,,3,ely_y2566_id_63,,63,ely_y2566_id_4658,16572,16.0,3,138593,99574,4713
2566,pv_34_z_3,pv_34,,,3,ely_y2566_id_192,192,192,ely_y2566_id_4657,12423,12.0,4,138593,99574,4713
2566,pv_34_z_3,pv_34,,,3,ely_y2566_id_164,164,164,ely_y2566_id_4656,8140,8.0,5,138593,99574,4713
2566,pv_34_z_3,pv_34,,,3,ely_y2566_id_1,,1,ely_y2566_id_4654,6888,6.0,6,138593,99574,4713
2566,pv_34_z_3,pv_34,,,3,ely_y2566_id_229,229,229,ely_y2566_id_4659,730,0,7,138593,99574,4713
2566,pv_34_z_3,pv_34,,,3,ely_y2566_id_184,184,184,ely_y2566_id_4665,510,0,8,138593,99574,4713
2566,pv_34_z_3,pv_34,,,3,ely_y2566_id_145,145,145,ely_y2566_id_4653,456,0,9,138593,99574,4713
2566,pv_34_z_3,pv_34,,,3,ely_y2566_id_234,234,234,ely_y2566_id_4661,209,0,10,138593,99574,4713
2566,pv_34_z_3,pv_34,,,3,ely_y2566_id_189,189,189,ely_y2566_id_4664,176,0,11,138593,99574,4713
2566,pv_34_z_3,pv_34,,,3,ely_y2566_id_109,,109,ely_y2566_id_4662,148,0,12,138593,99574,4713
2566,pv_34_z_3,pv_34,,,3,ely_y2566_id_180,180,180,ely_y2566_id_4660,84,0,13,138593,99574,4713
2566,pv_34_z_4,pv_34,,,4,ely_y2566_id_34,,34,ely_y2566_id_4676,39462,39.0,1,142804,104074,5196
2566,pv_34_z_4,pv_34,,,4,ely_y2566_id_164,164,164,ely_y2566_id_4672,31052,30.0,2,142804,104074,5196
2566,pv_34_z_4,pv_34,,,4,ely_y2566_id_63,,63,ely_y2566_id_4669,19511,19.0,3,142804,104074,5196
2566,pv_34_z_4,pv_34,,,4,ely_y2566_id_55,,55,ely_y2566_id_4666,4013,3.0,4,142804,104074,5196
2566,pv_34_z_4,pv_34,,,4,ely_y2566_id_192,192,192,ely_y2566_id_4671,2847,2.0,5,142804,104074,5196
2566,pv_34_z_4,pv_34,,,4,ely_y2566_id_145,145,145,ely_y2566_id_4675,891,0,6,142804,104074,5196
2566,pv_34_z_4,pv_34,,,4,ely_y2566_id_1,,1,ely_y2566_id_4670,755,0,7,142804,104074,5196
2566,pv_34_z_4,pv_34,,,4,ely_y2566_id_234,234,234,ely_y2566_id_4678,693,0,8,142804,104074,5196
2566,pv_34_z_4,pv_34,,,4,ely_y2566_id_227,227,227,ely_y2566_id_4667,670,0,9,142804,104074,5196
2566,pv_34_z_4,pv_34,,,4,ely_y2566_id_185,185,185,ely_y2566_id_4668,344,0,10,142804,104074,5196
2566,pv_34_z_4,pv_34,,,4,ely_y2566_id_180,180,180,ely_y2566_id_4673,230,0,11,142804,104074,5196
2566,pv_34_z_4,pv_34,,,4,ely_y2566_id_189,189,189,ely_y2566_id_4680,107,0,12,142804,104074,5196
2566,pv_34_z_4,pv_34,,,4,ely_y2566_id_229,229,229,ely_y2566_id_4674,0,0,13,142804,104074,5196
2566,pv_34_z_4,pv_34,,,4,ely_y2566_id_235,235,235,ely_y2566_id_4679,0,0,15,142804,104074,5196
2566,pv_34_z_5,pv_34,,,5,ely_y2566_id_63,,63,ely_y2566_id_4681,44121,49.0,1,130284,89798,3609
2566,pv_34_z_5,pv_34,,,5,ely_y2566_id_34,,34,ely_y2566_id_4689,30596,34.0,2,130284,89798,3609
2566,pv_34_z_5,pv_34,,,5,ely_y2566_id_164,164,164,ely_y2566_id_4685,12050,13.0,3,130284,89798,3609
2566,pv_34_z_5,pv_34,,,5,ely_y2566_id_229,229,229,ely_y2566_id_4684,779,0,4,130284,89798,3609
2566,pv_34_z_5,pv_34,,,5,ely_y2566_id_192,192,192,ely_y2566_id_4686,452,0,5,130284,89798,3609
2566,pv_34_z_5,pv_34,,,5,ely_y2566_id_145,145,145,ely_y2566_id_4682,412,0,6,130284,89798,3609
2566,pv_34_z_5,pv_34,,,5,ely_y2566_id_184,184,184,ely_y2566_id_4691,411,0,7,130284,89798,3609
2566,pv_34_z_5,pv_34,,,5,ely_y2566_id_234,234,234,ely_y2566_id_4687,360,0,8,130284,89798,3609
2566,pv_34_z_5,pv_34,,,5,ely_y2566_id_1,,1,ely_y2566_id_4688,359,0,9,130284,89798,3609
2566,pv_34_z_5,pv_34,,,5,ely_y2566_id_180,180,180,ely_y2566_id_4683,131,0,10,130284,89798,3609
2566,pv_34_z_5,pv_34,,,5,ely_y2566_id_189,189,189,ely_y2566_id_4690,127,0,11,130284,89798,3609
2566,pv_34_z_6,pv_34,,,6,ely_y2566_id_34,,34,ely_y2566_id_4699,43430,51.0,1,128707,84825,3749
2566,pv_34_z_6,pv_34,,,6,ely_y2566_id_227,227,227,ely_y2566_id_4692,22759,26.0,2,128707,84825,3749
2566,pv_34_z_6,pv_34,,,6,ely_y2566_id_164,164,164,ely_y2566_id_4698,9177,10.0,3,128707,84825,3749
2566,pv_34_z_6,pv_34,,,6,ely_y2566_id_63,,63,ely_y2566_id_4694,4023,4.0,4,128707,84825,3749
2566,pv_34_z_6,pv_34,,,6,ely_y2566_id_1,,1,ely_y2566_id_4697,2504,2.0,5,128707,84825,3749
2566,pv_34_z_6,pv_34,,,6,ely_y2566_id_229,229,229,ely_y2566_id_4696,1049,1.0,6,128707,84825,3749
2566,pv_34_z_6,pv_34,,,6,ely_y2566_id_192,192,192,ely_y2566_id_4693,611,0,7,128707,84825,3749
2566,pv_34_z_6,pv_34,,,6,ely_y2566_id_109,,109,ely_y2566_id_4702,338,0,8,128707,84825,3749
2566,pv_34_z_6,pv_34,,,6,ely_y2566_id_234,234,234,ely_y2566_id_4700,315,0,9,128707,84825,3749
2566,pv_34_z_6,pv_34,,,6,ely_y2566_id_235,235,235,ely_y2566_id_4704,203,0,10,128707,84825,3749
2566,pv_34_z_6,pv_34,,,6,ely_y2566_id_145,145,145,ely_y2566_id_4703,180,0,11,128707,84825,3749
2566,pv_34_z_6,pv_34,,,6,ely_y2566_id_226,226,226,ely_y2566_id_4701,126,0,12,128707,84825,3749
2566,pv_34_z_6,pv_34,,,6,ely_y2566_id_180,180,180,ely_y2566_id_4695,110,0,13,128707,84825,3749
2566,pv_34_z_7,pv_34,,,7,ely_y2566_id_34,,34,ely_y2566_id_4715,38533,43.0,1,127884,88473,3793
2566,pv_34_z_7,pv_34,,,7,ely_y2566_id_63,,63,ely_y2566_id_4714,33499,37.0,2,127884,88473,3793
2566,pv_34_z_7,pv_34,,,7,ely_y2566_id_164,164,164,ely_y2566_id_4711,10300,11.0,3,127884,88473,3793
2566,pv_34_z_7,pv_34,,,7,ely_y2566_id_229,229,229,ely_y2566_id_4710,2962,3.0,4,127884,88473,3793
2566,pv_34_z_7,pv_34,,,7,ely_y2566_id_186,186,186,ely_y2566_id_4713,776,0,5,127884,88473,3793
2566,pv_34_z_7,pv_34,,,7,ely_y2566_id_192,192,192,ely_y2566_id_4706,404,0,6,127884,88473,3793
2566,pv_34_z_7,pv_34,,,7,ely_y2566_id_227,227,227,ely_y2566_id_4712,403,0,7,127884,88473,3793
2566,pv_34_z_7,pv_34,,,7,ely_y2566_id_188,188,188,ely_y2566_id_4705,369,0,8,127884,88473,3793
2566,pv_34_z_7,pv_34,,,7,ely_y2566_id_145,145,145,ely_y2566_id_4716,264,0,9,127884,88473,3793
2566,pv_34_z_7,pv_34,,,7,ely_y2566_id_1,,1,ely_y2566_id_4708,262,0,10,127884,88473,3793
2566,pv_34_z_7,pv_34,,,7,ely_y2566_id_234,234,234,ely_y2566_id_4717,196,0,11,127884,88473,3793
2566,pv_34_z_7,pv_34,,,7,ely_y2566_id_189,189,189,ely_y2566_id_4720,148,0,12,127884,88473,3793
2566,pv_34_z_7,pv_34,,,7,ely_y2566_id_109,,109,ely_y2566_id_4707,128,0,13,127884,88473,3793
2566,pv_34_z_7,pv_34,,,7,ely_y2566_id_180,180,180,ely_y2566_id_4709,127,0,14,127884,88473,3793
2566,pv_34_z_7,pv_34,,,7,ely_y2566_id_184,184,184,ely_y2566_id_4719,102,0,15,127884,88473,3793
2566,pv_34_z_7,pv_34,,,7,ely_y2566_id_235,235,235,ely_y2566_id_4718,0,0,16,127884,88473,3793
2566,pv_34_z_8,pv_34,,,8,ely_y2566_id_63,,63,ely_y2566_id_4722,31773,34.0,1,135989,92056,4314
2566,pv_34_z_8,pv_34,,,8,ely_y2566_id_34,,34,ely_y2566_id_4731,27893,30.0,2,135989,92056,4314
2566,pv_34_z_8,pv_34,,,8,ely_y2566_id_164,164,164,ely_y2566_id_4728,14621,15.0,3,135989,92056,4314
2566,pv_34_z_8,pv_34,,,8,ely_y2566_id_192,192,192,ely_y2566_id_4726,12037,13.0,4,135989,92056,4314
2566,pv_34_z_8,pv_34,,,8,ely_y2566_id_229,229,229,ely_y2566_id_4724,1230,1.0,5,135989,92056,4314
2566,pv_34_z_8,pv_34,,,8,ely_y2566_id_227,227,227,ely_y2566_id_4729,1145,1.0,6,135989,92056,4314
2566,pv_34_z_8,pv_34,,,8,ely_y2566_id_145,145,145,ely_y2566_id_4727,759,0,7,135989,92056,4314
2566,pv_34_z_8,pv_34,,,8,ely_y2566_id_189,189,189,ely_y2566_id_4732,662,0,8,135989,92056,4314
2566,pv_34_z_8,pv_34,,,8,ely_y2566_id_1,,1,ely_y2566_id_4723,644,0,9,135989,92056,4314
2566,pv_34_z_8,pv_34,,,8,ely_y2566_id_185,185,185,ely_y2566_id_4721,560,0,10,135989,92056,4314
2566,pv_34_z_8,pv_34,,,8,ely_y2566_id_109,,109,ely_y2566_id_4725,260,0,11,135989,92056,4314
2566,pv_34_z_8,pv_34,,,8,ely_y2566_id_184,184,184,ely_y2566_id_4733,251,0,12,135989,92056,4314
2566,pv_34_z_8,pv_34,,,8,ely_y2566_id_234,234,234,ely_y2566_id_4730,221,0,13,135989,92056,4314
2566,pv_34_z_9,pv_34,,,9,ely_y2566_id_227,227,227,ely_y2566_id_4743,31311,38.0,1,128539,81993,4065
2566,pv_34_z_9,pv_34,,,9,ely_y2566_id_34,,34,ely_y2566_id_4744,30851,37.0,2,128539,81993,4065
2566,pv_34_z_9,pv_34,,,9,ely_y2566_id_164,164,164,ely_y2566_id_4741,12105,14.0,3,128539,81993,4065
2566,pv_34_z_9,pv_34,,,9,ely_y2566_id_229,229,229,ely_y2566_id_4736,1613,1.0,4,128539,81993,4065
2566,pv_34_z_9,pv_34,,,9,ely_y2566_id_63,,63,ely_y2566_id_4738,1528,1.0,5,128539,81993,4065
2566,pv_34_z_9,pv_34,,,9,ely_y2566_id_145,145,145,ely_y2566_id_4742,1049,1.0,6,128539,81993,4065
2566,pv_34_z_9,pv_34,,,9,ely_y2566_id_192,192,192,ely_y2566_id_4734,961,1.0,7,128539,81993,4065
2566,pv_34_z_9,pv_34,,,9,ely_y2566_id_170,170,170,ely_y2566_id_4746,492,0,8,128539,81993,4065
2566,pv_34_z_9,pv_34,,,9,ely_y2566_id_1,,1,ely_y2566_id_4740,480,0,9,128539,81993,4065
2566,pv_34_z_9,pv_34,,,9,ely_y2566_id_234,234,234,ely_y2566_id_4745,366,0,10,128539,81993,4065
2566,pv_34_z_9,pv_34,,,9,ely_y2566_id_157,157,157,ely_y2566_id_4747,364,0,11,128539,81993,4065
2566,pv_34_z_9,pv_34,,,9,ely_y2566_id_180,180,180,ely_y2566_id_4735,317,0,12,128539,81993,4065
2566,pv_34_z_9,pv_34,,,9,ely_y2566_id_226,226,226,ely_y2566_id_4737,228,0,13,128539,81993,4065
2566,pv_34_z_9,pv_34,,,9,ely_y2566_id_185,185,185,ely_y2566_id_4739,184,0,14,128539,81993,4065
2566,pv_34_z_10,pv_34,,,10,ely_y2566_id_238,238,238,ely_y2566_id_4748,63127,64.0,1,139504,97428,4547
2566,pv_34_z_10,pv_34,,,10,ely_y2566_id_34,,34,ely_y2566_id_4756,19351,19.0,2,139504,97428,4547
2566,pv_34_z_10,pv_34,,,10,ely_y2566_id_164,164,164,ely_y2566_id_4752,9735,9.0,3,139504,97428,4547
2566,pv_34_z_10,pv_34,,,10,ely_y2566_id_63,,63,ely_y2566_id_4755,1177,1.0,4,139504,97428,4547
2566,pv_34_z_10,pv_34,,,10,ely_y2566_id_229,229,229,ely_y2566_id_4750,973,0,5,139504,97428,4547
2566,pv_34_z_10,pv_34,,,10,ely_y2566_id_192,192,192,ely_y2566_id_4749,816,0,6,139504,97428,4547
2566,pv_34_z_10,pv_34,,,10,ely_y2566_id_170,170,170,ely_y2566_id_4758,724,0,7,139504,97428,4547
2566,pv_34_z_10,pv_34,,,10,ely_y2566_id_1,,1,ely_y2566_id_4754,331,0,8,139504,97428,4547
2566,pv_34_z_10,pv_34,,,10,ely_y2566_id_145,145,145,ely_y2566_id_4757,307,0,9,139504,97428,4547
2566,pv_34_z_10,pv_34,,,10,ely_y2566_id_149,149,149,ely_y2566_id_4751,264,0,10,139504,97428,4547
2566,pv_34_z_10,pv_34,,,10,ely_y2566_id_180,180,180,ely_y2566_id_4753,229,0,11,139504,97428,4547
2566,pv_34_z_10,pv_34,,,10,ely_y2566_id_235,235,235,ely_y2566_id_4760,163,0,12,139504,97428,4547
2566,pv_34_z_10,pv_34,,,10,ely_y2566_id_234,234,234,ely_y2566_id_4759,120,0,13,139504,97428,4547
2566,pv_34_z_10,pv_34,,,10,ely_y2566_id_189,189,189,ely_y2566_id_4762,78,0,14,139504,97428,4547
2566,pv_34_z_10,pv_34,,,10,ely_y2566_id_184,184,184,ely_y2566_id_4761,33,0,15,139504,97428,4547
2566,pv_34_z_11,pv_34,,,11,ely_y2566_id_63,,63,ely_y2566_id_4766,43797,48.0,1,133945,89953,3569
2566,pv_34_z_11,pv_34,,,11,ely_y2566_id_34,,34,ely_y2566_id_4771,24288,27.0,2,133945,89953,3569
2566,pv_34_z_11,pv_34,,,11,ely_y2566_id_164,164,164,ely_y2566_id_4768,13063,14.0,3,133945,89953,3569
2566,pv_34_z_11,pv_34,,,11,ely_y2566_id_227,227,227,ely_y2566_id_4764,4833,5.0,4,133945,89953,3569
2566,pv_34_z_11,pv_34,,,11,ely_y2566_id_229,229,229,ely_y2566_id_4769,946,1.0,5,133945,89953,3569
2566,pv_34_z_11,pv_34,,,11,ely_y2566_id_192,192,192,ely_y2566_id_4763,580,0,6,133945,89953,3569
2566,pv_34_z_11,pv_34,,,11,ely_y2566_id_184,184,184,ely_y2566_id_4776,520,0,7,133945,89953,3569
2566,pv_34_z_11,pv_34,,,11,ely_y2566_id_1,,1,ely_y2566_id_4765,513,0,8,133945,89953,3569
2566,pv_34_z_11,pv_34,,,11,ely_y2566_id_145,145,145,ely_y2566_id_4767,399,0,9,133945,89953,3569
2566,pv_34_z_11,pv_34,,,11,ely_y2566_id_180,180,180,ely_y2566_id_4770,244,0,10,133945,89953,3569
2566,pv_34_z_11,pv_34,,,11,ely_y2566_id_234,234,234,ely_y2566_id_4773,224,0,11,133945,89953,3569
2566,pv_34_z_11,pv_34,,,11,ely_y2566_id_246,246,246,ely_y2566_id_4774,168,0,12,133945,89953,3569
2566,pv_34_z_11,pv_34,,,11,ely_y2566_id_157,157,157,ely_y2566_id_4775,154,0,13,133945,89953,3569
2566,pv_34_z_11,pv_34,,,11,ely_y2566_id_170,170,170,ely_y2566_id_4772,139,0,14,133945,89953,3569
2566,pv_30_z_1,pv_30,,,1,ely_y2566_id_164,164,164,ely_y2566_id_1636,37043,39.0,1,133340,95753,2858
2566,pv_30_z_1,pv_30,,,1,ely_y2566_id_45,,45,ely_y2566_id_1638,29142,30.0,2,133340,95753,2858
2566,pv_30_z_1,pv_30,,,1,ely_y2566_id_34,,34,ely_y2566_id_1642,9224,9.0,3,133340,95753,2858
2566,pv_30_z_1,pv_30,,,1,ely_y2566_id_229,229,229,ely_y2566_id_1641,7456,7.0,4,133340,95753,2858
2566,pv_30_z_1,pv_30,,,1,ely_y2566_id_192,192,192,ely_y2566_id_1640,5452,5.0,5,133340,95753,2858
2566,pv_30_z_1,pv_30,,,1,ely_y2566_id_235,235,235,ely_y2566_id_1647,1197,1.0,6,133340,95753,2858
2566,pv_30_z_1,pv_30,,,1,ely_y2566_id_1,,1,ely_y2566_id_1639,952,1.0,7,133340,95753,2858
2566,pv_30_z_1,pv_30,,,1,ely_y2566_id_63,,63,ely_y2566_id_1637,902,0,8,133340,95753,2858
2566,pv_30_z_1,pv_30,,,1,ely_y2566_id_180,180,180,ely_y2566_id_1634,755,0,9,133340,95753,2858
2566,pv_30_z_1,pv_30,,,1,ely_y2566_id_227,227,227,ely_y2566_id_1635,597,0,10,133340,95753,2858
2566,pv_30_z_1,pv_30,,,1,ely_y2566_id_145,145,145,ely_y2566_id_1643,475,0,11,133340,95753,2858
2566,pv_30_z_1,pv_30,,,1,ely_y2566_id_234,234,234,ely_y2566_id_1645,337,0,12,133340,95753,2858
2566,pv_30_z_1,pv_30,,,1,ely_y2566_id_2,,2,ely_y2566_id_1644,261,0,13,133340,95753,2858
2566,pv_30_z_1,pv_30,,,1,ely_y2566_id_147,147,147,ely_y2566_id_1646,232,0,14,133340,95753,2858
2566,pv_30_z_2,pv_30,,,2,ely_y2566_id_164,164,164,ely_y2566_id_1648,42401,42.0,1,133796,101797,3798
2566,pv_30_z_2,pv_30,,,2,ely_y2566_id_45,,45,ely_y2566_id_1653,30062,30.0,2,133796,101797,3798
2566,pv_30_z_2,pv_30,,,2,ely_y2566_id_192,192,192,ely_y2566_id_1658,9849,9.0,3,133796,101797,3798
2566,pv_30_z_2,pv_30,,,2,ely_y2566_id_34,,34,ely_y2566_id_1654,8888,8.0,4,133796,101797,3798
2566,pv_30_z_2,pv_30,,,2,ely_y2566_id_229,229,229,ely_y2566_id_1657,4345,4.0,5,133796,101797,3798
2566,pv_30_z_2,pv_30,,,2,ely_y2566_id_145,145,145,ely_y2566_id_1655,670,0,6,133796,101797,3798
2566,pv_30_z_2,pv_30,,,2,ely_y2566_id_2,,2,ely_y2566_id_1659,646,0,7,133796,101797,3798
2566,pv_30_z_2,pv_30,,,2,ely_y2566_id_227,227,227,ely_y2566_id_1656,638,0,8,133796,101797,3798
2566,pv_30_z_2,pv_30,,,2,ely_y2566_id_63,,63,ely_y2566_id_1649,591,0,9,133796,101797,3798
2566,pv_30_z_2,pv_30,,,2,ely_y2566_id_1,,1,ely_y2566_id_1651,574,0,10,133796,101797,3798
2566,pv_30_z_2,pv_30,,,2,ely_y2566_id_185,185,185,ely_y2566_id_1650,534,0,11,133796,101797,3798
2566,pv_30_z_2,pv_30,,,2,ely_y2566_id_180,180,180,ely_y2566_id_1652,444,0,12,133796,101797,3798
2566,pv_30_z_2,pv_30,,,2,ely_y2566_id_234,234,234,ely_y2566_id_1660,254,0,13,133796,101797,3798
2566,pv_30_z_2,pv_30,,,2,ely_y2566_id_235,235,235,ely_y2566_id_1661,0,0,14,133796,101797,3798
2566,pv_30_z_3,pv_30,,,3,ely_y2566_id_164,164,164,ely_y2566_id_1672,38982,39.0,1,132267,99814,4005
2566,pv_30_z_3,pv_30,,,3,ely_y2566_id_45,,45,ely_y2566_id_1662,31768,32.0,2,132267,99814,4005
2566,pv_30_z_3,pv_30,,,3,ely_y2566_id_34,,34,ely_y2566_id_1671,15853,16.0,3,132267,99814,4005
2566,pv_30_z_3,pv_30,,,3,ely_y2566_id_229,229,229,ely_y2566_id_1670,5359,5.0,4,132267,99814,4005
2566,pv_30_z_3,pv_30,,,3,ely_y2566_id_1,,1,ely_y2566_id_1665,1398,1.0,5,132267,99814,4005
2566,pv_30_z_3,pv_30,,,3,ely_y2566_id_2,,2,ely_y2566_id_1675,955,0,6,132267,99814,4005
2566,pv_30_z_3,pv_30,,,3,ely_y2566_id_192,192,192,ely_y2566_id_1663,881,0,7,132267,99814,4005
2566,pv_30_z_3,pv_30,,,3,ely_y2566_id_63,,63,ely_y2566_id_1666,877,0,8,132267,99814,4005
2566,pv_30_z_3,pv_30,,,3,ely_y2566_id_185,185,185,ely_y2566_id_1664,748,0,9,132267,99814,4005
2566,pv_30_z_3,pv_30,,,3,ely_y2566_id_145,145,145,ely_y2566_id_1667,618,0,10,132267,99814,4005
2566,pv_30_z_3,pv_30,,,3,ely_y2566_id_227,227,227,ely_y2566_id_1668,527,0,11,132267,99814,4005
2566,pv_30_z_3,pv_30,,,3,ely_y2566_id_234,234,234,ely_y2566_id_1674,377,0,12,132267,99814,4005
2566,pv_30_z_3,pv_30,,,3,ely_y2566_id_180,180,180,ely_y2566_id_1669,215,0,13,132267,99814,4005
2566,pv_30_z_3,pv_30,,,3,ely_y2566_id_170,170,170,ely_y2566_id_1673,196,0,14,132267,99814,4005
2566,pv_30_z_3,pv_30,,,3,ely_y2566_id_235,235,235,ely_y2566_id_1676,83,0,15,132267,99814,4005
2566,pv_30_z_4,pv_30,,,4,ely_y2566_id_34,,34,ely_y2566_id_1682,37150,38.0,1,130092,97863,5802
2566,pv_30_z_4,pv_30,,,4,ely_y2566_id_45,,45,ely_y2566_id_1680,31216,32.0,2,130092,97863,5802
2566,pv_30_z_4,pv_30,,,4,ely_y2566_id_164,164,164,ely_y2566_id_1681,19683,20.0,3,130092,97863,5802
2566,pv_30_z_4,pv_30,,,4,ely_y2566_id_63,,63,ely_y2566_id_1678,3707,3.0,4,130092,97863,5802
2566,pv_30_z_4,pv_30,,,4,ely_y2566_id_229,229,229,ely_y2566_id_1679,2416,2.0,5,130092,97863,5802
2566,pv_30_z_4,pv_30,,,4,ely_y2566_id_192,192,192,ely_y2566_id_1685,704,0,6,130092,97863,5802
2566,pv_30_z_4,pv_30,,,4,ely_y2566_id_1,,1,ely_y2566_id_1683,552,0,7,130092,97863,5802
2566,pv_30_z_4,pv_30,,,4,ely_y2566_id_145,145,145,ely_y2566_id_1677,515,0,8,130092,97863,5802
2566,pv_30_z_4,pv_30,,,4,ely_y2566_id_227,227,227,ely_y2566_id_1684,194,0,9,130092,97863,5802
2566,pv_30_z_4,pv_30,,,4,ely_y2566_id_234,234,234,ely_y2566_id_1686,130,0,10,130092,97863,5802
2566,pv_30_z_5,pv_30,,,5,ely_y2566_id_34,,34,ely_y2566_id_1690,46479,48.0,1,132503,96231,4876
2566,pv_30_z_5,pv_30,,,5,ely_y2566_id_192,192,192,ely_y2566_id_1689,29118,30.0,2,132503,96231,4876
2566,pv_30_z_5,pv_30,,,5,ely_y2566_id_164,164,164,ely_y2566_id_1687,15653,16.0,3,132503,96231,4876
2566,pv_30_z_5,pv_30,,,5,ely_y2566_id_63,,63,ely_y2566_id_1691,1611,1.0,4,132503,96231,4876
2566,pv_30_z_5,pv_30,,,5,ely_y2566_id_229,229,229,ely_y2566_id_1692,1573,1.0,5,132503,96231,4876
2566,pv_30_z_5,pv_30,,,5,ely_y2566_id_1,,1,ely_y2566_id_1695,351,0,6,132503,96231,4876
2566,pv_30_z_5,pv_30,,,5,ely_y2566_id_183,183,183,ely_y2566_id_1693,310,0,7,132503,96231,4876
2566,pv_30_z_5,pv_30,,,5,ely_y2566_id_205,205,205,ely_y2566_id_1697,159,0,8,132503,96231,4876
2566,pv_30_z_5,pv_30,,,5,ely_y2566_id_2,,2,ely_y2566_id_1698,158,0,9,132503,96231,4876
2566,pv_30_z_5,pv_30,,,5,ely_y2566_id_45,,45,ely_y2566_id_1694,156,0,10,132503,96231,4876
2566,pv_30_z_5,pv_30,,,5,ely_y2566_id_234,234,234,ely_y2566_id_1696,94,0,11,132503,96231,4876
2566,pv_30_z_5,pv_30,,,5,ely_y2566_id_145,145,145,ely_y2566_id_1688,0,0,12,132503,96231,4876
2566,pv_30_z_6,pv_30,,,6,ely_y2566_id_34,,34,ely_y2566_id_1704,32136,37.0,1,133571,87129,4234
2566,pv_30_z_6,pv_30,,,6,ely_y2566_id_192,192,192,ely_y2566_id_1705,19172,22.0,2,133571,87129,4234
2566,pv_30_z_6,pv_30,,,6,ely_y2566_id_164,164,164,ely_y2566_id_1699,16857,19.0,3,133571,87129,4234
2566,pv_30_z_6,pv_30,,,6,ely_y2566_id_63,,63,ely_y2566_id_1700,13126,15.0,4,133571,87129,4234
2566,pv_30_z_6,pv_30,,,6,ely_y2566_id_229,229,229,ely_y2566_id_1703,3287,3.0,5,133571,87129,4234
2566,pv_30_z_6,pv_30,,,6,ely_y2566_id_45,,45,ely_y2566_id_1707,605,0,6,133571,87129,4234
2566,pv_30_z_6,pv_30,,,6,ely_y2566_id_227,227,227,ely_y2566_id_1701,483,0,7,133571,87129,4234
2566,pv_30_z_6,pv_30,,,6,ely_y2566_id_145,145,145,ely_y2566_id_1702,298,0,8,133571,87129,4234
2566,pv_30_z_6,pv_30,,,6,ely_y2566_id_1,,1,ely_y2566_id_1706,277,0,9,133571,87129,4234
2566,pv_30_z_6,pv_30,,,6,ely_y2566_id_234,234,234,ely_y2566_id_1710,256,0,10,133571,87129,4234
2566,pv_30_z_6,pv_30,,,6,ely_y2566_id_189,189,189,ely_y2566_id_1709,193,0,11,133571,87129,4234
2566,pv_30_z_6,pv_30,,,6,ely_y2566_id_235,235,235,ely_y2566_id_1711,140,0,12,133571,87129,4234
2566,pv_30_z_7,pv_30,,,7,ely_y2566_id_34,,34,ely_y2566_id_1712,51348,59.0,1,131476,87029,4085
2566,pv_30_z_7,pv_30,,,7,ely_y2566_id_192,192,192,ely_y2566_id_1714,22130,25.0,2,131476,87029,4085
2566,pv_30_z_7,pv_30,,,7,ely_y2566_id_164,164,164,ely_y2566_id_1717,10291,11.0,3,131476,87029,4085
2566,pv_30_z_7,pv_30,,,7,ely_y2566_id_229,229,229,ely_y2566_id_1715,1012,1.0,4,131476,87029,4085
2566,pv_30_z_7,pv_30,,,7,ely_y2566_id_63,,63,ely_y2566_id_1720,495,0,5,131476,87029,4085
2566,pv_30_z_7,pv_30,,,7,ely_y2566_id_189,189,189,ely_y2566_id_1722,495,0,6,131476,87029,4085
2566,pv_30_z_7,pv_30,,,7,ely_y2566_id_1,,1,ely_y2566_id_1718,454,0,7,131476,87029,4085
2566,pv_30_z_7,pv_30,,,7,ely_y2566_id_45,,45,ely_y2566_id_1713,344,0,8,131476,87029,4085
2566,pv_30_z_7,pv_30,,,7,ely_y2566_id_145,145,145,ely_y2566_id_1716,327,0,9,131476,87029,4085
2566,pv_30_z_7,pv_30,,,7,ely_y2566_id_234,234,234,ely_y2566_id_1721,79,0,10,131476,87029,4085
2566,pv_30_z_7,pv_30,,,7,ely_y2566_id_178,178,178,ely_y2566_id_1719,54,0,11,131476,87029,4085
2566,pv_30_z_8,pv_30,,,8,ely_y2566_id_34,,34,ely_y2566_id_1728,51320,55.0,1,132802,93095,4300
2566,pv_30_z_8,pv_30,,,8,ely_y2566_id_192,192,192,ely_y2566_id_1727,23578,25.0,2,132802,93095,4300
2566,pv_30_z_8,pv_30,,,8,ely_y2566_id_164,164,164,ely_y2566_id_1726,11795,12.0,3,132802,93095,4300
2566,pv_30_z_8,pv_30,,,8,ely_y2566_id_1,,1,ely_y2566_id_1730,2112,2.0,4,132802,93095,4300
2566,pv_30_z_8,pv_30,,,8,ely_y2566_id_229,229,229,ely_y2566_id_1729,2004,2.0,5,132802,93095,4300
2566,pv_30_z_8,pv_30,,,8,ely_y2566_id_45,,45,ely_y2566_id_1723,648,0,6,132802,93095,4300
2566,pv_30_z_8,pv_30,,,8,ely_y2566_id_185,185,185,ely_y2566_id_1731,302,0,7,132802,93095,4300
2566,pv_30_z_8,pv_30,,,8,ely_y2566_id_145,145,145,ely_y2566_id_1725,218,0,8,132802,93095,4300
2566,pv_30_z_8,pv_30,,,8,ely_y2566_id_63,,63,ely_y2566_id_1724,211,0,9,132802,93095,4300
2566,pv_30_z_8,pv_30,,,8,ely_y2566_id_235,235,235,ely_y2566_id_1734,125,0,10,132802,93095,4300
2566,pv_30_z_8,pv_30,,,8,ely_y2566_id_234,234,234,ely_y2566_id_1732,78,0,11,132802,93095,4300
2566,pv_30_z_8,pv_30,,,8,ely_y2566_id_189,189,189,ely_y2566_id_1733,0,0,12,132802,93095,4300
2566,pv_30_z_9,pv_30,,,9,ely_y2566_id_63,,63,ely_y2566_id_1735,38241,40.0,1,134590,94994,4758
2566,pv_30_z_9,pv_30,,,9,ely_y2566_id_192,192,192,ely_y2566_id_1737,18070,19.0,3,134590,94994,4758
2566,pv_30_z_9,pv_30,,,9,ely_y2566_id_164,164,164,ely_y2566_id_1739,11666,12.0,4,134590,94994,4758
2566,pv_30_z_9,pv_30,,,9,ely_y2566_id_229,229,229,ely_y2566_id_1738,1486,1.0,5,134590,94994,4758
2566,pv_30_z_9,pv_30,,,9,ely_y2566_id_45,,45,ely_y2566_id_1736,328,0,6,134590,94994,4758
2566,pv_30_z_9,pv_30,,,9,ely_y2566_id_234,234,234,ely_y2566_id_1743,289,0,7,134590,94994,4758
2566,pv_30_z_9,pv_30,,,9,ely_y2566_id_1,,1,ely_y2566_id_1740,258,0,8,134590,94994,4758
2566,pv_30_z_9,pv_30,,,9,ely_y2566_id_145,145,145,ely_y2566_id_1742,129,0,9,134590,94994,4758
2566,pv_30_z_10,pv_30,,,10,ely_y2566_id_34,,34,ely_y2566_id_1744,51206,47.0,1,136035,108903,5717
2566,pv_30_z_10,pv_30,,,10,ely_y2566_id_164,164,164,ely_y2566_id_1746,15170,13.0,3,136035,108903,5717
2566,pv_30_z_10,pv_30,,,10,ely_y2566_id_229,229,229,ely_y2566_id_1748,3233,2.0,4,136035,108903,5717
2566,pv_30_z_10,pv_30,,,10,ely_y2566_id_145,145,145,ely_y2566_id_1750,564,0,5,136035,108903,5717
2566,pv_30_z_10,pv_30,,,10,ely_y2566_id_189,189,189,ely_y2566_id_1754,426,0,6,136035,108903,5717
2566,pv_30_z_10,pv_30,,,10,ely_y2566_id_45,,45,ely_y2566_id_1747,243,0,7,136035,108903,5717
2566,pv_30_z_10,pv_30,,,10,ely_y2566_id_192,192,192,ely_y2566_id_1751,182,0,8,136035,108903,5717
2566,pv_30_z_10,pv_30,,,10,ely_y2566_id_1,,1,ely_y2566_id_1749,165,0,9,136035,108903,5717
2566,pv_30_z_10,pv_30,,,10,ely_y2566_id_234,234,234,ely_y2566_id_1752,152,0,10,136035,108903,5717
2566,pv_30_z_10,pv_30,,,10,ely_y2566_id_235,235,235,ely_y2566_id_1753,96,0,11,136035,108903,5717
2566,pv_30_z_11,pv_30,,,11,ely_y2566_id_34,,34,ely_y2566_id_1758,60326,62.0,1,130497,97289,4637
2566,pv_30_z_11,pv_30,,,11,ely_y2566_id_63,,63,ely_y2566_id_1761,20982,21.0,2,130497,97289,4637
2566,pv_30_z_11,pv_30,,,11,ely_y2566_id_164,164,164,ely_y2566_id_1756,12754,13.0,3,130497,97289,4637
2566,pv_30_z_11,pv_30,,,11,ely_y2566_id_229,229,229,ely_y2566_id_1760,1151,1.0,4,130497,97289,4637
2566,pv_30_z_11,pv_30,,,11,ely_y2566_id_145,145,145,ely_y2566_id_1757,453,0,5,130497,97289,4637
2566,pv_30_z_11,pv_30,,,11,ely_y2566_id_1,,1,ely_y2566_id_1755,358,0,6,130497,97289,4637
2566,pv_30_z_11,pv_30,,,11,ely_y2566_id_192,192,192,ely_y2566_id_1759,345,0,7,130497,97289,4637
2566,pv_30_z_11,pv_30,,,11,ely_y2566_id_45,,45,ely_y2566_id_1762,194,0,8,130497,97289,4637
2566,pv_30_z_11,pv_30,,,11,ely_y2566_id_234,234,234,ely_y2566_id_1763,174,0,9,130497,97289,4637
2566,pv_30_z_11,pv_30,,,11,ely_y2566_id_235,235,235,ely_y2566_id_1765,169,0,10,130497,97289,4637
2566,pv_30_z_11,pv_30,,,11,ely_y2566_id_189,189,189,ely_y2566_id_1764,105,0,11,130497,97289,4637
2566,pv_30_z_12,pv_30,,,12,ely_y2566_id_34,,34,ely_y2566_id_1768,44072,44.0,1,130718,98989,4844
2566,pv_30_z_12,pv_30,,,12,ely_y2566_id_63,,63,ely_y2566_id_1770,30824,31.0,2,130718,98989,4844
2566,pv_30_z_12,pv_30,,,12,ely_y2566_id_164,164,164,ely_y2566_id_1772,12326,12.0,3,130718,98989,4844
2566,pv_30_z_12,pv_30,,,12,ely_y2566_id_229,229,229,ely_y2566_id_1767,9283,9.0,4,130718,98989,4844
2566,pv_30_z_12,pv_30,,,12,ely_y2566_id_192,192,192,ely_y2566_id_1771,906,0,5,130718,98989,4844
2566,pv_30_z_12,pv_30,,,12,ely_y2566_id_227,227,227,ely_y2566_id_1766,524,0,6,130718,98989,4844
2566,pv_30_z_12,pv_30,,,12,ely_y2566_id_45,,45,ely_y2566_id_1769,306,0,7,130718,98989,4844
2566,pv_30_z_12,pv_30,,,12,ely_y2566_id_145,145,145,ely_y2566_id_1774,232,0,8,130718,98989,4844
2566,pv_30_z_12,pv_30,,,12,ely_y2566_id_189,189,189,ely_y2566_id_1777,224,0,9,130718,98989,4844
2566,pv_30_z_12,pv_30,,,12,ely_y2566_id_235,235,235,ely_y2566_id_1776,117,0,10,130718,98989,4844
2566,pv_30_z_12,pv_30,,,12,ely_y2566_id_234,234,234,ely_y2566_id_1775,71,0,12,130718,98989,4844
2566,pv_30_z_13,pv_30,,,13,ely_y2566_id_34,,34,ely_y2566_id_1785,47000,53.0,1,128122,89051,4686
2566,pv_30_z_13,pv_30,,,13,ely_y2566_id_164,164,164,ely_y2566_id_1783,17398,19.0,2,128122,89051,4686
2566,pv_30_z_13,pv_30,,,13,ely_y2566_id_192,192,192,ely_y2566_id_1784,16110,18.0,3,128122,89051,4686
2566,pv_30_z_13,pv_30,,,13,ely_y2566_id_229,229,229,ely_y2566_id_1779,3693,4.0,4,128122,89051,4686
2566,pv_30_z_13,pv_30,,,13,ely_y2566_id_63,,63,ely_y2566_id_1781,796,0,5,128122,89051,4686
2566,pv_30_z_13,pv_30,,,13,ely_y2566_id_180,180,180,ely_y2566_id_1786,770,0,6,128122,89051,4686
2566,pv_30_z_13,pv_30,,,13,ely_y2566_id_145,145,145,ely_y2566_id_1778,566,0,7,128122,89051,4686
2566,pv_30_z_13,pv_30,,,13,ely_y2566_id_227,227,227,ely_y2566_id_1782,483,0,8,128122,89051,4686
2566,pv_30_z_13,pv_30,,,13,ely_y2566_id_1,,1,ely_y2566_id_1780,389,0,9,128122,89051,4686
2566,pv_30_z_13,pv_30,,,13,ely_y2566_id_45,,45,ely_y2566_id_1787,293,0,10,128122,89051,4686
2566,pv_30_z_13,pv_30,,,13,ely_y2566_id_189,189,189,ely_y2566_id_1789,213,0,11,128122,89051,4686
2566,pv_30_z_13,pv_30,,,13,ely_y2566_id_234,234,234,ely_y2566_id_1788,176,0,12,128122,89051,4686
2566,pv_30_z_14,pv_30,,,14,ely_y2566_id_34,,34,ely_y2566_id_1790,32596,35.0,1,127214,91092,4100
2566,pv_30_z_14,pv_30,,,14,ely_y2566_id_164,164,164,ely_y2566_id_1796,23829,26.0,2,127214,91092,4100
2566,pv_30_z_14,pv_30,,,14,ely_y2566_id_1,,1,ely_y2566_id_1791,15175,16.0,3,127214,91092,4100
2566,pv_30_z_14,pv_30,,,14,ely_y2566_id_192,192,192,ely_y2566_id_1793,11998,13.0,4,127214,91092,4100
2566,pv_30_z_14,pv_30,,,14,ely_y2566_id_229,229,229,ely_y2566_id_1794,4115,4.0,5,127214,91092,4100
2566,pv_30_z_14,pv_30,,,14,ely_y2566_id_63,,63,ely_y2566_id_1792,1643,1.0,6,127214,91092,4100
2566,pv_30_z_14,pv_30,,,14,ely_y2566_id_227,227,227,ely_y2566_id_1795,519,0,7,127214,91092,4100
2566,pv_30_z_14,pv_30,,,14,ely_y2566_id_145,145,145,ely_y2566_id_1798,380,0,8,127214,91092,4100
2566,pv_30_z_14,pv_30,,,14,ely_y2566_id_45,,45,ely_y2566_id_1797,270,0,9,127214,91092,4100
2566,pv_30_z_14,pv_30,,,14,ely_y2566_id_234,234,234,ely_y2566_id_1799,120,0,10,127214,91092,4100
2566,pv_30_z_15,pv_30,,,15,ely_y2566_id_34,,34,ely_y2566_id_1804,44121,43.0,1,136904,101264,4675
2566,pv_30_z_15,pv_30,,,15,ely_y2566_id_63,,63,ely_y2566_id_1801,27915,27.0,2,136904,101264,4675
2566,pv_30_z_15,pv_30,,,15,ely_y2566_id_164,164,164,ely_y2566_id_1808,13329,13.0,3,136904,101264,4675
2566,pv_30_z_15,pv_30,,,15,ely_y2566_id_192,192,192,ely_y2566_id_1805,11382,11.0,4,136904,101264,4675
2566,pv_30_z_15,pv_30,,,15,ely_y2566_id_229,229,229,ely_y2566_id_1802,1991,1.0,5,136904,101264,4675
2566,pv_30_z_15,pv_30,,,15,ely_y2566_id_1,,1,ely_y2566_id_1806,508,0,6,136904,101264,4675
2566,pv_30_z_15,pv_30,,,15,ely_y2566_id_185,185,185,ely_y2566_id_1800,456,0,7,136904,101264,4675
2566,pv_30_z_15,pv_30,,,15,ely_y2566_id_234,234,234,ely_y2566_id_1811,449,0,8,136904,101264,4675
2566,pv_30_z_15,pv_30,,,15,ely_y2566_id_45,,45,ely_y2566_id_1803,342,0,9,136904,101264,4675
2566,pv_30_z_15,pv_30,,,15,ely_y2566_id_180,180,180,ely_y2566_id_1807,255,0,10,136904,101264,4675
2566,pv_30_z_15,pv_30,,,15,ely_y2566_id_145,145,145,ely_y2566_id_1810,239,0,11,136904,101264,4675
2566,pv_30_z_15,pv_30,,,15,ely_y2566_id_189,189,189,ely_y2566_id_1812,145,0,12,136904,101264,4675
2566,pv_30_z_15,pv_30,,,15,ely_y2566_id_249,249,249,ely_y2566_id_1809,68,0,13,136904,101264,4675
2566,pv_30_z_16,pv_30,,,16,ely_y2566_id_34,,34,ely_y2566_id_1814,37412,40.0,1,135617,93136,4723
2566,pv_30_z_16,pv_30,,,16,ely_y2566_id_192,192,192,ely_y2566_id_1816,24895,26.0,2,135617,93136,4723
2566,pv_30_z_16,pv_30,,,16,ely_y2566_id_164,164,164,ely_y2566_id_1815,14581,15.0,3,135617,93136,4723
2566,pv_30_z_16,pv_30,,,16,ely_y2566_id_63,,63,ely_y2566_id_1819,12784,13.0,4,135617,93136,4723
2566,pv_30_z_16,pv_30,,,16,ely_y2566_id_229,229,229,ely_y2566_id_1820,1175,1.0,5,135617,93136,4723
2566,pv_30_z_16,pv_30,,,16,ely_y2566_id_1,,1,ely_y2566_id_1823,1061,1.0,6,135617,93136,4723
2566,pv_30_z_16,pv_30,,,16,ely_y2566_id_234,234,234,ely_y2566_id_1824,437,0,7,135617,93136,4723
2566,pv_30_z_16,pv_30,,,16,ely_y2566_id_145,145,145,ely_y2566_id_1818,245,0,8,135617,93136,4723
2566,pv_30_z_16,pv_30,,,16,ely_y2566_id_45,,45,ely_y2566_id_1822,173,0,9,135617,93136,4723
2566,pv_30_z_16,pv_30,,,16,ely_y2566_id_227,227,227,ely_y2566_id_1817,168,0,10,135617,93136,4723
2566,pv_30_z_16,pv_30,,,16,ely_y2566_id_189,189,189,ely_y2566_id_1825,144,0,11,135617,93136,4723
2566,pv_30_z_16,pv_30,,,16,ely_y2566_id_178,178,178,ely_y2566_id_1821,61,0,12,135617,93136,4723
2566,pv_10_z_1,pv_10,,,1,ely_y2566_id_164,164,164,ely_y2566_id_33,37438,41.0,1,137554,91090,1444
2566,pv_10_z_1,pv_10,,,1,ely_y2566_id_229,229,229,ely_y2566_id_29,18261,20.0,2,137554,91090,1444
2566,pv_10_z_1,pv_10,,,1,ely_y2566_id_34,,34,ely_y2566_id_36,15289,16.0,3,137554,91090,1444
2566,pv_10_z_1,pv_10,,,1,ely_y2566_id_1,,1,ely_y2566_id_38,11544,12.0,4,137554,91090,1444
2566,pv_10_z_1,pv_10,,,1,ely_y2566_id_227,227,227,ely_y2566_id_35,2368,2.0,5,137554,91090,1444
2566,pv_10_z_1,pv_10,,,1,ely_y2566_id_192,192,192,ely_y2566_id_39,1495,1.0,6,137554,91090,1444
2566,pv_10_z_1,pv_10,,,1,ely_y2566_id_45,,45,ely_y2566_id_37,1247,1.0,7,137554,91090,1444
2566,pv_10_z_1,pv_10,,,1,ely_y2566_id_63,,63,ely_y2566_id_34,656,0,8,137554,91090,1444
2566,pv_10_z_1,pv_10,,,1,ely_y2566_id_145,145,145,ely_y2566_id_41,625,0,9,137554,91090,1444
2566,pv_10_z_1,pv_10,,,1,ely_y2566_id_234,234,234,ely_y2566_id_30,431,0,10,137554,91090,1444
2566,pv_10_z_1,pv_10,,,1,ely_y2566_id_173,173,173,ely_y2566_id_32,264,0,11,137554,91090,1444
2566,pv_10_z_1,pv_10,,,1,ely_y2566_id_170,170,170,ely_y2566_id_42,140,0,12,137554,91090,1444
2566,pv_10_z_1,pv_10,,,1,ely_y2566_id_149,149,149,ely_y2566_id_31,133,0,13,137554,91090,1444
2566,pv_10_z_1,pv_10,,,1,ely_y2566_id_180,180,180,ely_y2566_id_40,130,0,14,137554,91090,1444
2566,pv_10_z_1,pv_10,,,1,ely_y2566_id_189,189,189,ely_y2566_id_43,71,0,15,137554,91090,1444
2566,pv_10_z_2,pv_10,,,2,ely_y2566_id_164,164,164,ely_y2566_id_56,41148,44.0,1,140733,93546,1564
2566,pv_10_z_2,pv_10,,,2,ely_y2566_id_229,229,229,ely_y2566_id_53,17908,19.0,2,140733,93546,1564
2566,pv_10_z_2,pv_10,,,2,ely_y2566_id_34,,34,ely_y2566_id_48,12235,13.0,3,140733,93546,1564
2566,pv_10_z_2,pv_10,,,2,ely_y2566_id_1,,1,ely_y2566_id_44,7392,8.0,4,140733,93546,1564
2566,pv_10_z_2,pv_10,,,2,ely_y2566_id_63,,63,ely_y2566_id_55,5237,5.0,5,140733,93546,1564
2566,pv_10_z_2,pv_10,,,2,ely_y2566_id_192,192,192,ely_y2566_id_54,2631,2.0,6,140733,93546,1564
2566,pv_10_z_2,pv_10,,,2,ely_y2566_id_45,,45,ely_y2566_id_46,1567,1.0,7,140733,93546,1564
2566,pv_10_z_2,pv_10,,,2,ely_y2566_id_227,227,227,ely_y2566_id_51,1400,1.0,8,140733,93546,1564
2566,pv_10_z_2,pv_10,,,2,ely_y2566_id_173,173,173,ely_y2566_id_50,665,0,9,140733,93546,1564
2566,pv_10_z_2,pv_10,,,2,ely_y2566_id_145,145,145,ely_y2566_id_47,572,0,10,140733,93546,1564
2566,pv_10_z_2,pv_10,,,2,ely_y2566_id_55,,55,ely_y2566_id_45,486,0,11,140733,93546,1564
2566,pv_10_z_2,pv_10,,,2,ely_y2566_id_234,234,234,ely_y2566_id_49,338,0,12,140733,93546,1564
2566,pv_10_z_2,pv_10,,,2,ely_y2566_id_149,149,149,ely_y2566_id_52,270,0,13,140733,93546,1564
2566,pv_10_z_2,pv_10,,,2,ely_y2566_id_185,185,185,ely_y2566_id_57,224,0,14,140733,93546,1564
2566,pv_10_z_2,pv_10,,,2,ely_y2566_id_189,189,189,ely_y2566_id_58,125,0,15,140733,93546,1564
2566,pv_10_z_3,pv_10,,,3,ely_y2566_id_164,164,164,ely_y2566_id_62,35189,41.0,1,125476,85081,1424
2566,pv_10_z_3,pv_10,,,3,ely_y2566_id_229,229,229,ely_y2566_id_66,16233,19.0,2,125476,85081,1424
2566,pv_10_z_3,pv_10,,,3,ely_y2566_id_34,,34,ely_y2566_id_63,14833,17.0,3,125476,85081,1424
2566,pv_10_z_3,pv_10,,,3,ely_y2566_id_1,,1,ely_y2566_id_65,10515,12.0,4,125476,85081,1424
2566,pv_10_z_3,pv_10,,,3,ely_y2566_id_45,,45,ely_y2566_id_72,2333,2.0,5,125476,85081,1424
2566,pv_10_z_3,pv_10,,,3,ely_y2566_id_227,227,227,ely_y2566_id_69,1099,1.0,6,125476,85081,1424
2566,pv_10_z_3,pv_10,,,3,ely_y2566_id_55,,55,ely_y2566_id_64,735,0,7,125476,85081,1424
2566,pv_10_z_3,pv_10,,,3,ely_y2566_id_145,145,145,ely_y2566_id_67,702,0,8,125476,85081,1424
2566,pv_10_z_3,pv_10,,,3,ely_y2566_id_63,,63,ely_y2566_id_68,668,0,9,125476,85081,1424
2566,pv_10_z_3,pv_10,,,3,ely_y2566_id_192,192,192,ely_y2566_id_73,546,0,10,125476,85081,1424
2566,pv_10_z_3,pv_10,,,3,ely_y2566_id_234,234,234,ely_y2566_id_60,494,0,11,125476,85081,1424
2566,pv_10_z_3,pv_10,,,3,ely_y2566_id_186,186,186,ely_y2566_id_61,304,0,12,125476,85081,1424
2566,pv_10_z_3,pv_10,,,3,ely_y2566_id_173,173,173,ely_y2566_id_59,244,0,13,125476,85081,1424
2566,pv_10_z_3,pv_10,,,3,ely_y2566_id_237,237,237,ely_y2566_id_71,158,0,14,125476,85081,1424
2566,pv_10_z_3,pv_10,,,3,ely_y2566_id_149,149,149,ely_y2566_id_70,105,0,15,125476,85081,1424
2566,pv_10_z_3,pv_10,,,3,ely_y2566_id_205,205,205,ely_y2566_id_75,78,0,16,125476,85081,1424
2566,pv_10_z_3,pv_10,,,3,ely_y2566_id_189,189,189,ely_y2566_id_74,47,0,17,125476,85081,1424
2566,pv_10_z_4,pv_10,,,4,ely_y2566_id_164,164,164,ely_y2566_id_77,33381,39.0,1,130260,86062,1576
2566,pv_10_z_4,pv_10,,,4,ely_y2566_id_1,,1,ely_y2566_id_80,14908,17.0,2,130260,86062,1576
2566,pv_10_z_4,pv_10,,,4,ely_y2566_id_229,229,229,ely_y2566_id_85,12992,15.0,3,130260,86062,1576
2566,pv_10_z_4,pv_10,,,4,ely_y2566_id_34,,34,ely_y2566_id_86,10901,12.0,4,130260,86062,1576
2566,pv_10_z_4,pv_10,,,4,ely_y2566_id_63,,63,ely_y2566_id_76,9643,11.0,5,130260,86062,1576
2566,pv_10_z_4,pv_10,,,4,ely_y2566_id_45,,45,ely_y2566_id_87,983,1.0,6,130260,86062,1576
2566,pv_10_z_4,pv_10,,,4,ely_y2566_id_227,227,227,ely_y2566_id_79,589,0,7,130260,86062,1576
2566,pv_10_z_4,pv_10,,,4,ely_y2566_id_145,145,145,ely_y2566_id_82,541,0,8,130260,86062,1576
2566,pv_10_z_4,pv_10,,,4,ely_y2566_id_192,192,192,ely_y2566_id_83,506,0,9,130260,86062,1576
2566,pv_10_z_4,pv_10,,,4,ely_y2566_id_149,149,149,ely_y2566_id_84,275,0,10,130260,86062,1576
2566,pv_10_z_4,pv_10,,,4,ely_y2566_id_234,234,234,ely_y2566_id_78,273,0,11,130260,86062,1576
2566,pv_10_z_4,pv_10,,,4,ely_y2566_id_185,185,185,ely_y2566_id_81,127,0,12,130260,86062,1576
2566,pv_10_z_4,pv_10,,,4,ely_y2566_id_205,205,205,ely_y2566_id_89,101,0,13,130260,86062,1576
2566,pv_10_z_4,pv_10,,,4,ely_y2566_id_189,189,189,ely_y2566_id_90,67,0,15,130260,86062,1576
2566,pv_10_z_5,pv_10,,,5,ely_y2566_id_164,164,164,ely_y2566_id_102,47147,49.0,1,132454,96436,1218
2566,pv_10_z_5,pv_10,,,5,ely_y2566_id_229,229,229,ely_y2566_id_101,15886,16.0,2,132454,96436,1218
2566,pv_10_z_5,pv_10,,,5,ely_y2566_id_34,,34,ely_y2566_id_95,15443,16.0,3,132454,96436,1218
2566,pv_10_z_5,pv_10,,,5,ely_y2566_id_63,,63,ely_y2566_id_98,9693,10.0,4,132454,96436,1218
2566,pv_10_z_5,pv_10,,,5,ely_y2566_id_1,,1,ely_y2566_id_91,1835,1.0,5,132454,96436,1218
2566,pv_10_z_5,pv_10,,,5,ely_y2566_id_45,,45,ely_y2566_id_103,1627,1.0,6,132454,96436,1218
2566,pv_10_z_5,pv_10,,,5,ely_y2566_id_145,145,145,ely_y2566_id_99,816,0,7,132454,96436,1218
2566,pv_10_z_5,pv_10,,,5,ely_y2566_id_227,227,227,ely_y2566_id_97,783,0,8,132454,96436,1218
2566,pv_10_z_5,pv_10,,,5,ely_y2566_id_192,192,192,ely_y2566_id_94,763,0,9,132454,96436,1218
2566,pv_10_z_5,pv_10,,,5,ely_y2566_id_173,173,173,ely_y2566_id_92,305,0,10,132454,96436,1218
2566,pv_10_z_5,pv_10,,,5,ely_y2566_id_234,234,234,ely_y2566_id_93,289,0,11,132454,96436,1218
2566,pv_10_z_5,pv_10,,,5,ely_y2566_id_170,170,170,ely_y2566_id_104,190,0,12,132454,96436,1218
2566,pv_10_z_5,pv_10,,,5,ely_y2566_id_149,149,149,ely_y2566_id_96,177,0,13,132454,96436,1218
2566,pv_10_z_5,pv_10,,,5,ely_y2566_id_189,189,189,ely_y2566_id_100,124,0,14,132454,96436,1218
2566,pv_10_z_6,pv_10,,,6,ely_y2566_id_164,164,164,ely_y2566_id_107,46082,44.0,1,145675,104815,1491
2566,pv_10_z_6,pv_10,,,6,ely_y2566_id_229,229,229,ely_y2566_id_108,24040,23.0,2,145675,104815,1491
2566,pv_10_z_6,pv_10,,,6,ely_y2566_id_1,,1,ely_y2566_id_113,3966,3.0,4,145675,104815,1491
2566,pv_10_z_6,pv_10,,,6,ely_y2566_id_63,,63,ely_y2566_id_110,3361,3.0,5,145675,104815,1491
2566,pv_10_z_6,pv_10,,,6,ely_y2566_id_173,173,173,ely_y2566_id_116,2574,2.0,6,145675,104815,1491
2566,pv_10_z_6,pv_10,,,6,ely_y2566_id_192,192,192,ely_y2566_id_114,1939,1.0,7,145675,104815,1491
2566,pv_10_z_6,pv_10,,,6,ely_y2566_id_45,,45,ely_y2566_id_115,1460,1.0,8,145675,104815,1491
2566,pv_10_z_6,pv_10,,,6,ely_y2566_id_227,227,227,ely_y2566_id_112,921,0,9,145675,104815,1491
2566,pv_10_z_6,pv_10,,,6,ely_y2566_id_55,,55,ely_y2566_id_118,646,0,10,145675,104815,1491
2566,pv_10_z_6,pv_10,,,6,ely_y2566_id_145,145,145,ely_y2566_id_109,625,0,11,145675,104815,1491
2566,pv_10_z_6,pv_10,,,6,ely_y2566_id_234,234,234,ely_y2566_id_117,368,0,12,145675,104815,1491
2566,pv_10_z_6,pv_10,,,6,ely_y2566_id_235,235,235,ely_y2566_id_111,321,0,13,145675,104815,1491
2566,pv_10_z_6,pv_10,,,6,ely_y2566_id_149,149,149,ely_y2566_id_106,225,0,14,145675,104815,1491
2566,pv_10_z_6,pv_10,,,6,ely_y2566_id_170,170,170,ely_y2566_id_119,68,0,15,145675,104815,1491
2566,pv_10_z_6,pv_10,,,6,ely_y2566_id_230,230,230,ely_y2566_id_120,0,0,16,145675,104815,1491
2566,pv_10_z_7,pv_10,,,7,ely_y2566_id_164,164,164,ely_y2566_id_127,45050,47.0,1,142086,96465,1331
2566,pv_10_z_7,pv_10,,,7,ely_y2566_id_229,229,229,ely_y2566_id_121,24882,26.0,2,142086,96465,1331
2566,pv_10_z_7,pv_10,,,7,ely_y2566_id_34,,34,ely_y2566_id_128,17266,18.0,3,142086,96465,1331
2566,pv_10_z_7,pv_10,,,7,ely_y2566_id_1,,1,ely_y2566_id_123,2283,2.0,4,142086,96465,1331
2566,pv_10_z_7,pv_10,,,7,ely_y2566_id_192,192,192,ely_y2566_id_132,1296,1.0,5,142086,96465,1331
2566,pv_10_z_7,pv_10,,,7,ely_y2566_id_45,,45,ely_y2566_id_129,1287,1.0,6,142086,96465,1331
2566,pv_10_z_7,pv_10,,,7,ely_y2566_id_145,145,145,ely_y2566_id_126,701,0,7,142086,96465,1331
2566,pv_10_z_7,pv_10,,,7,ely_y2566_id_227,227,227,ely_y2566_id_122,618,0,8,142086,96465,1331
2566,pv_10_z_7,pv_10,,,7,ely_y2566_id_63,,63,ely_y2566_id_130,391,0,9,142086,96465,1331
2566,pv_10_z_7,pv_10,,,7,ely_y2566_id_170,170,170,ely_y2566_id_125,288,0,10,142086,96465,1331
2566,pv_10_z_7,pv_10,,,7,ely_y2566_id_234,234,234,ely_y2566_id_134,264,0,11,142086,96465,1331
2566,pv_10_z_7,pv_10,,,7,ely_y2566_id_173,173,173,ely_y2566_id_124,252,0,12,142086,96465,1331
2566,pv_10_z_7,pv_10,,,7,ely_y2566_id_180,180,180,ely_y2566_id_131,185,0,13,142086,96465,1331
2566,pv_10_z_7,pv_10,,,7,ely_y2566_id_243,243,243,ely_y2566_id_133,106,0,14,142086,96465,1331
2566,pv_10_z_7,pv_10,,,7,ely_y2566_id_149,149,149,ely_y2566_id_135,106,0,15,142086,96465,1331
2566,pv_10_z_8,pv_10,,,8,ely_y2566_id_164,164,164,ely_y2566_id_140,40011,38.0,1,142174,104916,1452
2566,pv_10_z_8,pv_10,,,8,ely_y2566_id_34,,34,ely_y2566_id_137,25174,24.0,2,142174,104916,1452
2566,pv_10_z_8,pv_10,,,8,ely_y2566_id_229,229,229,ely_y2566_id_147,18207,17.0,3,142174,104916,1452
2566,pv_10_z_8,pv_10,,,8,ely_y2566_id_1,,1,ely_y2566_id_149,8261,7.0,4,142174,104916,1452
2566,pv_10_z_8,pv_10,,,8,ely_y2566_id_192,192,192,ely_y2566_id_142,5431,5.0,5,142174,104916,1452
2566,pv_10_z_8,pv_10,,,8,ely_y2566_id_45,,45,ely_y2566_id_145,2259,2.0,6,142174,104916,1452
2566,pv_10_z_8,pv_10,,,8,ely_y2566_id_227,227,227,ely_y2566_id_138,896,0,7,142174,104916,1452
2566,pv_10_z_8,pv_10,,,8,ely_y2566_id_63,,63,ely_y2566_id_146,811,0,8,142174,104916,1452
2566,pv_10_z_8,pv_10,,,8,ely_y2566_id_145,145,145,ely_y2566_id_139,580,0,9,142174,104916,1452
2566,pv_10_z_8,pv_10,,,8,ely_y2566_id_173,173,173,ely_y2566_id_136,516,0,10,142174,104916,1452
2566,pv_10_z_8,pv_10,,,8,ely_y2566_id_234,234,234,ely_y2566_id_143,414,0,11,142174,104916,1452
2566,pv_10_z_8,pv_10,,,8,ely_y2566_id_170,170,170,ely_y2566_id_141,223,0,12,142174,104916,1452
2566,pv_10_z_8,pv_10,,,8,ely_y2566_id_185,185,185,ely_y2566_id_144,208,0,13,142174,104916,1452
2566,pv_10_z_8,pv_10,,,8,ely_y2566_id_149,149,149,ely_y2566_id_148,202,0,14,142174,104916,1452
2566,pv_10_z_8,pv_10,,,8,ely_y2566_id_226,226,226,ely_y2566_id_150,108,0,15,142174,104916,1452
2566,pv_10_z_8,pv_10,,,8,ely_y2566_id_205,205,205,ely_y2566_id_154,87,0,17,142174,104916,1452
2566,pv_10_z_8,pv_10,,,8,ely_y2566_id_230,230,230,ely_y2566_id_153,70,0,18,142174,104916,1452
2566,pv_10_z_8,pv_10,,,8,ely_y2566_id_189,189,189,ely_y2566_id_152,0,0,19,142174,104916,1452
2566,pv_10_z_9,pv_10,,,9,ely_y2566_id_164,164,164,ely_y2566_id_164,50132,49.0,1,146096,104648,1925
2566,pv_10_z_9,pv_10,,,9,ely_y2566_id_229,229,229,ely_y2566_id_161,18866,18.0,3,146096,104648,1925
2566,pv_10_z_9,pv_10,,,9,ely_y2566_id_192,192,192,ely_y2566_id_162,2475,2.0,4,146096,104648,1925
2566,pv_10_z_9,pv_10,,,9,ely_y2566_id_45,,45,ely_y2566_id_157,2415,2.0,5,146096,104648,1925
2566,pv_10_z_9,pv_10,,,9,ely_y2566_id_1,,1,ely_y2566_id_159,2372,2.0,6,146096,104648,1925
2566,pv_10_z_9,pv_10,,,9,ely_y2566_id_227,227,227,ely_y2566_id_158,2026,1.0,7,146096,104648,1925
2566,pv_10_z_9,pv_10,,,9,ely_y2566_id_63,,63,ely_y2566_id_155,1006,0,8,146096,104648,1925
2566,pv_10_z_9,pv_10,,,9,ely_y2566_id_145,145,145,ely_y2566_id_163,996,0,9,146096,104648,1925
2566,pv_10_z_9,pv_10,,,9,ely_y2566_id_173,173,173,ely_y2566_id_165,594,0,10,146096,104648,1925
2566,pv_10_z_9,pv_10,,,9,ely_y2566_id_234,234,234,ely_y2566_id_160,466,0,11,146096,104648,1925
2566,pv_10_z_10,pv_10,,,10,ely_y2566_id_164,164,164,ely_y2566_id_171,38313,38.0,1,137039,101089,1508
2566,pv_10_z_10,pv_10,,,10,ely_y2566_id_227,227,227,ely_y2566_id_167,22492,22.0,2,137039,101089,1508
2566,pv_10_z_10,pv_10,,,10,ely_y2566_id_34,,34,ely_y2566_id_175,14745,14.0,3,137039,101089,1508
2566,pv_10_z_10,pv_10,,,10,ely_y2566_id_229,229,229,ely_y2566_id_173,11065,11.0,4,137039,101089,1508
2566,pv_10_z_10,pv_10,,,10,ely_y2566_id_1,,1,ely_y2566_id_172,9545,9.0,5,137039,101089,1508
2566,pv_10_z_10,pv_10,,,10,ely_y2566_id_192,192,192,ely_y2566_id_168,895,0,6,137039,101089,1508
2566,pv_10_z_10,pv_10,,,10,ely_y2566_id_45,,45,ely_y2566_id_166,751,0,7,137039,101089,1508
2566,pv_10_z_10,pv_10,,,10,ely_y2566_id_145,145,145,ely_y2566_id_169,516,0,8,137039,101089,1508
2566,pv_10_z_10,pv_10,,,10,ely_y2566_id_55,,55,ely_y2566_id_170,385,0,9,137039,101089,1508
2566,pv_10_z_10,pv_10,,,10,ely_y2566_id_149,149,149,ely_y2566_id_174,329,0,10,137039,101089,1508
2566,pv_10_z_10,pv_10,,,10,ely_y2566_id_63,,63,ely_y2566_id_176,316,0,11,137039,101089,1508
2566,pv_10_z_10,pv_10,,,10,ely_y2566_id_185,185,185,ely_y2566_id_177,111,0,12,137039,101089,1508
2566,pv_10_z_10,pv_10,,,10,ely_y2566_id_234,234,234,ely_y2566_id_180,109,0,13,137039,101089,1508
2566,pv_10_z_10,pv_10,,,10,ely_y2566_id_170,170,170,ely_y2566_id_178,85,0,14,137039,101089,1508
2566,pv_10_z_10,pv_10,,,10,ely_y2566_id_189,189,189,ely_y2566_id_181,0,0,16,137039,101089,1508
2566,pv_10_z_11,pv_10,,,11,ely_y2566_id_164,164,164,ely_y2566_id_184,36985,37.0,1,134134,99961,1311
2566,pv_10_z_11,pv_10,,,11,ely_y2566_id_227,227,227,ely_y2566_id_190,22242,22.0,2,134134,99961,1311
2566,pv_10_z_11,pv_10,,,11,ely_y2566_id_63,,63,ely_y2566_id_187,14645,14.0,3,134134,99961,1311
2566,pv_10_z_11,pv_10,,,11,ely_y2566_id_34,,34,ely_y2566_id_182,14325,14.0,4,134134,99961,1311
2566,pv_10_z_11,pv_10,,,11,ely_y2566_id_229,229,229,ely_y2566_id_186,7658,7.0,5,134134,99961,1311
2566,pv_10_z_11,pv_10,,,11,ely_y2566_id_1,,1,ely_y2566_id_185,879,0,6,134134,99961,1311
2566,pv_10_z_11,pv_10,,,11,ely_y2566_id_192,192,192,ely_y2566_id_188,827,0,7,134134,99961,1311
2566,pv_10_z_11,pv_10,,,11,ely_y2566_id_145,145,145,ely_y2566_id_189,436,0,8,134134,99961,1311
2566,pv_10_z_11,pv_10,,,11,ely_y2566_id_45,,45,ely_y2566_id_191,402,0,9,134134,99961,1311
2566,pv_10_z_11,pv_10,,,11,ely_y2566_id_173,173,173,ely_y2566_id_192,263,0,10,134134,99961,1311
2566,pv_10_z_11,pv_10,,,11,ely_y2566_id_234,234,234,ely_y2566_id_194,194,0,11,134134,99961,1311
2566,pv_10_z_11,pv_10,,,11,ely_y2566_id_56,,56,ely_y2566_id_183,181,0,12,134134,99961,1311
2566,pv_10_z_11,pv_10,,,11,ely_y2566_id_170,170,170,ely_y2566_id_193,79,0,13,134134,99961,1311
2566,pv_10_z_12,pv_10,,,12,ely_y2566_id_164,164,164,ely_y2566_id_199,45797,44.0,1,138408,103557,1281
2566,pv_10_z_12,pv_10,,,12,ely_y2566_id_229,229,229,ely_y2566_id_205,13608,13.0,3,138408,103557,1281
2566,pv_10_z_12,pv_10,,,12,ely_y2566_id_1,,1,ely_y2566_id_203,12405,12.0,4,138408,103557,1281
2566,pv_10_z_12,pv_10,,,12,ely_y2566_id_192,192,192,ely_y2566_id_206,5245,5.0,5,138408,103557,1281
2566,pv_10_z_12,pv_10,,,12,ely_y2566_id_227,227,227,ely_y2566_id_197,1426,1.0,6,138408,103557,1281
2566,pv_10_z_12,pv_10,,,12,ely_y2566_id_45,,45,ely_y2566_id_208,1077,1.0,7,138408,103557,1281
2566,pv_10_z_12,pv_10,,,12,ely_y2566_id_145,145,145,ely_y2566_id_195,989,0,8,138408,103557,1281
2566,pv_10_z_12,pv_10,,,12,ely_y2566_id_63,,63,ely_y2566_id_196,922,0,9,138408,103557,1281
2566,pv_10_z_12,pv_10,,,12,ely_y2566_id_149,149,149,ely_y2566_id_201,447,0,10,138408,103557,1281
2566,pv_10_z_12,pv_10,,,12,ely_y2566_id_55,,55,ely_y2566_id_202,438,0,11,138408,103557,1281
2566,pv_10_z_12,pv_10,,,12,ely_y2566_id_236,236,236,ely_y2566_id_200,309,0,12,138408,103557,1281
2566,pv_10_z_12,pv_10,,,12,ely_y2566_id_234,234,234,ely_y2566_id_209,266,0,13,138408,103557,1281
2566,pv_10_z_12,pv_10,,,12,ely_y2566_id_56,,56,ely_y2566_id_198,232,0,14,138408,103557,1281
2566,pv_10_z_12,pv_10,,,12,ely_y2566_id_170,170,170,ely_y2566_id_207,123,0,15,138408,103557,1281
2566,pv_10_z_12,pv_10,,,12,ely_y2566_id_189,189,189,ely_y2566_id_210,58,0,16,138408,103557,1281
2566,pv_10_z_13,pv_10,,,13,ely_y2566_id_164,164,164,ely_y2566_id_217,43186,44.0,1,132486,97835,1032
2566,pv_10_z_13,pv_10,,,13,ely_y2566_id_34,,34,ely_y2566_id_214,22312,23.0,2,132486,97835,1032
2566,pv_10_z_13,pv_10,,,13,ely_y2566_id_229,229,229,ely_y2566_id_215,17591,18.0,3,132486,97835,1032
2566,pv_10_z_13,pv_10,,,13,ely_y2566_id_1,,1,ely_y2566_id_220,5380,5.0,4,132486,97835,1032
2566,pv_10_z_13,pv_10,,,13,ely_y2566_id_63,,63,ely_y2566_id_211,2378,2.0,5,132486,97835,1032
2566,pv_10_z_13,pv_10,,,13,ely_y2566_id_227,227,227,ely_y2566_id_222,1379,1.0,6,132486,97835,1032
2566,pv_10_z_13,pv_10,,,13,ely_y2566_id_45,,45,ely_y2566_id_213,1361,1.0,7,132486,97835,1032
2566,pv_10_z_13,pv_10,,,13,ely_y2566_id_192,192,192,ely_y2566_id_218,661,0,8,132486,97835,1032
2566,pv_10_z_13,pv_10,,,13,ely_y2566_id_145,145,145,ely_y2566_id_223,517,0,9,132486,97835,1032
2566,pv_10_z_13,pv_10,,,13,ely_y2566_id_189,189,189,ely_y2566_id_216,345,0,10,132486,97835,1032
2566,pv_10_z_13,pv_10,,,13,ely_y2566_id_234,234,234,ely_y2566_id_224,296,0,11,132486,97835,1032
2566,pv_10_z_13,pv_10,,,13,ely_y2566_id_235,235,235,ely_y2566_id_221,254,0,12,132486,97835,1032
2566,pv_10_z_13,pv_10,,,13,ely_y2566_id_149,149,149,ely_y2566_id_219,222,0,13,132486,97835,1032
2566,pv_10_z_13,pv_10,,,13,ely_y2566_id_173,173,173,ely_y2566_id_225,188,0,14,132486,97835,1032
2566,pv_10_z_13,pv_10,,,13,ely_y2566_id_180,180,180,ely_y2566_id_212,179,0,15,132486,97835,1032
2566,pv_10_z_13,pv_10,,,13,ely_y2566_id_205,205,205,ely_y2566_id_226,0,0,16,132486,97835,1032
2566,pv_10_z_14,pv_10,,,14,ely_y2566_id_164,164,164,ely_y2566_id_235,42218,43.0,1,139036,99080,1193
2566,pv_10_z_14,pv_10,,,14,ely_y2566_id_229,229,229,ely_y2566_id_237,29106,29.0,2,139036,99080,1193
2566,pv_10_z_14,pv_10,,,14,ely_y2566_id_34,,34,ely_y2566_id_232,17530,17.0,3,139036,99080,1193
2566,pv_10_z_14,pv_10,,,14,ely_y2566_id_227,227,227,ely_y2566_id_238,1886,1.0,4,139036,99080,1193
2566,pv_10_z_14,pv_10,,,14,ely_y2566_id_1,,1,ely_y2566_id_227,1812,1.0,5,139036,99080,1193
2566,pv_10_z_14,pv_10,,,14,ely_y2566_id_45,,45,ely_y2566_id_234,1495,1.0,6,139036,99080,1193
2566,pv_10_z_14,pv_10,,,14,ely_y2566_id_192,192,192,ely_y2566_id_231,1363,1.0,7,139036,99080,1193
2566,pv_10_z_14,pv_10,,,14,ely_y2566_id_63,,63,ely_y2566_id_233,1103,1.0,8,139036,99080,1193
2566,pv_10_z_14,pv_10,,,14,ely_y2566_id_145,145,145,ely_y2566_id_236,547,0,9,139036,99080,1193
2566,pv_10_z_14,pv_10,,,14,ely_y2566_id_234,234,234,ely_y2566_id_230,322,0,10,139036,99080,1193
2566,pv_10_z_14,pv_10,,,14,ely_y2566_id_170,170,170,ely_y2566_id_240,193,0,11,139036,99080,1193
2566,pv_10_z_14,pv_10,,,14,ely_y2566_id_149,149,149,ely_y2566_id_228,109,0,13,139036,99080,1193
2566,pv_10_z_14,pv_10,,,14,ely_y2566_id_189,189,189,ely_y2566_id_229,95,0,14,139036,99080,1193
2566,pv_10_z_14,pv_10,,,14,ely_y2566_id_243,243,243,ely_y2566_id_241,0,0,15,139036,99080,1193
2566,pv_10_z_15,pv_10,,,15,ely_y2566_id_164,164,164,ely_y2566_id_247,35904,38.0,1,127334,93117,1378
2566,pv_10_z_15,pv_10,,,15,ely_y2566_id_34,,34,ely_y2566_id_248,28121,30.0,2,127334,93117,1378
2566,pv_10_z_15,pv_10,,,15,ely_y2566_id_229,229,229,ely_y2566_id_252,15111,16.0,3,127334,93117,1378
2566,pv_10_z_15,pv_10,,,15,ely_y2566_id_227,227,227,ely_y2566_id_244,6613,7.0,4,127334,93117,1378
2566,pv_10_z_15,pv_10,,,15,ely_y2566_id_1,,1,ely_y2566_id_242,2311,2.0,5,127334,93117,1378
2566,pv_10_z_15,pv_10,,,15,ely_y2566_id_45,,45,ely_y2566_id_246,919,0,6,127334,93117,1378
2566,pv_10_z_15,pv_10,,,15,ely_y2566_id_63,,63,ely_y2566_id_250,891,0,7,127334,93117,1378
2566,pv_10_z_15,pv_10,,,15,ely_y2566_id_145,145,145,ely_y2566_id_243,687,0,8,127334,93117,1378
2566,pv_10_z_15,pv_10,,,15,ely_y2566_id_192,192,192,ely_y2566_id_249,646,0,9,127334,93117,1378
2566,pv_10_z_15,pv_10,,,15,ely_y2566_id_173,173,173,ely_y2566_id_245,302,0,10,127334,93117,1378
2566,pv_10_z_15,pv_10,,,15,ely_y2566_id_234,234,234,ely_y2566_id_255,193,0,11,127334,93117,1378
2566,pv_10_z_15,pv_10,,,15,ely_y2566_id_170,170,170,ely_y2566_id_254,130,0,12,127334,93117,1378
2566,pv_10_z_15,pv_10,,,15,ely_y2566_id_189,189,189,ely_y2566_id_253,106,0,13,127334,93117,1378
2566,pv_10_z_15,pv_10,,,15,ely_y2566_id_235,235,235,ely_y2566_id_251,85,0,14,127334,93117,1378
2566,pv_10_z_15,pv_10,,,15,ely_y2566_id_230,230,230,ely_y2566_id_256,80,0,15,127334,93117,1378
2566,pv_10_z_15,pv_10,,,15,ely_y2566_id_205,205,205,ely_y2566_id_257,72,0,16,127334,93117,1378
2566,pv_10_z_16,pv_10,,,16,ely_y2566_id_164,164,164,ely_y2566_id_265,40129,41.0,1,131399,99423,1309
2566,pv_10_z_16,pv_10,,,16,ely_y2566_id_34,,34,ely_y2566_id_268,27111,27.0,2,131399,99423,1309
2566,pv_10_z_16,pv_10,,,16,ely_y2566_id_1,,1,ely_y2566_id_271,12784,13.0,3,131399,99423,1309
2566,pv_10_z_16,pv_10,,,16,ely_y2566_id_229,229,229,ely_y2566_id_263,12357,12.0,4,131399,99423,1309
2566,pv_10_z_16,pv_10,,,16,ely_y2566_id_227,227,227,ely_y2566_id_262,924,0,5,131399,99423,1309
2566,pv_10_z_16,pv_10,,,16,ely_y2566_id_45,,45,ely_y2566_id_272,880,0,6,131399,99423,1309
2566,pv_10_z_16,pv_10,,,16,ely_y2566_id_63,,63,ely_y2566_id_261,603,0,7,131399,99423,1309
2566,pv_10_z_16,pv_10,,,16,ely_y2566_id_145,145,145,ely_y2566_id_258,584,0,8,131399,99423,1309
2566,pv_10_z_16,pv_10,,,16,ely_y2566_id_192,192,192,ely_y2566_id_269,560,0,9,131399,99423,1309
2566,pv_10_z_16,pv_10,,,16,ely_y2566_id_185,185,185,ely_y2566_id_266,457,0,10,131399,99423,1309
2566,pv_10_z_16,pv_10,,,16,ely_y2566_id_235,235,235,ely_y2566_id_264,444,0,11,131399,99423,1309
2566,pv_10_z_16,pv_10,,,16,ely_y2566_id_234,234,234,ely_y2566_id_259,413,0,12,131399,99423,1309
2566,pv_10_z_16,pv_10,,,16,ely_y2566_id_170,170,170,ely_y2566_id_273,273,0,13,131399,99423,1309
2566,pv_10_z_16,pv_10,,,16,ely_y2566_id_178,178,178,ely_y2566_id_260,118,0,14,131399,99423,1309
2566,pv_10_z_16,pv_10,,,16,ely_y2566_id_240,240,240,ely_y2566_id_267,115,0,15,131399,99423,1309
2566,pv_10_z_16,pv_10,,,16,ely_y2566_id_189,189,189,ely_y2566_id_270,0,0,16,131399,99423,1309
2566,pv_10_z_17,pv_10,,,17,ely_y2566_id_164,164,164,ely_y2566_id_280,30439,37.0,1,114018,82499,1934
2566,pv_10_z_17,pv_10,,,17,ely_y2566_id_192,192,192,ely_y2566_id_283,18034,22.0,3,114018,82499,1934
2566,pv_10_z_17,pv_10,,,17,ely_y2566_id_229,229,229,ely_y2566_id_284,6340,7.0,4,114018,82499,1934
2566,pv_10_z_17,pv_10,,,17,ely_y2566_id_55,,55,ely_y2566_id_278,2930,3.0,5,114018,82499,1934
2566,pv_10_z_17,pv_10,,,17,ely_y2566_id_1,,1,ely_y2566_id_275,1051,1.0,6,114018,82499,1934
2566,pv_10_z_17,pv_10,,,17,ely_y2566_id_234,234,234,ely_y2566_id_274,627,0,7,114018,82499,1934
2566,pv_10_z_17,pv_10,,,17,ely_y2566_id_63,,63,ely_y2566_id_281,549,0,8,114018,82499,1934
2566,pv_10_z_17,pv_10,,,17,ely_y2566_id_145,145,145,ely_y2566_id_276,509,0,9,114018,82499,1934
2566,pv_10_z_17,pv_10,,,17,ely_y2566_id_45,,45,ely_y2566_id_287,486,0,10,114018,82499,1934
2566,pv_10_z_17,pv_10,,,17,ely_y2566_id_227,227,227,ely_y2566_id_285,398,0,11,114018,82499,1934
2566,pv_10_z_17,pv_10,,,17,ely_y2566_id_173,173,173,ely_y2566_id_288,376,0,12,114018,82499,1934
2566,pv_10_z_17,pv_10,,,17,ely_y2566_id_154,154,154,ely_y2566_id_290,326,0,13,114018,82499,1934
2566,pv_10_z_17,pv_10,,,17,ely_y2566_id_170,170,170,ely_y2566_id_282,312,0,14,114018,82499,1934
2566,pv_10_z_17,pv_10,,,17,ely_y2566_id_189,189,189,ely_y2566_id_277,209,0,15,114018,82499,1934
2566,pv_10_z_17,pv_10,,,17,ely_y2566_id_185,185,185,ely_y2566_id_289,70,0,17,114018,82499,1934
2566,pv_10_z_17,pv_10,,,17,ely_y2566_id_235,235,235,ely_y2566_id_279,0,0,18,114018,82499,1934
2566,pv_10_z_18,pv_10,,,18,ely_y2566_id_164,164,164,ely_y2566_id_299,36884,43.0,1,116769,86516,1967
2566,pv_10_z_18,pv_10,,,18,ely_y2566_id_192,192,192,ely_y2566_id_295,14843,17.0,3,116769,86516,1967
2566,pv_10_z_18,pv_10,,,18,ely_y2566_id_229,229,229,ely_y2566_id_292,8930,10.0,4,116769,86516,1967
2566,pv_10_z_18,pv_10,,,18,ely_y2566_id_1,,1,ely_y2566_id_300,1857,2.0,5,116769,86516,1967
2566,pv_10_z_18,pv_10,,,18,ely_y2566_id_63,,63,ely_y2566_id_298,924,1.0,6,116769,86516,1967
2566,pv_10_z_18,pv_10,,,18,ely_y2566_id_234,234,234,ely_y2566_id_304,892,1.0,7,116769,86516,1967
2566,pv_10_z_18,pv_10,,,18,ely_y2566_id_45,,45,ely_y2566_id_293,714,0,8,116769,86516,1967
2566,pv_10_z_18,pv_10,,,18,ely_y2566_id_145,145,145,ely_y2566_id_305,595,0,9,116769,86516,1967
2566,pv_10_z_18,pv_10,,,18,ely_y2566_id_189,189,189,ely_y2566_id_307,441,0,10,116769,86516,1967
2566,pv_10_z_18,pv_10,,,18,ely_y2566_id_227,227,227,ely_y2566_id_303,409,0,11,116769,86516,1967
2566,pv_10_z_18,pv_10,,,18,ely_y2566_id_149,149,149,ely_y2566_id_301,395,0,12,116769,86516,1967
2566,pv_10_z_18,pv_10,,,18,ely_y2566_id_170,170,170,ely_y2566_id_297,379,0,13,116769,86516,1967
2566,pv_10_z_18,pv_10,,,18,ely_y2566_id_55,,55,ely_y2566_id_294,304,0,14,116769,86516,1967
2566,pv_10_z_18,pv_10,,,18,ely_y2566_id_235,235,235,ely_y2566_id_302,267,0,15,116769,86516,1967
2566,pv_10_z_18,pv_10,,,18,ely_y2566_id_173,173,173,ely_y2566_id_296,0,0,16,116769,86516,1967
2566,pv_10_z_19,pv_10,,,19,ely_y2566_id_164,164,164,ely_y2566_id_312,41841,43.0,1,131753,98590,1292
2566,pv_10_z_19,pv_10,,,19,ely_y2566_id_34,,34,ely_y2566_id_316,26670,27.0,2,131753,98590,1292
2566,pv_10_z_19,pv_10,,,19,ely_y2566_id_229,229,229,ely_y2566_id_309,17176,17.0,3,131753,98590,1292
2566,pv_10_z_19,pv_10,,,19,ely_y2566_id_192,192,192,ely_y2566_id_317,3411,3.0,4,131753,98590,1292
2566,pv_10_z_19,pv_10,,,19,ely_y2566_id_1,,1,ely_y2566_id_310,2144,2.0,5,131753,98590,1292
2566,pv_10_z_19,pv_10,,,19,ely_y2566_id_63,,63,ely_y2566_id_313,875,0,6,131753,98590,1292
2566,pv_10_z_19,pv_10,,,19,ely_y2566_id_45,,45,ely_y2566_id_322,752,0,7,131753,98590,1292
2566,pv_10_z_19,pv_10,,,19,ely_y2566_id_234,234,234,ely_y2566_id_314,735,0,8,131753,98590,1292
2566,pv_10_z_19,pv_10,,,19,ely_y2566_id_145,145,145,ely_y2566_id_311,734,0,9,131753,98590,1292
2566,pv_10_z_19,pv_10,,,19,ely_y2566_id_227,227,227,ely_y2566_id_320,714,0,10,131753,98590,1292
2566,pv_10_z_19,pv_10,,,19,ely_y2566_id_203,203,203,ely_y2566_id_315,356,0,11,131753,98590,1292
2566,pv_10_z_19,pv_10,,,19,ely_y2566_id_170,170,170,ely_y2566_id_308,288,0,12,131753,98590,1292
2566,pv_10_z_19,pv_10,,,19,ely_y2566_id_240,240,240,ely_y2566_id_321,250,0,13,131753,98590,1292
2566,pv_10_z_19,pv_10,,,19,ely_y2566_id_185,185,185,ely_y2566_id_318,218,0,14,131753,98590,1292
2566,pv_10_z_19,pv_10,,,19,ely_y2566_id_235,235,235,ely_y2566_id_319,187,0,15,131753,98590,1292
2566,pv_10_z_19,pv_10,,,19,ely_y2566_id_173,173,173,ely_y2566_id_324,118,0,16,131753,98590,1292
2566,pv_10_z_19,pv_10,,,19,ely_y2566_id_189,189,189,ely_y2566_id_323,66,0,17,131753,98590,1292
2566,pv_10_z_20,pv_10,,,20,ely_y2566_id_34,,34,ely_y2566_id_330,34749,40.0,1,122467,87736,1680
2566,pv_10_z_20,pv_10,,,20,ely_y2566_id_164,164,164,ely_y2566_id_333,34745,40.0,2,122467,87736,1680
2566,pv_10_z_20,pv_10,,,20,ely_y2566_id_229,229,229,ely_y2566_id_328,9446,10.0,3,122467,87736,1680
2566,pv_10_z_20,pv_10,,,20,ely_y2566_id_1,,1,ely_y2566_id_335,1501,1.0,4,122467,87736,1680
2566,pv_10_z_20,pv_10,,,20,ely_y2566_id_63,,63,ely_y2566_id_329,1017,1.0,5,122467,87736,1680
2566,pv_10_z_20,pv_10,,,20,ely_y2566_id_192,192,192,ely_y2566_id_325,893,1.0,6,122467,87736,1680
2566,pv_10_z_20,pv_10,,,20,ely_y2566_id_45,,45,ely_y2566_id_331,790,0,7,122467,87736,1680
2566,pv_10_z_20,pv_10,,,20,ely_y2566_id_145,145,145,ely_y2566_id_332,766,0,8,122467,87736,1680
2566,pv_10_z_20,pv_10,,,20,ely_y2566_id_227,227,227,ely_y2566_id_338,708,0,9,122467,87736,1680
2566,pv_10_z_20,pv_10,,,20,ely_y2566_id_234,234,234,ely_y2566_id_334,534,0,10,122467,87736,1680
2566,pv_10_z_20,pv_10,,,20,ely_y2566_id_55,,55,ely_y2566_id_327,265,0,11,122467,87736,1680
2566,pv_10_z_20,pv_10,,,20,ely_y2566_id_189,189,189,ely_y2566_id_326,252,0,12,122467,87736,1680
2566,pv_10_z_20,pv_10,,,20,ely_y2566_id_235,235,235,ely_y2566_id_337,177,0,13,122467,87736,1680
2566,pv_10_z_20,pv_10,,,20,ely_y2566_id_185,185,185,ely_y2566_id_336,135,0,14,122467,87736,1680
2566,pv_10_z_20,pv_10,,,20,ely_y2566_id_205,205,205,ely_y2566_id_339,114,0,15,122467,87736,1680
2566,pv_10_z_21,pv_10,,,21,ely_y2566_id_164,164,164,ely_y2566_id_346,44959,47.0,1,131750,96321,1322
2566,pv_10_z_21,pv_10,,,21,ely_y2566_id_1,,1,ely_y2566_id_340,16496,17.0,2,131750,96321,1322
2566,pv_10_z_21,pv_10,,,21,ely_y2566_id_34,,34,ely_y2566_id_352,14694,15.0,3,131750,96321,1322
2566,pv_10_z_21,pv_10,,,21,ely_y2566_id_229,229,229,ely_y2566_id_344,13518,14.0,4,131750,96321,1322
2566,pv_10_z_21,pv_10,,,21,ely_y2566_id_63,,63,ely_y2566_id_342,1010,1.0,5,131750,96321,1322
2566,pv_10_z_21,pv_10,,,21,ely_y2566_id_145,145,145,ely_y2566_id_347,915,0,6,131750,96321,1322
2566,pv_10_z_21,pv_10,,,21,ely_y2566_id_45,,45,ely_y2566_id_350,807,0,7,131750,96321,1322
2566,pv_10_z_21,pv_10,,,21,ely_y2566_id_192,192,192,ely_y2566_id_341,785,0,8,131750,96321,1322
2566,pv_10_z_21,pv_10,,,21,ely_y2566_id_227,227,227,ely_y2566_id_349,720,0,9,131750,96321,1322
2566,pv_10_z_21,pv_10,,,21,ely_y2566_id_235,235,235,ely_y2566_id_348,387,0,10,131750,96321,1322
2566,pv_10_z_21,pv_10,,,21,ely_y2566_id_55,,55,ely_y2566_id_353,360,0,11,131750,96321,1322
2566,pv_10_z_21,pv_10,,,21,ely_y2566_id_56,,56,ely_y2566_id_351,358,0,12,131750,96321,1322
2566,pv_10_z_21,pv_10,,,21,ely_y2566_id_189,189,189,ely_y2566_id_345,270,0,13,131750,96321,1322
2566,pv_10_z_21,pv_10,,,21,ely_y2566_id_234,234,234,ely_y2566_id_343,260,0,14,131750,96321,1322
2566,pv_10_z_21,pv_10,,,21,ely_y2566_id_205,205,205,ely_y2566_id_354,0,0,15,131750,96321,1322
2566,pv_10_z_22,pv_10,,,22,ely_y2566_id_164,164,164,ely_y2566_id_362,43083,46.0,1,130951,94010,1331
2566,pv_10_z_22,pv_10,,,22,ely_y2566_id_229,229,229,ely_y2566_id_366,16377,17.0,2,130951,94010,1331
2566,pv_10_z_22,pv_10,,,22,ely_y2566_id_34,,34,ely_y2566_id_363,13466,14.0,3,130951,94010,1331
2566,pv_10_z_22,pv_10,,,22,ely_y2566_id_63,,63,ely_y2566_id_356,7283,7.0,4,130951,94010,1331
2566,pv_10_z_22,pv_10,,,22,ely_y2566_id_1,,1,ely_y2566_id_359,6526,7.0,5,130951,94010,1331
2566,pv_10_z_22,pv_10,,,22,ely_y2566_id_192,192,192,ely_y2566_id_355,2113,2.0,6,130951,94010,1331
2566,pv_10_z_22,pv_10,,,22,ely_y2566_id_45,,45,ely_y2566_id_364,1038,1.0,7,130951,94010,1331
2566,pv_10_z_22,pv_10,,,22,ely_y2566_id_227,227,227,ely_y2566_id_365,1023,1.0,8,130951,94010,1331
2566,pv_10_z_22,pv_10,,,22,ely_y2566_id_145,145,145,ely_y2566_id_357,569,0,9,130951,94010,1331
2566,pv_10_z_22,pv_10,,,22,ely_y2566_id_173,173,173,ely_y2566_id_361,475,0,10,130951,94010,1331
2566,pv_10_z_22,pv_10,,,22,ely_y2566_id_234,234,234,ely_y2566_id_367,252,0,11,130951,94010,1331
2566,pv_10_z_22,pv_10,,,22,ely_y2566_id_170,170,170,ely_y2566_id_360,200,0,12,130951,94010,1331
2566,pv_10_z_22,pv_10,,,22,ely_y2566_id_189,189,189,ely_y2566_id_368,126,0,13,130951,94010,1331
2566,pv_10_z_22,pv_10,,,22,ely_y2566_id_149,149,149,ely_y2566_id_358,120,0,14,130951,94010,1331
2566,pv_10_z_23,pv_10,,,23,ely_y2566_id_164,164,164,ely_y2566_id_379,47225,46.0,1,145165,102901,1377
2566,pv_10_z_23,pv_10,,,23,ely_y2566_id_229,229,229,ely_y2566_id_369,17956,17.0,2,145165,102901,1377
2566,pv_10_z_23,pv_10,,,23,ely_y2566_id_227,227,227,ely_y2566_id_372,5308,5.0,4,145165,102901,1377
2566,pv_10_z_23,pv_10,,,23,ely_y2566_id_1,,1,ely_y2566_id_376,4547,4.0,5,145165,102901,1377
2566,pv_10_z_23,pv_10,,,23,ely_y2566_id_192,192,192,ely_y2566_id_373,3314,3.0,6,145165,102901,1377
2566,pv_10_z_23,pv_10,,,23,ely_y2566_id_45,,45,ely_y2566_id_370,1487,1.0,7,145165,102901,1377
2566,pv_10_z_23,pv_10,,,23,ely_y2566_id_55,,55,ely_y2566_id_377,1323,1.0,8,145165,102901,1377
2566,pv_10_z_23,pv_10,,,23,ely_y2566_id_63,,63,ely_y2566_id_374,1002,0,9,145165,102901,1377
2566,pv_10_z_23,pv_10,,,23,ely_y2566_id_145,145,145,ely_y2566_id_382,856,0,10,145165,102901,1377
2566,pv_10_z_23,pv_10,,,23,ely_y2566_id_173,173,173,ely_y2566_id_381,348,0,11,145165,102901,1377
2566,pv_10_z_23,pv_10,,,23,ely_y2566_id_56,,56,ely_y2566_id_375,311,0,12,145165,102901,1377
2566,pv_10_z_23,pv_10,,,23,ely_y2566_id_170,170,170,ely_y2566_id_380,218,0,13,145165,102901,1377
2566,pv_10_z_23,pv_10,,,23,ely_y2566_id_234,234,234,ely_y2566_id_384,205,0,14,145165,102901,1377
2566,pv_10_z_23,pv_10,,,23,ely_y2566_id_240,240,240,ely_y2566_id_383,73,0,15,145165,102901,1377
2566,pv_10_z_23,pv_10,,,23,ely_y2566_id_189,189,189,ely_y2566_id_385,70,0,16,145165,102901,1377
2566,pv_10_z_23,pv_10,,,23,ely_y2566_id_149,149,149,ely_y2566_id_378,0,0,17,145165,102901,1377
2566,pv_10_z_24,pv_10,,,24,ely_y2566_id_164,164,164,ely_y2566_id_394,48317,49.0,1,142622,99535,1688
2566,pv_10_z_24,pv_10,,,24,ely_y2566_id_229,229,229,ely_y2566_id_392,18320,18.0,2,142622,99535,1688
2566,pv_10_z_24,pv_10,,,24,ely_y2566_id_34,,34,ely_y2566_id_393,17316,17.0,3,142622,99535,1688
2566,pv_10_z_24,pv_10,,,24,ely_y2566_id_1,,1,ely_y2566_id_396,6284,6.0,4,142622,99535,1688
2566,pv_10_z_24,pv_10,,,24,ely_y2566_id_192,192,192,ely_y2566_id_386,2033,2.0,5,142622,99535,1688
2566,pv_10_z_24,pv_10,,,24,ely_y2566_id_227,227,227,ely_y2566_id_397,1693,1.0,6,142622,99535,1688
2566,pv_10_z_24,pv_10,,,24,ely_y2566_id_145,145,145,ely_y2566_id_398,868,0,7,142622,99535,1688
2566,pv_10_z_24,pv_10,,,24,ely_y2566_id_63,,63,ely_y2566_id_388,775,0,8,142622,99535,1688
2566,pv_10_z_24,pv_10,,,24,ely_y2566_id_45,,45,ely_y2566_id_387,728,0,9,142622,99535,1688
2566,pv_10_z_24,pv_10,,,24,ely_y2566_id_55,,55,ely_y2566_id_389,456,0,10,142622,99535,1688
2566,pv_10_z_24,pv_10,,,24,ely_y2566_id_234,234,234,ely_y2566_id_399,357,0,11,142622,99535,1688
2566,pv_10_z_24,pv_10,,,24,ely_y2566_id_185,185,185,ely_y2566_id_391,297,0,12,142622,99535,1688
2566,pv_10_z_24,pv_10,,,24,ely_y2566_id_56,,56,ely_y2566_id_390,252,0,13,142622,99535,1688
2566,pv_10_z_24,pv_10,,,24,ely_y2566_id_149,149,149,ely_y2566_id_395,122,0,14,142622,99535,1688
2566,pv_10_z_25,pv_10,,,25,ely_y2566_id_164,164,164,ely_y2566_id_408,35623,40.0,1,125512,90009,1450
2566,pv_10_z_25,pv_10,,,25,ely_y2566_id_34,,34,ely_y2566_id_413,28189,31.0,2,125512,90009,1450
2566,pv_10_z_25,pv_10,,,25,ely_y2566_id_229,229,229,ely_y2566_id_411,12264,13.0,3,125512,90009,1450
2566,pv_10_z_25,pv_10,,,25,ely_y2566_id_1,,1,ely_y2566_id_406,5517,6.0,4,125512,90009,1450
2566,pv_10_z_25,pv_10,,,25,ely_y2566_id_192,192,192,ely_y2566_id_401,1808,2.0,5,125512,90009,1450
2566,pv_10_z_25,pv_10,,,25,ely_y2566_id_227,227,227,ely_y2566_id_400,1313,1.0,6,125512,90009,1450
2566,pv_10_z_25,pv_10,,,25,ely_y2566_id_45,,45,ely_y2566_id_407,1127,1.0,7,125512,90009,1450
2566,pv_10_z_25,pv_10,,,25,ely_y2566_id_63,,63,ely_y2566_id_410,670,0,8,125512,90009,1450
2566,pv_10_z_25,pv_10,,,25,ely_y2566_id_56,,56,ely_y2566_id_414,502,0,9,125512,90009,1450
2566,pv_10_z_25,pv_10,,,25,ely_y2566_id_145,145,145,ely_y2566_id_409,490,0,10,125512,90009,1450
2566,pv_10_z_25,pv_10,,,25,ely_y2566_id_55,,55,ely_y2566_id_405,396,0,11,125512,90009,1450
2566,pv_10_z_25,pv_10,,,25,ely_y2566_id_234,234,234,ely_y2566_id_402,354,0,12,125512,90009,1450
2566,pv_10_z_25,pv_10,,,25,ely_y2566_id_149,149,149,ely_y2566_id_412,212,0,13,125512,90009,1450
2566,pv_10_z_25,pv_10,,,25,ely_y2566_id_173,173,173,ely_y2566_id_404,164,0,14,125512,90009,1450
2566,pv_10_z_25,pv_10,,,25,ely_y2566_id_235,235,235,ely_y2566_id_403,153,0,15,125512,90009,1450
2566,pv_10_z_25,pv_10,,,25,ely_y2566_id_170,170,170,ely_y2566_id_415,87,0,16,125512,90009,1450
2566,pv_10_z_26,pv_10,,,26,ely_y2566_id_164,164,164,ely_y2566_id_426,46570,48.0,1,135371,98262,1944
2566,pv_10_z_26,pv_10,,,26,ely_y2566_id_34,,34,ely_y2566_id_417,19813,20.0,2,135371,98262,1944
2566,pv_10_z_26,pv_10,,,26,ely_y2566_id_229,229,229,ely_y2566_id_422,13150,13.0,3,135371,98262,1944
2566,pv_10_z_26,pv_10,,,26,ely_y2566_id_1,,1,ely_y2566_id_427,8892,9.0,4,135371,98262,1944
2566,pv_10_z_26,pv_10,,,26,ely_y2566_id_227,227,227,ely_y2566_id_416,3722,3.0,5,135371,98262,1944
2566,pv_10_z_26,pv_10,,,26,ely_y2566_id_63,,63,ely_y2566_id_423,2282,2.0,6,135371,98262,1944
2566,pv_10_z_26,pv_10,,,26,ely_y2566_id_145,145,145,ely_y2566_id_425,534,0,7,135371,98262,1944
2566,pv_10_z_26,pv_10,,,26,ely_y2566_id_55,,55,ely_y2566_id_419,488,0,8,135371,98262,1944
2566,pv_10_z_26,pv_10,,,26,ely_y2566_id_45,,45,ely_y2566_id_420,470,0,9,135371,98262,1944
2566,pv_10_z_26,pv_10,,,26,ely_y2566_id_234,234,234,ely_y2566_id_421,425,0,10,135371,98262,1944
2566,pv_10_z_26,pv_10,,,26,ely_y2566_id_192,192,192,ely_y2566_id_418,362,0,11,135371,98262,1944
2566,pv_10_z_26,pv_10,,,26,ely_y2566_id_189,189,189,ely_y2566_id_424,0,0,12,135371,98262,1944
2566,pv_10_z_27,pv_10,,,27,ely_y2566_id_164,164,164,ely_y2566_id_428,50035,51.0,1,129232,98462,1472
2566,pv_10_z_27,pv_10,,,27,ely_y2566_id_1,,1,ely_y2566_id_433,23351,23.0,2,129232,98462,1472
2566,pv_10_z_27,pv_10,,,27,ely_y2566_id_34,,34,ely_y2566_id_431,13593,13.0,3,129232,98462,1472
2566,pv_10_z_27,pv_10,,,27,ely_y2566_id_229,229,229,ely_y2566_id_429,6973,7.0,4,129232,98462,1472
2566,pv_10_z_27,pv_10,,,27,ely_y2566_id_227,227,227,ely_y2566_id_437,959,0,5,129232,98462,1472
2566,pv_10_z_27,pv_10,,,27,ely_y2566_id_192,192,192,ely_y2566_id_439,717,0,6,129232,98462,1472
2566,pv_10_z_27,pv_10,,,27,ely_y2566_id_45,,45,ely_y2566_id_434,527,0,7,129232,98462,1472
2566,pv_10_z_27,pv_10,,,27,ely_y2566_id_145,145,145,ely_y2566_id_438,484,0,8,129232,98462,1472
2566,pv_10_z_27,pv_10,,,27,ely_y2566_id_55,,55,ely_y2566_id_436,345,0,9,129232,98462,1472
2566,pv_10_z_27,pv_10,,,27,ely_y2566_id_63,,63,ely_y2566_id_440,252,0,10,129232,98462,1472
2566,pv_10_z_27,pv_10,,,27,ely_y2566_id_235,235,235,ely_y2566_id_435,174,0,11,129232,98462,1472
2566,pv_10_z_27,pv_10,,,27,ely_y2566_id_236,236,236,ely_y2566_id_441,132,0,12,129232,98462,1472
2566,pv_10_z_27,pv_10,,,27,ely_y2566_id_149,149,149,ely_y2566_id_430,109,0,13,129232,98462,1472
2566,pv_10_z_27,pv_10,,,27,ely_y2566_id_234,234,234,ely_y2566_id_442,102,0,14,129232,98462,1472
2566,pv_10_z_27,pv_10,,,27,ely_y2566_id_189,189,189,ely_y2566_id_432,0,0,15,129232,98462,1472
2566,pv_10_z_28,pv_10,,,28,ely_y2566_id_164,164,164,ely_y2566_id_446,47592,47.0,1,136636,102415,1836
2566,pv_10_z_28,pv_10,,,28,ely_y2566_id_34,,34,ely_y2566_id_452,26479,26.0,2,136636,102415,1836
2566,pv_10_z_28,pv_10,,,28,ely_y2566_id_1,,1,ely_y2566_id_451,11405,11.0,3,136636,102415,1836
2566,pv_10_z_28,pv_10,,,28,ely_y2566_id_229,229,229,ely_y2566_id_450,10579,10.0,4,136636,102415,1836
2566,pv_10_z_28,pv_10,,,28,ely_y2566_id_227,227,227,ely_y2566_id_448,2041,2.0,5,136636,102415,1836
2566,pv_10_z_28,pv_10,,,28,ely_y2566_id_45,,45,ely_y2566_id_447,681,0,6,136636,102415,1836
2566,pv_10_z_28,pv_10,,,28,ely_y2566_id_145,145,145,ely_y2566_id_449,671,0,7,136636,102415,1836
2566,pv_10_z_28,pv_10,,,28,ely_y2566_id_192,192,192,ely_y2566_id_443,646,0,8,136636,102415,1836
2566,pv_10_z_28,pv_10,,,28,ely_y2566_id_234,234,234,ely_y2566_id_444,460,0,9,136636,102415,1836
2566,pv_10_z_28,pv_10,,,28,ely_y2566_id_63,,63,ely_y2566_id_445,380,0,10,136636,102415,1836
2566,pv_10_z_28,pv_10,,,28,ely_y2566_id_154,154,154,ely_y2566_id_453,311,0,11,136636,102415,1836
2566,pv_10_z_29,pv_10,,,29,ely_y2566_id_164,164,164,ely_y2566_id_461,47652,46.0,1,143349,105148,2089
2566,pv_10_z_29,pv_10,,,29,ely_y2566_id_34,,34,ely_y2566_id_462,23541,22.0,2,143349,105148,2089
2566,pv_10_z_29,pv_10,,,29,ely_y2566_id_229,229,229,ely_y2566_id_455,15700,15.0,3,143349,105148,2089
2566,pv_10_z_29,pv_10,,,29,ely_y2566_id_45,,45,ely_y2566_id_458,5772,5.0,4,143349,105148,2089
2566,pv_10_z_29,pv_10,,,29,ely_y2566_id_1,,1,ely_y2566_id_459,5045,4.0,5,143349,105148,2089
2566,pv_10_z_29,pv_10,,,29,ely_y2566_id_227,227,227,ely_y2566_id_463,1959,1.0,6,143349,105148,2089
2566,pv_10_z_29,pv_10,,,29,ely_y2566_id_192,192,192,ely_y2566_id_460,1948,1.0,7,143349,105148,2089
2566,pv_10_z_29,pv_10,,,29,ely_y2566_id_145,145,145,ely_y2566_id_457,992,0,8,143349,105148,2089
2566,pv_10_z_29,pv_10,,,29,ely_y2566_id_63,,63,ely_y2566_id_456,558,0,9,143349,105148,2089
2566,pv_10_z_29,pv_10,,,29,ely_y2566_id_180,180,180,ely_y2566_id_454,278,0,10,143349,105148,2089
2566,pv_10_z_29,pv_10,,,29,ely_y2566_id_189,189,189,ely_y2566_id_465,116,0,11,143349,105148,2089
2566,pv_10_z_29,pv_10,,,29,ely_y2566_id_234,234,234,ely_y2566_id_464,0,0,12,143349,105148,2089
2566,pv_10_z_30,pv_10,,,30,ely_y2566_id_164,164,164,ely_y2566_id_469,49770,49.0,1,140015,101347,1724
2566,pv_10_z_30,pv_10,,,30,ely_y2566_id_229,229,229,ely_y2566_id_472,15783,15.0,3,140015,101347,1724
2566,pv_10_z_30,pv_10,,,30,ely_y2566_id_1,,1,ely_y2566_id_470,2633,2.0,4,140015,101347,1724
2566,pv_10_z_30,pv_10,,,30,ely_y2566_id_227,227,227,ely_y2566_id_468,2356,2.0,5,140015,101347,1724
2566,pv_10_z_30,pv_10,,,30,ely_y2566_id_45,,45,ely_y2566_id_474,1273,1.0,6,140015,101347,1724
2566,pv_10_z_30,pv_10,,,30,ely_y2566_id_145,145,145,ely_y2566_id_473,729,0,7,140015,101347,1724
2566,pv_10_z_30,pv_10,,,30,ely_y2566_id_192,192,192,ely_y2566_id_476,645,0,8,140015,101347,1724
2566,pv_10_z_30,pv_10,,,30,ely_y2566_id_63,,63,ely_y2566_id_466,577,0,9,140015,101347,1724
2566,pv_10_z_30,pv_10,,,30,ely_y2566_id_234,234,234,ely_y2566_id_467,502,0,10,140015,101347,1724
2566,pv_10_z_30,pv_10,,,30,ely_y2566_id_230,230,230,ely_y2566_id_479,394,0,11,140015,101347,1724
2566,pv_10_z_30,pv_10,,,30,ely_y2566_id_236,236,236,ely_y2566_id_471,282,0,12,140015,101347,1724
2566,pv_10_z_30,pv_10,,,30,ely_y2566_id_180,180,180,ely_y2566_id_477,196,0,13,140015,101347,1724
2566,pv_10_z_30,pv_10,,,30,ely_y2566_id_170,170,170,ely_y2566_id_475,128,0,14,140015,101347,1724
2566,pv_10_z_31,pv_10,,,31,ely_y2566_id_164,164,164,ely_y2566_id_492,46405,44.0,1,141699,106855,1745
2566,pv_10_z_31,pv_10,,,31,ely_y2566_id_229,229,229,ely_y2566_id_484,23617,22.0,2,141699,106855,1745
2566,pv_10_z_31,pv_10,,,31,ely_y2566_id_34,,34,ely_y2566_id_481,18479,17.0,3,141699,106855,1745
2566,pv_10_z_31,pv_10,,,31,ely_y2566_id_227,227,227,ely_y2566_id_486,4642,4.0,4,141699,106855,1745
2566,pv_10_z_31,pv_10,,,31,ely_y2566_id_1,,1,ely_y2566_id_482,3591,3.0,5,141699,106855,1745
2566,pv_10_z_31,pv_10,,,31,ely_y2566_id_192,192,192,ely_y2566_id_480,2088,1.0,6,141699,106855,1745
2566,pv_10_z_31,pv_10,,,31,ely_y2566_id_145,145,145,ely_y2566_id_490,1964,1.0,7,141699,106855,1745
2566,pv_10_z_31,pv_10,,,31,ely_y2566_id_45,,45,ely_y2566_id_487,1367,1.0,8,141699,106855,1745
2566,pv_10_z_31,pv_10,,,31,ely_y2566_id_63,,63,ely_y2566_id_491,1357,1.0,9,141699,106855,1745
2566,pv_10_z_31,pv_10,,,31,ely_y2566_id_234,234,234,ely_y2566_id_483,597,0,10,141699,106855,1745
2566,pv_10_z_31,pv_10,,,31,ely_y2566_id_185,185,185,ely_y2566_id_488,322,0,11,141699,106855,1745
2566,pv_10_z_31,pv_10,,,31,ely_y2566_id_203,203,203,ely_y2566_id_489,247,0,12,141699,106855,1745
2566,pv_10_z_31,pv_10,,,31,ely_y2566_id_170,170,170,ely_y2566_id_485,245,0,13,141699,106855,1745
2566,pv_10_z_31,pv_10,,,31,ely_y2566_id_173,173,173,ely_y2566_id_493,227,0,14,141699,106855,1745
2566,pv_10_z_31,pv_10,,,31,ely_y2566_id_189,189,189,ely_y2566_id_494,161,0,15,141699,106855,1745
2566,pv_10_z_32,pv_10,,,32,ely_y2566_id_164,164,164,ely_y2566_id_503,43115,44.0,1,142597,97772,1962
2566,pv_10_z_32,pv_10,,,32,ely_y2566_id_34,,34,ely_y2566_id_507,18736,19.0,2,142597,97772,1962
2566,pv_10_z_32,pv_10,,,32,ely_y2566_id_229,229,229,ely_y2566_id_499,14888,15.0,3,142597,97772,1962
2566,pv_10_z_32,pv_10,,,32,ely_y2566_id_1,,1,ely_y2566_id_496,11633,12.0,4,142597,97772,1962
2566,pv_10_z_32,pv_10,,,32,ely_y2566_id_63,,63,ely_y2566_id_501,1597,1.0,5,142597,97772,1962
2566,pv_10_z_32,pv_10,,,32,ely_y2566_id_45,,45,ely_y2566_id_498,1383,1.0,6,142597,97772,1962
2566,pv_10_z_32,pv_10,,,32,ely_y2566_id_227,227,227,ely_y2566_id_504,958,0,7,142597,97772,1962
2566,pv_10_z_32,pv_10,,,32,ely_y2566_id_192,192,192,ely_y2566_id_500,935,0,8,142597,97772,1962
2566,pv_10_z_32,pv_10,,,32,ely_y2566_id_145,145,145,ely_y2566_id_497,899,0,9,142597,97772,1962
2566,pv_10_z_32,pv_10,,,32,ely_y2566_id_55,,55,ely_y2566_id_506,482,0,10,142597,97772,1962
2566,pv_10_z_32,pv_10,,,32,ely_y2566_id_203,203,203,ely_y2566_id_508,448,0,11,142597,97772,1962
2566,pv_10_z_32,pv_10,,,32,ely_y2566_id_234,234,234,ely_y2566_id_495,444,0,12,142597,97772,1962
2566,pv_10_z_32,pv_10,,,32,ely_y2566_id_173,173,173,ely_y2566_id_505,336,0,13,142597,97772,1962
2566,pv_10_z_32,pv_10,,,32,ely_y2566_id_170,170,170,ely_y2566_id_502,335,0,14,142597,97772,1962
2566,pv_10_z_32,pv_10,,,32,ely_y2566_id_198,198,198,ely_y2566_id_509,114,0,15,142597,97772,1962
2566,pv_10_z_32,pv_10,,,32,ely_y2566_id_189,189,189,ely_y2566_id_510,99,0,16,142597,97772,1962
2566,pv_10_z_33,pv_10,,,33,ely_y2566_id_164,164,164,ely_y2566_id_516,45189,43.0,1,148821,105270,2042
2566,pv_10_z_33,pv_10,,,33,ely_y2566_id_229,229,229,ely_y2566_id_515,18628,17.0,2,148821,105270,2042
2566,pv_10_z_33,pv_10,,,33,ely_y2566_id_1,,1,ely_y2566_id_517,15817,15.0,3,148821,105270,2042
2566,pv_10_z_33,pv_10,,,33,ely_y2566_id_34,,34,ely_y2566_id_523,15053,14.0,4,148821,105270,2042
2566,pv_10_z_33,pv_10,,,33,ely_y2566_id_63,,63,ely_y2566_id_511,4100,3.0,5,148821,105270,2042
2566,pv_10_z_33,pv_10,,,33,ely_y2566_id_227,227,227,ely_y2566_id_522,1078,1.0,6,148821,105270,2042
2566,pv_10_z_33,pv_10,,,33,ely_y2566_id_192,192,192,ely_y2566_id_525,1041,0,7,148821,105270,2042
2566,pv_10_z_33,pv_10,,,33,ely_y2566_id_145,145,145,ely_y2566_id_521,905,0,8,148821,105270,2042
2566,pv_10_z_33,pv_10,,,33,ely_y2566_id_45,,45,ely_y2566_id_512,791,0,9,148821,105270,2042
2566,pv_10_z_33,pv_10,,,33,ely_y2566_id_234,234,234,ely_y2566_id_519,652,0,10,148821,105270,2042
2566,pv_10_z_33,pv_10,,,33,ely_y2566_id_173,173,173,ely_y2566_id_514,229,0,11,148821,105270,2042
2566,pv_10_z_33,pv_10,,,33,ely_y2566_id_149,149,149,ely_y2566_id_518,215,0,12,148821,105270,2042
2566,pv_10_z_33,pv_10,,,33,ely_y2566_id_185,185,185,ely_y2566_id_513,153,0,13,148821,105270,2042
2566,pv_10_z_33,pv_10,,,33,ely_y2566_id_230,230,230,ely_y2566_id_526,150,0,14,148821,105270,2042
2566,pv_10_z_33,pv_10,,,33,ely_y2566_id_226,226,226,ely_y2566_id_524,142,0,15,148821,105270,2042
2566,pv_10_z_33,pv_10,,,33,ely_y2566_id_170,170,170,ely_y2566_id_520,88,0,16,148821,105270,2042
