year,zone_id,province_id,province_name,region,zone_number,party_name,votes,vote_pct,rank,total_votes
2562,pv_62_z_1,pv_62,กำแพงเพชร,ภาคกลาง,1,พลังประชารัฐ,32642,33.53,1,97365
2562,pv_62_z_1,pv_62,กำแพงเพชร,ภาคกลาง,1,เพื่อไทย,18834,19.34,2,97365
2562,pv_62_z_1,pv_62,กำแพงเพชร,ภาคกลาง,1,ภูมิใจไทย,17082,17.54,3,97365
2562,pv_62_z_1,pv_62,กำแพงเพชร,ภาคกลาง,1,อนาคตใหม่,11416,11.72,4,97365
2562,pv_62_z_1,pv_62,กำแพงเพชร,ภาคกลาง,1,ประชาธิปัตย์,9732,10.00,5,97365
2562,pv_62_z_1,pv_62,กำแพงเพชร,ภาคกลาง,1,เสรีรวมไทย,1195,1.23,6,97365
2562,pv_62_z_1,pv_62,กำแพงเพชร,ภาคกลาง,1,เศรษฐกิจใหม่,1189,1.22,7,97365
2562,pv_62_z_1,pv_62,กำแพงเพชร,ภาคกลาง,1,รวมพลังประชาชาติไทย,667,0.69,8,97365
2562,pv_62_z_1,pv_62,กำแพงเพชร,ภาคกลาง,1,เพื่อชาติ,645,0.66,9,97365
2562,pv_62_z_1,pv_62,กำแพงเพชร,ภาคกลาง,1,พลังท้องถิ่นไท,618,0.63,10,97365
2562,pv_62_z_1,pv_62,กำแพงเพชร,ภาคกลาง,1,ชาติไทยพัฒนา,332,0.34,11,97365
2562,pv_62_z_1,pv_62,กำแพงเพชร,ภาคกลาง,1,รักษ์ผืนป่าประเทศไทย,295,0.30,12,97365
2562,pv_62_z_1,pv_62,กำแพงเพชร,ภาคกลาง,1,พลเมืองไทย,288,0.30,13,97365
2562,pv_62_z_1,pv_62,กำแพงเพชร,ภาคกลาง,1,ภราดรภาพ,275,0.28,14,97365
2562,pv_62_z_1,pv_62,กำแพงเพชร,ภาคกลาง,1,พลังไทยรักไทย,254,0.26,15,97365
2562,pv_62_z_1,pv_62,กำแพงเพชร,ภาคกลาง,1,ประชาธิปไตยใหม่,251,0.26,16,97365
2562,pv_62_z_1,pv_62,กำแพงเพชร,ภาคกลาง,1,ไทยศรีวิไลย์,248,0.25,17,97365
2562,pv_62_z_1,pv_62,กำแพงเพชร,ภาคกลาง,1,ประชากรไทย,245,0.25,18,97365
2562,pv_62_z_1,pv_62,กำแพงเพชร,ภาคกลาง,1,พลังชาติไทย,191,0.20,19,97365
2562,pv_62_z_1,pv_62,กำแพงเพชร,ภาคกลาง,1,แผ่นดินธรรม,174,0.18,20,97365
2562,pv_62_z_1,pv_62,กำแพงเพชร,ภาคกลาง,1,ประชาชนปฏิรูป,167,0.17,21,97365
2562,pv_62_z_1,pv_62,กำแพงเพชร,ภาคกลาง,1,พลังประชาธิปไตย,136,0.14,22,97365
2562,pv_62_z_1,pv_62,กำแพงเพชร,ภาคกลาง,1,ครูไทยเพื่อประชาชน,116,0.12,23,97365
2562,pv_62_z_1,pv_62,กำแพงเพชร,ภาคกลาง,1,ประชาภิวัฒน์,91,0.09,24,97365
2562,pv_62_z_1,pv_62,กำแพงเพชร,ภาคกลาง,1,ผึ้งหลวง,91,0.09,25,97365
2562,pv_62_z_1,pv_62,กำแพงเพชร,ภาคกลาง,1,เพื่อแผ่นดิน,69,0.07,26,97365
2562,pv_62_z_1,pv_62,กำแพงเพชร,ภาคกลาง,1,เครือข่ายชาวนาแห่งประเทศไทย,68,0.07,27,97365
2562,pv_62_z_1,pv_62,กำแพงเพชร,ภาคกลาง,1,ประชานิยม,54,0.06,28,97365
2562,pv_62_z_1,pv_62,กำแพงเพชร,ภาคกลาง,1,เพื่อนไทย,0,0.00,29,97365
2562,pv_62_z_1,pv_62,กำแพงเพชร,ภาคกลาง,1,ไทรักธรรม,0,0.00,30,97365
2562,pv_62_z_2,pv_62,กำแพงเพชร,ภาคกลาง,2,พลังประชารัฐ,34271,37.42,1,91596
2562,pv_62_z_2,pv_62,กำแพงเพชร,ภาคกลาง,2,เพื่อไทย,18626,20.33,2,91596
2562,pv_62_z_2,pv_62,กำแพงเพชร,ภาคกลาง,2,ประชาธิปัตย์,13261,14.48,3,91596
2562,pv_62_z_2,pv_62,กำแพงเพชร,ภาคกลาง,2,ภูมิใจไทย,12891,14.07,4,91596
2562,pv_62_z_2,pv_62,กำแพงเพชร,ภาคกลาง,2,พลังท้องถิ่นไท,3634,3.97,5,91596
2562,pv_62_z_2,pv_62,กำแพงเพชร,ภาคกลาง,2,เสรีรวมไทย,1502,1.64,6,91596
2562,pv_62_z_2,pv_62,กำแพงเพชร,ภาคกลาง,2,เศรษฐกิจใหม่,1086,1.19,7,91596
2562,pv_62_z_2,pv_62,กำแพงเพชร,ภาคกลาง,2,พลังชาติไทย,796,0.87,8,91596
2562,pv_62_z_2,pv_62,กำแพงเพชร,ภาคกลาง,2,ชาติไทยพัฒนา,707,0.77,9,91596
2562,pv_62_z_2,pv_62,กำแพงเพชร,ภาคกลาง,2,รวมพลังประชาชาติไทย,475,0.52,10,91596
2562,pv_62_z_2,pv_62,กำแพงเพชร,ภาคกลาง,2,เพื่อชาติ,439,0.48,11,91596
2562,pv_62_z_2,pv_62,กำแพงเพชร,ภาคกลาง,2,ประชานิยม,406,0.44,12,91596
2562,pv_62_z_2,pv_62,กำแพงเพชร,ภาคกลาง,2,พลังไทยรักไทย,388,0.42,13,91596
2562,pv_62_z_2,pv_62,กำแพงเพชร,ภาคกลาง,2,ประชาภิวัฒน์,349,0.38,14,91596
2562,pv_62_z_2,pv_62,กำแพงเพชร,ภาคกลาง,2,ภราดรภาพ,338,0.37,15,91596
2562,pv_62_z_2,pv_62,กำแพงเพชร,ภาคกลาง,2,ครูไทยเพื่อประชาชน,338,0.37,16,91596
2562,pv_62_z_2,pv_62,กำแพงเพชร,ภาคกลาง,2,รักษ์ผืนป่าประเทศไทย,295,0.32,17,91596
2562,pv_62_z_2,pv_62,กำแพงเพชร,ภาคกลาง,2,เพื่อสหกรณ์ไทย,281,0.31,18,91596
2562,pv_62_z_2,pv_62,กำแพงเพชร,ภาคกลาง,2,ประชาชนปฏิรูป,248,0.27,19,91596
2562,pv_62_z_2,pv_62,กำแพงเพชร,ภาคกลาง,2,ชาติพัฒนา,227,0.25,20,91596
2562,pv_62_z_2,pv_62,กำแพงเพชร,ภาคกลาง,2,แผ่นดินธรรม,225,0.25,21,91596
2562,pv_62_z_2,pv_62,กำแพงเพชร,ภาคกลาง,2,เครือข่ายชาวนาแห่งประเทศไทย,165,0.18,22,91596
2562,pv_62_z_2,pv_62,กำแพงเพชร,ภาคกลาง,2,ประชาธิปไตยใหม่,157,0.17,23,91596
2562,pv_62_z_2,pv_62,กำแพงเพชร,ภาคกลาง,2,พลังประชาธิปไตย,149,0.16,24,91596
2562,pv_62_z_2,pv_62,กำแพงเพชร,ภาคกลาง,2,ผึ้งหลวง,138,0.15,25,91596
2562,pv_62_z_2,pv_62,กำแพงเพชร,ภาคกลาง,2,พลังปวงชนไทย,133,0.15,26,91596
2562,pv_62_z_2,pv_62,กำแพงเพชร,ภาคกลาง,2,ไทรักธรรม,71,0.08,27,91596
2562,pv_62_z_2,pv_62,กำแพงเพชร,ภาคกลาง,2,เพื่อนไทย,0,0.00,28,91596
2562,pv_62_z_2,pv_62,กำแพงเพชร,ภาคกลาง,2,อนาคตใหม่,0,0.00,29,91596
2562,pv_62_z_3,pv_62,กำแพงเพชร,ภาคกลาง,3,พลังประชารัฐ,31127,35.80,1,86951
2562,pv_62_z_3,pv_62,กำแพงเพชร,ภาคกลาง,3,ประชาธิปัตย์,21071,24.23,2,86951
2562,pv_62_z_3,pv_62,กำแพงเพชร,ภาคกลาง,3,เพื่อไทย,18522,21.30,3,86951
2562,pv_62_z_3,pv_62,กำแพงเพชร,ภาคกลาง,3,อนาคตใหม่,8966,10.31,4,86951
2562,pv_62_z_3,pv_62,กำแพงเพชร,ภาคกลาง,3,เสรีรวมไทย,981,1.13,5,86951
2562,pv_62_z_3,pv_62,กำแพงเพชร,ภาคกลาง,3,เพื่อชาติ,902,1.04,6,86951
2562,pv_62_z_3,pv_62,กำแพงเพชร,ภาคกลาง,3,ภูมิใจไทย,849,0.98,7,86951
2562,pv_62_z_3,pv_62,กำแพงเพชร,ภาคกลาง,3,ครูไทยเพื่อประชาชน,687,0.79,8,86951
2562,pv_62_z_3,pv_62,กำแพงเพชร,ภาคกลาง,3,เศรษฐกิจใหม่,676,0.78,9,86951
2562,pv_62_z_3,pv_62,กำแพงเพชร,ภาคกลาง,3,พลังไทยรักไทย,541,0.62,10,86951
2562,pv_62_z_3,pv_62,กำแพงเพชร,ภาคกลาง,3,รวมพลังประชาชาติไทย,510,0.59,11,86951
2562,pv_62_z_3,pv_62,กำแพงเพชร,ภาคกลาง,3,ผึ้งหลวง,297,0.34,12,86951
2562,pv_62_z_3,pv_62,กำแพงเพชร,ภาคกลาง,3,พลังท้องถิ่นไท,226,0.26,13,86951
2562,pv_62_z_3,pv_62,กำแพงเพชร,ภาคกลาง,3,ชาติพัฒนา,195,0.22,14,86951
2562,pv_62_z_3,pv_62,กำแพงเพชร,ภาคกลาง,3,ไทยศรีวิไลย์,178,0.20,15,86951
2562,pv_62_z_3,pv_62,กำแพงเพชร,ภาคกลาง,3,รักษ์ผืนป่าประเทศไทย,159,0.18,16,86951
2562,pv_62_z_3,pv_62,กำแพงเพชร,ภาคกลาง,3,ประชานิยม,122,0.14,17,86951
2562,pv_62_z_3,pv_62,กำแพงเพชร,ภาคกลาง,3,พลังชาติไทย,119,0.14,18,86951
2562,pv_62_z_3,pv_62,กำแพงเพชร,ภาคกลาง,3,แผ่นดินธรรม,114,0.13,19,86951
2562,pv_62_z_3,pv_62,กำแพงเพชร,ภาคกลาง,3,พลังปวงชนไทย,112,0.13,20,86951
2562,pv_62_z_3,pv_62,กำแพงเพชร,ภาคกลาง,3,เครือข่ายชาวนาแห่งประเทศไทย,82,0.09,21,86951
2562,pv_62_z_3,pv_62,กำแพงเพชร,ภาคกลาง,3,ประชาภิวัฒน์,81,0.09,22,86951
2562,pv_62_z_3,pv_62,กำแพงเพชร,ภาคกลาง,3,ประชาธิปไตยใหม่,81,0.09,23,86951
2562,pv_62_z_3,pv_62,กำแพงเพชร,ภาคกลาง,3,ชาติไทยพัฒนา,68,0.08,24,86951
2562,pv_62_z_3,pv_62,กำแพงเพชร,ภาคกลาง,3,พลังประชาธิปไตย,59,0.07,25,86951
2562,pv_62_z_3,pv_62,กำแพงเพชร,ภาคกลาง,3,ประชากรไทย,54,0.06,26,86951
2562,pv_62_z_3,pv_62,กำแพงเพชร,ภาคกลาง,3,ไทรักธรรม,53,0.06,27,86951
2562,pv_62_z_3,pv_62,กำแพงเพชร,ภาคกลาง,3,ประชาชนปฏิรูป,51,0.06,28,86951
2562,pv_62_z_3,pv_62,กำแพงเพชร,ภาคกลาง,3,ภาคีเครือข่ายไทย,37,0.04,29,86951
2562,pv_62_z_3,pv_62,กำแพงเพชร,ภาคกลาง,3,ประชาธรรมไทย,31,0.04,30,86951
2562,pv_62_z_3,pv_62,กำแพงเพชร,ภาคกลาง,3,เพื่อแผ่นดิน,0,0.00,31,86951
2562,pv_62_z_3,pv_62,กำแพงเพชร,ภาคกลาง,3,เพื่อนไทย,0,0.00,32,86951
2562,pv_62_z_4,pv_62,กำแพงเพชร,ภาคกลาง,4,พลังประชารัฐ,30112,33.78,1,89152
2562,pv_62_z_4,pv_62,กำแพงเพชร,ภาคกลาง,4,เพื่อไทย,26446,29.66,2,89152
2562,pv_62_z_4,pv_62,กำแพงเพชร,ภาคกลาง,4,ภูมิใจไทย,11536,12.94,3,89152
2562,pv_62_z_4,pv_62,กำแพงเพชร,ภาคกลาง,4,อนาคตใหม่,8242,9.24,4,89152
2562,pv_62_z_4,pv_62,กำแพงเพชร,ภาคกลาง,4,ประชาธิปัตย์,5351,6.00,5,89152
2562,pv_62_z_4,pv_62,กำแพงเพชร,ภาคกลาง,4,พลังท้องถิ่นไท,1135,1.27,6,89152
2562,pv_62_z_4,pv_62,กำแพงเพชร,ภาคกลาง,4,เสรีรวมไทย,1011,1.13,7,89152
2562,pv_62_z_4,pv_62,กำแพงเพชร,ภาคกลาง,4,เครือข่ายชาวนาแห่งประเทศไทย,738,0.83,8,89152
2562,pv_62_z_4,pv_62,กำแพงเพชร,ภาคกลาง,4,เศรษฐกิจใหม่,612,0.69,9,89152
2562,pv_62_z_4,pv_62,กำแพงเพชร,ภาคกลาง,4,ชาติพัฒนา,582,0.65,10,89152
2562,pv_62_z_4,pv_62,กำแพงเพชร,ภาคกลาง,4,เพื่อชาติ,487,0.55,11,89152
2562,pv_62_z_4,pv_62,กำแพงเพชร,ภาคกลาง,4,รวมพลังประชาชาติไทย,472,0.53,12,89152
2562,pv_62_z_4,pv_62,กำแพงเพชร,ภาคกลาง,4,พลังไทยรักไทย,467,0.52,13,89152
2562,pv_62_z_4,pv_62,กำแพงเพชร,ภาคกลาง,4,พลังชาติไทย,322,0.36,14,89152
2562,pv_62_z_4,pv_62,กำแพงเพชร,ภาคกลาง,4,ชาติไทยพัฒนา,220,0.25,15,89152
2562,pv_62_z_4,pv_62,กำแพงเพชร,ภาคกลาง,4,พลังปวงชนไทย,220,0.25,16,89152
2562,pv_62_z_4,pv_62,กำแพงเพชร,ภาคกลาง,4,ประชานิยม,210,0.24,17,89152
2562,pv_62_z_4,pv_62,กำแพงเพชร,ภาคกลาง,4,แผ่นดินธรรม,175,0.20,18,89152
2562,pv_62_z_4,pv_62,กำแพงเพชร,ภาคกลาง,4,ไทยศรีวิไลย์,152,0.17,19,89152
2562,pv_62_z_4,pv_62,กำแพงเพชร,ภาคกลาง,4,รักษ์ผืนป่าประเทศไทย,150,0.17,20,89152
2562,pv_62_z_4,pv_62,กำแพงเพชร,ภาคกลาง,4,ประชาภิวัฒน์,134,0.15,21,89152
2562,pv_62_z_4,pv_62,กำแพงเพชร,ภาคกลาง,4,เพื่อสหกรณ์ไทย,132,0.15,22,89152
2562,pv_62_z_4,pv_62,กำแพงเพชร,ภาคกลาง,4,พลังประชาธิปไตย,67,0.08,23,89152
2562,pv_62_z_4,pv_62,กำแพงเพชร,ภาคกลาง,4,ไทรักธรรม,57,0.06,24,89152
2562,pv_62_z_4,pv_62,กำแพงเพชร,ภาคกลาง,4,ประชาชนปฏิรูป,43,0.05,25,89152
2562,pv_62_z_4,pv_62,กำแพงเพชร,ภาคกลาง,4,ภาคีเครือข่ายไทย,41,0.05,26,89152
2562,pv_62_z_4,pv_62,กำแพงเพชร,ภาคกลาง,4,ผึ้งหลวง,38,0.04,27,89152
2562,pv_62_z_4,pv_62,กำแพงเพชร,ภาคกลาง,4,เพื่อแผ่นดิน,0,0.00,28,89152
2562,pv_62_z_4,pv_62,กำแพงเพชร,ภาคกลาง,4,ไทยรักษาชาติ,0,0.00,29,89152
2562,pv_62_z_4,pv_62,กำแพงเพชร,ภาคกลาง,4,ครูไทยเพื่อประชาชน,0,0.00,30,89152
2562,pv_62_z_4,pv_62,กำแพงเพชร,ภาคกลาง,4,ประชาธรรมไทย,0,0.00,31,89152
2562,pv_81_z_1,pv_81,กระบี่,ภาคใต้,1,ประชาธิปัตย์,44346,35.51,1,124873
2562,pv_81_z_1,pv_81,กระบี่,ภาคใต้,1,พลังประชารัฐ,30381,24.33,2,124873
2562,pv_81_z_1,pv_81,กระบี่,ภาคใต้,1,อนาคตใหม่,17783,14.24,3,124873
2562,pv_81_z_1,pv_81,กระบี่,ภาคใต้,1,ประชาชาติ,8484,6.79,4,124873
2562,pv_81_z_1,pv_81,กระบี่,ภาคใต้,1,ภูมิใจไทย,4784,3.83,5,124873
2562,pv_81_z_1,pv_81,กระบี่,ภาคใต้,1,เสรีรวมไทย,3474,2.78,6,124873
2562,pv_81_z_1,pv_81,กระบี่,ภาคใต้,1,รวมพลังประชาชาติไทย,2032,1.63,7,124873
2562,pv_81_z_1,pv_81,กระบี่,ภาคใต้,1,แทนคุณแผ่นดิน,1986,1.59,8,124873
2562,pv_81_z_1,pv_81,กระบี่,ภาคใต้,1,เศรษฐกิจใหม่,1596,1.28,9,124873
2562,pv_81_z_1,pv_81,กระบี่,ภาคใต้,1,ชาติไทยพัฒนา,1128,0.90,10,124873
2562,pv_81_z_1,pv_81,กระบี่,ภาคใต้,1,เพื่อชาติ,942,0.75,11,124873
2562,pv_81_z_1,pv_81,กระบี่,ภาคใต้,1,กรีน,714,0.57,12,124873
2562,pv_81_z_1,pv_81,กระบี่,ภาคใต้,1,ประชาธิปไตยใหม่,672,0.54,13,124873
2562,pv_81_z_1,pv_81,กระบี่,ภาคใต้,1,พลังไทยรักไทย,634,0.51,14,124873
2562,pv_81_z_1,pv_81,กระบี่,ภาคใต้,1,ประชาภิวัฒน์,623,0.50,15,124873
2562,pv_81_z_1,pv_81,กระบี่,ภาคใต้,1,พลังสังคม,572,0.46,16,124873
2562,pv_81_z_1,pv_81,กระบี่,ภาคใต้,1,รักษ์ผืนป่าประเทศไทย,455,0.36,17,124873
2562,pv_81_z_1,pv_81,กระบี่,ภาคใต้,1,ความหวังใหม่,452,0.36,18,124873
2562,pv_81_z_1,pv_81,กระบี่,ภาคใต้,1,พลังชาติไทย,424,0.34,19,124873
2562,pv_81_z_1,pv_81,กระบี่,ภาคใต้,1,ภราดรภาพ,415,0.33,20,124873
2562,pv_81_z_1,pv_81,กระบี่,ภาคใต้,1,ถิ่นกาขาวชาววิไล,401,0.32,21,124873
2562,pv_81_z_1,pv_81,กระบี่,ภาคใต้,1,พลังไทยรักชาติ,389,0.31,22,124873
2562,pv_81_z_1,pv_81,กระบี่,ภาคใต้,1,พลังท้องถิ่นไท,374,0.30,23,124873
2562,pv_81_z_1,pv_81,กระบี่,ภาคใต้,1,ไทยศรีวิไลย์,313,0.25,24,124873
2562,pv_81_z_1,pv_81,กระบี่,ภาคใต้,1,พลังธรรมใหม่,289,0.23,25,124873
2562,pv_81_z_1,pv_81,กระบี่,ภาคใต้,1,ชาติพัฒนา,273,0.22,26,124873
2562,pv_81_z_1,pv_81,กระบี่,ภาคใต้,1,ไทรักธรรม,272,0.22,27,124873
2562,pv_81_z_1,pv_81,กระบี่,ภาคใต้,1,ประชานิยม,272,0.22,28,124873
2562,pv_81_z_1,pv_81,กระบี่,ภาคใต้,1,คลองไทย,116,0.09,29,124873
2562,pv_81_z_1,pv_81,กระบี่,ภาคใต้,1,ครูไทยเพื่อประชาชน,108,0.09,30,124873
2562,pv_81_z_1,pv_81,กระบี่,ภาคใต้,1,เพื่อแผ่นดิน,93,0.07,31,124873
2562,pv_81_z_1,pv_81,กระบี่,ภาคใต้,1,ประชาชนปฏิรูป,76,0.06,32,124873
2562,pv_81_z_1,pv_81,กระบี่,ภาคใต้,1,ไทยรักษาชาติ,0,0.00,33,124873
2562,pv_81_z_2,pv_81,กระบี่,ภาคใต้,2,ภูมิใจไทย,41978,32.28,1,130062
2562,pv_81_z_2,pv_81,กระบี่,ภาคใต้,2,ประชาธิปัตย์,40014,30.77,2,130062
2562,pv_81_z_2,pv_81,กระบี่,ภาคใต้,2,พลังประชารัฐ,12531,9.63,3,130062
2562,pv_81_z_2,pv_81,กระบี่,ภาคใต้,2,อนาคตใหม่,12412,9.54,4,130062
2562,pv_81_z_2,pv_81,กระบี่,ภาคใต้,2,เพื่อไทย,6852,5.27,5,130062
2562,pv_81_z_2,pv_81,กระบี่,ภาคใต้,2,ประชาชาติ,5204,4.00,6,130062
2562,pv_81_z_2,pv_81,กระบี่,ภาคใต้,2,เสรีรวมไทย,1660,1.28,7,130062
2562,pv_81_z_2,pv_81,กระบี่,ภาคใต้,2,เศรษฐกิจใหม่,1227,0.94,8,130062
2562,pv_81_z_2,pv_81,กระบี่,ภาคใต้,2,ประชาธิปไตยใหม่,993,0.76,9,130062
2562,pv_81_z_2,pv_81,กระบี่,ภาคใต้,2,เพื่อชาติ,858,0.66,10,130062
2562,pv_81_z_2,pv_81,กระบี่,ภาคใต้,2,พลังท้องถิ่นไท,705,0.54,11,130062
2562,pv_81_z_2,pv_81,กระบี่,ภาคใต้,2,คลองไทย,593,0.46,12,130062
2562,pv_81_z_2,pv_81,กระบี่,ภาคใต้,2,ประชานิยม,538,0.41,13,130062
2562,pv_81_z_2,pv_81,กระบี่,ภาคใต้,2,แทนคุณแผ่นดิน,481,0.37,14,130062
2562,pv_81_z_2,pv_81,กระบี่,ภาคใต้,2,รวมพลังประชาชาติไทย,418,0.32,15,130062
2562,pv_81_z_2,pv_81,กระบี่,ภาคใต้,2,พลังชาติไทย,324,0.25,16,130062
2562,pv_81_z_2,pv_81,กระบี่,ภาคใต้,2,ชาติไทยพัฒนา,298,0.23,17,130062
2562,pv_81_z_2,pv_81,กระบี่,ภาคใต้,2,ประชาชนปฏิรูป,289,0.22,18,130062
2562,pv_81_z_2,pv_81,กระบี่,ภาคใต้,2,พลังธรรมใหม่,286,0.22,19,130062
2562,pv_81_z_2,pv_81,กระบี่,ภาคใต้,2,เพื่อแผ่นดิน,247,0.19,20,130062
2562,pv_81_z_2,pv_81,กระบี่,ภาคใต้,2,ชาติพัฒนา,243,0.19,21,130062
2562,pv_81_z_2,pv_81,กระบี่,ภาคใต้,2,พลังศรัทธา,224,0.17,22,130062
2562,pv_81_z_2,pv_81,กระบี่,ภาคใต้,2,รักษ์ผืนป่าประเทศไทย,216,0.17,23,130062
2562,pv_81_z_2,pv_81,กระบี่,ภาคใต้,2,แผ่นดินธรรม,212,0.16,24,130062
2562,pv_81_z_2,pv_81,กระบี่,ภาคใต้,2,ไทยศรีวิไลย์,205,0.16,25,130062
2562,pv_81_z_2,pv_81,กระบี่,ภาคใต้,2,ความหวังใหม่,169,0.13,26,130062
2562,pv_81_z_2,pv_81,กระบี่,ภาคใต้,2,ทางเลือกใหม่,160,0.12,27,130062
2562,pv_81_z_2,pv_81,กระบี่,ภาคใต้,2,กรีน,150,0.12,28,130062
2562,pv_81_z_2,pv_81,กระบี่,ภาคใต้,2,พลังไทยรักไทย,146,0.11,29,130062
2562,pv_81_z_2,pv_81,กระบี่,ภาคใต้,2,ไทรักธรรม,110,0.08,30,130062
2562,pv_81_z_2,pv_81,กระบี่,ภาคใต้,2,ประชาธรรมไทย,107,0.08,31,130062
2562,pv_81_z_2,pv_81,กระบี่,ภาคใต้,2,ครูไทยเพื่อประชาชน,106,0.08,32,130062
2562,pv_81_z_2,pv_81,กระบี่,ภาคใต้,2,พลังไทสร้างชาติ,106,0.08,33,130062
2562,pv_81_z_2,pv_81,กระบี่,ภาคใต้,2,ไทยรักษาชาติ,0,0.00,34,130062
2562,pv_10_z_1,pv_10,กรุงเทพมหานคร,กรุงเทพมหานคร,1,พลังประชารัฐ,23246,28.61,1,81257
2562,pv_10_z_1,pv_10,กรุงเทพมหานคร,กรุงเทพมหานคร,1,อนาคตใหม่,18091,22.26,2,81257
2562,pv_10_z_1,pv_10,กรุงเทพมหานคร,กรุงเทพมหานคร,1,เพื่อไทย,15904,19.57,3,81257
2562,pv_10_z_1,pv_10,กรุงเทพมหานคร,กรุงเทพมหานคร,1,ประชาธิปัตย์,14348,17.66,4,81257
2562,pv_10_z_1,pv_10,กรุงเทพมหานคร,กรุงเทพมหานคร,1,เศรษฐกิจใหม่,4522,5.57,5,81257
2562,pv_10_z_1,pv_10,กรุงเทพมหานคร,กรุงเทพมหานคร,1,เสรีรวมไทย,1687,2.08,6,81257
2562,pv_10_z_1,pv_10,กรุงเทพมหานคร,กรุงเทพมหานคร,1,ภูมิใจไทย,806,0.99,7,81257
2562,pv_10_z_1,pv_10,กรุงเทพมหานคร,กรุงเทพมหานคร,1,รวมพลังประชาชาติไทย,547,0.67,8,81257
2562,pv_10_z_1,pv_10,กรุงเทพมหานคร,กรุงเทพมหานคร,1,พลังท้องถิ่นไท,426,0.52,9,81257
2562,pv_10_z_1,pv_10,กรุงเทพมหานคร,กรุงเทพมหานคร,1,รักษ์ผืนป่าประเทศไทย,301,0.37,10,81257
2562,pv_10_z_1,pv_10,กรุงเทพมหานคร,กรุงเทพมหานคร,1,ประชาชนปฏิรูป,268,0.33,11,81257
2562,pv_10_z_1,pv_10,กรุงเทพมหานคร,กรุงเทพมหานคร,1,ไทยศรีวิไลย์,223,0.27,12,81257
2562,pv_10_z_1,pv_10,กรุงเทพมหานคร,กรุงเทพมหานคร,1,ชาติไทยพัฒนา,212,0.26,13,81257
2562,pv_10_z_1,pv_10,กรุงเทพมหานคร,กรุงเทพมหานคร,1,เพื่อชาติ,168,0.21,14,81257
2562,pv_10_z_1,pv_10,กรุงเทพมหานคร,กรุงเทพมหานคร,1,ประชาชาติ,91,0.11,15,81257
2562,pv_10_z_1,pv_10,กรุงเทพมหานคร,กรุงเทพมหานคร,1,ภราดรภาพ,62,0.08,16,81257
2562,pv_10_z_1,pv_10,กรุงเทพมหานคร,กรุงเทพมหานคร,1,ประชาภิวัฒน์,54,0.07,17,81257
2562,pv_10_z_1,pv_10,กรุงเทพมหานคร,กรุงเทพมหานคร,1,ถิ่นกาขาวชาววิไล,36,0.04,18,81257
2562,pv_10_z_1,pv_10,กรุงเทพมหานคร,กรุงเทพมหานคร,1,แผ่นดินธรรม,34,0.04,19,81257
2562,pv_10_z_1,pv_10,กรุงเทพมหานคร,กรุงเทพมหานคร,1,เพื่อแผ่นดิน,33,0.04,20,81257
2562,pv_10_z_1,pv_10,กรุงเทพมหานคร,กรุงเทพมหานคร,1,พลังชาติไทย,27,0.03,21,81257
2562,pv_10_z_1,pv_10,กรุงเทพมหานคร,กรุงเทพมหานคร,1,มหาชน,25,0.03,22,81257
2562,pv_10_z_1,pv_10,กรุงเทพมหานคร,กรุงเทพมหานคร,1,ไทรักธรรม,25,0.03,23,81257
2562,pv_10_z_1,pv_10,กรุงเทพมหานคร,กรุงเทพมหานคร,1,ครูไทยเพื่อประชาชน,24,0.03,24,81257
2562,pv_10_z_1,pv_10,กรุงเทพมหานคร,กรุงเทพมหานคร,1,ประชานิยม,23,0.03,25,81257
2562,pv_10_z_1,pv_10,กรุงเทพมหานคร,กรุงเทพมหานคร,1,ประชาธรรมไทย,21,0.03,26,81257
2562,pv_10_z_1,pv_10,กรุงเทพมหานคร,กรุงเทพมหานคร,1,ภาคีเครือข่ายไทย,20,0.02,27,81257
2562,pv_10_z_1,pv_10,กรุงเทพมหานคร,กรุงเทพมหานคร,1,มติประชา,18,0.02,28,81257
2562,pv_10_z_1,pv_10,กรุงเทพมหานคร,กรุงเทพมหานคร,1,พลังศรัทธา,15,0.02,29,81257
2562,pv_10_z_1,pv_10,กรุงเทพมหานคร,กรุงเทพมหานคร,1,ชาติพัฒนา,0,0.00,30,81257
2562,pv_10_z_2,pv_10,กรุงเทพมหานคร,กรุงเทพมหานคร,2,พลังประชารัฐ,26909,31.04,1,86701
2562,pv_10_z_2,pv_10,กรุงเทพมหานคร,กรุงเทพมหานคร,2,อนาคตใหม่,26636,30.72,2,86701
2562,pv_10_z_2,pv_10,กรุงเทพมหานคร,กรุงเทพมหานคร,2,ประชาธิปัตย์,16269,18.76,3,86701
2562,pv_10_z_2,pv_10,กรุงเทพมหานคร,กรุงเทพมหานคร,2,เศรษฐกิจใหม่,5610,6.47,4,86701
2562,pv_10_z_2,pv_10,กรุงเทพมหานคร,กรุงเทพมหานคร,2,เสรีรวมไทย,3434,3.96,5,86701
2562,pv_10_z_2,pv_10,กรุงเทพมหานคร,กรุงเทพมหานคร,2,ภูมิใจไทย,2947,3.40,6,86701
2562,pv_10_z_2,pv_10,กรุงเทพมหานคร,กรุงเทพมหานคร,2,เพื่อชาติ,2142,2.47,7,86701
2562,pv_10_z_2,pv_10,กรุงเทพมหานคร,กรุงเทพมหานคร,2,รวมพลังประชาชาติไทย,1022,1.18,8,86701
2562,pv_10_z_2,pv_10,กรุงเทพมหานคร,กรุงเทพมหานคร,2,รักษ์ผืนป่าประเทศไทย,246,0.28,9,86701
2562,pv_10_z_2,pv_10,กรุงเทพมหานคร,กรุงเทพมหานคร,2,ประชาชนปฏิรูป,195,0.22,10,86701
2562,pv_10_z_2,pv_10,กรุงเทพมหานคร,กรุงเทพมหานคร,2,ชาติพัฒนา,189,0.22,11,86701
2562,pv_10_z_2,pv_10,กรุงเทพมหานคร,กรุงเทพมหานคร,2,ประชาชาติ,166,0.19,12,86701
2562,pv_10_z_2,pv_10,กรุงเทพมหานคร,กรุงเทพมหานคร,2,ชาติไทยพัฒนา,162,0.19,13,86701
2562,pv_10_z_2,pv_10,กรุงเทพมหานคร,กรุงเทพมหานคร,2,พลังท้องถิ่นไท,103,0.12,14,86701
2562,pv_10_z_2,pv_10,กรุงเทพมหานคร,กรุงเทพมหานคร,2,พลังประชาธิปไตย,102,0.12,15,86701
2562,pv_10_z_2,pv_10,กรุงเทพมหานคร,กรุงเทพมหานคร,2,พลังชาติไทย,86,0.10,16,86701
2562,pv_10_z_2,pv_10,กรุงเทพมหานคร,กรุงเทพมหานคร,2,มติประชา,55,0.06,17,86701
2562,pv_10_z_2,pv_10,กรุงเทพมหานคร,กรุงเทพมหานคร,2,แผ่นดินธรรม,51,0.06,18,86701
2562,pv_10_z_2,pv_10,กรุงเทพมหานคร,กรุงเทพมหานคร,2,ประชานิยม,49,0.06,19,86701
2562,pv_10_z_2,pv_10,กรุงเทพมหานคร,กรุงเทพมหานคร,2,สามัญชน,47,0.05,20,86701
2562,pv_10_z_2,pv_10,กรุงเทพมหานคร,กรุงเทพมหานคร,2,พลังสังคม,41,0.05,21,86701
2562,pv_10_z_2,pv_10,กรุงเทพมหานคร,กรุงเทพมหานคร,2,ครูไทยเพื่อประชาชน,40,0.05,22,86701
2562,pv_10_z_2,pv_10,กรุงเทพมหานคร,กรุงเทพมหานคร,2,ถิ่นกาขาวชาววิไล,38,0.04,23,86701
2562,pv_10_z_2,pv_10,กรุงเทพมหานคร,กรุงเทพมหานคร,2,ประชาภิวัฒน์,36,0.04,24,86701
2562,pv_10_z_2,pv_10,กรุงเทพมหานคร,กรุงเทพมหานคร,2,กลาง,34,0.04,25,86701
2562,pv_10_z_2,pv_10,กรุงเทพมหานคร,กรุงเทพมหานคร,2,มหาชน,27,0.03,26,86701
2562,pv_10_z_2,pv_10,กรุงเทพมหานคร,กรุงเทพมหานคร,2,ภาคีเครือข่ายไทย,23,0.03,27,86701
2562,pv_10_z_2,pv_10,กรุงเทพมหานคร,กรุงเทพมหานคร,2,ประชาธรรมไทย,23,0.03,28,86701
2562,pv_10_z_2,pv_10,กรุงเทพมหานคร,กรุงเทพมหานคร,2,ภราดรภาพ,19,0.02,29,86701
2562,pv_10_z_2,pv_10,กรุงเทพมหานคร,กรุงเทพมหานคร,2,ไทยรักษาชาติ,0,0.00,30,86701
2562,pv_10_z_2,pv_10,กรุงเทพมหานคร,กรุงเทพมหานคร,2,เพื่อแผ่นดิน,0,0.00,31,86701
2562,pv_10_z_3,pv_10,กรุงเทพมหานคร,กรุงเทพมหานคร,3,อนาคตใหม่,28444,33.05,1,86067
2562,pv_10_z_3,pv_10,กรุงเทพมหานคร,กรุงเทพมหานคร,3,พลังประชารัฐ,25148,29.22,2,86067
2562,pv_10_z_3,pv_10,กรุงเทพมหานคร,กรุงเทพมหานคร,3,ประชาธิปัตย์,17029,19.79,3,86067
2562,pv_10_z_3,pv_10,กรุงเทพมหานคร,กรุงเทพมหานคร,3,เศรษฐกิจใหม่,5788,6.72,4,86067
2562,pv_10_z_3,pv_10,กรุงเทพมหานคร,กรุงเทพมหานคร,3,เสรีรวมไทย,3832,4.45,5,86067
2562,pv_10_z_3,pv_10,กรุงเทพมหานคร,กรุงเทพมหานคร,3,เพื่อชาติ,1209,1.40,6,86067
2562,pv_10_z_3,pv_10,กรุงเทพมหานคร,กรุงเทพมหานคร,3,ภูมิใจไทย,1082,1.26,7,86067
2562,pv_10_z_3,pv_10,กรุงเทพมหานคร,กรุงเทพมหานคร,3,รวมพลังประชาชาติไทย,546,0.63,8,86067
2562,pv_10_z_3,pv_10,กรุงเทพมหานคร,กรุงเทพมหานคร,3,ชาติพัฒนา,369,0.43,9,86067
2562,pv_10_z_3,pv_10,กรุงเทพมหานคร,กรุงเทพมหานคร,3,ประชาชนปฏิรูป,350,0.41,10,86067
2562,pv_10_z_3,pv_10,กรุงเทพมหานคร,กรุงเทพมหานคร,3,พลังท้องถิ่นไท,284,0.33,11,86067
2562,pv_10_z_3,pv_10,กรุงเทพมหานคร,กรุงเทพมหานคร,3,รักษ์ผืนป่าประเทศไทย,247,0.29,12,86067
2562,pv_10_z_3,pv_10,กรุงเทพมหานคร,กรุงเทพมหานคร,3,ประชาชาติ,235,0.27,13,86067
2562,pv_10_z_3,pv_10,กรุงเทพมหานคร,กรุงเทพมหานคร,3,ชาติไทยพัฒนา,208,0.24,14,86067
2562,pv_10_z_3,pv_10,กรุงเทพมหานคร,กรุงเทพมหานคร,3,ประชาภิวัฒน์,186,0.22,15,86067
2562,pv_10_z_3,pv_10,กรุงเทพมหานคร,กรุงเทพมหานคร,3,ไทยศรีวิไลย์,183,0.21,16,86067
2562,pv_10_z_3,pv_10,กรุงเทพมหานคร,กรุงเทพมหานคร,3,พลังไทยรักชาติ,147,0.17,17,86067
2562,pv_10_z_3,pv_10,กรุงเทพมหานคร,กรุงเทพมหานคร,3,ครูไทยเพื่อประชาชน,142,0.16,18,86067
2562,pv_10_z_3,pv_10,กรุงเทพมหานคร,กรุงเทพมหานคร,3,พลังชาติไทย,129,0.15,19,86067
2562,pv_10_z_3,pv_10,กรุงเทพมหานคร,กรุงเทพมหานคร,3,พลังธรรมใหม่,102,0.12,20,86067
2562,pv_10_z_3,pv_10,กรุงเทพมหานคร,กรุงเทพมหานคร,3,ประชาธิปไตยใหม่,101,0.12,21,86067
2562,pv_10_z_3,pv_10,กรุงเทพมหานคร,กรุงเทพมหานคร,3,ประชานิยม,40,0.05,22,86067
2562,pv_10_z_3,pv_10,กรุงเทพมหานคร,กรุงเทพมหานคร,3,ภราดรภาพ,36,0.04,23,86067
2562,pv_10_z_3,pv_10,กรุงเทพมหานคร,กรุงเทพมหานคร,3,พลังไทสร้างชาติ,34,0.04,24,86067
2562,pv_10_z_3,pv_10,กรุงเทพมหานคร,กรุงเทพมหานคร,3,แผ่นดินธรรม,34,0.04,25,86067
2562,pv_10_z_3,pv_10,กรุงเทพมหานคร,กรุงเทพมหานคร,3,พลังศรัทธา,32,0.04,26,86067
2562,pv_10_z_3,pv_10,กรุงเทพมหานคร,กรุงเทพมหานคร,3,พลังสังคม,29,0.03,27,86067
2562,pv_10_z_3,pv_10,กรุงเทพมหานคร,กรุงเทพมหานคร,3,ไทรักธรรม,28,0.03,28,86067
2562,pv_10_z_3,pv_10,กรุงเทพมหานคร,กรุงเทพมหานคร,3,มหาชน,27,0.03,29,86067
2562,pv_10_z_3,pv_10,กรุงเทพมหานคร,กรุงเทพมหานคร,3,ประชาธรรมไทย,25,0.03,30,86067
2562,pv_10_z_3,pv_10,กรุงเทพมหานคร,กรุงเทพมหานคร,3,ภาคีเครือข่ายไทย,12,0.01,31,86067
2562,pv_10_z_3,pv_10,กรุงเทพมหานคร,กรุงเทพมหานคร,3,มติประชา,9,0.01,32,86067
2562,pv_10_z_3,pv_10,กรุงเทพมหานคร,กรุงเทพมหานคร,3,ไทยรักษาชาติ,0,0.00,33,86067
2562,pv_10_z_4,pv_10,กรุงเทพมหานคร,กรุงเทพมหานคร,4,พลังประชารัฐ,27620,33.51,1,82412
2562,pv_10_z_4,pv_10,กรุงเทพมหานคร,กรุงเทพมหานคร,4,อนาคตใหม่,25588,31.05,2,82412
2562,pv_10_z_4,pv_10,กรุงเทพมหานคร,กรุงเทพมหานคร,4,ประชาธิปัตย์,13890,16.85,3,82412
2562,pv_10_z_4,pv_10,กรุงเทพมหานคร,กรุงเทพมหานคร,4,เศรษฐกิจใหม่,4408,5.35,4,82412
2562,pv_10_z_4,pv_10,กรุงเทพมหานคร,กรุงเทพมหานคร,4,เพื่อชาติ,3424,4.15,5,82412
2562,pv_10_z_4,pv_10,กรุงเทพมหานคร,กรุงเทพมหานคร,4,เสรีรวมไทย,3199,3.88,6,82412
2562,pv_10_z_4,pv_10,กรุงเทพมหานคร,กรุงเทพมหานคร,4,ภูมิใจไทย,898,1.09,7,82412
2562,pv_10_z_4,pv_10,กรุงเทพมหานคร,กรุงเทพมหานคร,4,รวมพลังประชาชาติไทย,712,0.86,8,82412
2562,pv_10_z_4,pv_10,กรุงเทพมหานคร,กรุงเทพมหานคร,4,ประชาชาติ,420,0.51,9,82412
2562,pv_10_z_4,pv_10,กรุงเทพมหานคร,กรุงเทพมหานคร,4,พลังท้องถิ่นไท,395,0.48,10,82412
2562,pv_10_z_4,pv_10,กรุงเทพมหานคร,กรุงเทพมหานคร,4,ชาติพัฒนา,269,0.33,11,82412
2562,pv_10_z_4,pv_10,กรุงเทพมหานคร,กรุงเทพมหานคร,4,รักษ์ผืนป่าประเทศไทย,269,0.33,12,82412
2562,pv_10_z_4,pv_10,กรุงเทพมหานคร,กรุงเทพมหานคร,4,ชาติไทยพัฒนา,202,0.25,13,82412
2562,pv_10_z_4,pv_10,กรุงเทพมหานคร,กรุงเทพมหานคร,4,ประชาชนปฏิรูป,179,0.22,14,82412
2562,pv_10_z_4,pv_10,กรุงเทพมหานคร,กรุงเทพมหานคร,4,ไทยศรีวิไลย์,165,0.20,15,82412
2562,pv_10_z_4,pv_10,กรุงเทพมหานคร,กรุงเทพมหานคร,4,พลังไทสร้างชาติ,124,0.15,16,82412
2562,pv_10_z_4,pv_10,กรุงเทพมหานคร,กรุงเทพมหานคร,4,ประชากรไทย,75,0.09,17,82412
2562,pv_10_z_4,pv_10,กรุงเทพมหานคร,กรุงเทพมหานคร,4,ประชาธิปไตยใหม่,74,0.09,18,82412
2562,pv_10_z_4,pv_10,กรุงเทพมหานคร,กรุงเทพมหานคร,4,มติประชา,71,0.09,19,82412
2562,pv_10_z_4,pv_10,กรุงเทพมหานคร,กรุงเทพมหานคร,4,พลังชาติไทย,64,0.08,20,82412
2562,pv_10_z_4,pv_10,กรุงเทพมหานคร,กรุงเทพมหานคร,4,มหาชน,62,0.08,21,82412
2562,pv_10_z_4,pv_10,กรุงเทพมหานคร,กรุงเทพมหานคร,4,ประชานิยม,51,0.06,22,82412
2562,pv_10_z_4,pv_10,กรุงเทพมหานคร,กรุงเทพมหานคร,4,ครูไทยเพื่อประชาชน,45,0.05,23,82412
2562,pv_10_z_4,pv_10,กรุงเทพมหานคร,กรุงเทพมหานคร,4,ประชาภิวัฒน์,40,0.05,24,82412
2562,pv_10_z_4,pv_10,กรุงเทพมหานคร,กรุงเทพมหานคร,4,พลังรัก,35,0.04,25,82412
2562,pv_10_z_4,pv_10,กรุงเทพมหานคร,กรุงเทพมหานคร,4,ไทรักธรรม,32,0.04,26,82412
2562,pv_10_z_4,pv_10,กรุงเทพมหานคร,กรุงเทพมหานคร,4,ภราดรภาพ,26,0.03,27,82412
2562,pv_10_z_4,pv_10,กรุงเทพมหานคร,กรุงเทพมหานคร,4,พลเมืองไทย,25,0.03,28,82412
2562,pv_10_z_4,pv_10,กรุงเทพมหานคร,กรุงเทพมหานคร,4,พลังศรัทธา,20,0.02,29,82412
2562,pv_10_z_4,pv_10,กรุงเทพมหานคร,กรุงเทพมหานคร,4,ภาคีเครือข่ายไทย,17,0.02,30,82412
2562,pv_10_z_4,pv_10,กรุงเทพมหานคร,กรุงเทพมหานคร,4,ประชาธรรมไทย,13,0.02,31,82412
2562,pv_10_z_4,pv_10,กรุงเทพมหานคร,กรุงเทพมหานคร,4,ไทยรักษาชาติ,0,0.00,32,82412
2562,pv_10_z_5,pv_10,กรุงเทพมหานคร,กรุงเทพมหานคร,5,เพื่อไทย,27897,24.86,1,112195
2562,pv_10_z_5,pv_10,กรุงเทพมหานคร,กรุงเทพมหานคร,5,พลังประชารัฐ,27667,24.66,2,112195
2562,pv_10_z_5,pv_10,กรุงเทพมหานคร,กรุงเทพมหานคร,5,อนาคตใหม่,25484,22.71,3,112195
2562,pv_10_z_5,pv_10,กรุงเทพมหานคร,กรุงเทพมหานคร,5,ประชาธิปัตย์,18711,16.68,4,112195
2562,pv_10_z_5,pv_10,กรุงเทพมหานคร,กรุงเทพมหานคร,5,เศรษฐกิจใหม่,5707,5.09,5,112195
2562,pv_10_z_5,pv_10,กรุงเทพมหานคร,กรุงเทพมหานคร,5,เสรีรวมไทย,2583,2.30,6,112195
2562,pv_10_z_5,pv_10,กรุงเทพมหานคร,กรุงเทพมหานคร,5,ภูมิใจไทย,746,0.66,7,112195
2562,pv_10_z_5,pv_10,กรุงเทพมหานคร,กรุงเทพมหานคร,5,รวมพลังประชาชาติไทย,603,0.54,8,112195
2562,pv_10_z_5,pv_10,กรุงเทพมหานคร,กรุงเทพมหานคร,5,ชาติไทยพัฒนา,436,0.39,9,112195
2562,pv_10_z_5,pv_10,กรุงเทพมหานคร,กรุงเทพมหานคร,5,รักษ์ผืนป่าประเทศไทย,369,0.33,10,112195
2562,pv_10_z_5,pv_10,กรุงเทพมหานคร,กรุงเทพมหานคร,5,ชาติพัฒนา,291,0.26,11,112195
2562,pv_10_z_5,pv_10,กรุงเทพมหานคร,กรุงเทพมหานคร,5,เพื่อชาติ,221,0.20,12,112195
2562,pv_10_z_5,pv_10,กรุงเทพมหานคร,กรุงเทพมหานคร,5,ไทยศรีวิไลย์,209,0.19,13,112195
2562,pv_10_z_5,pv_10,กรุงเทพมหานคร,กรุงเทพมหานคร,5,ชาติพันธุ์ไทย,164,0.15,14,112195
2562,pv_10_z_5,pv_10,กรุงเทพมหานคร,กรุงเทพมหานคร,5,ประชาชาติ,140,0.12,15,112195
2562,pv_10_z_5,pv_10,กรุงเทพมหานคร,กรุงเทพมหานคร,5,ประชาธิปไตยใหม่,107,0.10,16,112195
2562,pv_10_z_5,pv_10,กรุงเทพมหานคร,กรุงเทพมหานคร,5,พลังชาติไทย,104,0.09,17,112195
2562,pv_10_z_5,pv_10,กรุงเทพมหานคร,กรุงเทพมหานคร,5,ประชาภิวัฒน์,97,0.09,18,112195
2562,pv_10_z_5,pv_10,กรุงเทพมหานคร,กรุงเทพมหานคร,5,พลังสังคม,97,0.09,19,112195
2562,pv_10_z_5,pv_10,กรุงเทพมหานคร,กรุงเทพมหานคร,5,พลังธรรมใหม่,92,0.08,20,112195
2562,pv_10_z_5,pv_10,กรุงเทพมหานคร,กรุงเทพมหานคร,5,พลังท้องถิ่นไท,86,0.08,21,112195
2562,pv_10_z_5,pv_10,กรุงเทพมหานคร,กรุงเทพมหานคร,5,พลังประชาธิปไตย,82,0.07,22,112195
2562,pv_10_z_5,pv_10,กรุงเทพมหานคร,กรุงเทพมหานคร,5,พลังไทยรักไทย,77,0.07,23,112195
2562,pv_10_z_5,pv_10,กรุงเทพมหานคร,กรุงเทพมหานคร,5,ครูไทยเพื่อประชาชน,56,0.05,24,112195
2562,pv_10_z_5,pv_10,กรุงเทพมหานคร,กรุงเทพมหานคร,5,ภราดรภาพ,38,0.03,25,112195
2562,pv_10_z_5,pv_10,กรุงเทพมหานคร,กรุงเทพมหานคร,5,ประชานิยม,38,0.03,26,112195
2562,pv_10_z_5,pv_10,กรุงเทพมหานคร,กรุงเทพมหานคร,5,มหาชน,30,0.03,27,112195
2562,pv_10_z_5,pv_10,กรุงเทพมหานคร,กรุงเทพมหานคร,5,ภาคีเครือข่ายไทย,24,0.02,28,112195
2562,pv_10_z_5,pv_10,กรุงเทพมหานคร,กรุงเทพมหานคร,5,ประชาธรรมไทย,16,0.01,29,112195
2562,pv_10_z_5,pv_10,กรุงเทพมหานคร,กรุงเทพมหานคร,5,พลังปวงชนไทย,14,0.01,30,112195
2562,pv_10_z_5,pv_10,กรุงเทพมหานคร,กรุงเทพมหานคร,5,มติประชา,9,0.01,31,112195
2562,pv_10_z_5,pv_10,กรุงเทพมหานคร,กรุงเทพมหานคร,5,ประชาชนปฏิรูป,0,0.00,32,112195
2562,pv_10_z_5,pv_10,กรุงเทพมหานคร,กรุงเทพมหานคร,5,พลังไทสร้างชาติ,0,0.00,33,112195
2562,pv_10_z_6,pv_10,กรุงเทพมหานคร,กรุงเทพมหานคร,6,พลังประชารัฐ,28690,27.62,1,103879
2562,pv_10_z_6,pv_10,กรุงเทพมหานคร,กรุงเทพมหานคร,6,อนาคตใหม่,23980,23.08,2,103879
2562,pv_10_z_6,pv_10,กรุงเทพมหานคร,กรุงเทพมหานคร,6,เพื่อไทย,22275,21.44,3,103879
2562,pv_10_z_6,pv_10,กรุงเทพมหานคร,กรุงเทพมหานคร,6,ประชาธิปัตย์,16525,15.91,4,103879
2562,pv_10_z_6,pv_10,กรุงเทพมหานคร,กรุงเทพมหานคร,6,เศรษฐกิจใหม่,5416,5.21,5,103879
2562,pv_10_z_6,pv_10,กรุงเทพมหานคร,กรุงเทพมหานคร,6,เสรีรวมไทย,2471,2.38,6,103879
2562,pv_10_z_6,pv_10,กรุงเทพมหานคร,กรุงเทพมหานคร,6,ภูมิใจไทย,1101,1.06,7,103879
2562,pv_10_z_6,pv_10,กรุงเทพมหานคร,กรุงเทพมหานคร,6,รวมพลังประชาชาติไทย,811,0.78,8,103879
2562,pv_10_z_6,pv_10,กรุงเทพมหานคร,กรุงเทพมหานคร,6,รักษ์ผืนป่าประเทศไทย,429,0.41,9,103879
2562,pv_10_z_6,pv_10,กรุงเทพมหานคร,กรุงเทพมหานคร,6,พลังท้องถิ่นไท,384,0.37,10,103879
2562,pv_10_z_6,pv_10,กรุงเทพมหานคร,กรุงเทพมหานคร,6,ชาติไทยพัฒนา,276,0.27,11,103879
2562,pv_10_z_6,pv_10,กรุงเทพมหานคร,กรุงเทพมหานคร,6,ประชาชนปฏิรูป,263,0.25,12,103879
2562,pv_10_z_6,pv_10,กรุงเทพมหานคร,กรุงเทพมหานคร,6,ชาติพัฒนา,224,0.22,13,103879
2562,pv_10_z_6,pv_10,กรุงเทพมหานคร,กรุงเทพมหานคร,6,ไทยศรีวิไลย์,164,0.16,14,103879
2562,pv_10_z_6,pv_10,กรุงเทพมหานคร,กรุงเทพมหานคร,6,ภราดรภาพ,117,0.11,15,103879
2562,pv_10_z_6,pv_10,กรุงเทพมหานคร,กรุงเทพมหานคร,6,ประชาชาติ,115,0.11,16,103879
2562,pv_10_z_6,pv_10,กรุงเทพมหานคร,กรุงเทพมหานคร,6,เพื่อชาติ,102,0.10,17,103879
2562,pv_10_z_6,pv_10,กรุงเทพมหานคร,กรุงเทพมหานคร,6,พลังชาติไทย,75,0.07,18,103879
2562,pv_10_z_6,pv_10,กรุงเทพมหานคร,กรุงเทพมหานคร,6,ประชานิยม,66,0.06,19,103879
2562,pv_10_z_6,pv_10,กรุงเทพมหานคร,กรุงเทพมหานคร,6,พลเมืองไทย,63,0.06,20,103879
2562,pv_10_z_6,pv_10,กรุงเทพมหานคร,กรุงเทพมหานคร,6,พลังรัก,59,0.06,21,103879
2562,pv_10_z_6,pv_10,กรุงเทพมหานคร,กรุงเทพมหานคร,6,มหาชน,49,0.05,22,103879
2562,pv_10_z_6,pv_10,กรุงเทพมหานคร,กรุงเทพมหานคร,6,ประชาธิปไตยใหม่,44,0.04,23,103879
2562,pv_10_z_6,pv_10,กรุงเทพมหานคร,กรุงเทพมหานคร,6,เพื่อแผ่นดิน,39,0.04,24,103879
2562,pv_10_z_6,pv_10,กรุงเทพมหานคร,กรุงเทพมหานคร,6,ครูไทยเพื่อประชาชน,38,0.04,25,103879
2562,pv_10_z_6,pv_10,กรุงเทพมหานคร,กรุงเทพมหานคร,6,ประชาภิวัฒน์,36,0.03,26,103879
2562,pv_10_z_6,pv_10,กรุงเทพมหานคร,กรุงเทพมหานคร,6,พลังปวงชนไทย,33,0.03,27,103879
2562,pv_10_z_6,pv_10,กรุงเทพมหานคร,กรุงเทพมหานคร,6,พลังไทสร้างชาติ,16,0.02,28,103879
2562,pv_10_z_6,pv_10,กรุงเทพมหานคร,กรุงเทพมหานคร,6,มติประชา,15,0.01,29,103879
2562,pv_10_z_6,pv_10,กรุงเทพมหานคร,กรุงเทพมหานคร,6,ภาคีเครือข่ายไทย,3,0.00,30,103879
2562,pv_10_z_7,pv_10,กรุงเทพมหานคร,กรุงเทพมหานคร,7,พลังประชารัฐ,25180,25.45,1,98926
2562,pv_10_z_7,pv_10,กรุงเทพมหานคร,กรุงเทพมหานคร,7,เพื่อไทย,23998,24.26,2,98926
2562,pv_10_z_7,pv_10,กรุงเทพมหานคร,กรุงเทพมหานคร,7,อนาคตใหม่,21339,21.57,3,98926
2562,pv_10_z_7,pv_10,กรุงเทพมหานคร,กรุงเทพมหานคร,7,ประชาธิปัตย์,12896,13.04,4,98926
2562,pv_10_z_7,pv_10,กรุงเทพมหานคร,กรุงเทพมหานคร,7,พลังท้องถิ่นไท,5160,5.22,5,98926
2562,pv_10_z_7,pv_10,กรุงเทพมหานคร,กรุงเทพมหานคร,7,เศรษฐกิจใหม่,3848,3.89,6,98926
2562,pv_10_z_7,pv_10,กรุงเทพมหานคร,กรุงเทพมหานคร,7,เสรีรวมไทย,2006,2.03,7,98926
2562,pv_10_z_7,pv_10,กรุงเทพมหานคร,กรุงเทพมหานคร,7,ภูมิใจไทย,1003,1.01,8,98926
2562,pv_10_z_7,pv_10,กรุงเทพมหานคร,กรุงเทพมหานคร,7,รวมพลังประชาชาติไทย,658,0.67,9,98926
2562,pv_10_z_7,pv_10,กรุงเทพมหานคร,กรุงเทพมหานคร,7,รักษ์ผืนป่าประเทศไทย,476,0.48,10,98926
2562,pv_10_z_7,pv_10,กรุงเทพมหานคร,กรุงเทพมหานคร,7,เพื่อชาติ,426,0.43,11,98926
2562,pv_10_z_7,pv_10,กรุงเทพมหานคร,กรุงเทพมหานคร,7,ประชาชาติ,259,0.26,12,98926
2562,pv_10_z_7,pv_10,กรุงเทพมหานคร,กรุงเทพมหานคร,7,ชาติไทยพัฒนา,242,0.24,13,98926
2562,pv_10_z_7,pv_10,กรุงเทพมหานคร,กรุงเทพมหานคร,7,ไทยศรีวิไลย์,238,0.24,14,98926
2562,pv_10_z_7,pv_10,กรุงเทพมหานคร,กรุงเทพมหานคร,7,ชาติพัฒนา,224,0.23,15,98926
2562,pv_10_z_7,pv_10,กรุงเทพมหานคร,กรุงเทพมหานคร,7,ประชาชนปฏิรูป,164,0.17,16,98926
2562,pv_10_z_7,pv_10,กรุงเทพมหานคร,กรุงเทพมหานคร,7,ประชาภิวัฒน์,123,0.12,17,98926
2562,pv_10_z_7,pv_10,กรุงเทพมหานคร,กรุงเทพมหานคร,7,ประชานิยม,97,0.10,18,98926
2562,pv_10_z_7,pv_10,กรุงเทพมหานคร,กรุงเทพมหานคร,7,ภราดรภาพ,92,0.09,19,98926
2562,pv_10_z_7,pv_10,กรุงเทพมหานคร,กรุงเทพมหานคร,7,พลังชาติไทย,89,0.09,20,98926
2562,pv_10_z_7,pv_10,กรุงเทพมหานคร,กรุงเทพมหานคร,7,เพื่อแผ่นดิน,81,0.08,21,98926
2562,pv_10_z_7,pv_10,กรุงเทพมหานคร,กรุงเทพมหานคร,7,กลาง,59,0.06,22,98926
2562,pv_10_z_7,pv_10,กรุงเทพมหานคร,กรุงเทพมหานคร,7,ประชากรไทย,58,0.06,23,98926
2562,pv_10_z_7,pv_10,กรุงเทพมหานคร,กรุงเทพมหานคร,7,ครูไทยเพื่อประชาชน,39,0.04,24,98926
2562,pv_10_z_7,pv_10,กรุงเทพมหานคร,กรุงเทพมหานคร,7,ไทรักธรรม,32,0.03,25,98926
2562,pv_10_z_7,pv_10,กรุงเทพมหานคร,กรุงเทพมหานคร,7,พลังศรัทธา,30,0.03,26,98926
2562,pv_10_z_7,pv_10,กรุงเทพมหานคร,กรุงเทพมหานคร,7,แผ่นดินธรรม,30,0.03,27,98926
2562,pv_10_z_7,pv_10,กรุงเทพมหานคร,กรุงเทพมหานคร,7,มหาชน,26,0.03,28,98926
2562,pv_10_z_7,pv_10,กรุงเทพมหานคร,กรุงเทพมหานคร,7,พลังปวงชนไทย,20,0.02,29,98926
2562,pv_10_z_7,pv_10,กรุงเทพมหานคร,กรุงเทพมหานคร,7,ประชาธรรมไทย,20,0.02,30,98926
2562,pv_10_z_7,pv_10,กรุงเทพมหานคร,กรุงเทพมหานคร,7,มติประชา,13,0.01,31,98926
2562,pv_10_z_8,pv_10,กรุงเทพมหานคร,กรุงเทพมหานคร,8,พลังประชารัฐ,29090,26.77,1,108656
2562,pv_10_z_8,pv_10,กรุงเทพมหานคร,กรุงเทพมหานคร,8,เพื่อไทย,26122,24.04,2,108656
2562,pv_10_z_8,pv_10,กรุงเทพมหานคร,กรุงเทพมหานคร,8,อนาคตใหม่,25656,23.61,3,108656
2562,pv_10_z_8,pv_10,กรุงเทพมหานคร,กรุงเทพมหานคร,8,ประชาธิปัตย์,15384,14.16,4,108656
2562,pv_10_z_8,pv_10,กรุงเทพมหานคร,กรุงเทพมหานคร,8,เศรษฐกิจใหม่,5661,5.21,5,108656
2562,pv_10_z_8,pv_10,กรุงเทพมหานคร,กรุงเทพมหานคร,8,เสรีรวมไทย,2338,2.15,6,108656
2562,pv_10_z_8,pv_10,กรุงเทพมหานคร,กรุงเทพมหานคร,8,ภูมิใจไทย,764,0.70,7,108656
2562,pv_10_z_8,pv_10,กรุงเทพมหานคร,กรุงเทพมหานคร,8,รวมพลังประชาชาติไทย,690,0.64,8,108656
2562,pv_10_z_8,pv_10,กรุงเทพมหานคร,กรุงเทพมหานคร,8,ชาติไทยพัฒนา,597,0.55,9,108656
2562,pv_10_z_8,pv_10,กรุงเทพมหานคร,กรุงเทพมหานคร,8,รักษ์ผืนป่าประเทศไทย,450,0.41,10,108656
2562,pv_10_z_8,pv_10,กรุงเทพมหานคร,กรุงเทพมหานคร,8,เพื่อชาติ,293,0.27,11,108656
2562,pv_10_z_8,pv_10,กรุงเทพมหานคร,กรุงเทพมหานคร,8,ชาติพัฒนา,205,0.19,12,108656
2562,pv_10_z_8,pv_10,กรุงเทพมหานคร,กรุงเทพมหานคร,8,ประชาชนปฏิรูป,195,0.18,13,108656
2562,pv_10_z_8,pv_10,กรุงเทพมหานคร,กรุงเทพมหานคร,8,ไทยศรีวิไลย์,171,0.16,14,108656
2562,pv_10_z_8,pv_10,กรุงเทพมหานคร,กรุงเทพมหานคร,8,ประชาธิปไตยใหม่,151,0.14,15,108656
2562,pv_10_z_8,pv_10,กรุงเทพมหานคร,กรุงเทพมหานคร,8,พลังท้องถิ่นไท,129,0.12,16,108656
2562,pv_10_z_8,pv_10,กรุงเทพมหานคร,กรุงเทพมหานคร,8,ประชาภิวัฒน์,105,0.10,17,108656
2562,pv_10_z_8,pv_10,กรุงเทพมหานคร,กรุงเทพมหานคร,8,ประชาชาติ,89,0.08,18,108656
2562,pv_10_z_8,pv_10,กรุงเทพมหานคร,กรุงเทพมหานคร,8,พลังธรรมใหม่,75,0.07,19,108656
2562,pv_10_z_8,pv_10,กรุงเทพมหานคร,กรุงเทพมหานคร,8,มหาชน,73,0.07,20,108656
2562,pv_10_z_8,pv_10,กรุงเทพมหานคร,กรุงเทพมหานคร,8,กลาง,64,0.06,21,108656
2562,pv_10_z_8,pv_10,กรุงเทพมหานคร,กรุงเทพมหานคร,8,ประชานิยม,50,0.05,22,108656
2562,pv_10_z_8,pv_10,กรุงเทพมหานคร,กรุงเทพมหานคร,8,ภราดรภาพ,48,0.04,23,108656
2562,pv_10_z_8,pv_10,กรุงเทพมหานคร,กรุงเทพมหานคร,8,ครูไทยเพื่อประชาชน,46,0.04,24,108656
2562,pv_10_z_8,pv_10,กรุงเทพมหานคร,กรุงเทพมหานคร,8,ประชาธรรมไทย,43,0.04,25,108656
2562,pv_10_z_8,pv_10,กรุงเทพมหานคร,กรุงเทพมหานคร,8,พลังชาติไทย,36,0.03,26,108656
2562,pv_10_z_8,pv_10,กรุงเทพมหานคร,กรุงเทพมหานคร,8,พลังรัก,31,0.03,27,108656
2562,pv_10_z_8,pv_10,กรุงเทพมหานคร,กรุงเทพมหานคร,8,พลังศรัทธา,25,0.02,28,108656
2562,pv_10_z_8,pv_10,กรุงเทพมหานคร,กรุงเทพมหานคร,8,พลเมืองไทย,20,0.02,29,108656
2562,pv_10_z_8,pv_10,กรุงเทพมหานคร,กรุงเทพมหานคร,8,ประชาไทย,19,0.02,30,108656
2562,pv_10_z_8,pv_10,กรุงเทพมหานคร,กรุงเทพมหานคร,8,ถิ่นกาขาวชาววิไล,15,0.01,31,108656
2562,pv_10_z_8,pv_10,กรุงเทพมหานคร,กรุงเทพมหานคร,8,ภาคีเครือข่ายไทย,11,0.01,32,108656
2562,pv_10_z_8,pv_10,กรุงเทพมหานคร,กรุงเทพมหานคร,8,มติประชา,10,0.01,33,108656
2562,pv_10_z_8,pv_10,กรุงเทพมหานคร,กรุงเทพมหานคร,8,เพื่อนไทย,0,0.00,34,108656
2562,pv_10_z_9,pv_10,กรุงเทพมหานคร,กรุงเทพมหานคร,9,พลังประชารัฐ,34907,28.44,1,122755
2562,pv_10_z_9,pv_10,กรุงเทพมหานคร,กรุงเทพมหานคร,9,เพื่อไทย,32115,26.16,2,122755
2562,pv_10_z_9,pv_10,กรุงเทพมหานคร,กรุงเทพมหานคร,9,อนาคตใหม่,25735,20.96,3,122755
2562,pv_10_z_9,pv_10,กรุงเทพมหานคร,กรุงเทพมหานคร,9,ประชาธิปัตย์,16255,13.24,4,122755
2562,pv_10_z_9,pv_10,กรุงเทพมหานคร,กรุงเทพมหานคร,9,เศรษฐกิจใหม่,5873,4.78,5,122755
2562,pv_10_z_9,pv_10,กรุงเทพมหานคร,กรุงเทพมหานคร,9,เสรีรวมไทย,2593,2.11,6,122755
2562,pv_10_z_9,pv_10,กรุงเทพมหานคร,กรุงเทพมหานคร,9,ภูมิใจไทย,1666,1.36,7,122755
2562,pv_10_z_9,pv_10,กรุงเทพมหานคร,กรุงเทพมหานคร,9,รวมพลังประชาชาติไทย,760,0.62,8,122755
2562,pv_10_z_9,pv_10,กรุงเทพมหานคร,กรุงเทพมหานคร,9,รักษ์ผืนป่าประเทศไทย,578,0.47,9,122755
2562,pv_10_z_9,pv_10,กรุงเทพมหานคร,กรุงเทพมหานคร,9,ชาติไทยพัฒนา,380,0.31,10,122755
2562,pv_10_z_9,pv_10,กรุงเทพมหานคร,กรุงเทพมหานคร,9,เพื่อชาติ,348,0.28,11,122755
2562,pv_10_z_9,pv_10,กรุงเทพมหานคร,กรุงเทพมหานคร,9,ชาติพัฒนา,241,0.20,12,122755
2562,pv_10_z_9,pv_10,กรุงเทพมหานคร,กรุงเทพมหานคร,9,ประชาชนปฏิรูป,237,0.19,13,122755
2562,pv_10_z_9,pv_10,กรุงเทพมหานคร,กรุงเทพมหานคร,9,พลังท้องถิ่นไท,170,0.14,14,122755
2562,pv_10_z_9,pv_10,กรุงเทพมหานคร,กรุงเทพมหานคร,9,ประชาชาติ,147,0.12,15,122755
2562,pv_10_z_9,pv_10,กรุงเทพมหานคร,กรุงเทพมหานคร,9,ประชากรไทย,98,0.08,16,122755
2562,pv_10_z_9,pv_10,กรุงเทพมหานคร,กรุงเทพมหานคร,9,ประชานิยม,81,0.07,17,122755
2562,pv_10_z_9,pv_10,กรุงเทพมหานคร,กรุงเทพมหานคร,9,พลังประชาธิปไตย,71,0.06,18,122755
2562,pv_10_z_9,pv_10,กรุงเทพมหานคร,กรุงเทพมหานคร,9,ครูไทยเพื่อประชาชน,59,0.05,19,122755
2562,pv_10_z_9,pv_10,กรุงเทพมหานคร,กรุงเทพมหานคร,9,ประชาภิวัฒน์,58,0.05,20,122755
2562,pv_10_z_9,pv_10,กรุงเทพมหานคร,กรุงเทพมหานคร,9,พลังสังคม,55,0.04,21,122755
2562,pv_10_z_9,pv_10,กรุงเทพมหานคร,กรุงเทพมหานคร,9,ภราดรภาพ,54,0.04,22,122755
2562,pv_10_z_9,pv_10,กรุงเทพมหานคร,กรุงเทพมหานคร,9,พลังชาติไทย,52,0.04,23,122755
2562,pv_10_z_9,pv_10,กรุงเทพมหานคร,กรุงเทพมหานคร,9,ประชาธรรมไทย,49,0.04,24,122755
2562,pv_10_z_9,pv_10,กรุงเทพมหานคร,กรุงเทพมหานคร,9,พลังไทสร้างชาติ,46,0.04,25,122755
2562,pv_10_z_9,pv_10,กรุงเทพมหานคร,กรุงเทพมหานคร,9,พลังปวงชนไทย,41,0.03,26,122755
2562,pv_10_z_9,pv_10,กรุงเทพมหานคร,กรุงเทพมหานคร,9,ภาคีเครือข่ายไทย,38,0.03,27,122755
2562,pv_10_z_9,pv_10,กรุงเทพมหานคร,กรุงเทพมหานคร,9,พลังศรัทธา,25,0.02,28,122755
2562,pv_10_z_9,pv_10,กรุงเทพมหานคร,กรุงเทพมหานคร,9,มติประชา,23,0.02,29,122755
2562,pv_10_z_9,pv_10,กรุงเทพมหานคร,กรุงเทพมหานคร,9,มหาชน,0,0.00,30,122755
2562,pv_10_z_10,pv_10,กรุงเทพมหานคร,กรุงเทพมหานคร,10,เพื่อไทย,30800,32.63,1,94390
2562,pv_10_z_10,pv_10,กรุงเทพมหานคร,กรุงเทพมหานคร,10,พลังประชารัฐ,22067,23.38,2,94390
2562,pv_10_z_10,pv_10,กรุงเทพมหานคร,กรุงเทพมหานคร,10,อนาคตใหม่,22062,23.37,3,94390
2562,pv_10_z_10,pv_10,กรุงเทพมหานคร,กรุงเทพมหานคร,10,ประชาธิปัตย์,14061,14.90,4,94390
2562,pv_10_z_10,pv_10,กรุงเทพมหานคร,กรุงเทพมหานคร,10,เสรีรวมไทย,2326,2.46,5,94390
2562,pv_10_z_10,pv_10,กรุงเทพมหานคร,กรุงเทพมหานคร,10,รวมพลังประชาชาติไทย,627,0.66,6,94390
2562,pv_10_z_10,pv_10,กรุงเทพมหานคร,กรุงเทพมหานคร,10,รักษ์ผืนป่าประเทศไทย,428,0.45,7,94390
2562,pv_10_z_10,pv_10,กรุงเทพมหานคร,กรุงเทพมหานคร,10,ไทยศรีวิไลย์,257,0.27,8,94390
2562,pv_10_z_10,pv_10,กรุงเทพมหานคร,กรุงเทพมหานคร,10,ชาติพัฒนา,245,0.26,9,94390
2562,pv_10_z_10,pv_10,กรุงเทพมหานคร,กรุงเทพมหานคร,10,ชาติไทยพัฒนา,227,0.24,10,94390
2562,pv_10_z_10,pv_10,กรุงเทพมหานคร,กรุงเทพมหานคร,10,พลังท้องถิ่นไท,183,0.19,11,94390
2562,pv_10_z_10,pv_10,กรุงเทพมหานคร,กรุงเทพมหานคร,10,ประชาชาติ,164,0.17,12,94390
2562,pv_10_z_10,pv_10,กรุงเทพมหานคร,กรุงเทพมหานคร,10,เพื่อชาติ,129,0.14,13,94390
2562,pv_10_z_10,pv_10,กรุงเทพมหานคร,กรุงเทพมหานคร,10,ประชาชนปฏิรูป,126,0.13,14,94390
2562,pv_10_z_10,pv_10,กรุงเทพมหานคร,กรุงเทพมหานคร,10,สยามพัฒนา,113,0.12,15,94390
2562,pv_10_z_10,pv_10,กรุงเทพมหานคร,กรุงเทพมหานคร,10,ประชานิยม,107,0.11,16,94390
2562,pv_10_z_10,pv_10,กรุงเทพมหานคร,กรุงเทพมหานคร,10,ประชาภิวัฒน์,88,0.09,17,94390
2562,pv_10_z_10,pv_10,กรุงเทพมหานคร,กรุงเทพมหานคร,10,ภราดรภาพ,65,0.07,18,94390
2562,pv_10_z_10,pv_10,กรุงเทพมหานคร,กรุงเทพมหานคร,10,ครูไทยเพื่อประชาชน,64,0.07,19,94390
2562,pv_10_z_10,pv_10,กรุงเทพมหานคร,กรุงเทพมหานคร,10,ไทรักธรรม,60,0.06,20,94390
2562,pv_10_z_10,pv_10,กรุงเทพมหานคร,กรุงเทพมหานคร,10,แผ่นดินธรรม,40,0.04,21,94390
2562,pv_10_z_10,pv_10,กรุงเทพมหานคร,กรุงเทพมหานคร,10,พลังชาติไทย,38,0.04,22,94390
2562,pv_10_z_10,pv_10,กรุงเทพมหานคร,กรุงเทพมหานคร,10,ประชาธิปไตยใหม่,35,0.04,23,94390
2562,pv_10_z_10,pv_10,กรุงเทพมหานคร,กรุงเทพมหานคร,10,ประชาธรรมไทย,28,0.03,24,94390
2562,pv_10_z_10,pv_10,กรุงเทพมหานคร,กรุงเทพมหานคร,10,ภาคีเครือข่ายไทย,26,0.03,25,94390
2562,pv_10_z_10,pv_10,กรุงเทพมหานคร,กรุงเทพมหานคร,10,ประชาไทย,16,0.02,26,94390
2562,pv_10_z_10,pv_10,กรุงเทพมหานคร,กรุงเทพมหานคร,10,มติประชา,8,0.01,27,94390
2562,pv_10_z_10,pv_10,กรุงเทพมหานคร,กรุงเทพมหานคร,10,ภูมิใจไทย,0,0.00,28,94390
2562,pv_10_z_10,pv_10,กรุงเทพมหานคร,กรุงเทพมหานคร,10,เศรษฐกิจใหม่,0,0.00,29,94390
2562,pv_10_z_11,pv_10,กรุงเทพมหานคร,กรุงเทพมหานคร,11,เพื่อไทย,34679,30.58,1,113408
2562,pv_10_z_11,pv_10,กรุงเทพมหานคร,กรุงเทพมหานคร,11,อนาคตใหม่,25098,22.13,2,113408
2562,pv_10_z_11,pv_10,กรุงเทพมหานคร,กรุงเทพมหานคร,11,ประชาธิปัตย์,24815,21.88,3,113408
2562,pv_10_z_11,pv_10,กรุงเทพมหานคร,กรุงเทพมหานคร,11,พลังประชารัฐ,18960,16.72,4,113408
2562,pv_10_z_11,pv_10,กรุงเทพมหานคร,กรุงเทพมหานคร,11,เศรษฐกิจใหม่,4141,3.65,5,113408
2562,pv_10_z_11,pv_10,กรุงเทพมหานคร,กรุงเทพมหานคร,11,เสรีรวมไทย,2363,2.08,6,113408
2562,pv_10_z_11,pv_10,กรุงเทพมหานคร,กรุงเทพมหานคร,11,ภูมิใจไทย,661,0.58,7,113408
2562,pv_10_z_11,pv_10,กรุงเทพมหานคร,กรุงเทพมหานคร,11,รักษ์ผืนป่าประเทศไทย,361,0.32,8,113408
2562,pv_10_z_11,pv_10,กรุงเทพมหานคร,กรุงเทพมหานคร,11,เพื่อชาติ,354,0.31,9,113408
2562,pv_10_z_11,pv_10,กรุงเทพมหานคร,กรุงเทพมหานคร,11,รวมพลังประชาชาติไทย,336,0.30,10,113408
2562,pv_10_z_11,pv_10,กรุงเทพมหานคร,กรุงเทพมหานคร,11,ประชาชนปฏิรูป,217,0.19,11,113408
2562,pv_10_z_11,pv_10,กรุงเทพมหานคร,กรุงเทพมหานคร,11,ประชาชาติ,173,0.15,12,113408
2562,pv_10_z_11,pv_10,กรุงเทพมหานคร,กรุงเทพมหานคร,11,ชาติไทยพัฒนา,173,0.15,13,113408
2562,pv_10_z_11,pv_10,กรุงเทพมหานคร,กรุงเทพมหานคร,11,ไทยศรีวิไลย์,160,0.14,14,113408
2562,pv_10_z_11,pv_10,กรุงเทพมหานคร,กรุงเทพมหานคร,11,ชาติพัฒนา,130,0.11,15,113408
2562,pv_10_z_11,pv_10,กรุงเทพมหานคร,กรุงเทพมหานคร,11,พลังท้องถิ่นไท,124,0.11,16,113408
2562,pv_10_z_11,pv_10,กรุงเทพมหานคร,กรุงเทพมหานคร,11,ประชาธิปไตยใหม่,84,0.07,17,113408
2562,pv_10_z_11,pv_10,กรุงเทพมหานคร,กรุงเทพมหานคร,11,ประชาภิวัฒน์,78,0.07,18,113408
2562,pv_10_z_11,pv_10,กรุงเทพมหานคร,กรุงเทพมหานคร,11,พลังชาติไทย,72,0.06,19,113408
2562,pv_10_z_11,pv_10,กรุงเทพมหานคร,กรุงเทพมหานคร,11,ประชานิยม,69,0.06,20,113408
2562,pv_10_z_11,pv_10,กรุงเทพมหานคร,กรุงเทพมหานคร,11,พลังธรรมใหม่,64,0.06,21,113408
2562,pv_10_z_11,pv_10,กรุงเทพมหานคร,กรุงเทพมหานคร,11,พลังศรัทธา,62,0.05,22,113408
2562,pv_10_z_11,pv_10,กรุงเทพมหานคร,กรุงเทพมหานคร,11,ภราดรภาพ,40,0.04,23,113408
2562,pv_10_z_11,pv_10,กรุงเทพมหานคร,กรุงเทพมหานคร,11,ครูไทยเพื่อประชาชน,38,0.03,24,113408
2562,pv_10_z_11,pv_10,กรุงเทพมหานคร,กรุงเทพมหานคร,11,สามัญชน,37,0.03,25,113408
2562,pv_10_z_11,pv_10,กรุงเทพมหานคร,กรุงเทพมหานคร,11,ประชาธรรมไทย,33,0.03,26,113408
2562,pv_10_z_11,pv_10,กรุงเทพมหานคร,กรุงเทพมหานคร,11,ภาคีเครือข่ายไทย,26,0.02,27,113408
2562,pv_10_z_11,pv_10,กรุงเทพมหานคร,กรุงเทพมหานคร,11,ประชาไทย,23,0.02,28,113408
2562,pv_10_z_11,pv_10,กรุงเทพมหานคร,กรุงเทพมหานคร,11,พลังปวงชนไทย,19,0.02,29,113408
2562,pv_10_z_11,pv_10,กรุงเทพมหานคร,กรุงเทพมหานคร,11,พลังไทสร้างชาติ,18,0.02,30,113408
2562,pv_10_z_11,pv_10,กรุงเทพมหานคร,กรุงเทพมหานคร,11,ไทยรักษาชาติ,0,0.00,31,113408
2562,pv_10_z_12,pv_10,กรุงเทพมหานคร,กรุงเทพมหานคร,12,เพื่อไทย,30254,27.03,1,111915
2562,pv_10_z_12,pv_10,กรุงเทพมหานคร,กรุงเทพมหานคร,12,อนาคตใหม่,27629,24.69,2,111915
2562,pv_10_z_12,pv_10,กรุงเทพมหานคร,กรุงเทพมหานคร,12,พลังประชารัฐ,27571,24.64,3,111915
2562,pv_10_z_12,pv_10,กรุงเทพมหานคร,กรุงเทพมหานคร,12,ประชาธิปัตย์,11075,9.90,4,111915
2562,pv_10_z_12,pv_10,กรุงเทพมหานคร,กรุงเทพมหานคร,12,เศรษฐกิจใหม่,5174,4.62,5,111915
2562,pv_10_z_12,pv_10,กรุงเทพมหานคร,กรุงเทพมหานคร,12,ภูมิใจไทย,4057,3.63,6,111915
2562,pv_10_z_12,pv_10,กรุงเทพมหานคร,กรุงเทพมหานคร,12,เสรีรวมไทย,2394,2.14,7,111915
2562,pv_10_z_12,pv_10,กรุงเทพมหานคร,กรุงเทพมหานคร,12,รวมพลังประชาชาติไทย,625,0.56,8,111915
2562,pv_10_z_12,pv_10,กรุงเทพมหานคร,กรุงเทพมหานคร,12,รักษ์ผืนป่าประเทศไทย,510,0.46,9,111915
2562,pv_10_z_12,pv_10,กรุงเทพมหานคร,กรุงเทพมหานคร,12,พลังท้องถิ่นไท,436,0.39,10,111915
2562,pv_10_z_12,pv_10,กรุงเทพมหานคร,กรุงเทพมหานคร,12,ชาติไทยพัฒนา,345,0.31,11,111915
2562,pv_10_z_12,pv_10,กรุงเทพมหานคร,กรุงเทพมหานคร,12,เพื่อชาติ,304,0.27,12,111915
2562,pv_10_z_12,pv_10,กรุงเทพมหานคร,กรุงเทพมหานคร,12,ชาติพัฒนา,181,0.16,13,111915
2562,pv_10_z_12,pv_10,กรุงเทพมหานคร,กรุงเทพมหานคร,12,ประชากรไทย,145,0.13,14,111915
2562,pv_10_z_12,pv_10,กรุงเทพมหานคร,กรุงเทพมหานคร,12,ประชาชนปฏิรูป,143,0.13,15,111915
2562,pv_10_z_12,pv_10,กรุงเทพมหานคร,กรุงเทพมหานคร,12,พลังธรรมใหม่,139,0.12,16,111915
2562,pv_10_z_12,pv_10,กรุงเทพมหานคร,กรุงเทพมหานคร,12,ประชาชาติ,127,0.11,17,111915
2562,pv_10_z_12,pv_10,กรุงเทพมหานคร,กรุงเทพมหานคร,12,ประชาภิวัฒน์,118,0.11,18,111915
2562,pv_10_z_12,pv_10,กรุงเทพมหานคร,กรุงเทพมหานคร,12,ประชาธิปไตยใหม่,106,0.09,19,111915
2562,pv_10_z_12,pv_10,กรุงเทพมหานคร,กรุงเทพมหานคร,12,พลังไทยรักไทย,78,0.07,20,111915
2562,pv_10_z_12,pv_10,กรุงเทพมหานคร,กรุงเทพมหานคร,12,ประชาไทย,63,0.06,21,111915
2562,pv_10_z_12,pv_10,กรุงเทพมหานคร,กรุงเทพมหานคร,12,ทางเลือกใหม่,58,0.05,22,111915
2562,pv_10_z_12,pv_10,กรุงเทพมหานคร,กรุงเทพมหานคร,12,ประชาธรรมไทย,56,0.05,23,111915
2562,pv_10_z_12,pv_10,กรุงเทพมหานคร,กรุงเทพมหานคร,12,ครูไทยเพื่อประชาชน,47,0.04,24,111915
2562,pv_10_z_12,pv_10,กรุงเทพมหานคร,กรุงเทพมหานคร,12,ประชานิยม,41,0.04,25,111915
2562,pv_10_z_12,pv_10,กรุงเทพมหานคร,กรุงเทพมหานคร,12,พลังชาติไทย,41,0.04,26,111915
2562,pv_10_z_12,pv_10,กรุงเทพมหานคร,กรุงเทพมหานคร,12,ภาคีเครือข่ายไทย,37,0.03,27,111915
2562,pv_10_z_12,pv_10,กรุงเทพมหานคร,กรุงเทพมหานคร,12,มหาชน,30,0.03,28,111915
2562,pv_10_z_12,pv_10,กรุงเทพมหานคร,กรุงเทพมหานคร,12,ภราดรภาพ,30,0.03,29,111915
2562,pv_10_z_12,pv_10,กรุงเทพมหานคร,กรุงเทพมหานคร,12,พลังปวงชนไทย,30,0.03,30,111915
2562,pv_10_z_12,pv_10,กรุงเทพมหานคร,กรุงเทพมหานคร,12,พลังไทสร้างชาติ,28,0.03,31,111915
2562,pv_10_z_12,pv_10,กรุงเทพมหานคร,กรุงเทพมหานคร,12,เพื่อแผ่นดิน,27,0.02,32,111915
2562,pv_10_z_12,pv_10,กรุงเทพมหานคร,กรุงเทพมหานคร,12,มติประชา,16,0.01,33,111915
2562,pv_10_z_13,pv_10,กรุงเทพมหานคร,กรุงเทพมหานคร,13,พลังประชารัฐ,27489,26.12,1,105238
2562,pv_10_z_13,pv_10,กรุงเทพมหานคร,กรุงเทพมหานคร,13,เพื่อไทย,23912,22.72,2,105238
2562,pv_10_z_13,pv_10,กรุงเทพมหานคร,กรุงเทพมหานคร,13,อนาคตใหม่,23707,22.53,3,105238
2562,pv_10_z_13,pv_10,กรุงเทพมหานคร,กรุงเทพมหานคร,13,ประชาธิปัตย์,17958,17.06,4,105238
2562,pv_10_z_13,pv_10,กรุงเทพมหานคร,กรุงเทพมหานคร,13,เศรษฐกิจใหม่,4803,4.56,5,105238
2562,pv_10_z_13,pv_10,กรุงเทพมหานคร,กรุงเทพมหานคร,13,เสรีรวมไทย,2091,1.99,6,105238
2562,pv_10_z_13,pv_10,กรุงเทพมหานคร,กรุงเทพมหานคร,13,ประชาชาติ,1544,1.47,7,105238
2562,pv_10_z_13,pv_10,กรุงเทพมหานคร,กรุงเทพมหานคร,13,ภูมิใจไทย,918,0.87,8,105238
2562,pv_10_z_13,pv_10,กรุงเทพมหานคร,กรุงเทพมหานคร,13,รวมพลังประชาชาติไทย,677,0.64,9,105238
2562,pv_10_z_13,pv_10,กรุงเทพมหานคร,กรุงเทพมหานคร,13,รักษ์ผืนป่าประเทศไทย,333,0.32,10,105238
2562,pv_10_z_13,pv_10,กรุงเทพมหานคร,กรุงเทพมหานคร,13,เพื่อชาติ,253,0.24,11,105238
2562,pv_10_z_13,pv_10,กรุงเทพมหานคร,กรุงเทพมหานคร,13,ชาติไทยพัฒนา,237,0.23,12,105238
2562,pv_10_z_13,pv_10,กรุงเทพมหานคร,กรุงเทพมหานคร,13,ประชาชนปฏิรูป,179,0.17,13,105238
2562,pv_10_z_13,pv_10,กรุงเทพมหานคร,กรุงเทพมหานคร,13,พลังธรรมใหม่,129,0.12,14,105238
2562,pv_10_z_13,pv_10,กรุงเทพมหานคร,กรุงเทพมหานคร,13,ชาติพัฒนา,129,0.12,15,105238
2562,pv_10_z_13,pv_10,กรุงเทพมหานคร,กรุงเทพมหานคร,13,พลังท้องถิ่นไท,119,0.11,16,105238
2562,pv_10_z_13,pv_10,กรุงเทพมหานคร,กรุงเทพมหานคร,13,พลังประชาธิปไตย,101,0.10,17,105238
2562,pv_10_z_13,pv_10,กรุงเทพมหานคร,กรุงเทพมหานคร,13,ประชาภิวัฒน์,93,0.09,18,105238
2562,pv_10_z_13,pv_10,กรุงเทพมหานคร,กรุงเทพมหานคร,13,พลังไทยรักไทย,82,0.08,19,105238
2562,pv_10_z_13,pv_10,กรุงเทพมหานคร,กรุงเทพมหานคร,13,พลเมืองไทย,75,0.07,20,105238
2562,pv_10_z_13,pv_10,กรุงเทพมหานคร,กรุงเทพมหานคร,13,ทางเลือกใหม่,71,0.07,21,105238
2562,pv_10_z_13,pv_10,กรุงเทพมหานคร,กรุงเทพมหานคร,13,ประชาธิปไตยใหม่,57,0.05,22,105238
2562,pv_10_z_13,pv_10,กรุงเทพมหานคร,กรุงเทพมหานคร,13,เพื่อแผ่นดิน,52,0.05,23,105238
2562,pv_10_z_13,pv_10,กรุงเทพมหานคร,กรุงเทพมหานคร,13,ครูไทยเพื่อประชาชน,48,0.05,24,105238
2562,pv_10_z_13,pv_10,กรุงเทพมหานคร,กรุงเทพมหานคร,13,ประชานิยม,37,0.04,25,105238
2562,pv_10_z_13,pv_10,กรุงเทพมหานคร,กรุงเทพมหานคร,13,ภราดรภาพ,32,0.03,26,105238
2562,pv_10_z_13,pv_10,กรุงเทพมหานคร,กรุงเทพมหานคร,13,ไทรักธรรม,27,0.03,27,105238
2562,pv_10_z_13,pv_10,กรุงเทพมหานคร,กรุงเทพมหานคร,13,พลังชาติไทย,26,0.02,28,105238
2562,pv_10_z_13,pv_10,กรุงเทพมหานคร,กรุงเทพมหานคร,13,พลังปวงชนไทย,25,0.02,29,105238
2562,pv_10_z_13,pv_10,กรุงเทพมหานคร,กรุงเทพมหานคร,13,มหาชน,21,0.02,30,105238
2562,pv_10_z_13,pv_10,กรุงเทพมหานคร,กรุงเทพมหานคร,13,ประชาธรรมไทย,13,0.01,31,105238
2562,pv_10_z_14,pv_10,กรุงเทพมหานคร,กรุงเทพมหานคร,14,เพื่อไทย,31445,28.11,1,111851
2562,pv_10_z_14,pv_10,กรุงเทพมหานคร,กรุงเทพมหานคร,14,พลังประชารัฐ,25908,23.16,2,111851
2562,pv_10_z_14,pv_10,กรุงเทพมหานคร,กรุงเทพมหานคร,14,อนาคตใหม่,24461,21.87,3,111851
2562,pv_10_z_14,pv_10,กรุงเทพมหานคร,กรุงเทพมหานคร,14,ประชาธิปัตย์,13375,11.96,4,111851
2562,pv_10_z_14,pv_10,กรุงเทพมหานคร,กรุงเทพมหานคร,14,รวมพลังประชาชาติไทย,5518,4.93,5,111851
2562,pv_10_z_14,pv_10,กรุงเทพมหานคร,กรุงเทพมหานคร,14,เศรษฐกิจใหม่,4767,4.26,6,111851
2562,pv_10_z_14,pv_10,กรุงเทพมหานคร,กรุงเทพมหานคร,14,เสรีรวมไทย,2424,2.17,7,111851
2562,pv_10_z_14,pv_10,กรุงเทพมหานคร,กรุงเทพมหานคร,14,ภูมิใจไทย,1332,1.19,8,111851
2562,pv_10_z_14,pv_10,กรุงเทพมหานคร,กรุงเทพมหานคร,14,รักษ์ผืนป่าประเทศไทย,368,0.33,9,111851
2562,pv_10_z_14,pv_10,กรุงเทพมหานคร,กรุงเทพมหานคร,14,ประชาชนปฏิรูป,230,0.21,10,111851
2562,pv_10_z_14,pv_10,กรุงเทพมหานคร,กรุงเทพมหานคร,14,ชาติไทยพัฒนา,225,0.20,11,111851
2562,pv_10_z_14,pv_10,กรุงเทพมหานคร,กรุงเทพมหานคร,14,ประชาชาติ,206,0.18,12,111851
2562,pv_10_z_14,pv_10,กรุงเทพมหานคร,กรุงเทพมหานคร,14,ไทยศรีวิไลย์,202,0.18,13,111851
2562,pv_10_z_14,pv_10,กรุงเทพมหานคร,กรุงเทพมหานคร,14,อนาคตไทย,198,0.18,14,111851
2562,pv_10_z_14,pv_10,กรุงเทพมหานคร,กรุงเทพมหานคร,14,ชาติพัฒนา,159,0.14,15,111851
2562,pv_10_z_14,pv_10,กรุงเทพมหานคร,กรุงเทพมหานคร,14,เพื่อชาติ,140,0.13,16,111851
2562,pv_10_z_14,pv_10,กรุงเทพมหานคร,กรุงเทพมหานคร,14,พลังประชาธิปไตย,134,0.12,17,111851
2562,pv_10_z_14,pv_10,กรุงเทพมหานคร,กรุงเทพมหานคร,14,พลังท้องถิ่นไท,129,0.12,18,111851
2562,pv_10_z_14,pv_10,กรุงเทพมหานคร,กรุงเทพมหานคร,14,พลังธรรมใหม่,85,0.08,19,111851
2562,pv_10_z_14,pv_10,กรุงเทพมหานคร,กรุงเทพมหานคร,14,ประชาภิวัฒน์,80,0.07,20,111851
2562,pv_10_z_14,pv_10,กรุงเทพมหานคร,กรุงเทพมหานคร,14,พลังชาติไทย,71,0.06,21,111851
2562,pv_10_z_14,pv_10,กรุงเทพมหานคร,กรุงเทพมหานคร,14,ประชาธิปไตยใหม่,53,0.05,22,111851
2562,pv_10_z_14,pv_10,กรุงเทพมหานคร,กรุงเทพมหานคร,14,พลเมืองไทย,50,0.04,23,111851
2562,pv_10_z_14,pv_10,กรุงเทพมหานคร,กรุงเทพมหานคร,14,ครูไทยเพื่อประชาชน,48,0.04,24,111851
2562,pv_10_z_14,pv_10,กรุงเทพมหานคร,กรุงเทพมหานคร,14,ภราดรภาพ,44,0.04,25,111851
2562,pv_10_z_14,pv_10,กรุงเทพมหานคร,กรุงเทพมหานคร,14,ประชานิยม,44,0.04,26,111851
2562,pv_10_z_14,pv_10,กรุงเทพมหานคร,กรุงเทพมหานคร,14,ประชาธรรมไทย,44,0.04,27,111851
2562,pv_10_z_14,pv_10,กรุงเทพมหานคร,กรุงเทพมหานคร,14,มหาชน,35,0.03,28,111851
2562,pv_10_z_14,pv_10,กรุงเทพมหานคร,กรุงเทพมหานคร,14,ไทรักธรรม,27,0.02,29,111851
2562,pv_10_z_14,pv_10,กรุงเทพมหานคร,กรุงเทพมหานคร,14,ถิ่นกาขาวชาววิไล,20,0.02,30,111851
2562,pv_10_z_14,pv_10,กรุงเทพมหานคร,กรุงเทพมหานคร,14,พลังไทสร้างชาติ,19,0.02,31,111851
2562,pv_10_z_14,pv_10,กรุงเทพมหานคร,กรุงเทพมหานคร,14,ภาคีเครือข่ายไทย,10,0.01,32,111851
2562,pv_10_z_14,pv_10,กรุงเทพมหานคร,กรุงเทพมหานคร,14,เพื่อนไทย,0,0.00,33,111851
2562,pv_10_z_15,pv_10,กรุงเทพมหานคร,กรุงเทพมหานคร,15,พลังประชารัฐ,31551,31.41,1,100447
2562,pv_10_z_15,pv_10,กรุงเทพมหานคร,กรุงเทพมหานคร,15,เพื่อไทย,30123,29.99,2,100447
2562,pv_10_z_15,pv_10,กรุงเทพมหานคร,กรุงเทพมหานคร,15,อนาคตใหม่,21186,21.09,3,100447
2562,pv_10_z_15,pv_10,กรุงเทพมหานคร,กรุงเทพมหานคร,15,ประชาธิปัตย์,8949,8.91,4,100447
2562,pv_10_z_15,pv_10,กรุงเทพมหานคร,กรุงเทพมหานคร,15,เศรษฐกิจใหม่,3557,3.54,5,100447
2562,pv_10_z_15,pv_10,กรุงเทพมหานคร,กรุงเทพมหานคร,15,เสรีรวมไทย,1925,1.92,6,100447
2562,pv_10_z_15,pv_10,กรุงเทพมหานคร,กรุงเทพมหานคร,15,ภูมิใจไทย,627,0.62,7,100447
2562,pv_10_z_15,pv_10,กรุงเทพมหานคร,กรุงเทพมหานคร,15,รวมพลังประชาชาติไทย,367,0.37,8,100447
2562,pv_10_z_15,pv_10,กรุงเทพมหานคร,กรุงเทพมหานคร,15,ประชาชาติ,320,0.32,9,100447
2562,pv_10_z_15,pv_10,กรุงเทพมหานคร,กรุงเทพมหานคร,15,ชาติพัฒนา,260,0.26,10,100447
2562,pv_10_z_15,pv_10,กรุงเทพมหานคร,กรุงเทพมหานคร,15,ประชาภิวัฒน์,219,0.22,11,100447
2562,pv_10_z_15,pv_10,กรุงเทพมหานคร,กรุงเทพมหานคร,15,ไทยศรีวิไลย์,209,0.21,12,100447
2562,pv_10_z_15,pv_10,กรุงเทพมหานคร,กรุงเทพมหานคร,15,เพื่อชาติ,169,0.17,13,100447
2562,pv_10_z_15,pv_10,กรุงเทพมหานคร,กรุงเทพมหานคร,15,ชาติไทยพัฒนา,119,0.12,14,100447
2562,pv_10_z_15,pv_10,กรุงเทพมหานคร,กรุงเทพมหานคร,15,พลังประชาธิปไตย,116,0.12,15,100447
2562,pv_10_z_15,pv_10,กรุงเทพมหานคร,กรุงเทพมหานคร,15,ประชาชนปฏิรูป,111,0.11,16,100447
2562,pv_10_z_15,pv_10,กรุงเทพมหานคร,กรุงเทพมหานคร,15,พลังปวงชนไทย,90,0.09,17,100447
2562,pv_10_z_15,pv_10,กรุงเทพมหานคร,กรุงเทพมหานคร,15,มหาชน,81,0.08,18,100447
2562,pv_10_z_15,pv_10,กรุงเทพมหานคร,กรุงเทพมหานคร,15,ประชานิยม,77,0.08,19,100447
2562,pv_10_z_15,pv_10,กรุงเทพมหานคร,กรุงเทพมหานคร,15,พลังท้องถิ่นไท,76,0.08,20,100447
2562,pv_10_z_15,pv_10,กรุงเทพมหานคร,กรุงเทพมหานคร,15,พลังชาติไทย,71,0.07,21,100447
2562,pv_10_z_15,pv_10,กรุงเทพมหานคร,กรุงเทพมหานคร,15,ไทรักธรรม,50,0.05,22,100447
2562,pv_10_z_15,pv_10,กรุงเทพมหานคร,กรุงเทพมหานคร,15,พลเมืองไทย,34,0.03,23,100447
2562,pv_10_z_15,pv_10,กรุงเทพมหานคร,กรุงเทพมหานคร,15,ภาคีเครือข่ายไทย,32,0.03,24,100447
2562,pv_10_z_15,pv_10,กรุงเทพมหานคร,กรุงเทพมหานคร,15,ครูไทยเพื่อประชาชน,26,0.03,25,100447
2562,pv_10_z_15,pv_10,กรุงเทพมหานคร,กรุงเทพมหานคร,15,กลาง,24,0.02,26,100447
2562,pv_10_z_15,pv_10,กรุงเทพมหานคร,กรุงเทพมหานคร,15,ภราดรภาพ,19,0.02,27,100447
2562,pv_10_z_15,pv_10,กรุงเทพมหานคร,กรุงเทพมหานคร,15,ประชาธิปไตยใหม่,17,0.02,28,100447
2562,pv_10_z_15,pv_10,กรุงเทพมหานคร,กรุงเทพมหานคร,15,พลังสังคม,16,0.02,29,100447
2562,pv_10_z_15,pv_10,กรุงเทพมหานคร,กรุงเทพมหานคร,15,พลังรัก,15,0.01,30,100447
2562,pv_10_z_15,pv_10,กรุงเทพมหานคร,กรุงเทพมหานคร,15,ถิ่นกาขาวชาววิไล,11,0.01,31,100447
2562,pv_10_z_15,pv_10,กรุงเทพมหานคร,กรุงเทพมหานคร,15,รักษ์ผืนป่าประเทศไทย,0,0.00,32,100447
2562,pv_10_z_16,pv_10,กรุงเทพมหานคร,กรุงเทพมหานคร,16,เพื่อไทย,31481,28.69,1,109716
2562,pv_10_z_16,pv_10,กรุงเทพมหานคร,กรุงเทพมหานคร,16,พลังประชารัฐ,29304,26.71,2,109716
2562,pv_10_z_16,pv_10,กรุงเทพมหานคร,กรุงเทพมหานคร,16,อนาคตใหม่,26352,24.02,3,109716
2562,pv_10_z_16,pv_10,กรุงเทพมหานคร,กรุงเทพมหานคร,16,ประชาธิปัตย์,10683,9.74,4,109716
2562,pv_10_z_16,pv_10,กรุงเทพมหานคร,กรุงเทพมหานคร,16,เศรษฐกิจใหม่,4389,4.00,5,109716
2562,pv_10_z_16,pv_10,กรุงเทพมหานคร,กรุงเทพมหานคร,16,เสรีรวมไทย,2652,2.42,6,109716
2562,pv_10_z_16,pv_10,กรุงเทพมหานคร,กรุงเทพมหานคร,16,รวมพลังประชาชาติไทย,1241,1.13,7,109716
2562,pv_10_z_16,pv_10,กรุงเทพมหานคร,กรุงเทพมหานคร,16,ภูมิใจไทย,876,0.80,8,109716
2562,pv_10_z_16,pv_10,กรุงเทพมหานคร,กรุงเทพมหานคร,16,ชาติพัฒนา,363,0.33,9,109716
2562,pv_10_z_16,pv_10,กรุงเทพมหานคร,กรุงเทพมหานคร,16,ประชาชาติ,329,0.30,10,109716
2562,pv_10_z_16,pv_10,กรุงเทพมหานคร,กรุงเทพมหานคร,16,รักษ์ผืนป่าประเทศไทย,281,0.26,11,109716
2562,pv_10_z_16,pv_10,กรุงเทพมหานคร,กรุงเทพมหานคร,16,ชาติไทยพัฒนา,245,0.22,12,109716
2562,pv_10_z_16,pv_10,กรุงเทพมหานคร,กรุงเทพมหานคร,16,ประชาชนปฏิรูป,145,0.13,13,109716
2562,pv_10_z_16,pv_10,กรุงเทพมหานคร,กรุงเทพมหานคร,16,พลังท้องถิ่นไท,134,0.12,14,109716
2562,pv_10_z_16,pv_10,กรุงเทพมหานคร,กรุงเทพมหานคร,16,ประชาธิปไตยใหม่,116,0.11,15,109716
2562,pv_10_z_16,pv_10,กรุงเทพมหานคร,กรุงเทพมหานคร,16,เพื่อชาติ,108,0.10,16,109716
2562,pv_10_z_16,pv_10,กรุงเทพมหานคร,กรุงเทพมหานคร,16,ประชาภิวัฒน์,106,0.10,17,109716
2562,pv_10_z_16,pv_10,กรุงเทพมหานคร,กรุงเทพมหานคร,16,พลังไทยรักไทย,106,0.10,18,109716
2562,pv_10_z_16,pv_10,กรุงเทพมหานคร,กรุงเทพมหานคร,16,ครูไทยเพื่อประชาชน,97,0.09,19,109716
2562,pv_10_z_16,pv_10,กรุงเทพมหานคร,กรุงเทพมหานคร,16,แผ่นดินธรรม,94,0.09,20,109716
2562,pv_10_z_16,pv_10,กรุงเทพมหานคร,กรุงเทพมหานคร,16,พลังชาติไทย,78,0.07,21,109716
2562,pv_10_z_16,pv_10,กรุงเทพมหานคร,กรุงเทพมหานคร,16,พลังปวงชนไทย,78,0.07,22,109716
2562,pv_10_z_16,pv_10,กรุงเทพมหานคร,กรุงเทพมหานคร,16,พลังไทยรักชาติ,73,0.07,23,109716
2562,pv_10_z_16,pv_10,กรุงเทพมหานคร,กรุงเทพมหานคร,16,ประชานิยม,72,0.07,24,109716
2562,pv_10_z_16,pv_10,กรุงเทพมหานคร,กรุงเทพมหานคร,16,ภาคีเครือข่ายไทย,71,0.06,25,109716
2562,pv_10_z_16,pv_10,กรุงเทพมหานคร,กรุงเทพมหานคร,16,ภราดรภาพ,69,0.06,26,109716
2562,pv_10_z_16,pv_10,กรุงเทพมหานคร,กรุงเทพมหานคร,16,พลังธรรมใหม่,52,0.05,27,109716
2562,pv_10_z_16,pv_10,กรุงเทพมหานคร,กรุงเทพมหานคร,16,ประชาธรรมไทย,40,0.04,28,109716
2562,pv_10_z_16,pv_10,กรุงเทพมหานคร,กรุงเทพมหานคร,16,ถิ่นกาขาวชาววิไล,33,0.03,29,109716
2562,pv_10_z_16,pv_10,กรุงเทพมหานคร,กรุงเทพมหานคร,16,มหาชน,29,0.03,30,109716
2562,pv_10_z_16,pv_10,กรุงเทพมหานคร,กรุงเทพมหานคร,16,พลังไทสร้างชาติ,19,0.02,31,109716
2562,pv_10_z_17,pv_10,กรุงเทพมหานคร,กรุงเทพมหานคร,17,พลังประชารัฐ,25329,27.73,1,91328
2562,pv_10_z_17,pv_10,กรุงเทพมหานคร,กรุงเทพมหานคร,17,เพื่อไทย,24610,26.95,2,91328
2562,pv_10_z_17,pv_10,กรุงเทพมหานคร,กรุงเทพมหานคร,17,อนาคตใหม่,18391,20.14,3,91328
2562,pv_10_z_17,pv_10,กรุงเทพมหานคร,กรุงเทพมหานคร,17,ประชาธิปัตย์,8868,9.71,4,91328
2562,pv_10_z_17,pv_10,กรุงเทพมหานคร,กรุงเทพมหานคร,17,รวมพลังประชาชาติไทย,7190,7.87,5,91328
2562,pv_10_z_17,pv_10,กรุงเทพมหานคร,กรุงเทพมหานคร,17,เศรษฐกิจใหม่,2070,2.27,6,91328
2562,pv_10_z_17,pv_10,กรุงเทพมหานคร,กรุงเทพมหานคร,17,เสรีรวมไทย,1781,1.95,7,91328
2562,pv_10_z_17,pv_10,กรุงเทพมหานคร,กรุงเทพมหานคร,17,ประชาชาติ,732,0.80,8,91328
2562,pv_10_z_17,pv_10,กรุงเทพมหานคร,กรุงเทพมหานคร,17,พลังประชาธิปไตย,306,0.34,9,91328
2562,pv_10_z_17,pv_10,กรุงเทพมหานคร,กรุงเทพมหานคร,17,รักษ์ผืนป่าประเทศไทย,223,0.24,10,91328
2562,pv_10_z_17,pv_10,กรุงเทพมหานคร,กรุงเทพมหานคร,17,ไทยศรีวิไลย์,179,0.20,11,91328
2562,pv_10_z_17,pv_10,กรุงเทพมหานคร,กรุงเทพมหานคร,17,ประชาธรรมไทย,174,0.19,12,91328
2562,pv_10_z_17,pv_10,กรุงเทพมหานคร,กรุงเทพมหานคร,17,พลังปวงชนไทย,159,0.17,13,91328
2562,pv_10_z_17,pv_10,กรุงเทพมหานคร,กรุงเทพมหานคร,17,พลังท้องถิ่นไท,142,0.16,14,91328
2562,pv_10_z_17,pv_10,กรุงเทพมหานคร,กรุงเทพมหานคร,17,กลาง,126,0.14,15,91328
2562,pv_10_z_17,pv_10,กรุงเทพมหานคร,กรุงเทพมหานคร,17,พลังไทยรักชาติ,121,0.13,16,91328
2562,pv_10_z_17,pv_10,กรุงเทพมหานคร,กรุงเทพมหานคร,17,เพื่อชาติ,108,0.12,17,91328
2562,pv_10_z_17,pv_10,กรุงเทพมหานคร,กรุงเทพมหานคร,17,ชาติไทยพัฒนา,96,0.11,18,91328
2562,pv_10_z_17,pv_10,กรุงเทพมหานคร,กรุงเทพมหานคร,17,พลังธรรมใหม่,89,0.10,19,91328
2562,pv_10_z_17,pv_10,กรุงเทพมหานคร,กรุงเทพมหานคร,17,ชาติพัฒนา,88,0.10,20,91328
2562,pv_10_z_17,pv_10,กรุงเทพมหานคร,กรุงเทพมหานคร,17,ประชานิยม,67,0.07,21,91328
2562,pv_10_z_17,pv_10,กรุงเทพมหานคร,กรุงเทพมหานคร,17,ประชากรไทย,65,0.07,22,91328
2562,pv_10_z_17,pv_10,กรุงเทพมหานคร,กรุงเทพมหานคร,17,ประชาชนปฏิรูป,60,0.07,23,91328
2562,pv_10_z_17,pv_10,กรุงเทพมหานคร,กรุงเทพมหานคร,17,ครูไทยเพื่อประชาชน,58,0.06,24,91328
2562,pv_10_z_17,pv_10,กรุงเทพมหานคร,กรุงเทพมหานคร,17,ประชาธิปไตยใหม่,56,0.06,25,91328
2562,pv_10_z_17,pv_10,กรุงเทพมหานคร,กรุงเทพมหานคร,17,พลังชาติไทย,41,0.04,26,91328
2562,pv_10_z_17,pv_10,กรุงเทพมหานคร,กรุงเทพมหานคร,17,ภราดรภาพ,37,0.04,27,91328
2562,pv_10_z_17,pv_10,กรุงเทพมหานคร,กรุงเทพมหานคร,17,ประชาภิวัฒน์,32,0.04,28,91328
2562,pv_10_z_17,pv_10,กรุงเทพมหานคร,กรุงเทพมหานคร,17,ไทรักธรรม,32,0.04,29,91328
2562,pv_10_z_17,pv_10,กรุงเทพมหานคร,กรุงเทพมหานคร,17,พลังไทสร้างชาติ,30,0.03,30,91328
2562,pv_10_z_17,pv_10,กรุงเทพมหานคร,กรุงเทพมหานคร,17,แทนคุณแผ่นดิน,28,0.03,31,91328
2562,pv_10_z_17,pv_10,กรุงเทพมหานคร,กรุงเทพมหานคร,17,ภาคีเครือข่ายไทย,15,0.02,32,91328
2562,pv_10_z_17,pv_10,กรุงเทพมหานคร,กรุงเทพมหานคร,17,มหาชน,13,0.01,33,91328
2562,pv_10_z_17,pv_10,กรุงเทพมหานคร,กรุงเทพมหานคร,17,ถิ่นกาขาวชาววิไล,12,0.01,34,91328
2562,pv_10_z_17,pv_10,กรุงเทพมหานคร,กรุงเทพมหานคร,17,ภูมิใจไทย,0,0.00,35,91328
2562,pv_10_z_17,pv_10,กรุงเทพมหานคร,กรุงเทพมหานคร,17,พลเมืองไทย,0,0.00,36,91328
2562,pv_10_z_18,pv_10,กรุงเทพมหานคร,กรุงเทพมหานคร,18,เพื่อไทย,35361,37.21,1,95025
2562,pv_10_z_18,pv_10,กรุงเทพมหานคร,กรุงเทพมหานคร,18,อนาคตใหม่,22346,23.52,2,95025
2562,pv_10_z_18,pv_10,กรุงเทพมหานคร,กรุงเทพมหานคร,18,พลังประชารัฐ,20739,21.82,3,95025
2562,pv_10_z_18,pv_10,กรุงเทพมหานคร,กรุงเทพมหานคร,18,ประชาธิปัตย์,7295,7.68,4,95025
2562,pv_10_z_18,pv_10,กรุงเทพมหานคร,กรุงเทพมหานคร,18,เศรษฐกิจใหม่,3119,3.28,5,95025
2562,pv_10_z_18,pv_10,กรุงเทพมหานคร,กรุงเทพมหานคร,18,เสรีรวมไทย,2143,2.26,6,95025
2562,pv_10_z_18,pv_10,กรุงเทพมหานคร,กรุงเทพมหานคร,18,รวมพลังประชาชาติไทย,955,1.00,7,95025
2562,pv_10_z_18,pv_10,กรุงเทพมหานคร,กรุงเทพมหานคร,18,ภูมิใจไทย,603,0.63,8,95025
2562,pv_10_z_18,pv_10,กรุงเทพมหานคร,กรุงเทพมหานคร,18,ชาติไทยพัฒนา,275,0.29,9,95025
2562,pv_10_z_18,pv_10,กรุงเทพมหานคร,กรุงเทพมหานคร,18,ไทยศรีวิไลย์,275,0.29,10,95025
2562,pv_10_z_18,pv_10,กรุงเทพมหานคร,กรุงเทพมหานคร,18,เพื่อชาติ,256,0.27,11,95025
2562,pv_10_z_18,pv_10,กรุงเทพมหานคร,กรุงเทพมหานคร,18,ประชาชาติ,229,0.24,12,95025
2562,pv_10_z_18,pv_10,กรุงเทพมหานคร,กรุงเทพมหานคร,18,รักษ์ผืนป่าประเทศไทย,214,0.23,13,95025
2562,pv_10_z_18,pv_10,กรุงเทพมหานคร,กรุงเทพมหานคร,18,ชาติพัฒนา,180,0.19,14,95025
2562,pv_10_z_18,pv_10,กรุงเทพมหานคร,กรุงเทพมหานคร,18,พลังท้องถิ่นไท,179,0.19,15,95025
2562,pv_10_z_18,pv_10,กรุงเทพมหานคร,กรุงเทพมหานคร,18,ครูไทยเพื่อประชาชน,137,0.14,16,95025
2562,pv_10_z_18,pv_10,กรุงเทพมหานคร,กรุงเทพมหานคร,18,พลเมืองไทย,124,0.13,17,95025
2562,pv_10_z_18,pv_10,กรุงเทพมหานคร,กรุงเทพมหานคร,18,พลังธรรมใหม่,105,0.11,18,95025
2562,pv_10_z_18,pv_10,กรุงเทพมหานคร,กรุงเทพมหานคร,18,ประชาธิปไตยใหม่,72,0.08,19,95025
2562,pv_10_z_18,pv_10,กรุงเทพมหานคร,กรุงเทพมหานคร,18,ประชาชนปฏิรูป,71,0.07,20,95025
2562,pv_10_z_18,pv_10,กรุงเทพมหานคร,กรุงเทพมหานคร,18,ประชาภิวัฒน์,69,0.07,21,95025
2562,pv_10_z_18,pv_10,กรุงเทพมหานคร,กรุงเทพมหานคร,18,พลังชาติไทย,59,0.06,22,95025
2562,pv_10_z_18,pv_10,กรุงเทพมหานคร,กรุงเทพมหานคร,18,ประชานิยม,58,0.06,23,95025
2562,pv_10_z_18,pv_10,กรุงเทพมหานคร,กรุงเทพมหานคร,18,ประชาธรรมไทย,47,0.05,24,95025
2562,pv_10_z_18,pv_10,กรุงเทพมหานคร,กรุงเทพมหานคร,18,พลังไทสร้างชาติ,30,0.03,25,95025
2562,pv_10_z_18,pv_10,กรุงเทพมหานคร,กรุงเทพมหานคร,18,มหาชน,28,0.03,26,95025
2562,pv_10_z_18,pv_10,กรุงเทพมหานคร,กรุงเทพมหานคร,18,ภราดรภาพ,22,0.02,27,95025
2562,pv_10_z_18,pv_10,กรุงเทพมหานคร,กรุงเทพมหานคร,18,ไทรักธรรม,19,0.02,28,95025
2562,pv_10_z_18,pv_10,กรุงเทพมหานคร,กรุงเทพมหานคร,18,ภาคีเครือข่ายไทย,15,0.02,29,95025
2562,pv_10_z_19,pv_10,กรุงเทพมหานคร,กรุงเทพมหานคร,19,พลังประชารัฐ,28203,27.89,1,101127
2562,pv_10_z_19,pv_10,กรุงเทพมหานคร,กรุงเทพมหานคร,19,อนาคตใหม่,23554,23.29,2,101127
2562,pv_10_z_19,pv_10,กรุงเทพมหานคร,กรุงเทพมหานคร,19,เพื่อไทย,21839,21.60,3,101127
2562,pv_10_z_19,pv_10,กรุงเทพมหานคร,กรุงเทพมหานคร,19,ประชาธิปัตย์,16284,16.10,4,101127
2562,pv_10_z_19,pv_10,กรุงเทพมหานคร,กรุงเทพมหานคร,19,เศรษฐกิจใหม่,5082,5.03,5,101127
2562,pv_10_z_19,pv_10,กรุงเทพมหานคร,กรุงเทพมหานคร,19,เสรีรวมไทย,2094,2.07,6,101127
2562,pv_10_z_19,pv_10,กรุงเทพมหานคร,กรุงเทพมหานคร,19,รวมพลังประชาชาติไทย,957,0.95,7,101127
2562,pv_10_z_19,pv_10,กรุงเทพมหานคร,กรุงเทพมหานคร,19,ภูมิใจไทย,767,0.76,8,101127
2562,pv_10_z_19,pv_10,กรุงเทพมหานคร,กรุงเทพมหานคร,19,ประชาชาติ,352,0.35,9,101127
2562,pv_10_z_19,pv_10,กรุงเทพมหานคร,กรุงเทพมหานคร,19,รักษ์ผืนป่าประเทศไทย,341,0.34,10,101127
2562,pv_10_z_19,pv_10,กรุงเทพมหานคร,กรุงเทพมหานคร,19,ชาติพัฒนา,211,0.21,11,101127
2562,pv_10_z_19,pv_10,กรุงเทพมหานคร,กรุงเทพมหานคร,19,ชาติไทยพัฒนา,174,0.17,12,101127
2562,pv_10_z_19,pv_10,กรุงเทพมหานคร,กรุงเทพมหานคร,19,ประชาชนปฏิรูป,171,0.17,13,101127
2562,pv_10_z_19,pv_10,กรุงเทพมหานคร,กรุงเทพมหานคร,19,เพื่อชาติ,168,0.17,14,101127
2562,pv_10_z_19,pv_10,กรุงเทพมหานคร,กรุงเทพมหานคร,19,ประชาภิวัฒน์,105,0.10,15,101127
2562,pv_10_z_19,pv_10,กรุงเทพมหานคร,กรุงเทพมหานคร,19,พลังธรรมใหม่,102,0.10,16,101127
2562,pv_10_z_19,pv_10,กรุงเทพมหานคร,กรุงเทพมหานคร,19,พลังท้องถิ่นไท,99,0.10,17,101127
2562,pv_10_z_19,pv_10,กรุงเทพมหานคร,กรุงเทพมหานคร,19,ครูไทยเพื่อประชาชน,87,0.09,18,101127
2562,pv_10_z_19,pv_10,กรุงเทพมหานคร,กรุงเทพมหานคร,19,พลังไทยรักไทย,86,0.09,19,101127
2562,pv_10_z_19,pv_10,กรุงเทพมหานคร,กรุงเทพมหานคร,19,ประชาธิปไตยใหม่,75,0.07,20,101127
2562,pv_10_z_19,pv_10,กรุงเทพมหานคร,กรุงเทพมหานคร,19,เพื่อแผ่นดิน,66,0.07,21,101127
2562,pv_10_z_19,pv_10,กรุงเทพมหานคร,กรุงเทพมหานคร,19,ประชานิยม,54,0.05,22,101127
2562,pv_10_z_19,pv_10,กรุงเทพมหานคร,กรุงเทพมหานคร,19,พลังไทสร้างชาติ,49,0.05,23,101127
2562,pv_10_z_19,pv_10,กรุงเทพมหานคร,กรุงเทพมหานคร,19,พลังชาติไทย,47,0.05,24,101127
2562,pv_10_z_19,pv_10,กรุงเทพมหานคร,กรุงเทพมหานคร,19,มหาชน,46,0.05,25,101127
2562,pv_10_z_19,pv_10,กรุงเทพมหานคร,กรุงเทพมหานคร,19,ภราดรภาพ,39,0.04,26,101127
2562,pv_10_z_19,pv_10,กรุงเทพมหานคร,กรุงเทพมหานคร,19,ไทรักธรรม,32,0.03,27,101127
2562,pv_10_z_19,pv_10,กรุงเทพมหานคร,กรุงเทพมหานคร,19,พลเมืองไทย,19,0.02,28,101127
2562,pv_10_z_19,pv_10,กรุงเทพมหานคร,กรุงเทพมหานคร,19,ประชาธรรมไทย,14,0.01,29,101127
2562,pv_10_z_19,pv_10,กรุงเทพมหานคร,กรุงเทพมหานคร,19,ภาคีเครือข่ายไทย,10,0.01,30,101127
2562,pv_10_z_20,pv_10,กรุงเทพมหานคร,กรุงเทพมหานคร,20,อนาคตใหม่,40483,35.51,1,113991
2562,pv_10_z_20,pv_10,กรุงเทพมหานคร,กรุงเทพมหานคร,20,พลังประชารัฐ,29557,25.93,2,113991
2562,pv_10_z_20,pv_10,กรุงเทพมหานคร,กรุงเทพมหานคร,20,ประชาธิปัตย์,18548,16.27,3,113991
2562,pv_10_z_20,pv_10,กรุงเทพมหานคร,กรุงเทพมหานคร,20,เศรษฐกิจใหม่,6879,6.03,4,113991
2562,pv_10_z_20,pv_10,กรุงเทพมหานคร,กรุงเทพมหานคร,20,เสรีรวมไทย,5447,4.78,5,113991
2562,pv_10_z_20,pv_10,กรุงเทพมหานคร,กรุงเทพมหานคร,20,เพื่อชาติ,5130,4.50,6,113991
2562,pv_10_z_20,pv_10,กรุงเทพมหานคร,กรุงเทพมหานคร,20,ภูมิใจไทย,3365,2.95,7,113991
2562,pv_10_z_20,pv_10,กรุงเทพมหานคร,กรุงเทพมหานคร,20,พลังไทยรักไทย,1130,0.99,8,113991
2562,pv_10_z_20,pv_10,กรุงเทพมหานคร,กรุงเทพมหานคร,20,รวมพลังประชาชาติไทย,872,0.76,9,113991
2562,pv_10_z_20,pv_10,กรุงเทพมหานคร,กรุงเทพมหานคร,20,รักษ์ผืนป่าประเทศไทย,473,0.41,10,113991
2562,pv_10_z_20,pv_10,กรุงเทพมหานคร,กรุงเทพมหานคร,20,ประชาชาติ,426,0.37,11,113991
2562,pv_10_z_20,pv_10,กรุงเทพมหานคร,กรุงเทพมหานคร,20,ชาติพัฒนา,329,0.29,12,113991
2562,pv_10_z_20,pv_10,กรุงเทพมหานคร,กรุงเทพมหานคร,20,ชาติไทยพัฒนา,217,0.19,13,113991
2562,pv_10_z_20,pv_10,กรุงเทพมหานคร,กรุงเทพมหานคร,20,ประชาชนปฏิรูป,216,0.19,14,113991
2562,pv_10_z_20,pv_10,กรุงเทพมหานคร,กรุงเทพมหานคร,20,ประชาภิวัฒน์,133,0.12,15,113991
2562,pv_10_z_20,pv_10,กรุงเทพมหานคร,กรุงเทพมหานคร,20,ประชาธิปไตยใหม่,90,0.08,16,113991
2562,pv_10_z_20,pv_10,กรุงเทพมหานคร,กรุงเทพมหานคร,20,พลังท้องถิ่นไท,89,0.08,17,113991
2562,pv_10_z_20,pv_10,กรุงเทพมหานคร,กรุงเทพมหานคร,20,พลังไทสร้างชาติ,80,0.07,18,113991
2562,pv_10_z_20,pv_10,กรุงเทพมหานคร,กรุงเทพมหานคร,20,แผ่นดินธรรม,75,0.07,19,113991
2562,pv_10_z_20,pv_10,กรุงเทพมหานคร,กรุงเทพมหานคร,20,ครูไทยเพื่อประชาชน,66,0.06,20,113991
2562,pv_10_z_20,pv_10,กรุงเทพมหานคร,กรุงเทพมหานคร,20,มหาชน,65,0.06,21,113991
2562,pv_10_z_20,pv_10,กรุงเทพมหานคร,กรุงเทพมหานคร,20,กลาง,55,0.05,22,113991
2562,pv_10_z_20,pv_10,กรุงเทพมหานคร,กรุงเทพมหานคร,20,พลังชาติไทย,54,0.05,23,113991
2562,pv_10_z_20,pv_10,กรุงเทพมหานคร,กรุงเทพมหานคร,20,ไทรักธรรม,53,0.05,24,113991
2562,pv_10_z_20,pv_10,กรุงเทพมหานคร,กรุงเทพมหานคร,20,ประชาธรรมไทย,49,0.04,25,113991
2562,pv_10_z_20,pv_10,กรุงเทพมหานคร,กรุงเทพมหานคร,20,ภราดรภาพ,37,0.03,26,113991
2562,pv_10_z_20,pv_10,กรุงเทพมหานคร,กรุงเทพมหานคร,20,ประชานิยม,24,0.02,27,113991
2562,pv_10_z_20,pv_10,กรุงเทพมหานคร,กรุงเทพมหานคร,20,พลเมืองไทย,23,0.02,28,113991
2562,pv_10_z_20,pv_10,กรุงเทพมหานคร,กรุงเทพมหานคร,20,ถิ่นกาขาวชาววิไล,18,0.02,29,113991
2562,pv_10_z_20,pv_10,กรุงเทพมหานคร,กรุงเทพมหานคร,20,ภาคีเครือข่ายไทย,8,0.01,30,113991
2562,pv_10_z_20,pv_10,กรุงเทพมหานคร,กรุงเทพมหานคร,20,ไทยรักษาชาติ,0,0.00,31,113991
2562,pv_10_z_21,pv_10,กรุงเทพมหานคร,กรุงเทพมหานคร,21,อนาคตใหม่,35702,36.07,1,98968
2562,pv_10_z_21,pv_10,กรุงเทพมหานคร,กรุงเทพมหานคร,21,พลังประชารัฐ,28944,29.25,2,98968
2562,pv_10_z_21,pv_10,กรุงเทพมหานคร,กรุงเทพมหานคร,21,ประชาธิปัตย์,14339,14.49,3,98968
2562,pv_10_z_21,pv_10,กรุงเทพมหานคร,กรุงเทพมหานคร,21,เศรษฐกิจใหม่,6387,6.45,4,98968
2562,pv_10_z_21,pv_10,กรุงเทพมหานคร,กรุงเทพมหานคร,21,เพื่อชาติ,5514,5.57,5,98968
2562,pv_10_z_21,pv_10,กรุงเทพมหานคร,กรุงเทพมหานคร,21,เสรีรวมไทย,4263,4.31,6,98968
2562,pv_10_z_21,pv_10,กรุงเทพมหานคร,กรุงเทพมหานคร,21,ภูมิใจไทย,850,0.86,7,98968
2562,pv_10_z_21,pv_10,กรุงเทพมหานคร,กรุงเทพมหานคร,21,รวมพลังประชาชาติไทย,485,0.49,8,98968
2562,pv_10_z_21,pv_10,กรุงเทพมหานคร,กรุงเทพมหานคร,21,รักษ์ผืนป่าประเทศไทย,426,0.43,9,98968
2562,pv_10_z_21,pv_10,กรุงเทพมหานคร,กรุงเทพมหานคร,21,ชาติไทยพัฒนา,377,0.38,10,98968
2562,pv_10_z_21,pv_10,กรุงเทพมหานคร,กรุงเทพมหานคร,21,ชาติพัฒนา,272,0.27,11,98968
2562,pv_10_z_21,pv_10,กรุงเทพมหานคร,กรุงเทพมหานคร,21,ประชาชนปฏิรูป,225,0.23,12,98968
2562,pv_10_z_21,pv_10,กรุงเทพมหานคร,กรุงเทพมหานคร,21,พลังธรรมใหม่,197,0.20,13,98968
2562,pv_10_z_21,pv_10,กรุงเทพมหานคร,กรุงเทพมหานคร,21,ประชาชาติ,182,0.18,14,98968
2562,pv_10_z_21,pv_10,กรุงเทพมหานคร,กรุงเทพมหานคร,21,พลังชาติไทย,109,0.11,15,98968
2562,pv_10_z_21,pv_10,กรุงเทพมหานคร,กรุงเทพมหานคร,21,พลังท้องถิ่นไท,93,0.09,16,98968
2562,pv_10_z_21,pv_10,กรุงเทพมหานคร,กรุงเทพมหานคร,21,ประชาภิวัฒน์,83,0.08,17,98968
2562,pv_10_z_21,pv_10,กรุงเทพมหานคร,กรุงเทพมหานคร,21,ครูไทยเพื่อประชาชน,77,0.08,18,98968
2562,pv_10_z_21,pv_10,กรุงเทพมหานคร,กรุงเทพมหานคร,21,มหาชน,68,0.07,19,98968
2562,pv_10_z_21,pv_10,กรุงเทพมหานคร,กรุงเทพมหานคร,21,ประชาธิปไตยใหม่,68,0.07,20,98968
2562,pv_10_z_21,pv_10,กรุงเทพมหานคร,กรุงเทพมหานคร,21,ภราดรภาพ,61,0.06,21,98968
2562,pv_10_z_21,pv_10,กรุงเทพมหานคร,กรุงเทพมหานคร,21,ประชานิยม,52,0.05,22,98968
2562,pv_10_z_21,pv_10,กรุงเทพมหานคร,กรุงเทพมหานคร,21,กลาง,52,0.05,23,98968
2562,pv_10_z_21,pv_10,กรุงเทพมหานคร,กรุงเทพมหานคร,21,พลังไทสร้างชาติ,49,0.05,24,98968
2562,pv_10_z_21,pv_10,กรุงเทพมหานคร,กรุงเทพมหานคร,21,พลเมืองไทย,48,0.05,25,98968
2562,pv_10_z_21,pv_10,กรุงเทพมหานคร,กรุงเทพมหานคร,21,ภาคีเครือข่ายไทย,45,0.05,26,98968
2562,pv_10_z_21,pv_10,กรุงเทพมหานคร,กรุงเทพมหานคร,21,ไทยรักษาชาติ,0,0.00,27,98968
2562,pv_10_z_22,pv_10,กรุงเทพมหานคร,กรุงเทพมหานคร,22,อนาคตใหม่,34368,32.87,1,104543
2562,pv_10_z_22,pv_10,กรุงเทพมหานคร,กรุงเทพมหานคร,22,พลังประชารัฐ,27421,26.23,2,104543
2562,pv_10_z_22,pv_10,กรุงเทพมหานคร,กรุงเทพมหานคร,22,ประชาธิปัตย์,20376,19.49,3,104543
2562,pv_10_z_22,pv_10,กรุงเทพมหานคร,กรุงเทพมหานคร,22,เสรีรวมไทย,6488,6.21,4,104543
2562,pv_10_z_22,pv_10,กรุงเทพมหานคร,กรุงเทพมหานคร,22,เศรษฐกิจใหม่,6283,6.01,5,104543
2562,pv_10_z_22,pv_10,กรุงเทพมหานคร,กรุงเทพมหานคร,22,เพื่อชาติ,2680,2.56,6,104543
2562,pv_10_z_22,pv_10,กรุงเทพมหานคร,กรุงเทพมหานคร,22,ภูมิใจไทย,1569,1.50,7,104543
2562,pv_10_z_22,pv_10,กรุงเทพมหานคร,กรุงเทพมหานคร,22,ชาติไทยพัฒนา,1445,1.38,8,104543
2562,pv_10_z_22,pv_10,กรุงเทพมหานคร,กรุงเทพมหานคร,22,รวมพลังประชาชาติไทย,599,0.57,9,104543
2562,pv_10_z_22,pv_10,กรุงเทพมหานคร,กรุงเทพมหานคร,22,ประชาชาติ,469,0.45,10,104543
2562,pv_10_z_22,pv_10,กรุงเทพมหานคร,กรุงเทพมหานคร,22,รักษ์ผืนป่าประเทศไทย,398,0.38,11,104543
2562,pv_10_z_22,pv_10,กรุงเทพมหานคร,กรุงเทพมหานคร,22,ชาติพัฒนา,374,0.36,12,104543
2562,pv_10_z_22,pv_10,กรุงเทพมหานคร,กรุงเทพมหานคร,22,ไทยศรีวิไลย์,321,0.31,13,104543
2562,pv_10_z_22,pv_10,กรุงเทพมหานคร,กรุงเทพมหานคร,22,ทางเลือกใหม่,277,0.26,14,104543
2562,pv_10_z_22,pv_10,กรุงเทพมหานคร,กรุงเทพมหานคร,22,ประชาชนปฏิรูป,232,0.22,15,104543
2562,pv_10_z_22,pv_10,กรุงเทพมหานคร,กรุงเทพมหานคร,22,ประชาภิวัฒน์,187,0.18,16,104543
2562,pv_10_z_22,pv_10,กรุงเทพมหานคร,กรุงเทพมหานคร,22,พลังท้องถิ่นไท,178,0.17,17,104543
2562,pv_10_z_22,pv_10,กรุงเทพมหานคร,กรุงเทพมหานคร,22,พลังชาติไทย,177,0.17,18,104543
2562,pv_10_z_22,pv_10,กรุงเทพมหานคร,กรุงเทพมหานคร,22,พลังไทสร้างชาติ,120,0.11,19,104543
2562,pv_10_z_22,pv_10,กรุงเทพมหานคร,กรุงเทพมหานคร,22,แผ่นดินธรรม,106,0.10,20,104543
2562,pv_10_z_22,pv_10,กรุงเทพมหานคร,กรุงเทพมหานคร,22,พลเมืองไทย,79,0.08,21,104543
2562,pv_10_z_22,pv_10,กรุงเทพมหานคร,กรุงเทพมหานคร,22,สามัญชน,71,0.07,22,104543
2562,pv_10_z_22,pv_10,กรุงเทพมหานคร,กรุงเทพมหานคร,22,กลาง,67,0.06,23,104543
2562,pv_10_z_22,pv_10,กรุงเทพมหานคร,กรุงเทพมหานคร,22,ประชานิยม,56,0.05,24,104543
2562,pv_10_z_22,pv_10,กรุงเทพมหานคร,กรุงเทพมหานคร,22,ภราดรภาพ,53,0.05,25,104543
2562,pv_10_z_22,pv_10,กรุงเทพมหานคร,กรุงเทพมหานคร,22,ประชาธรรมไทย,46,0.04,26,104543
2562,pv_10_z_22,pv_10,กรุงเทพมหานคร,กรุงเทพมหานคร,22,ถิ่นกาขาวชาววิไล,46,0.04,27,104543
2562,pv_10_z_22,pv_10,กรุงเทพมหานคร,กรุงเทพมหานคร,22,พลังปวงชนไทย,41,0.04,28,104543
2562,pv_10_z_22,pv_10,กรุงเทพมหานคร,กรุงเทพมหานคร,22,ภาคีเครือข่ายไทย,16,0.02,29,104543
2562,pv_10_z_22,pv_10,กรุงเทพมหานคร,กรุงเทพมหานคร,22,ไทยรักษาชาติ,0,0.00,30,104543
2562,pv_10_z_22,pv_10,กรุงเทพมหานคร,กรุงเทพมหานคร,22,ครูไทยเพื่อประชาชน,0,0.00,31,104543
2562,pv_10_z_22,pv_10,กรุงเทพมหานคร,กรุงเทพมหานคร,22,มหาชน,0,0.00,32,104543
2562,pv_10_z_23,pv_10,กรุงเทพมหานคร,กรุงเทพมหานคร,23,อนาคตใหม่,27651,25.25,1,109507
2562,pv_10_z_23,pv_10,กรุงเทพมหานคร,กรุงเทพมหานคร,23,พลังประชารัฐ,26015,23.76,2,109507
2562,pv_10_z_23,pv_10,กรุงเทพมหานคร,กรุงเทพมหานคร,23,เพื่อไทย,24959,22.79,3,109507
2562,pv_10_z_23,pv_10,กรุงเทพมหานคร,กรุงเทพมหานคร,23,ประชาธิปัตย์,17247,15.75,4,109507
2562,pv_10_z_23,pv_10,กรุงเทพมหานคร,กรุงเทพมหานคร,23,เศรษฐกิจใหม่,5617,5.13,5,109507
2562,pv_10_z_23,pv_10,กรุงเทพมหานคร,กรุงเทพมหานคร,23,เสรีรวมไทย,3036,2.77,6,109507
2562,pv_10_z_23,pv_10,กรุงเทพมหานคร,กรุงเทพมหานคร,23,ภูมิใจไทย,2379,2.17,7,109507
2562,pv_10_z_23,pv_10,กรุงเทพมหานคร,กรุงเทพมหานคร,23,รวมพลังประชาชาติไทย,425,0.39,8,109507
2562,pv_10_z_23,pv_10,กรุงเทพมหานคร,กรุงเทพมหานคร,23,รักษ์ผืนป่าประเทศไทย,292,0.27,9,109507
2562,pv_10_z_23,pv_10,กรุงเทพมหานคร,กรุงเทพมหานคร,23,ไทยศรีวิไลย์,212,0.19,10,109507
2562,pv_10_z_23,pv_10,กรุงเทพมหานคร,กรุงเทพมหานคร,23,ชาติไทยพัฒนา,184,0.17,11,109507
2562,pv_10_z_23,pv_10,กรุงเทพมหานคร,กรุงเทพมหานคร,23,ประชาชนปฏิรูป,157,0.14,12,109507
2562,pv_10_z_23,pv_10,กรุงเทพมหานคร,กรุงเทพมหานคร,23,ประชาชาติ,139,0.13,13,109507
2562,pv_10_z_23,pv_10,กรุงเทพมหานคร,กรุงเทพมหานคร,23,เพื่อชาติ,134,0.12,14,109507
2562,pv_10_z_23,pv_10,กรุงเทพมหานคร,กรุงเทพมหานคร,23,ชาติพัฒนา,127,0.12,15,109507
2562,pv_10_z_23,pv_10,กรุงเทพมหานคร,กรุงเทพมหานคร,23,ทางเลือกใหม่,121,0.11,16,109507
2562,pv_10_z_23,pv_10,กรุงเทพมหานคร,กรุงเทพมหานคร,23,มหาชน,107,0.10,17,109507
2562,pv_10_z_23,pv_10,กรุงเทพมหานคร,กรุงเทพมหานคร,23,พลังไทยรักไทย,102,0.09,18,109507
2562,pv_10_z_23,pv_10,กรุงเทพมหานคร,กรุงเทพมหานคร,23,พลังท้องถิ่นไท,80,0.07,19,109507
2562,pv_10_z_23,pv_10,กรุงเทพมหานคร,กรุงเทพมหานคร,23,กลาง,78,0.07,20,109507
2562,pv_10_z_23,pv_10,กรุงเทพมหานคร,กรุงเทพมหานคร,23,ครูไทยเพื่อประชาชน,63,0.06,21,109507
2562,pv_10_z_23,pv_10,กรุงเทพมหานคร,กรุงเทพมหานคร,23,ประชาธรรมไทย,62,0.06,22,109507
2562,pv_10_z_23,pv_10,กรุงเทพมหานคร,กรุงเทพมหานคร,23,พลังชาติไทย,61,0.06,23,109507
2562,pv_10_z_23,pv_10,กรุงเทพมหานคร,กรุงเทพมหานคร,23,ภราดรภาพ,56,0.05,24,109507
2562,pv_10_z_23,pv_10,กรุงเทพมหานคร,กรุงเทพมหานคร,23,ประชานิยม,52,0.05,25,109507
2562,pv_10_z_23,pv_10,กรุงเทพมหานคร,กรุงเทพมหานคร,23,พลังไทสร้างชาติ,52,0.05,26,109507
2562,pv_10_z_23,pv_10,กรุงเทพมหานคร,กรุงเทพมหานคร,23,ประชาภิวัฒน์,35,0.03,27,109507
2562,pv_10_z_23,pv_10,กรุงเทพมหานคร,กรุงเทพมหานคร,23,ถิ่นกาขาวชาววิไล,27,0.02,28,109507
2562,pv_10_z_23,pv_10,กรุงเทพมหานคร,กรุงเทพมหานคร,23,ไทรักธรรม,22,0.02,29,109507
2562,pv_10_z_23,pv_10,กรุงเทพมหานคร,กรุงเทพมหานคร,23,พลังปวงชนไทย,15,0.01,30,109507
2562,pv_10_z_24,pv_10,กรุงเทพมหานคร,กรุงเทพมหานคร,24,อนาคตใหม่,38409,34.87,1,110156
2562,pv_10_z_24,pv_10,กรุงเทพมหานคร,กรุงเทพมหานคร,24,พลังประชารัฐ,29154,26.47,2,110156
2562,pv_10_z_24,pv_10,กรุงเทพมหานคร,กรุงเทพมหานคร,24,ประชาธิปัตย์,14784,13.42,3,110156
2562,pv_10_z_24,pv_10,กรุงเทพมหานคร,กรุงเทพมหานคร,24,เสรีรวมไทย,7187,6.52,4,110156
2562,pv_10_z_24,pv_10,กรุงเทพมหานคร,กรุงเทพมหานคร,24,ภูมิใจไทย,6748,6.13,5,110156
2562,pv_10_z_24,pv_10,กรุงเทพมหานคร,กรุงเทพมหานคร,24,เศรษฐกิจใหม่,5859,5.32,6,110156
2562,pv_10_z_24,pv_10,กรุงเทพมหานคร,กรุงเทพมหานคร,24,เพื่อชาติ,2908,2.64,7,110156
2562,pv_10_z_24,pv_10,กรุงเทพมหานคร,กรุงเทพมหานคร,24,ประชาชาติ,1113,1.01,8,110156
2562,pv_10_z_24,pv_10,กรุงเทพมหานคร,กรุงเทพมหานคร,24,ชาติไทยพัฒนา,914,0.83,9,110156
2562,pv_10_z_24,pv_10,กรุงเทพมหานคร,กรุงเทพมหานคร,24,รวมพลังประชาชาติไทย,590,0.54,10,110156
2562,pv_10_z_24,pv_10,กรุงเทพมหานคร,กรุงเทพมหานคร,24,ชาติพัฒนา,529,0.48,11,110156
2562,pv_10_z_24,pv_10,กรุงเทพมหานคร,กรุงเทพมหานคร,24,พลังท้องถิ่นไท,443,0.40,12,110156
2562,pv_10_z_24,pv_10,กรุงเทพมหานคร,กรุงเทพมหานคร,24,รักษ์ผืนป่าประเทศไทย,405,0.37,13,110156
2562,pv_10_z_24,pv_10,กรุงเทพมหานคร,กรุงเทพมหานคร,24,พลังธรรมใหม่,146,0.13,14,110156
2562,pv_10_z_24,pv_10,กรุงเทพมหานคร,กรุงเทพมหานคร,24,ครูไทยเพื่อประชาชน,144,0.13,15,110156
2562,pv_10_z_24,pv_10,กรุงเทพมหานคร,กรุงเทพมหานคร,24,พลังชาติไทย,137,0.12,16,110156
2562,pv_10_z_24,pv_10,กรุงเทพมหานคร,กรุงเทพมหานคร,24,ประชาชนปฏิรูป,112,0.10,17,110156
2562,pv_10_z_24,pv_10,กรุงเทพมหานคร,กรุงเทพมหานคร,24,พลังไทสร้างชาติ,108,0.10,18,110156
2562,pv_10_z_24,pv_10,กรุงเทพมหานคร,กรุงเทพมหานคร,24,ประชาไทย,63,0.06,19,110156
2562,pv_10_z_24,pv_10,กรุงเทพมหานคร,กรุงเทพมหานคร,24,ประชาธิปไตยใหม่,60,0.05,20,110156
2562,pv_10_z_24,pv_10,กรุงเทพมหานคร,กรุงเทพมหานคร,24,ประชานิยม,58,0.05,21,110156
2562,pv_10_z_24,pv_10,กรุงเทพมหานคร,กรุงเทพมหานคร,24,กลาง,45,0.04,22,110156
2562,pv_10_z_24,pv_10,กรุงเทพมหานคร,กรุงเทพมหานคร,24,ถิ่นกาขาวชาววิไล,42,0.04,23,110156
2562,pv_10_z_24,pv_10,กรุงเทพมหานคร,กรุงเทพมหานคร,24,แผ่นดินธรรม,30,0.03,24,110156
2562,pv_10_z_24,pv_10,กรุงเทพมหานคร,กรุงเทพมหานคร,24,ประชาธรรมไทย,30,0.03,25,110156
2562,pv_10_z_24,pv_10,กรุงเทพมหานคร,กรุงเทพมหานคร,24,ภาคีเครือข่ายไทย,30,0.03,26,110156
2562,pv_10_z_24,pv_10,กรุงเทพมหานคร,กรุงเทพมหานคร,24,ประชาภิวัฒน์,28,0.03,27,110156
2562,pv_10_z_24,pv_10,กรุงเทพมหานคร,กรุงเทพมหานคร,24,พลังศรัทธา,24,0.02,28,110156
2562,pv_10_z_24,pv_10,กรุงเทพมหานคร,กรุงเทพมหานคร,24,ไทรักธรรม,21,0.02,29,110156
2562,pv_10_z_24,pv_10,กรุงเทพมหานคร,กรุงเทพมหานคร,24,ภราดรภาพ,20,0.02,30,110156
2562,pv_10_z_24,pv_10,กรุงเทพมหานคร,กรุงเทพมหานคร,24,พลังปวงชนไทย,15,0.01,31,110156
2562,pv_10_z_24,pv_10,กรุงเทพมหานคร,กรุงเทพมหานคร,24,ไทยรักษาชาติ,0,0.00,32,110156
2562,pv_10_z_24,pv_10,กรุงเทพมหานคร,กรุงเทพมหานคร,24,เพื่อนไทย,0,0.00,33,110156
2562,pv_10_z_25,pv_10,กรุงเทพมหานคร,กรุงเทพมหานคร,25,อนาคตใหม่,38340,39.35,1,97440
2562,pv_10_z_25,pv_10,กรุงเทพมหานคร,กรุงเทพมหานคร,25,ประชาธิปัตย์,23425,24.04,2,97440
2562,pv_10_z_25,pv_10,กรุงเทพมหานคร,กรุงเทพมหานคร,25,พลังประชารัฐ,16782,17.22,3,97440
2562,pv_10_z_25,pv_10,กรุงเทพมหานคร,กรุงเทพมหานคร,25,เสรีรวมไทย,5358,5.50,4,97440
2562,pv_10_z_25,pv_10,กรุงเทพมหานคร,กรุงเทพมหานคร,25,เศรษฐกิจใหม่,5260,5.40,5,97440
2562,pv_10_z_25,pv_10,กรุงเทพมหานคร,กรุงเทพมหานคร,25,เพื่อชาติ,2467,2.53,6,97440
2562,pv_10_z_25,pv_10,กรุงเทพมหานคร,กรุงเทพมหานคร,25,ภูมิใจไทย,2376,2.44,7,97440
2562,pv_10_z_25,pv_10,กรุงเทพมหานคร,กรุงเทพมหานคร,25,พลังท้องถิ่นไท,535,0.55,8,97440
2562,pv_10_z_25,pv_10,กรุงเทพมหานคร,กรุงเทพมหานคร,25,รวมพลังประชาชาติไทย,455,0.47,9,97440
2562,pv_10_z_25,pv_10,กรุงเทพมหานคร,กรุงเทพมหานคร,25,ชาติไทยพัฒนา,416,0.43,10,97440
2562,pv_10_z_25,pv_10,กรุงเทพมหานคร,กรุงเทพมหานคร,25,ไทยศรีวิไลย์,275,0.28,11,97440
2562,pv_10_z_25,pv_10,กรุงเทพมหานคร,กรุงเทพมหานคร,25,รักษ์ผืนป่าประเทศไทย,257,0.26,12,97440
2562,pv_10_z_25,pv_10,กรุงเทพมหานคร,กรุงเทพมหานคร,25,ชาติพัฒนา,251,0.26,13,97440
2562,pv_10_z_25,pv_10,กรุงเทพมหานคร,กรุงเทพมหานคร,25,ประชาชาติ,136,0.14,14,97440
2562,pv_10_z_25,pv_10,กรุงเทพมหานคร,กรุงเทพมหานคร,25,ประชาภิวัฒน์,118,0.12,15,97440
2562,pv_10_z_25,pv_10,กรุงเทพมหานคร,กรุงเทพมหานคร,25,ภราดรภาพ,114,0.12,16,97440
2562,pv_10_z_25,pv_10,กรุงเทพมหานคร,กรุงเทพมหานคร,25,ประชาชนปฏิรูป,114,0.12,17,97440
2562,pv_10_z_25,pv_10,กรุงเทพมหานคร,กรุงเทพมหานคร,25,ประชาธิปไตยใหม่,100,0.10,18,97440
2562,pv_10_z_25,pv_10,กรุงเทพมหานคร,กรุงเทพมหานคร,25,ครูไทยเพื่อประชาชน,96,0.10,19,97440
2562,pv_10_z_25,pv_10,กรุงเทพมหานคร,กรุงเทพมหานคร,25,พลังชาติไทย,94,0.10,20,97440
2562,pv_10_z_25,pv_10,กรุงเทพมหานคร,กรุงเทพมหานคร,25,พลังไทสร้างชาติ,80,0.08,21,97440
2562,pv_10_z_25,pv_10,กรุงเทพมหานคร,กรุงเทพมหานคร,25,ไทรักธรรม,61,0.06,22,97440
2562,pv_10_z_25,pv_10,กรุงเทพมหานคร,กรุงเทพมหานคร,25,พลังศรัทธา,59,0.06,23,97440
2562,pv_10_z_25,pv_10,กรุงเทพมหานคร,กรุงเทพมหานคร,25,ภาคีเครือข่ายไทย,58,0.06,24,97440
2562,pv_10_z_25,pv_10,กรุงเทพมหานคร,กรุงเทพมหานคร,25,พลังปวงชนไทย,46,0.05,25,97440
2562,pv_10_z_25,pv_10,กรุงเทพมหานคร,กรุงเทพมหานคร,25,กลาง,45,0.05,26,97440
2562,pv_10_z_25,pv_10,กรุงเทพมหานคร,กรุงเทพมหานคร,25,พลเมืองไทย,40,0.04,27,97440
2562,pv_10_z_25,pv_10,กรุงเทพมหานคร,กรุงเทพมหานคร,25,ประชานิยม,34,0.03,28,97440
2562,pv_10_z_25,pv_10,กรุงเทพมหานคร,กรุงเทพมหานคร,25,ประชาธรรมไทย,31,0.03,29,97440
2562,pv_10_z_25,pv_10,กรุงเทพมหานคร,กรุงเทพมหานคร,25,ประชาไทย,17,0.02,30,97440
2562,pv_10_z_25,pv_10,กรุงเทพมหานคร,กรุงเทพมหานคร,25,ไทยรักษาชาติ,0,0.00,31,97440
2562,pv_10_z_26,pv_10,กรุงเทพมหานคร,กรุงเทพมหานคร,26,เพื่อไทย,30538,29.00,1,105302
2562,pv_10_z_26,pv_10,กรุงเทพมหานคร,กรุงเทพมหานคร,26,อนาคตใหม่,27244,25.87,2,105302
2562,pv_10_z_26,pv_10,กรุงเทพมหานคร,กรุงเทพมหานคร,26,ประชาธิปัตย์,19202,18.24,3,105302
2562,pv_10_z_26,pv_10,กรุงเทพมหานคร,กรุงเทพมหานคร,26,พลังประชารัฐ,18032,17.12,4,105302
2562,pv_10_z_26,pv_10,กรุงเทพมหานคร,กรุงเทพมหานคร,26,เศรษฐกิจใหม่,4309,4.09,5,105302
2562,pv_10_z_26,pv_10,กรุงเทพมหานคร,กรุงเทพมหานคร,26,เสรีรวมไทย,2622,2.49,6,105302
2562,pv_10_z_26,pv_10,กรุงเทพมหานคร,กรุงเทพมหานคร,26,ภูมิใจไทย,602,0.57,7,105302
2562,pv_10_z_26,pv_10,กรุงเทพมหานคร,กรุงเทพมหานคร,26,รวมพลังประชาชาติไทย,508,0.48,8,105302
2562,pv_10_z_26,pv_10,กรุงเทพมหานคร,กรุงเทพมหานคร,26,ไทยศรีวิไลย์,289,0.27,9,105302
2562,pv_10_z_26,pv_10,กรุงเทพมหานคร,กรุงเทพมหานคร,26,รักษ์ผืนป่าประเทศไทย,261,0.25,10,105302
2562,pv_10_z_26,pv_10,กรุงเทพมหานคร,กรุงเทพมหานคร,26,เพื่อชาติ,244,0.23,11,105302
2562,pv_10_z_26,pv_10,กรุงเทพมหานคร,กรุงเทพมหานคร,26,ภราดรภาพ,182,0.17,12,105302
2562,pv_10_z_26,pv_10,กรุงเทพมหานคร,กรุงเทพมหานคร,26,ชาติพัฒนา,166,0.16,13,105302
2562,pv_10_z_26,pv_10,กรุงเทพมหานคร,กรุงเทพมหานคร,26,พลังท้องถิ่นไท,163,0.15,14,105302
2562,pv_10_z_26,pv_10,กรุงเทพมหานคร,กรุงเทพมหานคร,26,ชาติไทยพัฒนา,149,0.14,15,105302
2562,pv_10_z_26,pv_10,กรุงเทพมหานคร,กรุงเทพมหานคร,26,ประชาชนปฏิรูป,145,0.14,16,105302
2562,pv_10_z_26,pv_10,กรุงเทพมหานคร,กรุงเทพมหานคร,26,พลังไทยรักไทย,125,0.12,17,105302
2562,pv_10_z_26,pv_10,กรุงเทพมหานคร,กรุงเทพมหานคร,26,ประชานิยม,78,0.07,18,105302
2562,pv_10_z_26,pv_10,กรุงเทพมหานคร,กรุงเทพมหานคร,26,ประชากรไทย,72,0.07,19,105302
2562,pv_10_z_26,pv_10,กรุงเทพมหานคร,กรุงเทพมหานคร,26,ประชาชาติ,53,0.05,20,105302
2562,pv_10_z_26,pv_10,กรุงเทพมหานคร,กรุงเทพมหานคร,26,พลเมืองไทย,51,0.05,21,105302
2562,pv_10_z_26,pv_10,กรุงเทพมหานคร,กรุงเทพมหานคร,26,ประชาธรรมไทย,45,0.04,22,105302
2562,pv_10_z_26,pv_10,กรุงเทพมหานคร,กรุงเทพมหานคร,26,ครูไทยเพื่อประชาชน,42,0.04,23,105302
2562,pv_10_z_26,pv_10,กรุงเทพมหานคร,กรุงเทพมหานคร,26,กลาง,37,0.04,24,105302
2562,pv_10_z_26,pv_10,กรุงเทพมหานคร,กรุงเทพมหานคร,26,พลังชาติไทย,32,0.03,25,105302
2562,pv_10_z_26,pv_10,กรุงเทพมหานคร,กรุงเทพมหานคร,26,แผ่นดินธรรม,31,0.03,26,105302
2562,pv_10_z_26,pv_10,กรุงเทพมหานคร,กรุงเทพมหานคร,26,ประชาภิวัฒน์,30,0.03,27,105302
2562,pv_10_z_26,pv_10,กรุงเทพมหานคร,กรุงเทพมหานคร,26,ไทรักธรรม,29,0.03,28,105302
2562,pv_10_z_26,pv_10,กรุงเทพมหานคร,กรุงเทพมหานคร,26,พลังปวงชนไทย,21,0.02,29,105302
2562,pv_10_z_27,pv_10,กรุงเทพมหานคร,กรุงเทพมหานคร,27,อนาคตใหม่,29545,24.52,1,120513
2562,pv_10_z_27,pv_10,กรุงเทพมหานคร,กรุงเทพมหานคร,27,เพื่อไทย,28367,23.54,2,120513
2562,pv_10_z_27,pv_10,กรุงเทพมหานคร,กรุงเทพมหานคร,27,พลังประชารัฐ,24981,20.73,3,120513
2562,pv_10_z_27,pv_10,กรุงเทพมหานคร,กรุงเทพมหานคร,27,ประชาธิปัตย์,23803,19.75,4,120513
2562,pv_10_z_27,pv_10,กรุงเทพมหานคร,กรุงเทพมหานคร,27,เศรษฐกิจใหม่,5213,4.33,5,120513
2562,pv_10_z_27,pv_10,กรุงเทพมหานคร,กรุงเทพมหานคร,27,เสรีรวมไทย,3834,3.18,6,120513
2562,pv_10_z_27,pv_10,กรุงเทพมหานคร,กรุงเทพมหานคร,27,ภูมิใจไทย,886,0.74,7,120513
2562,pv_10_z_27,pv_10,กรุงเทพมหานคร,กรุงเทพมหานคร,27,รวมพลังประชาชาติไทย,542,0.45,8,120513
2562,pv_10_z_27,pv_10,กรุงเทพมหานคร,กรุงเทพมหานคร,27,รักษ์ผืนป่าประเทศไทย,375,0.31,9,120513
2562,pv_10_z_27,pv_10,กรุงเทพมหานคร,กรุงเทพมหานคร,27,ชาติไทยพัฒนา,358,0.30,10,120513
2562,pv_10_z_27,pv_10,กรุงเทพมหานคร,กรุงเทพมหานคร,27,ไทยศรีวิไลย์,335,0.28,11,120513
2562,pv_10_z_27,pv_10,กรุงเทพมหานคร,กรุงเทพมหานคร,27,ประชาชนปฏิรูป,323,0.27,12,120513
2562,pv_10_z_27,pv_10,กรุงเทพมหานคร,กรุงเทพมหานคร,27,ชาติพัฒนา,319,0.26,13,120513
2562,pv_10_z_27,pv_10,กรุงเทพมหานคร,กรุงเทพมหานคร,27,พลังท้องถิ่นไท,250,0.21,14,120513
2562,pv_10_z_27,pv_10,กรุงเทพมหานคร,กรุงเทพมหานคร,27,พลังไทยรักไทย,191,0.16,15,120513
2562,pv_10_z_27,pv_10,กรุงเทพมหานคร,กรุงเทพมหานคร,27,ประชาภิวัฒน์,182,0.15,16,120513
2562,pv_10_z_27,pv_10,กรุงเทพมหานคร,กรุงเทพมหานคร,27,เพื่อชาติ,168,0.14,17,120513
2562,pv_10_z_27,pv_10,กรุงเทพมหานคร,กรุงเทพมหานคร,27,ประชาธิปไตยใหม่,145,0.12,18,120513
2562,pv_10_z_27,pv_10,กรุงเทพมหานคร,กรุงเทพมหานคร,27,ประชาชาติ,129,0.11,19,120513
2562,pv_10_z_27,pv_10,กรุงเทพมหานคร,กรุงเทพมหานคร,27,ภราดรภาพ,127,0.11,20,120513
2562,pv_10_z_27,pv_10,กรุงเทพมหานคร,กรุงเทพมหานคร,27,พลังชาติไทย,104,0.09,21,120513
2562,pv_10_z_27,pv_10,กรุงเทพมหานคร,กรุงเทพมหานคร,27,กลาง,67,0.06,22,120513
2562,pv_10_z_27,pv_10,กรุงเทพมหานคร,กรุงเทพมหานคร,27,ภาคีเครือข่ายไทย,61,0.05,23,120513
2562,pv_10_z_27,pv_10,กรุงเทพมหานคร,กรุงเทพมหานคร,27,แผ่นดินธรรม,53,0.04,24,120513
2562,pv_10_z_27,pv_10,กรุงเทพมหานคร,กรุงเทพมหานคร,27,พลังไทสร้างชาติ,39,0.03,25,120513
2562,pv_10_z_27,pv_10,กรุงเทพมหานคร,กรุงเทพมหานคร,27,มหาชน,38,0.03,26,120513
2562,pv_10_z_27,pv_10,กรุงเทพมหานคร,กรุงเทพมหานคร,27,ประชานิยม,32,0.03,27,120513
2562,pv_10_z_27,pv_10,กรุงเทพมหานคร,กรุงเทพมหานคร,27,พลังปวงชนไทย,23,0.02,28,120513
2562,pv_10_z_27,pv_10,กรุงเทพมหานคร,กรุงเทพมหานคร,27,ประชาธรรมไทย,23,0.02,29,120513
2562,pv_10_z_27,pv_10,กรุงเทพมหานคร,กรุงเทพมหานคร,27,ครูไทยเพื่อประชาชน,0,0.00,30,120513
2562,pv_10_z_28,pv_10,กรุงเทพมหานคร,กรุงเทพมหานคร,28,อนาคตใหม่,29590,27.11,1,109129
2562,pv_10_z_28,pv_10,กรุงเทพมหานคร,กรุงเทพมหานคร,28,พลังประชารัฐ,29413,26.95,2,109129
2562,pv_10_z_28,pv_10,กรุงเทพมหานคร,กรุงเทพมหานคร,28,เพื่อไทย,23510,21.54,3,109129
2562,pv_10_z_28,pv_10,กรุงเทพมหานคร,กรุงเทพมหานคร,28,ประชาธิปัตย์,17279,15.83,4,109129
2562,pv_10_z_28,pv_10,กรุงเทพมหานคร,กรุงเทพมหานคร,28,เสรีรวมไทย,3755,3.44,5,109129
2562,pv_10_z_28,pv_10,กรุงเทพมหานคร,กรุงเทพมหานคร,28,ภูมิใจไทย,2391,2.19,6,109129
2562,pv_10_z_28,pv_10,กรุงเทพมหานคร,กรุงเทพมหานคร,28,ชาติพัฒนา,812,0.74,7,109129
2562,pv_10_z_28,pv_10,กรุงเทพมหานคร,กรุงเทพมหานคร,28,รวมพลังประชาชาติไทย,429,0.39,8,109129
2562,pv_10_z_28,pv_10,กรุงเทพมหานคร,กรุงเทพมหานคร,28,รักษ์ผืนป่าประเทศไทย,326,0.30,9,109129
2562,pv_10_z_28,pv_10,กรุงเทพมหานคร,กรุงเทพมหานคร,28,ประชาชนปฏิรูป,273,0.25,10,109129
2562,pv_10_z_28,pv_10,กรุงเทพมหานคร,กรุงเทพมหานคร,28,ชาติไทยพัฒนา,267,0.24,11,109129
2562,pv_10_z_28,pv_10,กรุงเทพมหานคร,กรุงเทพมหานคร,28,พลังท้องถิ่นไท,185,0.17,12,109129
2562,pv_10_z_28,pv_10,กรุงเทพมหานคร,กรุงเทพมหานคร,28,พลังไทยรักไทย,159,0.15,13,109129
2562,pv_10_z_28,pv_10,กรุงเทพมหานคร,กรุงเทพมหานคร,28,ครูไทยเพื่อประชาชน,116,0.11,14,109129
2562,pv_10_z_28,pv_10,กรุงเทพมหานคร,กรุงเทพมหานคร,28,เพื่อชาติ,104,0.10,15,109129
2562,pv_10_z_28,pv_10,กรุงเทพมหานคร,กรุงเทพมหานคร,28,ภราดรภาพ,102,0.09,16,109129
2562,pv_10_z_28,pv_10,กรุงเทพมหานคร,กรุงเทพมหานคร,28,พลังชาติไทย,96,0.09,17,109129
2562,pv_10_z_28,pv_10,กรุงเทพมหานคร,กรุงเทพมหานคร,28,ประชาภิวัฒน์,90,0.08,18,109129
2562,pv_10_z_28,pv_10,กรุงเทพมหานคร,กรุงเทพมหานคร,28,ประชานิยม,68,0.06,19,109129
2562,pv_10_z_28,pv_10,กรุงเทพมหานคร,กรุงเทพมหานคร,28,พลังรัก,48,0.04,20,109129
2562,pv_10_z_28,pv_10,กรุงเทพมหานคร,กรุงเทพมหานคร,28,พลังไทสร้างชาติ,43,0.04,21,109129
2562,pv_10_z_28,pv_10,กรุงเทพมหานคร,กรุงเทพมหานคร,28,แผ่นดินธรรม,38,0.03,22,109129
2562,pv_10_z_28,pv_10,กรุงเทพมหานคร,กรุงเทพมหานคร,28,ภาคีเครือข่ายไทย,35,0.03,23,109129
2562,pv_10_z_28,pv_10,กรุงเทพมหานคร,กรุงเทพมหานคร,28,ประชาชาติ,0,0.00,24,109129
2562,pv_10_z_28,pv_10,กรุงเทพมหานคร,กรุงเทพมหานคร,28,เศรษฐกิจใหม่,0,0.00,25,109129
2562,pv_10_z_28,pv_10,กรุงเทพมหานคร,กรุงเทพมหานคร,28,ไทยรักษาชาติ,0,0.00,26,109129
2562,pv_10_z_28,pv_10,กรุงเทพมหานคร,กรุงเทพมหานคร,28,มหาชน,0,0.00,27,109129
2562,pv_10_z_28,pv_10,กรุงเทพมหานคร,กรุงเทพมหานคร,28,ประชาธรรมไทย,0,0.00,28,109129
2562,pv_10_z_29,pv_10,กรุงเทพมหานคร,กรุงเทพมหานคร,29,เพื่อไทย,28765,27.85,1,103287
2562,pv_10_z_29,pv_10,กรุงเทพมหานคร,กรุงเทพมหานคร,29,พลังประชารัฐ,24622,23.84,2,103287
2562,pv_10_z_29,pv_10,กรุงเทพมหานคร,กรุงเทพมหานคร,29,อนาคตใหม่,23477,22.73,3,103287
2562,pv_10_z_29,pv_10,กรุงเทพมหานคร,กรุงเทพมหานคร,29,ประชาธิปัตย์,13612,13.18,4,103287
2562,pv_10_z_29,pv_10,กรุงเทพมหานคร,กรุงเทพมหานคร,29,เศรษฐกิจใหม่,5077,4.92,5,103287
2562,pv_10_z_29,pv_10,กรุงเทพมหานคร,กรุงเทพมหานคร,29,เสรีรวมไทย,3407,3.30,6,103287
2562,pv_10_z_29,pv_10,กรุงเทพมหานคร,กรุงเทพมหานคร,29,ภูมิใจไทย,772,0.75,7,103287
2562,pv_10_z_29,pv_10,กรุงเทพมหานคร,กรุงเทพมหานคร,29,รวมพลังประชาชาติไทย,537,0.52,8,103287
2562,pv_10_z_29,pv_10,กรุงเทพมหานคร,กรุงเทพมหานคร,29,เพื่อชาติ,293,0.28,9,103287
2562,pv_10_z_29,pv_10,กรุงเทพมหานคร,กรุงเทพมหานคร,29,ชาติพัฒนา,287,0.28,10,103287
2562,pv_10_z_29,pv_10,กรุงเทพมหานคร,กรุงเทพมหานคร,29,ชาติไทยพัฒนา,285,0.28,11,103287
2562,pv_10_z_29,pv_10,กรุงเทพมหานคร,กรุงเทพมหานคร,29,รักษ์ผืนป่าประเทศไทย,262,0.25,12,103287
2562,pv_10_z_29,pv_10,กรุงเทพมหานคร,กรุงเทพมหานคร,29,พลังท้องถิ่นไท,257,0.25,13,103287
2562,pv_10_z_29,pv_10,กรุงเทพมหานคร,กรุงเทพมหานคร,29,ประชาชนปฏิรูป,227,0.22,14,103287
2562,pv_10_z_29,pv_10,กรุงเทพมหานคร,กรุงเทพมหานคร,29,ประชาชาติ,205,0.20,15,103287
2562,pv_10_z_29,pv_10,กรุงเทพมหานคร,กรุงเทพมหานคร,29,พลังธรรมใหม่,175,0.17,16,103287
2562,pv_10_z_29,pv_10,กรุงเทพมหานคร,กรุงเทพมหานคร,29,พลังไทยรักไทย,166,0.16,17,103287
2562,pv_10_z_29,pv_10,กรุงเทพมหานคร,กรุงเทพมหานคร,29,ประชาภิวัฒน์,126,0.12,18,103287
2562,pv_10_z_29,pv_10,กรุงเทพมหานคร,กรุงเทพมหานคร,29,พลังประชาธิปไตย,109,0.11,19,103287
2562,pv_10_z_29,pv_10,กรุงเทพมหานคร,กรุงเทพมหานคร,29,พลังชาติไทย,98,0.09,20,103287
2562,pv_10_z_29,pv_10,กรุงเทพมหานคร,กรุงเทพมหานคร,29,ไทรักธรรม,93,0.09,21,103287
2562,pv_10_z_29,pv_10,กรุงเทพมหานคร,กรุงเทพมหานคร,29,กลาง,91,0.09,22,103287
2562,pv_10_z_29,pv_10,กรุงเทพมหานคร,กรุงเทพมหานคร,29,ครูไทยเพื่อประชาชน,59,0.06,23,103287
2562,pv_10_z_29,pv_10,กรุงเทพมหานคร,กรุงเทพมหานคร,29,ประชานิยม,54,0.05,24,103287
2562,pv_10_z_29,pv_10,กรุงเทพมหานคร,กรุงเทพมหานคร,29,ภราดรภาพ,53,0.05,25,103287
2562,pv_10_z_29,pv_10,กรุงเทพมหานคร,กรุงเทพมหานคร,29,พลังไทยรักชาติ,52,0.05,26,103287
2562,pv_10_z_29,pv_10,กรุงเทพมหานคร,กรุงเทพมหานคร,29,พลังสังคม,36,0.03,27,103287
2562,pv_10_z_29,pv_10,กรุงเทพมหานคร,กรุงเทพมหานคร,29,ประชาธิปไตยใหม่,32,0.03,28,103287
2562,pv_10_z_29,pv_10,กรุงเทพมหานคร,กรุงเทพมหานคร,29,พลังปวงชนไทย,24,0.02,29,103287
2562,pv_10_z_29,pv_10,กรุงเทพมหานคร,กรุงเทพมหานคร,29,ประชาธรรมไทย,18,0.02,30,103287
2562,pv_10_z_29,pv_10,กรุงเทพมหานคร,กรุงเทพมหานคร,29,ภาคีเครือข่ายไทย,16,0.02,31,103287
2562,pv_10_z_30,pv_10,กรุงเทพมหานคร,กรุงเทพมหานคร,30,พลังประชารัฐ,31394,27.99,1,112151
2562,pv_10_z_30,pv_10,กรุงเทพมหานคร,กรุงเทพมหานคร,30,เพื่อไทย,25745,22.96,2,112151
2562,pv_10_z_30,pv_10,กรุงเทพมหานคร,กรุงเทพมหานคร,30,อนาคตใหม่,23724,21.15,3,112151
2562,pv_10_z_30,pv_10,กรุงเทพมหานคร,กรุงเทพมหานคร,30,ประชาธิปัตย์,17535,15.64,4,112151
2562,pv_10_z_30,pv_10,กรุงเทพมหานคร,กรุงเทพมหานคร,30,เศรษฐกิจใหม่,5344,4.77,5,112151
2562,pv_10_z_30,pv_10,กรุงเทพมหานคร,กรุงเทพมหานคร,30,เสรีรวมไทย,3991,3.56,6,112151
2562,pv_10_z_30,pv_10,กรุงเทพมหานคร,กรุงเทพมหานคร,30,ภูมิใจไทย,766,0.68,7,112151
2562,pv_10_z_30,pv_10,กรุงเทพมหานคร,กรุงเทพมหานคร,30,รวมพลังประชาชาติไทย,695,0.62,8,112151
2562,pv_10_z_30,pv_10,กรุงเทพมหานคร,กรุงเทพมหานคร,30,รักษ์ผืนป่าประเทศไทย,437,0.39,9,112151
2562,pv_10_z_30,pv_10,กรุงเทพมหานคร,กรุงเทพมหานคร,30,ชาติไทยพัฒนา,360,0.32,10,112151
2562,pv_10_z_30,pv_10,กรุงเทพมหานคร,กรุงเทพมหานคร,30,พลังท้องถิ่นไท,351,0.31,11,112151
2562,pv_10_z_30,pv_10,กรุงเทพมหานคร,กรุงเทพมหานคร,30,ประชาชนปฏิรูป,257,0.23,12,112151
2562,pv_10_z_30,pv_10,กรุงเทพมหานคร,กรุงเทพมหานคร,30,ไทยศรีวิไลย์,211,0.19,13,112151
2562,pv_10_z_30,pv_10,กรุงเทพมหานคร,กรุงเทพมหานคร,30,เพื่อชาติ,186,0.17,14,112151
2562,pv_10_z_30,pv_10,กรุงเทพมหานคร,กรุงเทพมหานคร,30,ชาติพัฒนา,170,0.15,15,112151
2562,pv_10_z_30,pv_10,กรุงเทพมหานคร,กรุงเทพมหานคร,30,เพื่อแผ่นดิน,134,0.12,16,112151
2562,pv_10_z_30,pv_10,กรุงเทพมหานคร,กรุงเทพมหานคร,30,ประชาชาติ,127,0.11,17,112151
2562,pv_10_z_30,pv_10,กรุงเทพมหานคร,กรุงเทพมหานคร,30,ประชาภิวัฒน์,75,0.07,18,112151
2562,pv_10_z_30,pv_10,กรุงเทพมหานคร,กรุงเทพมหานคร,30,พลังไทยรักไทย,64,0.06,19,112151
2562,pv_10_z_30,pv_10,กรุงเทพมหานคร,กรุงเทพมหานคร,30,พลังไทยรักชาติ,60,0.05,20,112151
2562,pv_10_z_30,pv_10,กรุงเทพมหานคร,กรุงเทพมหานคร,30,พลังชาติไทย,59,0.05,21,112151
2562,pv_10_z_30,pv_10,กรุงเทพมหานคร,กรุงเทพมหานคร,30,ภราดรภาพ,58,0.05,22,112151
2562,pv_10_z_30,pv_10,กรุงเทพมหานคร,กรุงเทพมหานคร,30,กลาง,58,0.05,23,112151
2562,pv_10_z_30,pv_10,กรุงเทพมหานคร,กรุงเทพมหานคร,30,ประชาธิปไตยใหม่,58,0.05,24,112151
2562,pv_10_z_30,pv_10,กรุงเทพมหานคร,กรุงเทพมหานคร,30,แผ่นดินธรรม,56,0.05,25,112151
2562,pv_10_z_30,pv_10,กรุงเทพมหานคร,กรุงเทพมหานคร,30,ครูไทยเพื่อประชาชน,54,0.05,26,112151
2562,pv_10_z_30,pv_10,กรุงเทพมหานคร,กรุงเทพมหานคร,30,พลังสังคม,52,0.05,27,112151
2562,pv_10_z_30,pv_10,กรุงเทพมหานคร,กรุงเทพมหานคร,30,ประชาธรรมไทย,52,0.05,28,112151
2562,pv_10_z_30,pv_10,กรุงเทพมหานคร,กรุงเทพมหานคร,30,ประชานิยม,37,0.03,29,112151
2562,pv_10_z_30,pv_10,กรุงเทพมหานคร,กรุงเทพมหานคร,30,พลังไทสร้างชาติ,22,0.02,30,112151
2562,pv_10_z_30,pv_10,กรุงเทพมหานคร,กรุงเทพมหานคร,30,ภาคีเครือข่ายไทย,19,0.02,31,112151
2562,pv_71_z_1,pv_71,กาญจนบุรี,ภาคตะวันตก,1,พลังประชารัฐ,40308,40.17,1,100348
2562,pv_71_z_1,pv_71,กาญจนบุรี,ภาคตะวันตก,1,อนาคตใหม่,25696,25.61,2,100348
2562,pv_71_z_1,pv_71,กาญจนบุรี,ภาคตะวันตก,1,ประชาธิปัตย์,15952,15.90,3,100348
2562,pv_71_z_1,pv_71,กาญจนบุรี,ภาคตะวันตก,1,เสรีรวมไทย,5251,5.23,4,100348
2562,pv_71_z_1,pv_71,กาญจนบุรี,ภาคตะวันตก,1,ภูมิใจไทย,4450,4.43,5,100348
2562,pv_71_z_1,pv_71,กาญจนบุรี,ภาคตะวันตก,1,เพื่อชาติ,2844,2.83,6,100348
2562,pv_71_z_1,pv_71,กาญจนบุรี,ภาคตะวันตก,1,รักษ์ผืนป่าประเทศไทย,877,0.87,7,100348
2562,pv_71_z_1,pv_71,กาญจนบุรี,ภาคตะวันตก,1,ชาติพัฒนา,652,0.65,8,100348
2562,pv_71_z_1,pv_71,กาญจนบุรี,ภาคตะวันตก,1,รวมพลังประชาชาติไทย,590,0.59,9,100348
2562,pv_71_z_1,pv_71,กาญจนบุรี,ภาคตะวันตก,1,ไทยศรีวิไลย์,563,0.56,10,100348
2562,pv_71_z_1,pv_71,กาญจนบุรี,ภาคตะวันตก,1,ชาติไทยพัฒนา,563,0.56,11,100348
2562,pv_71_z_1,pv_71,กาญจนบุรี,ภาคตะวันตก,1,มหาชน,479,0.48,12,100348
2562,pv_71_z_1,pv_71,กาญจนบุรี,ภาคตะวันตก,1,พลังท้องถิ่นไท,368,0.37,13,100348
2562,pv_71_z_1,pv_71,กาญจนบุรี,ภาคตะวันตก,1,ประชานิยม,283,0.28,14,100348
2562,pv_71_z_1,pv_71,กาญจนบุรี,ภาคตะวันตก,1,ไทยรุ่งเรือง,248,0.25,15,100348
2562,pv_71_z_1,pv_71,กาญจนบุรี,ภาคตะวันตก,1,พลังชาติไทย,209,0.21,16,100348
2562,pv_71_z_1,pv_71,กาญจนบุรี,ภาคตะวันตก,1,ครูไทยเพื่อประชาชน,199,0.20,17,100348
2562,pv_71_z_1,pv_71,กาญจนบุรี,ภาคตะวันตก,1,ประชาภิวัฒน์,160,0.16,18,100348
2562,pv_71_z_1,pv_71,กาญจนบุรี,ภาคตะวันตก,1,เครือข่ายชาวนาแห่งประเทศไทย,118,0.12,19,100348
2562,pv_71_z_1,pv_71,กาญจนบุรี,ภาคตะวันตก,1,ประชาชนปฏิรูป,115,0.11,20,100348
2562,pv_71_z_1,pv_71,กาญจนบุรี,ภาคตะวันตก,1,พลังศรัทธา,108,0.11,21,100348
2562,pv_71_z_1,pv_71,กาญจนบุรี,ภาคตะวันตก,1,ภราดรภาพ,105,0.10,22,100348
2562,pv_71_z_1,pv_71,กาญจนบุรี,ภาคตะวันตก,1,พลังไทสร้างชาติ,82,0.08,23,100348
2562,pv_71_z_1,pv_71,กาญจนบุรี,ภาคตะวันตก,1,แผ่นดินธรรม,72,0.07,24,100348
2562,pv_71_z_1,pv_71,กาญจนบุรี,ภาคตะวันตก,1,พลังสังคม,56,0.06,25,100348
2562,pv_71_z_1,pv_71,กาญจนบุรี,ภาคตะวันตก,1,ไทยรักษาชาติ,0,0.00,26,100348
2562,pv_71_z_1,pv_71,กาญจนบุรี,ภาคตะวันตก,1,เพื่อนไทย,0,0.00,27,100348
2562,pv_71_z_1,pv_71,กาญจนบุรี,ภาคตะวันตก,1,เศรษฐกิจใหม่,0,0.00,28,100348
2562,pv_71_z_1,pv_71,กาญจนบุรี,ภาคตะวันตก,1,พลังปวงชนไทย,0,0.00,29,100348
2562,pv_71_z_2,pv_71,กาญจนบุรี,ภาคตะวันตก,2,พลังประชารัฐ,32882,40.58,1,81021
2562,pv_71_z_2,pv_71,กาญจนบุรี,ภาคตะวันตก,2,ประชาธิปัตย์,20656,25.49,2,81021
2562,pv_71_z_2,pv_71,กาญจนบุรี,ภาคตะวันตก,2,อนาคตใหม่,13533,16.70,3,81021
2562,pv_71_z_2,pv_71,กาญจนบุรี,ภาคตะวันตก,2,เพื่อชาติ,5685,7.02,4,81021
2562,pv_71_z_2,pv_71,กาญจนบุรี,ภาคตะวันตก,2,ภูมิใจไทย,3461,4.27,5,81021
2562,pv_71_z_2,pv_71,กาญจนบุรี,ภาคตะวันตก,2,เสรีรวมไทย,2083,2.57,6,81021
2562,pv_71_z_2,pv_71,กาญจนบุรี,ภาคตะวันตก,2,เศรษฐกิจใหม่,914,1.13,7,81021
2562,pv_71_z_2,pv_71,กาญจนบุรี,ภาคตะวันตก,2,รวมพลังประชาชาติไทย,376,0.46,8,81021
2562,pv_71_z_2,pv_71,กาญจนบุรี,ภาคตะวันตก,2,ไทยศรีวิไลย์,198,0.24,9,81021
2562,pv_71_z_2,pv_71,กาญจนบุรี,ภาคตะวันตก,2,พลเมืองไทย,183,0.23,10,81021
2562,pv_71_z_2,pv_71,กาญจนบุรี,ภาคตะวันตก,2,รักษ์ผืนป่าประเทศไทย,159,0.20,11,81021
2562,pv_71_z_2,pv_71,กาญจนบุรี,ภาคตะวันตก,2,ประชาภิวัฒน์,131,0.16,12,81021
2562,pv_71_z_2,pv_71,กาญจนบุรี,ภาคตะวันตก,2,พลังท้องถิ่นไท,128,0.16,13,81021
2562,pv_71_z_2,pv_71,กาญจนบุรี,ภาคตะวันตก,2,ไทรักธรรม,125,0.15,14,81021
2562,pv_71_z_2,pv_71,กาญจนบุรี,ภาคตะวันตก,2,พลังศรัทธา,112,0.14,15,81021
2562,pv_71_z_2,pv_71,กาญจนบุรี,ภาคตะวันตก,2,ประชานิยม,95,0.12,16,81021
2562,pv_71_z_2,pv_71,กาญจนบุรี,ภาคตะวันตก,2,ชาติพัฒนา,81,0.10,17,81021
2562,pv_71_z_2,pv_71,กาญจนบุรี,ภาคตะวันตก,2,พลังปวงชนไทย,79,0.10,18,81021
2562,pv_71_z_2,pv_71,กาญจนบุรี,ภาคตะวันตก,2,ครูไทยเพื่อประชาชน,74,0.09,19,81021
2562,pv_71_z_2,pv_71,กาญจนบุรี,ภาคตะวันตก,2,ไทยรุ่งเรือง,37,0.05,20,81021
2562,pv_71_z_2,pv_71,กาญจนบุรี,ภาคตะวันตก,2,มหาชน,29,0.04,21,81021
2562,pv_71_z_2,pv_71,กาญจนบุรี,ภาคตะวันตก,2,ไทยรักษาชาติ,0,0.00,22,81021
2562,pv_71_z_3,pv_71,กาญจนบุรี,ภาคตะวันตก,3,ภูมิใจไทย,30582,28.32,1,107972
2562,pv_71_z_3,pv_71,กาญจนบุรี,ภาคตะวันตก,3,ประชาธิปัตย์,26637,24.67,2,107972
2562,pv_71_z_3,pv_71,กาญจนบุรี,ภาคตะวันตก,3,อนาคตใหม่,20087,18.60,3,107972
2562,pv_71_z_3,pv_71,กาญจนบุรี,ภาคตะวันตก,3,พลังประชารัฐ,14393,13.33,4,107972
2562,pv_71_z_3,pv_71,กาญจนบุรี,ภาคตะวันตก,3,เสรีรวมไทย,6879,6.37,5,107972
2562,pv_71_z_3,pv_71,กาญจนบุรี,ภาคตะวันตก,3,เพื่อชาติ,2479,2.30,6,107972
2562,pv_71_z_3,pv_71,กาญจนบุรี,ภาคตะวันตก,3,ชาติพัฒนา,1468,1.36,7,107972
2562,pv_71_z_3,pv_71,กาญจนบุรี,ภาคตะวันตก,3,เศรษฐกิจใหม่,1262,1.17,8,107972
2562,pv_71_z_3,pv_71,กาญจนบุรี,ภาคตะวันตก,3,ชาติไทยพัฒนา,432,0.40,9,107972
2562,pv_71_z_3,pv_71,กาญจนบุรี,ภาคตะวันตก,3,ประชานิยม,395,0.37,10,107972
2562,pv_71_z_3,pv_71,กาญจนบุรี,ภาคตะวันตก,3,พลังประชาธิปไตย,392,0.36,11,107972
2562,pv_71_z_3,pv_71,กาญจนบุรี,ภาคตะวันตก,3,ไทยศรีวิไลย์,390,0.36,12,107972
2562,pv_71_z_3,pv_71,กาญจนบุรี,ภาคตะวันตก,3,ประชาภิวัฒน์,373,0.35,13,107972
2562,pv_71_z_3,pv_71,กาญจนบุรี,ภาคตะวันตก,3,พลังท้องถิ่นไท,369,0.34,14,107972
2562,pv_71_z_3,pv_71,กาญจนบุรี,ภาคตะวันตก,3,พลังปวงชนไทย,342,0.32,15,107972
2562,pv_71_z_3,pv_71,กาญจนบุรี,ภาคตะวันตก,3,รวมพลังประชาชาติไทย,283,0.26,16,107972
2562,pv_71_z_3,pv_71,กาญจนบุรี,ภาคตะวันตก,3,รักษ์ผืนป่าประเทศไทย,229,0.21,17,107972
2562,pv_71_z_3,pv_71,กาญจนบุรี,ภาคตะวันตก,3,พลังสังคม,223,0.21,18,107972
2562,pv_71_z_3,pv_71,กาญจนบุรี,ภาคตะวันตก,3,เครือข่ายชาวนาแห่งประเทศไทย,194,0.18,19,107972
2562,pv_71_z_3,pv_71,กาญจนบุรี,ภาคตะวันตก,3,พลังชาติไทย,154,0.14,20,107972
2562,pv_71_z_3,pv_71,กาญจนบุรี,ภาคตะวันตก,3,พลังไทยรักชาติ,138,0.13,21,107972
2562,pv_71_z_3,pv_71,กาญจนบุรี,ภาคตะวันตก,3,ครูไทยเพื่อประชาชน,133,0.12,22,107972
2562,pv_71_z_3,pv_71,กาญจนบุรี,ภาคตะวันตก,3,ไทยรุ่งเรือง,85,0.08,23,107972
2562,pv_71_z_3,pv_71,กาญจนบุรี,ภาคตะวันตก,3,มหาชน,53,0.05,24,107972
2562,pv_71_z_3,pv_71,กาญจนบุรี,ภาคตะวันตก,3,ไทยรักษาชาติ,0,0.00,25,107972
2562,pv_71_z_4,pv_71,กาญจนบุรี,ภาคตะวันตก,4,พลังประชารัฐ,30287,31.61,1,95814
2562,pv_71_z_4,pv_71,กาญจนบุรี,ภาคตะวันตก,4,อนาคตใหม่,21995,22.96,2,95814
2562,pv_71_z_4,pv_71,กาญจนบุรี,ภาคตะวันตก,4,ประชาธิปัตย์,21924,22.88,3,95814
2562,pv_71_z_4,pv_71,กาญจนบุรี,ภาคตะวันตก,4,เพื่อชาติ,4742,4.95,4,95814
2562,pv_71_z_4,pv_71,กาญจนบุรี,ภาคตะวันตก,4,ภูมิใจไทย,4327,4.52,5,95814
2562,pv_71_z_4,pv_71,กาญจนบุรี,ภาคตะวันตก,4,เสรีรวมไทย,3197,3.34,6,95814
2562,pv_71_z_4,pv_71,กาญจนบุรี,ภาคตะวันตก,4,พลังท้องถิ่นไท,1030,1.07,7,95814
2562,pv_71_z_4,pv_71,กาญจนบุรี,ภาคตะวันตก,4,พลังปวงชนไทย,848,0.89,8,95814
2562,pv_71_z_4,pv_71,กาญจนบุรี,ภาคตะวันตก,4,ประชาไทย,831,0.87,9,95814
2562,pv_71_z_4,pv_71,กาญจนบุรี,ภาคตะวันตก,4,เครือข่ายชาวนาแห่งประเทศไทย,799,0.83,10,95814
2562,pv_71_z_4,pv_71,กาญจนบุรี,ภาคตะวันตก,4,เศรษฐกิจใหม่,755,0.79,11,95814
2562,pv_71_z_4,pv_71,กาญจนบุรี,ภาคตะวันตก,4,ชาติพัฒนา,675,0.70,12,95814
2562,pv_71_z_4,pv_71,กาญจนบุรี,ภาคตะวันตก,4,ครูไทยเพื่อประชาชน,630,0.66,13,95814
2562,pv_71_z_4,pv_71,กาญจนบุรี,ภาคตะวันตก,4,รวมพลังประชาชาติไทย,553,0.58,14,95814
2562,pv_71_z_4,pv_71,กาญจนบุรี,ภาคตะวันตก,4,ชาติไทยพัฒนา,433,0.45,15,95814
2562,pv_71_z_4,pv_71,กาญจนบุรี,ภาคตะวันตก,4,พลังไทยรักชาติ,418,0.44,16,95814
2562,pv_71_z_4,pv_71,กาญจนบุรี,ภาคตะวันตก,4,ไทรักธรรม,289,0.30,17,95814
2562,pv_71_z_4,pv_71,กาญจนบุรี,ภาคตะวันตก,4,ประชาชาติ,270,0.28,18,95814
2562,pv_71_z_4,pv_71,กาญจนบุรี,ภาคตะวันตก,4,พลังธรรมใหม่,227,0.24,19,95814
2562,pv_71_z_4,pv_71,กาญจนบุรี,ภาคตะวันตก,4,ภราดรภาพ,207,0.22,20,95814
2562,pv_71_z_4,pv_71,กาญจนบุรี,ภาคตะวันตก,4,ไทยศรีวิไลย์,189,0.20,21,95814
2562,pv_71_z_4,pv_71,กาญจนบุรี,ภาคตะวันตก,4,พลังชาติไทย,177,0.18,22,95814
2562,pv_71_z_4,pv_71,กาญจนบุรี,ภาคตะวันตก,4,ไทยรุ่งเรือง,176,0.18,23,95814
2562,pv_71_z_4,pv_71,กาญจนบุรี,ภาคตะวันตก,4,ประชาธรรมไทย,175,0.18,24,95814
2562,pv_71_z_4,pv_71,กาญจนบุรี,ภาคตะวันตก,4,รักษ์ผืนป่าประเทศไทย,164,0.17,25,95814
2562,pv_71_z_4,pv_71,กาญจนบุรี,ภาคตะวันตก,4,ถิ่นกาขาวชาววิไล,156,0.16,26,95814
2562,pv_71_z_4,pv_71,กาญจนบุรี,ภาคตะวันตก,4,ประชานิยม,112,0.12,27,95814
2562,pv_71_z_4,pv_71,กาญจนบุรี,ภาคตะวันตก,4,ประชาภิวัฒน์,105,0.11,28,95814
2562,pv_71_z_4,pv_71,กาญจนบุรี,ภาคตะวันตก,4,ประชาชนปฏิรูป,70,0.07,29,95814
2562,pv_71_z_4,pv_71,กาญจนบุรี,ภาคตะวันตก,4,มหาชน,53,0.06,30,95814
2562,pv_71_z_4,pv_71,กาญจนบุรี,ภาคตะวันตก,4,ไทยรักษาชาติ,0,0.00,31,95814
2562,pv_71_z_5,pv_71,กาญจนบุรี,ภาคตะวันตก,5,พลังประชารัฐ,21363,39.29,1,54369
2562,pv_71_z_5,pv_71,กาญจนบุรี,ภาคตะวันตก,5,อนาคตใหม่,11025,20.28,2,54369
2562,pv_71_z_5,pv_71,กาญจนบุรี,ภาคตะวันตก,5,ประชาธิปัตย์,8226,15.13,3,54369
2562,pv_71_z_5,pv_71,กาญจนบุรี,ภาคตะวันตก,5,ภูมิใจไทย,6524,12.00,4,54369
2562,pv_71_z_5,pv_71,กาญจนบุรี,ภาคตะวันตก,5,เสรีรวมไทย,2827,5.20,5,54369
2562,pv_71_z_5,pv_71,กาญจนบุรี,ภาคตะวันตก,5,ประชาภิวัฒน์,1020,1.88,6,54369
2562,pv_71_z_5,pv_71,กาญจนบุรี,ภาคตะวันตก,5,พลังท้องถิ่นไท,574,1.06,7,54369
2562,pv_71_z_5,pv_71,กาญจนบุรี,ภาคตะวันตก,5,เศรษฐกิจใหม่,574,1.06,8,54369
2562,pv_71_z_5,pv_71,กาญจนบุรี,ภาคตะวันตก,5,พลังประชาธิปไตย,401,0.74,9,54369
2562,pv_71_z_5,pv_71,กาญจนบุรี,ภาคตะวันตก,5,รักษ์ผืนป่าประเทศไทย,295,0.54,10,54369
2562,pv_71_z_5,pv_71,กาญจนบุรี,ภาคตะวันตก,5,รวมพลังประชาชาติไทย,255,0.47,11,54369
2562,pv_71_z_5,pv_71,กาญจนบุรี,ภาคตะวันตก,5,ชาติไทยพัฒนา,250,0.46,12,54369
2562,pv_71_z_5,pv_71,กาญจนบุรี,ภาคตะวันตก,5,พลังไทยรักชาติ,173,0.32,13,54369
2562,pv_71_z_5,pv_71,กาญจนบุรี,ภาคตะวันตก,5,ไทยศรีวิไลย์,169,0.31,14,54369
2562,pv_71_z_5,pv_71,กาญจนบุรี,ภาคตะวันตก,5,ชาติพัฒนา,167,0.31,15,54369
2562,pv_71_z_5,pv_71,กาญจนบุรี,ภาคตะวันตก,5,พลังชาติไทย,129,0.24,16,54369
2562,pv_71_z_5,pv_71,กาญจนบุรี,ภาคตะวันตก,5,พลังปวงชนไทย,91,0.17,17,54369
2562,pv_71_z_5,pv_71,กาญจนบุรี,ภาคตะวันตก,5,เครือข่ายชาวนาแห่งประเทศไทย,68,0.13,18,54369
2562,pv_71_z_5,pv_71,กาญจนบุรี,ภาคตะวันตก,5,ครูไทยเพื่อประชาชน,63,0.12,19,54369
2562,pv_71_z_5,pv_71,กาญจนบุรี,ภาคตะวันตก,5,ไทรักธรรม,61,0.11,20,54369
2562,pv_71_z_5,pv_71,กาญจนบุรี,ภาคตะวันตก,5,ประชานิยม,57,0.10,21,54369
2562,pv_71_z_5,pv_71,กาญจนบุรี,ภาคตะวันตก,5,ไทยรุ่งเรือง,30,0.06,22,54369
2562,pv_71_z_5,pv_71,กาญจนบุรี,ภาคตะวันตก,5,มหาชน,27,0.05,23,54369
2562,pv_71_z_5,pv_71,กาญจนบุรี,ภาคตะวันตก,5,เพื่อชาติ,0,0.00,24,54369
2562,pv_71_z_5,pv_71,กาญจนบุรี,ภาคตะวันตก,5,ไทยรักษาชาติ,0,0.00,25,54369
2562,pv_71_z_5,pv_71,กาญจนบุรี,ภาคตะวันตก,5,เพื่อนไทย,0,0.00,26,54369
2562,pv_46_z_1,pv_46,กาฬสินธุ์,ภาคตะวันออกเฉียงเหนือ,1,เพื่อไทย,37532,35.26,1,106442
2562,pv_46_z_1,pv_46,กาฬสินธุ์,ภาคตะวันออกเฉียงเหนือ,1,ภูมิใจไทย,32275,30.32,2,106442
2562,pv_46_z_1,pv_46,กาฬสินธุ์,ภาคตะวันออกเฉียงเหนือ,1,อนาคตใหม่,17750,16.68,3,106442
2562,pv_46_z_1,pv_46,กาฬสินธุ์,ภาคตะวันออกเฉียงเหนือ,1,พลังประชารัฐ,9014,8.47,4,106442
2562,pv_46_z_1,pv_46,กาฬสินธุ์,ภาคตะวันออกเฉียงเหนือ,1,เสรีรวมไทย,1787,1.68,5,106442
2562,pv_46_z_1,pv_46,กาฬสินธุ์,ภาคตะวันออกเฉียงเหนือ,1,ประชาธิปัตย์,1317,1.24,6,106442
2562,pv_46_z_1,pv_46,กาฬสินธุ์,ภาคตะวันออกเฉียงเหนือ,1,สามัญชน,853,0.80,7,106442
2562,pv_46_z_1,pv_46,กาฬสินธุ์,ภาคตะวันออกเฉียงเหนือ,1,เศรษฐกิจใหม่,786,0.74,8,106442
2562,pv_46_z_1,pv_46,กาฬสินธุ์,ภาคตะวันออกเฉียงเหนือ,1,เพื่อชาติ,769,0.72,9,106442
2562,pv_46_z_1,pv_46,กาฬสินธุ์,ภาคตะวันออกเฉียงเหนือ,1,พลังท้องถิ่นไท,763,0.72,10,106442
2562,pv_46_z_1,pv_46,กาฬสินธุ์,ภาคตะวันออกเฉียงเหนือ,1,ไทรักธรรม,474,0.45,11,106442
2562,pv_46_z_1,pv_46,กาฬสินธุ์,ภาคตะวันออกเฉียงเหนือ,1,ความหวังใหม่,328,0.31,12,106442
2562,pv_46_z_1,pv_46,กาฬสินธุ์,ภาคตะวันออกเฉียงเหนือ,1,กรีน,308,0.29,13,106442
2562,pv_46_z_1,pv_46,กาฬสินธุ์,ภาคตะวันออกเฉียงเหนือ,1,รวมพลังประชาชาติไทย,244,0.23,14,106442
2562,pv_46_z_1,pv_46,กาฬสินธุ์,ภาคตะวันออกเฉียงเหนือ,1,เพื่อชีวิตใหม่,240,0.23,15,106442
2562,pv_46_z_1,pv_46,กาฬสินธุ์,ภาคตะวันออกเฉียงเหนือ,1,ครูไทยเพื่อประชาชน,233,0.22,16,106442
2562,pv_46_z_1,pv_46,กาฬสินธุ์,ภาคตะวันออกเฉียงเหนือ,1,พลังปวงชนไทย,186,0.17,17,106442
2562,pv_46_z_1,pv_46,กาฬสินธุ์,ภาคตะวันออกเฉียงเหนือ,1,ประชาชนปฏิรูป,175,0.16,18,106442
2562,pv_46_z_1,pv_46,กาฬสินธุ์,ภาคตะวันออกเฉียงเหนือ,1,ประชาไทย,166,0.16,19,106442
2562,pv_46_z_1,pv_46,กาฬสินธุ์,ภาคตะวันออกเฉียงเหนือ,1,ประชาธรรมไทย,153,0.14,20,106442
2562,pv_46_z_1,pv_46,กาฬสินธุ์,ภาคตะวันออกเฉียงเหนือ,1,ชาติไทยพัฒนา,141,0.13,21,106442
2562,pv_46_z_1,pv_46,กาฬสินธุ์,ภาคตะวันออกเฉียงเหนือ,1,แผ่นดินธรรม,139,0.13,22,106442
2562,pv_46_z_1,pv_46,กาฬสินธุ์,ภาคตะวันออกเฉียงเหนือ,1,พลังไทยรักไทย,128,0.12,23,106442
2562,pv_46_z_1,pv_46,กาฬสินธุ์,ภาคตะวันออกเฉียงเหนือ,1,ประชานิยม,101,0.09,24,106442
2562,pv_46_z_1,pv_46,กาฬสินธุ์,ภาคตะวันออกเฉียงเหนือ,1,พลังชาติไทย,92,0.09,25,106442
2562,pv_46_z_1,pv_46,กาฬสินธุ์,ภาคตะวันออกเฉียงเหนือ,1,ไทยศรีวิไลย์,78,0.07,26,106442
2562,pv_46_z_1,pv_46,กาฬสินธุ์,ภาคตะวันออกเฉียงเหนือ,1,เพื่อแผ่นดิน,64,0.06,27,106442
2562,pv_46_z_1,pv_46,กาฬสินธุ์,ภาคตะวันออกเฉียงเหนือ,1,ภราดรภาพ,61,0.06,28,106442
2562,pv_46_z_1,pv_46,กาฬสินธุ์,ภาคตะวันออกเฉียงเหนือ,1,ประชาภิวัฒน์,58,0.05,29,106442
2562,pv_46_z_1,pv_46,กาฬสินธุ์,ภาคตะวันออกเฉียงเหนือ,1,พลังประชาธิปไตย,49,0.05,30,106442
2562,pv_46_z_1,pv_46,กาฬสินธุ์,ภาคตะวันออกเฉียงเหนือ,1,ภูมิพลังเกษตรกรไทย,47,0.04,31,106442
2562,pv_46_z_1,pv_46,กาฬสินธุ์,ภาคตะวันออกเฉียงเหนือ,1,ประชาธิปไตยใหม่,40,0.04,32,106442
2562,pv_46_z_1,pv_46,กาฬสินธุ์,ภาคตะวันออกเฉียงเหนือ,1,รักษ์ผืนป่าประเทศไทย,37,0.03,33,106442
2562,pv_46_z_1,pv_46,กาฬสินธุ์,ภาคตะวันออกเฉียงเหนือ,1,พลังศรัทธา,28,0.03,34,106442
2562,pv_46_z_1,pv_46,กาฬสินธุ์,ภาคตะวันออกเฉียงเหนือ,1,แทนคุณแผ่นดิน,26,0.02,35,106442
2562,pv_46_z_1,pv_46,กาฬสินธุ์,ภาคตะวันออกเฉียงเหนือ,1,เพื่อนไทย,0,0.00,36,106442
2562,pv_46_z_2,pv_46,กาฬสินธุ์,ภาคตะวันออกเฉียงเหนือ,2,เพื่อไทย,38058,36.20,1,105130
2562,pv_46_z_2,pv_46,กาฬสินธุ์,ภาคตะวันออกเฉียงเหนือ,2,ภูมิใจไทย,30003,28.54,2,105130
2562,pv_46_z_2,pv_46,กาฬสินธุ์,ภาคตะวันออกเฉียงเหนือ,2,พลังประชารัฐ,13699,13.03,3,105130
2562,pv_46_z_2,pv_46,กาฬสินธุ์,ภาคตะวันออกเฉียงเหนือ,2,อนาคตใหม่,12059,11.47,4,105130
2562,pv_46_z_2,pv_46,กาฬสินธุ์,ภาคตะวันออกเฉียงเหนือ,2,พลังท้องถิ่นไท,3955,3.76,5,105130
2562,pv_46_z_2,pv_46,กาฬสินธุ์,ภาคตะวันออกเฉียงเหนือ,2,เสรีรวมไทย,1411,1.34,6,105130
2562,pv_46_z_2,pv_46,กาฬสินธุ์,ภาคตะวันออกเฉียงเหนือ,2,ประชาธิปัตย์,1238,1.18,7,105130
2562,pv_46_z_2,pv_46,กาฬสินธุ์,ภาคตะวันออกเฉียงเหนือ,2,พลังประชาธิปไตย,480,0.46,8,105130
2562,pv_46_z_2,pv_46,กาฬสินธุ์,ภาคตะวันออกเฉียงเหนือ,2,เศรษฐกิจใหม่,463,0.44,9,105130
2562,pv_46_z_2,pv_46,กาฬสินธุ์,ภาคตะวันออกเฉียงเหนือ,2,เพื่อชีวิตใหม่,406,0.39,10,105130
2562,pv_46_z_2,pv_46,กาฬสินธุ์,ภาคตะวันออกเฉียงเหนือ,2,เพื่อชาติ,389,0.37,11,105130
2562,pv_46_z_2,pv_46,กาฬสินธุ์,ภาคตะวันออกเฉียงเหนือ,2,ความหวังใหม่,385,0.37,12,105130
2562,pv_46_z_2,pv_46,กาฬสินธุ์,ภาคตะวันออกเฉียงเหนือ,2,ชาติไทยพัฒนา,306,0.29,13,105130
2562,pv_46_z_2,pv_46,กาฬสินธุ์,ภาคตะวันออกเฉียงเหนือ,2,ไทรักธรรม,233,0.22,14,105130
2562,pv_46_z_2,pv_46,กาฬสินธุ์,ภาคตะวันออกเฉียงเหนือ,2,ประชาธรรมไทย,232,0.22,15,105130
2562,pv_46_z_2,pv_46,กาฬสินธุ์,ภาคตะวันออกเฉียงเหนือ,2,ประชาชนปฏิรูป,226,0.21,16,105130
2562,pv_46_z_2,pv_46,กาฬสินธุ์,ภาคตะวันออกเฉียงเหนือ,2,กรีน,218,0.21,17,105130
2562,pv_46_z_2,pv_46,กาฬสินธุ์,ภาคตะวันออกเฉียงเหนือ,2,ประชาภิวัฒน์,210,0.20,18,105130
2562,pv_46_z_2,pv_46,กาฬสินธุ์,ภาคตะวันออกเฉียงเหนือ,2,รักษ์ผืนป่าประเทศไทย,175,0.17,19,105130
2562,pv_46_z_2,pv_46,กาฬสินธุ์,ภาคตะวันออกเฉียงเหนือ,2,รวมพลังประชาชาติไทย,145,0.14,20,105130
2562,pv_46_z_2,pv_46,กาฬสินธุ์,ภาคตะวันออกเฉียงเหนือ,2,ประชานิยม,133,0.13,21,105130
2562,pv_46_z_2,pv_46,กาฬสินธุ์,ภาคตะวันออกเฉียงเหนือ,2,ประชาไทย,133,0.13,22,105130
2562,pv_46_z_2,pv_46,กาฬสินธุ์,ภาคตะวันออกเฉียงเหนือ,2,แผ่นดินธรรม,105,0.10,23,105130
2562,pv_46_z_2,pv_46,กาฬสินธุ์,ภาคตะวันออกเฉียงเหนือ,2,ประชาธิปไตยใหม่,90,0.09,24,105130
2562,pv_46_z_2,pv_46,กาฬสินธุ์,ภาคตะวันออกเฉียงเหนือ,2,กลาง,85,0.08,25,105130
2562,pv_46_z_2,pv_46,กาฬสินธุ์,ภาคตะวันออกเฉียงเหนือ,2,ไทยศรีวิไลย์,83,0.08,26,105130
2562,pv_46_z_2,pv_46,กาฬสินธุ์,ภาคตะวันออกเฉียงเหนือ,2,พลังชาติไทย,66,0.06,27,105130
2562,pv_46_z_2,pv_46,กาฬสินธุ์,ภาคตะวันออกเฉียงเหนือ,2,พลเมืองไทย,54,0.05,28,105130
2562,pv_46_z_2,pv_46,กาฬสินธุ์,ภาคตะวันออกเฉียงเหนือ,2,ครูไทยเพื่อประชาชน,40,0.04,29,105130
2562,pv_46_z_2,pv_46,กาฬสินธุ์,ภาคตะวันออกเฉียงเหนือ,2,เพื่อแผ่นดิน,29,0.03,30,105130
2562,pv_46_z_2,pv_46,กาฬสินธุ์,ภาคตะวันออกเฉียงเหนือ,2,แทนคุณแผ่นดิน,21,0.02,31,105130
2562,pv_46_z_2,pv_46,กาฬสินธุ์,ภาคตะวันออกเฉียงเหนือ,2,เพื่อนไทย,0,0.00,32,105130
2562,pv_46_z_2,pv_46,กาฬสินธุ์,ภาคตะวันออกเฉียงเหนือ,2,พลังปวงชนไทย,0,0.00,33,105130
2562,pv_46_z_2,pv_46,กาฬสินธุ์,ภาคตะวันออกเฉียงเหนือ,2,พลังไทยรักไทย,0,0.00,34,105130
2562,pv_46_z_3,pv_46,กาฬสินธุ์,ภาคตะวันออกเฉียงเหนือ,3,เพื่อไทย,32588,32.51,1,100252
2562,pv_46_z_3,pv_46,กาฬสินธุ์,ภาคตะวันออกเฉียงเหนือ,3,พลังประชารัฐ,30373,30.30,2,100252
2562,pv_46_z_3,pv_46,กาฬสินธุ์,ภาคตะวันออกเฉียงเหนือ,3,อนาคตใหม่,17503,17.46,3,100252
2562,pv_46_z_3,pv_46,กาฬสินธุ์,ภาคตะวันออกเฉียงเหนือ,3,ประชาธิปัตย์,3699,3.69,4,100252
2562,pv_46_z_3,pv_46,กาฬสินธุ์,ภาคตะวันออกเฉียงเหนือ,3,เพื่อชาติ,3495,3.49,5,100252
2562,pv_46_z_3,pv_46,กาฬสินธุ์,ภาคตะวันออกเฉียงเหนือ,3,ภูมิใจไทย,2322,2.32,6,100252
2562,pv_46_z_3,pv_46,กาฬสินธุ์,ภาคตะวันออกเฉียงเหนือ,3,เสรีรวมไทย,1035,1.03,7,100252
2562,pv_46_z_3,pv_46,กาฬสินธุ์,ภาคตะวันออกเฉียงเหนือ,3,เพื่อคนไทย,989,0.99,8,100252
2562,pv_46_z_3,pv_46,กาฬสินธุ์,ภาคตะวันออกเฉียงเหนือ,3,พลังปวงชนไทย,833,0.83,9,100252
2562,pv_46_z_3,pv_46,กาฬสินธุ์,ภาคตะวันออกเฉียงเหนือ,3,ฐานรากไทย,830,0.83,10,100252
2562,pv_46_z_3,pv_46,กาฬสินธุ์,ภาคตะวันออกเฉียงเหนือ,3,พลังท้องถิ่นไท,722,0.72,11,100252
2562,pv_46_z_3,pv_46,กาฬสินธุ์,ภาคตะวันออกเฉียงเหนือ,3,ประชาชาติ,606,0.60,12,100252
2562,pv_46_z_3,pv_46,กาฬสินธุ์,ภาคตะวันออกเฉียงเหนือ,3,เศรษฐกิจใหม่,591,0.59,13,100252
2562,pv_46_z_3,pv_46,กาฬสินธุ์,ภาคตะวันออกเฉียงเหนือ,3,รักษ์ผืนป่าประเทศไทย,531,0.53,14,100252
2562,pv_46_z_3,pv_46,กาฬสินธุ์,ภาคตะวันออกเฉียงเหนือ,3,ประชานิยม,380,0.38,15,100252
2562,pv_46_z_3,pv_46,กาฬสินธุ์,ภาคตะวันออกเฉียงเหนือ,3,พลังไทยรักไทย,305,0.30,16,100252
2562,pv_46_z_3,pv_46,กาฬสินธุ์,ภาคตะวันออกเฉียงเหนือ,3,ชาติไทยพัฒนา,299,0.30,17,100252
2562,pv_46_z_3,pv_46,กาฬสินธุ์,ภาคตะวันออกเฉียงเหนือ,3,ประชาภิวัฒน์,278,0.28,18,100252
2562,pv_46_z_3,pv_46,กาฬสินธุ์,ภาคตะวันออกเฉียงเหนือ,3,ไทยศรีวิไลย์,272,0.27,19,100252
2562,pv_46_z_3,pv_46,กาฬสินธุ์,ภาคตะวันออกเฉียงเหนือ,3,ความหวังใหม่,249,0.25,20,100252
2562,pv_46_z_3,pv_46,กาฬสินธุ์,ภาคตะวันออกเฉียงเหนือ,3,ประชาชนปฏิรูป,230,0.23,21,100252
2562,pv_46_z_3,pv_46,กาฬสินธุ์,ภาคตะวันออกเฉียงเหนือ,3,ไทรักธรรม,210,0.21,22,100252
2562,pv_46_z_3,pv_46,กาฬสินธุ์,ภาคตะวันออกเฉียงเหนือ,3,ประชาไทย,193,0.19,23,100252
2562,pv_46_z_3,pv_46,กาฬสินธุ์,ภาคตะวันออกเฉียงเหนือ,3,กรีน,174,0.17,24,100252
2562,pv_46_z_3,pv_46,กาฬสินธุ์,ภาคตะวันออกเฉียงเหนือ,3,ประชาธรรมไทย,166,0.17,25,100252
2562,pv_46_z_3,pv_46,กาฬสินธุ์,ภาคตะวันออกเฉียงเหนือ,3,รวมพลังประชาชาติไทย,146,0.15,26,100252
2562,pv_46_z_3,pv_46,กาฬสินธุ์,ภาคตะวันออกเฉียงเหนือ,3,พลังชาติไทย,140,0.14,27,100252
2562,pv_46_z_3,pv_46,กาฬสินธุ์,ภาคตะวันออกเฉียงเหนือ,3,ภราดรภาพ,137,0.14,28,100252
2562,pv_46_z_3,pv_46,กาฬสินธุ์,ภาคตะวันออกเฉียงเหนือ,3,พลังประชาธิปไตย,134,0.13,29,100252
2562,pv_46_z_3,pv_46,กาฬสินธุ์,ภาคตะวันออกเฉียงเหนือ,3,สามัญชน,129,0.13,30,100252
2562,pv_46_z_3,pv_46,กาฬสินธุ์,ภาคตะวันออกเฉียงเหนือ,3,พลังไทสร้างชาติ,120,0.12,31,100252
2562,pv_46_z_3,pv_46,กาฬสินธุ์,ภาคตะวันออกเฉียงเหนือ,3,ภูมิพลังเกษตรกรไทย,116,0.12,32,100252
2562,pv_46_z_3,pv_46,กาฬสินธุ์,ภาคตะวันออกเฉียงเหนือ,3,พลเมืองไทย,103,0.10,33,100252
2562,pv_46_z_3,pv_46,กาฬสินธุ์,ภาคตะวันออกเฉียงเหนือ,3,เพื่อแผ่นดิน,81,0.08,34,100252
2562,pv_46_z_3,pv_46,กาฬสินธุ์,ภาคตะวันออกเฉียงเหนือ,3,ประชาธิปไตยใหม่,77,0.08,35,100252
2562,pv_46_z_3,pv_46,กาฬสินธุ์,ภาคตะวันออกเฉียงเหนือ,3,เพื่อชีวิตใหม่,76,0.08,36,100252
2562,pv_46_z_3,pv_46,กาฬสินธุ์,ภาคตะวันออกเฉียงเหนือ,3,แผ่นดินธรรม,65,0.06,37,100252
2562,pv_46_z_3,pv_46,กาฬสินธุ์,ภาคตะวันออกเฉียงเหนือ,3,ครูไทยเพื่อประชาชน,55,0.05,38,100252
2562,pv_46_z_3,pv_46,กาฬสินธุ์,ภาคตะวันออกเฉียงเหนือ,3,เพื่อนไทย,0,0.00,39,100252
2562,pv_46_z_3,pv_46,กาฬสินธุ์,ภาคตะวันออกเฉียงเหนือ,3,ประชากรไทย,0,0.00,40,100252
2562,pv_46_z_4,pv_46,กาฬสินธุ์,ภาคตะวันออกเฉียงเหนือ,4,เพื่อไทย,45503,45.36,1,100313
2562,pv_46_z_4,pv_46,กาฬสินธุ์,ภาคตะวันออกเฉียงเหนือ,4,พลังประชารัฐ,17196,17.14,2,100313
2562,pv_46_z_4,pv_46,กาฬสินธุ์,ภาคตะวันออกเฉียงเหนือ,4,อนาคตใหม่,14973,14.93,3,100313
2562,pv_46_z_4,pv_46,กาฬสินธุ์,ภาคตะวันออกเฉียงเหนือ,4,เพื่อชาติ,3573,3.56,4,100313
2562,pv_46_z_4,pv_46,กาฬสินธุ์,ภาคตะวันออกเฉียงเหนือ,4,ภูมิใจไทย,3074,3.06,5,100313
2562,pv_46_z_4,pv_46,กาฬสินธุ์,ภาคตะวันออกเฉียงเหนือ,4,พลังปวงชนไทย,2949,2.94,6,100313
2562,pv_46_z_4,pv_46,กาฬสินธุ์,ภาคตะวันออกเฉียงเหนือ,4,ประชาธิปัตย์,2791,2.78,7,100313
2562,pv_46_z_4,pv_46,กาฬสินธุ์,ภาคตะวันออกเฉียงเหนือ,4,เศรษฐกิจใหม่,1725,1.72,8,100313
2562,pv_46_z_4,pv_46,กาฬสินธุ์,ภาคตะวันออกเฉียงเหนือ,4,เสรีรวมไทย,1239,1.24,9,100313
2562,pv_46_z_4,pv_46,กาฬสินธุ์,ภาคตะวันออกเฉียงเหนือ,4,พลังธรรมใหม่,867,0.86,10,100313
2562,pv_46_z_4,pv_46,กาฬสินธุ์,ภาคตะวันออกเฉียงเหนือ,4,สยามพัฒนา,864,0.86,11,100313
2562,pv_46_z_4,pv_46,กาฬสินธุ์,ภาคตะวันออกเฉียงเหนือ,4,ความหวังใหม่,716,0.71,12,100313
2562,pv_46_z_4,pv_46,กาฬสินธุ์,ภาคตะวันออกเฉียงเหนือ,4,พลังท้องถิ่นไท,686,0.68,13,100313
2562,pv_46_z_4,pv_46,กาฬสินธุ์,ภาคตะวันออกเฉียงเหนือ,4,ชาติพัฒนา,592,0.59,14,100313
2562,pv_46_z_4,pv_46,กาฬสินธุ์,ภาคตะวันออกเฉียงเหนือ,4,ประชาภิวัฒน์,523,0.52,15,100313
2562,pv_46_z_4,pv_46,กาฬสินธุ์,ภาคตะวันออกเฉียงเหนือ,4,ชาติไทยพัฒนา,493,0.49,16,100313
2562,pv_46_z_4,pv_46,กาฬสินธุ์,ภาคตะวันออกเฉียงเหนือ,4,พลังชาติไทย,428,0.43,17,100313
2562,pv_46_z_4,pv_46,กาฬสินธุ์,ภาคตะวันออกเฉียงเหนือ,4,พลเมืองไทย,332,0.33,18,100313
2562,pv_46_z_4,pv_46,กาฬสินธุ์,ภาคตะวันออกเฉียงเหนือ,4,รวมพลังประชาชาติไทย,229,0.23,19,100313
2562,pv_46_z_4,pv_46,กาฬสินธุ์,ภาคตะวันออกเฉียงเหนือ,4,รักษ์ผืนป่าประเทศไทย,205,0.20,20,100313
2562,pv_46_z_4,pv_46,กาฬสินธุ์,ภาคตะวันออกเฉียงเหนือ,4,พลังไทยรักไทย,199,0.20,21,100313
2562,pv_46_z_4,pv_46,กาฬสินธุ์,ภาคตะวันออกเฉียงเหนือ,4,ประชาธิปไตยใหม่,131,0.13,22,100313
2562,pv_46_z_4,pv_46,กาฬสินธุ์,ภาคตะวันออกเฉียงเหนือ,4,พลังประชาธิปไตย,118,0.12,23,100313
2562,pv_46_z_4,pv_46,กาฬสินธุ์,ภาคตะวันออกเฉียงเหนือ,4,ประชานิยม,115,0.11,24,100313
2562,pv_46_z_4,pv_46,กาฬสินธุ์,ภาคตะวันออกเฉียงเหนือ,4,ประชาธรรมไทย,113,0.11,25,100313
2562,pv_46_z_4,pv_46,กาฬสินธุ์,ภาคตะวันออกเฉียงเหนือ,4,ประชาไทย,110,0.11,26,100313
2562,pv_46_z_4,pv_46,กาฬสินธุ์,ภาคตะวันออกเฉียงเหนือ,4,พลังไทสร้างชาติ,107,0.11,27,100313
2562,pv_46_z_4,pv_46,กาฬสินธุ์,ภาคตะวันออกเฉียงเหนือ,4,ครูไทยเพื่อประชาชน,83,0.08,28,100313
2562,pv_46_z_4,pv_46,กาฬสินธุ์,ภาคตะวันออกเฉียงเหนือ,4,ไทรักธรรม,81,0.08,29,100313
2562,pv_46_z_4,pv_46,กาฬสินธุ์,ภาคตะวันออกเฉียงเหนือ,4,เพื่อแผ่นดิน,73,0.07,30,100313
2562,pv_46_z_4,pv_46,กาฬสินธุ์,ภาคตะวันออกเฉียงเหนือ,4,กรีน,68,0.07,31,100313
2562,pv_46_z_4,pv_46,กาฬสินธุ์,ภาคตะวันออกเฉียงเหนือ,4,แผ่นดินธรรม,58,0.06,32,100313
2562,pv_46_z_4,pv_46,กาฬสินธุ์,ภาคตะวันออกเฉียงเหนือ,4,ประชากรไทย,45,0.04,33,100313
2562,pv_46_z_4,pv_46,กาฬสินธุ์,ภาคตะวันออกเฉียงเหนือ,4,ภูมิพลังเกษตรกรไทย,32,0.03,34,100313
2562,pv_46_z_4,pv_46,กาฬสินธุ์,ภาคตะวันออกเฉียงเหนือ,4,เพื่อชีวิตใหม่,22,0.02,35,100313
2562,pv_46_z_4,pv_46,กาฬสินธุ์,ภาคตะวันออกเฉียงเหนือ,4,เพื่อนไทย,0,0.00,36,100313
2562,pv_46_z_4,pv_46,กาฬสินธุ์,ภาคตะวันออกเฉียงเหนือ,4,ไทยศรีวิไลย์,0,0.00,37,100313
2562,pv_46_z_4,pv_46,กาฬสินธุ์,ภาคตะวันออกเฉียงเหนือ,4,ไทยรักษาชาติ,0,0.00,38,100313
2562,pv_46_z_5,pv_46,กาฬสินธุ์,ภาคตะวันออกเฉียงเหนือ,5,เพื่อไทย,40262,38.69,1,104075
2562,pv_46_z_5,pv_46,กาฬสินธุ์,ภาคตะวันออกเฉียงเหนือ,5,พลังประชารัฐ,18266,17.55,2,104075
2562,pv_46_z_5,pv_46,กาฬสินธุ์,ภาคตะวันออกเฉียงเหนือ,5,อนาคตใหม่,17625,16.93,3,104075
2562,pv_46_z_5,pv_46,กาฬสินธุ์,ภาคตะวันออกเฉียงเหนือ,5,พลังท้องถิ่นไท,8460,8.13,4,104075
2562,pv_46_z_5,pv_46,กาฬสินธุ์,ภาคตะวันออกเฉียงเหนือ,5,ภูมิใจไทย,2841,2.73,5,104075
2562,pv_46_z_5,pv_46,กาฬสินธุ์,ภาคตะวันออกเฉียงเหนือ,5,ความหวังใหม่,2401,2.31,6,104075
2562,pv_46_z_5,pv_46,กาฬสินธุ์,ภาคตะวันออกเฉียงเหนือ,5,ชาติไทยพัฒนา,2265,2.18,7,104075
2562,pv_46_z_5,pv_46,กาฬสินธุ์,ภาคตะวันออกเฉียงเหนือ,5,เสรีรวมไทย,1965,1.89,8,104075
2562,pv_46_z_5,pv_46,กาฬสินธุ์,ภาคตะวันออกเฉียงเหนือ,5,เพื่อคนไทย,1430,1.37,9,104075
2562,pv_46_z_5,pv_46,กาฬสินธุ์,ภาคตะวันออกเฉียงเหนือ,5,ประชาธิปัตย์,1111,1.07,10,104075
2562,pv_46_z_5,pv_46,กาฬสินธุ์,ภาคตะวันออกเฉียงเหนือ,5,สามัญชน,1060,1.02,11,104075
2562,pv_46_z_5,pv_46,กาฬสินธุ์,ภาคตะวันออกเฉียงเหนือ,5,กรีน,847,0.81,12,104075
2562,pv_46_z_5,pv_46,กาฬสินธุ์,ภาคตะวันออกเฉียงเหนือ,5,เพื่อชาติ,567,0.54,13,104075
2562,pv_46_z_5,pv_46,กาฬสินธุ์,ภาคตะวันออกเฉียงเหนือ,5,เศรษฐกิจใหม่,546,0.52,14,104075
2562,pv_46_z_5,pv_46,กาฬสินธุ์,ภาคตะวันออกเฉียงเหนือ,5,ภราดรภาพ,487,0.47,15,104075
2562,pv_46_z_5,pv_46,กาฬสินธุ์,ภาคตะวันออกเฉียงเหนือ,5,รวมพลังประชาชาติไทย,411,0.39,16,104075
2562,pv_46_z_5,pv_46,กาฬสินธุ์,ภาคตะวันออกเฉียงเหนือ,5,รักษ์ผืนป่าประเทศไทย,405,0.39,17,104075
2562,pv_46_z_5,pv_46,กาฬสินธุ์,ภาคตะวันออกเฉียงเหนือ,5,ชาติพัฒนา,368,0.35,18,104075
2562,pv_46_z_5,pv_46,กาฬสินธุ์,ภาคตะวันออกเฉียงเหนือ,5,ประชากรไทย,352,0.34,19,104075
2562,pv_46_z_5,pv_46,กาฬสินธุ์,ภาคตะวันออกเฉียงเหนือ,5,พลังไทยรักไทย,290,0.28,20,104075
2562,pv_46_z_5,pv_46,กาฬสินธุ์,ภาคตะวันออกเฉียงเหนือ,5,พลังประชาธิปไตย,271,0.26,21,104075
2562,pv_46_z_5,pv_46,กาฬสินธุ์,ภาคตะวันออกเฉียงเหนือ,5,แทนคุณแผ่นดิน,248,0.24,22,104075
2562,pv_46_z_5,pv_46,กาฬสินธุ์,ภาคตะวันออกเฉียงเหนือ,5,พลังไทสร้างชาติ,242,0.23,23,104075
2562,pv_46_z_5,pv_46,กาฬสินธุ์,ภาคตะวันออกเฉียงเหนือ,5,เพื่อแผ่นดิน,230,0.22,24,104075
2562,pv_46_z_5,pv_46,กาฬสินธุ์,ภาคตะวันออกเฉียงเหนือ,5,แผ่นดินธรรม,174,0.17,25,104075
2562,pv_46_z_5,pv_46,กาฬสินธุ์,ภาคตะวันออกเฉียงเหนือ,5,ไทยธรรม,153,0.15,26,104075
2562,pv_46_z_5,pv_46,กาฬสินธุ์,ภาคตะวันออกเฉียงเหนือ,5,กลาง,128,0.12,27,104075
2562,pv_46_z_5,pv_46,กาฬสินธุ์,ภาคตะวันออกเฉียงเหนือ,5,ประชาภิวัฒน์,121,0.12,28,104075
2562,pv_46_z_5,pv_46,กาฬสินธุ์,ภาคตะวันออกเฉียงเหนือ,5,ประชานิยม,90,0.09,29,104075
2562,pv_46_z_5,pv_46,กาฬสินธุ์,ภาคตะวันออกเฉียงเหนือ,5,ประชาไทย,89,0.09,30,104075
2562,pv_46_z_5,pv_46,กาฬสินธุ์,ภาคตะวันออกเฉียงเหนือ,5,สยามพัฒนา,72,0.07,31,104075
2562,pv_46_z_5,pv_46,กาฬสินธุ์,ภาคตะวันออกเฉียงเหนือ,5,ภูมิพลังเกษตรกรไทย,68,0.07,32,104075
2562,pv_46_z_5,pv_46,กาฬสินธุ์,ภาคตะวันออกเฉียงเหนือ,5,ครูไทยเพื่อประชาชน,67,0.06,33,104075
2562,pv_46_z_5,pv_46,กาฬสินธุ์,ภาคตะวันออกเฉียงเหนือ,5,พลังชาติไทย,56,0.05,34,104075
2562,pv_46_z_5,pv_46,กาฬสินธุ์,ภาคตะวันออกเฉียงเหนือ,5,ประชาธิปไตยใหม่,40,0.04,35,104075
2562,pv_46_z_5,pv_46,กาฬสินธุ์,ภาคตะวันออกเฉียงเหนือ,5,เพื่อชีวิตใหม่,26,0.02,36,104075
2562,pv_46_z_5,pv_46,กาฬสินธุ์,ภาคตะวันออกเฉียงเหนือ,5,ไทรักธรรม,21,0.02,37,104075
2562,pv_46_z_5,pv_46,กาฬสินธุ์,ภาคตะวันออกเฉียงเหนือ,5,ประชาธรรมไทย,20,0.02,38,104075
2562,pv_46_z_5,pv_46,กาฬสินธุ์,ภาคตะวันออกเฉียงเหนือ,5,ไทยรักษาชาติ,0,0.00,39,104075
2562,pv_40_z_1,pv_40,ขอนแก่น,ภาคตะวันออกเฉียงเหนือ,1,อนาคตใหม่,38717,34.23,1,113108
2562,pv_40_z_1,pv_40,ขอนแก่น,ภาคตะวันออกเฉียงเหนือ,1,เพื่อไทย,29396,25.99,2,113108
2562,pv_40_z_1,pv_40,ขอนแก่น,ภาคตะวันออกเฉียงเหนือ,1,พลังประชารัฐ,21935,19.39,3,113108
2562,pv_40_z_1,pv_40,ขอนแก่น,ภาคตะวันออกเฉียงเหนือ,1,ชาติไทยพัฒนา,5325,4.71,4,113108
2562,pv_40_z_1,pv_40,ขอนแก่น,ภาคตะวันออกเฉียงเหนือ,1,ประชาธิปัตย์,5014,4.43,5,113108
2562,pv_40_z_1,pv_40,ขอนแก่น,ภาคตะวันออกเฉียงเหนือ,1,เศรษฐกิจใหม่,4656,4.12,6,113108
2562,pv_40_z_1,pv_40,ขอนแก่น,ภาคตะวันออกเฉียงเหนือ,1,เสรีรวมไทย,2977,2.63,7,113108
2562,pv_40_z_1,pv_40,ขอนแก่น,ภาคตะวันออกเฉียงเหนือ,1,รวมพลังประชาชาติไทย,697,0.62,8,113108
2562,pv_40_z_1,pv_40,ขอนแก่น,ภาคตะวันออกเฉียงเหนือ,1,ภูมิใจไทย,581,0.51,9,113108
2562,pv_40_z_1,pv_40,ขอนแก่น,ภาคตะวันออกเฉียงเหนือ,1,เพื่อไทยพัฒนา,320,0.28,10,113108
2562,pv_40_z_1,pv_40,ขอนแก่น,ภาคตะวันออกเฉียงเหนือ,1,ไทยศรีวิไลย์,276,0.24,11,113108
2562,pv_40_z_1,pv_40,ขอนแก่น,ภาคตะวันออกเฉียงเหนือ,1,พลังท้องถิ่นไท,274,0.24,12,113108
2562,pv_40_z_1,pv_40,ขอนแก่น,ภาคตะวันออกเฉียงเหนือ,1,ประชาชนปฏิรูป,245,0.22,13,113108
2562,pv_40_z_1,pv_40,ขอนแก่น,ภาคตะวันออกเฉียงเหนือ,1,สยามพัฒนา,232,0.21,14,113108
2562,pv_40_z_1,pv_40,ขอนแก่น,ภาคตะวันออกเฉียงเหนือ,1,เพื่อชาติ,228,0.20,15,113108
2562,pv_40_z_1,pv_40,ขอนแก่น,ภาคตะวันออกเฉียงเหนือ,1,รักษ์ผืนป่าประเทศไทย,227,0.20,16,113108
2562,pv_40_z_1,pv_40,ขอนแก่น,ภาคตะวันออกเฉียงเหนือ,1,ประชาชาติ,198,0.18,17,113108
2562,pv_40_z_1,pv_40,ขอนแก่น,ภาคตะวันออกเฉียงเหนือ,1,ประชาธิปไตยใหม่,181,0.16,18,113108
2562,pv_40_z_1,pv_40,ขอนแก่น,ภาคตะวันออกเฉียงเหนือ,1,เพื่อแผ่นดิน,125,0.11,19,113108
2562,pv_40_z_1,pv_40,ขอนแก่น,ภาคตะวันออกเฉียงเหนือ,1,พลังครูไทย,119,0.11,20,113108
2562,pv_40_z_1,pv_40,ขอนแก่น,ภาคตะวันออกเฉียงเหนือ,1,พลังไทยรักไทย,117,0.10,21,113108
2562,pv_40_z_1,pv_40,ขอนแก่น,ภาคตะวันออกเฉียงเหนือ,1,ประชาภิวัฒน์,115,0.10,22,113108
2562,pv_40_z_1,pv_40,ขอนแก่น,ภาคตะวันออกเฉียงเหนือ,1,ภาคีเครือข่ายไทย,111,0.10,23,113108
2562,pv_40_z_1,pv_40,ขอนแก่น,ภาคตะวันออกเฉียงเหนือ,1,ครูไทยเพื่อประชาชน,105,0.09,24,113108
2562,pv_40_z_1,pv_40,ขอนแก่น,ภาคตะวันออกเฉียงเหนือ,1,ประชานิยม,104,0.09,25,113108
2562,pv_40_z_1,pv_40,ขอนแก่น,ภาคตะวันออกเฉียงเหนือ,1,ชาติพัฒนา,103,0.09,26,113108
2562,pv_40_z_1,pv_40,ขอนแก่น,ภาคตะวันออกเฉียงเหนือ,1,ความหวังใหม่,100,0.09,27,113108
2562,pv_40_z_1,pv_40,ขอนแก่น,ภาคตะวันออกเฉียงเหนือ,1,ไทรักธรรม,98,0.09,28,113108
2562,pv_40_z_1,pv_40,ขอนแก่น,ภาคตะวันออกเฉียงเหนือ,1,พลังธรรมใหม่,79,0.07,29,113108
2562,pv_40_z_1,pv_40,ขอนแก่น,ภาคตะวันออกเฉียงเหนือ,1,ผึ้งหลวง,73,0.06,30,113108
2562,pv_40_z_1,pv_40,ขอนแก่น,ภาคตะวันออกเฉียงเหนือ,1,แทนคุณแผ่นดิน,73,0.06,31,113108
2562,pv_40_z_1,pv_40,ขอนแก่น,ภาคตะวันออกเฉียงเหนือ,1,ประชาธิปไตยเพื่อประชาชน,69,0.06,32,113108
2562,pv_40_z_1,pv_40,ขอนแก่น,ภาคตะวันออกเฉียงเหนือ,1,แผ่นดินธรรม,61,0.05,33,113108
2562,pv_40_z_1,pv_40,ขอนแก่น,ภาคตะวันออกเฉียงเหนือ,1,พลังไทสร้างชาติ,60,0.05,34,113108
2562,pv_40_z_1,pv_40,ขอนแก่น,ภาคตะวันออกเฉียงเหนือ,1,พลเมืองไทย,51,0.05,35,113108
2562,pv_40_z_1,pv_40,ขอนแก่น,ภาคตะวันออกเฉียงเหนือ,1,พลังปวงชนไทย,24,0.02,36,113108
2562,pv_40_z_1,pv_40,ขอนแก่น,ภาคตะวันออกเฉียงเหนือ,1,เครือข่ายชาวนาแห่งประเทศไทย,20,0.02,37,113108
2562,pv_40_z_1,pv_40,ขอนแก่น,ภาคตะวันออกเฉียงเหนือ,1,ประชาธรรมไทย,13,0.01,38,113108
2562,pv_40_z_1,pv_40,ขอนแก่น,ภาคตะวันออกเฉียงเหนือ,1,ฐานรากไทย,9,0.01,39,113108
2562,pv_40_z_1,pv_40,ขอนแก่น,ภาคตะวันออกเฉียงเหนือ,1,ไทยรักษาชาติ,0,0.00,40,113108
2562,pv_40_z_2,pv_40,ขอนแก่น,ภาคตะวันออกเฉียงเหนือ,2,พลังประชารัฐ,46276,40.09,1,115439
2562,pv_40_z_2,pv_40,ขอนแก่น,ภาคตะวันออกเฉียงเหนือ,2,เพื่อไทย,34115,29.55,2,115439
2562,pv_40_z_2,pv_40,ขอนแก่น,ภาคตะวันออกเฉียงเหนือ,2,อนาคตใหม่,21449,18.58,3,115439
2562,pv_40_z_2,pv_40,ขอนแก่น,ภาคตะวันออกเฉียงเหนือ,2,เพื่อชาติ,2422,2.10,4,115439
2562,pv_40_z_2,pv_40,ขอนแก่น,ภาคตะวันออกเฉียงเหนือ,2,ประชาธิปัตย์,2263,1.96,5,115439
2562,pv_40_z_2,pv_40,ขอนแก่น,ภาคตะวันออกเฉียงเหนือ,2,เศรษฐกิจใหม่,2225,1.93,6,115439
2562,pv_40_z_2,pv_40,ขอนแก่น,ภาคตะวันออกเฉียงเหนือ,2,เสรีรวมไทย,1871,1.62,7,115439
2562,pv_40_z_2,pv_40,ขอนแก่น,ภาคตะวันออกเฉียงเหนือ,2,ภูมิใจไทย,831,0.72,8,115439
2562,pv_40_z_2,pv_40,ขอนแก่น,ภาคตะวันออกเฉียงเหนือ,2,พลังท้องถิ่นไท,495,0.43,9,115439
2562,pv_40_z_2,pv_40,ขอนแก่น,ภาคตะวันออกเฉียงเหนือ,2,พลเมืองไทย,332,0.29,10,115439
2562,pv_40_z_2,pv_40,ขอนแก่น,ภาคตะวันออกเฉียงเหนือ,2,รวมพลังประชาชาติไทย,261,0.23,11,115439
2562,pv_40_z_2,pv_40,ขอนแก่น,ภาคตะวันออกเฉียงเหนือ,2,พลังครูไทย,241,0.21,12,115439
2562,pv_40_z_2,pv_40,ขอนแก่น,ภาคตะวันออกเฉียงเหนือ,2,ชาติไทยพัฒนา,219,0.19,13,115439
2562,pv_40_z_2,pv_40,ขอนแก่น,ภาคตะวันออกเฉียงเหนือ,2,ฐานรากไทย,213,0.18,14,115439
2562,pv_40_z_2,pv_40,ขอนแก่น,ภาคตะวันออกเฉียงเหนือ,2,รักษ์ผืนป่าประเทศไทย,211,0.18,15,115439
2562,pv_40_z_2,pv_40,ขอนแก่น,ภาคตะวันออกเฉียงเหนือ,2,ไทยศรีวิไลย์,205,0.18,16,115439
2562,pv_40_z_2,pv_40,ขอนแก่น,ภาคตะวันออกเฉียงเหนือ,2,ครูไทยเพื่อประชาชน,197,0.17,17,115439
2562,pv_40_z_2,pv_40,ขอนแก่น,ภาคตะวันออกเฉียงเหนือ,2,เพื่อแผ่นดิน,177,0.15,18,115439
2562,pv_40_z_2,pv_40,ขอนแก่น,ภาคตะวันออกเฉียงเหนือ,2,ประชาภิวัฒน์,176,0.15,19,115439
2562,pv_40_z_2,pv_40,ขอนแก่น,ภาคตะวันออกเฉียงเหนือ,2,ประชาชนปฏิรูป,120,0.10,20,115439
2562,pv_40_z_2,pv_40,ขอนแก่น,ภาคตะวันออกเฉียงเหนือ,2,สยามพัฒนา,106,0.09,21,115439
2562,pv_40_z_2,pv_40,ขอนแก่น,ภาคตะวันออกเฉียงเหนือ,2,มหาชน,95,0.08,22,115439
2562,pv_40_z_2,pv_40,ขอนแก่น,ภาคตะวันออกเฉียงเหนือ,2,เพื่อไทยพัฒนา,93,0.08,23,115439
2562,pv_40_z_2,pv_40,ขอนแก่น,ภาคตะวันออกเฉียงเหนือ,2,ประชานิยม,91,0.08,24,115439
2562,pv_40_z_2,pv_40,ขอนแก่น,ภาคตะวันออกเฉียงเหนือ,2,พลังไทยรักไทย,91,0.08,25,115439
2562,pv_40_z_2,pv_40,ขอนแก่น,ภาคตะวันออกเฉียงเหนือ,2,พลังธรรมใหม่,80,0.07,26,115439
2562,pv_40_z_2,pv_40,ขอนแก่น,ภาคตะวันออกเฉียงเหนือ,2,พลังปวงชนไทย,64,0.06,27,115439
2562,pv_40_z_2,pv_40,ขอนแก่น,ภาคตะวันออกเฉียงเหนือ,2,พลังไทสร้างชาติ,61,0.05,28,115439
2562,pv_40_z_2,pv_40,ขอนแก่น,ภาคตะวันออกเฉียงเหนือ,2,แผ่นดินธรรม,57,0.05,29,115439
2562,pv_40_z_2,pv_40,ขอนแก่น,ภาคตะวันออกเฉียงเหนือ,2,ประชาชาติ,57,0.05,30,115439
2562,pv_40_z_2,pv_40,ขอนแก่น,ภาคตะวันออกเฉียงเหนือ,2,ผึ้งหลวง,52,0.05,31,115439
2562,pv_40_z_2,pv_40,ขอนแก่น,ภาคตะวันออกเฉียงเหนือ,2,พลังชาติไทย,47,0.04,32,115439
2562,pv_40_z_2,pv_40,ขอนแก่น,ภาคตะวันออกเฉียงเหนือ,2,ประชาธิปไตยเพื่อประชาชน,45,0.04,33,115439
2562,pv_40_z_2,pv_40,ขอนแก่น,ภาคตะวันออกเฉียงเหนือ,2,พลังศรัทธา,43,0.04,34,115439
2562,pv_40_z_2,pv_40,ขอนแก่น,ภาคตะวันออกเฉียงเหนือ,2,ไทรักธรรม,43,0.04,35,115439
2562,pv_40_z_2,pv_40,ขอนแก่น,ภาคตะวันออกเฉียงเหนือ,2,พลังสังคม,38,0.03,36,115439
2562,pv_40_z_2,pv_40,ขอนแก่น,ภาคตะวันออกเฉียงเหนือ,2,แทนคุณแผ่นดิน,34,0.03,37,115439
2562,pv_40_z_2,pv_40,ขอนแก่น,ภาคตะวันออกเฉียงเหนือ,2,ประชากรไทย,25,0.02,38,115439
2562,pv_40_z_2,pv_40,ขอนแก่น,ภาคตะวันออกเฉียงเหนือ,2,ภาคีเครือข่ายไทย,18,0.02,39,115439
2562,pv_40_z_3,pv_40,ขอนแก่น,ภาคตะวันออกเฉียงเหนือ,3,เพื่อไทย,34676,32.51,1,106667
2562,pv_40_z_3,pv_40,ขอนแก่น,ภาคตะวันออกเฉียงเหนือ,3,อนาคตใหม่,29274,27.44,2,106667
2562,pv_40_z_3,pv_40,ขอนแก่น,ภาคตะวันออกเฉียงเหนือ,3,พลังประชารัฐ,26636,24.97,3,106667
2562,pv_40_z_3,pv_40,ขอนแก่น,ภาคตะวันออกเฉียงเหนือ,3,ภูมิใจไทย,7577,7.10,4,106667
2562,pv_40_z_3,pv_40,ขอนแก่น,ภาคตะวันออกเฉียงเหนือ,3,ประชาธิปัตย์,1181,1.11,5,106667
2562,pv_40_z_3,pv_40,ขอนแก่น,ภาคตะวันออกเฉียงเหนือ,3,เสรีรวมไทย,932,0.87,6,106667
2562,pv_40_z_3,pv_40,ขอนแก่น,ภาคตะวันออกเฉียงเหนือ,3,พลังไทยรักไทย,776,0.73,7,106667
2562,pv_40_z_3,pv_40,ขอนแก่น,ภาคตะวันออกเฉียงเหนือ,3,ประชาธิปไตยใหม่,766,0.72,8,106667
2562,pv_40_z_3,pv_40,ขอนแก่น,ภาคตะวันออกเฉียงเหนือ,3,เพื่อชาติ,590,0.55,9,106667
2562,pv_40_z_3,pv_40,ขอนแก่น,ภาคตะวันออกเฉียงเหนือ,3,เศรษฐกิจใหม่,475,0.45,10,106667
2562,pv_40_z_3,pv_40,ขอนแก่น,ภาคตะวันออกเฉียงเหนือ,3,ชาติไทยพัฒนา,419,0.39,11,106667
2562,pv_40_z_3,pv_40,ขอนแก่น,ภาคตะวันออกเฉียงเหนือ,3,รวมพลังประชาชาติไทย,374,0.35,12,106667
2562,pv_40_z_3,pv_40,ขอนแก่น,ภาคตะวันออกเฉียงเหนือ,3,ครูไทยเพื่อประชาชน,323,0.30,13,106667
2562,pv_40_z_3,pv_40,ขอนแก่น,ภาคตะวันออกเฉียงเหนือ,3,ไทยศรีวิไลย์,286,0.27,14,106667
2562,pv_40_z_3,pv_40,ขอนแก่น,ภาคตะวันออกเฉียงเหนือ,3,แทนคุณแผ่นดิน,265,0.25,15,106667
2562,pv_40_z_3,pv_40,ขอนแก่น,ภาคตะวันออกเฉียงเหนือ,3,พลังท้องถิ่นไท,237,0.22,16,106667
2562,pv_40_z_3,pv_40,ขอนแก่น,ภาคตะวันออกเฉียงเหนือ,3,พลังชาติไทย,208,0.19,17,106667
2562,pv_40_z_3,pv_40,ขอนแก่น,ภาคตะวันออกเฉียงเหนือ,3,พลังปวงชนไทย,188,0.18,18,106667
2562,pv_40_z_3,pv_40,ขอนแก่น,ภาคตะวันออกเฉียงเหนือ,3,ประชาชาติ,185,0.17,19,106667
2562,pv_40_z_3,pv_40,ขอนแก่น,ภาคตะวันออกเฉียงเหนือ,3,ประชาภิวัฒน์,169,0.16,20,106667
2562,pv_40_z_3,pv_40,ขอนแก่น,ภาคตะวันออกเฉียงเหนือ,3,สามัญชน,165,0.15,21,106667
2562,pv_40_z_3,pv_40,ขอนแก่น,ภาคตะวันออกเฉียงเหนือ,3,รักษ์ผืนป่าประเทศไทย,146,0.14,22,106667
2562,pv_40_z_3,pv_40,ขอนแก่น,ภาคตะวันออกเฉียงเหนือ,3,ประชานิยม,118,0.11,23,106667
2562,pv_40_z_3,pv_40,ขอนแก่น,ภาคตะวันออกเฉียงเหนือ,3,เพื่อไทยพัฒนา,113,0.11,24,106667
2562,pv_40_z_3,pv_40,ขอนแก่น,ภาคตะวันออกเฉียงเหนือ,3,ชาติพัฒนา,98,0.09,25,106667
2562,pv_40_z_3,pv_40,ขอนแก่น,ภาคตะวันออกเฉียงเหนือ,3,เพื่อแผ่นดิน,97,0.09,26,106667
2562,pv_40_z_3,pv_40,ขอนแก่น,ภาคตะวันออกเฉียงเหนือ,3,พลังธรรมใหม่,85,0.08,27,106667
2562,pv_40_z_3,pv_40,ขอนแก่น,ภาคตะวันออกเฉียงเหนือ,3,ประชาชนปฏิรูป,56,0.05,28,106667
2562,pv_40_z_3,pv_40,ขอนแก่น,ภาคตะวันออกเฉียงเหนือ,3,ภาคีเครือข่ายไทย,49,0.05,29,106667
2562,pv_40_z_3,pv_40,ขอนแก่น,ภาคตะวันออกเฉียงเหนือ,3,ไทรักธรรม,39,0.04,30,106667
2562,pv_40_z_3,pv_40,ขอนแก่น,ภาคตะวันออกเฉียงเหนือ,3,แผ่นดินธรรม,37,0.03,31,106667
2562,pv_40_z_3,pv_40,ขอนแก่น,ภาคตะวันออกเฉียงเหนือ,3,ผึ้งหลวง,26,0.02,32,106667
2562,pv_40_z_3,pv_40,ขอนแก่น,ภาคตะวันออกเฉียงเหนือ,3,พลังไทสร้างชาติ,23,0.02,33,106667
2562,pv_40_z_3,pv_40,ขอนแก่น,ภาคตะวันออกเฉียงเหนือ,3,ประชาธิปไตยเพื่อประชาชน,23,0.02,34,106667
2562,pv_40_z_3,pv_40,ขอนแก่น,ภาคตะวันออกเฉียงเหนือ,3,ประชากรไทย,17,0.02,35,106667
2562,pv_40_z_3,pv_40,ขอนแก่น,ภาคตะวันออกเฉียงเหนือ,3,ฐานรากไทย,15,0.01,36,106667
2562,pv_40_z_3,pv_40,ขอนแก่น,ภาคตะวันออกเฉียงเหนือ,3,มหาชน,14,0.01,37,106667
2562,pv_40_z_3,pv_40,ขอนแก่น,ภาคตะวันออกเฉียงเหนือ,3,พลังสังคม,9,0.01,38,106667
2562,pv_40_z_4,pv_40,ขอนแก่น,ภาคตะวันออกเฉียงเหนือ,4,เพื่อไทย,45092,42.37,1,106414
2562,pv_40_z_4,pv_40,ขอนแก่น,ภาคตะวันออกเฉียงเหนือ,4,อนาคตใหม่,30603,28.76,2,106414
2562,pv_40_z_4,pv_40,ขอนแก่น,ภาคตะวันออกเฉียงเหนือ,4,พลังประชารัฐ,15320,14.40,3,106414
2562,pv_40_z_4,pv_40,ขอนแก่น,ภาคตะวันออกเฉียงเหนือ,4,ประชาธิปัตย์,1748,1.64,4,106414
2562,pv_40_z_4,pv_40,ขอนแก่น,ภาคตะวันออกเฉียงเหนือ,4,เสรีรวมไทย,1477,1.39,5,106414
2562,pv_40_z_4,pv_40,ขอนแก่น,ภาคตะวันออกเฉียงเหนือ,4,ภูมิใจไทย,1476,1.39,6,106414
2562,pv_40_z_4,pv_40,ขอนแก่น,ภาคตะวันออกเฉียงเหนือ,4,เพื่อชาติ,1044,0.98,7,106414
2562,pv_40_z_4,pv_40,ขอนแก่น,ภาคตะวันออกเฉียงเหนือ,4,พลังปวงชนไทย,950,0.89,8,106414
2562,pv_40_z_4,pv_40,ขอนแก่น,ภาคตะวันออกเฉียงเหนือ,4,เศรษฐกิจใหม่,799,0.75,9,106414
2562,pv_40_z_4,pv_40,ขอนแก่น,ภาคตะวันออกเฉียงเหนือ,4,เพื่อไทยพัฒนา,746,0.70,10,106414
2562,pv_40_z_4,pv_40,ขอนแก่น,ภาคตะวันออกเฉียงเหนือ,4,ประชาชาติ,687,0.65,11,106414
2562,pv_40_z_4,pv_40,ขอนแก่น,ภาคตะวันออกเฉียงเหนือ,4,ชาติไทยพัฒนา,583,0.55,12,106414
2562,pv_40_z_4,pv_40,ขอนแก่น,ภาคตะวันออกเฉียงเหนือ,4,พลังไทยรักไทย,569,0.53,13,106414
2562,pv_40_z_4,pv_40,ขอนแก่น,ภาคตะวันออกเฉียงเหนือ,4,ฐานรากไทย,509,0.48,14,106414
2562,pv_40_z_4,pv_40,ขอนแก่น,ภาคตะวันออกเฉียงเหนือ,4,ชาติพัฒนา,421,0.40,15,106414
2562,pv_40_z_4,pv_40,ขอนแก่น,ภาคตะวันออกเฉียงเหนือ,4,พลังชาติไทย,414,0.39,16,106414
2562,pv_40_z_4,pv_40,ขอนแก่น,ภาคตะวันออกเฉียงเหนือ,4,รวมพลังประชาชาติไทย,387,0.36,17,106414
2562,pv_40_z_4,pv_40,ขอนแก่น,ภาคตะวันออกเฉียงเหนือ,4,สยามพัฒนา,355,0.33,18,106414
2562,pv_40_z_4,pv_40,ขอนแก่น,ภาคตะวันออกเฉียงเหนือ,4,รักษ์ผืนป่าประเทศไทย,296,0.28,19,106414
2562,pv_40_z_4,pv_40,ขอนแก่น,ภาคตะวันออกเฉียงเหนือ,4,พลเมืองไทย,283,0.27,20,106414
2562,pv_40_z_4,pv_40,ขอนแก่น,ภาคตะวันออกเฉียงเหนือ,4,ประชานิยม,278,0.26,21,106414
2562,pv_40_z_4,pv_40,ขอนแก่น,ภาคตะวันออกเฉียงเหนือ,4,ประชาภิวัฒน์,259,0.24,22,106414
2562,pv_40_z_4,pv_40,ขอนแก่น,ภาคตะวันออกเฉียงเหนือ,4,ประชาธิปไตยใหม่,243,0.23,23,106414
2562,pv_40_z_4,pv_40,ขอนแก่น,ภาคตะวันออกเฉียงเหนือ,4,แทนคุณแผ่นดิน,224,0.21,24,106414
2562,pv_40_z_4,pv_40,ขอนแก่น,ภาคตะวันออกเฉียงเหนือ,4,พลังไทสร้างชาติ,178,0.17,25,106414
2562,pv_40_z_4,pv_40,ขอนแก่น,ภาคตะวันออกเฉียงเหนือ,4,พลังท้องถิ่นไท,177,0.17,26,106414
2562,pv_40_z_4,pv_40,ขอนแก่น,ภาคตะวันออกเฉียงเหนือ,4,เพื่อแผ่นดิน,158,0.15,27,106414
2562,pv_40_z_4,pv_40,ขอนแก่น,ภาคตะวันออกเฉียงเหนือ,4,ไทยศรีวิไลย์,146,0.14,28,106414
2562,pv_40_z_4,pv_40,ขอนแก่น,ภาคตะวันออกเฉียงเหนือ,4,ประชากรไทย,135,0.13,29,106414
2562,pv_40_z_4,pv_40,ขอนแก่น,ภาคตะวันออกเฉียงเหนือ,4,ประชาธิปไตยเพื่อประชาชน,124,0.12,30,106414
2562,pv_40_z_4,pv_40,ขอนแก่น,ภาคตะวันออกเฉียงเหนือ,4,แผ่นดินธรรม,117,0.11,31,106414
2562,pv_40_z_4,pv_40,ขอนแก่น,ภาคตะวันออกเฉียงเหนือ,4,กลาง,112,0.11,32,106414
2562,pv_40_z_4,pv_40,ขอนแก่น,ภาคตะวันออกเฉียงเหนือ,4,ครูไทยเพื่อประชาชน,97,0.09,33,106414
2562,pv_40_z_4,pv_40,ขอนแก่น,ภาคตะวันออกเฉียงเหนือ,4,ผึ้งหลวง,81,0.08,34,106414
2562,pv_40_z_4,pv_40,ขอนแก่น,ภาคตะวันออกเฉียงเหนือ,4,ไทรักธรรม,80,0.08,35,106414
2562,pv_40_z_4,pv_40,ขอนแก่น,ภาคตะวันออกเฉียงเหนือ,4,มหาชน,68,0.06,36,106414
2562,pv_40_z_4,pv_40,ขอนแก่น,ภาคตะวันออกเฉียงเหนือ,4,ประชาชนปฏิรูป,60,0.06,37,106414
2562,pv_40_z_4,pv_40,ขอนแก่น,ภาคตะวันออกเฉียงเหนือ,4,ภาคีเครือข่ายไทย,47,0.04,38,106414
2562,pv_40_z_4,pv_40,ขอนแก่น,ภาคตะวันออกเฉียงเหนือ,4,รวมใจไทย,37,0.03,39,106414
2562,pv_40_z_4,pv_40,ขอนแก่น,ภาคตะวันออกเฉียงเหนือ,4,พลังธรรมใหม่,34,0.03,40,106414
2562,pv_40_z_5,pv_40,ขอนแก่น,ภาคตะวันออกเฉียงเหนือ,5,เพื่อไทย,39112,46.95,1,83304
2562,pv_40_z_5,pv_40,ขอนแก่น,ภาคตะวันออกเฉียงเหนือ,5,พลังประชารัฐ,21024,25.24,2,83304
2562,pv_40_z_5,pv_40,ขอนแก่น,ภาคตะวันออกเฉียงเหนือ,5,อนาคตใหม่,9574,11.49,3,83304
2562,pv_40_z_5,pv_40,ขอนแก่น,ภาคตะวันออกเฉียงเหนือ,5,เพื่อชาติ,3890,4.67,4,83304
2562,pv_40_z_5,pv_40,ขอนแก่น,ภาคตะวันออกเฉียงเหนือ,5,เสรีรวมไทย,2867,3.44,5,83304
2562,pv_40_z_5,pv_40,ขอนแก่น,ภาคตะวันออกเฉียงเหนือ,5,ประชาธิปัตย์,1162,1.39,6,83304
2562,pv_40_z_5,pv_40,ขอนแก่น,ภาคตะวันออกเฉียงเหนือ,5,ประชากรไทย,905,1.09,7,83304
2562,pv_40_z_5,pv_40,ขอนแก่น,ภาคตะวันออกเฉียงเหนือ,5,ภาคีเครือข่ายไทย,598,0.72,8,83304
2562,pv_40_z_5,pv_40,ขอนแก่น,ภาคตะวันออกเฉียงเหนือ,5,ชาติพัฒนา,427,0.51,9,83304
2562,pv_40_z_5,pv_40,ขอนแก่น,ภาคตะวันออกเฉียงเหนือ,5,เพื่อไทยพัฒนา,379,0.45,10,83304
2562,pv_40_z_5,pv_40,ขอนแก่น,ภาคตะวันออกเฉียงเหนือ,5,ภูมิใจไทย,354,0.42,11,83304
2562,pv_40_z_5,pv_40,ขอนแก่น,ภาคตะวันออกเฉียงเหนือ,5,ประชาภิวัฒน์,335,0.40,12,83304
2562,pv_40_z_5,pv_40,ขอนแก่น,ภาคตะวันออกเฉียงเหนือ,5,เศรษฐกิจใหม่,325,0.39,13,83304
2562,pv_40_z_5,pv_40,ขอนแก่น,ภาคตะวันออกเฉียงเหนือ,5,ชาติไทยพัฒนา,298,0.36,14,83304
2562,pv_40_z_5,pv_40,ขอนแก่น,ภาคตะวันออกเฉียงเหนือ,5,ประชาธิปไตยใหม่,204,0.24,15,83304
2562,pv_40_z_5,pv_40,ขอนแก่น,ภาคตะวันออกเฉียงเหนือ,5,ประชาธรรมไทย,201,0.24,16,83304
2562,pv_40_z_5,pv_40,ขอนแก่น,ภาคตะวันออกเฉียงเหนือ,5,รักษ์ผืนป่าประเทศไทย,185,0.22,17,83304
2562,pv_40_z_5,pv_40,ขอนแก่น,ภาคตะวันออกเฉียงเหนือ,5,พลังไทสร้างชาติ,166,0.20,18,83304
2562,pv_40_z_5,pv_40,ขอนแก่น,ภาคตะวันออกเฉียงเหนือ,5,รวมพลังประชาชาติไทย,142,0.17,19,83304
2562,pv_40_z_5,pv_40,ขอนแก่น,ภาคตะวันออกเฉียงเหนือ,5,สยามพัฒนา,142,0.17,20,83304
2562,pv_40_z_5,pv_40,ขอนแก่น,ภาคตะวันออกเฉียงเหนือ,5,แผ่นดินธรรม,129,0.15,21,83304
2562,pv_40_z_5,pv_40,ขอนแก่น,ภาคตะวันออกเฉียงเหนือ,5,พลังท้องถิ่นไท,102,0.12,22,83304
2562,pv_40_z_5,pv_40,ขอนแก่น,ภาคตะวันออกเฉียงเหนือ,5,ครูไทยเพื่อประชาชน,101,0.12,23,83304
2562,pv_40_z_5,pv_40,ขอนแก่น,ภาคตะวันออกเฉียงเหนือ,5,ประชานิยม,95,0.11,24,83304
2562,pv_40_z_5,pv_40,ขอนแก่น,ภาคตะวันออกเฉียงเหนือ,5,พลังไทยรักไทย,84,0.10,25,83304
2562,pv_40_z_5,pv_40,ขอนแก่น,ภาคตะวันออกเฉียงเหนือ,5,เพื่อแผ่นดิน,82,0.10,26,83304
2562,pv_40_z_5,pv_40,ขอนแก่น,ภาคตะวันออกเฉียงเหนือ,5,ประชาชนปฏิรูป,70,0.08,27,83304
2562,pv_40_z_5,pv_40,ขอนแก่น,ภาคตะวันออกเฉียงเหนือ,5,ทางเลือกใหม่,64,0.08,28,83304
2562,pv_40_z_5,pv_40,ขอนแก่น,ภาคตะวันออกเฉียงเหนือ,5,ประชาธิปไตยเพื่อประชาชน,60,0.07,29,83304
2562,pv_40_z_5,pv_40,ขอนแก่น,ภาคตะวันออกเฉียงเหนือ,5,ประชาชาติ,54,0.06,30,83304
2562,pv_40_z_5,pv_40,ขอนแก่น,ภาคตะวันออกเฉียงเหนือ,5,พลังชาติไทย,50,0.06,31,83304
2562,pv_40_z_5,pv_40,ขอนแก่น,ภาคตะวันออกเฉียงเหนือ,5,ประชาไทย,45,0.05,32,83304
2562,pv_40_z_5,pv_40,ขอนแก่น,ภาคตะวันออกเฉียงเหนือ,5,ไทรักธรรม,33,0.04,33,83304
2562,pv_40_z_5,pv_40,ขอนแก่น,ภาคตะวันออกเฉียงเหนือ,5,รักท้องถิ่นไทย,22,0.03,34,83304
2562,pv_40_z_5,pv_40,ขอนแก่น,ภาคตะวันออกเฉียงเหนือ,5,ผึ้งหลวง,17,0.02,35,83304
2562,pv_40_z_5,pv_40,ขอนแก่น,ภาคตะวันออกเฉียงเหนือ,5,ฐานรากไทย,6,0.01,36,83304
2562,pv_40_z_6,pv_40,ขอนแก่น,ภาคตะวันออกเฉียงเหนือ,6,เพื่อไทย,32751,36.81,1,88983
2562,pv_40_z_6,pv_40,ขอนแก่น,ภาคตะวันออกเฉียงเหนือ,6,พลังประชารัฐ,27694,31.12,2,88983
2562,pv_40_z_6,pv_40,ขอนแก่น,ภาคตะวันออกเฉียงเหนือ,6,อนาคตใหม่,13377,15.03,3,88983
2562,pv_40_z_6,pv_40,ขอนแก่น,ภาคตะวันออกเฉียงเหนือ,6,เพื่อชาติ,5834,6.56,4,88983
2562,pv_40_z_6,pv_40,ขอนแก่น,ภาคตะวันออกเฉียงเหนือ,6,ประชาธิปัตย์,1706,1.92,5,88983
2562,pv_40_z_6,pv_40,ขอนแก่น,ภาคตะวันออกเฉียงเหนือ,6,พลังท้องถิ่นไท,1273,1.43,6,88983
2562,pv_40_z_6,pv_40,ขอนแก่น,ภาคตะวันออกเฉียงเหนือ,6,พลังรัก,919,1.03,7,88983
2562,pv_40_z_6,pv_40,ขอนแก่น,ภาคตะวันออกเฉียงเหนือ,6,มหาชน,824,0.93,8,88983
2562,pv_40_z_6,pv_40,ขอนแก่น,ภาคตะวันออกเฉียงเหนือ,6,เศรษฐกิจใหม่,655,0.74,9,88983
2562,pv_40_z_6,pv_40,ขอนแก่น,ภาคตะวันออกเฉียงเหนือ,6,ชาติไทยพัฒนา,350,0.39,10,88983
2562,pv_40_z_6,pv_40,ขอนแก่น,ภาคตะวันออกเฉียงเหนือ,6,ชาติพัฒนา,322,0.36,11,88983
2562,pv_40_z_6,pv_40,ขอนแก่น,ภาคตะวันออกเฉียงเหนือ,6,ประชานิยม,321,0.36,12,88983
2562,pv_40_z_6,pv_40,ขอนแก่น,ภาคตะวันออกเฉียงเหนือ,6,ภูมิใจไทย,307,0.35,13,88983
2562,pv_40_z_6,pv_40,ขอนแก่น,ภาคตะวันออกเฉียงเหนือ,6,รักษ์ผืนป่าประเทศไทย,273,0.31,14,88983
2562,pv_40_z_6,pv_40,ขอนแก่น,ภาคตะวันออกเฉียงเหนือ,6,ครูไทยเพื่อประชาชน,264,0.30,15,88983
2562,pv_40_z_6,pv_40,ขอนแก่น,ภาคตะวันออกเฉียงเหนือ,6,ประชาธิปไตยใหม่,230,0.26,16,88983
2562,pv_40_z_6,pv_40,ขอนแก่น,ภาคตะวันออกเฉียงเหนือ,6,พลังไทยรักไทย,230,0.26,17,88983
2562,pv_40_z_6,pv_40,ขอนแก่น,ภาคตะวันออกเฉียงเหนือ,6,ภาคีเครือข่ายไทย,193,0.22,18,88983
2562,pv_40_z_6,pv_40,ขอนแก่น,ภาคตะวันออกเฉียงเหนือ,6,พลังไทสร้างชาติ,188,0.21,19,88983
2562,pv_40_z_6,pv_40,ขอนแก่น,ภาคตะวันออกเฉียงเหนือ,6,ประชาชาติ,174,0.20,20,88983
2562,pv_40_z_6,pv_40,ขอนแก่น,ภาคตะวันออกเฉียงเหนือ,6,พลังปวงชนไทย,158,0.18,21,88983
2562,pv_40_z_6,pv_40,ขอนแก่น,ภาคตะวันออกเฉียงเหนือ,6,พลเมืองไทย,157,0.18,22,88983
2562,pv_40_z_6,pv_40,ขอนแก่น,ภาคตะวันออกเฉียงเหนือ,6,รวมพลังประชาชาติไทย,138,0.16,23,88983
2562,pv_40_z_6,pv_40,ขอนแก่น,ภาคตะวันออกเฉียงเหนือ,6,เพื่อไทยพัฒนา,126,0.14,24,88983
2562,pv_40_z_6,pv_40,ขอนแก่น,ภาคตะวันออกเฉียงเหนือ,6,พลังประชาธิปไตย,77,0.09,25,88983
2562,pv_40_z_6,pv_40,ขอนแก่น,ภาคตะวันออกเฉียงเหนือ,6,ผึ้งหลวง,71,0.08,26,88983
2562,pv_40_z_6,pv_40,ขอนแก่น,ภาคตะวันออกเฉียงเหนือ,6,ประชาธรรมไทย,68,0.08,27,88983
2562,pv_40_z_6,pv_40,ขอนแก่น,ภาคตะวันออกเฉียงเหนือ,6,รักท้องถิ่นไทย,63,0.07,28,88983
2562,pv_40_z_6,pv_40,ขอนแก่น,ภาคตะวันออกเฉียงเหนือ,6,ทางเลือกใหม่,62,0.07,29,88983
2562,pv_40_z_6,pv_40,ขอนแก่น,ภาคตะวันออกเฉียงเหนือ,6,ประชากรไทย,39,0.04,30,88983
2562,pv_40_z_6,pv_40,ขอนแก่น,ภาคตะวันออกเฉียงเหนือ,6,เพื่อแผ่นดิน,29,0.03,31,88983
2562,pv_40_z_6,pv_40,ขอนแก่น,ภาคตะวันออกเฉียงเหนือ,6,ประชาภิวัฒน์,28,0.03,32,88983
2562,pv_40_z_6,pv_40,ขอนแก่น,ภาคตะวันออกเฉียงเหนือ,6,ไทรักธรรม,24,0.03,33,88983
2562,pv_40_z_6,pv_40,ขอนแก่น,ภาคตะวันออกเฉียงเหนือ,6,ประชาไทย,23,0.03,34,88983
2562,pv_40_z_6,pv_40,ขอนแก่น,ภาคตะวันออกเฉียงเหนือ,6,พลังชาติไทย,21,0.02,35,88983
2562,pv_40_z_6,pv_40,ขอนแก่น,ภาคตะวันออกเฉียงเหนือ,6,แทนคุณแผ่นดิน,14,0.02,36,88983
2562,pv_40_z_7,pv_40,ขอนแก่น,ภาคตะวันออกเฉียงเหนือ,7,เพื่อไทย,29710,33.49,1,88711
2562,pv_40_z_7,pv_40,ขอนแก่น,ภาคตะวันออกเฉียงเหนือ,7,พลังประชารัฐ,26553,29.93,2,88711
2562,pv_40_z_7,pv_40,ขอนแก่น,ภาคตะวันออกเฉียงเหนือ,7,อนาคตใหม่,12414,13.99,3,88711
2562,pv_40_z_7,pv_40,ขอนแก่น,ภาคตะวันออกเฉียงเหนือ,7,ประชาชาติ,9350,10.54,4,88711
2562,pv_40_z_7,pv_40,ขอนแก่น,ภาคตะวันออกเฉียงเหนือ,7,เพื่อชาติ,1767,1.99,5,88711
2562,pv_40_z_7,pv_40,ขอนแก่น,ภาคตะวันออกเฉียงเหนือ,7,เสรีรวมไทย,1062,1.20,6,88711
2562,pv_40_z_7,pv_40,ขอนแก่น,ภาคตะวันออกเฉียงเหนือ,7,ประชาธิปัตย์,889,1.00,7,88711
2562,pv_40_z_7,pv_40,ขอนแก่น,ภาคตะวันออกเฉียงเหนือ,7,ครูไทยเพื่อประชาชน,798,0.90,8,88711
2562,pv_40_z_7,pv_40,ขอนแก่น,ภาคตะวันออกเฉียงเหนือ,7,ไทรักธรรม,599,0.68,9,88711
2562,pv_40_z_7,pv_40,ขอนแก่น,ภาคตะวันออกเฉียงเหนือ,7,เพื่อไทยพัฒนา,564,0.64,10,88711
2562,pv_40_z_7,pv_40,ขอนแก่น,ภาคตะวันออกเฉียงเหนือ,7,ภูมิใจไทย,549,0.62,11,88711
2562,pv_40_z_7,pv_40,ขอนแก่น,ภาคตะวันออกเฉียงเหนือ,7,รวมพลังประชาชาติไทย,473,0.53,12,88711
2562,pv_40_z_7,pv_40,ขอนแก่น,ภาคตะวันออกเฉียงเหนือ,7,พลังไทยรักไทย,442,0.50,13,88711
2562,pv_40_z_7,pv_40,ขอนแก่น,ภาคตะวันออกเฉียงเหนือ,7,เศรษฐกิจใหม่,417,0.47,14,88711
2562,pv_40_z_7,pv_40,ขอนแก่น,ภาคตะวันออกเฉียงเหนือ,7,พลังธรรมใหม่,318,0.36,15,88711
2562,pv_40_z_7,pv_40,ขอนแก่น,ภาคตะวันออกเฉียงเหนือ,7,เครือข่ายชาวนาแห่งประเทศไทย,263,0.30,16,88711
2562,pv_40_z_7,pv_40,ขอนแก่น,ภาคตะวันออกเฉียงเหนือ,7,ชาติพัฒนา,255,0.29,17,88711
2562,pv_40_z_7,pv_40,ขอนแก่น,ภาคตะวันออกเฉียงเหนือ,7,พลเมืองไทย,229,0.26,18,88711
2562,pv_40_z_7,pv_40,ขอนแก่น,ภาคตะวันออกเฉียงเหนือ,7,ทางเลือกใหม่,217,0.24,19,88711
2562,pv_40_z_7,pv_40,ขอนแก่น,ภาคตะวันออกเฉียงเหนือ,7,ชาติไทยพัฒนา,200,0.23,20,88711
2562,pv_40_z_7,pv_40,ขอนแก่น,ภาคตะวันออกเฉียงเหนือ,7,ประชานิยม,187,0.21,21,88711
2562,pv_40_z_7,pv_40,ขอนแก่น,ภาคตะวันออกเฉียงเหนือ,7,รักษ์ผืนป่าประเทศไทย,156,0.18,22,88711
2562,pv_40_z_7,pv_40,ขอนแก่น,ภาคตะวันออกเฉียงเหนือ,7,ประชาธรรมไทย,147,0.17,23,88711
2562,pv_40_z_7,pv_40,ขอนแก่น,ภาคตะวันออกเฉียงเหนือ,7,ประชาธิปไตยใหม่,132,0.15,24,88711
2562,pv_40_z_7,pv_40,ขอนแก่น,ภาคตะวันออกเฉียงเหนือ,7,พลังท้องถิ่นไท,130,0.15,25,88711
2562,pv_40_z_7,pv_40,ขอนแก่น,ภาคตะวันออกเฉียงเหนือ,7,พลังไทสร้างชาติ,129,0.15,26,88711
2562,pv_40_z_7,pv_40,ขอนแก่น,ภาคตะวันออกเฉียงเหนือ,7,มหาชน,107,0.12,27,88711
2562,pv_40_z_7,pv_40,ขอนแก่น,ภาคตะวันออกเฉียงเหนือ,7,ประชาภิวัฒน์,106,0.12,28,88711
2562,pv_40_z_7,pv_40,ขอนแก่น,ภาคตะวันออกเฉียงเหนือ,7,ไทยศรีวิไลย์,106,0.12,29,88711
2562,pv_40_z_7,pv_40,ขอนแก่น,ภาคตะวันออกเฉียงเหนือ,7,ประชาชนปฏิรูป,72,0.08,30,88711
2562,pv_40_z_7,pv_40,ขอนแก่น,ภาคตะวันออกเฉียงเหนือ,7,แผ่นดินธรรม,69,0.08,31,88711
2562,pv_40_z_7,pv_40,ขอนแก่น,ภาคตะวันออกเฉียงเหนือ,7,ฐานรากไทย,65,0.07,32,88711
2562,pv_40_z_7,pv_40,ขอนแก่น,ภาคตะวันออกเฉียงเหนือ,7,เพื่อแผ่นดิน,55,0.06,33,88711
2562,pv_40_z_7,pv_40,ขอนแก่น,ภาคตะวันออกเฉียงเหนือ,7,แทนคุณแผ่นดิน,53,0.06,34,88711
2562,pv_40_z_7,pv_40,ขอนแก่น,ภาคตะวันออกเฉียงเหนือ,7,พลังชาติไทย,51,0.06,35,88711
2562,pv_40_z_7,pv_40,ขอนแก่น,ภาคตะวันออกเฉียงเหนือ,7,ผึ้งหลวง,42,0.05,36,88711
2562,pv_40_z_7,pv_40,ขอนแก่น,ภาคตะวันออกเฉียงเหนือ,7,ประชาธิปไตยเพื่อประชาชน,23,0.03,37,88711
2562,pv_40_z_7,pv_40,ขอนแก่น,ภาคตะวันออกเฉียงเหนือ,7,ภาคีเครือข่ายไทย,12,0.01,38,88711
2562,pv_40_z_8,pv_40,ขอนแก่น,ภาคตะวันออกเฉียงเหนือ,8,เพื่อไทย,53205,58.73,1,90594
2562,pv_40_z_8,pv_40,ขอนแก่น,ภาคตะวันออกเฉียงเหนือ,8,อนาคตใหม่,12266,13.54,2,90594
2562,pv_40_z_8,pv_40,ขอนแก่น,ภาคตะวันออกเฉียงเหนือ,8,พลังประชารัฐ,10984,12.12,3,90594
2562,pv_40_z_8,pv_40,ขอนแก่น,ภาคตะวันออกเฉียงเหนือ,8,ภูมิใจไทย,2133,2.35,4,90594
2562,pv_40_z_8,pv_40,ขอนแก่น,ภาคตะวันออกเฉียงเหนือ,8,เสรีรวมไทย,1408,1.55,5,90594
2562,pv_40_z_8,pv_40,ขอนแก่น,ภาคตะวันออกเฉียงเหนือ,8,พลเมืองไทย,1256,1.39,6,90594
2562,pv_40_z_8,pv_40,ขอนแก่น,ภาคตะวันออกเฉียงเหนือ,8,เพื่อชาติ,1036,1.14,7,90594
2562,pv_40_z_8,pv_40,ขอนแก่น,ภาคตะวันออกเฉียงเหนือ,8,ประชาธิปัตย์,1003,1.11,8,90594
2562,pv_40_z_8,pv_40,ขอนแก่น,ภาคตะวันออกเฉียงเหนือ,8,สยามพัฒนา,837,0.92,9,90594
2562,pv_40_z_8,pv_40,ขอนแก่น,ภาคตะวันออกเฉียงเหนือ,8,ครูไทยเพื่อประชาชน,827,0.91,10,90594
2562,pv_40_z_8,pv_40,ขอนแก่น,ภาคตะวันออกเฉียงเหนือ,8,มหาชน,720,0.79,11,90594
2562,pv_40_z_8,pv_40,ขอนแก่น,ภาคตะวันออกเฉียงเหนือ,8,พลังรัก,479,0.53,12,90594
2562,pv_40_z_8,pv_40,ขอนแก่น,ภาคตะวันออกเฉียงเหนือ,8,เศรษฐกิจใหม่,478,0.53,13,90594
2562,pv_40_z_8,pv_40,ขอนแก่น,ภาคตะวันออกเฉียงเหนือ,8,ชาติไทยพัฒนา,444,0.49,14,90594
2562,pv_40_z_8,pv_40,ขอนแก่น,ภาคตะวันออกเฉียงเหนือ,8,รักษ์ผืนป่าประเทศไทย,368,0.41,15,90594
2562,pv_40_z_8,pv_40,ขอนแก่น,ภาคตะวันออกเฉียงเหนือ,8,พลังท้องถิ่นไท,288,0.32,16,90594
2562,pv_40_z_8,pv_40,ขอนแก่น,ภาคตะวันออกเฉียงเหนือ,8,พลังชาติไทย,270,0.30,17,90594
2562,pv_40_z_8,pv_40,ขอนแก่น,ภาคตะวันออกเฉียงเหนือ,8,พลังธรรมใหม่,233,0.26,18,90594
2562,pv_40_z_8,pv_40,ขอนแก่น,ภาคตะวันออกเฉียงเหนือ,8,พลังไทยรักไทย,184,0.20,19,90594
2562,pv_40_z_8,pv_40,ขอนแก่น,ภาคตะวันออกเฉียงเหนือ,8,ทางเลือกใหม่,179,0.20,20,90594
2562,pv_40_z_8,pv_40,ขอนแก่น,ภาคตะวันออกเฉียงเหนือ,8,ชาติพัฒนา,177,0.20,21,90594
2562,pv_40_z_8,pv_40,ขอนแก่น,ภาคตะวันออกเฉียงเหนือ,8,กลาง,172,0.19,22,90594
2562,pv_40_z_8,pv_40,ขอนแก่น,ภาคตะวันออกเฉียงเหนือ,8,ไทยศรีวิไลย์,160,0.18,23,90594
2562,pv_40_z_8,pv_40,ขอนแก่น,ภาคตะวันออกเฉียงเหนือ,8,ภาคีเครือข่ายไทย,146,0.16,24,90594
2562,pv_40_z_8,pv_40,ขอนแก่น,ภาคตะวันออกเฉียงเหนือ,8,รวมพลังประชาชาติไทย,137,0.15,25,90594
2562,pv_40_z_8,pv_40,ขอนแก่น,ภาคตะวันออกเฉียงเหนือ,8,ประชาธิปไตยเพื่อประชาชน,122,0.13,26,90594
2562,pv_40_z_8,pv_40,ขอนแก่น,ภาคตะวันออกเฉียงเหนือ,8,ประชาชาติ,119,0.13,27,90594
2562,pv_40_z_8,pv_40,ขอนแก่น,ภาคตะวันออกเฉียงเหนือ,8,พลังครูไทย,113,0.12,28,90594
2562,pv_40_z_8,pv_40,ขอนแก่น,ภาคตะวันออกเฉียงเหนือ,8,เครือข่ายชาวนาแห่งประเทศไทย,108,0.12,29,90594
2562,pv_40_z_8,pv_40,ขอนแก่น,ภาคตะวันออกเฉียงเหนือ,8,ประชาชนปฏิรูป,103,0.11,30,90594
2562,pv_40_z_8,pv_40,ขอนแก่น,ภาคตะวันออกเฉียงเหนือ,8,พลังไทสร้างชาติ,94,0.10,31,90594
2562,pv_40_z_8,pv_40,ขอนแก่น,ภาคตะวันออกเฉียงเหนือ,8,เพื่อไทยพัฒนา,92,0.10,32,90594
2562,pv_40_z_8,pv_40,ขอนแก่น,ภาคตะวันออกเฉียงเหนือ,8,พลังปวงชนไทย,88,0.10,33,90594
2562,pv_40_z_8,pv_40,ขอนแก่น,ภาคตะวันออกเฉียงเหนือ,8,ประชานิยม,84,0.09,34,90594
2562,pv_40_z_8,pv_40,ขอนแก่น,ภาคตะวันออกเฉียงเหนือ,8,ประชาภิวัฒน์,75,0.08,35,90594
2562,pv_40_z_8,pv_40,ขอนแก่น,ภาคตะวันออกเฉียงเหนือ,8,แผ่นดินธรรม,66,0.07,36,90594
2562,pv_40_z_8,pv_40,ขอนแก่น,ภาคตะวันออกเฉียงเหนือ,8,เพื่อแผ่นดิน,55,0.06,37,90594
2562,pv_40_z_8,pv_40,ขอนแก่น,ภาคตะวันออกเฉียงเหนือ,8,แทนคุณแผ่นดิน,33,0.04,38,90594
2562,pv_40_z_8,pv_40,ขอนแก่น,ภาคตะวันออกเฉียงเหนือ,8,ไทรักธรรม,33,0.04,39,90594
2562,pv_40_z_8,pv_40,ขอนแก่น,ภาคตะวันออกเฉียงเหนือ,8,ฐานรากไทย,19,0.02,40,90594
2562,pv_40_z_9,pv_40,ขอนแก่น,ภาคตะวันออกเฉียงเหนือ,9,เพื่อไทย,51843,59.41,1,87268
2562,pv_40_z_9,pv_40,ขอนแก่น,ภาคตะวันออกเฉียงเหนือ,9,พลังประชารัฐ,11214,12.85,2,87268
2562,pv_40_z_9,pv_40,ขอนแก่น,ภาคตะวันออกเฉียงเหนือ,9,อนาคตใหม่,8633,9.89,3,87268
2562,pv_40_z_9,pv_40,ขอนแก่น,ภาคตะวันออกเฉียงเหนือ,9,ภูมิใจไทย,4576,5.24,4,87268
2562,pv_40_z_9,pv_40,ขอนแก่น,ภาคตะวันออกเฉียงเหนือ,9,ประชาธรรมไทย,2550,2.92,5,87268
2562,pv_40_z_9,pv_40,ขอนแก่น,ภาคตะวันออกเฉียงเหนือ,9,เสรีรวมไทย,1057,1.21,6,87268
2562,pv_40_z_9,pv_40,ขอนแก่น,ภาคตะวันออกเฉียงเหนือ,9,พลังไทสร้างชาติ,837,0.96,7,87268
2562,pv_40_z_9,pv_40,ขอนแก่น,ภาคตะวันออกเฉียงเหนือ,9,ประชาชาติ,786,0.90,8,87268
2562,pv_40_z_9,pv_40,ขอนแก่น,ภาคตะวันออกเฉียงเหนือ,9,เศรษฐกิจใหม่,777,0.89,9,87268
2562,pv_40_z_9,pv_40,ขอนแก่น,ภาคตะวันออกเฉียงเหนือ,9,ประชาธิปัตย์,728,0.83,10,87268
2562,pv_40_z_9,pv_40,ขอนแก่น,ภาคตะวันออกเฉียงเหนือ,9,รวมพลังประชาชาติไทย,534,0.61,11,87268
2562,pv_40_z_9,pv_40,ขอนแก่น,ภาคตะวันออกเฉียงเหนือ,9,พลังปวงชนไทย,374,0.43,12,87268
2562,pv_40_z_9,pv_40,ขอนแก่น,ภาคตะวันออกเฉียงเหนือ,9,รักษ์ผืนป่าประเทศไทย,334,0.38,13,87268
2562,pv_40_z_9,pv_40,ขอนแก่น,ภาคตะวันออกเฉียงเหนือ,9,ชาติไทยพัฒนา,303,0.35,14,87268
2562,pv_40_z_9,pv_40,ขอนแก่น,ภาคตะวันออกเฉียงเหนือ,9,เพื่อไทยพัฒนา,298,0.34,15,87268
2562,pv_40_z_9,pv_40,ขอนแก่น,ภาคตะวันออกเฉียงเหนือ,9,พลังท้องถิ่นไท,250,0.29,16,87268
2562,pv_40_z_9,pv_40,ขอนแก่น,ภาคตะวันออกเฉียงเหนือ,9,สยามพัฒนา,250,0.29,17,87268
2562,pv_40_z_9,pv_40,ขอนแก่น,ภาคตะวันออกเฉียงเหนือ,9,พลังศรัทธา,247,0.28,18,87268
2562,pv_40_z_9,pv_40,ขอนแก่น,ภาคตะวันออกเฉียงเหนือ,9,ครูไทยเพื่อประชาชน,208,0.24,19,87268
2562,pv_40_z_9,pv_40,ขอนแก่น,ภาคตะวันออกเฉียงเหนือ,9,ไทยศรีวิไลย์,150,0.17,20,87268
2562,pv_40_z_9,pv_40,ขอนแก่น,ภาคตะวันออกเฉียงเหนือ,9,ทางเลือกใหม่,130,0.15,21,87268
2562,pv_40_z_9,pv_40,ขอนแก่น,ภาคตะวันออกเฉียงเหนือ,9,เพื่อแผ่นดิน,117,0.13,22,87268
2562,pv_40_z_9,pv_40,ขอนแก่น,ภาคตะวันออกเฉียงเหนือ,9,ประชาภิวัฒน์,98,0.11,23,87268
2562,pv_40_z_9,pv_40,ขอนแก่น,ภาคตะวันออกเฉียงเหนือ,9,พลังไทยรักไทย,88,0.10,24,87268
2562,pv_40_z_9,pv_40,ขอนแก่น,ภาคตะวันออกเฉียงเหนือ,9,กลาง,83,0.10,25,87268
2562,pv_40_z_9,pv_40,ขอนแก่น,ภาคตะวันออกเฉียงเหนือ,9,แทนคุณแผ่นดิน,81,0.09,26,87268
2562,pv_40_z_9,pv_40,ขอนแก่น,ภาคตะวันออกเฉียงเหนือ,9,พลังชาติไทย,76,0.09,27,87268
2562,pv_40_z_9,pv_40,ขอนแก่น,ภาคตะวันออกเฉียงเหนือ,9,เพื่อชาติ,70,0.08,28,87268
2562,pv_40_z_9,pv_40,ขอนแก่น,ภาคตะวันออกเฉียงเหนือ,9,ภาคีเครือข่ายไทย,70,0.08,29,87268
2562,pv_40_z_9,pv_40,ขอนแก่น,ภาคตะวันออกเฉียงเหนือ,9,ประชาธิปไตยเพื่อประชาชน,68,0.08,30,87268
2562,pv_40_z_9,pv_40,ขอนแก่น,ภาคตะวันออกเฉียงเหนือ,9,ฐานรากไทย,66,0.08,31,87268
2562,pv_40_z_9,pv_40,ขอนแก่น,ภาคตะวันออกเฉียงเหนือ,9,พลังธรรมใหม่,63,0.07,32,87268
2562,pv_40_z_9,pv_40,ขอนแก่น,ภาคตะวันออกเฉียงเหนือ,9,พลเมืองไทย,56,0.06,33,87268
2562,pv_40_z_9,pv_40,ขอนแก่น,ภาคตะวันออกเฉียงเหนือ,9,ประชานิยม,55,0.06,34,87268
2562,pv_40_z_9,pv_40,ขอนแก่น,ภาคตะวันออกเฉียงเหนือ,9,ผึ้งหลวง,43,0.05,35,87268
2562,pv_40_z_9,pv_40,ขอนแก่น,ภาคตะวันออกเฉียงเหนือ,9,รวมใจไทย,41,0.05,36,87268
2562,pv_40_z_9,pv_40,ขอนแก่น,ภาคตะวันออกเฉียงเหนือ,9,ประชาชนปฏิรูป,28,0.03,37,87268
2562,pv_40_z_9,pv_40,ขอนแก่น,ภาคตะวันออกเฉียงเหนือ,9,มหาชน,27,0.03,38,87268
2562,pv_40_z_9,pv_40,ขอนแก่น,ภาคตะวันออกเฉียงเหนือ,9,แผ่นดินธรรม,25,0.03,39,87268
2562,pv_40_z_9,pv_40,ขอนแก่น,ภาคตะวันออกเฉียงเหนือ,9,ประชาธิปไตยใหม่,20,0.02,40,87268
2562,pv_40_z_9,pv_40,ขอนแก่น,ภาคตะวันออกเฉียงเหนือ,9,ไทรักธรรม,14,0.02,41,87268
2562,pv_40_z_10,pv_40,ขอนแก่น,ภาคตะวันออกเฉียงเหนือ,10,เพื่อไทย,30111,33.24,1,90583
2562,pv_40_z_10,pv_40,ขอนแก่น,ภาคตะวันออกเฉียงเหนือ,10,ภูมิใจไทย,19997,22.08,2,90583
2562,pv_40_z_10,pv_40,ขอนแก่น,ภาคตะวันออกเฉียงเหนือ,10,พลังประชารัฐ,14439,15.94,3,90583
2562,pv_40_z_10,pv_40,ขอนแก่น,ภาคตะวันออกเฉียงเหนือ,10,อนาคตใหม่,9588,10.58,4,90583
2562,pv_40_z_10,pv_40,ขอนแก่น,ภาคตะวันออกเฉียงเหนือ,10,พลังท้องถิ่นไท,7936,8.76,5,90583
2562,pv_40_z_10,pv_40,ขอนแก่น,ภาคตะวันออกเฉียงเหนือ,10,เพื่อชาติ,3100,3.42,6,90583
2562,pv_40_z_10,pv_40,ขอนแก่น,ภาคตะวันออกเฉียงเหนือ,10,ประชาธิปัตย์,791,0.87,7,90583
2562,pv_40_z_10,pv_40,ขอนแก่น,ภาคตะวันออกเฉียงเหนือ,10,เสรีรวมไทย,744,0.82,8,90583
2562,pv_40_z_10,pv_40,ขอนแก่น,ภาคตะวันออกเฉียงเหนือ,10,เศรษฐกิจใหม่,528,0.58,9,90583
2562,pv_40_z_10,pv_40,ขอนแก่น,ภาคตะวันออกเฉียงเหนือ,10,ชาติไทยพัฒนา,385,0.43,10,90583
2562,pv_40_z_10,pv_40,ขอนแก่น,ภาคตะวันออกเฉียงเหนือ,10,พลเมืองไทย,327,0.36,11,90583
2562,pv_40_z_10,pv_40,ขอนแก่น,ภาคตะวันออกเฉียงเหนือ,10,ประชากรไทย,306,0.34,12,90583
2562,pv_40_z_10,pv_40,ขอนแก่น,ภาคตะวันออกเฉียงเหนือ,10,พลังปวงชนไทย,257,0.28,13,90583
2562,pv_40_z_10,pv_40,ขอนแก่น,ภาคตะวันออกเฉียงเหนือ,10,มหาชน,230,0.25,14,90583
2562,pv_40_z_10,pv_40,ขอนแก่น,ภาคตะวันออกเฉียงเหนือ,10,เครือข่ายชาวนาแห่งประเทศไทย,186,0.21,15,90583
2562,pv_40_z_10,pv_40,ขอนแก่น,ภาคตะวันออกเฉียงเหนือ,10,ประชาชาติ,160,0.18,16,90583
2562,pv_40_z_10,pv_40,ขอนแก่น,ภาคตะวันออกเฉียงเหนือ,10,รวมพลังประชาชาติไทย,129,0.14,17,90583
2562,pv_40_z_10,pv_40,ขอนแก่น,ภาคตะวันออกเฉียงเหนือ,10,ครูไทยเพื่อประชาชน,129,0.14,18,90583
2562,pv_40_z_10,pv_40,ขอนแก่น,ภาคตะวันออกเฉียงเหนือ,10,ประชาธิปไตยใหม่,123,0.14,19,90583
2562,pv_40_z_10,pv_40,ขอนแก่น,ภาคตะวันออกเฉียงเหนือ,10,พลังไทยรักไทย,121,0.13,20,90583
2562,pv_40_z_10,pv_40,ขอนแก่น,ภาคตะวันออกเฉียงเหนือ,10,ประชาภิวัฒน์,113,0.12,21,90583
2562,pv_40_z_10,pv_40,ขอนแก่น,ภาคตะวันออกเฉียงเหนือ,10,รักษ์ผืนป่าประเทศไทย,97,0.11,22,90583
2562,pv_40_z_10,pv_40,ขอนแก่น,ภาคตะวันออกเฉียงเหนือ,10,ไทยศรีวิไลย์,87,0.10,23,90583
2562,pv_40_z_10,pv_40,ขอนแก่น,ภาคตะวันออกเฉียงเหนือ,10,พลังชาติไทย,77,0.09,24,90583
2562,pv_40_z_10,pv_40,ขอนแก่น,ภาคตะวันออกเฉียงเหนือ,10,ชาติพัฒนา,75,0.08,25,90583
2562,pv_40_z_10,pv_40,ขอนแก่น,ภาคตะวันออกเฉียงเหนือ,10,พลังประชาธิปไตย,57,0.06,26,90583
2562,pv_40_z_10,pv_40,ขอนแก่น,ภาคตะวันออกเฉียงเหนือ,10,รวมใจไทย,50,0.06,27,90583
2562,pv_40_z_10,pv_40,ขอนแก่น,ภาคตะวันออกเฉียงเหนือ,10,พลังธรรมใหม่,48,0.05,28,90583
2562,pv_40_z_10,pv_40,ขอนแก่น,ภาคตะวันออกเฉียงเหนือ,10,ประชาธรรมไทย,47,0.05,29,90583
2562,pv_40_z_10,pv_40,ขอนแก่น,ภาคตะวันออกเฉียงเหนือ,10,เพื่อไทยพัฒนา,39,0.04,30,90583
2562,pv_40_z_10,pv_40,ขอนแก่น,ภาคตะวันออกเฉียงเหนือ,10,ประชาชนปฏิรูป,39,0.04,31,90583
2562,pv_40_z_10,pv_40,ขอนแก่น,ภาคตะวันออกเฉียงเหนือ,10,พลังครูไทย,39,0.04,32,90583
2562,pv_40_z_10,pv_40,ขอนแก่น,ภาคตะวันออกเฉียงเหนือ,10,ประชานิยม,35,0.04,33,90583
2562,pv_40_z_10,pv_40,ขอนแก่น,ภาคตะวันออกเฉียงเหนือ,10,ฐานรากไทย,33,0.04,34,90583
2562,pv_40_z_10,pv_40,ขอนแก่น,ภาคตะวันออกเฉียงเหนือ,10,แทนคุณแผ่นดิน,32,0.04,35,90583
2562,pv_40_z_10,pv_40,ขอนแก่น,ภาคตะวันออกเฉียงเหนือ,10,ประชาธิปไตยเพื่อประชาชน,28,0.03,36,90583
2562,pv_40_z_10,pv_40,ขอนแก่น,ภาคตะวันออกเฉียงเหนือ,10,เพื่อแผ่นดิน,22,0.02,37,90583
2562,pv_40_z_10,pv_40,ขอนแก่น,ภาคตะวันออกเฉียงเหนือ,10,พลังรัก,20,0.02,38,90583
2562,pv_40_z_10,pv_40,ขอนแก่น,ภาคตะวันออกเฉียงเหนือ,10,ภาคีเครือข่ายไทย,16,0.02,39,90583
2562,pv_40_z_10,pv_40,ขอนแก่น,ภาคตะวันออกเฉียงเหนือ,10,ไทรักธรรม,15,0.02,40,90583
2562,pv_40_z_10,pv_40,ขอนแก่น,ภาคตะวันออกเฉียงเหนือ,10,แผ่นดินธรรม,14,0.02,41,90583
2562,pv_40_z_10,pv_40,ขอนแก่น,ภาคตะวันออกเฉียงเหนือ,10,พลังไทสร้างชาติ,13,0.01,42,90583
2562,pv_22_z_1,pv_22,จันทบุรี,ภาคตะวันออก,1,อนาคตใหม่,26805,29.37,1,91268
2562,pv_22_z_1,pv_22,จันทบุรี,ภาคตะวันออก,1,พลังประชารัฐ,25661,28.12,2,91268
2562,pv_22_z_1,pv_22,จันทบุรี,ภาคตะวันออก,1,ภูมิใจไทย,14692,16.10,3,91268
2562,pv_22_z_1,pv_22,จันทบุรี,ภาคตะวันออก,1,ประชาธิปัตย์,12589,13.79,4,91268
2562,pv_22_z_1,pv_22,จันทบุรี,ภาคตะวันออก,1,เสรีรวมไทย,4360,4.78,5,91268
2562,pv_22_z_1,pv_22,จันทบุรี,ภาคตะวันออก,1,เศรษฐกิจใหม่,1911,2.09,6,91268
2562,pv_22_z_1,pv_22,จันทบุรี,ภาคตะวันออก,1,เพื่อชาติ,1104,1.21,7,91268
2562,pv_22_z_1,pv_22,จันทบุรี,ภาคตะวันออก,1,รวมพลังประชาชาติไทย,575,0.63,8,91268
2562,pv_22_z_1,pv_22,จันทบุรี,ภาคตะวันออก,1,รักษ์ผืนป่าประเทศไทย,455,0.50,9,91268
2562,pv_22_z_1,pv_22,จันทบุรี,ภาคตะวันออก,1,ชาติไทยพัฒนา,369,0.40,10,91268
2562,pv_22_z_1,pv_22,จันทบุรี,ภาคตะวันออก,1,ครูไทยเพื่อประชาชน,364,0.40,11,91268
2562,pv_22_z_1,pv_22,จันทบุรี,ภาคตะวันออก,1,พลังท้องถิ่นไท,356,0.39,12,91268
2562,pv_22_z_1,pv_22,จันทบุรี,ภาคตะวันออก,1,รวมใจไทย,304,0.33,13,91268
2562,pv_22_z_1,pv_22,จันทบุรี,ภาคตะวันออก,1,ประชาธรรมไทย,300,0.33,14,91268
2562,pv_22_z_1,pv_22,จันทบุรี,ภาคตะวันออก,1,ประชาธิปไตยใหม่,284,0.31,15,91268
2562,pv_22_z_1,pv_22,จันทบุรี,ภาคตะวันออก,1,ไทยศรีวิไลย์,249,0.27,16,91268
2562,pv_22_z_1,pv_22,จันทบุรี,ภาคตะวันออก,1,ชาติพันธุ์ไทย,183,0.20,17,91268
2562,pv_22_z_1,pv_22,จันทบุรี,ภาคตะวันออก,1,พลเมืองไทย,181,0.20,18,91268
2562,pv_22_z_1,pv_22,จันทบุรี,ภาคตะวันออก,1,ประชาภิวัฒน์,96,0.11,19,91268
2562,pv_22_z_1,pv_22,จันทบุรี,ภาคตะวันออก,1,เครือข่ายชาวนาแห่งประเทศไทย,85,0.09,20,91268
2562,pv_22_z_1,pv_22,จันทบุรี,ภาคตะวันออก,1,กรีน,76,0.08,21,91268
2562,pv_22_z_1,pv_22,จันทบุรี,ภาคตะวันออก,1,ประชาชนปฏิรูป,65,0.07,22,91268
2562,pv_22_z_1,pv_22,จันทบุรี,ภาคตะวันออก,1,พลังชาติไทย,57,0.06,23,91268
2562,pv_22_z_1,pv_22,จันทบุรี,ภาคตะวันออก,1,ไทรักธรรม,52,0.06,24,91268
2562,pv_22_z_1,pv_22,จันทบุรี,ภาคตะวันออก,1,พลังไทยดี,50,0.05,25,91268
2562,pv_22_z_1,pv_22,จันทบุรี,ภาคตะวันออก,1,ประชานิยม,45,0.05,26,91268
2562,pv_22_z_1,pv_22,จันทบุรี,ภาคตะวันออก,1,ไทยรักษาชาติ,0,0.00,27,91268
2562,pv_22_z_2,pv_22,จันทบุรี,ภาคตะวันออก,2,อนาคตใหม่,28750,30.00,1,95834
2562,pv_22_z_2,pv_22,จันทบุรี,ภาคตะวันออก,2,พลังประชารัฐ,27766,28.97,2,95834
2562,pv_22_z_2,pv_22,จันทบุรี,ภาคตะวันออก,2,ประชาธิปัตย์,19711,20.57,3,95834
2562,pv_22_z_2,pv_22,จันทบุรี,ภาคตะวันออก,2,เสรีรวมไทย,7071,7.38,4,95834
2562,pv_22_z_2,pv_22,จันทบุรี,ภาคตะวันออก,2,ภูมิใจไทย,2216,2.31,5,95834
2562,pv_22_z_2,pv_22,จันทบุรี,ภาคตะวันออก,2,ชาติไทยพัฒนา,2044,2.13,6,95834
2562,pv_22_z_2,pv_22,จันทบุรี,ภาคตะวันออก,2,เศรษฐกิจใหม่,1265,1.32,7,95834
2562,pv_22_z_2,pv_22,จันทบุรี,ภาคตะวันออก,2,รวมพลังประชาชาติไทย,920,0.96,8,95834
2562,pv_22_z_2,pv_22,จันทบุรี,ภาคตะวันออก,2,เพื่อชาติ,747,0.78,9,95834
2562,pv_22_z_2,pv_22,จันทบุรี,ภาคตะวันออก,2,ชาติพันธุ์ไทย,621,0.65,10,95834
2562,pv_22_z_2,pv_22,จันทบุรี,ภาคตะวันออก,2,พลังชาติไทย,532,0.56,11,95834
2562,pv_22_z_2,pv_22,จันทบุรี,ภาคตะวันออก,2,ประชาธิปไตยใหม่,469,0.49,12,95834
2562,pv_22_z_2,pv_22,จันทบุรี,ภาคตะวันออก,2,เครือข่ายชาวนาแห่งประเทศไทย,441,0.46,13,95834
2562,pv_22_z_2,pv_22,จันทบุรี,ภาคตะวันออก,2,ไทยศรีวิไลย์,395,0.41,14,95834
2562,pv_22_z_2,pv_22,จันทบุรี,ภาคตะวันออก,2,ประชาธรรมไทย,372,0.39,15,95834
2562,pv_22_z_2,pv_22,จันทบุรี,ภาคตะวันออก,2,รักษ์ผืนป่าประเทศไทย,370,0.39,16,95834
2562,pv_22_z_2,pv_22,จันทบุรี,ภาคตะวันออก,2,พลังท้องถิ่นไท,364,0.38,17,95834
2562,pv_22_z_2,pv_22,จันทบุรี,ภาคตะวันออก,2,ฐานรากไทย,328,0.34,18,95834
2562,pv_22_z_2,pv_22,จันทบุรี,ภาคตะวันออก,2,ประชาชนปฏิรูป,271,0.28,19,95834
2562,pv_22_z_2,pv_22,จันทบุรี,ภาคตะวันออก,2,ประชาภิวัฒน์,234,0.24,20,95834
2562,pv_22_z_2,pv_22,จันทบุรี,ภาคตะวันออก,2,พลังไทยดี,217,0.23,21,95834
2562,pv_22_z_2,pv_22,จันทบุรี,ภาคตะวันออก,2,ทางเลือกใหม่,202,0.21,22,95834
2562,pv_22_z_2,pv_22,จันทบุรี,ภาคตะวันออก,2,ไทรักธรรม,172,0.18,23,95834
2562,pv_22_z_2,pv_22,จันทบุรี,ภาคตะวันออก,2,ครูไทยเพื่อประชาชน,154,0.16,24,95834
2562,pv_22_z_2,pv_22,จันทบุรี,ภาคตะวันออก,2,ประชานิยม,104,0.11,25,95834
2562,pv_22_z_2,pv_22,จันทบุรี,ภาคตะวันออก,2,กรีน,98,0.10,26,95834
2562,pv_22_z_2,pv_22,จันทบุรี,ภาคตะวันออก,2,ไทยรักษาชาติ,0,0.00,27,95834
2562,pv_22_z_3,pv_22,จันทบุรี,ภาคตะวันออก,3,อนาคตใหม่,32687,31.19,1,104785
2562,pv_22_z_3,pv_22,จันทบุรี,ภาคตะวันออก,3,พลังประชารัฐ,26892,25.66,2,104785
2562,pv_22_z_3,pv_22,จันทบุรี,ภาคตะวันออก,3,ประชาธิปัตย์,16023,15.29,3,104785
2562,pv_22_z_3,pv_22,จันทบุรี,ภาคตะวันออก,3,ภูมิใจไทย,9879,9.43,4,104785
2562,pv_22_z_3,pv_22,จันทบุรี,ภาคตะวันออก,3,เสรีรวมไทย,6310,6.02,5,104785
2562,pv_22_z_3,pv_22,จันทบุรี,ภาคตะวันออก,3,เพื่อชาติ,4106,3.92,6,104785
2562,pv_22_z_3,pv_22,จันทบุรี,ภาคตะวันออก,3,ชาติไทยพัฒนา,2288,2.18,7,104785
2562,pv_22_z_3,pv_22,จันทบุรี,ภาคตะวันออก,3,เศรษฐกิจใหม่,1149,1.10,8,104785
2562,pv_22_z_3,pv_22,จันทบุรี,ภาคตะวันออก,3,รวมพลังประชาชาติไทย,711,0.68,9,104785
2562,pv_22_z_3,pv_22,จันทบุรี,ภาคตะวันออก,3,ประชานิยม,566,0.54,10,104785
2562,pv_22_z_3,pv_22,จันทบุรี,ภาคตะวันออก,3,ประชาภิวัฒน์,515,0.49,11,104785
2562,pv_22_z_3,pv_22,จันทบุรี,ภาคตะวันออก,3,รักษ์ผืนป่าประเทศไทย,498,0.48,12,104785
2562,pv_22_z_3,pv_22,จันทบุรี,ภาคตะวันออก,3,ไทยศรีวิไลย์,425,0.41,13,104785
2562,pv_22_z_3,pv_22,จันทบุรี,ภาคตะวันออก,3,ประชาธรรมไทย,307,0.29,14,104785
2562,pv_22_z_3,pv_22,จันทบุรี,ภาคตะวันออก,3,ประชาธิปไตยใหม่,306,0.29,15,104785
2562,pv_22_z_3,pv_22,จันทบุรี,ภาคตะวันออก,3,พลังชาติไทย,252,0.24,16,104785
2562,pv_22_z_3,pv_22,จันทบุรี,ภาคตะวันออก,3,ประชาชนปฏิรูป,252,0.24,17,104785
2562,pv_22_z_3,pv_22,จันทบุรี,ภาคตะวันออก,3,พลังท้องถิ่นไท,247,0.24,18,104785
2562,pv_22_z_3,pv_22,จันทบุรี,ภาคตะวันออก,3,เพื่อแผ่นดิน,240,0.23,19,104785
2562,pv_22_z_3,pv_22,จันทบุรี,ภาคตะวันออก,3,ทางเลือกใหม่,227,0.22,20,104785
2562,pv_22_z_3,pv_22,จันทบุรี,ภาคตะวันออก,3,ภาคีเครือข่ายไทย,210,0.20,21,104785
2562,pv_22_z_3,pv_22,จันทบุรี,ภาคตะวันออก,3,ฐานรากไทย,156,0.15,22,104785
2562,pv_22_z_3,pv_22,จันทบุรี,ภาคตะวันออก,3,กรีน,148,0.14,23,104785
2562,pv_22_z_3,pv_22,จันทบุรี,ภาคตะวันออก,3,ครูไทยเพื่อประชาชน,141,0.13,24,104785
2562,pv_22_z_3,pv_22,จันทบุรี,ภาคตะวันออก,3,ไทรักธรรม,119,0.11,25,104785
2562,pv_22_z_3,pv_22,จันทบุรี,ภาคตะวันออก,3,เครือข่ายชาวนาแห่งประเทศไทย,73,0.07,26,104785
2562,pv_22_z_3,pv_22,จันทบุรี,ภาคตะวันออก,3,พลังไทยดี,58,0.06,27,104785
2562,pv_22_z_3,pv_22,จันทบุรี,ภาคตะวันออก,3,ไทยรักษาชาติ,0,0.00,28,104785
2562,pv_22_z_3,pv_22,จันทบุรี,ภาคตะวันออก,3,พลังประชาธิปไตย,0,0.00,29,104785
2562,pv_24_z_1,pv_24,ฉะเชิงเทรา,ภาคตะวันออก,1,อนาคตใหม่,35045,33.63,1,104217
2562,pv_24_z_1,pv_24,ฉะเชิงเทรา,ภาคตะวันออก,1,พลังประชารัฐ,30116,28.90,2,104217
2562,pv_24_z_1,pv_24,ฉะเชิงเทรา,ภาคตะวันออก,1,ภูมิใจไทย,22761,21.84,3,104217
2562,pv_24_z_1,pv_24,ฉะเชิงเทรา,ภาคตะวันออก,1,ประชาธิปัตย์,9100,8.73,4,104217
2562,pv_24_z_1,pv_24,ฉะเชิงเทรา,ภาคตะวันออก,1,เสรีรวมไทย,2741,2.63,5,104217
2562,pv_24_z_1,pv_24,ฉะเชิงเทรา,ภาคตะวันออก,1,เศรษฐกิจใหม่,2109,2.02,6,104217
2562,pv_24_z_1,pv_24,ฉะเชิงเทรา,ภาคตะวันออก,1,พลังท้องถิ่นไท,416,0.40,7,104217
2562,pv_24_z_1,pv_24,ฉะเชิงเทรา,ภาคตะวันออก,1,รวมพลังประชาชาติไทย,348,0.33,8,104217
2562,pv_24_z_1,pv_24,ฉะเชิงเทรา,ภาคตะวันออก,1,รักษ์ผืนป่าประเทศไทย,323,0.31,9,104217
2562,pv_24_z_1,pv_24,ฉะเชิงเทรา,ภาคตะวันออก,1,ประชานิยม,249,0.24,10,104217
2562,pv_24_z_1,pv_24,ฉะเชิงเทรา,ภาคตะวันออก,1,เครือข่ายชาวนาแห่งประเทศไทย,234,0.22,11,104217
2562,pv_24_z_1,pv_24,ฉะเชิงเทรา,ภาคตะวันออก,1,ประชาภิวัฒน์,154,0.15,12,104217
2562,pv_24_z_1,pv_24,ฉะเชิงเทรา,ภาคตะวันออก,1,ไทรักธรรม,117,0.11,13,104217
2562,pv_24_z_1,pv_24,ฉะเชิงเทรา,ภาคตะวันออก,1,แทนคุณแผ่นดิน,105,0.10,14,104217
2562,pv_24_z_1,pv_24,ฉะเชิงเทรา,ภาคตะวันออก,1,ประชาธิปไตยใหม่,103,0.10,15,104217
2562,pv_24_z_1,pv_24,ฉะเชิงเทรา,ภาคตะวันออก,1,สังคมประชาธิปไตยไทย,100,0.10,16,104217
2562,pv_24_z_1,pv_24,ฉะเชิงเทรา,ภาคตะวันออก,1,ประชาชนปฏิรูป,94,0.09,17,104217
2562,pv_24_z_1,pv_24,ฉะเชิงเทรา,ภาคตะวันออก,1,พลังชาติไทย,58,0.06,18,104217
2562,pv_24_z_1,pv_24,ฉะเชิงเทรา,ภาคตะวันออก,1,มหาชน,44,0.04,19,104217
2562,pv_24_z_1,pv_24,ฉะเชิงเทรา,ภาคตะวันออก,1,เพื่อนไทย,0,0.00,20,104217
2562,pv_24_z_1,pv_24,ฉะเชิงเทรา,ภาคตะวันออก,1,ไทยรักษาชาติ,0,0.00,21,104217
2562,pv_24_z_2,pv_24,ฉะเชิงเทรา,ภาคตะวันออก,2,พลังประชารัฐ,44500,43.11,1,103213
2562,pv_24_z_2,pv_24,ฉะเชิงเทรา,ภาคตะวันออก,2,เพื่อไทย,34926,33.84,2,103213
2562,pv_24_z_2,pv_24,ฉะเชิงเทรา,ภาคตะวันออก,2,อนาคตใหม่,12103,11.73,3,103213
2562,pv_24_z_2,pv_24,ฉะเชิงเทรา,ภาคตะวันออก,2,ประชาธิปัตย์,5769,5.59,4,103213
2562,pv_24_z_2,pv_24,ฉะเชิงเทรา,ภาคตะวันออก,2,เสรีรวมไทย,1560,1.51,5,103213
2562,pv_24_z_2,pv_24,ฉะเชิงเทรา,ภาคตะวันออก,2,เศรษฐกิจใหม่,1078,1.04,6,103213
2562,pv_24_z_2,pv_24,ฉะเชิงเทรา,ภาคตะวันออก,2,ภูมิใจไทย,570,0.55,7,103213
2562,pv_24_z_2,pv_24,ฉะเชิงเทรา,ภาคตะวันออก,2,ไทยธรรม,557,0.54,8,103213
2562,pv_24_z_2,pv_24,ฉะเชิงเทรา,ภาคตะวันออก,2,รักษ์ผืนป่าประเทศไทย,255,0.25,9,103213
2562,pv_24_z_2,pv_24,ฉะเชิงเทรา,ภาคตะวันออก,2,กรีน,239,0.23,10,103213
2562,pv_24_z_2,pv_24,ฉะเชิงเทรา,ภาคตะวันออก,2,พลังท้องถิ่นไท,208,0.20,11,103213
2562,pv_24_z_2,pv_24,ฉะเชิงเทรา,ภาคตะวันออก,2,ชาติไทยพัฒนา,185,0.18,12,103213
2562,pv_24_z_2,pv_24,ฉะเชิงเทรา,ภาคตะวันออก,2,เครือข่ายชาวนาแห่งประเทศไทย,173,0.17,13,103213
2562,pv_24_z_2,pv_24,ฉะเชิงเทรา,ภาคตะวันออก,2,แทนคุณแผ่นดิน,167,0.16,14,103213
2562,pv_24_z_2,pv_24,ฉะเชิงเทรา,ภาคตะวันออก,2,รวมพลังประชาชาติไทย,160,0.16,15,103213
2562,pv_24_z_2,pv_24,ฉะเชิงเทรา,ภาคตะวันออก,2,พลเมืองไทย,144,0.14,16,103213
2562,pv_24_z_2,pv_24,ฉะเชิงเทรา,ภาคตะวันออก,2,ประชาภิวัฒน์,113,0.11,17,103213
2562,pv_24_z_2,pv_24,ฉะเชิงเทรา,ภาคตะวันออก,2,ประชาชนปฏิรูป,101,0.10,18,103213
2562,pv_24_z_2,pv_24,ฉะเชิงเทรา,ภาคตะวันออก,2,พลังชาติไทย,86,0.08,19,103213
2562,pv_24_z_2,pv_24,ฉะเชิงเทรา,ภาคตะวันออก,2,พลังประชาธิปไตย,72,0.07,20,103213
2562,pv_24_z_2,pv_24,ฉะเชิงเทรา,ภาคตะวันออก,2,สังคมประชาธิปไตยไทย,57,0.06,21,103213
2562,pv_24_z_2,pv_24,ฉะเชิงเทรา,ภาคตะวันออก,2,ประชานิยม,53,0.05,22,103213
2562,pv_24_z_2,pv_24,ฉะเชิงเทรา,ภาคตะวันออก,2,เพื่อชาติ,46,0.04,23,103213
2562,pv_24_z_2,pv_24,ฉะเชิงเทรา,ภาคตะวันออก,2,พลังไทยดี,35,0.03,24,103213
2562,pv_24_z_2,pv_24,ฉะเชิงเทรา,ภาคตะวันออก,2,พลังปวงชนไทย,32,0.03,25,103213
2562,pv_24_z_2,pv_24,ฉะเชิงเทรา,ภาคตะวันออก,2,มหาชน,24,0.02,26,103213
2562,pv_24_z_2,pv_24,ฉะเชิงเทรา,ภาคตะวันออก,2,ไทยรักษาชาติ,0,0.00,27,103213
2562,pv_24_z_2,pv_24,ฉะเชิงเทรา,ภาคตะวันออก,2,เพื่อนไทย,0,0.00,28,103213
2562,pv_24_z_3,pv_24,ฉะเชิงเทรา,ภาคตะวันออก,3,พลังประชารัฐ,31265,35.63,1,87761
2562,pv_24_z_3,pv_24,ฉะเชิงเทรา,ภาคตะวันออก,3,เพื่อไทย,23462,26.73,2,87761
2562,pv_24_z_3,pv_24,ฉะเชิงเทรา,ภาคตะวันออก,3,อนาคตใหม่,15513,17.68,3,87761
2562,pv_24_z_3,pv_24,ฉะเชิงเทรา,ภาคตะวันออก,3,ประชาธิปัตย์,4608,5.25,4,87761
2562,pv_24_z_3,pv_24,ฉะเชิงเทรา,ภาคตะวันออก,3,ภูมิใจไทย,4530,5.16,5,87761
2562,pv_24_z_3,pv_24,ฉะเชิงเทรา,ภาคตะวันออก,3,เสรีรวมไทย,1981,2.26,6,87761
2562,pv_24_z_3,pv_24,ฉะเชิงเทรา,ภาคตะวันออก,3,เศรษฐกิจใหม่,1266,1.44,7,87761
2562,pv_24_z_3,pv_24,ฉะเชิงเทรา,ภาคตะวันออก,3,พลังปวงชนไทย,953,1.09,8,87761
2562,pv_24_z_3,pv_24,ฉะเชิงเทรา,ภาคตะวันออก,3,ประชาภิวัฒน์,493,0.56,9,87761
2562,pv_24_z_3,pv_24,ฉะเชิงเทรา,ภาคตะวันออก,3,รวมพลังประชาชาติไทย,407,0.46,10,87761
2562,pv_24_z_3,pv_24,ฉะเชิงเทรา,ภาคตะวันออก,3,รักษ์ผืนป่าประเทศไทย,370,0.42,11,87761
2562,pv_24_z_3,pv_24,ฉะเชิงเทรา,ภาคตะวันออก,3,พลังท้องถิ่นไท,358,0.41,12,87761
2562,pv_24_z_3,pv_24,ฉะเชิงเทรา,ภาคตะวันออก,3,ทางเลือกใหม่,356,0.41,13,87761
2562,pv_24_z_3,pv_24,ฉะเชิงเทรา,ภาคตะวันออก,3,พลเมืองไทย,331,0.38,14,87761
2562,pv_24_z_3,pv_24,ฉะเชิงเทรา,ภาคตะวันออก,3,แทนคุณแผ่นดิน,318,0.36,15,87761
2562,pv_24_z_3,pv_24,ฉะเชิงเทรา,ภาคตะวันออก,3,พลังไทยรักชาติ,273,0.31,16,87761
2562,pv_24_z_3,pv_24,ฉะเชิงเทรา,ภาคตะวันออก,3,เครือข่ายชาวนาแห่งประเทศไทย,182,0.21,17,87761
2562,pv_24_z_3,pv_24,ฉะเชิงเทรา,ภาคตะวันออก,3,เพื่อชาติ,155,0.18,18,87761
2562,pv_24_z_3,pv_24,ฉะเชิงเทรา,ภาคตะวันออก,3,ประชาธิปไตยใหม่,137,0.16,19,87761
2562,pv_24_z_3,pv_24,ฉะเชิงเทรา,ภาคตะวันออก,3,สังคมประชาธิปไตยไทย,136,0.15,20,87761
2562,pv_24_z_3,pv_24,ฉะเชิงเทรา,ภาคตะวันออก,3,ประชาชนปฏิรูป,135,0.15,21,87761
2562,pv_24_z_3,pv_24,ฉะเชิงเทรา,ภาคตะวันออก,3,ไทรักธรรม,121,0.14,22,87761
2562,pv_24_z_3,pv_24,ฉะเชิงเทรา,ภาคตะวันออก,3,กรีน,118,0.13,23,87761
2562,pv_24_z_3,pv_24,ฉะเชิงเทรา,ภาคตะวันออก,3,ประชานิยม,108,0.12,24,87761
2562,pv_24_z_3,pv_24,ฉะเชิงเทรา,ภาคตะวันออก,3,มหาชน,97,0.11,25,87761
2562,pv_24_z_3,pv_24,ฉะเชิงเทรา,ภาคตะวันออก,3,พลังชาติไทย,88,0.10,26,87761
2562,pv_24_z_3,pv_24,ฉะเชิงเทรา,ภาคตะวันออก,3,ไทยรักษาชาติ,0,0.00,27,87761
2562,pv_24_z_4,pv_24,ฉะเชิงเทรา,ภาคตะวันออก,4,อนาคตใหม่,42342,40.01,1,105817
2562,pv_24_z_4,pv_24,ฉะเชิงเทรา,ภาคตะวันออก,4,พลังประชารัฐ,39361,37.20,2,105817
2562,pv_24_z_4,pv_24,ฉะเชิงเทรา,ภาคตะวันออก,4,ประชาธิปัตย์,10379,9.81,3,105817
2562,pv_24_z_4,pv_24,ฉะเชิงเทรา,ภาคตะวันออก,4,เสรีรวมไทย,4098,3.87,4,105817
2562,pv_24_z_4,pv_24,ฉะเชิงเทรา,ภาคตะวันออก,4,เศรษฐกิจใหม่,2354,2.22,5,105817
2562,pv_24_z_4,pv_24,ฉะเชิงเทรา,ภาคตะวันออก,4,เพื่อชาติ,2111,1.99,6,105817
2562,pv_24_z_4,pv_24,ฉะเชิงเทรา,ภาคตะวันออก,4,ภูมิใจไทย,697,0.66,7,105817
2562,pv_24_z_4,pv_24,ฉะเชิงเทรา,ภาคตะวันออก,4,เครือข่ายชาวนาแห่งประเทศไทย,604,0.57,8,105817
2562,pv_24_z_4,pv_24,ฉะเชิงเทรา,ภาคตะวันออก,4,พลังประชาธิปไตย,500,0.47,9,105817
2562,pv_24_z_4,pv_24,ฉะเชิงเทรา,ภาคตะวันออก,4,ประชานิยม,444,0.42,10,105817
2562,pv_24_z_4,pv_24,ฉะเชิงเทรา,ภาคตะวันออก,4,พลังท้องถิ่นไท,401,0.38,11,105817
2562,pv_24_z_4,pv_24,ฉะเชิงเทรา,ภาคตะวันออก,4,พลังไทยดี,368,0.35,12,105817
2562,pv_24_z_4,pv_24,ฉะเชิงเทรา,ภาคตะวันออก,4,รักษ์ผืนป่าประเทศไทย,340,0.32,13,105817
2562,pv_24_z_4,pv_24,ฉะเชิงเทรา,ภาคตะวันออก,4,รวมพลังประชาชาติไทย,313,0.30,14,105817
2562,pv_24_z_4,pv_24,ฉะเชิงเทรา,ภาคตะวันออก,4,สังคมประชาธิปไตยไทย,292,0.28,15,105817
2562,pv_24_z_4,pv_24,ฉะเชิงเทรา,ภาคตะวันออก,4,พลังชาติไทย,269,0.25,16,105817
2562,pv_24_z_4,pv_24,ฉะเชิงเทรา,ภาคตะวันออก,4,ประชาชนปฏิรูป,250,0.24,17,105817
2562,pv_24_z_4,pv_24,ฉะเชิงเทรา,ภาคตะวันออก,4,แทนคุณแผ่นดิน,233,0.22,18,105817
2562,pv_24_z_4,pv_24,ฉะเชิงเทรา,ภาคตะวันออก,4,ประชาไทย,197,0.19,19,105817
2562,pv_24_z_4,pv_24,ฉะเชิงเทรา,ภาคตะวันออก,4,มหาชน,96,0.09,20,105817
2562,pv_24_z_4,pv_24,ฉะเชิงเทรา,ภาคตะวันออก,4,พลังปวงชนไทย,94,0.09,21,105817
2562,pv_24_z_4,pv_24,ฉะเชิงเทรา,ภาคตะวันออก,4,ประชาภิวัฒน์,74,0.07,22,105817
2562,pv_24_z_4,pv_24,ฉะเชิงเทรา,ภาคตะวันออก,4,ไทยรักษาชาติ,0,0.00,23,105817
2562,pv_24_z_4,pv_24,ฉะเชิงเทรา,ภาคตะวันออก,4,เพื่อนไทย,0,0.00,24,105817
2562,pv_86_z_1,pv_86,ชุมพร,ภาคใต้,1,ประชาธิปัตย์,42683,44.49,1,95945
2562,pv_86_z_1,pv_86,ชุมพร,ภาคใต้,1,พลังประชารัฐ,32219,33.58,2,95945
2562,pv_86_z_1,pv_86,ชุมพร,ภาคใต้,1,อนาคตใหม่,10347,10.78,3,95945
2562,pv_86_z_1,pv_86,ชุมพร,ภาคใต้,1,เสรีรวมไทย,2813,2.93,4,95945
2562,pv_86_z_1,pv_86,ชุมพร,ภาคใต้,1,เศรษฐกิจใหม่,1273,1.33,5,95945
2562,pv_86_z_1,pv_86,ชุมพร,ภาคใต้,1,ชาติพัฒนา,1169,1.22,6,95945
2562,pv_86_z_1,pv_86,ชุมพร,ภาคใต้,1,ภูมิใจไทย,1051,1.10,7,95945
2562,pv_86_z_1,pv_86,ชุมพร,ภาคใต้,1,รักษ์ผืนป่าประเทศไทย,712,0.74,8,95945
2562,pv_86_z_1,pv_86,ชุมพร,ภาคใต้,1,ทางเลือกใหม่,388,0.40,9,95945
2562,pv_86_z_1,pv_86,ชุมพร,ภาคใต้,1,เพื่อชาติ,378,0.39,10,95945
2562,pv_86_z_1,pv_86,ชุมพร,ภาคใต้,1,กรีน,334,0.35,11,95945
2562,pv_86_z_1,pv_86,ชุมพร,ภาคใต้,1,พลังประชาธิปไตย,332,0.35,12,95945
2562,pv_86_z_1,pv_86,ชุมพร,ภาคใต้,1,พลังท้องถิ่นไท,320,0.33,13,95945
2562,pv_86_z_1,pv_86,ชุมพร,ภาคใต้,1,พลังไทยรักไทย,316,0.33,14,95945
2562,pv_86_z_1,pv_86,ชุมพร,ภาคใต้,1,ไทยศรีวิไลย์,297,0.31,15,95945
2562,pv_86_z_1,pv_86,ชุมพร,ภาคใต้,1,ชาติไทยพัฒนา,263,0.27,16,95945
2562,pv_86_z_1,pv_86,ชุมพร,ภาคใต้,1,รวมพลังประชาชาติไทย,251,0.26,17,95945
2562,pv_86_z_1,pv_86,ชุมพร,ภาคใต้,1,พลังไทสร้างชาติ,194,0.20,18,95945
2562,pv_86_z_1,pv_86,ชุมพร,ภาคใต้,1,มหาชน,107,0.11,19,95945
2562,pv_86_z_1,pv_86,ชุมพร,ภาคใต้,1,พลังไทยรักชาติ,86,0.09,20,95945
2562,pv_86_z_1,pv_86,ชุมพร,ภาคใต้,1,ประชาธรรมไทย,72,0.08,21,95945
2562,pv_86_z_1,pv_86,ชุมพร,ภาคใต้,1,ภาคีเครือข่ายไทย,62,0.06,22,95945
2562,pv_86_z_1,pv_86,ชุมพร,ภาคใต้,1,คลองไทย,61,0.06,23,95945
2562,pv_86_z_1,pv_86,ชุมพร,ภาคใต้,1,ครูไทยเพื่อประชาชน,58,0.06,24,95945
2562,pv_86_z_1,pv_86,ชุมพร,ภาคใต้,1,ไทรักธรรม,58,0.06,25,95945
2562,pv_86_z_1,pv_86,ชุมพร,ภาคใต้,1,ประชาภิวัฒน์,55,0.06,26,95945
2562,pv_86_z_1,pv_86,ชุมพร,ภาคใต้,1,ประชานิยม,46,0.05,27,95945
2562,pv_86_z_1,pv_86,ชุมพร,ภาคใต้,1,ไทยรักษาชาติ,0,0.00,28,95945
2562,pv_86_z_2,pv_86,ชุมพร,ภาคใต้,2,ประชาธิปัตย์,32765,33.88,1,96695
2562,pv_86_z_2,pv_86,ชุมพร,ภาคใต้,2,พลังประชารัฐ,26037,26.93,2,96695
2562,pv_86_z_2,pv_86,ชุมพร,ภาคใต้,2,รวมพลังประชาชาติไทย,12344,12.77,3,96695
2562,pv_86_z_2,pv_86,ชุมพร,ภาคใต้,2,อนาคตใหม่,8674,8.97,4,96695
2562,pv_86_z_2,pv_86,ชุมพร,ภาคใต้,2,ภูมิใจไทย,4966,5.14,5,96695
2562,pv_86_z_2,pv_86,ชุมพร,ภาคใต้,2,เพื่อไทย,4895,5.06,6,96695
2562,pv_86_z_2,pv_86,ชุมพร,ภาคใต้,2,เสรีรวมไทย,1468,1.52,7,96695
2562,pv_86_z_2,pv_86,ชุมพร,ภาคใต้,2,เศรษฐกิจใหม่,1109,1.15,8,96695
2562,pv_86_z_2,pv_86,ชุมพร,ภาคใต้,2,รักษ์ผืนป่าประเทศไทย,638,0.66,9,96695
2562,pv_86_z_2,pv_86,ชุมพร,ภาคใต้,2,ชาติไทยพัฒนา,550,0.57,10,96695
2562,pv_86_z_2,pv_86,ชุมพร,ภาคใต้,2,ประชาชาติ,358,0.37,11,96695
2562,pv_86_z_2,pv_86,ชุมพร,ภาคใต้,2,ไทยศรีวิไลย์,358,0.37,12,96695
2562,pv_86_z_2,pv_86,ชุมพร,ภาคใต้,2,เพื่อชาติ,354,0.37,13,96695
2562,pv_86_z_2,pv_86,ชุมพร,ภาคใต้,2,กรีน,287,0.30,14,96695
2562,pv_86_z_2,pv_86,ชุมพร,ภาคใต้,2,ประชาธรรมไทย,222,0.23,15,96695
2562,pv_86_z_2,pv_86,ชุมพร,ภาคใต้,2,พลังท้องถิ่นไท,214,0.22,16,96695
2562,pv_86_z_2,pv_86,ชุมพร,ภาคใต้,2,พลังประชาธิปไตย,204,0.21,17,96695
2562,pv_86_z_2,pv_86,ชุมพร,ภาคใต้,2,ทางเลือกใหม่,196,0.20,18,96695
2562,pv_86_z_2,pv_86,ชุมพร,ภาคใต้,2,ชาติพัฒนา,183,0.19,19,96695
2562,pv_86_z_2,pv_86,ชุมพร,ภาคใต้,2,เพื่อธรรม,133,0.14,20,96695
2562,pv_86_z_2,pv_86,ชุมพร,ภาคใต้,2,มหาชน,127,0.13,21,96695
2562,pv_86_z_2,pv_86,ชุมพร,ภาคใต้,2,ครูไทยเพื่อประชาชน,126,0.13,22,96695
2562,pv_86_z_2,pv_86,ชุมพร,ภาคใต้,2,ประชาภิวัฒน์,80,0.08,23,96695
2562,pv_86_z_2,pv_86,ชุมพร,ภาคใต้,2,คลองไทย,70,0.07,24,96695
2562,pv_86_z_2,pv_86,ชุมพร,ภาคใต้,2,พลังชาติไทย,60,0.06,25,96695
2562,pv_86_z_2,pv_86,ชุมพร,ภาคใต้,2,ไทรักธรรม,57,0.06,26,96695
2562,pv_86_z_2,pv_86,ชุมพร,ภาคใต้,2,พลเมืองไทย,56,0.06,27,96695
2562,pv_86_z_2,pv_86,ชุมพร,ภาคใต้,2,ประชาไทย,50,0.05,28,96695
2562,pv_86_z_2,pv_86,ชุมพร,ภาคใต้,2,ประชาชนปฏิรูป,45,0.05,29,96695
2562,pv_86_z_2,pv_86,ชุมพร,ภาคใต้,2,ประชานิยม,39,0.04,30,96695
2562,pv_86_z_2,pv_86,ชุมพร,ภาคใต้,2,ภาคีเครือข่ายไทย,30,0.03,31,96695
2562,pv_86_z_2,pv_86,ชุมพร,ภาคใต้,2,ไทยรักษาชาติ,0,0.00,32,96695
2562,pv_86_z_2,pv_86,ชุมพร,ภาคใต้,2,พลังไทยรักไทย,0,0.00,33,96695
2562,pv_86_z_2,pv_86,ชุมพร,ภาคใต้,2,พลังไทสร้างชาติ,0,0.00,34,96695
2562,pv_86_z_3,pv_86,ชุมพร,ภาคใต้,3,รวมพลังประชาชาติไทย,41464,43.44,1,95451
2562,pv_86_z_3,pv_86,ชุมพร,ภาคใต้,3,ประชาธิปัตย์,19397,20.32,2,95451
2562,pv_86_z_3,pv_86,ชุมพร,ภาคใต้,3,พลังประชารัฐ,12243,12.83,3,95451
2562,pv_86_z_3,pv_86,ชุมพร,ภาคใต้,3,อนาคตใหม่,7438,7.79,4,95451
2562,pv_86_z_3,pv_86,ชุมพร,ภาคใต้,3,เพื่อไทย,3368,3.53,5,95451
2562,pv_86_z_3,pv_86,ชุมพร,ภาคใต้,3,เพื่อชาติ,1682,1.76,6,95451
2562,pv_86_z_3,pv_86,ชุมพร,ภาคใต้,3,เสรีรวมไทย,1549,1.62,7,95451
2562,pv_86_z_3,pv_86,ชุมพร,ภาคใต้,3,ทางเลือกใหม่,1464,1.53,8,95451
2562,pv_86_z_3,pv_86,ชุมพร,ภาคใต้,3,ภูมิใจไทย,761,0.80,9,95451
2562,pv_86_z_3,pv_86,ชุมพร,ภาคใต้,3,กรีน,739,0.77,10,95451
2562,pv_86_z_3,pv_86,ชุมพร,ภาคใต้,3,ชาติไทยพัฒนา,720,0.75,11,95451
2562,pv_86_z_3,pv_86,ชุมพร,ภาคใต้,3,พลังท้องถิ่นไท,704,0.74,12,95451
2562,pv_86_z_3,pv_86,ชุมพร,ภาคใต้,3,เศรษฐกิจใหม่,690,0.72,13,95451
2562,pv_86_z_3,pv_86,ชุมพร,ภาคใต้,3,ไทยศรีวิไลย์,444,0.47,14,95451
2562,pv_86_z_3,pv_86,ชุมพร,ภาคใต้,3,พลังไทสร้างชาติ,416,0.44,15,95451
2562,pv_86_z_3,pv_86,ชุมพร,ภาคใต้,3,ภราดรภาพ,402,0.42,16,95451
2562,pv_86_z_3,pv_86,ชุมพร,ภาคใต้,3,ประชาชาติ,373,0.39,17,95451
2562,pv_86_z_3,pv_86,ชุมพร,ภาคใต้,3,ครูไทยเพื่อประชาชน,234,0.25,18,95451
2562,pv_86_z_3,pv_86,ชุมพร,ภาคใต้,3,แผ่นดินธรรม,222,0.23,19,95451
2562,pv_86_z_3,pv_86,ชุมพร,ภาคใต้,3,ประชานิยม,167,0.17,20,95451
2562,pv_86_z_3,pv_86,ชุมพร,ภาคใต้,3,พลังประชาธิปไตย,157,0.16,21,95451
2562,pv_86_z_3,pv_86,ชุมพร,ภาคใต้,3,รักษ์ผืนป่าประเทศไทย,143,0.15,22,95451
2562,pv_86_z_3,pv_86,ชุมพร,ภาคใต้,3,ประชาชนปฏิรูป,139,0.15,23,95451
2562,pv_86_z_3,pv_86,ชุมพร,ภาคใต้,3,พลังไทยรักไทย,117,0.12,24,95451
2562,pv_86_z_3,pv_86,ชุมพร,ภาคใต้,3,พลังศรัทธา,105,0.11,25,95451
2562,pv_86_z_3,pv_86,ชุมพร,ภาคใต้,3,พลเมืองไทย,96,0.10,26,95451
2562,pv_86_z_3,pv_86,ชุมพร,ภาคใต้,3,ประชาภิวัฒน์,60,0.06,27,95451
2562,pv_86_z_3,pv_86,ชุมพร,ภาคใต้,3,มหาชน,60,0.06,28,95451
2562,pv_86_z_3,pv_86,ชุมพร,ภาคใต้,3,ไทรักธรรม,50,0.05,29,95451
2562,pv_86_z_3,pv_86,ชุมพร,ภาคใต้,3,พลังไทยรักชาติ,16,0.02,30,95451
2562,pv_86_z_3,pv_86,ชุมพร,ภาคใต้,3,ภาคีเครือข่ายไทย,16,0.02,31,95451
2562,pv_86_z_3,pv_86,ชุมพร,ภาคใต้,3,คลองไทย,15,0.02,32,95451
2562,pv_86_z_3,pv_86,ชุมพร,ภาคใต้,3,ไทยรักษาชาติ,0,0.00,33,95451
2562,pv_18_z_1,pv_18,ชัยนาท,ภาคกลาง,1,พลังประชารัฐ,44104,46.54,1,94774
2562,pv_18_z_1,pv_18,ชัยนาท,ภาคกลาง,1,เพื่อไทย,22916,24.18,2,94774
2562,pv_18_z_1,pv_18,ชัยนาท,ภาคกลาง,1,อนาคตใหม่,15144,15.98,3,94774
2562,pv_18_z_1,pv_18,ชัยนาท,ภาคกลาง,1,ประชาธิปัตย์,5143,5.43,4,94774
2562,pv_18_z_1,pv_18,ชัยนาท,ภาคกลาง,1,เสรีรวมไทย,1752,1.85,5,94774
2562,pv_18_z_1,pv_18,ชัยนาท,ภาคกลาง,1,ภูมิใจไทย,1267,1.34,6,94774
2562,pv_18_z_1,pv_18,ชัยนาท,ภาคกลาง,1,ประชาภิวัฒน์,647,0.68,7,94774
2562,pv_18_z_1,pv_18,ชัยนาท,ภาคกลาง,1,ไทยศรีวิไลย์,488,0.51,8,94774
2562,pv_18_z_1,pv_18,ชัยนาท,ภาคกลาง,1,รวมพลังประชาชาติไทย,487,0.51,9,94774
2562,pv_18_z_1,pv_18,ชัยนาท,ภาคกลาง,1,ประชาชาติ,482,0.51,10,94774
2562,pv_18_z_1,pv_18,ชัยนาท,ภาคกลาง,1,เพื่อชาติ,466,0.49,11,94774
2562,pv_18_z_1,pv_18,ชัยนาท,ภาคกลาง,1,ประชาชนปฏิรูป,299,0.32,12,94774
2562,pv_18_z_1,pv_18,ชัยนาท,ภาคกลาง,1,พลังท้องถิ่นไท,256,0.27,13,94774
2562,pv_18_z_1,pv_18,ชัยนาท,ภาคกลาง,1,ชาติไทยพัฒนา,222,0.23,14,94774
2562,pv_18_z_1,pv_18,ชัยนาท,ภาคกลาง,1,ประชานิยม,190,0.20,15,94774
2562,pv_18_z_1,pv_18,ชัยนาท,ภาคกลาง,1,พลังปวงชนไทย,166,0.18,16,94774
2562,pv_18_z_1,pv_18,ชัยนาท,ภาคกลาง,1,พลังชาติไทย,150,0.16,17,94774
2562,pv_18_z_1,pv_18,ชัยนาท,ภาคกลาง,1,รักษ์ผืนป่าประเทศไทย,148,0.16,18,94774
2562,pv_18_z_1,pv_18,ชัยนาท,ภาคกลาง,1,เครือข่ายชาวนาแห่งประเทศไทย,109,0.12,19,94774
2562,pv_18_z_1,pv_18,ชัยนาท,ภาคกลาง,1,พลังไทยดี,105,0.11,20,94774
2562,pv_18_z_1,pv_18,ชัยนาท,ภาคกลาง,1,ประชาไทย,78,0.08,21,94774
2562,pv_18_z_1,pv_18,ชัยนาท,ภาคกลาง,1,แผ่นดินธรรม,68,0.07,22,94774
2562,pv_18_z_1,pv_18,ชัยนาท,ภาคกลาง,1,ภูมิพลังเกษตรกรไทย,56,0.06,23,94774
2562,pv_18_z_1,pv_18,ชัยนาท,ภาคกลาง,1,พลเมืองไทย,31,0.03,24,94774
2562,pv_18_z_1,pv_18,ชัยนาท,ภาคกลาง,1,ไทยรักษาชาติ,0,0.00,25,94774
2562,pv_18_z_1,pv_18,ชัยนาท,ภาคกลาง,1,เพื่อนไทย,0,0.00,26,94774
2562,pv_18_z_1,pv_18,ชัยนาท,ภาคกลาง,1,เศรษฐกิจใหม่,0,0.00,27,94774
2562,pv_18_z_1,pv_18,ชัยนาท,ภาคกลาง,1,พลังประชาธิปไตย,0,0.00,28,94774
2562,pv_18_z_2,pv_18,ชัยนาท,ภาคกลาง,2,พลังประชารัฐ,48505,52.56,1,92292
2562,pv_18_z_2,pv_18,ชัยนาท,ภาคกลาง,2,อนาคตใหม่,27592,29.90,2,92292
2562,pv_18_z_2,pv_18,ชัยนาท,ภาคกลาง,2,ประชาธิปัตย์,4642,5.03,3,92292
2562,pv_18_z_2,pv_18,ชัยนาท,ภาคกลาง,2,ภูมิใจไทย,3188,3.45,4,92292
2562,pv_18_z_2,pv_18,ชัยนาท,ภาคกลาง,2,เสรีรวมไทย,2771,3.00,5,92292
2562,pv_18_z_2,pv_18,ชัยนาท,ภาคกลาง,2,พลังประชาธิปไตย,776,0.84,6,92292
2562,pv_18_z_2,pv_18,ชัยนาท,ภาคกลาง,2,เศรษฐกิจใหม่,663,0.72,7,92292
2562,pv_18_z_2,pv_18,ชัยนาท,ภาคกลาง,2,พลังท้องถิ่นไท,590,0.64,8,92292
2562,pv_18_z_2,pv_18,ชัยนาท,ภาคกลาง,2,ชาติพัฒนา,574,0.62,9,92292
2562,pv_18_z_2,pv_18,ชัยนาท,ภาคกลาง,2,พลังชาติไทย,533,0.58,10,92292
2562,pv_18_z_2,pv_18,ชัยนาท,ภาคกลาง,2,รวมพลังประชาชาติไทย,371,0.40,11,92292
2562,pv_18_z_2,pv_18,ชัยนาท,ภาคกลาง,2,แผ่นดินธรรม,319,0.35,12,92292
2562,pv_18_z_2,pv_18,ชัยนาท,ภาคกลาง,2,ชาติไทยพัฒนา,310,0.34,13,92292
2562,pv_18_z_2,pv_18,ชัยนาท,ภาคกลาง,2,ประชาภิวัฒน์,277,0.30,14,92292
2562,pv_18_z_2,pv_18,ชัยนาท,ภาคกลาง,2,เครือข่ายชาวนาแห่งประเทศไทย,273,0.30,15,92292
2562,pv_18_z_2,pv_18,ชัยนาท,ภาคกลาง,2,ประชาชนปฏิรูป,193,0.21,16,92292
2562,pv_18_z_2,pv_18,ชัยนาท,ภาคกลาง,2,ไทยศรีวิไลย์,192,0.21,17,92292
2562,pv_18_z_2,pv_18,ชัยนาท,ภาคกลาง,2,ประชานิยม,189,0.20,18,92292
2562,pv_18_z_2,pv_18,ชัยนาท,ภาคกลาง,2,รักษ์ผืนป่าประเทศไทย,166,0.18,19,92292
2562,pv_18_z_2,pv_18,ชัยนาท,ภาคกลาง,2,พลังไทยดี,132,0.14,20,92292
2562,pv_18_z_2,pv_18,ชัยนาท,ภาคกลาง,2,พลเมืองไทย,36,0.04,21,92292
2562,pv_18_z_2,pv_18,ชัยนาท,ภาคกลาง,2,เพื่อชาติ,0,0.00,22,92292
2562,pv_18_z_2,pv_18,ชัยนาท,ภาคกลาง,2,ไทยรักษาชาติ,0,0.00,23,92292
2562,pv_18_z_2,pv_18,ชัยนาท,ภาคกลาง,2,เพื่อนไทย,0,0.00,24,92292
2562,pv_36_z_1,pv_36,ชัยภูมิ,ภาคตะวันออกเฉียงเหนือ,1,เพื่อไทย,38481,38.80,1,99166
2562,pv_36_z_1,pv_36,ชัยภูมิ,ภาคตะวันออกเฉียงเหนือ,1,พลังประชารัฐ,17463,17.61,2,99166
2562,pv_36_z_1,pv_36,ชัยภูมิ,ภาคตะวันออกเฉียงเหนือ,1,ภูมิใจไทย,15469,15.60,3,99166
2562,pv_36_z_1,pv_36,ชัยภูมิ,ภาคตะวันออกเฉียงเหนือ,1,อนาคตใหม่,13715,13.83,4,99166
2562,pv_36_z_1,pv_36,ชัยภูมิ,ภาคตะวันออกเฉียงเหนือ,1,ประชาธิปัตย์,5231,5.27,5,99166
2562,pv_36_z_1,pv_36,ชัยภูมิ,ภาคตะวันออกเฉียงเหนือ,1,เสรีรวมไทย,1324,1.34,6,99166
2562,pv_36_z_1,pv_36,ชัยภูมิ,ภาคตะวันออกเฉียงเหนือ,1,เศรษฐกิจใหม่,1086,1.10,7,99166
2562,pv_36_z_1,pv_36,ชัยภูมิ,ภาคตะวันออกเฉียงเหนือ,1,เพื่อแผ่นดิน,773,0.78,8,99166
2562,pv_36_z_1,pv_36,ชัยภูมิ,ภาคตะวันออกเฉียงเหนือ,1,ชาติพัฒนา,680,0.69,9,99166
2562,pv_36_z_1,pv_36,ชัยภูมิ,ภาคตะวันออกเฉียงเหนือ,1,ประชาชาติ,621,0.63,10,99166
2562,pv_36_z_1,pv_36,ชัยภูมิ,ภาคตะวันออกเฉียงเหนือ,1,เพื่อชาติ,579,0.58,11,99166
2562,pv_36_z_1,pv_36,ชัยภูมิ,ภาคตะวันออกเฉียงเหนือ,1,พลังท้องถิ่นไท,541,0.55,12,99166
2562,pv_36_z_1,pv_36,ชัยภูมิ,ภาคตะวันออกเฉียงเหนือ,1,พลังไทยรักไทย,422,0.43,13,99166
2562,pv_36_z_1,pv_36,ชัยภูมิ,ภาคตะวันออกเฉียงเหนือ,1,พลังแรงงานไทย,328,0.33,14,99166
2562,pv_36_z_1,pv_36,ชัยภูมิ,ภาคตะวันออกเฉียงเหนือ,1,ไทรักธรรม,279,0.28,15,99166
2562,pv_36_z_1,pv_36,ชัยภูมิ,ภาคตะวันออกเฉียงเหนือ,1,ทางเลือกใหม่,262,0.26,16,99166
2562,pv_36_z_1,pv_36,ชัยภูมิ,ภาคตะวันออกเฉียงเหนือ,1,รวมพลังประชาชาติไทย,239,0.24,17,99166
2562,pv_36_z_1,pv_36,ชัยภูมิ,ภาคตะวันออกเฉียงเหนือ,1,สยามพัฒนา,216,0.22,18,99166
2562,pv_36_z_1,pv_36,ชัยภูมิ,ภาคตะวันออกเฉียงเหนือ,1,ประชาภิวัฒน์,198,0.20,19,99166
2562,pv_36_z_1,pv_36,ชัยภูมิ,ภาคตะวันออกเฉียงเหนือ,1,ประชานิยม,187,0.19,20,99166
2562,pv_36_z_1,pv_36,ชัยภูมิ,ภาคตะวันออกเฉียงเหนือ,1,ชาติไทยพัฒนา,150,0.15,21,99166
2562,pv_36_z_1,pv_36,ชัยภูมิ,ภาคตะวันออกเฉียงเหนือ,1,พลังชาติไทย,97,0.10,22,99166
2562,pv_36_z_1,pv_36,ชัยภูมิ,ภาคตะวันออกเฉียงเหนือ,1,รักษ์ผืนป่าประเทศไทย,94,0.09,23,99166
2562,pv_36_z_1,pv_36,ชัยภูมิ,ภาคตะวันออกเฉียงเหนือ,1,พลังรัก,94,0.09,24,99166
2562,pv_36_z_1,pv_36,ชัยภูมิ,ภาคตะวันออกเฉียงเหนือ,1,ประชาธิปไตยใหม่,82,0.08,25,99166
2562,pv_36_z_1,pv_36,ชัยภูมิ,ภาคตะวันออกเฉียงเหนือ,1,ไทยธรรม,80,0.08,26,99166
2562,pv_36_z_1,pv_36,ชัยภูมิ,ภาคตะวันออกเฉียงเหนือ,1,มหาชน,80,0.08,27,99166
2562,pv_36_z_1,pv_36,ชัยภูมิ,ภาคตะวันออกเฉียงเหนือ,1,ประชาไทย,78,0.08,28,99166
2562,pv_36_z_1,pv_36,ชัยภูมิ,ภาคตะวันออกเฉียงเหนือ,1,ผึ้งหลวง,67,0.07,29,99166
2562,pv_36_z_1,pv_36,ชัยภูมิ,ภาคตะวันออกเฉียงเหนือ,1,พลังประชาธิปไตย,66,0.07,30,99166
2562,pv_36_z_1,pv_36,ชัยภูมิ,ภาคตะวันออกเฉียงเหนือ,1,ประชากรไทย,58,0.06,31,99166
2562,pv_36_z_1,pv_36,ชัยภูมิ,ภาคตะวันออกเฉียงเหนือ,1,พลังปวงชนไทย,56,0.06,32,99166
2562,pv_36_z_1,pv_36,ชัยภูมิ,ภาคตะวันออกเฉียงเหนือ,1,ประชาชนปฏิรูป,46,0.05,33,99166
2562,pv_36_z_1,pv_36,ชัยภูมิ,ภาคตะวันออกเฉียงเหนือ,1,ประชาธรรมไทย,24,0.02,34,99166
2562,pv_36_z_1,pv_36,ชัยภูมิ,ภาคตะวันออกเฉียงเหนือ,1,เพื่อคนไทย,0,0.00,35,99166
2562,pv_36_z_1,pv_36,ชัยภูมิ,ภาคตะวันออกเฉียงเหนือ,1,เพื่อนไทย,0,0.00,36,99166
2562,pv_36_z_1,pv_36,ชัยภูมิ,ภาคตะวันออกเฉียงเหนือ,1,กลาง,0,0.00,37,99166
2562,pv_36_z_1,pv_36,ชัยภูมิ,ภาคตะวันออกเฉียงเหนือ,1,ครูไทยเพื่อประชาชน,0,0.00,38,99166
2562,pv_36_z_1,pv_36,ชัยภูมิ,ภาคตะวันออกเฉียงเหนือ,1,ไทยรักษาชาติ,0,0.00,39,99166
2562,pv_36_z_2,pv_36,ชัยภูมิ,ภาคตะวันออกเฉียงเหนือ,2,พลังประชารัฐ,33614,32.60,1,103108
2562,pv_36_z_2,pv_36,ชัยภูมิ,ภาคตะวันออกเฉียงเหนือ,2,เพื่อไทย,31990,31.03,2,103108
2562,pv_36_z_2,pv_36,ชัยภูมิ,ภาคตะวันออกเฉียงเหนือ,2,ภูมิใจไทย,12688,12.31,3,103108
2562,pv_36_z_2,pv_36,ชัยภูมิ,ภาคตะวันออกเฉียงเหนือ,2,อนาคตใหม่,9866,9.57,4,103108
2562,pv_36_z_2,pv_36,ชัยภูมิ,ภาคตะวันออกเฉียงเหนือ,2,รักษ์ผืนป่าประเทศไทย,6363,6.17,5,103108
2562,pv_36_z_2,pv_36,ชัยภูมิ,ภาคตะวันออกเฉียงเหนือ,2,ประชาธิปัตย์,1770,1.72,6,103108
2562,pv_36_z_2,pv_36,ชัยภูมิ,ภาคตะวันออกเฉียงเหนือ,2,เสรีรวมไทย,1078,1.05,7,103108
2562,pv_36_z_2,pv_36,ชัยภูมิ,ภาคตะวันออกเฉียงเหนือ,2,เพื่อชาติ,1051,1.02,8,103108
2562,pv_36_z_2,pv_36,ชัยภูมิ,ภาคตะวันออกเฉียงเหนือ,2,พลังปวงชนไทย,751,0.73,9,103108
2562,pv_36_z_2,pv_36,ชัยภูมิ,ภาคตะวันออกเฉียงเหนือ,2,ทางเลือกใหม่,553,0.54,10,103108
2562,pv_36_z_2,pv_36,ชัยภูมิ,ภาคตะวันออกเฉียงเหนือ,2,เศรษฐกิจใหม่,526,0.51,11,103108
2562,pv_36_z_2,pv_36,ชัยภูมิ,ภาคตะวันออกเฉียงเหนือ,2,พลังชาติไทย,469,0.45,12,103108
2562,pv_36_z_2,pv_36,ชัยภูมิ,ภาคตะวันออกเฉียงเหนือ,2,ภาคีเครือข่ายไทย,305,0.30,13,103108
2562,pv_36_z_2,pv_36,ชัยภูมิ,ภาคตะวันออกเฉียงเหนือ,2,ชาติพัฒนา,268,0.26,14,103108
2562,pv_36_z_2,pv_36,ชัยภูมิ,ภาคตะวันออกเฉียงเหนือ,2,ไทยธรรม,182,0.18,15,103108
2562,pv_36_z_2,pv_36,ชัยภูมิ,ภาคตะวันออกเฉียงเหนือ,2,พลังประชาธิปไตย,180,0.17,16,103108
2562,pv_36_z_2,pv_36,ชัยภูมิ,ภาคตะวันออกเฉียงเหนือ,2,ประชาไทย,179,0.17,17,103108
2562,pv_36_z_2,pv_36,ชัยภูมิ,ภาคตะวันออกเฉียงเหนือ,2,พลังไทยรักไทย,163,0.16,18,103108
2562,pv_36_z_2,pv_36,ชัยภูมิ,ภาคตะวันออกเฉียงเหนือ,2,ชาติไทยพัฒนา,144,0.14,19,103108
2562,pv_36_z_2,pv_36,ชัยภูมิ,ภาคตะวันออกเฉียงเหนือ,2,รวมพลังประชาชาติไทย,143,0.14,20,103108
2562,pv_36_z_2,pv_36,ชัยภูมิ,ภาคตะวันออกเฉียงเหนือ,2,รักท้องถิ่นไทย,105,0.10,21,103108
2562,pv_36_z_2,pv_36,ชัยภูมิ,ภาคตะวันออกเฉียงเหนือ,2,พลังแรงงานไทย,97,0.09,22,103108
2562,pv_36_z_2,pv_36,ชัยภูมิ,ภาคตะวันออกเฉียงเหนือ,2,พลังท้องถิ่นไท,92,0.09,23,103108
2562,pv_36_z_2,pv_36,ชัยภูมิ,ภาคตะวันออกเฉียงเหนือ,2,ประชาภิวัฒน์,85,0.08,24,103108
2562,pv_36_z_2,pv_36,ชัยภูมิ,ภาคตะวันออกเฉียงเหนือ,2,เพื่อแผ่นดิน,79,0.08,25,103108
2562,pv_36_z_2,pv_36,ชัยภูมิ,ภาคตะวันออกเฉียงเหนือ,2,ไทรักธรรม,77,0.07,26,103108
2562,pv_36_z_2,pv_36,ชัยภูมิ,ภาคตะวันออกเฉียงเหนือ,2,ประชานิยม,44,0.04,27,103108
2562,pv_36_z_2,pv_36,ชัยภูมิ,ภาคตะวันออกเฉียงเหนือ,2,พลังรัก,41,0.04,28,103108
2562,pv_36_z_2,pv_36,ชัยภูมิ,ภาคตะวันออกเฉียงเหนือ,2,ประชาธรรมไทย,35,0.03,29,103108
2562,pv_36_z_2,pv_36,ชัยภูมิ,ภาคตะวันออกเฉียงเหนือ,2,พลังศรัทธา,35,0.03,30,103108
2562,pv_36_z_2,pv_36,ชัยภูมิ,ภาคตะวันออกเฉียงเหนือ,2,ประชาชนปฏิรูป,32,0.03,31,103108
2562,pv_36_z_2,pv_36,ชัยภูมิ,ภาคตะวันออกเฉียงเหนือ,2,ประชาธิปไตยใหม่,27,0.03,32,103108
2562,pv_36_z_2,pv_36,ชัยภูมิ,ภาคตะวันออกเฉียงเหนือ,2,ครูไทยเพื่อประชาชน,27,0.03,33,103108
2562,pv_36_z_2,pv_36,ชัยภูมิ,ภาคตะวันออกเฉียงเหนือ,2,ประชากรไทย,22,0.02,34,103108
2562,pv_36_z_2,pv_36,ชัยภูมิ,ภาคตะวันออกเฉียงเหนือ,2,ผึ้งหลวง,21,0.02,35,103108
2562,pv_36_z_2,pv_36,ชัยภูมิ,ภาคตะวันออกเฉียงเหนือ,2,มหาชน,6,0.01,36,103108
2562,pv_36_z_2,pv_36,ชัยภูมิ,ภาคตะวันออกเฉียงเหนือ,2,เพื่อนไทย,0,0.00,37,103108
2562,pv_36_z_3,pv_36,ชัยภูมิ,ภาคตะวันออกเฉียงเหนือ,3,พลังประชารัฐ,32352,39.11,1,82726
2562,pv_36_z_3,pv_36,ชัยภูมิ,ภาคตะวันออกเฉียงเหนือ,3,เพื่อไทย,24141,29.18,2,82726
2562,pv_36_z_3,pv_36,ชัยภูมิ,ภาคตะวันออกเฉียงเหนือ,3,อนาคตใหม่,7902,9.55,3,82726
2562,pv_36_z_3,pv_36,ชัยภูมิ,ภาคตะวันออกเฉียงเหนือ,3,ภูมิใจไทย,7266,8.78,4,82726
2562,pv_36_z_3,pv_36,ชัยภูมิ,ภาคตะวันออกเฉียงเหนือ,3,เสรีรวมไทย,2665,3.22,5,82726
2562,pv_36_z_3,pv_36,ชัยภูมิ,ภาคตะวันออกเฉียงเหนือ,3,ประชาธิปัตย์,2156,2.61,6,82726
2562,pv_36_z_3,pv_36,ชัยภูมิ,ภาคตะวันออกเฉียงเหนือ,3,ประชาชนปฏิรูป,733,0.89,7,82726
2562,pv_36_z_3,pv_36,ชัยภูมิ,ภาคตะวันออกเฉียงเหนือ,3,พลังไทยรักไทย,685,0.83,8,82726
2562,pv_36_z_3,pv_36,ชัยภูมิ,ภาคตะวันออกเฉียงเหนือ,3,ชาติไทยพัฒนา,639,0.77,9,82726
2562,pv_36_z_3,pv_36,ชัยภูมิ,ภาคตะวันออกเฉียงเหนือ,3,เศรษฐกิจใหม่,513,0.62,10,82726
2562,pv_36_z_3,pv_36,ชัยภูมิ,ภาคตะวันออกเฉียงเหนือ,3,พลังท้องถิ่นไท,435,0.53,11,82726
2562,pv_36_z_3,pv_36,ชัยภูมิ,ภาคตะวันออกเฉียงเหนือ,3,มหาชน,399,0.48,12,82726
2562,pv_36_z_3,pv_36,ชัยภูมิ,ภาคตะวันออกเฉียงเหนือ,3,ชาติพัฒนา,366,0.44,13,82726
2562,pv_36_z_3,pv_36,ชัยภูมิ,ภาคตะวันออกเฉียงเหนือ,3,เพื่อชาติ,338,0.41,14,82726
2562,pv_36_z_3,pv_36,ชัยภูมิ,ภาคตะวันออกเฉียงเหนือ,3,เพื่อคนไทย,244,0.29,15,82726
2562,pv_36_z_3,pv_36,ชัยภูมิ,ภาคตะวันออกเฉียงเหนือ,3,พลังปวงชนไทย,215,0.26,16,82726
2562,pv_36_z_3,pv_36,ชัยภูมิ,ภาคตะวันออกเฉียงเหนือ,3,ประชากรไทย,186,0.22,17,82726
2562,pv_36_z_3,pv_36,ชัยภูมิ,ภาคตะวันออกเฉียงเหนือ,3,ทางเลือกใหม่,155,0.19,18,82726
2562,pv_36_z_3,pv_36,ชัยภูมิ,ภาคตะวันออกเฉียงเหนือ,3,ประชาภิวัฒน์,144,0.17,19,82726
2562,pv_36_z_3,pv_36,ชัยภูมิ,ภาคตะวันออกเฉียงเหนือ,3,ภาคีเครือข่ายไทย,137,0.17,20,82726
2562,pv_36_z_3,pv_36,ชัยภูมิ,ภาคตะวันออกเฉียงเหนือ,3,ไทยธรรม,128,0.15,21,82726
2562,pv_36_z_3,pv_36,ชัยภูมิ,ภาคตะวันออกเฉียงเหนือ,3,ประชานิยม,102,0.12,22,82726
2562,pv_36_z_3,pv_36,ชัยภูมิ,ภาคตะวันออกเฉียงเหนือ,3,เพื่อแผ่นดิน,102,0.12,23,82726
2562,pv_36_z_3,pv_36,ชัยภูมิ,ภาคตะวันออกเฉียงเหนือ,3,ครูไทยเพื่อประชาชน,97,0.12,24,82726
2562,pv_36_z_3,pv_36,ชัยภูมิ,ภาคตะวันออกเฉียงเหนือ,3,พลังแรงงานไทย,94,0.11,25,82726
2562,pv_36_z_3,pv_36,ชัยภูมิ,ภาคตะวันออกเฉียงเหนือ,3,ประชาธิปไตยใหม่,89,0.11,26,82726
2562,pv_36_z_3,pv_36,ชัยภูมิ,ภาคตะวันออกเฉียงเหนือ,3,รักษ์ผืนป่าประเทศไทย,81,0.10,27,82726
2562,pv_36_z_3,pv_36,ชัยภูมิ,ภาคตะวันออกเฉียงเหนือ,3,รวมพลังประชาชาติไทย,79,0.10,28,82726
2562,pv_36_z_3,pv_36,ชัยภูมิ,ภาคตะวันออกเฉียงเหนือ,3,ไทรักธรรม,75,0.09,29,82726
2562,pv_36_z_3,pv_36,ชัยภูมิ,ภาคตะวันออกเฉียงเหนือ,3,พลังศรัทธา,48,0.06,30,82726
2562,pv_36_z_3,pv_36,ชัยภูมิ,ภาคตะวันออกเฉียงเหนือ,3,แทนคุณแผ่นดิน,48,0.06,31,82726
2562,pv_36_z_3,pv_36,ชัยภูมิ,ภาคตะวันออกเฉียงเหนือ,3,ผึ้งหลวง,45,0.05,32,82726
2562,pv_36_z_3,pv_36,ชัยภูมิ,ภาคตะวันออกเฉียงเหนือ,3,พลังประชาธิปไตย,34,0.04,33,82726
2562,pv_36_z_3,pv_36,ชัยภูมิ,ภาคตะวันออกเฉียงเหนือ,3,ประชาไทย,33,0.04,34,82726
2562,pv_36_z_3,pv_36,ชัยภูมิ,ภาคตะวันออกเฉียงเหนือ,3,เพื่อนไทย,0,0.00,35,82726
2562,pv_36_z_3,pv_36,ชัยภูมิ,ภาคตะวันออกเฉียงเหนือ,3,ไทยรักษาชาติ,0,0.00,36,82726
2562,pv_36_z_4,pv_36,ชัยภูมิ,ภาคตะวันออกเฉียงเหนือ,4,เพื่อไทย,41991,39.87,1,105318
2562,pv_36_z_4,pv_36,ชัยภูมิ,ภาคตะวันออกเฉียงเหนือ,4,พลังประชารัฐ,27694,26.30,2,105318
2562,pv_36_z_4,pv_36,ชัยภูมิ,ภาคตะวันออกเฉียงเหนือ,4,อนาคตใหม่,11760,11.17,3,105318
2562,pv_36_z_4,pv_36,ชัยภูมิ,ภาคตะวันออกเฉียงเหนือ,4,เพื่อชาติ,7293,6.92,4,105318
2562,pv_36_z_4,pv_36,ชัยภูมิ,ภาคตะวันออกเฉียงเหนือ,4,ประชาชาติ,4845,4.60,5,105318
2562,pv_36_z_4,pv_36,ชัยภูมิ,ภาคตะวันออกเฉียงเหนือ,4,ประชาธิปัตย์,1870,1.78,6,105318
2562,pv_36_z_4,pv_36,ชัยภูมิ,ภาคตะวันออกเฉียงเหนือ,4,เศรษฐกิจใหม่,1195,1.13,7,105318
2562,pv_36_z_4,pv_36,ชัยภูมิ,ภาคตะวันออกเฉียงเหนือ,4,เสรีรวมไทย,1128,1.07,8,105318
2562,pv_36_z_4,pv_36,ชัยภูมิ,ภาคตะวันออกเฉียงเหนือ,4,ประชาธรรมไทย,940,0.89,9,105318
2562,pv_36_z_4,pv_36,ชัยภูมิ,ภาคตะวันออกเฉียงเหนือ,4,ภูมิใจไทย,894,0.85,10,105318
2562,pv_36_z_4,pv_36,ชัยภูมิ,ภาคตะวันออกเฉียงเหนือ,4,ประชานิยม,636,0.60,11,105318
2562,pv_36_z_4,pv_36,ชัยภูมิ,ภาคตะวันออกเฉียงเหนือ,4,พลังท้องถิ่นไท,553,0.53,12,105318
2562,pv_36_z_4,pv_36,ชัยภูมิ,ภาคตะวันออกเฉียงเหนือ,4,ไทยธรรม,515,0.49,13,105318
2562,pv_36_z_4,pv_36,ชัยภูมิ,ภาคตะวันออกเฉียงเหนือ,4,พลเมืองไทย,496,0.47,14,105318
2562,pv_36_z_4,pv_36,ชัยภูมิ,ภาคตะวันออกเฉียงเหนือ,4,ประชาภิวัฒน์,374,0.36,15,105318
2562,pv_36_z_4,pv_36,ชัยภูมิ,ภาคตะวันออกเฉียงเหนือ,4,พลังปวงชนไทย,358,0.34,16,105318
2562,pv_36_z_4,pv_36,ชัยภูมิ,ภาคตะวันออกเฉียงเหนือ,4,รักษ์ผืนป่าประเทศไทย,313,0.30,17,105318
2562,pv_36_z_4,pv_36,ชัยภูมิ,ภาคตะวันออกเฉียงเหนือ,4,ชาติพัฒนา,309,0.29,18,105318
2562,pv_36_z_4,pv_36,ชัยภูมิ,ภาคตะวันออกเฉียงเหนือ,4,ทางเลือกใหม่,289,0.27,19,105318
2562,pv_36_z_4,pv_36,ชัยภูมิ,ภาคตะวันออกเฉียงเหนือ,4,แทนคุณแผ่นดิน,217,0.21,20,105318
2562,pv_36_z_4,pv_36,ชัยภูมิ,ภาคตะวันออกเฉียงเหนือ,4,ประชาธิปไตยใหม่,205,0.19,21,105318
2562,pv_36_z_4,pv_36,ชัยภูมิ,ภาคตะวันออกเฉียงเหนือ,4,พลังแรงงานไทย,179,0.17,22,105318
2562,pv_36_z_4,pv_36,ชัยภูมิ,ภาคตะวันออกเฉียงเหนือ,4,เพื่อแผ่นดิน,163,0.15,23,105318
2562,pv_36_z_4,pv_36,ชัยภูมิ,ภาคตะวันออกเฉียงเหนือ,4,ครูไทยเพื่อประชาชน,148,0.14,24,105318
2562,pv_36_z_4,pv_36,ชัยภูมิ,ภาคตะวันออกเฉียงเหนือ,4,ประชากรไทย,132,0.13,25,105318
2562,pv_36_z_4,pv_36,ชัยภูมิ,ภาคตะวันออกเฉียงเหนือ,4,รวมพลังประชาชาติไทย,107,0.10,26,105318
2562,pv_36_z_4,pv_36,ชัยภูมิ,ภาคตะวันออกเฉียงเหนือ,4,พลังไทสร้างชาติ,106,0.10,27,105318
2562,pv_36_z_4,pv_36,ชัยภูมิ,ภาคตะวันออกเฉียงเหนือ,4,ประชาชนปฏิรูป,95,0.09,28,105318
2562,pv_36_z_4,pv_36,ชัยภูมิ,ภาคตะวันออกเฉียงเหนือ,4,ไทรักธรรม,92,0.09,29,105318
2562,pv_36_z_4,pv_36,ชัยภูมิ,ภาคตะวันออกเฉียงเหนือ,4,พลังศรัทธา,83,0.08,30,105318
2562,pv_36_z_4,pv_36,ชัยภูมิ,ภาคตะวันออกเฉียงเหนือ,4,ชาติไทยพัฒนา,81,0.08,31,105318
2562,pv_36_z_4,pv_36,ชัยภูมิ,ภาคตะวันออกเฉียงเหนือ,4,มหาชน,77,0.07,32,105318
2562,pv_36_z_4,pv_36,ชัยภูมิ,ภาคตะวันออกเฉียงเหนือ,4,ผึ้งหลวง,70,0.07,33,105318
2562,pv_36_z_4,pv_36,ชัยภูมิ,ภาคตะวันออกเฉียงเหนือ,4,รักท้องถิ่นไทย,65,0.06,34,105318
2562,pv_36_z_4,pv_36,ชัยภูมิ,ภาคตะวันออกเฉียงเหนือ,4,พลังชาติไทย,45,0.04,35,105318
2562,pv_36_z_4,pv_36,ชัยภูมิ,ภาคตะวันออกเฉียงเหนือ,4,เพื่อนไทย,0,0.00,36,105318
2562,pv_36_z_4,pv_36,ชัยภูมิ,ภาคตะวันออกเฉียงเหนือ,4,ไทยรักษาชาติ,0,0.00,37,105318
2562,pv_36_z_5,pv_36,ชัยภูมิ,ภาคตะวันออกเฉียงเหนือ,5,เพื่อไทย,33313,34.10,1,97704
2562,pv_36_z_5,pv_36,ชัยภูมิ,ภาคตะวันออกเฉียงเหนือ,5,ภูมิใจไทย,25624,26.23,2,97704
2562,pv_36_z_5,pv_36,ชัยภูมิ,ภาคตะวันออกเฉียงเหนือ,5,พลังประชารัฐ,14633,14.98,3,97704
2562,pv_36_z_5,pv_36,ชัยภูมิ,ภาคตะวันออกเฉียงเหนือ,5,อนาคตใหม่,12300,12.59,4,97704
2562,pv_36_z_5,pv_36,ชัยภูมิ,ภาคตะวันออกเฉียงเหนือ,5,เศรษฐกิจใหม่,1609,1.65,5,97704
2562,pv_36_z_5,pv_36,ชัยภูมิ,ภาคตะวันออกเฉียงเหนือ,5,ประชาชาติ,1343,1.37,6,97704
2562,pv_36_z_5,pv_36,ชัยภูมิ,ภาคตะวันออกเฉียงเหนือ,5,เสรีรวมไทย,1312,1.34,7,97704
2562,pv_36_z_5,pv_36,ชัยภูมิ,ภาคตะวันออกเฉียงเหนือ,5,ประชาธิปัตย์,1201,1.23,8,97704
2562,pv_36_z_5,pv_36,ชัยภูมิ,ภาคตะวันออกเฉียงเหนือ,5,พลังรัก,684,0.70,9,97704
2562,pv_36_z_5,pv_36,ชัยภูมิ,ภาคตะวันออกเฉียงเหนือ,5,ประชาไทย,635,0.65,10,97704
2562,pv_36_z_5,pv_36,ชัยภูมิ,ภาคตะวันออกเฉียงเหนือ,5,พลังไทยรักไทย,536,0.55,11,97704
2562,pv_36_z_5,pv_36,ชัยภูมิ,ภาคตะวันออกเฉียงเหนือ,5,เพื่อคนไทย,455,0.47,12,97704
2562,pv_36_z_5,pv_36,ชัยภูมิ,ภาคตะวันออกเฉียงเหนือ,5,เพื่อชาติ,433,0.44,13,97704
2562,pv_36_z_5,pv_36,ชัยภูมิ,ภาคตะวันออกเฉียงเหนือ,5,ผึ้งหลวง,381,0.39,14,97704
2562,pv_36_z_5,pv_36,ชัยภูมิ,ภาคตะวันออกเฉียงเหนือ,5,ชาติไทยพัฒนา,378,0.39,15,97704
2562,pv_36_z_5,pv_36,ชัยภูมิ,ภาคตะวันออกเฉียงเหนือ,5,ประชานิยม,319,0.33,16,97704
2562,pv_36_z_5,pv_36,ชัยภูมิ,ภาคตะวันออกเฉียงเหนือ,5,พลังท้องถิ่นไท,313,0.32,17,97704
2562,pv_36_z_5,pv_36,ชัยภูมิ,ภาคตะวันออกเฉียงเหนือ,5,ทางเลือกใหม่,268,0.27,18,97704
2562,pv_36_z_5,pv_36,ชัยภูมิ,ภาคตะวันออกเฉียงเหนือ,5,ชาติพัฒนา,253,0.26,19,97704
2562,pv_36_z_5,pv_36,ชัยภูมิ,ภาคตะวันออกเฉียงเหนือ,5,พลเมืองไทย,222,0.23,20,97704
2562,pv_36_z_5,pv_36,ชัยภูมิ,ภาคตะวันออกเฉียงเหนือ,5,ครูไทยเพื่อประชาชน,156,0.16,21,97704
2562,pv_36_z_5,pv_36,ชัยภูมิ,ภาคตะวันออกเฉียงเหนือ,5,รักษ์ผืนป่าประเทศไทย,154,0.16,22,97704
2562,pv_36_z_5,pv_36,ชัยภูมิ,ภาคตะวันออกเฉียงเหนือ,5,เพื่อแผ่นดิน,149,0.15,23,97704
2562,pv_36_z_5,pv_36,ชัยภูมิ,ภาคตะวันออกเฉียงเหนือ,5,ประชาภิวัฒน์,146,0.15,24,97704
2562,pv_36_z_5,pv_36,ชัยภูมิ,ภาคตะวันออกเฉียงเหนือ,5,ไทยธรรม,119,0.12,25,97704
2562,pv_36_z_5,pv_36,ชัยภูมิ,ภาคตะวันออกเฉียงเหนือ,5,รวมพลังประชาชาติไทย,116,0.12,26,97704
2562,pv_36_z_5,pv_36,ชัยภูมิ,ภาคตะวันออกเฉียงเหนือ,5,พลังธรรมใหม่,101,0.10,27,97704
2562,pv_36_z_5,pv_36,ชัยภูมิ,ภาคตะวันออกเฉียงเหนือ,5,ประชาธรรมไทย,86,0.09,28,97704
2562,pv_36_z_5,pv_36,ชัยภูมิ,ภาคตะวันออกเฉียงเหนือ,5,ไทรักธรรม,81,0.08,29,97704
2562,pv_36_z_5,pv_36,ชัยภูมิ,ภาคตะวันออกเฉียงเหนือ,5,ประชาชนปฏิรูป,73,0.07,30,97704
2562,pv_36_z_5,pv_36,ชัยภูมิ,ภาคตะวันออกเฉียงเหนือ,5,พลังประชาธิปไตย,71,0.07,31,97704
2562,pv_36_z_5,pv_36,ชัยภูมิ,ภาคตะวันออกเฉียงเหนือ,5,ภาคีเครือข่ายไทย,68,0.07,32,97704
2562,pv_36_z_5,pv_36,ชัยภูมิ,ภาคตะวันออกเฉียงเหนือ,5,พลังไทสร้างชาติ,50,0.05,33,97704
2562,pv_36_z_5,pv_36,ชัยภูมิ,ภาคตะวันออกเฉียงเหนือ,5,ประชาธิปไตยใหม่,39,0.04,34,97704
2562,pv_36_z_5,pv_36,ชัยภูมิ,ภาคตะวันออกเฉียงเหนือ,5,พลังชาติไทย,35,0.04,35,97704
2562,pv_36_z_5,pv_36,ชัยภูมิ,ภาคตะวันออกเฉียงเหนือ,5,แทนคุณแผ่นดิน,25,0.03,36,97704
2562,pv_36_z_5,pv_36,ชัยภูมิ,ภาคตะวันออกเฉียงเหนือ,5,มหาชน,23,0.02,37,97704
2562,pv_36_z_5,pv_36,ชัยภูมิ,ภาคตะวันออกเฉียงเหนือ,5,เพื่อนไทย,0,0.00,38,97704
2562,pv_36_z_5,pv_36,ชัยภูมิ,ภาคตะวันออกเฉียงเหนือ,5,ประชากรไทย,0,0.00,39,97704
2562,pv_36_z_5,pv_36,ชัยภูมิ,ภาคตะวันออกเฉียงเหนือ,5,ไทยรักษาชาติ,0,0.00,40,97704
2562,pv_36_z_6,pv_36,ชัยภูมิ,ภาคตะวันออกเฉียงเหนือ,6,เพื่อไทย,36009,36.18,1,99534
2562,pv_36_z_6,pv_36,ชัยภูมิ,ภาคตะวันออกเฉียงเหนือ,6,ภูมิใจไทย,23290,23.40,2,99534
2562,pv_36_z_6,pv_36,ชัยภูมิ,ภาคตะวันออกเฉียงเหนือ,6,พลังประชารัฐ,18527,18.61,3,99534
2562,pv_36_z_6,pv_36,ชัยภูมิ,ภาคตะวันออกเฉียงเหนือ,6,อนาคตใหม่,12557,12.62,4,99534
2562,pv_36_z_6,pv_36,ชัยภูมิ,ภาคตะวันออกเฉียงเหนือ,6,เสรีรวมไทย,1195,1.20,5,99534
2562,pv_36_z_6,pv_36,ชัยภูมิ,ภาคตะวันออกเฉียงเหนือ,6,ประชาธิปัตย์,1184,1.19,6,99534
2562,pv_36_z_6,pv_36,ชัยภูมิ,ภาคตะวันออกเฉียงเหนือ,6,พลังไทยรักไทย,1090,1.10,7,99534
2562,pv_36_z_6,pv_36,ชัยภูมิ,ภาคตะวันออกเฉียงเหนือ,6,ประชาชาติ,689,0.69,8,99534
2562,pv_36_z_6,pv_36,ชัยภูมิ,ภาคตะวันออกเฉียงเหนือ,6,ผึ้งหลวง,614,0.62,9,99534
2562,pv_36_z_6,pv_36,ชัยภูมิ,ภาคตะวันออกเฉียงเหนือ,6,ประชาชนปฏิรูป,548,0.55,10,99534
2562,pv_36_z_6,pv_36,ชัยภูมิ,ภาคตะวันออกเฉียงเหนือ,6,ประชาธิปไตยใหม่,455,0.46,11,99534
2562,pv_36_z_6,pv_36,ชัยภูมิ,ภาคตะวันออกเฉียงเหนือ,6,เศรษฐกิจใหม่,411,0.41,12,99534
2562,pv_36_z_6,pv_36,ชัยภูมิ,ภาคตะวันออกเฉียงเหนือ,6,ประชาภิวัฒน์,290,0.29,13,99534
2562,pv_36_z_6,pv_36,ชัยภูมิ,ภาคตะวันออกเฉียงเหนือ,6,รวมพลังประชาชาติไทย,239,0.24,14,99534
2562,pv_36_z_6,pv_36,ชัยภูมิ,ภาคตะวันออกเฉียงเหนือ,6,ทางเลือกใหม่,220,0.22,15,99534
2562,pv_36_z_6,pv_36,ชัยภูมิ,ภาคตะวันออกเฉียงเหนือ,6,เพื่อชาติ,212,0.21,16,99534
2562,pv_36_z_6,pv_36,ชัยภูมิ,ภาคตะวันออกเฉียงเหนือ,6,เพื่อคนไทย,209,0.21,17,99534
2562,pv_36_z_6,pv_36,ชัยภูมิ,ภาคตะวันออกเฉียงเหนือ,6,พลังท้องถิ่นไท,198,0.20,18,99534
2562,pv_36_z_6,pv_36,ชัยภูมิ,ภาคตะวันออกเฉียงเหนือ,6,ชาติพัฒนา,198,0.20,19,99534
2562,pv_36_z_6,pv_36,ชัยภูมิ,ภาคตะวันออกเฉียงเหนือ,6,พลังแรงงานไทย,175,0.18,20,99534
2562,pv_36_z_6,pv_36,ชัยภูมิ,ภาคตะวันออกเฉียงเหนือ,6,ประชานิยม,170,0.17,21,99534
2562,pv_36_z_6,pv_36,ชัยภูมิ,ภาคตะวันออกเฉียงเหนือ,6,รักษ์ผืนป่าประเทศไทย,150,0.15,22,99534
2562,pv_36_z_6,pv_36,ชัยภูมิ,ภาคตะวันออกเฉียงเหนือ,6,พลังปวงชนไทย,123,0.12,23,99534
2562,pv_36_z_6,pv_36,ชัยภูมิ,ภาคตะวันออกเฉียงเหนือ,6,ครูไทยเพื่อประชาชน,116,0.12,24,99534
2562,pv_36_z_6,pv_36,ชัยภูมิ,ภาคตะวันออกเฉียงเหนือ,6,ชาติไทยพัฒนา,108,0.11,25,99534
2562,pv_36_z_6,pv_36,ชัยภูมิ,ภาคตะวันออกเฉียงเหนือ,6,ภาคีเครือข่ายไทย,97,0.10,26,99534
2562,pv_36_z_6,pv_36,ชัยภูมิ,ภาคตะวันออกเฉียงเหนือ,6,ไทรักธรรม,79,0.08,27,99534
2562,pv_36_z_6,pv_36,ชัยภูมิ,ภาคตะวันออกเฉียงเหนือ,6,ประชาไทย,73,0.07,28,99534
2562,pv_36_z_6,pv_36,ชัยภูมิ,ภาคตะวันออกเฉียงเหนือ,6,พลังชาติไทย,68,0.07,29,99534
2562,pv_36_z_6,pv_36,ชัยภูมิ,ภาคตะวันออกเฉียงเหนือ,6,เพื่อแผ่นดิน,59,0.06,30,99534
2562,pv_36_z_6,pv_36,ชัยภูมิ,ภาคตะวันออกเฉียงเหนือ,6,ไทยธรรม,56,0.06,31,99534
2562,pv_36_z_6,pv_36,ชัยภูมิ,ภาคตะวันออกเฉียงเหนือ,6,พลังไทสร้างชาติ,50,0.05,32,99534
2562,pv_36_z_6,pv_36,ชัยภูมิ,ภาคตะวันออกเฉียงเหนือ,6,พลังประชาธิปไตย,49,0.05,33,99534
2562,pv_36_z_6,pv_36,ชัยภูมิ,ภาคตะวันออกเฉียงเหนือ,6,ประชาธรรมไทย,26,0.03,34,99534
2562,pv_36_z_6,pv_36,ชัยภูมิ,ภาคตะวันออกเฉียงเหนือ,6,เพื่อนไทย,0,0.00,35,99534
2562,pv_36_z_6,pv_36,ชัยภูมิ,ภาคตะวันออกเฉียงเหนือ,6,ประชากรไทย,0,0.00,36,99534
2562,pv_36_z_6,pv_36,ชัยภูมิ,ภาคตะวันออกเฉียงเหนือ,6,ไทยรักษาชาติ,0,0.00,37,99534
2562,pv_20_z_1,pv_20,ชลบุรี,ภาคตะวันออก,1,พลังประชารัฐ,38268,34.32,1,111517
2562,pv_20_z_1,pv_20,ชลบุรี,ภาคตะวันออก,1,อนาคตใหม่,27430,24.60,2,111517
2562,pv_20_z_1,pv_20,ชลบุรี,ภาคตะวันออก,1,เพื่อไทย,14877,13.34,3,111517
2562,pv_20_z_1,pv_20,ชลบุรี,ภาคตะวันออก,1,ประชาธิปัตย์,8362,7.50,4,111517
2562,pv_20_z_1,pv_20,ชลบุรี,ภาคตะวันออก,1,ภูมิใจไทย,8266,7.41,5,111517
2562,pv_20_z_1,pv_20,ชลบุรี,ภาคตะวันออก,1,เศรษฐกิจใหม่,5327,4.78,6,111517
2562,pv_20_z_1,pv_20,ชลบุรี,ภาคตะวันออก,1,เสรีรวมไทย,5199,4.66,7,111517
2562,pv_20_z_1,pv_20,ชลบุรี,ภาคตะวันออก,1,สังคมประชาธิปไตยไทย,624,0.56,8,111517
2562,pv_20_z_1,pv_20,ชลบุรี,ภาคตะวันออก,1,ไทยศรีวิไลย์,436,0.39,9,111517
2562,pv_20_z_1,pv_20,ชลบุรี,ภาคตะวันออก,1,ชาติพัฒนา,399,0.36,10,111517
2562,pv_20_z_1,pv_20,ชลบุรี,ภาคตะวันออก,1,รวมพลังประชาชาติไทย,388,0.35,11,111517
2562,pv_20_z_1,pv_20,ชลบุรี,ภาคตะวันออก,1,พลังชาติไทย,296,0.27,12,111517
2562,pv_20_z_1,pv_20,ชลบุรี,ภาคตะวันออก,1,ประชาภิวัฒน์,250,0.22,13,111517
2562,pv_20_z_1,pv_20,ชลบุรี,ภาคตะวันออก,1,รักษ์ผืนป่าประเทศไทย,209,0.19,14,111517
2562,pv_20_z_1,pv_20,ชลบุรี,ภาคตะวันออก,1,ชาติไทยพัฒนา,178,0.16,15,111517
2562,pv_20_z_1,pv_20,ชลบุรี,ภาคตะวันออก,1,ประชาชนปฏิรูป,162,0.15,16,111517
2562,pv_20_z_1,pv_20,ชลบุรี,ภาคตะวันออก,1,ไทยรุ่งเรือง,160,0.14,17,111517
2562,pv_20_z_1,pv_20,ชลบุรี,ภาคตะวันออก,1,ภาคีเครือข่ายไทย,149,0.13,18,111517
2562,pv_20_z_1,pv_20,ชลบุรี,ภาคตะวันออก,1,พลังประชาธิปไตย,130,0.12,19,111517
2562,pv_20_z_1,pv_20,ชลบุรี,ภาคตะวันออก,1,ครูไทยเพื่อประชาชน,111,0.10,20,111517
2562,pv_20_z_1,pv_20,ชลบุรี,ภาคตะวันออก,1,เพื่อชาติ,109,0.10,21,111517
2562,pv_20_z_1,pv_20,ชลบุรี,ภาคตะวันออก,1,พลังปวงชนไทย,84,0.08,22,111517
2562,pv_20_z_1,pv_20,ชลบุรี,ภาคตะวันออก,1,ไทรักธรรม,54,0.05,23,111517
2562,pv_20_z_1,pv_20,ชลบุรี,ภาคตะวันออก,1,ประชานิยม,49,0.04,24,111517
2562,pv_20_z_2,pv_20,ชลบุรี,ภาคตะวันออก,2,พลังประชารัฐ,42427,38.67,1,109704
2562,pv_20_z_2,pv_20,ชลบุรี,ภาคตะวันออก,2,อนาคตใหม่,21147,19.28,2,109704
2562,pv_20_z_2,pv_20,ชลบุรี,ภาคตะวันออก,2,ภูมิใจไทย,20853,19.01,3,109704
2562,pv_20_z_2,pv_20,ชลบุรี,ภาคตะวันออก,2,เพื่อไทย,11102,10.12,4,109704
2562,pv_20_z_2,pv_20,ชลบุรี,ภาคตะวันออก,2,ประชาธิปัตย์,6020,5.49,5,109704
2562,pv_20_z_2,pv_20,ชลบุรี,ภาคตะวันออก,2,เศรษฐกิจใหม่,2903,2.65,6,109704
2562,pv_20_z_2,pv_20,ชลบุรี,ภาคตะวันออก,2,เสรีรวมไทย,2707,2.47,7,109704
2562,pv_20_z_2,pv_20,ชลบุรี,ภาคตะวันออก,2,รวมพลังประชาชาติไทย,485,0.44,8,109704
2562,pv_20_z_2,pv_20,ชลบุรี,ภาคตะวันออก,2,ไทยศรีวิไลย์,311,0.28,9,109704
2562,pv_20_z_2,pv_20,ชลบุรี,ภาคตะวันออก,2,สังคมประชาธิปไตยไทย,302,0.28,10,109704
2562,pv_20_z_2,pv_20,ชลบุรี,ภาคตะวันออก,2,ชาติพัฒนา,235,0.21,11,109704
2562,pv_20_z_2,pv_20,ชลบุรี,ภาคตะวันออก,2,พลังชาติไทย,216,0.20,12,109704
2562,pv_20_z_2,pv_20,ชลบุรี,ภาคตะวันออก,2,รักษ์ผืนป่าประเทศไทย,159,0.14,13,109704
2562,pv_20_z_2,pv_20,ชลบุรี,ภาคตะวันออก,2,ไทรักธรรม,140,0.13,14,109704
2562,pv_20_z_2,pv_20,ชลบุรี,ภาคตะวันออก,2,ไทยรุ่งเรือง,108,0.10,15,109704
2562,pv_20_z_2,pv_20,ชลบุรี,ภาคตะวันออก,2,ครูไทยเพื่อประชาชน,107,0.10,16,109704
2562,pv_20_z_2,pv_20,ชลบุรี,ภาคตะวันออก,2,พลังประชาธิปไตย,107,0.10,17,109704
2562,pv_20_z_2,pv_20,ชลบุรี,ภาคตะวันออก,2,ชาติไทยพัฒนา,96,0.09,18,109704
2562,pv_20_z_2,pv_20,ชลบุรี,ภาคตะวันออก,2,ประชากรไทย,78,0.07,19,109704
2562,pv_20_z_2,pv_20,ชลบุรี,ภาคตะวันออก,2,เพื่อชาติ,69,0.06,20,109704
2562,pv_20_z_2,pv_20,ชลบุรี,ภาคตะวันออก,2,ประชาภิวัฒน์,63,0.06,21,109704
2562,pv_20_z_2,pv_20,ชลบุรี,ภาคตะวันออก,2,ประชานิยม,50,0.05,22,109704
2562,pv_20_z_2,pv_20,ชลบุรี,ภาคตะวันออก,2,พลังปวงชนไทย,19,0.02,23,109704
2562,pv_20_z_3,pv_20,ชลบุรี,ภาคตะวันออก,3,พลังประชารัฐ,54644,51.52,1,106056
2562,pv_20_z_3,pv_20,ชลบุรี,ภาคตะวันออก,3,อนาคตใหม่,15038,14.18,2,106056
2562,pv_20_z_3,pv_20,ชลบุรี,ภาคตะวันออก,3,ภูมิใจไทย,13815,13.03,3,106056
2562,pv_20_z_3,pv_20,ชลบุรี,ภาคตะวันออก,3,เพื่อไทย,10025,9.45,4,106056
2562,pv_20_z_3,pv_20,ชลบุรี,ภาคตะวันออก,3,ประชาธิปัตย์,5458,5.15,5,106056
2562,pv_20_z_3,pv_20,ชลบุรี,ภาคตะวันออก,3,เสรีรวมไทย,2422,2.28,6,106056
2562,pv_20_z_3,pv_20,ชลบุรี,ภาคตะวันออก,3,เศรษฐกิจใหม่,1623,1.53,7,106056
2562,pv_20_z_3,pv_20,ชลบุรี,ภาคตะวันออก,3,ผึ้งหลวง,534,0.50,8,106056
2562,pv_20_z_3,pv_20,ชลบุรี,ภาคตะวันออก,3,ไทยศรีวิไลย์,344,0.32,9,106056
2562,pv_20_z_3,pv_20,ชลบุรี,ภาคตะวันออก,3,ชาติพัฒนา,306,0.29,10,106056
2562,pv_20_z_3,pv_20,ชลบุรี,ภาคตะวันออก,3,รวมพลังประชาชาติไทย,263,0.25,11,106056
2562,pv_20_z_3,pv_20,ชลบุรี,ภาคตะวันออก,3,ไทยรุ่งเรือง,215,0.20,12,106056
2562,pv_20_z_3,pv_20,ชลบุรี,ภาคตะวันออก,3,ประชาภิวัฒน์,176,0.17,13,106056
2562,pv_20_z_3,pv_20,ชลบุรี,ภาคตะวันออก,3,รักษ์ผืนป่าประเทศไทย,165,0.16,14,106056
2562,pv_20_z_3,pv_20,ชลบุรี,ภาคตะวันออก,3,เครือข่ายชาวนาแห่งประเทศไทย,124,0.12,15,106056
2562,pv_20_z_3,pv_20,ชลบุรี,ภาคตะวันออก,3,พลังศรัทธา,109,0.10,16,106056
2562,pv_20_z_3,pv_20,ชลบุรี,ภาคตะวันออก,3,พลเมืองไทย,109,0.10,17,106056
2562,pv_20_z_3,pv_20,ชลบุรี,ภาคตะวันออก,3,พลังชาติไทย,103,0.10,18,106056
2562,pv_20_z_3,pv_20,ชลบุรี,ภาคตะวันออก,3,ประชานิยม,97,0.09,19,106056
2562,pv_20_z_3,pv_20,ชลบุรี,ภาคตะวันออก,3,พลังประชาธิปไตย,80,0.08,20,106056
2562,pv_20_z_3,pv_20,ชลบุรี,ภาคตะวันออก,3,ประชาชนปฏิรูป,74,0.07,21,106056
2562,pv_20_z_3,pv_20,ชลบุรี,ภาคตะวันออก,3,ครูไทยเพื่อประชาชน,74,0.07,22,106056
2562,pv_20_z_3,pv_20,ชลบุรี,ภาคตะวันออก,3,สังคมประชาธิปไตยไทย,67,0.06,23,106056
2562,pv_20_z_3,pv_20,ชลบุรี,ภาคตะวันออก,3,ชาติไทยพัฒนา,66,0.06,24,106056
2562,pv_20_z_3,pv_20,ชลบุรี,ภาคตะวันออก,3,เพื่อชาติ,64,0.06,25,106056
2562,pv_20_z_3,pv_20,ชลบุรี,ภาคตะวันออก,3,มหาชน,32,0.03,26,106056
2562,pv_20_z_3,pv_20,ชลบุรี,ภาคตะวันออก,3,พลังปวงชนไทย,29,0.03,27,106056
2562,pv_20_z_4,pv_20,ชลบุรี,ภาคตะวันออก,4,พลังประชารัฐ,31261,33.09,1,94469
2562,pv_20_z_4,pv_20,ชลบุรี,ภาคตะวันออก,4,เพื่อไทย,21021,22.25,2,94469
2562,pv_20_z_4,pv_20,ชลบุรี,ภาคตะวันออก,4,อนาคตใหม่,14732,15.59,3,94469
2562,pv_20_z_4,pv_20,ชลบุรี,ภาคตะวันออก,4,ประชาธิปัตย์,10940,11.58,4,94469
2562,pv_20_z_4,pv_20,ชลบุรี,ภาคตะวันออก,4,ภูมิใจไทย,9426,9.98,5,94469
2562,pv_20_z_4,pv_20,ชลบุรี,ภาคตะวันออก,4,เศรษฐกิจใหม่,1933,2.05,6,94469
2562,pv_20_z_4,pv_20,ชลบุรี,ภาคตะวันออก,4,เสรีรวมไทย,1685,1.78,7,94469
2562,pv_20_z_4,pv_20,ชลบุรี,ภาคตะวันออก,4,ไทยรุ่งเรือง,938,0.99,8,94469
2562,pv_20_z_4,pv_20,ชลบุรี,ภาคตะวันออก,4,ไทยศรีวิไลย์,407,0.43,9,94469
2562,pv_20_z_4,pv_20,ชลบุรี,ภาคตะวันออก,4,ชาติไทยพัฒนา,327,0.35,10,94469
2562,pv_20_z_4,pv_20,ชลบุรี,ภาคตะวันออก,4,รวมพลังประชาชาติไทย,248,0.26,11,94469
2562,pv_20_z_4,pv_20,ชลบุรี,ภาคตะวันออก,4,สังคมประชาธิปไตยไทย,224,0.24,12,94469
2562,pv_20_z_4,pv_20,ชลบุรี,ภาคตะวันออก,4,พลังท้องถิ่นไท,208,0.22,13,94469
2562,pv_20_z_4,pv_20,ชลบุรี,ภาคตะวันออก,4,ชาติพัฒนา,160,0.17,14,94469
2562,pv_20_z_4,pv_20,ชลบุรี,ภาคตะวันออก,4,ประชานิยม,133,0.14,15,94469
2562,pv_20_z_4,pv_20,ชลบุรี,ภาคตะวันออก,4,มหาชน,133,0.14,16,94469
2562,pv_20_z_4,pv_20,ชลบุรี,ภาคตะวันออก,4,ประชาภิวัฒน์,118,0.12,17,94469
2562,pv_20_z_4,pv_20,ชลบุรี,ภาคตะวันออก,4,พลเมืองไทย,96,0.10,18,94469
2562,pv_20_z_4,pv_20,ชลบุรี,ภาคตะวันออก,4,รักษ์ผืนป่าประเทศไทย,83,0.09,19,94469
2562,pv_20_z_4,pv_20,ชลบุรี,ภาคตะวันออก,4,ไทรักธรรม,76,0.08,20,94469
2562,pv_20_z_4,pv_20,ชลบุรี,ภาคตะวันออก,4,ผึ้งหลวง,64,0.07,21,94469
2562,pv_20_z_4,pv_20,ชลบุรี,ภาคตะวันออก,4,เครือข่ายชาวนาแห่งประเทศไทย,59,0.06,22,94469
2562,pv_20_z_4,pv_20,ชลบุรี,ภาคตะวันออก,4,พลังปวงชนไทย,54,0.06,23,94469
2562,pv_20_z_4,pv_20,ชลบุรี,ภาคตะวันออก,4,พลังชาติไทย,53,0.06,24,94469
2562,pv_20_z_4,pv_20,ชลบุรี,ภาคตะวันออก,4,เพื่อชาติ,52,0.06,25,94469
2562,pv_20_z_4,pv_20,ชลบุรี,ภาคตะวันออก,4,ประชาชนปฏิรูป,38,0.04,26,94469
2562,pv_20_z_5,pv_20,ชลบุรี,ภาคตะวันออก,5,อนาคตใหม่,43284,38.80,1,111550
2562,pv_20_z_5,pv_20,ชลบุรี,ภาคตะวันออก,5,พลังประชารัฐ,38321,34.35,2,111550
2562,pv_20_z_5,pv_20,ชลบุรี,ภาคตะวันออก,5,ประชาธิปัตย์,9696,8.69,3,111550
2562,pv_20_z_5,pv_20,ชลบุรี,ภาคตะวันออก,5,เสรีรวมไทย,7591,6.81,4,111550
2562,pv_20_z_5,pv_20,ชลบุรี,ภาคตะวันออก,5,เศรษฐกิจใหม่,4346,3.90,5,111550
2562,pv_20_z_5,pv_20,ชลบุรี,ภาคตะวันออก,5,ภูมิใจไทย,1722,1.54,6,111550
2562,pv_20_z_5,pv_20,ชลบุรี,ภาคตะวันออก,5,เพื่อชาติ,1604,1.44,7,111550
2562,pv_20_z_5,pv_20,ชลบุรี,ภาคตะวันออก,5,พลังท้องถิ่นไท,1103,0.99,8,111550
2562,pv_20_z_5,pv_20,ชลบุรี,ภาคตะวันออก,5,ชาติพัฒนา,745,0.67,9,111550
2562,pv_20_z_5,pv_20,ชลบุรี,ภาคตะวันออก,5,ไทยศรีวิไลย์,558,0.50,10,111550
2562,pv_20_z_5,pv_20,ชลบุรี,ภาคตะวันออก,5,สังคมประชาธิปไตยไทย,530,0.48,11,111550
2562,pv_20_z_5,pv_20,ชลบุรี,ภาคตะวันออก,5,รวมพลังประชาชาติไทย,517,0.46,12,111550
2562,pv_20_z_5,pv_20,ชลบุรี,ภาคตะวันออก,5,ชาติไทยพัฒนา,373,0.33,13,111550
2562,pv_20_z_5,pv_20,ชลบุรี,ภาคตะวันออก,5,รักษ์ผืนป่าประเทศไทย,331,0.30,14,111550
2562,pv_20_z_5,pv_20,ชลบุรี,ภาคตะวันออก,5,พลังชาติไทย,169,0.15,15,111550
2562,pv_20_z_5,pv_20,ชลบุรี,ภาคตะวันออก,5,ครูไทยเพื่อประชาชน,109,0.10,16,111550
2562,pv_20_z_5,pv_20,ชลบุรี,ภาคตะวันออก,5,ไทรักธรรม,103,0.09,17,111550
2562,pv_20_z_5,pv_20,ชลบุรี,ภาคตะวันออก,5,มติประชา,100,0.09,18,111550
2562,pv_20_z_5,pv_20,ชลบุรี,ภาคตะวันออก,5,ไทยรุ่งเรือง,79,0.07,19,111550
2562,pv_20_z_5,pv_20,ชลบุรี,ภาคตะวันออก,5,พลังปวงชนไทย,78,0.07,20,111550
2562,pv_20_z_5,pv_20,ชลบุรี,ภาคตะวันออก,5,ประชาภิวัฒน์,76,0.07,21,111550
2562,pv_20_z_5,pv_20,ชลบุรี,ภาคตะวันออก,5,มหาชน,61,0.05,22,111550
2562,pv_20_z_5,pv_20,ชลบุรี,ภาคตะวันออก,5,ประชานิยม,54,0.05,23,111550
2562,pv_20_z_6,pv_20,ชลบุรี,ภาคตะวันออก,6,อนาคตใหม่,39189,40.04,1,97874
2562,pv_20_z_6,pv_20,ชลบุรี,ภาคตะวันออก,6,พลังประชารัฐ,33440,34.17,2,97874
2562,pv_20_z_6,pv_20,ชลบุรี,ภาคตะวันออก,6,เสรีรวมไทย,7155,7.31,3,97874
2562,pv_20_z_6,pv_20,ชลบุรี,ภาคตะวันออก,6,ประชาธิปัตย์,6582,6.72,4,97874
2562,pv_20_z_6,pv_20,ชลบุรี,ภาคตะวันออก,6,ภูมิใจไทย,4345,4.44,5,97874
2562,pv_20_z_6,pv_20,ชลบุรี,ภาคตะวันออก,6,เศรษฐกิจใหม่,2933,3.00,6,97874
2562,pv_20_z_6,pv_20,ชลบุรี,ภาคตะวันออก,6,รวมพลังประชาชาติไทย,719,0.73,7,97874
2562,pv_20_z_6,pv_20,ชลบุรี,ภาคตะวันออก,6,ไทยศรีวิไลย์,580,0.59,8,97874
2562,pv_20_z_6,pv_20,ชลบุรี,ภาคตะวันออก,6,สังคมประชาธิปไตยไทย,414,0.42,9,97874
2562,pv_20_z_6,pv_20,ชลบุรี,ภาคตะวันออก,6,พลังปวงชนไทย,362,0.37,10,97874
2562,pv_20_z_6,pv_20,ชลบุรี,ภาคตะวันออก,6,ชาติพัฒนา,345,0.35,11,97874
2562,pv_20_z_6,pv_20,ชลบุรี,ภาคตะวันออก,6,พลังชาติไทย,292,0.30,12,97874
2562,pv_20_z_6,pv_20,ชลบุรี,ภาคตะวันออก,6,พลังท้องถิ่นไท,215,0.22,13,97874
2562,pv_20_z_6,pv_20,ชลบุรี,ภาคตะวันออก,6,ชาติไทยพัฒนา,212,0.22,14,97874
2562,pv_20_z_6,pv_20,ชลบุรี,ภาคตะวันออก,6,รักษ์ผืนป่าประเทศไทย,157,0.16,15,97874
2562,pv_20_z_6,pv_20,ชลบุรี,ภาคตะวันออก,6,เพื่อชีวิตใหม่,118,0.12,16,97874
2562,pv_20_z_6,pv_20,ชลบุรี,ภาคตะวันออก,6,ประชานิยม,107,0.11,17,97874
2562,pv_20_z_6,pv_20,ชลบุรี,ภาคตะวันออก,6,พลังประชาธิปไตย,104,0.11,18,97874
2562,pv_20_z_6,pv_20,ชลบุรี,ภาคตะวันออก,6,ประชาชนปฏิรูป,94,0.10,19,97874
2562,pv_20_z_6,pv_20,ชลบุรี,ภาคตะวันออก,6,ประชาภิวัฒน์,89,0.09,20,97874
2562,pv_20_z_6,pv_20,ชลบุรี,ภาคตะวันออก,6,ครูไทยเพื่อประชาชน,88,0.09,21,97874
2562,pv_20_z_6,pv_20,ชลบุรี,ภาคตะวันออก,6,ไทยรุ่งเรือง,75,0.08,22,97874
2562,pv_20_z_6,pv_20,ชลบุรี,ภาคตะวันออก,6,พลังศรัทธา,66,0.07,23,97874
2562,pv_20_z_6,pv_20,ชลบุรี,ภาคตะวันออก,6,ภาคีเครือข่ายไทย,61,0.06,24,97874
2562,pv_20_z_6,pv_20,ชลบุรี,ภาคตะวันออก,6,ไทรักธรรม,49,0.05,25,97874
2562,pv_20_z_6,pv_20,ชลบุรี,ภาคตะวันออก,6,พลเมืองไทย,45,0.05,26,97874
2562,pv_20_z_6,pv_20,ชลบุรี,ภาคตะวันออก,6,มหาชน,38,0.04,27,97874
2562,pv_20_z_7,pv_20,ชลบุรี,ภาคตะวันออก,7,อนาคตใหม่,31247,35.94,1,86943
2562,pv_20_z_7,pv_20,ชลบุรี,ภาคตะวันออก,7,พลังประชารัฐ,28001,32.21,2,86943
2562,pv_20_z_7,pv_20,ชลบุรี,ภาคตะวันออก,7,เสรีรวมไทย,7708,8.87,3,86943
2562,pv_20_z_7,pv_20,ชลบุรี,ภาคตะวันออก,7,ภูมิใจไทย,6946,7.99,4,86943
2562,pv_20_z_7,pv_20,ชลบุรี,ภาคตะวันออก,7,ประชาธิปัตย์,5243,6.03,5,86943
2562,pv_20_z_7,pv_20,ชลบุรี,ภาคตะวันออก,7,เศรษฐกิจใหม่,2256,2.59,6,86943
2562,pv_20_z_7,pv_20,ชลบุรี,ภาคตะวันออก,7,เพื่อชาติ,1383,1.59,7,86943
2562,pv_20_z_7,pv_20,ชลบุรี,ภาคตะวันออก,7,รวมพลังประชาชาติไทย,690,0.79,8,86943
2562,pv_20_z_7,pv_20,ชลบุรี,ภาคตะวันออก,7,ชาติพัฒนา,670,0.77,9,86943
2562,pv_20_z_7,pv_20,ชลบุรี,ภาคตะวันออก,7,รักษ์ผืนป่าประเทศไทย,336,0.39,10,86943
2562,pv_20_z_7,pv_20,ชลบุรี,ภาคตะวันออก,7,ชาติไทยพัฒนา,289,0.33,11,86943
2562,pv_20_z_7,pv_20,ชลบุรี,ภาคตะวันออก,7,ไทยศรีวิไลย์,273,0.31,12,86943
2562,pv_20_z_7,pv_20,ชลบุรี,ภาคตะวันออก,7,พลังชาติไทย,259,0.30,13,86943
2562,pv_20_z_7,pv_20,ชลบุรี,ภาคตะวันออก,7,พลังท้องถิ่นไท,244,0.28,14,86943
2562,pv_20_z_7,pv_20,ชลบุรี,ภาคตะวันออก,7,ประชาภิวัฒน์,229,0.26,15,86943
2562,pv_20_z_7,pv_20,ชลบุรี,ภาคตะวันออก,7,สังคมประชาธิปไตยไทย,164,0.19,16,86943
2562,pv_20_z_7,pv_20,ชลบุรี,ภาคตะวันออก,7,ไทยรุ่งเรือง,148,0.17,17,86943
2562,pv_20_z_7,pv_20,ชลบุรี,ภาคตะวันออก,7,พลังปวงชนไทย,137,0.16,18,86943
2562,pv_20_z_7,pv_20,ชลบุรี,ภาคตะวันออก,7,ประชานิยม,136,0.16,19,86943
2562,pv_20_z_7,pv_20,ชลบุรี,ภาคตะวันออก,7,ไทรักธรรม,129,0.15,20,86943
2562,pv_20_z_7,pv_20,ชลบุรี,ภาคตะวันออก,7,พลังศรัทธา,117,0.13,21,86943
2562,pv_20_z_7,pv_20,ชลบุรี,ภาคตะวันออก,7,พลเมืองไทย,115,0.13,22,86943
2562,pv_20_z_7,pv_20,ชลบุรี,ภาคตะวันออก,7,ครูไทยเพื่อประชาชน,104,0.12,23,86943
2562,pv_20_z_7,pv_20,ชลบุรี,ภาคตะวันออก,7,ประชาชนปฏิรูป,64,0.07,24,86943
2562,pv_20_z_7,pv_20,ชลบุรี,ภาคตะวันออก,7,ผึ้งหลวง,55,0.06,25,86943
2562,pv_20_z_8,pv_20,ชลบุรี,ภาคตะวันออก,8,พลังประชารัฐ,33967,41.04,1,82758
2562,pv_20_z_8,pv_20,ชลบุรี,ภาคตะวันออก,8,อนาคตใหม่,25874,31.26,2,82758
2562,pv_20_z_8,pv_20,ชลบุรี,ภาคตะวันออก,8,เสรีรวมไทย,5865,7.09,3,82758
2562,pv_20_z_8,pv_20,ชลบุรี,ภาคตะวันออก,8,ประชาธิปัตย์,5755,6.95,4,82758
2562,pv_20_z_8,pv_20,ชลบุรี,ภาคตะวันออก,8,ภูมิใจไทย,2998,3.62,5,82758
2562,pv_20_z_8,pv_20,ชลบุรี,ภาคตะวันออก,8,เพื่อชาติ,2518,3.04,6,82758
2562,pv_20_z_8,pv_20,ชลบุรี,ภาคตะวันออก,8,เศรษฐกิจใหม่,2313,2.79,7,82758
2562,pv_20_z_8,pv_20,ชลบุรี,ภาคตะวันออก,8,ชาติพัฒนา,489,0.59,8,82758
2562,pv_20_z_8,pv_20,ชลบุรี,ภาคตะวันออก,8,รักษ์ผืนป่าประเทศไทย,389,0.47,9,82758
2562,pv_20_z_8,pv_20,ชลบุรี,ภาคตะวันออก,8,ไทยศรีวิไลย์,353,0.43,10,82758
2562,pv_20_z_8,pv_20,ชลบุรี,ภาคตะวันออก,8,ชาติไทยพัฒนา,332,0.40,11,82758
2562,pv_20_z_8,pv_20,ชลบุรี,ภาคตะวันออก,8,รวมพลังประชาชาติไทย,322,0.39,12,82758
2562,pv_20_z_8,pv_20,ชลบุรี,ภาคตะวันออก,8,พลังชาติไทย,276,0.33,13,82758
2562,pv_20_z_8,pv_20,ชลบุรี,ภาคตะวันออก,8,พลเมืองไทย,170,0.21,14,82758
2562,pv_20_z_8,pv_20,ชลบุรี,ภาคตะวันออก,8,สังคมประชาธิปไตยไทย,163,0.20,15,82758
2562,pv_20_z_8,pv_20,ชลบุรี,ภาคตะวันออก,8,ประชาชนปฏิรูป,157,0.19,16,82758
2562,pv_20_z_8,pv_20,ชลบุรี,ภาคตะวันออก,8,พลังท้องถิ่นไท,134,0.16,17,82758
2562,pv_20_z_8,pv_20,ชลบุรี,ภาคตะวันออก,8,ประชานิยม,126,0.15,18,82758
2562,pv_20_z_8,pv_20,ชลบุรี,ภาคตะวันออก,8,ครูไทยเพื่อประชาชน,112,0.14,19,82758
2562,pv_20_z_8,pv_20,ชลบุรี,ภาคตะวันออก,8,ผึ้งหลวง,109,0.13,20,82758
2562,pv_20_z_8,pv_20,ชลบุรี,ภาคตะวันออก,8,พลังประชาธิปไตย,81,0.10,21,82758
2562,pv_20_z_8,pv_20,ชลบุรี,ภาคตะวันออก,8,ไทรักธรรม,80,0.10,22,82758
2562,pv_20_z_8,pv_20,ชลบุรี,ภาคตะวันออก,8,พลังปวงชนไทย,63,0.08,23,82758
2562,pv_20_z_8,pv_20,ชลบุรี,ภาคตะวันออก,8,ไทยรุ่งเรือง,59,0.07,24,82758
2562,pv_20_z_8,pv_20,ชลบุรี,ภาคตะวันออก,8,ประชาภิวัฒน์,53,0.06,25,82758
2562,pv_57_z_1,pv_57,เชียงราย,ภาคเหนือ,1,อนาคตใหม่,30719,30.84,1,99609
2562,pv_57_z_1,pv_57,เชียงราย,ภาคเหนือ,1,เพื่อไทย,28891,29.00,2,99609
2562,pv_57_z_1,pv_57,เชียงราย,ภาคเหนือ,1,พลังประชารัฐ,28391,28.50,3,99609
2562,pv_57_z_1,pv_57,เชียงราย,ภาคเหนือ,1,ประชาธิปัตย์,2472,2.48,4,99609
2562,pv_57_z_1,pv_57,เชียงราย,ภาคเหนือ,1,เศรษฐกิจใหม่,1752,1.76,5,99609
2562,pv_57_z_1,pv_57,เชียงราย,ภาคเหนือ,1,เสรีรวมไทย,1649,1.66,6,99609
2562,pv_57_z_1,pv_57,เชียงราย,ภาคเหนือ,1,เพื่อชาติ,1102,1.11,7,99609
2562,pv_57_z_1,pv_57,เชียงราย,ภาคเหนือ,1,ประชาภิวัฒน์,862,0.87,8,99609
2562,pv_57_z_1,pv_57,เชียงราย,ภาคเหนือ,1,พลังครูไทย,676,0.68,9,99609
2562,pv_57_z_1,pv_57,เชียงราย,ภาคเหนือ,1,รักษ์ผืนป่าประเทศไทย,544,0.55,10,99609
2562,pv_57_z_1,pv_57,เชียงราย,ภาคเหนือ,1,ประชาธรรมไทย,448,0.45,11,99609
2562,pv_57_z_1,pv_57,เชียงราย,ภาคเหนือ,1,ครูไทยเพื่อประชาชน,283,0.28,12,99609
2562,pv_57_z_1,pv_57,เชียงราย,ภาคเหนือ,1,ภูมิใจไทย,244,0.24,13,99609
2562,pv_57_z_1,pv_57,เชียงราย,ภาคเหนือ,1,พลังท้องถิ่นไท,238,0.24,14,99609
2562,pv_57_z_1,pv_57,เชียงราย,ภาคเหนือ,1,พลังธรรมใหม่,140,0.14,15,99609
2562,pv_57_z_1,pv_57,เชียงราย,ภาคเหนือ,1,ชาติพันธุ์ไทย,112,0.11,16,99609
2562,pv_57_z_1,pv_57,เชียงราย,ภาคเหนือ,1,ชาติพัฒนา,103,0.10,17,99609
2562,pv_57_z_1,pv_57,เชียงราย,ภาคเหนือ,1,พลเมืองไทย,95,0.10,18,99609
2562,pv_57_z_1,pv_57,เชียงราย,ภาคเหนือ,1,พลังชาติไทย,91,0.09,19,99609
2562,pv_57_z_1,pv_57,เชียงราย,ภาคเหนือ,1,พลังไทยรักไทย,88,0.09,20,99609
2562,pv_57_z_1,pv_57,เชียงราย,ภาคเหนือ,1,ชาติไทยพัฒนา,74,0.07,21,99609
2562,pv_57_z_1,pv_57,เชียงราย,ภาคเหนือ,1,แทนคุณแผ่นดิน,73,0.07,22,99609
2562,pv_57_z_1,pv_57,เชียงราย,ภาคเหนือ,1,ภราดรภาพ,69,0.07,23,99609
2562,pv_57_z_1,pv_57,เชียงราย,ภาคเหนือ,1,มหาชน,64,0.06,24,99609
2562,pv_57_z_1,pv_57,เชียงราย,ภาคเหนือ,1,ฐานรากไทย,63,0.06,25,99609
2562,pv_57_z_1,pv_57,เชียงราย,ภาคเหนือ,1,ประชานิยม,60,0.06,26,99609
2562,pv_57_z_1,pv_57,เชียงราย,ภาคเหนือ,1,พลังรัก,59,0.06,27,99609
2562,pv_57_z_1,pv_57,เชียงราย,ภาคเหนือ,1,เพื่อแผ่นดิน,51,0.05,28,99609
2562,pv_57_z_1,pv_57,เชียงราย,ภาคเหนือ,1,ประชากรไทย,51,0.05,29,99609
2562,pv_57_z_1,pv_57,เชียงราย,ภาคเหนือ,1,ถิ่นกาขาวชาววิไล,44,0.04,30,99609
2562,pv_57_z_1,pv_57,เชียงราย,ภาคเหนือ,1,ประชาชนปฏิรูป,43,0.04,31,99609
2562,pv_57_z_1,pv_57,เชียงราย,ภาคเหนือ,1,พลังปวงชนไทย,39,0.04,32,99609
2562,pv_57_z_1,pv_57,เชียงราย,ภาคเหนือ,1,ไทรักธรรม,19,0.02,33,99609
2562,pv_57_z_1,pv_57,เชียงราย,ภาคเหนือ,1,รวมพลังประชาชาติไทย,0,0.00,34,99609
2562,pv_57_z_2,pv_57,เชียงราย,ภาคเหนือ,2,เพื่อไทย,41603,40.80,1,101959
2562,pv_57_z_2,pv_57,เชียงราย,ภาคเหนือ,2,พลังประชารัฐ,21219,20.81,2,101959
2562,pv_57_z_2,pv_57,เชียงราย,ภาคเหนือ,2,อนาคตใหม่,20333,19.94,3,101959
2562,pv_57_z_2,pv_57,เชียงราย,ภาคเหนือ,2,ประชาธิปัตย์,4074,4.00,4,101959
2562,pv_57_z_2,pv_57,เชียงราย,ภาคเหนือ,2,เสรีรวมไทย,3225,3.16,5,101959
2562,pv_57_z_2,pv_57,เชียงราย,ภาคเหนือ,2,เพื่อชาติ,1842,1.81,6,101959
2562,pv_57_z_2,pv_57,เชียงราย,ภาคเหนือ,2,เศรษฐกิจใหม่,1267,1.24,7,101959
2562,pv_57_z_2,pv_57,เชียงราย,ภาคเหนือ,2,ชาติพันธุ์ไทย,802,0.79,8,101959
2562,pv_57_z_2,pv_57,เชียงราย,ภาคเหนือ,2,ภราดรภาพ,618,0.61,9,101959
2562,pv_57_z_2,pv_57,เชียงราย,ภาคเหนือ,2,พลังชาติไทย,602,0.59,10,101959
2562,pv_57_z_2,pv_57,เชียงราย,ภาคเหนือ,2,ประชาชาติ,592,0.58,11,101959
2562,pv_57_z_2,pv_57,เชียงราย,ภาคเหนือ,2,รักษ์ผืนป่าประเทศไทย,590,0.58,12,101959
2562,pv_57_z_2,pv_57,เชียงราย,ภาคเหนือ,2,พลเมืองไทย,572,0.56,13,101959
2562,pv_57_z_2,pv_57,เชียงราย,ภาคเหนือ,2,พลังท้องถิ่นไท,514,0.50,14,101959
2562,pv_57_z_2,pv_57,เชียงราย,ภาคเหนือ,2,ชาติพัฒนา,387,0.38,15,101959
2562,pv_57_z_2,pv_57,เชียงราย,ภาคเหนือ,2,พลังธรรมใหม่,379,0.37,16,101959
2562,pv_57_z_2,pv_57,เชียงราย,ภาคเหนือ,2,ชาติไทยพัฒนา,350,0.34,17,101959
2562,pv_57_z_2,pv_57,เชียงราย,ภาคเหนือ,2,มหาชน,292,0.29,18,101959
2562,pv_57_z_2,pv_57,เชียงราย,ภาคเหนือ,2,ประชาภิวัฒน์,253,0.25,19,101959
2562,pv_57_z_2,pv_57,เชียงราย,ภาคเหนือ,2,ครูไทยเพื่อประชาชน,245,0.24,20,101959
2562,pv_57_z_2,pv_57,เชียงราย,ภาคเหนือ,2,พลังไทยรักไทย,244,0.24,21,101959
2562,pv_57_z_2,pv_57,เชียงราย,ภาคเหนือ,2,ประชานิยม,229,0.22,22,101959
2562,pv_57_z_2,pv_57,เชียงราย,ภาคเหนือ,2,เพื่อแผ่นดิน,228,0.22,23,101959
2562,pv_57_z_2,pv_57,เชียงราย,ภาคเหนือ,2,สามัญชน,213,0.21,24,101959
2562,pv_57_z_2,pv_57,เชียงราย,ภาคเหนือ,2,ภูมิใจไทย,183,0.18,25,101959
2562,pv_57_z_2,pv_57,เชียงราย,ภาคเหนือ,2,พลังครูไทย,182,0.18,26,101959
2562,pv_57_z_2,pv_57,เชียงราย,ภาคเหนือ,2,แผ่นดินธรรม,161,0.16,27,101959
2562,pv_57_z_2,pv_57,เชียงราย,ภาคเหนือ,2,ประชาธรรมไทย,142,0.14,28,101959
2562,pv_57_z_2,pv_57,เชียงราย,ภาคเหนือ,2,พลังประชาธิปไตย,127,0.12,29,101959
2562,pv_57_z_2,pv_57,เชียงราย,ภาคเหนือ,2,ประชาชนปฏิรูป,115,0.11,30,101959
2562,pv_57_z_2,pv_57,เชียงราย,ภาคเหนือ,2,รวมพลังประชาชาติไทย,102,0.10,31,101959
2562,pv_57_z_2,pv_57,เชียงราย,ภาคเหนือ,2,แทนคุณแผ่นดิน,98,0.10,32,101959
2562,pv_57_z_2,pv_57,เชียงราย,ภาคเหนือ,2,ไทรักธรรม,72,0.07,33,101959
2562,pv_57_z_2,pv_57,เชียงราย,ภาคเหนือ,2,ฐานรากไทย,55,0.05,34,101959
2562,pv_57_z_2,pv_57,เชียงราย,ภาคเหนือ,2,ถิ่นกาขาวชาววิไล,49,0.05,35,101959
2562,pv_57_z_3,pv_57,เชียงราย,ภาคเหนือ,3,เพื่อไทย,53202,47.44,1,112145
2562,pv_57_z_3,pv_57,เชียงราย,ภาคเหนือ,3,อนาคตใหม่,25397,22.65,2,112145
2562,pv_57_z_3,pv_57,เชียงราย,ภาคเหนือ,3,พลังประชารัฐ,17647,15.74,3,112145
2562,pv_57_z_3,pv_57,เชียงราย,ภาคเหนือ,3,เพื่อชาติ,4521,4.03,4,112145
2562,pv_57_z_3,pv_57,เชียงราย,ภาคเหนือ,3,ประชาธิปัตย์,2244,2.00,5,112145
2562,pv_57_z_3,pv_57,เชียงราย,ภาคเหนือ,3,เสรีรวมไทย,2019,1.80,6,112145
2562,pv_57_z_3,pv_57,เชียงราย,ภาคเหนือ,3,เศรษฐกิจใหม่,994,0.89,7,112145
2562,pv_57_z_3,pv_57,เชียงราย,ภาคเหนือ,3,ประชาธิปไตยใหม่,749,0.67,8,112145
2562,pv_57_z_3,pv_57,เชียงราย,ภาคเหนือ,3,ถิ่นกาขาวชาววิไล,530,0.47,9,112145
2562,pv_57_z_3,pv_57,เชียงราย,ภาคเหนือ,3,พลเมืองไทย,509,0.45,10,112145
2562,pv_57_z_3,pv_57,เชียงราย,ภาคเหนือ,3,รักษ์ผืนป่าประเทศไทย,459,0.41,11,112145
2562,pv_57_z_3,pv_57,เชียงราย,ภาคเหนือ,3,ประชาภิวัฒน์,400,0.36,12,112145
2562,pv_57_z_3,pv_57,เชียงราย,ภาคเหนือ,3,พลังท้องถิ่นไท,345,0.31,13,112145
2562,pv_57_z_3,pv_57,เชียงราย,ภาคเหนือ,3,พลังไทยรักไทย,309,0.28,14,112145
2562,pv_57_z_3,pv_57,เชียงราย,ภาคเหนือ,3,พลังธรรมใหม่,283,0.25,15,112145
2562,pv_57_z_3,pv_57,เชียงราย,ภาคเหนือ,3,ภราดรภาพ,236,0.21,16,112145
2562,pv_57_z_3,pv_57,เชียงราย,ภาคเหนือ,3,ชาติไทยพัฒนา,233,0.21,17,112145
2562,pv_57_z_3,pv_57,เชียงราย,ภาคเหนือ,3,พลังชาติไทย,217,0.19,18,112145
2562,pv_57_z_3,pv_57,เชียงราย,ภาคเหนือ,3,รวมพลังประชาชาติไทย,212,0.19,19,112145
2562,pv_57_z_3,pv_57,เชียงราย,ภาคเหนือ,3,ชาติพัฒนา,194,0.17,20,112145
2562,pv_57_z_3,pv_57,เชียงราย,ภาคเหนือ,3,เพื่อแผ่นดิน,192,0.17,21,112145
2562,pv_57_z_3,pv_57,เชียงราย,ภาคเหนือ,3,พลังครูไทย,187,0.17,22,112145
2562,pv_57_z_3,pv_57,เชียงราย,ภาคเหนือ,3,ภูมิใจไทย,176,0.16,23,112145
2562,pv_57_z_3,pv_57,เชียงราย,ภาคเหนือ,3,ประชาธรรมไทย,152,0.14,24,112145
2562,pv_57_z_3,pv_57,เชียงราย,ภาคเหนือ,3,ชาติพันธุ์ไทย,142,0.13,25,112145
2562,pv_57_z_3,pv_57,เชียงราย,ภาคเหนือ,3,แทนคุณแผ่นดิน,115,0.10,26,112145
2562,pv_57_z_3,pv_57,เชียงราย,ภาคเหนือ,3,ฐานรากไทย,97,0.09,27,112145
2562,pv_57_z_3,pv_57,เชียงราย,ภาคเหนือ,3,ประชานิยม,77,0.07,28,112145
2562,pv_57_z_3,pv_57,เชียงราย,ภาคเหนือ,3,ครูไทยเพื่อประชาชน,71,0.06,29,112145
2562,pv_57_z_3,pv_57,เชียงราย,ภาคเหนือ,3,มหาชน,62,0.06,30,112145
2562,pv_57_z_3,pv_57,เชียงราย,ภาคเหนือ,3,ประชาชนปฏิรูป,53,0.05,31,112145
2562,pv_57_z_3,pv_57,เชียงราย,ภาคเหนือ,3,ไทรักธรรม,43,0.04,32,112145
2562,pv_57_z_3,pv_57,เชียงราย,ภาคเหนือ,3,พลังปวงชนไทย,40,0.04,33,112145
2562,pv_57_z_3,pv_57,เชียงราย,ภาคเหนือ,3,ประชากรไทย,38,0.03,34,112145
2562,pv_57_z_4,pv_57,เชียงราย,ภาคเหนือ,4,เพื่อไทย,62026,55.48,1,111807
2562,pv_57_z_4,pv_57,เชียงราย,ภาคเหนือ,4,อนาคตใหม่,24897,22.27,2,111807
2562,pv_57_z_4,pv_57,เชียงราย,ภาคเหนือ,4,พลังประชารัฐ,14024,12.54,3,111807
2562,pv_57_z_4,pv_57,เชียงราย,ภาคเหนือ,4,ประชาธิปัตย์,2188,1.96,4,111807
2562,pv_57_z_4,pv_57,เชียงราย,ภาคเหนือ,4,เสรีรวมไทย,1378,1.23,5,111807
2562,pv_57_z_4,pv_57,เชียงราย,ภาคเหนือ,4,สามัญชน,898,0.80,6,111807
2562,pv_57_z_4,pv_57,เชียงราย,ภาคเหนือ,4,เพื่อชาติ,805,0.72,7,111807
2562,pv_57_z_4,pv_57,เชียงราย,ภาคเหนือ,4,รวมพลังประชาชาติไทย,563,0.50,8,111807
2562,pv_57_z_4,pv_57,เชียงราย,ภาคเหนือ,4,พลังปวงชนไทย,487,0.44,9,111807
2562,pv_57_z_4,pv_57,เชียงราย,ภาคเหนือ,4,ประชาภิวัฒน์,483,0.43,10,111807
2562,pv_57_z_4,pv_57,เชียงราย,ภาคเหนือ,4,เศรษฐกิจใหม่,474,0.42,11,111807
2562,pv_57_z_4,pv_57,เชียงราย,ภาคเหนือ,4,พลเมืองไทย,452,0.40,12,111807
2562,pv_57_z_4,pv_57,เชียงราย,ภาคเหนือ,4,ประชาชาติ,361,0.32,13,111807
2562,pv_57_z_4,pv_57,เชียงราย,ภาคเหนือ,4,พลังท้องถิ่นไท,358,0.32,14,111807
2562,pv_57_z_4,pv_57,เชียงราย,ภาคเหนือ,4,พลังชาติไทย,289,0.26,15,111807
2562,pv_57_z_4,pv_57,เชียงราย,ภาคเหนือ,4,พลังไทยรักไทย,266,0.24,16,111807
2562,pv_57_z_4,pv_57,เชียงราย,ภาคเหนือ,4,ภราดรภาพ,259,0.23,17,111807
2562,pv_57_z_4,pv_57,เชียงราย,ภาคเหนือ,4,พลังครูไทย,233,0.21,18,111807
2562,pv_57_z_4,pv_57,เชียงราย,ภาคเหนือ,4,รักษ์ผืนป่าประเทศไทย,209,0.19,19,111807
2562,pv_57_z_4,pv_57,เชียงราย,ภาคเหนือ,4,ชาติพัฒนา,195,0.17,20,111807
2562,pv_57_z_4,pv_57,เชียงราย,ภาคเหนือ,4,ครูไทยเพื่อประชาชน,165,0.15,21,111807
2562,pv_57_z_4,pv_57,เชียงราย,ภาคเหนือ,4,ไทรักธรรม,119,0.11,22,111807
2562,pv_57_z_4,pv_57,เชียงราย,ภาคเหนือ,4,ภูมิใจไทย,95,0.08,23,111807
2562,pv_57_z_4,pv_57,เชียงราย,ภาคเหนือ,4,ประชานิยม,89,0.08,24,111807
2562,pv_57_z_4,pv_57,เชียงราย,ภาคเหนือ,4,ชาติพันธุ์ไทย,83,0.07,25,111807
2562,pv_57_z_4,pv_57,เชียงราย,ภาคเหนือ,4,ประชาธรรมไทย,75,0.07,26,111807
2562,pv_57_z_4,pv_57,เชียงราย,ภาคเหนือ,4,พลังประชาธิปไตย,73,0.07,27,111807
2562,pv_57_z_4,pv_57,เชียงราย,ภาคเหนือ,4,ประชาชนปฏิรูป,66,0.06,28,111807
2562,pv_57_z_4,pv_57,เชียงราย,ภาคเหนือ,4,มหาชน,64,0.06,29,111807
2562,pv_57_z_4,pv_57,เชียงราย,ภาคเหนือ,4,ชาติไทยพัฒนา,53,0.05,30,111807
2562,pv_57_z_4,pv_57,เชียงราย,ภาคเหนือ,4,พลังธรรมใหม่,47,0.04,31,111807
2562,pv_57_z_4,pv_57,เชียงราย,ภาคเหนือ,4,ถิ่นกาขาวชาววิไล,33,0.03,32,111807
2562,pv_57_z_4,pv_57,เชียงราย,ภาคเหนือ,4,ประชากรไทย,0,0.00,33,111807
2562,pv_57_z_4,pv_57,เชียงราย,ภาคเหนือ,4,แทนคุณแผ่นดิน,0,0.00,34,111807
2562,pv_57_z_5,pv_57,เชียงราย,ภาคเหนือ,5,เพื่อไทย,40972,41.63,1,98425
2562,pv_57_z_5,pv_57,เชียงราย,ภาคเหนือ,5,อนาคตใหม่,20736,21.07,2,98425
2562,pv_57_z_5,pv_57,เชียงราย,ภาคเหนือ,5,พลังประชารัฐ,15954,16.21,3,98425
2562,pv_57_z_5,pv_57,เชียงราย,ภาคเหนือ,5,ประชาธิปัตย์,5261,5.35,4,98425
2562,pv_57_z_5,pv_57,เชียงราย,ภาคเหนือ,5,พลเมืองไทย,2646,2.69,5,98425
2562,pv_57_z_5,pv_57,เชียงราย,ภาคเหนือ,5,เพื่อชาติ,2460,2.50,6,98425
2562,pv_57_z_5,pv_57,เชียงราย,ภาคเหนือ,5,เสรีรวมไทย,1596,1.62,7,98425
2562,pv_57_z_5,pv_57,เชียงราย,ภาคเหนือ,5,ภราดรภาพ,1261,1.28,8,98425
2562,pv_57_z_5,pv_57,เชียงราย,ภาคเหนือ,5,ประชาชาติ,1011,1.03,9,98425
2562,pv_57_z_5,pv_57,เชียงราย,ภาคเหนือ,5,ชาติพันธุ์ไทย,723,0.73,10,98425
2562,pv_57_z_5,pv_57,เชียงราย,ภาคเหนือ,5,ภูมิใจไทย,572,0.58,11,98425
2562,pv_57_z_5,pv_57,เชียงราย,ภาคเหนือ,5,พลังปวงชนไทย,544,0.55,12,98425
2562,pv_57_z_5,pv_57,เชียงราย,ภาคเหนือ,5,เศรษฐกิจใหม่,510,0.52,13,98425
2562,pv_57_z_5,pv_57,เชียงราย,ภาคเหนือ,5,พลังท้องถิ่นไท,503,0.51,14,98425
2562,pv_57_z_5,pv_57,เชียงราย,ภาคเหนือ,5,รักษ์ผืนป่าประเทศไทย,489,0.50,15,98425
2562,pv_57_z_5,pv_57,เชียงราย,ภาคเหนือ,5,รักษ์ธรรม,446,0.45,16,98425
2562,pv_57_z_5,pv_57,เชียงราย,ภาคเหนือ,5,ชาติพัฒนา,305,0.31,17,98425
2562,pv_57_z_5,pv_57,เชียงราย,ภาคเหนือ,5,พลังไทยรักไทย,286,0.29,18,98425
2562,pv_57_z_5,pv_57,เชียงราย,ภาคเหนือ,5,พลังชาติไทย,213,0.22,19,98425
2562,pv_57_z_5,pv_57,เชียงราย,ภาคเหนือ,5,ชาติไทยพัฒนา,210,0.21,20,98425
2562,pv_57_z_5,pv_57,เชียงราย,ภาคเหนือ,5,ประชานิยม,197,0.20,21,98425
2562,pv_57_z_5,pv_57,เชียงราย,ภาคเหนือ,5,ประชาธรรมไทย,189,0.19,22,98425
2562,pv_57_z_5,pv_57,เชียงราย,ภาคเหนือ,5,ประชาภิวัฒน์,165,0.17,23,98425
2562,pv_57_z_5,pv_57,เชียงราย,ภาคเหนือ,5,พลังธรรมใหม่,145,0.15,24,98425
2562,pv_57_z_5,pv_57,เชียงราย,ภาคเหนือ,5,ครูไทยเพื่อประชาชน,144,0.15,25,98425
2562,pv_57_z_5,pv_57,เชียงราย,ภาคเหนือ,5,พลังแผ่นดินทอง,141,0.14,26,98425
2562,pv_57_z_5,pv_57,เชียงราย,ภาคเหนือ,5,ถิ่นกาขาวชาววิไล,135,0.14,27,98425
2562,pv_57_z_5,pv_57,เชียงราย,ภาคเหนือ,5,ประชาชนปฏิรูป,121,0.12,28,98425
2562,pv_57_z_5,pv_57,เชียงราย,ภาคเหนือ,5,แทนคุณแผ่นดิน,83,0.08,29,98425
2562,pv_57_z_5,pv_57,เชียงราย,ภาคเหนือ,5,ฐานรากไทย,71,0.07,30,98425
2562,pv_57_z_5,pv_57,เชียงราย,ภาคเหนือ,5,พลังครูไทย,69,0.07,31,98425
2562,pv_57_z_5,pv_57,เชียงราย,ภาคเหนือ,5,รวมพลังประชาชาติไทย,59,0.06,32,98425
2562,pv_57_z_5,pv_57,เชียงราย,ภาคเหนือ,5,พลังประชาธิปไตย,58,0.06,33,98425
2562,pv_57_z_5,pv_57,เชียงราย,ภาคเหนือ,5,ไทรักธรรม,57,0.06,34,98425
2562,pv_57_z_5,pv_57,เชียงราย,ภาคเหนือ,5,มหาชน,56,0.06,35,98425
2562,pv_57_z_5,pv_57,เชียงราย,ภาคเหนือ,5,ผึ้งหลวง,37,0.04,36,98425
2562,pv_57_z_6,pv_57,เชียงราย,ภาคเหนือ,6,อนาคตใหม่,23273,31.12,1,74785
2562,pv_57_z_6,pv_57,เชียงราย,ภาคเหนือ,6,เพื่อไทย,23081,30.86,2,74785
2562,pv_57_z_6,pv_57,เชียงราย,ภาคเหนือ,6,พลังประชารัฐ,16806,22.47,3,74785
2562,pv_57_z_6,pv_57,เชียงราย,ภาคเหนือ,6,เพื่อชาติ,2732,3.65,4,74785
2562,pv_57_z_6,pv_57,เชียงราย,ภาคเหนือ,6,ประชาธิปัตย์,1960,2.62,5,74785
2562,pv_57_z_6,pv_57,เชียงราย,ภาคเหนือ,6,เสรีรวมไทย,1124,1.50,6,74785
2562,pv_57_z_6,pv_57,เชียงราย,ภาคเหนือ,6,พลังปวงชนไทย,740,0.99,7,74785
2562,pv_57_z_6,pv_57,เชียงราย,ภาคเหนือ,6,เศรษฐกิจใหม่,725,0.97,8,74785
2562,pv_57_z_6,pv_57,เชียงราย,ภาคเหนือ,6,ประชาชาติ,638,0.85,9,74785
2562,pv_57_z_6,pv_57,เชียงราย,ภาคเหนือ,6,รักษ์ผืนป่าประเทศไทย,399,0.53,10,74785
2562,pv_57_z_6,pv_57,เชียงราย,ภาคเหนือ,6,เพื่อแผ่นดิน,393,0.53,11,74785
2562,pv_57_z_6,pv_57,เชียงราย,ภาคเหนือ,6,ชาติพัฒนา,315,0.42,12,74785
2562,pv_57_z_6,pv_57,เชียงราย,ภาคเหนือ,6,ภราดรภาพ,307,0.41,13,74785
2562,pv_57_z_6,pv_57,เชียงราย,ภาคเหนือ,6,พลเมืองไทย,262,0.35,14,74785
2562,pv_57_z_6,pv_57,เชียงราย,ภาคเหนือ,6,ผึ้งหลวง,243,0.32,15,74785
2562,pv_57_z_6,pv_57,เชียงราย,ภาคเหนือ,6,พลังครูไทย,188,0.25,16,74785
2562,pv_57_z_6,pv_57,เชียงราย,ภาคเหนือ,6,พลังชาติไทย,183,0.24,17,74785
2562,pv_57_z_6,pv_57,เชียงราย,ภาคเหนือ,6,ครูไทยเพื่อประชาชน,175,0.23,18,74785
2562,pv_57_z_6,pv_57,เชียงราย,ภาคเหนือ,6,พลังธรรมใหม่,148,0.20,19,74785
2562,pv_57_z_6,pv_57,เชียงราย,ภาคเหนือ,6,ประชาธรรมไทย,146,0.20,20,74785
2562,pv_57_z_6,pv_57,เชียงราย,ภาคเหนือ,6,ภูมิใจไทย,112,0.15,21,74785
2562,pv_57_z_6,pv_57,เชียงราย,ภาคเหนือ,6,พลังไทยรักไทย,105,0.14,22,74785
2562,pv_57_z_6,pv_57,เชียงราย,ภาคเหนือ,6,พลังท้องถิ่นไท,93,0.12,23,74785
2562,pv_57_z_6,pv_57,เชียงราย,ภาคเหนือ,6,แผ่นดินธรรม,90,0.12,24,74785
2562,pv_57_z_6,pv_57,เชียงราย,ภาคเหนือ,6,ประชากรไทย,89,0.12,25,74785
2562,pv_57_z_6,pv_57,เชียงราย,ภาคเหนือ,6,ประชาภิวัฒน์,87,0.12,26,74785
2562,pv_57_z_6,pv_57,เชียงราย,ภาคเหนือ,6,รวมพลังประชาชาติไทย,74,0.10,27,74785
2562,pv_57_z_6,pv_57,เชียงราย,ภาคเหนือ,6,ชาติไทยพัฒนา,63,0.08,28,74785
2562,pv_57_z_6,pv_57,เชียงราย,ภาคเหนือ,6,ฐานรากไทย,47,0.06,29,74785
2562,pv_57_z_6,pv_57,เชียงราย,ภาคเหนือ,6,มหาชน,45,0.06,30,74785
2562,pv_57_z_6,pv_57,เชียงราย,ภาคเหนือ,6,ถิ่นกาขาวชาววิไล,39,0.05,31,74785
2562,pv_57_z_6,pv_57,เชียงราย,ภาคเหนือ,6,ชาติพันธุ์ไทย,37,0.05,32,74785
2562,pv_57_z_6,pv_57,เชียงราย,ภาคเหนือ,6,ประชานิยม,36,0.05,33,74785
2562,pv_57_z_6,pv_57,เชียงราย,ภาคเหนือ,6,ไทรักธรรม,30,0.04,34,74785
2562,pv_57_z_7,pv_57,เชียงราย,ภาคเหนือ,7,เพื่อไทย,32769,43.51,1,75309
2562,pv_57_z_7,pv_57,เชียงราย,ภาคเหนือ,7,อนาคตใหม่,19837,26.34,2,75309
2562,pv_57_z_7,pv_57,เชียงราย,ภาคเหนือ,7,พลังประชารัฐ,11472,15.23,3,75309
2562,pv_57_z_7,pv_57,เชียงราย,ภาคเหนือ,7,ประชาธิปัตย์,2342,3.11,4,75309
2562,pv_57_z_7,pv_57,เชียงราย,ภาคเหนือ,7,เสรีรวมไทย,1133,1.50,5,75309
2562,pv_57_z_7,pv_57,เชียงราย,ภาคเหนือ,7,เพื่อชาติ,1087,1.44,6,75309
2562,pv_57_z_7,pv_57,เชียงราย,ภาคเหนือ,7,พลังปวงชนไทย,1030,1.37,7,75309
2562,pv_57_z_7,pv_57,เชียงราย,ภาคเหนือ,7,พลเมืองไทย,799,1.06,8,75309
2562,pv_57_z_7,pv_57,เชียงราย,ภาคเหนือ,7,พลังชาติไทย,555,0.74,9,75309
2562,pv_57_z_7,pv_57,เชียงราย,ภาคเหนือ,7,ถิ่นกาขาวชาววิไล,540,0.72,10,75309
2562,pv_57_z_7,pv_57,เชียงราย,ภาคเหนือ,7,เศรษฐกิจใหม่,482,0.64,11,75309
2562,pv_57_z_7,pv_57,เชียงราย,ภาคเหนือ,7,ภราดรภาพ,430,0.57,12,75309
2562,pv_57_z_7,pv_57,เชียงราย,ภาคเหนือ,7,ชาติพัฒนา,319,0.42,13,75309
2562,pv_57_z_7,pv_57,เชียงราย,ภาคเหนือ,7,พลังท้องถิ่นไท,266,0.35,14,75309
2562,pv_57_z_7,pv_57,เชียงราย,ภาคเหนือ,7,ประชาภิวัฒน์,232,0.31,15,75309
2562,pv_57_z_7,pv_57,เชียงราย,ภาคเหนือ,7,ครูไทยเพื่อประชาชน,216,0.29,16,75309
2562,pv_57_z_7,pv_57,เชียงราย,ภาคเหนือ,7,ประชาธรรมไทย,215,0.29,17,75309
2562,pv_57_z_7,pv_57,เชียงราย,ภาคเหนือ,7,รักษ์ผืนป่าประเทศไทย,190,0.25,18,75309
2562,pv_57_z_7,pv_57,เชียงราย,ภาคเหนือ,7,พลังครูไทย,173,0.23,19,75309
2562,pv_57_z_7,pv_57,เชียงราย,ภาคเหนือ,7,ภูมิใจไทย,171,0.23,20,75309
2562,pv_57_z_7,pv_57,เชียงราย,ภาคเหนือ,7,ไทรักธรรม,155,0.21,21,75309
2562,pv_57_z_7,pv_57,เชียงราย,ภาคเหนือ,7,มหาชน,153,0.20,22,75309
2562,pv_57_z_7,pv_57,เชียงราย,ภาคเหนือ,7,พลังไทยรักไทย,141,0.19,23,75309
2562,pv_57_z_7,pv_57,เชียงราย,ภาคเหนือ,7,ประชานิยม,110,0.15,24,75309
2562,pv_57_z_7,pv_57,เชียงราย,ภาคเหนือ,7,ชาติไทยพัฒนา,92,0.12,25,75309
2562,pv_57_z_7,pv_57,เชียงราย,ภาคเหนือ,7,เพื่อแผ่นดิน,85,0.11,26,75309
2562,pv_57_z_7,pv_57,เชียงราย,ภาคเหนือ,7,พลังธรรมใหม่,83,0.11,27,75309
2562,pv_57_z_7,pv_57,เชียงราย,ภาคเหนือ,7,ประชาชนปฏิรูป,81,0.11,28,75309
2562,pv_57_z_7,pv_57,เชียงราย,ภาคเหนือ,7,รวมพลังประชาชาติไทย,80,0.11,29,75309
2562,pv_57_z_7,pv_57,เชียงราย,ภาคเหนือ,7,ผึ้งหลวง,71,0.09,30,75309
2562,pv_50_z_1,pv_50,เชียงใหม่,ภาคเหนือ,1,เพื่อไทย,45894,32.61,1,140739
2562,pv_50_z_1,pv_50,เชียงใหม่,ภาคเหนือ,1,อนาคตใหม่,45120,32.06,2,140739
2562,pv_50_z_1,pv_50,เชียงใหม่,ภาคเหนือ,1,พลังประชารัฐ,21183,15.05,3,140739
2562,pv_50_z_1,pv_50,เชียงใหม่,ภาคเหนือ,1,ประชาธิปัตย์,10676,7.59,4,140739
2562,pv_50_z_1,pv_50,เชียงใหม่,ภาคเหนือ,1,เศรษฐกิจใหม่,5373,3.82,5,140739
2562,pv_50_z_1,pv_50,เชียงใหม่,ภาคเหนือ,1,เสรีรวมไทย,4148,2.95,6,140739
2562,pv_50_z_1,pv_50,เชียงใหม่,ภาคเหนือ,1,ชาติพันธุ์ไทย,1610,1.14,7,140739
2562,pv_50_z_1,pv_50,เชียงใหม่,ภาคเหนือ,1,ภูมิใจไทย,957,0.68,8,140739
2562,pv_50_z_1,pv_50,เชียงใหม่,ภาคเหนือ,1,เพื่อชาติ,875,0.62,9,140739
2562,pv_50_z_1,pv_50,เชียงใหม่,ภาคเหนือ,1,รวมพลังประชาชาติไทย,807,0.57,10,140739
2562,pv_50_z_1,pv_50,เชียงใหม่,ภาคเหนือ,1,รักษ์ผืนป่าประเทศไทย,687,0.49,11,140739
2562,pv_50_z_1,pv_50,เชียงใหม่,ภาคเหนือ,1,พลังธรรมใหม่,432,0.31,12,140739
2562,pv_50_z_1,pv_50,เชียงใหม่,ภาคเหนือ,1,ชาติไทยพัฒนา,390,0.28,13,140739
2562,pv_50_z_1,pv_50,เชียงใหม่,ภาคเหนือ,1,ไทยศรีวิไลย์,341,0.24,14,140739
2562,pv_50_z_1,pv_50,เชียงใหม่,ภาคเหนือ,1,กรีน,336,0.24,15,140739
2562,pv_50_z_1,pv_50,เชียงใหม่,ภาคเหนือ,1,ประชาภิวัฒน์,219,0.16,16,140739
2562,pv_50_z_1,pv_50,เชียงใหม่,ภาคเหนือ,1,พลังท้องถิ่นไท,210,0.15,17,140739
2562,pv_50_z_1,pv_50,เชียงใหม่,ภาคเหนือ,1,พลังชาติไทย,204,0.14,18,140739
2562,pv_50_z_1,pv_50,เชียงใหม่,ภาคเหนือ,1,ชาติพัฒนา,203,0.14,19,140739
2562,pv_50_z_1,pv_50,เชียงใหม่,ภาคเหนือ,1,พลังไทยรักไทย,156,0.11,20,140739
2562,pv_50_z_1,pv_50,เชียงใหม่,ภาคเหนือ,1,ประชานิยม,143,0.10,21,140739
2562,pv_50_z_1,pv_50,เชียงใหม่,ภาคเหนือ,1,พลังปวงชนไทย,126,0.09,22,140739
2562,pv_50_z_1,pv_50,เชียงใหม่,ภาคเหนือ,1,ประชาชนปฏิรูป,108,0.08,23,140739
2562,pv_50_z_1,pv_50,เชียงใหม่,ภาคเหนือ,1,ครูไทยเพื่อประชาชน,89,0.06,24,140739
2562,pv_50_z_1,pv_50,เชียงใหม่,ภาคเหนือ,1,ไทรักธรรม,81,0.06,25,140739
2562,pv_50_z_1,pv_50,เชียงใหม่,ภาคเหนือ,1,ประชาธรรมไทย,72,0.05,26,140739
2562,pv_50_z_1,pv_50,เชียงใหม่,ภาคเหนือ,1,มหาชน,59,0.04,27,140739
2562,pv_50_z_1,pv_50,เชียงใหม่,ภาคเหนือ,1,รวมใจไทย,51,0.04,28,140739
2562,pv_50_z_1,pv_50,เชียงใหม่,ภาคเหนือ,1,เพื่อแผ่นดิน,45,0.03,29,140739
2562,pv_50_z_1,pv_50,เชียงใหม่,ภาคเหนือ,1,แทนคุณแผ่นดิน,34,0.02,30,140739
2562,pv_50_z_1,pv_50,เชียงใหม่,ภาคเหนือ,1,ประชากรไทย,32,0.02,31,140739
2562,pv_50_z_1,pv_50,เชียงใหม่,ภาคเหนือ,1,ภราดรภาพ,31,0.02,32,140739
2562,pv_50_z_1,pv_50,เชียงใหม่,ภาคเหนือ,1,เครือข่ายชาวนาแห่งประเทศไทย,25,0.02,33,140739
2562,pv_50_z_1,pv_50,เชียงใหม่,ภาคเหนือ,1,ประชาไทย,22,0.02,34,140739
2562,pv_50_z_1,pv_50,เชียงใหม่,ภาคเหนือ,1,ประชาชาติ,0,0.00,35,140739
2562,pv_50_z_2,pv_50,เชียงใหม่,ภาคเหนือ,2,เพื่อไทย,50127,44.55,1,112527
2562,pv_50_z_2,pv_50,เชียงใหม่,ภาคเหนือ,2,อนาคตใหม่,32617,28.99,2,112527
2562,pv_50_z_2,pv_50,เชียงใหม่,ภาคเหนือ,2,พลังประชารัฐ,17022,15.13,3,112527
2562,pv_50_z_2,pv_50,เชียงใหม่,ภาคเหนือ,2,ประชาธิปัตย์,4416,3.92,4,112527
2562,pv_50_z_2,pv_50,เชียงใหม่,ภาคเหนือ,2,เสรีรวมไทย,2887,2.57,5,112527
2562,pv_50_z_2,pv_50,เชียงใหม่,ภาคเหนือ,2,รักษ์ผืนป่าประเทศไทย,693,0.62,6,112527
2562,pv_50_z_2,pv_50,เชียงใหม่,ภาคเหนือ,2,เพื่อชาติ,670,0.60,7,112527
2562,pv_50_z_2,pv_50,เชียงใหม่,ภาคเหนือ,2,ชาติพัฒนา,576,0.51,8,112527
2562,pv_50_z_2,pv_50,เชียงใหม่,ภาคเหนือ,2,ภูมิใจไทย,510,0.45,9,112527
2562,pv_50_z_2,pv_50,เชียงใหม่,ภาคเหนือ,2,ครูไทยเพื่อประชาชน,470,0.42,10,112527
2562,pv_50_z_2,pv_50,เชียงใหม่,ภาคเหนือ,2,รวมพลังประชาชาติไทย,406,0.36,11,112527
2562,pv_50_z_2,pv_50,เชียงใหม่,ภาคเหนือ,2,ชาติไทยพัฒนา,225,0.20,12,112527
2562,pv_50_z_2,pv_50,เชียงใหม่,ภาคเหนือ,2,ประชาภิวัฒน์,187,0.17,13,112527
2562,pv_50_z_2,pv_50,เชียงใหม่,ภาคเหนือ,2,พลังไทยรักไทย,184,0.16,14,112527
2562,pv_50_z_2,pv_50,เชียงใหม่,ภาคเหนือ,2,พลังธรรมใหม่,170,0.15,15,112527
2562,pv_50_z_2,pv_50,เชียงใหม่,ภาคเหนือ,2,รวมใจไทย,166,0.15,16,112527
2562,pv_50_z_2,pv_50,เชียงใหม่,ภาคเหนือ,2,พลังท้องถิ่นไท,145,0.13,17,112527
2562,pv_50_z_2,pv_50,เชียงใหม่,ภาคเหนือ,2,ชาติพันธุ์ไทย,135,0.12,18,112527
2562,pv_50_z_2,pv_50,เชียงใหม่,ภาคเหนือ,2,ไทยศรีวิไลย์,113,0.10,19,112527
2562,pv_50_z_2,pv_50,เชียงใหม่,ภาคเหนือ,2,แผ่นดินธรรม,102,0.09,20,112527
2562,pv_50_z_2,pv_50,เชียงใหม่,ภาคเหนือ,2,ประชานิยม,94,0.08,21,112527
2562,pv_50_z_2,pv_50,เชียงใหม่,ภาคเหนือ,2,ไทรักธรรม,91,0.08,22,112527
2562,pv_50_z_2,pv_50,เชียงใหม่,ภาคเหนือ,2,เพื่อแผ่นดิน,80,0.07,23,112527
2562,pv_50_z_2,pv_50,เชียงใหม่,ภาคเหนือ,2,พลังชาติไทย,67,0.06,24,112527
2562,pv_50_z_2,pv_50,เชียงใหม่,ภาคเหนือ,2,พลังปวงชนไทย,67,0.06,25,112527
2562,pv_50_z_2,pv_50,เชียงใหม่,ภาคเหนือ,2,ประชาชนปฏิรูป,58,0.05,26,112527
2562,pv_50_z_2,pv_50,เชียงใหม่,ภาคเหนือ,2,กรีน,55,0.05,27,112527
2562,pv_50_z_2,pv_50,เชียงใหม่,ภาคเหนือ,2,ประชาธรรมไทย,46,0.04,28,112527
2562,pv_50_z_2,pv_50,เชียงใหม่,ภาคเหนือ,2,ภราดรภาพ,45,0.04,29,112527
2562,pv_50_z_2,pv_50,เชียงใหม่,ภาคเหนือ,2,พลังรัก,44,0.04,30,112527
2562,pv_50_z_2,pv_50,เชียงใหม่,ภาคเหนือ,2,เครือข่ายชาวนาแห่งประเทศไทย,31,0.03,31,112527
2562,pv_50_z_2,pv_50,เชียงใหม่,ภาคเหนือ,2,มหาชน,28,0.02,32,112527
2562,pv_50_z_2,pv_50,เชียงใหม่,ภาคเหนือ,2,ประชาชาติ,0,0.00,33,112527
2562,pv_50_z_2,pv_50,เชียงใหม่,ภาคเหนือ,2,เศรษฐกิจใหม่,0,0.00,34,112527
2562,pv_50_z_2,pv_50,เชียงใหม่,ภาคเหนือ,2,ไทยรักษาชาติ,0,0.00,35,112527
2562,pv_50_z_2,pv_50,เชียงใหม่,ภาคเหนือ,2,พลังไทยรักชาติ,0,0.00,36,112527
2562,pv_50_z_3,pv_50,เชียงใหม่,ภาคเหนือ,3,เพื่อไทย,64040,52.62,1,121700
2562,pv_50_z_3,pv_50,เชียงใหม่,ภาคเหนือ,3,อนาคตใหม่,28624,23.52,2,121700
2562,pv_50_z_3,pv_50,เชียงใหม่,ภาคเหนือ,3,พลังประชารัฐ,12769,10.49,3,121700
2562,pv_50_z_3,pv_50,เชียงใหม่,ภาคเหนือ,3,ประชาธิปัตย์,4308,3.54,4,121700
2562,pv_50_z_3,pv_50,เชียงใหม่,ภาคเหนือ,3,เสรีรวมไทย,2568,2.11,5,121700
2562,pv_50_z_3,pv_50,เชียงใหม่,ภาคเหนือ,3,เศรษฐกิจใหม่,2154,1.77,6,121700
2562,pv_50_z_3,pv_50,เชียงใหม่,ภาคเหนือ,3,ชาติพัฒนา,1251,1.03,7,121700
2562,pv_50_z_3,pv_50,เชียงใหม่,ภาคเหนือ,3,เพื่อชาติ,1028,0.84,8,121700
2562,pv_50_z_3,pv_50,เชียงใหม่,ภาคเหนือ,3,ประชานิยม,494,0.41,9,121700
2562,pv_50_z_3,pv_50,เชียงใหม่,ภาคเหนือ,3,ภูมิใจไทย,487,0.40,10,121700
2562,pv_50_z_3,pv_50,เชียงใหม่,ภาคเหนือ,3,พลังไทยรักไทย,399,0.33,11,121700
2562,pv_50_z_3,pv_50,เชียงใหม่,ภาคเหนือ,3,พลังท้องถิ่นไท,339,0.28,12,121700
2562,pv_50_z_3,pv_50,เชียงใหม่,ภาคเหนือ,3,ไทยศรีวิไลย์,315,0.26,13,121700
2562,pv_50_z_3,pv_50,เชียงใหม่,ภาคเหนือ,3,ไทรักธรรม,308,0.25,14,121700
2562,pv_50_z_3,pv_50,เชียงใหม่,ภาคเหนือ,3,รวมพลังประชาชาติไทย,267,0.22,15,121700
2562,pv_50_z_3,pv_50,เชียงใหม่,ภาคเหนือ,3,ประชาชาติ,244,0.20,16,121700
2562,pv_50_z_3,pv_50,เชียงใหม่,ภาคเหนือ,3,รักษ์ผืนป่าประเทศไทย,240,0.20,17,121700
2562,pv_50_z_3,pv_50,เชียงใหม่,ภาคเหนือ,3,พลังธรรมใหม่,201,0.17,18,121700
2562,pv_50_z_3,pv_50,เชียงใหม่,ภาคเหนือ,3,ชาติพันธุ์ไทย,197,0.16,19,121700
2562,pv_50_z_3,pv_50,เชียงใหม่,ภาคเหนือ,3,พลังชาติไทย,187,0.15,20,121700
2562,pv_50_z_3,pv_50,เชียงใหม่,ภาคเหนือ,3,แผ่นดินธรรม,185,0.15,21,121700
2562,pv_50_z_3,pv_50,เชียงใหม่,ภาคเหนือ,3,ประชาภิวัฒน์,182,0.15,22,121700
2562,pv_50_z_3,pv_50,เชียงใหม่,ภาคเหนือ,3,พลังไทยรักชาติ,144,0.12,23,121700
2562,pv_50_z_3,pv_50,เชียงใหม่,ภาคเหนือ,3,ชาติไทยพัฒนา,137,0.11,24,121700
2562,pv_50_z_3,pv_50,เชียงใหม่,ภาคเหนือ,3,ภราดรภาพ,114,0.09,25,121700
2562,pv_50_z_3,pv_50,เชียงใหม่,ภาคเหนือ,3,เพื่อแผ่นดิน,90,0.07,26,121700
2562,pv_50_z_3,pv_50,เชียงใหม่,ภาคเหนือ,3,แทนคุณแผ่นดิน,90,0.07,27,121700
2562,pv_50_z_3,pv_50,เชียงใหม่,ภาคเหนือ,3,ประชาชนปฏิรูป,86,0.07,28,121700
2562,pv_50_z_3,pv_50,เชียงใหม่,ภาคเหนือ,3,เครือข่ายชาวนาแห่งประเทศไทย,78,0.06,29,121700
2562,pv_50_z_3,pv_50,เชียงใหม่,ภาคเหนือ,3,กรีน,77,0.06,30,121700
2562,pv_50_z_3,pv_50,เชียงใหม่,ภาคเหนือ,3,ครูไทยเพื่อประชาชน,62,0.05,31,121700
2562,pv_50_z_3,pv_50,เชียงใหม่,ภาคเหนือ,3,มหาชน,35,0.03,32,121700
2562,pv_50_z_3,pv_50,เชียงใหม่,ภาคเหนือ,3,พลังปวงชนไทย,0,0.00,33,121700
2562,pv_50_z_3,pv_50,เชียงใหม่,ภาคเหนือ,3,ไทยรักษาชาติ,0,0.00,34,121700
2562,pv_50_z_4,pv_50,เชียงใหม่,ภาคเหนือ,4,เพื่อไทย,37454,31.50,1,118911
2562,pv_50_z_4,pv_50,เชียงใหม่,ภาคเหนือ,4,อนาคตใหม่,35576,29.92,2,118911
2562,pv_50_z_4,pv_50,เชียงใหม่,ภาคเหนือ,4,พลังประชารัฐ,30520,25.67,3,118911
2562,pv_50_z_4,pv_50,เชียงใหม่,ภาคเหนือ,4,ประชาธิปัตย์,4918,4.14,4,118911
2562,pv_50_z_4,pv_50,เชียงใหม่,ภาคเหนือ,4,เสรีรวมไทย,2948,2.48,5,118911
2562,pv_50_z_4,pv_50,เชียงใหม่,ภาคเหนือ,4,ชาติพัฒนา,1444,1.21,6,118911
2562,pv_50_z_4,pv_50,เชียงใหม่,ภาคเหนือ,4,ภูมิใจไทย,563,0.47,7,118911
2562,pv_50_z_4,pv_50,เชียงใหม่,ภาคเหนือ,4,ชาติพันธุ์ไทย,536,0.45,8,118911
2562,pv_50_z_4,pv_50,เชียงใหม่,ภาคเหนือ,4,พลังปวงชนไทย,497,0.42,9,118911
2562,pv_50_z_4,pv_50,เชียงใหม่,ภาคเหนือ,4,พลังชาติไทย,477,0.40,10,118911
2562,pv_50_z_4,pv_50,เชียงใหม่,ภาคเหนือ,4,เพื่อชาติ,417,0.35,11,118911
2562,pv_50_z_4,pv_50,เชียงใหม่,ภาคเหนือ,4,ประชาภิวัฒน์,390,0.33,12,118911
2562,pv_50_z_4,pv_50,เชียงใหม่,ภาคเหนือ,4,พลังไทยรักไทย,356,0.30,13,118911
2562,pv_50_z_4,pv_50,เชียงใหม่,ภาคเหนือ,4,พลังท้องถิ่นไท,333,0.28,14,118911
2562,pv_50_z_4,pv_50,เชียงใหม่,ภาคเหนือ,4,พลังธรรมใหม่,320,0.27,15,118911
2562,pv_50_z_4,pv_50,เชียงใหม่,ภาคเหนือ,4,รักษ์ผืนป่าประเทศไทย,243,0.20,16,118911
2562,pv_50_z_4,pv_50,เชียงใหม่,ภาคเหนือ,4,รวมพลังประชาชาติไทย,234,0.20,17,118911
2562,pv_50_z_4,pv_50,เชียงใหม่,ภาคเหนือ,4,ชาติไทยพัฒนา,169,0.14,18,118911
2562,pv_50_z_4,pv_50,เชียงใหม่,ภาคเหนือ,4,เครือข่ายชาวนาแห่งประเทศไทย,169,0.14,19,118911
2562,pv_50_z_4,pv_50,เชียงใหม่,ภาคเหนือ,4,ประชานิยม,159,0.13,20,118911
2562,pv_50_z_4,pv_50,เชียงใหม่,ภาคเหนือ,4,เพื่อแผ่นดิน,142,0.12,21,118911
2562,pv_50_z_4,pv_50,เชียงใหม่,ภาคเหนือ,4,แผ่นดินธรรม,122,0.10,22,118911
2562,pv_50_z_4,pv_50,เชียงใหม่,ภาคเหนือ,4,ภราดรภาพ,111,0.09,23,118911
2562,pv_50_z_4,pv_50,เชียงใหม่,ภาคเหนือ,4,แทนคุณแผ่นดิน,105,0.09,24,118911
2562,pv_50_z_4,pv_50,เชียงใหม่,ภาคเหนือ,4,ไทยศรีวิไลย์,98,0.08,25,118911
2562,pv_50_z_4,pv_50,เชียงใหม่,ภาคเหนือ,4,พลังประชาธิปไตย,87,0.07,26,118911
2562,pv_50_z_4,pv_50,เชียงใหม่,ภาคเหนือ,4,ประชาชนปฏิรูป,86,0.07,27,118911
2562,pv_50_z_4,pv_50,เชียงใหม่,ภาคเหนือ,4,ครูไทยเพื่อประชาชน,86,0.07,28,118911
2562,pv_50_z_4,pv_50,เชียงใหม่,ภาคเหนือ,4,ยางพาราไทย,80,0.07,29,118911
2562,pv_50_z_4,pv_50,เชียงใหม่,ภาคเหนือ,4,ประชากรไทย,77,0.06,30,118911
2562,pv_50_z_4,pv_50,เชียงใหม่,ภาคเหนือ,4,ประชาชาติ,67,0.06,31,118911
2562,pv_50_z_4,pv_50,เชียงใหม่,ภาคเหนือ,4,มหาชน,44,0.04,32,118911
2562,pv_50_z_4,pv_50,เชียงใหม่,ภาคเหนือ,4,ไทรักธรรม,44,0.04,33,118911
2562,pv_50_z_4,pv_50,เชียงใหม่,ภาคเหนือ,4,ประชาธรรมไทย,39,0.03,34,118911
2562,pv_50_z_4,pv_50,เชียงใหม่,ภาคเหนือ,4,เศรษฐกิจใหม่,0,0.00,35,118911
2562,pv_50_z_5,pv_50,เชียงใหม่,ภาคเหนือ,5,เพื่อไทย,41169,35.00,1,117617
2562,pv_50_z_5,pv_50,เชียงใหม่,ภาคเหนือ,5,พลังประชารัฐ,29170,24.80,2,117617
2562,pv_50_z_5,pv_50,เชียงใหม่,ภาคเหนือ,5,อนาคตใหม่,27940,23.76,3,117617
2562,pv_50_z_5,pv_50,เชียงใหม่,ภาคเหนือ,5,ประชาธิปัตย์,4816,4.09,4,117617
2562,pv_50_z_5,pv_50,เชียงใหม่,ภาคเหนือ,5,เสรีรวมไทย,2550,2.17,5,117617
2562,pv_50_z_5,pv_50,เชียงใหม่,ภาคเหนือ,5,พลังท้องถิ่นไท,1761,1.50,6,117617
2562,pv_50_z_5,pv_50,เชียงใหม่,ภาคเหนือ,5,เศรษฐกิจใหม่,1347,1.15,7,117617
2562,pv_50_z_5,pv_50,เชียงใหม่,ภาคเหนือ,5,เพื่อชาติ,1292,1.10,8,117617
2562,pv_50_z_5,pv_50,เชียงใหม่,ภาคเหนือ,5,ภูมิใจไทย,931,0.79,9,117617
2562,pv_50_z_5,pv_50,เชียงใหม่,ภาคเหนือ,5,รักษ์ผืนป่าประเทศไทย,505,0.43,10,117617
2562,pv_50_z_5,pv_50,เชียงใหม่,ภาคเหนือ,5,ประชาชาติ,504,0.43,11,117617
2562,pv_50_z_5,pv_50,เชียงใหม่,ภาคเหนือ,5,ไทยศรีวิไลย์,499,0.42,12,117617
2562,pv_50_z_5,pv_50,เชียงใหม่,ภาคเหนือ,5,ประชาภิวัฒน์,482,0.41,13,117617
2562,pv_50_z_5,pv_50,เชียงใหม่,ภาคเหนือ,5,พลังชาติไทย,438,0.37,14,117617
2562,pv_50_z_5,pv_50,เชียงใหม่,ภาคเหนือ,5,ประชาชนปฏิรูป,409,0.35,15,117617
2562,pv_50_z_5,pv_50,เชียงใหม่,ภาคเหนือ,5,ชาติไทยพัฒนา,318,0.27,16,117617
2562,pv_50_z_5,pv_50,เชียงใหม่,ภาคเหนือ,5,แทนคุณแผ่นดิน,318,0.27,17,117617
2562,pv_50_z_5,pv_50,เชียงใหม่,ภาคเหนือ,5,ชาติพันธุ์ไทย,312,0.27,18,117617
2562,pv_50_z_5,pv_50,เชียงใหม่,ภาคเหนือ,5,ภราดรภาพ,307,0.26,19,117617
2562,pv_50_z_5,pv_50,เชียงใหม่,ภาคเหนือ,5,พลังไทยรักไทย,299,0.25,20,117617
2562,pv_50_z_5,pv_50,เชียงใหม่,ภาคเหนือ,5,พลังธรรมใหม่,252,0.21,21,117617
2562,pv_50_z_5,pv_50,เชียงใหม่,ภาคเหนือ,5,รวมพลังประชาชาติไทย,245,0.21,22,117617
2562,pv_50_z_5,pv_50,เชียงใหม่,ภาคเหนือ,5,ครูไทยเพื่อประชาชน,231,0.20,23,117617
2562,pv_50_z_5,pv_50,เชียงใหม่,ภาคเหนือ,5,ประชาธรรมไทย,216,0.18,24,117617
2562,pv_50_z_5,pv_50,เชียงใหม่,ภาคเหนือ,5,พลังปวงชนไทย,187,0.16,25,117617
2562,pv_50_z_5,pv_50,เชียงใหม่,ภาคเหนือ,5,ประชานิยม,177,0.15,26,117617
2562,pv_50_z_5,pv_50,เชียงใหม่,ภาคเหนือ,5,ยางพาราไทย,167,0.14,27,117617
2562,pv_50_z_5,pv_50,เชียงใหม่,ภาคเหนือ,5,แผ่นดินธรรม,141,0.12,28,117617
2562,pv_50_z_5,pv_50,เชียงใหม่,ภาคเหนือ,5,เครือข่ายชาวนาแห่งประเทศไทย,133,0.11,29,117617
2562,pv_50_z_5,pv_50,เชียงใหม่,ภาคเหนือ,5,ประชาไทย,130,0.11,30,117617
2562,pv_50_z_5,pv_50,เชียงใหม่,ภาคเหนือ,5,เพื่อแผ่นดิน,96,0.08,31,117617
2562,pv_50_z_5,pv_50,เชียงใหม่,ภาคเหนือ,5,ประชากรไทย,91,0.08,32,117617
2562,pv_50_z_5,pv_50,เชียงใหม่,ภาคเหนือ,5,ไทรักธรรม,77,0.07,33,117617
2562,pv_50_z_5,pv_50,เชียงใหม่,ภาคเหนือ,5,มหาชน,58,0.05,34,117617
2562,pv_50_z_5,pv_50,เชียงใหม่,ภาคเหนือ,5,พลังรัก,49,0.04,35,117617
2562,pv_50_z_6,pv_50,เชียงใหม่,ภาคเหนือ,6,เพื่อไทย,23576,34.96,1,67443
2562,pv_50_z_6,pv_50,เชียงใหม่,ภาคเหนือ,6,อนาคตใหม่,17377,25.77,2,67443
2562,pv_50_z_6,pv_50,เชียงใหม่,ภาคเหนือ,6,พลังประชารัฐ,12944,19.19,3,67443
2562,pv_50_z_6,pv_50,เชียงใหม่,ภาคเหนือ,6,ประชาธิปัตย์,4532,6.72,4,67443
2562,pv_50_z_6,pv_50,เชียงใหม่,ภาคเหนือ,6,พลังปวงชนไทย,1149,1.70,5,67443
2562,pv_50_z_6,pv_50,เชียงใหม่,ภาคเหนือ,6,พลังท้องถิ่นไท,1062,1.57,6,67443
2562,pv_50_z_6,pv_50,เชียงใหม่,ภาคเหนือ,6,เสรีรวมไทย,983,1.46,7,67443
2562,pv_50_z_6,pv_50,เชียงใหม่,ภาคเหนือ,6,เศรษฐกิจใหม่,866,1.28,8,67443
2562,pv_50_z_6,pv_50,เชียงใหม่,ภาคเหนือ,6,เพื่อชาติ,569,0.84,9,67443
2562,pv_50_z_6,pv_50,เชียงใหม่,ภาคเหนือ,6,ชาติไทยพัฒนา,568,0.84,10,67443
2562,pv_50_z_6,pv_50,เชียงใหม่,ภาคเหนือ,6,ครูไทยเพื่อประชาชน,387,0.57,11,67443
2562,pv_50_z_6,pv_50,เชียงใหม่,ภาคเหนือ,6,รักษ์ผืนป่าประเทศไทย,333,0.49,12,67443
2562,pv_50_z_6,pv_50,เชียงใหม่,ภาคเหนือ,6,ประชาภิวัฒน์,280,0.42,13,67443
2562,pv_50_z_6,pv_50,เชียงใหม่,ภาคเหนือ,6,รวมพลังประชาชาติไทย,274,0.41,14,67443
2562,pv_50_z_6,pv_50,เชียงใหม่,ภาคเหนือ,6,พลังธรรมใหม่,273,0.40,15,67443
2562,pv_50_z_6,pv_50,เชียงใหม่,ภาคเหนือ,6,ประชาชาติ,251,0.37,16,67443
2562,pv_50_z_6,pv_50,เชียงใหม่,ภาคเหนือ,6,ภูมิใจไทย,219,0.32,17,67443
2562,pv_50_z_6,pv_50,เชียงใหม่,ภาคเหนือ,6,ไทยศรีวิไลย์,187,0.28,18,67443
2562,pv_50_z_6,pv_50,เชียงใหม่,ภาคเหนือ,6,ประชาธิปไตยใหม่,166,0.25,19,67443
2562,pv_50_z_6,pv_50,เชียงใหม่,ภาคเหนือ,6,พลังประชาธิปไตย,161,0.24,20,67443
2562,pv_50_z_6,pv_50,เชียงใหม่,ภาคเหนือ,6,พลังชาติไทย,153,0.23,21,67443
2562,pv_50_z_6,pv_50,เชียงใหม่,ภาคเหนือ,6,ชาติพัฒนา,151,0.22,22,67443
2562,pv_50_z_6,pv_50,เชียงใหม่,ภาคเหนือ,6,ชาติพันธุ์ไทย,122,0.18,23,67443
2562,pv_50_z_6,pv_50,เชียงใหม่,ภาคเหนือ,6,มหาชน,117,0.17,24,67443
2562,pv_50_z_6,pv_50,เชียงใหม่,ภาคเหนือ,6,เครือข่ายชาวนาแห่งประเทศไทย,113,0.17,25,67443
2562,pv_50_z_6,pv_50,เชียงใหม่,ภาคเหนือ,6,พลังไทยรักไทย,109,0.16,26,67443
2562,pv_50_z_6,pv_50,เชียงใหม่,ภาคเหนือ,6,ประชากรไทย,77,0.11,27,67443
2562,pv_50_z_6,pv_50,เชียงใหม่,ภาคเหนือ,6,ภราดรภาพ,61,0.09,28,67443
2562,pv_50_z_6,pv_50,เชียงใหม่,ภาคเหนือ,6,กรีน,60,0.09,29,67443
2562,pv_50_z_6,pv_50,เชียงใหม่,ภาคเหนือ,6,พลังรัก,59,0.09,30,67443
2562,pv_50_z_6,pv_50,เชียงใหม่,ภาคเหนือ,6,ยางพาราไทย,58,0.09,31,67443
2562,pv_50_z_6,pv_50,เชียงใหม่,ภาคเหนือ,6,ประชานิยม,55,0.08,32,67443
2562,pv_50_z_6,pv_50,เชียงใหม่,ภาคเหนือ,6,เพื่อแผ่นดิน,49,0.07,33,67443
2562,pv_50_z_6,pv_50,เชียงใหม่,ภาคเหนือ,6,ประชาชนปฏิรูป,40,0.06,34,67443
2562,pv_50_z_6,pv_50,เชียงใหม่,ภาคเหนือ,6,ไทรักธรรม,34,0.05,35,67443
2562,pv_50_z_6,pv_50,เชียงใหม่,ภาคเหนือ,6,แทนคุณแผ่นดิน,28,0.04,36,67443
2562,pv_50_z_7,pv_50,เชียงใหม่,ภาคเหนือ,7,เพื่อไทย,27477,31.72,1,86612
2562,pv_50_z_7,pv_50,เชียงใหม่,ภาคเหนือ,7,อนาคตใหม่,19729,22.78,2,86612
2562,pv_50_z_7,pv_50,เชียงใหม่,ภาคเหนือ,7,ภูมิใจไทย,18925,21.85,3,86612
2562,pv_50_z_7,pv_50,เชียงใหม่,ภาคเหนือ,7,พลังประชารัฐ,8719,10.07,4,86612
2562,pv_50_z_7,pv_50,เชียงใหม่,ภาคเหนือ,7,ประชาธิปัตย์,3440,3.97,5,86612
2562,pv_50_z_7,pv_50,เชียงใหม่,ภาคเหนือ,7,เสรีรวมไทย,1032,1.19,6,86612
2562,pv_50_z_7,pv_50,เชียงใหม่,ภาคเหนือ,7,ประชาภิวัฒน์,645,0.74,7,86612
2562,pv_50_z_7,pv_50,เชียงใหม่,ภาคเหนือ,7,ชาติพัฒนา,633,0.73,8,86612
2562,pv_50_z_7,pv_50,เชียงใหม่,ภาคเหนือ,7,พลังท้องถิ่นไท,613,0.71,9,86612
2562,pv_50_z_7,pv_50,เชียงใหม่,ภาคเหนือ,7,พลังธรรมใหม่,576,0.67,10,86612
2562,pv_50_z_7,pv_50,เชียงใหม่,ภาคเหนือ,7,รักษ์ผืนป่าประเทศไทย,537,0.62,11,86612
2562,pv_50_z_7,pv_50,เชียงใหม่,ภาคเหนือ,7,ประชากรไทย,520,0.60,12,86612
2562,pv_50_z_7,pv_50,เชียงใหม่,ภาคเหนือ,7,เพื่อชาติ,478,0.55,13,86612
2562,pv_50_z_7,pv_50,เชียงใหม่,ภาคเหนือ,7,ชาติไทยพัฒนา,457,0.53,14,86612
2562,pv_50_z_7,pv_50,เชียงใหม่,ภาคเหนือ,7,พลังปวงชนไทย,332,0.38,15,86612
2562,pv_50_z_7,pv_50,เชียงใหม่,ภาคเหนือ,7,ไทยศรีวิไลย์,299,0.35,16,86612
2562,pv_50_z_7,pv_50,เชียงใหม่,ภาคเหนือ,7,ครูไทยเพื่อประชาชน,273,0.32,17,86612
2562,pv_50_z_7,pv_50,เชียงใหม่,ภาคเหนือ,7,พลังชาติไทย,269,0.31,18,86612
2562,pv_50_z_7,pv_50,เชียงใหม่,ภาคเหนือ,7,แทนคุณแผ่นดิน,237,0.27,19,86612
2562,pv_50_z_7,pv_50,เชียงใหม่,ภาคเหนือ,7,รวมพลังประชาชาติไทย,202,0.23,20,86612
2562,pv_50_z_7,pv_50,เชียงใหม่,ภาคเหนือ,7,ชาติพันธุ์ไทย,163,0.19,21,86612
2562,pv_50_z_7,pv_50,เชียงใหม่,ภาคเหนือ,7,พลังไทยรักไทย,144,0.17,22,86612
2562,pv_50_z_7,pv_50,เชียงใหม่,ภาคเหนือ,7,พลังรัก,132,0.15,23,86612
2562,pv_50_z_7,pv_50,เชียงใหม่,ภาคเหนือ,7,มหาชน,131,0.15,24,86612
2562,pv_50_z_7,pv_50,เชียงใหม่,ภาคเหนือ,7,ประชานิยม,130,0.15,25,86612
2562,pv_50_z_7,pv_50,เชียงใหม่,ภาคเหนือ,7,เครือข่ายชาวนาแห่งประเทศไทย,109,0.13,26,86612
2562,pv_50_z_7,pv_50,เชียงใหม่,ภาคเหนือ,7,ยางพาราไทย,99,0.11,27,86612
2562,pv_50_z_7,pv_50,เชียงใหม่,ภาคเหนือ,7,ประชาชนปฏิรูป,98,0.11,28,86612
2562,pv_50_z_7,pv_50,เชียงใหม่,ภาคเหนือ,7,ประชาธรรมไทย,89,0.10,29,86612
2562,pv_50_z_7,pv_50,เชียงใหม่,ภาคเหนือ,7,ภราดรภาพ,72,0.08,30,86612
2562,pv_50_z_7,pv_50,เชียงใหม่,ภาคเหนือ,7,ไทรักธรรม,52,0.06,31,86612
2562,pv_50_z_7,pv_50,เชียงใหม่,ภาคเหนือ,7,เศรษฐกิจใหม่,0,0.00,32,86612
2562,pv_50_z_8,pv_50,เชียงใหม่,ภาคเหนือ,8,เพื่อไทย,52165,38.80,1,134463
2562,pv_50_z_8,pv_50,เชียงใหม่,ภาคเหนือ,8,พลังประชารัฐ,39221,29.17,2,134463
2562,pv_50_z_8,pv_50,เชียงใหม่,ภาคเหนือ,8,อนาคตใหม่,29556,21.98,3,134463
2562,pv_50_z_8,pv_50,เชียงใหม่,ภาคเหนือ,8,ประชาธิปัตย์,2508,1.87,4,134463
2562,pv_50_z_8,pv_50,เชียงใหม่,ภาคเหนือ,8,เสรีรวมไทย,1864,1.39,5,134463
2562,pv_50_z_8,pv_50,เชียงใหม่,ภาคเหนือ,8,เศรษฐกิจใหม่,1246,0.93,6,134463
2562,pv_50_z_8,pv_50,เชียงใหม่,ภาคเหนือ,8,พลังรัก,868,0.65,7,134463
2562,pv_50_z_8,pv_50,เชียงใหม่,ภาคเหนือ,8,พลังปวงชนไทย,790,0.59,8,134463
2562,pv_50_z_8,pv_50,เชียงใหม่,ภาคเหนือ,8,ภูมิใจไทย,677,0.50,9,134463
2562,pv_50_z_8,pv_50,เชียงใหม่,ภาคเหนือ,8,ประชาชาติ,594,0.44,10,134463
2562,pv_50_z_8,pv_50,เชียงใหม่,ภาคเหนือ,8,เครือข่ายชาวนาแห่งประเทศไทย,581,0.43,11,134463
2562,pv_50_z_8,pv_50,เชียงใหม่,ภาคเหนือ,8,พลังท้องถิ่นไท,538,0.40,12,134463
2562,pv_50_z_8,pv_50,เชียงใหม่,ภาคเหนือ,8,พลังชาติไทย,500,0.37,13,134463
2562,pv_50_z_8,pv_50,เชียงใหม่,ภาคเหนือ,8,ประชากรไทย,459,0.34,14,134463
2562,pv_50_z_8,pv_50,เชียงใหม่,ภาคเหนือ,8,รักษ์ผืนป่าประเทศไทย,440,0.33,15,134463
2562,pv_50_z_8,pv_50,เชียงใหม่,ภาคเหนือ,8,เพื่อชาติ,362,0.27,16,134463
2562,pv_50_z_8,pv_50,เชียงใหม่,ภาคเหนือ,8,กรีน,317,0.24,17,134463
2562,pv_50_z_8,pv_50,เชียงใหม่,ภาคเหนือ,8,รวมพลังประชาชาติไทย,242,0.18,18,134463
2562,pv_50_z_8,pv_50,เชียงใหม่,ภาคเหนือ,8,ครูไทยเพื่อประชาชน,231,0.17,19,134463
2562,pv_50_z_8,pv_50,เชียงใหม่,ภาคเหนือ,8,พลังธรรมใหม่,175,0.13,20,134463
2562,pv_50_z_8,pv_50,เชียงใหม่,ภาคเหนือ,8,พลังไทยรักไทย,139,0.10,21,134463
2562,pv_50_z_8,pv_50,เชียงใหม่,ภาคเหนือ,8,ภราดรภาพ,132,0.10,22,134463
2562,pv_50_z_8,pv_50,เชียงใหม่,ภาคเหนือ,8,ชาติไทยพัฒนา,131,0.10,23,134463
2562,pv_50_z_8,pv_50,เชียงใหม่,ภาคเหนือ,8,ประชาธรรมไทย,125,0.09,24,134463
2562,pv_50_z_8,pv_50,เชียงใหม่,ภาคเหนือ,8,ประชาภิวัฒน์,119,0.09,25,134463
2562,pv_50_z_8,pv_50,เชียงใหม่,ภาคเหนือ,8,ชาติพันธุ์ไทย,106,0.08,26,134463
2562,pv_50_z_8,pv_50,เชียงใหม่,ภาคเหนือ,8,ประชานิยม,86,0.06,27,134463
2562,pv_50_z_8,pv_50,เชียงใหม่,ภาคเหนือ,8,รวมใจไทย,73,0.05,28,134463
2562,pv_50_z_8,pv_50,เชียงใหม่,ภาคเหนือ,8,ไทรักธรรม,57,0.04,29,134463
2562,pv_50_z_8,pv_50,เชียงใหม่,ภาคเหนือ,8,มหาชน,55,0.04,30,134463
2562,pv_50_z_8,pv_50,เชียงใหม่,ภาคเหนือ,8,ประชาชนปฏิรูป,54,0.04,31,134463
2562,pv_50_z_8,pv_50,เชียงใหม่,ภาคเหนือ,8,พลังสหกรณ์,52,0.04,32,134463
2562,pv_50_z_8,pv_50,เชียงใหม่,ภาคเหนือ,8,แทนคุณแผ่นดิน,0,0.00,33,134463
2562,pv_50_z_9,pv_50,เชียงใหม่,ภาคเหนือ,9,เพื่อไทย,39390,36.36,1,108319
2562,pv_50_z_9,pv_50,เชียงใหม่,ภาคเหนือ,9,พลังประชารัฐ,32532,30.03,2,108319
2562,pv_50_z_9,pv_50,เชียงใหม่,ภาคเหนือ,9,อนาคตใหม่,17558,16.21,3,108319
2562,pv_50_z_9,pv_50,เชียงใหม่,ภาคเหนือ,9,ประชาธิปัตย์,4692,4.33,4,108319
2562,pv_50_z_9,pv_50,เชียงใหม่,ภาคเหนือ,9,ประชาภิวัฒน์,1574,1.45,5,108319
2562,pv_50_z_9,pv_50,เชียงใหม่,ภาคเหนือ,9,ประชาชาติ,1242,1.15,6,108319
2562,pv_50_z_9,pv_50,เชียงใหม่,ภาคเหนือ,9,ภูมิใจไทย,1064,0.98,7,108319
2562,pv_50_z_9,pv_50,เชียงใหม่,ภาคเหนือ,9,เสรีรวมไทย,1055,0.97,8,108319
2562,pv_50_z_9,pv_50,เชียงใหม่,ภาคเหนือ,9,แผ่นดินธรรม,979,0.90,9,108319
2562,pv_50_z_9,pv_50,เชียงใหม่,ภาคเหนือ,9,พลังไทยรักไทย,946,0.87,10,108319
2562,pv_50_z_9,pv_50,เชียงใหม่,ภาคเหนือ,9,ชาติไทยพัฒนา,852,0.79,11,108319
2562,pv_50_z_9,pv_50,เชียงใหม่,ภาคเหนือ,9,พลังท้องถิ่นไท,708,0.65,12,108319
2562,pv_50_z_9,pv_50,เชียงใหม่,ภาคเหนือ,9,พลังธรรมใหม่,667,0.62,13,108319
2562,pv_50_z_9,pv_50,เชียงใหม่,ภาคเหนือ,9,พลังชาติไทย,643,0.59,14,108319
2562,pv_50_z_9,pv_50,เชียงใหม่,ภาคเหนือ,9,รวมพลังประชาชาติไทย,625,0.58,15,108319
2562,pv_50_z_9,pv_50,เชียงใหม่,ภาคเหนือ,9,รักษ์ผืนป่าประเทศไทย,481,0.44,16,108319
2562,pv_50_z_9,pv_50,เชียงใหม่,ภาคเหนือ,9,เศรษฐกิจใหม่,452,0.42,17,108319
2562,pv_50_z_9,pv_50,เชียงใหม่,ภาคเหนือ,9,พลังไทยดี,450,0.42,18,108319
2562,pv_50_z_9,pv_50,เชียงใหม่,ภาคเหนือ,9,ไทยศรีวิไลย์,303,0.28,19,108319
2562,pv_50_z_9,pv_50,เชียงใหม่,ภาคเหนือ,9,กรีน,231,0.21,20,108319
2562,pv_50_z_9,pv_50,เชียงใหม่,ภาคเหนือ,9,ประชาชนปฏิรูป,220,0.20,21,108319
2562,pv_50_z_9,pv_50,เชียงใหม่,ภาคเหนือ,9,ประชาธิปไตยใหม่,206,0.19,22,108319
2562,pv_50_z_9,pv_50,เชียงใหม่,ภาคเหนือ,9,ภราดรภาพ,188,0.17,23,108319
2562,pv_50_z_9,pv_50,เชียงใหม่,ภาคเหนือ,9,ครูไทยเพื่อประชาชน,188,0.17,24,108319
2562,pv_50_z_9,pv_50,เชียงใหม่,ภาคเหนือ,9,มหาชน,175,0.16,25,108319
2562,pv_50_z_9,pv_50,เชียงใหม่,ภาคเหนือ,9,เพื่อแผ่นดิน,160,0.15,26,108319
2562,pv_50_z_9,pv_50,เชียงใหม่,ภาคเหนือ,9,แทนคุณแผ่นดิน,157,0.14,27,108319
2562,pv_50_z_9,pv_50,เชียงใหม่,ภาคเหนือ,9,ชาติพันธุ์ไทย,114,0.11,28,108319
2562,pv_50_z_9,pv_50,เชียงใหม่,ภาคเหนือ,9,ประชานิยม,111,0.10,29,108319
2562,pv_50_z_9,pv_50,เชียงใหม่,ภาคเหนือ,9,พลังรัก,108,0.10,30,108319
2562,pv_50_z_9,pv_50,เชียงใหม่,ภาคเหนือ,9,ไทรักธรรม,95,0.09,31,108319
2562,pv_50_z_9,pv_50,เชียงใหม่,ภาคเหนือ,9,เครือข่ายชาวนาแห่งประเทศไทย,79,0.07,32,108319
2562,pv_50_z_9,pv_50,เชียงใหม่,ภาคเหนือ,9,ประชาธรรมไทย,74,0.07,33,108319
2562,pv_50_z_9,pv_50,เชียงใหม่,ภาคเหนือ,9,เพื่อชาติ,0,0.00,34,108319
2562,pv_92_z_1,pv_92,ตรัง,ภาคใต้,1,พลังประชารัฐ,39416,31.54,1,124964
2562,pv_92_z_1,pv_92,ตรัง,ภาคใต้,1,ประชาธิปัตย์,38332,30.67,2,124964
2562,pv_92_z_1,pv_92,ตรัง,ภาคใต้,1,อนาคตใหม่,17371,13.90,3,124964
2562,pv_92_z_1,pv_92,ตรัง,ภาคใต้,1,พลังท้องถิ่นไท,10017,8.02,4,124964
2562,pv_92_z_1,pv_92,ตรัง,ภาคใต้,1,เสรีรวมไทย,2664,2.13,5,124964
2562,pv_92_z_1,pv_92,ตรัง,ภาคใต้,1,เศรษฐกิจใหม่,2491,1.99,6,124964
2562,pv_92_z_1,pv_92,ตรัง,ภาคใต้,1,คลองไทย,1707,1.37,7,124964
2562,pv_92_z_1,pv_92,ตรัง,ภาคใต้,1,ประชาชาติ,1395,1.12,8,124964
2562,pv_92_z_1,pv_92,ตรัง,ภาคใต้,1,ภูมิใจไทย,1380,1.10,9,124964
2562,pv_92_z_1,pv_92,ตรัง,ภาคใต้,1,ชาติไทยพัฒนา,1338,1.07,10,124964
2562,pv_92_z_1,pv_92,ตรัง,ภาคใต้,1,ประชาธิปไตยใหม่,958,0.77,11,124964
2562,pv_92_z_1,pv_92,ตรัง,ภาคใต้,1,ทางเลือกใหม่,760,0.61,12,124964
2562,pv_92_z_1,pv_92,ตรัง,ภาคใต้,1,เพื่อชาติ,706,0.56,13,124964
2562,pv_92_z_1,pv_92,ตรัง,ภาคใต้,1,พลังธรรมใหม่,690,0.55,14,124964
2562,pv_92_z_1,pv_92,ตรัง,ภาคใต้,1,รวมพลังประชาชาติไทย,618,0.49,15,124964
2562,pv_92_z_1,pv_92,ตรัง,ภาคใต้,1,ชาติพัฒนา,594,0.48,16,124964
2562,pv_92_z_1,pv_92,ตรัง,ภาคใต้,1,ประชานิยม,470,0.38,17,124964
2562,pv_92_z_1,pv_92,ตรัง,ภาคใต้,1,พลังชาติไทย,412,0.33,18,124964
2562,pv_92_z_1,pv_92,ตรัง,ภาคใต้,1,เพื่อธรรม,319,0.26,19,124964
2562,pv_92_z_1,pv_92,ตรัง,ภาคใต้,1,พลังปวงชนไทย,303,0.24,20,124964
2562,pv_92_z_1,pv_92,ตรัง,ภาคใต้,1,ไทรักธรรม,303,0.24,21,124964
2562,pv_92_z_1,pv_92,ตรัง,ภาคใต้,1,พลังประชาธิปไตย,282,0.23,22,124964
2562,pv_92_z_1,pv_92,ตรัง,ภาคใต้,1,กรีน,281,0.22,23,124964
2562,pv_92_z_1,pv_92,ตรัง,ภาคใต้,1,ความหวังใหม่,281,0.22,24,124964
2562,pv_92_z_1,pv_92,ตรัง,ภาคใต้,1,พลังไทยรักไทย,264,0.21,25,124964
2562,pv_92_z_1,pv_92,ตรัง,ภาคใต้,1,ภาคีเครือข่ายไทย,251,0.20,26,124964
2562,pv_92_z_1,pv_92,ตรัง,ภาคใต้,1,ประชาชนปฏิรูป,248,0.20,27,124964
2562,pv_92_z_1,pv_92,ตรัง,ภาคใต้,1,พลังไทสร้างชาติ,226,0.18,28,124964
2562,pv_92_z_1,pv_92,ตรัง,ภาคใต้,1,รักษ์ผืนป่าประเทศไทย,217,0.17,29,124964
2562,pv_92_z_1,pv_92,ตรัง,ภาคใต้,1,ผึ้งหลวง,161,0.13,30,124964
2562,pv_92_z_1,pv_92,ตรัง,ภาคใต้,1,พลเมืองไทย,149,0.12,31,124964
2562,pv_92_z_1,pv_92,ตรัง,ภาคใต้,1,ครูไทยเพื่อประชาชน,125,0.10,32,124964
2562,pv_92_z_1,pv_92,ตรัง,ภาคใต้,1,ประชาธรรมไทย,105,0.08,33,124964
2562,pv_92_z_1,pv_92,ตรัง,ภาคใต้,1,ประชาไทย,78,0.06,34,124964
2562,pv_92_z_1,pv_92,ตรัง,ภาคใต้,1,ถิ่นกาขาวชาววิไล,52,0.04,35,124964
2562,pv_92_z_1,pv_92,ตรัง,ภาคใต้,1,ไทยรักษาชาติ,0,0.00,36,124964
2562,pv_92_z_2,pv_92,ตรัง,ภาคใต้,2,ประชาธิปัตย์,47640,39.47,1,120696
2562,pv_92_z_2,pv_92,ตรัง,ภาคใต้,2,พลังประชารัฐ,33457,27.72,2,120696
2562,pv_92_z_2,pv_92,ตรัง,ภาคใต้,2,พลังท้องถิ่นไท,12268,10.16,3,120696
2562,pv_92_z_2,pv_92,ตรัง,ภาคใต้,2,อนาคตใหม่,10427,8.64,4,120696
2562,pv_92_z_2,pv_92,ตรัง,ภาคใต้,2,ภูมิใจไทย,3468,2.87,5,120696
2562,pv_92_z_2,pv_92,ตรัง,ภาคใต้,2,เสรีรวมไทย,2848,2.36,6,120696
2562,pv_92_z_2,pv_92,ตรัง,ภาคใต้,2,ประชาชาติ,1113,0.92,7,120696
2562,pv_92_z_2,pv_92,ตรัง,ภาคใต้,2,ชาติไทยพัฒนา,1028,0.85,8,120696
2562,pv_92_z_2,pv_92,ตรัง,ภาคใต้,2,เศรษฐกิจใหม่,936,0.78,9,120696
2562,pv_92_z_2,pv_92,ตรัง,ภาคใต้,2,พลังไทยรักไทย,879,0.73,10,120696
2562,pv_92_z_2,pv_92,ตรัง,ภาคใต้,2,เพื่อธรรม,786,0.65,11,120696
2562,pv_92_z_2,pv_92,ตรัง,ภาคใต้,2,พลังชาติไทย,758,0.63,12,120696
2562,pv_92_z_2,pv_92,ตรัง,ภาคใต้,2,ชาติพัฒนา,616,0.51,13,120696
2562,pv_92_z_2,pv_92,ตรัง,ภาคใต้,2,คลองไทย,486,0.40,14,120696
2562,pv_92_z_2,pv_92,ตรัง,ภาคใต้,2,เพื่อชาติ,486,0.40,15,120696
2562,pv_92_z_2,pv_92,ตรัง,ภาคใต้,2,ทางเลือกใหม่,452,0.37,16,120696
2562,pv_92_z_2,pv_92,ตรัง,ภาคใต้,2,ประชาธิปไตยใหม่,401,0.33,17,120696
2562,pv_92_z_2,pv_92,ตรัง,ภาคใต้,2,ประชานิยม,315,0.26,18,120696
2562,pv_92_z_2,pv_92,ตรัง,ภาคใต้,2,พลังประชาธิปไตย,269,0.22,19,120696
2562,pv_92_z_2,pv_92,ตรัง,ภาคใต้,2,รวมพลังประชาชาติไทย,264,0.22,20,120696
2562,pv_92_z_2,pv_92,ตรัง,ภาคใต้,2,กรีน,230,0.19,21,120696
2562,pv_92_z_2,pv_92,ตรัง,ภาคใต้,2,พลังธรรมใหม่,217,0.18,22,120696
2562,pv_92_z_2,pv_92,ตรัง,ภาคใต้,2,พลังไทสร้างชาติ,215,0.18,23,120696
2562,pv_92_z_2,pv_92,ตรัง,ภาคใต้,2,ประชาชนปฏิรูป,205,0.17,24,120696
2562,pv_92_z_2,pv_92,ตรัง,ภาคใต้,2,พลเมืองไทย,157,0.13,25,120696
2562,pv_92_z_2,pv_92,ตรัง,ภาคใต้,2,รักษ์ผืนป่าประเทศไทย,148,0.12,26,120696
2562,pv_92_z_2,pv_92,ตรัง,ภาคใต้,2,ครูไทยเพื่อประชาชน,119,0.10,27,120696
2562,pv_92_z_2,pv_92,ตรัง,ภาคใต้,2,ประชาธรรมไทย,117,0.10,28,120696
2562,pv_92_z_2,pv_92,ตรัง,ภาคใต้,2,ความหวังใหม่,84,0.07,29,120696
2562,pv_92_z_2,pv_92,ตรัง,ภาคใต้,2,ไทรักธรรม,79,0.07,30,120696
2562,pv_92_z_2,pv_92,ตรัง,ภาคใต้,2,แผ่นดินธรรม,71,0.06,31,120696
2562,pv_92_z_2,pv_92,ตรัง,ภาคใต้,2,ประชาไทย,49,0.04,32,120696
2562,pv_92_z_2,pv_92,ตรัง,ภาคใต้,2,ถิ่นกาขาวชาววิไล,48,0.04,33,120696
2562,pv_92_z_2,pv_92,ตรัง,ภาคใต้,2,ภาคีเครือข่ายไทย,31,0.03,34,120696
2562,pv_92_z_2,pv_92,ตรัง,ภาคใต้,2,พลังปวงชนไทย,29,0.02,35,120696
2562,pv_92_z_2,pv_92,ตรัง,ภาคใต้,2,ไทยรักษาชาติ,0,0.00,36,120696
2562,pv_92_z_3,pv_92,ตรัง,ภาคใต้,3,ประชาธิปัตย์,51602,42.95,1,120142
2562,pv_92_z_3,pv_92,ตรัง,ภาคใต้,3,พลังประชารัฐ,31019,25.82,2,120142
2562,pv_92_z_3,pv_92,ตรัง,ภาคใต้,3,อนาคตใหม่,13038,10.85,3,120142
2562,pv_92_z_3,pv_92,ตรัง,ภาคใต้,3,พลังท้องถิ่นไท,5183,4.31,4,120142
2562,pv_92_z_3,pv_92,ตรัง,ภาคใต้,3,ภูมิใจไทย,3541,2.95,5,120142
2562,pv_92_z_3,pv_92,ตรัง,ภาคใต้,3,ประชาชาติ,2879,2.40,6,120142
2562,pv_92_z_3,pv_92,ตรัง,ภาคใต้,3,เสรีรวมไทย,2158,1.80,7,120142
2562,pv_92_z_3,pv_92,ตรัง,ภาคใต้,3,เศรษฐกิจใหม่,1267,1.05,8,120142
2562,pv_92_z_3,pv_92,ตรัง,ภาคใต้,3,ประชาธิปไตยใหม่,998,0.83,9,120142
2562,pv_92_z_3,pv_92,ตรัง,ภาคใต้,3,ทางเลือกใหม่,894,0.74,10,120142
2562,pv_92_z_3,pv_92,ตรัง,ภาคใต้,3,เพื่อชาติ,754,0.63,11,120142
2562,pv_92_z_3,pv_92,ตรัง,ภาคใต้,3,เพื่อธรรม,670,0.56,12,120142
2562,pv_92_z_3,pv_92,ตรัง,ภาคใต้,3,พลังประชาธิปไตย,567,0.47,13,120142
2562,pv_92_z_3,pv_92,ตรัง,ภาคใต้,3,พลังธรรมใหม่,533,0.44,14,120142
2562,pv_92_z_3,pv_92,ตรัง,ภาคใต้,3,ประชาชนปฏิรูป,509,0.42,15,120142
2562,pv_92_z_3,pv_92,ตรัง,ภาคใต้,3,ชาติไทยพัฒนา,483,0.40,16,120142
2562,pv_92_z_3,pv_92,ตรัง,ภาคใต้,3,ความหวังใหม่,460,0.38,17,120142
2562,pv_92_z_3,pv_92,ตรัง,ภาคใต้,3,คลองไทย,350,0.29,18,120142
2562,pv_92_z_3,pv_92,ตรัง,ภาคใต้,3,ภาคีเครือข่ายไทย,326,0.27,19,120142
2562,pv_92_z_3,pv_92,ตรัง,ภาคใต้,3,กรีน,321,0.27,20,120142
2562,pv_92_z_3,pv_92,ตรัง,ภาคใต้,3,พลังไทสร้างชาติ,311,0.26,21,120142
2562,pv_92_z_3,pv_92,ตรัง,ภาคใต้,3,ชาติพัฒนา,302,0.25,22,120142
2562,pv_92_z_3,pv_92,ตรัง,ภาคใต้,3,รวมพลังประชาชาติไทย,301,0.25,23,120142
2562,pv_92_z_3,pv_92,ตรัง,ภาคใต้,3,ประชาธรรมไทย,281,0.23,24,120142
2562,pv_92_z_3,pv_92,ตรัง,ภาคใต้,3,ประชานิยม,260,0.22,25,120142
2562,pv_92_z_3,pv_92,ตรัง,ภาคใต้,3,พลังสังคม,224,0.19,26,120142
2562,pv_92_z_3,pv_92,ตรัง,ภาคใต้,3,พลังชาติไทย,211,0.18,27,120142
2562,pv_92_z_3,pv_92,ตรัง,ภาคใต้,3,ไทรักธรรม,191,0.16,28,120142
2562,pv_92_z_3,pv_92,ตรัง,ภาคใต้,3,ประชาไทย,161,0.13,29,120142
2562,pv_92_z_3,pv_92,ตรัง,ภาคใต้,3,รักษ์ผืนป่าประเทศไทย,98,0.08,30,120142
2562,pv_92_z_3,pv_92,ตรัง,ภาคใต้,3,ถิ่นกาขาวชาววิไล,92,0.08,31,120142
2562,pv_92_z_3,pv_92,ตรัง,ภาคใต้,3,แผ่นดินธรรม,81,0.07,32,120142
2562,pv_92_z_3,pv_92,ตรัง,ภาคใต้,3,ครูไทยเพื่อประชาชน,77,0.06,33,120142
2562,pv_92_z_3,pv_92,ตรัง,ภาคใต้,3,ไทยรักษาชาติ,0,0.00,34,120142
2562,pv_92_z_3,pv_92,ตรัง,ภาคใต้,3,พลังไทยรักไทย,0,0.00,35,120142
2562,pv_92_z_3,pv_92,ตรัง,ภาคใต้,3,พลังปวงชนไทย,0,0.00,36,120142
2562,pv_92_z_3,pv_92,ตรัง,ภาคใต้,3,ภูมิพลังเกษตรกรไทย,0,0.00,37,120142
2562,pv_23_z_1,pv_23,ตราด,ภาคตะวันออก,1,อนาคตใหม่,36744,31.17,1,117884
2562,pv_23_z_1,pv_23,ตราด,ภาคตะวันออก,1,ประชาธิปัตย์,30642,25.99,2,117884
2562,pv_23_z_1,pv_23,ตราด,ภาคตะวันออก,1,พลังประชารัฐ,23417,19.86,3,117884
2562,pv_23_z_1,pv_23,ตราด,ภาคตะวันออก,1,ภูมิใจไทย,6310,5.35,4,117884
2562,pv_23_z_1,pv_23,ตราด,ภาคตะวันออก,1,เสรีรวมไทย,5667,4.81,5,117884
2562,pv_23_z_1,pv_23,ตราด,ภาคตะวันออก,1,รวมพลังประชาชาติไทย,2861,2.43,6,117884
2562,pv_23_z_1,pv_23,ตราด,ภาคตะวันออก,1,เพื่อชาติ,2786,2.36,7,117884
2562,pv_23_z_1,pv_23,ตราด,ภาคตะวันออก,1,เศรษฐกิจใหม่,1997,1.69,8,117884
2562,pv_23_z_1,pv_23,ตราด,ภาคตะวันออก,1,ชาติพัฒนา,1433,1.22,9,117884
2562,pv_23_z_1,pv_23,ตราด,ภาคตะวันออก,1,ประชาชาติ,1409,1.20,10,117884
2562,pv_23_z_1,pv_23,ตราด,ภาคตะวันออก,1,ประชาธรรมไทย,548,0.46,11,117884
2562,pv_23_z_1,pv_23,ตราด,ภาคตะวันออก,1,ประชานิยม,513,0.44,12,117884
2562,pv_23_z_1,pv_23,ตราด,ภาคตะวันออก,1,รักษ์ผืนป่าประเทศไทย,498,0.42,13,117884
2562,pv_23_z_1,pv_23,ตราด,ภาคตะวันออก,1,เครือข่ายชาวนาแห่งประเทศไทย,439,0.37,14,117884
2562,pv_23_z_1,pv_23,ตราด,ภาคตะวันออก,1,ไทยศรีวิไลย์,436,0.37,15,117884
2562,pv_23_z_1,pv_23,ตราด,ภาคตะวันออก,1,ทางเลือกใหม่,400,0.34,16,117884
2562,pv_23_z_1,pv_23,ตราด,ภาคตะวันออก,1,พลังท้องถิ่นไท,324,0.27,17,117884
2562,pv_23_z_1,pv_23,ตราด,ภาคตะวันออก,1,พลังสังคม,275,0.23,18,117884
2562,pv_23_z_1,pv_23,ตราด,ภาคตะวันออก,1,ครูไทยเพื่อประชาชน,256,0.22,19,117884
2562,pv_23_z_1,pv_23,ตราด,ภาคตะวันออก,1,ชาติไทยพัฒนา,235,0.20,20,117884
2562,pv_23_z_1,pv_23,ตราด,ภาคตะวันออก,1,พลังชาติไทย,225,0.19,21,117884
2562,pv_23_z_1,pv_23,ตราด,ภาคตะวันออก,1,ประชาภิวัฒน์,189,0.16,22,117884
2562,pv_23_z_1,pv_23,ตราด,ภาคตะวันออก,1,ประชากรไทย,148,0.13,23,117884
2562,pv_23_z_1,pv_23,ตราด,ภาคตะวันออก,1,ไทรักธรรม,132,0.11,24,117884
2562,pv_23_z_1,pv_23,ตราด,ภาคตะวันออก,1,ไทยรักษาชาติ,0,0.00,25,117884
2562,pv_63_z_1,pv_63,ตาก,ภาคเหนือ,1,พลังประชารัฐ,43787,40.74,1,107487
2562,pv_63_z_1,pv_63,ตาก,ภาคเหนือ,1,อนาคตใหม่,19664,18.29,2,107487
2562,pv_63_z_1,pv_63,ตาก,ภาคเหนือ,1,ประชาธิปัตย์,16142,15.02,3,107487
2562,pv_63_z_1,pv_63,ตาก,ภาคเหนือ,1,เพื่อชาติ,10954,10.19,4,107487
2562,pv_63_z_1,pv_63,ตาก,ภาคเหนือ,1,ภูมิใจไทย,9217,8.57,5,107487
2562,pv_63_z_1,pv_63,ตาก,ภาคเหนือ,1,เสรีรวมไทย,2298,2.14,6,107487
2562,pv_63_z_1,pv_63,ตาก,ภาคเหนือ,1,พลังท้องถิ่นไท,757,0.70,7,107487
2562,pv_63_z_1,pv_63,ตาก,ภาคเหนือ,1,รวมพลังประชาชาติไทย,680,0.63,8,107487
2562,pv_63_z_1,pv_63,ตาก,ภาคเหนือ,1,ชาติไทยพัฒนา,595,0.55,9,107487
2562,pv_63_z_1,pv_63,ตาก,ภาคเหนือ,1,พลังไทยรักไทย,584,0.54,10,107487
2562,pv_63_z_1,pv_63,ตาก,ภาคเหนือ,1,พลังชาติไทย,507,0.47,11,107487
2562,pv_63_z_1,pv_63,ตาก,ภาคเหนือ,1,ประชาภิวัฒน์,363,0.34,12,107487
2562,pv_63_z_1,pv_63,ตาก,ภาคเหนือ,1,ประชาชาติ,279,0.26,13,107487
2562,pv_63_z_1,pv_63,ตาก,ภาคเหนือ,1,พลังประชาธิปไตย,271,0.25,14,107487
2562,pv_63_z_1,pv_63,ตาก,ภาคเหนือ,1,ประชาธรรมไทย,229,0.21,15,107487
2562,pv_63_z_1,pv_63,ตาก,ภาคเหนือ,1,กรีน,224,0.21,16,107487
2562,pv_63_z_1,pv_63,ตาก,ภาคเหนือ,1,รักษ์ผืนป่าประเทศไทย,218,0.20,17,107487
2562,pv_63_z_1,pv_63,ตาก,ภาคเหนือ,1,ครูไทยเพื่อประชาชน,163,0.15,18,107487
2562,pv_63_z_1,pv_63,ตาก,ภาคเหนือ,1,แทนคุณแผ่นดิน,145,0.13,19,107487
2562,pv_63_z_1,pv_63,ตาก,ภาคเหนือ,1,ไทรักธรรม,138,0.13,20,107487
2562,pv_63_z_1,pv_63,ตาก,ภาคเหนือ,1,ประชานิยม,79,0.07,21,107487
2562,pv_63_z_1,pv_63,ตาก,ภาคเหนือ,1,พลังปวงชนไทย,76,0.07,22,107487
2562,pv_63_z_1,pv_63,ตาก,ภาคเหนือ,1,ผึ้งหลวง,64,0.06,23,107487
2562,pv_63_z_1,pv_63,ตาก,ภาคเหนือ,1,ประชาชนปฏิรูป,53,0.05,24,107487
2562,pv_63_z_1,pv_63,ตาก,ภาคเหนือ,1,ไทยรักษาชาติ,0,0.00,25,107487
2562,pv_63_z_2,pv_63,ตาก,ภาคเหนือ,2,ประชาธิปัตย์,32929,41.52,1,79316
2562,pv_63_z_2,pv_63,ตาก,ภาคเหนือ,2,อนาคตใหม่,18314,23.09,2,79316
2562,pv_63_z_2,pv_63,ตาก,ภาคเหนือ,2,พลังประชารัฐ,17164,21.64,3,79316
2562,pv_63_z_2,pv_63,ตาก,ภาคเหนือ,2,เสรีรวมไทย,2116,2.67,4,79316
2562,pv_63_z_2,pv_63,ตาก,ภาคเหนือ,2,ประชาชาติ,1603,2.02,5,79316
2562,pv_63_z_2,pv_63,ตาก,ภาคเหนือ,2,กรีน,1012,1.28,6,79316
2562,pv_63_z_2,pv_63,ตาก,ภาคเหนือ,2,เพื่อชาติ,946,1.19,7,79316
2562,pv_63_z_2,pv_63,ตาก,ภาคเหนือ,2,พลังท้องถิ่นไท,641,0.81,8,79316
2562,pv_63_z_2,pv_63,ตาก,ภาคเหนือ,2,พลเมืองไทย,588,0.74,9,79316
2562,pv_63_z_2,pv_63,ตาก,ภาคเหนือ,2,ประชานิยม,467,0.59,10,79316
2562,pv_63_z_2,pv_63,ตาก,ภาคเหนือ,2,พลังไทยรักไทย,451,0.57,11,79316
2562,pv_63_z_2,pv_63,ตาก,ภาคเหนือ,2,รวมพลังประชาชาติไทย,445,0.56,12,79316
2562,pv_63_z_2,pv_63,ตาก,ภาคเหนือ,2,ชาติไทยพัฒนา,366,0.46,13,79316
2562,pv_63_z_2,pv_63,ตาก,ภาคเหนือ,2,ภูมิใจไทย,343,0.43,14,79316
2562,pv_63_z_2,pv_63,ตาก,ภาคเหนือ,2,สังคมประชาธิปไตยไทย,322,0.41,15,79316
2562,pv_63_z_2,pv_63,ตาก,ภาคเหนือ,2,ครูไทยเพื่อประชาชน,191,0.24,16,79316
2562,pv_63_z_2,pv_63,ตาก,ภาคเหนือ,2,เพื่อแผ่นดิน,187,0.24,17,79316
2562,pv_63_z_2,pv_63,ตาก,ภาคเหนือ,2,ประชาธรรมไทย,171,0.22,18,79316
2562,pv_63_z_2,pv_63,ตาก,ภาคเหนือ,2,พลังปวงชนไทย,169,0.21,19,79316
2562,pv_63_z_2,pv_63,ตาก,ภาคเหนือ,2,ประชาภิวัฒน์,167,0.21,20,79316
2562,pv_63_z_2,pv_63,ตาก,ภาคเหนือ,2,พลังชาติไทย,150,0.19,21,79316
2562,pv_63_z_2,pv_63,ตาก,ภาคเหนือ,2,รักษ์ผืนป่าประเทศไทย,149,0.19,22,79316
2562,pv_63_z_2,pv_63,ตาก,ภาคเหนือ,2,พลังรัก,96,0.12,23,79316
2562,pv_63_z_2,pv_63,ตาก,ภาคเหนือ,2,แทนคุณแผ่นดิน,96,0.12,24,79316
2562,pv_63_z_2,pv_63,ตาก,ภาคเหนือ,2,ประชาชนปฏิรูป,73,0.09,25,79316
2562,pv_63_z_2,pv_63,ตาก,ภาคเหนือ,2,ผึ้งหลวง,63,0.08,26,79316
2562,pv_63_z_2,pv_63,ตาก,ภาคเหนือ,2,ไทรักธรรม,56,0.07,27,79316
2562,pv_63_z_2,pv_63,ตาก,ภาคเหนือ,2,พลังแผ่นดินทอง,41,0.05,28,79316
2562,pv_63_z_2,pv_63,ตาก,ภาคเหนือ,2,ไทยรักษาชาติ,0,0.00,29,79316
2562,pv_63_z_2,pv_63,ตาก,ภาคเหนือ,2,เศรษฐกิจใหม่,0,0.00,30,79316
2562,pv_63_z_3,pv_63,ตาก,ภาคเหนือ,3,พลังประชารัฐ,20784,26.13,1,79526
2562,pv_63_z_3,pv_63,ตาก,ภาคเหนือ,3,เพื่อไทย,19244,24.20,2,79526
2562,pv_63_z_3,pv_63,ตาก,ภาคเหนือ,3,ประชาธิปัตย์,13238,16.65,3,79526
2562,pv_63_z_3,pv_63,ตาก,ภาคเหนือ,3,อนาคตใหม่,9916,12.47,4,79526
2562,pv_63_z_3,pv_63,ตาก,ภาคเหนือ,3,เพื่อชาติ,4389,5.52,5,79526
2562,pv_63_z_3,pv_63,ตาก,ภาคเหนือ,3,ภูมิใจไทย,3047,3.83,6,79526
2562,pv_63_z_3,pv_63,ตาก,ภาคเหนือ,3,เสรีรวมไทย,2072,2.61,7,79526
2562,pv_63_z_3,pv_63,ตาก,ภาคเหนือ,3,ประชาภิวัฒน์,1444,1.82,8,79526
2562,pv_63_z_3,pv_63,ตาก,ภาคเหนือ,3,ประชาธรรมไทย,721,0.91,9,79526
2562,pv_63_z_3,pv_63,ตาก,ภาคเหนือ,3,แทนคุณแผ่นดิน,704,0.89,10,79526
2562,pv_63_z_3,pv_63,ตาก,ภาคเหนือ,3,เศรษฐกิจใหม่,580,0.73,11,79526
2562,pv_63_z_3,pv_63,ตาก,ภาคเหนือ,3,ประชานิยม,498,0.63,12,79526
2562,pv_63_z_3,pv_63,ตาก,ภาคเหนือ,3,ชาติไทยพัฒนา,316,0.40,13,79526
2562,pv_63_z_3,pv_63,ตาก,ภาคเหนือ,3,พลเมืองไทย,292,0.37,14,79526
2562,pv_63_z_3,pv_63,ตาก,ภาคเหนือ,3,พลังท้องถิ่นไท,283,0.36,15,79526
2562,pv_63_z_3,pv_63,ตาก,ภาคเหนือ,3,พลังปวงชนไทย,253,0.32,16,79526
2562,pv_63_z_3,pv_63,ตาก,ภาคเหนือ,3,พลังไทยรักไทย,252,0.32,17,79526
2562,pv_63_z_3,pv_63,ตาก,ภาคเหนือ,3,พลังชาติไทย,238,0.30,18,79526
2562,pv_63_z_3,pv_63,ตาก,ภาคเหนือ,3,รักษ์ผืนป่าประเทศไทย,237,0.30,19,79526
2562,pv_63_z_3,pv_63,ตาก,ภาคเหนือ,3,ครูไทยเพื่อประชาชน,202,0.25,20,79526
2562,pv_63_z_3,pv_63,ตาก,ภาคเหนือ,3,เพื่อแผ่นดิน,181,0.23,21,79526
2562,pv_63_z_3,pv_63,ตาก,ภาคเหนือ,3,รวมพลังประชาชาติไทย,160,0.20,22,79526
2562,pv_63_z_3,pv_63,ตาก,ภาคเหนือ,3,ประชาชนปฏิรูป,131,0.16,23,79526
2562,pv_63_z_3,pv_63,ตาก,ภาคเหนือ,3,ผึ้งหลวง,125,0.16,24,79526
2562,pv_63_z_3,pv_63,ตาก,ภาคเหนือ,3,ไทรักธรรม,110,0.14,25,79526
2562,pv_63_z_3,pv_63,ตาก,ภาคเหนือ,3,พลังรัก,109,0.14,26,79526
2562,pv_63_z_3,pv_63,ตาก,ภาคเหนือ,3,ไทยรักษาชาติ,0,0.00,27,79526
2562,pv_26_z_1,pv_26,นครนายก,ภาคตะวันออก,1,เพื่อไทย,60943,41.04,1,148497
2562,pv_26_z_1,pv_26,นครนายก,ภาคตะวันออก,1,พลังประชารัฐ,35005,23.57,2,148497
2562,pv_26_z_1,pv_26,นครนายก,ภาคตะวันออก,1,อนาคตใหม่,21038,14.17,3,148497
2562,pv_26_z_1,pv_26,นครนายก,ภาคตะวันออก,1,ประชาธิปัตย์,17066,11.49,4,148497
2562,pv_26_z_1,pv_26,นครนายก,ภาคตะวันออก,1,เสรีรวมไทย,3439,2.32,5,148497
2562,pv_26_z_1,pv_26,นครนายก,ภาคตะวันออก,1,เศรษฐกิจใหม่,1912,1.29,6,148497
2562,pv_26_z_1,pv_26,นครนายก,ภาคตะวันออก,1,พลังท้องถิ่นไท,1707,1.15,7,148497
2562,pv_26_z_1,pv_26,นครนายก,ภาคตะวันออก,1,ภูมิใจไทย,1151,0.78,8,148497
2562,pv_26_z_1,pv_26,นครนายก,ภาคตะวันออก,1,ประชาชาติ,1134,0.76,9,148497
2562,pv_26_z_1,pv_26,นครนายก,ภาคตะวันออก,1,ประชาธิปไตยใหม่,1057,0.71,10,148497
2562,pv_26_z_1,pv_26,นครนายก,ภาคตะวันออก,1,รักษ์ผืนป่าประเทศไทย,815,0.55,11,148497
2562,pv_26_z_1,pv_26,นครนายก,ภาคตะวันออก,1,เพื่อชาติ,569,0.38,12,148497
2562,pv_26_z_1,pv_26,นครนายก,ภาคตะวันออก,1,ชาติพัฒนา,519,0.35,13,148497
2562,pv_26_z_1,pv_26,นครนายก,ภาคตะวันออก,1,ประชานิยม,362,0.24,14,148497
2562,pv_26_z_1,pv_26,นครนายก,ภาคตะวันออก,1,พลังปวงชนไทย,332,0.22,15,148497
2562,pv_26_z_1,pv_26,นครนายก,ภาคตะวันออก,1,รวมพลังประชาชาติไทย,320,0.22,16,148497
2562,pv_26_z_1,pv_26,นครนายก,ภาคตะวันออก,1,พลังชาติไทย,265,0.18,17,148497
2562,pv_26_z_1,pv_26,นครนายก,ภาคตะวันออก,1,เพื่อแผ่นดิน,249,0.17,18,148497
2562,pv_26_z_1,pv_26,นครนายก,ภาคตะวันออก,1,ประชาภิวัฒน์,240,0.16,19,148497
2562,pv_26_z_1,pv_26,นครนายก,ภาคตะวันออก,1,ครูไทยเพื่อประชาชน,215,0.14,20,148497
2562,pv_26_z_1,pv_26,นครนายก,ภาคตะวันออก,1,พลเมืองไทย,159,0.11,21,148497
2562,pv_73_z_1,pv_73,นครปฐม,ภาคตะวันตก,1,ประชาธิปัตย์,35762,34.15,1,104724
2562,pv_73_z_1,pv_73,นครปฐม,ภาคตะวันตก,1,อนาคตใหม่,35615,34.01,2,104724
2562,pv_73_z_1,pv_73,นครปฐม,ภาคตะวันตก,1,พลังประชารัฐ,20355,19.44,3,104724
2562,pv_73_z_1,pv_73,นครปฐม,ภาคตะวันตก,1,เสรีรวมไทย,4065,3.88,4,104724
2562,pv_73_z_1,pv_73,นครปฐม,ภาคตะวันตก,1,ชาติไทยพัฒนา,2030,1.94,5,104724
2562,pv_73_z_1,pv_73,นครปฐม,ภาคตะวันตก,1,ภูมิใจไทย,1450,1.38,6,104724
2562,pv_73_z_1,pv_73,นครปฐม,ภาคตะวันตก,1,เพื่อชาติ,1425,1.36,7,104724
2562,pv_73_z_1,pv_73,นครปฐม,ภาคตะวันตก,1,ชาติพัฒนา,664,0.63,8,104724
2562,pv_73_z_1,pv_73,นครปฐม,ภาคตะวันตก,1,ไทยศรีวิไลย์,606,0.58,9,104724
2562,pv_73_z_1,pv_73,นครปฐม,ภาคตะวันตก,1,รวมพลังประชาชาติไทย,459,0.44,10,104724
2562,pv_73_z_1,pv_73,นครปฐม,ภาคตะวันตก,1,ประชานิยม,427,0.41,11,104724
2562,pv_73_z_1,pv_73,นครปฐม,ภาคตะวันตก,1,ประชาภิวัฒน์,316,0.30,12,104724
2562,pv_73_z_1,pv_73,นครปฐม,ภาคตะวันตก,1,รักษ์ผืนป่าประเทศไทย,307,0.29,13,104724
2562,pv_73_z_1,pv_73,นครปฐม,ภาคตะวันตก,1,ครูไทยเพื่อประชาชน,275,0.26,14,104724
2562,pv_73_z_1,pv_73,นครปฐม,ภาคตะวันตก,1,พลังชาติไทย,161,0.15,15,104724
2562,pv_73_z_1,pv_73,นครปฐม,ภาคตะวันตก,1,ไทยรุ่งเรือง,159,0.15,16,104724
2562,pv_73_z_1,pv_73,นครปฐม,ภาคตะวันตก,1,ประชาชนปฏิรูป,157,0.15,17,104724
2562,pv_73_z_1,pv_73,นครปฐม,ภาคตะวันตก,1,เครือข่ายชาวนาแห่งประเทศไทย,149,0.14,18,104724
2562,pv_73_z_1,pv_73,นครปฐม,ภาคตะวันตก,1,พลังไทยรักชาติ,140,0.13,19,104724
2562,pv_73_z_1,pv_73,นครปฐม,ภาคตะวันตก,1,พลังท้องถิ่นไท,135,0.13,20,104724
2562,pv_73_z_1,pv_73,นครปฐม,ภาคตะวันตก,1,มหาชน,67,0.06,21,104724
2562,pv_73_z_1,pv_73,นครปฐม,ภาคตะวันตก,1,ไทยรักษาชาติ,0,0.00,22,104724
2562,pv_73_z_2,pv_73,นครปฐม,ภาคตะวันตก,2,ชาติไทยพัฒนา,30215,26.82,1,112678
2562,pv_73_z_2,pv_73,นครปฐม,ภาคตะวันตก,2,อนาคตใหม่,24763,21.98,2,112678
2562,pv_73_z_2,pv_73,นครปฐม,ภาคตะวันตก,2,รักษ์ผืนป่าประเทศไทย,22634,20.09,3,112678
2562,pv_73_z_2,pv_73,นครปฐม,ภาคตะวันตก,2,ภูมิใจไทย,8933,7.93,4,112678
2562,pv_73_z_2,pv_73,นครปฐม,ภาคตะวันตก,2,พลังประชารัฐ,8692,7.71,5,112678
2562,pv_73_z_2,pv_73,นครปฐม,ภาคตะวันตก,2,ประชาธิปัตย์,6522,5.79,6,112678
2562,pv_73_z_2,pv_73,นครปฐม,ภาคตะวันตก,2,เสรีรวมไทย,3332,2.96,7,112678
2562,pv_73_z_2,pv_73,นครปฐม,ภาคตะวันตก,2,รวมพลังประชาชาติไทย,2815,2.50,8,112678
2562,pv_73_z_2,pv_73,นครปฐม,ภาคตะวันตก,2,เศรษฐกิจใหม่,1672,1.48,9,112678
2562,pv_73_z_2,pv_73,นครปฐม,ภาคตะวันตก,2,เพื่อชาติ,734,0.65,10,112678
2562,pv_73_z_2,pv_73,นครปฐม,ภาคตะวันตก,2,พลังชาติไทย,397,0.35,11,112678
2562,pv_73_z_2,pv_73,นครปฐม,ภาคตะวันตก,2,ไทยศรีวิไลย์,390,0.35,12,112678
2562,pv_73_z_2,pv_73,นครปฐม,ภาคตะวันตก,2,พลังท้องถิ่นไท,258,0.23,13,112678
2562,pv_73_z_2,pv_73,นครปฐม,ภาคตะวันตก,2,ชาติพัฒนา,227,0.20,14,112678
2562,pv_73_z_2,pv_73,นครปฐม,ภาคตะวันตก,2,ประชานิยม,189,0.17,15,112678
2562,pv_73_z_2,pv_73,นครปฐม,ภาคตะวันตก,2,เครือข่ายชาวนาแห่งประเทศไทย,157,0.14,16,112678
2562,pv_73_z_2,pv_73,นครปฐม,ภาคตะวันตก,2,ไทยรุ่งเรือง,145,0.13,17,112678
2562,pv_73_z_2,pv_73,นครปฐม,ภาคตะวันตก,2,พลังไทยรักชาติ,122,0.11,18,112678
2562,pv_73_z_2,pv_73,นครปฐม,ภาคตะวันตก,2,ประชาชนปฏิรูป,99,0.09,19,112678
2562,pv_73_z_2,pv_73,นครปฐม,ภาคตะวันตก,2,ครูไทยเพื่อประชาชน,86,0.08,20,112678
2562,pv_73_z_2,pv_73,นครปฐม,ภาคตะวันตก,2,ประชาภิวัฒน์,84,0.07,21,112678
2562,pv_73_z_2,pv_73,นครปฐม,ภาคตะวันตก,2,พลเมืองไทย,73,0.06,22,112678
2562,pv_73_z_2,pv_73,นครปฐม,ภาคตะวันตก,2,ประชาไทย,73,0.06,23,112678
2562,pv_73_z_2,pv_73,นครปฐม,ภาคตะวันตก,2,มหาชน,37,0.03,24,112678
2562,pv_73_z_2,pv_73,นครปฐม,ภาคตะวันตก,2,พลังสังคม,29,0.03,25,112678
2562,pv_73_z_2,pv_73,นครปฐม,ภาคตะวันตก,2,ไทยรักษาชาติ,0,0.00,26,112678
2562,pv_73_z_3,pv_73,นครปฐม,ภาคตะวันตก,3,อนาคตใหม่,40661,38.76,1,104907
2562,pv_73_z_3,pv_73,นครปฐม,ภาคตะวันตก,3,พลังประชารัฐ,23441,22.34,2,104907
2562,pv_73_z_3,pv_73,นครปฐม,ภาคตะวันตก,3,ชาติไทยพัฒนา,12258,11.68,3,104907
2562,pv_73_z_3,pv_73,นครปฐม,ภาคตะวันตก,3,เสรีรวมไทย,8919,8.50,4,104907
2562,pv_73_z_3,pv_73,นครปฐม,ภาคตะวันตก,3,ประชาธิปัตย์,6693,6.38,5,104907
2562,pv_73_z_3,pv_73,นครปฐม,ภาคตะวันตก,3,เพื่อชาติ,3023,2.88,6,104907
2562,pv_73_z_3,pv_73,นครปฐม,ภาคตะวันตก,3,เศรษฐกิจใหม่,1863,1.78,7,104907
2562,pv_73_z_3,pv_73,นครปฐม,ภาคตะวันตก,3,รวมพลังประชาชาติไทย,1491,1.42,8,104907
2562,pv_73_z_3,pv_73,นครปฐม,ภาคตะวันตก,3,ภูมิใจไทย,1244,1.19,9,104907
2562,pv_73_z_3,pv_73,นครปฐม,ภาคตะวันตก,3,ชาติพัฒนา,919,0.88,10,104907
2562,pv_73_z_3,pv_73,นครปฐม,ภาคตะวันตก,3,ไทยศรีวิไลย์,610,0.58,11,104907
2562,pv_73_z_3,pv_73,นครปฐม,ภาคตะวันตก,3,พลังท้องถิ่นไท,594,0.57,12,104907
2562,pv_73_z_3,pv_73,นครปฐม,ภาคตะวันตก,3,เครือข่ายชาวนาแห่งประเทศไทย,416,0.40,13,104907
2562,pv_73_z_3,pv_73,นครปฐม,ภาคตะวันตก,3,รักษ์ผืนป่าประเทศไทย,393,0.37,14,104907
2562,pv_73_z_3,pv_73,นครปฐม,ภาคตะวันตก,3,ประชานิยม,342,0.33,15,104907
2562,pv_73_z_3,pv_73,นครปฐม,ภาคตะวันตก,3,ทางเลือกใหม่,335,0.32,16,104907
2562,pv_73_z_3,pv_73,นครปฐม,ภาคตะวันตก,3,พลังชาติไทย,264,0.25,17,104907
2562,pv_73_z_3,pv_73,นครปฐม,ภาคตะวันตก,3,ครูไทยเพื่อประชาชน,261,0.25,18,104907
2562,pv_73_z_3,pv_73,นครปฐม,ภาคตะวันตก,3,พลังไทยรักชาติ,257,0.24,19,104907
2562,pv_73_z_3,pv_73,นครปฐม,ภาคตะวันตก,3,ประชาภิวัฒน์,247,0.24,20,104907
2562,pv_73_z_3,pv_73,นครปฐม,ภาคตะวันตก,3,ประชาชนปฏิรูป,187,0.18,21,104907
2562,pv_73_z_3,pv_73,นครปฐม,ภาคตะวันตก,3,มหาชน,182,0.17,22,104907
2562,pv_73_z_3,pv_73,นครปฐม,ภาคตะวันตก,3,ประชาไทย,134,0.13,23,104907
2562,pv_73_z_3,pv_73,นครปฐม,ภาคตะวันตก,3,ไทยรุ่งเรือง,92,0.09,24,104907
2562,pv_73_z_3,pv_73,นครปฐม,ภาคตะวันตก,3,พลังสังคม,81,0.08,25,104907
2562,pv_73_z_3,pv_73,นครปฐม,ภาคตะวันตก,3,ไทยรักษาชาติ,0,0.00,26,104907
2562,pv_73_z_4,pv_73,นครปฐม,ภาคตะวันตก,4,พลังประชารัฐ,32110,29.57,1,108593
2562,pv_73_z_4,pv_73,นครปฐม,ภาคตะวันตก,4,อนาคตใหม่,29998,27.62,2,108593
2562,pv_73_z_4,pv_73,นครปฐม,ภาคตะวันตก,4,ชาติไทยพัฒนา,22533,20.75,3,108593
2562,pv_73_z_4,pv_73,นครปฐม,ภาคตะวันตก,4,ประชาธิปัตย์,8613,7.93,4,108593
2562,pv_73_z_4,pv_73,นครปฐม,ภาคตะวันตก,4,เสรีรวมไทย,4286,3.95,5,108593
2562,pv_73_z_4,pv_73,นครปฐม,ภาคตะวันตก,4,เพื่อชาติ,2557,2.35,6,108593
2562,pv_73_z_4,pv_73,นครปฐม,ภาคตะวันตก,4,เศรษฐกิจใหม่,2042,1.88,7,108593
2562,pv_73_z_4,pv_73,นครปฐม,ภาคตะวันตก,4,รวมพลังประชาชาติไทย,1214,1.12,8,108593
2562,pv_73_z_4,pv_73,นครปฐม,ภาคตะวันตก,4,ภูมิใจไทย,1029,0.95,9,108593
2562,pv_73_z_4,pv_73,นครปฐม,ภาคตะวันตก,4,ชาติพัฒนา,747,0.69,10,108593
2562,pv_73_z_4,pv_73,นครปฐม,ภาคตะวันตก,4,ประชานิยม,510,0.47,11,108593
2562,pv_73_z_4,pv_73,นครปฐม,ภาคตะวันตก,4,พลังไทยรักชาติ,504,0.46,12,108593
2562,pv_73_z_4,pv_73,นครปฐม,ภาคตะวันตก,4,พลังชาติไทย,412,0.38,13,108593
2562,pv_73_z_4,pv_73,นครปฐม,ภาคตะวันตก,4,ไทยศรีวิไลย์,371,0.34,14,108593
2562,pv_73_z_4,pv_73,นครปฐม,ภาคตะวันตก,4,เครือข่ายชาวนาแห่งประเทศไทย,327,0.30,15,108593
2562,pv_73_z_4,pv_73,นครปฐม,ภาคตะวันตก,4,พลังท้องถิ่นไท,316,0.29,16,108593
2562,pv_73_z_4,pv_73,นครปฐม,ภาคตะวันตก,4,รักษ์ผืนป่าประเทศไทย,216,0.20,17,108593
2562,pv_73_z_4,pv_73,นครปฐม,ภาคตะวันตก,4,ประชาภิวัฒน์,204,0.19,18,108593
2562,pv_73_z_4,pv_73,นครปฐม,ภาคตะวันตก,4,ครูไทยเพื่อประชาชน,172,0.16,19,108593
2562,pv_73_z_4,pv_73,นครปฐม,ภาคตะวันตก,4,ไทรักธรรม,160,0.15,20,108593
2562,pv_73_z_4,pv_73,นครปฐม,ภาคตะวันตก,4,ประชาชนปฏิรูป,122,0.11,21,108593
2562,pv_73_z_4,pv_73,นครปฐม,ภาคตะวันตก,4,พลังสังคม,94,0.09,22,108593
2562,pv_73_z_4,pv_73,นครปฐม,ภาคตะวันตก,4,มหาชน,56,0.05,23,108593
2562,pv_73_z_4,pv_73,นครปฐม,ภาคตะวันตก,4,ไทยรักษาชาติ,0,0.00,24,108593
2562,pv_73_z_5,pv_73,นครปฐม,ภาคตะวันตก,5,อนาคตใหม่,34164,33.53,1,101879
2562,pv_73_z_5,pv_73,นครปฐม,ภาคตะวันตก,5,ประชาธิปัตย์,18970,18.62,2,101879
2562,pv_73_z_5,pv_73,นครปฐม,ภาคตะวันตก,5,พลังประชารัฐ,18741,18.40,3,101879
2562,pv_73_z_5,pv_73,นครปฐม,ภาคตะวันตก,5,ชาติไทยพัฒนา,12279,12.05,4,101879
2562,pv_73_z_5,pv_73,นครปฐม,ภาคตะวันตก,5,เสรีรวมไทย,6010,5.90,5,101879
2562,pv_73_z_5,pv_73,นครปฐม,ภาคตะวันตก,5,เศรษฐกิจใหม่,3113,3.06,6,101879
2562,pv_73_z_5,pv_73,นครปฐม,ภาคตะวันตก,5,เพื่อชาติ,2813,2.76,7,101879
2562,pv_73_z_5,pv_73,นครปฐม,ภาคตะวันตก,5,ภูมิใจไทย,1178,1.16,8,101879
2562,pv_73_z_5,pv_73,นครปฐม,ภาคตะวันตก,5,พลังชาติไทย,779,0.76,9,101879
2562,pv_73_z_5,pv_73,นครปฐม,ภาคตะวันตก,5,รวมพลังประชาชาติไทย,614,0.60,10,101879
2562,pv_73_z_5,pv_73,นครปฐม,ภาคตะวันตก,5,ประชานิยม,449,0.44,11,101879
2562,pv_73_z_5,pv_73,นครปฐม,ภาคตะวันตก,5,ประชาภิวัฒน์,397,0.39,12,101879
2562,pv_73_z_5,pv_73,นครปฐม,ภาคตะวันตก,5,ไทยศรีวิไลย์,394,0.39,13,101879
2562,pv_73_z_5,pv_73,นครปฐม,ภาคตะวันตก,5,พลเมืองไทย,343,0.34,14,101879
2562,pv_73_z_5,pv_73,นครปฐม,ภาคตะวันตก,5,ชาติพัฒนา,342,0.34,15,101879
2562,pv_73_z_5,pv_73,นครปฐม,ภาคตะวันตก,5,รักษ์ผืนป่าประเทศไทย,341,0.33,16,101879
2562,pv_73_z_5,pv_73,นครปฐม,ภาคตะวันตก,5,พลังท้องถิ่นไท,192,0.19,17,101879
2562,pv_73_z_5,pv_73,นครปฐม,ภาคตะวันตก,5,พลังไทยรักชาติ,180,0.18,18,101879
2562,pv_73_z_5,pv_73,นครปฐม,ภาคตะวันตก,5,ประชาชนปฏิรูป,168,0.16,19,101879
2562,pv_73_z_5,pv_73,นครปฐม,ภาคตะวันตก,5,ครูไทยเพื่อประชาชน,137,0.13,20,101879
2562,pv_73_z_5,pv_73,นครปฐม,ภาคตะวันตก,5,พลังสังคม,121,0.12,21,101879
2562,pv_73_z_5,pv_73,นครปฐม,ภาคตะวันตก,5,เครือข่ายชาวนาแห่งประเทศไทย,84,0.08,22,101879
2562,pv_73_z_5,pv_73,นครปฐม,ภาคตะวันตก,5,มหาชน,70,0.07,23,101879
2562,pv_73_z_5,pv_73,นครปฐม,ภาคตะวันตก,5,ไทยรักษาชาติ,0,0.00,24,101879
2562,pv_48_z_1,pv_48,นครพนม,ภาคตะวันออกเฉียงเหนือ,1,ภูมิใจไทย,48719,53.81,1,90534
2562,pv_48_z_1,pv_48,นครพนม,ภาคตะวันออกเฉียงเหนือ,1,เพื่อไทย,21049,23.25,2,90534
2562,pv_48_z_1,pv_48,นครพนม,ภาคตะวันออกเฉียงเหนือ,1,อนาคตใหม่,7354,8.12,3,90534
2562,pv_48_z_1,pv_48,นครพนม,ภาคตะวันออกเฉียงเหนือ,1,พลังประชารัฐ,6799,7.51,4,90534
2562,pv_48_z_1,pv_48,นครพนม,ภาคตะวันออกเฉียงเหนือ,1,เพื่อชาติ,1538,1.70,5,90534
2562,pv_48_z_1,pv_48,นครพนม,ภาคตะวันออกเฉียงเหนือ,1,เสรีรวมไทย,1202,1.33,6,90534
2562,pv_48_z_1,pv_48,นครพนม,ภาคตะวันออกเฉียงเหนือ,1,รักษ์ผืนป่าประเทศไทย,462,0.51,7,90534
2562,pv_48_z_1,pv_48,นครพนม,ภาคตะวันออกเฉียงเหนือ,1,ประชาธิปัตย์,434,0.48,8,90534
2562,pv_48_z_1,pv_48,นครพนม,ภาคตะวันออกเฉียงเหนือ,1,เพื่อคนไทย,313,0.35,9,90534
2562,pv_48_z_1,pv_48,นครพนม,ภาคตะวันออกเฉียงเหนือ,1,ไทยศรีวิไลย์,299,0.33,10,90534
2562,pv_48_z_1,pv_48,นครพนม,ภาคตะวันออกเฉียงเหนือ,1,ชาติพัฒนา,263,0.29,11,90534
2562,pv_48_z_1,pv_48,นครพนม,ภาคตะวันออกเฉียงเหนือ,1,พลังปวงชนไทย,260,0.29,12,90534
2562,pv_48_z_1,pv_48,นครพนม,ภาคตะวันออกเฉียงเหนือ,1,ประชาภิวัฒน์,206,0.23,13,90534
2562,pv_48_z_1,pv_48,นครพนม,ภาคตะวันออกเฉียงเหนือ,1,พลังประชาธิปไตย,206,0.23,14,90534
2562,pv_48_z_1,pv_48,นครพนม,ภาคตะวันออกเฉียงเหนือ,1,เศรษฐกิจใหม่,198,0.22,15,90534
2562,pv_48_z_1,pv_48,นครพนม,ภาคตะวันออกเฉียงเหนือ,1,พลังชาติไทย,178,0.20,16,90534
2562,pv_48_z_1,pv_48,นครพนม,ภาคตะวันออกเฉียงเหนือ,1,พลังธรรมใหม่,138,0.15,17,90534
2562,pv_48_z_1,pv_48,นครพนม,ภาคตะวันออกเฉียงเหนือ,1,พลังท้องถิ่นไท,130,0.14,18,90534
2562,pv_48_z_1,pv_48,นครพนม,ภาคตะวันออกเฉียงเหนือ,1,ประชาชาติ,128,0.14,19,90534
2562,pv_48_z_1,pv_48,นครพนม,ภาคตะวันออกเฉียงเหนือ,1,ประชาธิปไตยใหม่,116,0.13,20,90534
2562,pv_48_z_1,pv_48,นครพนม,ภาคตะวันออกเฉียงเหนือ,1,ไทรักธรรม,97,0.11,21,90534
2562,pv_48_z_1,pv_48,นครพนม,ภาคตะวันออกเฉียงเหนือ,1,ชาติไทยพัฒนา,90,0.10,22,90534
2562,pv_48_z_1,pv_48,นครพนม,ภาคตะวันออกเฉียงเหนือ,1,รวมพลังประชาชาติไทย,89,0.10,23,90534
2562,pv_48_z_1,pv_48,นครพนม,ภาคตะวันออกเฉียงเหนือ,1,ประชาชนปฏิรูป,70,0.08,24,90534
2562,pv_48_z_1,pv_48,นครพนม,ภาคตะวันออกเฉียงเหนือ,1,ประชานิยม,67,0.07,25,90534
2562,pv_48_z_1,pv_48,นครพนม,ภาคตะวันออกเฉียงเหนือ,1,พลังไทยรักไทย,59,0.07,26,90534
2562,pv_48_z_1,pv_48,นครพนม,ภาคตะวันออกเฉียงเหนือ,1,ประชาธรรมไทย,47,0.05,27,90534
2562,pv_48_z_1,pv_48,นครพนม,ภาคตะวันออกเฉียงเหนือ,1,พลเมืองไทย,23,0.03,28,90534
2562,pv_48_z_1,pv_48,นครพนม,ภาคตะวันออกเฉียงเหนือ,1,เพื่อนไทย,0,0.00,29,90534
2562,pv_48_z_1,pv_48,นครพนม,ภาคตะวันออกเฉียงเหนือ,1,ครูไทยเพื่อประชาชน,0,0.00,30,90534
2562,pv_48_z_2,pv_48,นครพนม,ภาคตะวันออกเฉียงเหนือ,2,เพื่อไทย,42990,48.34,1,88935
2562,pv_48_z_2,pv_48,นครพนม,ภาคตะวันออกเฉียงเหนือ,2,พลังประชารัฐ,22688,25.51,2,88935
2562,pv_48_z_2,pv_48,นครพนม,ภาคตะวันออกเฉียงเหนือ,2,อนาคตใหม่,11229,12.63,3,88935
2562,pv_48_z_2,pv_48,นครพนม,ภาคตะวันออกเฉียงเหนือ,2,เพื่อคนไทย,2281,2.56,4,88935
2562,pv_48_z_2,pv_48,นครพนม,ภาคตะวันออกเฉียงเหนือ,2,ภูมิใจไทย,2251,2.53,5,88935
2562,pv_48_z_2,pv_48,นครพนม,ภาคตะวันออกเฉียงเหนือ,2,เสรีรวมไทย,2011,2.26,6,88935
2562,pv_48_z_2,pv_48,นครพนม,ภาคตะวันออกเฉียงเหนือ,2,ประชาธิปัตย์,817,0.92,7,88935
2562,pv_48_z_2,pv_48,นครพนม,ภาคตะวันออกเฉียงเหนือ,2,พลเมืองไทย,725,0.82,8,88935
2562,pv_48_z_2,pv_48,นครพนม,ภาคตะวันออกเฉียงเหนือ,2,เพื่อชาติ,642,0.72,9,88935
2562,pv_48_z_2,pv_48,นครพนม,ภาคตะวันออกเฉียงเหนือ,2,เศรษฐกิจใหม่,570,0.64,10,88935
2562,pv_48_z_2,pv_48,นครพนม,ภาคตะวันออกเฉียงเหนือ,2,ชาติไทยพัฒนา,555,0.62,11,88935
2562,pv_48_z_2,pv_48,นครพนม,ภาคตะวันออกเฉียงเหนือ,2,ประชานิยม,403,0.45,12,88935
2562,pv_48_z_2,pv_48,นครพนม,ภาคตะวันออกเฉียงเหนือ,2,ไทรักธรรม,323,0.36,13,88935
2562,pv_48_z_2,pv_48,นครพนม,ภาคตะวันออกเฉียงเหนือ,2,ไทยศรีวิไลย์,219,0.25,14,88935
2562,pv_48_z_2,pv_48,นครพนม,ภาคตะวันออกเฉียงเหนือ,2,รักษ์ผืนป่าประเทศไทย,207,0.23,15,88935
2562,pv_48_z_2,pv_48,นครพนม,ภาคตะวันออกเฉียงเหนือ,2,พลังปวงชนไทย,191,0.21,16,88935
2562,pv_48_z_2,pv_48,นครพนม,ภาคตะวันออกเฉียงเหนือ,2,พลังท้องถิ่นไท,97,0.11,17,88935
2562,pv_48_z_2,pv_48,นครพนม,ภาคตะวันออกเฉียงเหนือ,2,ประชาชนปฏิรูป,90,0.10,18,88935
2562,pv_48_z_2,pv_48,นครพนม,ภาคตะวันออกเฉียงเหนือ,2,ครูไทยเพื่อประชาชน,82,0.09,19,88935
2562,pv_48_z_2,pv_48,นครพนม,ภาคตะวันออกเฉียงเหนือ,2,พลังประชาธิปไตย,81,0.09,20,88935
2562,pv_48_z_2,pv_48,นครพนม,ภาคตะวันออกเฉียงเหนือ,2,พลังไทยรักไทย,77,0.09,21,88935
2562,pv_48_z_2,pv_48,นครพนม,ภาคตะวันออกเฉียงเหนือ,2,รวมพลังประชาชาติไทย,67,0.08,22,88935
2562,pv_48_z_2,pv_48,นครพนม,ภาคตะวันออกเฉียงเหนือ,2,ชาติพัฒนา,61,0.07,23,88935
2562,pv_48_z_2,pv_48,นครพนม,ภาคตะวันออกเฉียงเหนือ,2,ประชาธรรมไทย,61,0.07,24,88935
2562,pv_48_z_2,pv_48,นครพนม,ภาคตะวันออกเฉียงเหนือ,2,แผ่นดินธรรม,58,0.07,25,88935
2562,pv_48_z_2,pv_48,นครพนม,ภาคตะวันออกเฉียงเหนือ,2,พลังธรรมใหม่,50,0.06,26,88935
2562,pv_48_z_2,pv_48,นครพนม,ภาคตะวันออกเฉียงเหนือ,2,ประชาภิวัฒน์,47,0.05,27,88935
2562,pv_48_z_2,pv_48,นครพนม,ภาคตะวันออกเฉียงเหนือ,2,ประชาธิปไตยใหม่,47,0.05,28,88935
2562,pv_48_z_2,pv_48,นครพนม,ภาคตะวันออกเฉียงเหนือ,2,เพื่อแผ่นดิน,15,0.02,29,88935
2562,pv_48_z_2,pv_48,นครพนม,ภาคตะวันออกเฉียงเหนือ,2,เพื่อนไทย,0,0.00,30,88935
2562,pv_48_z_2,pv_48,นครพนม,ภาคตะวันออกเฉียงเหนือ,2,ไทยรักษาชาติ,0,0.00,31,88935
2562,pv_48_z_3,pv_48,นครพนม,ภาคตะวันออกเฉียงเหนือ,3,เพื่อไทย,33645,37.91,1,88738
2562,pv_48_z_3,pv_48,นครพนม,ภาคตะวันออกเฉียงเหนือ,3,พลังประชารัฐ,29515,33.26,2,88738
2562,pv_48_z_3,pv_48,นครพนม,ภาคตะวันออกเฉียงเหนือ,3,อนาคตใหม่,12059,13.59,3,88738
2562,pv_48_z_3,pv_48,นครพนม,ภาคตะวันออกเฉียงเหนือ,3,เพื่อคนไทย,5000,5.63,4,88738
2562,pv_48_z_3,pv_48,นครพนม,ภาคตะวันออกเฉียงเหนือ,3,เสรีรวมไทย,1823,2.05,5,88738
2562,pv_48_z_3,pv_48,นครพนม,ภาคตะวันออกเฉียงเหนือ,3,รวมใจไทย,1368,1.54,6,88738
2562,pv_48_z_3,pv_48,นครพนม,ภาคตะวันออกเฉียงเหนือ,3,ประชาธิปัตย์,806,0.91,7,88738
2562,pv_48_z_3,pv_48,นครพนม,ภาคตะวันออกเฉียงเหนือ,3,ภูมิใจไทย,641,0.72,8,88738
2562,pv_48_z_3,pv_48,นครพนม,ภาคตะวันออกเฉียงเหนือ,3,ครูไทยเพื่อประชาชน,529,0.60,9,88738
2562,pv_48_z_3,pv_48,นครพนม,ภาคตะวันออกเฉียงเหนือ,3,ชาติพัฒนา,389,0.44,10,88738
2562,pv_48_z_3,pv_48,นครพนม,ภาคตะวันออกเฉียงเหนือ,3,เศรษฐกิจใหม่,353,0.40,11,88738
2562,pv_48_z_3,pv_48,นครพนม,ภาคตะวันออกเฉียงเหนือ,3,พลเมืองไทย,348,0.39,12,88738
2562,pv_48_z_3,pv_48,นครพนม,ภาคตะวันออกเฉียงเหนือ,3,ชาติไทยพัฒนา,294,0.33,13,88738
2562,pv_48_z_3,pv_48,นครพนม,ภาคตะวันออกเฉียงเหนือ,3,เพื่อชาติ,283,0.32,14,88738
2562,pv_48_z_3,pv_48,นครพนม,ภาคตะวันออกเฉียงเหนือ,3,ประชานิยม,190,0.21,15,88738
2562,pv_48_z_3,pv_48,นครพนม,ภาคตะวันออกเฉียงเหนือ,3,ไทรักธรรม,163,0.18,16,88738
2562,pv_48_z_3,pv_48,นครพนม,ภาคตะวันออกเฉียงเหนือ,3,พลังธรรมใหม่,159,0.18,17,88738
2562,pv_48_z_3,pv_48,นครพนม,ภาคตะวันออกเฉียงเหนือ,3,พลังท้องถิ่นไท,155,0.17,18,88738
2562,pv_48_z_3,pv_48,นครพนม,ภาคตะวันออกเฉียงเหนือ,3,พลังไทยรักไทย,148,0.17,19,88738
2562,pv_48_z_3,pv_48,นครพนม,ภาคตะวันออกเฉียงเหนือ,3,พลังประชาธิปไตย,140,0.16,20,88738
2562,pv_48_z_3,pv_48,นครพนม,ภาคตะวันออกเฉียงเหนือ,3,ไทยศรีวิไลย์,137,0.15,21,88738
2562,pv_48_z_3,pv_48,นครพนม,ภาคตะวันออกเฉียงเหนือ,3,รักษ์ผืนป่าประเทศไทย,108,0.12,22,88738
2562,pv_48_z_3,pv_48,นครพนม,ภาคตะวันออกเฉียงเหนือ,3,ประชาธรรมไทย,95,0.11,23,88738
2562,pv_48_z_3,pv_48,นครพนม,ภาคตะวันออกเฉียงเหนือ,3,พลังชาติไทย,76,0.09,24,88738
2562,pv_48_z_3,pv_48,นครพนม,ภาคตะวันออกเฉียงเหนือ,3,รวมพลังประชาชาติไทย,66,0.07,25,88738
2562,pv_48_z_3,pv_48,นครพนม,ภาคตะวันออกเฉียงเหนือ,3,แผ่นดินธรรม,64,0.07,26,88738
2562,pv_48_z_3,pv_48,นครพนม,ภาคตะวันออกเฉียงเหนือ,3,ประชาชาติ,59,0.07,27,88738
2562,pv_48_z_3,pv_48,นครพนม,ภาคตะวันออกเฉียงเหนือ,3,เพื่อแผ่นดิน,51,0.06,28,88738
2562,pv_48_z_3,pv_48,นครพนม,ภาคตะวันออกเฉียงเหนือ,3,ประชาธิปไตยใหม่,34,0.04,29,88738
2562,pv_48_z_3,pv_48,นครพนม,ภาคตะวันออกเฉียงเหนือ,3,ประชาภิวัฒน์,25,0.03,30,88738
2562,pv_48_z_3,pv_48,นครพนม,ภาคตะวันออกเฉียงเหนือ,3,ประชาชนปฏิรูป,15,0.02,31,88738
2562,pv_48_z_3,pv_48,นครพนม,ภาคตะวันออกเฉียงเหนือ,3,พลังปวงชนไทย,0,0.00,32,88738
2562,pv_48_z_3,pv_48,นครพนม,ภาคตะวันออกเฉียงเหนือ,3,ไทยรักษาชาติ,0,0.00,33,88738
2562,pv_48_z_3,pv_48,นครพนม,ภาคตะวันออกเฉียงเหนือ,3,เพื่อนไทย,0,0.00,34,88738
2562,pv_48_z_4,pv_48,นครพนม,ภาคตะวันออกเฉียงเหนือ,4,เพื่อไทย,44675,49.71,1,89879
2562,pv_48_z_4,pv_48,นครพนม,ภาคตะวันออกเฉียงเหนือ,4,พลังประชารัฐ,28326,31.52,2,89879
2562,pv_48_z_4,pv_48,นครพนม,ภาคตะวันออกเฉียงเหนือ,4,อนาคตใหม่,7795,8.67,3,89879
2562,pv_48_z_4,pv_48,นครพนม,ภาคตะวันออกเฉียงเหนือ,4,เพื่อคนไทย,1481,1.65,4,89879
2562,pv_48_z_4,pv_48,นครพนม,ภาคตะวันออกเฉียงเหนือ,4,เสรีรวมไทย,1341,1.49,5,89879
2562,pv_48_z_4,pv_48,นครพนม,ภาคตะวันออกเฉียงเหนือ,4,ภูมิใจไทย,1289,1.43,6,89879
2562,pv_48_z_4,pv_48,นครพนม,ภาคตะวันออกเฉียงเหนือ,4,ประชาธิปัตย์,858,0.95,7,89879
2562,pv_48_z_4,pv_48,นครพนม,ภาคตะวันออกเฉียงเหนือ,4,พลเมืองไทย,793,0.88,8,89879
2562,pv_48_z_4,pv_48,นครพนม,ภาคตะวันออกเฉียงเหนือ,4,พลังปวงชนไทย,609,0.68,9,89879
2562,pv_48_z_4,pv_48,นครพนม,ภาคตะวันออกเฉียงเหนือ,4,ประชานิยม,409,0.46,10,89879
2562,pv_48_z_4,pv_48,นครพนม,ภาคตะวันออกเฉียงเหนือ,4,เศรษฐกิจใหม่,256,0.28,11,89879
2562,pv_48_z_4,pv_48,นครพนม,ภาคตะวันออกเฉียงเหนือ,4,พลังธรรมใหม่,244,0.27,12,89879
2562,pv_48_z_4,pv_48,นครพนม,ภาคตะวันออกเฉียงเหนือ,4,ประชาภิวัฒน์,229,0.25,13,89879
2562,pv_48_z_4,pv_48,นครพนม,ภาคตะวันออกเฉียงเหนือ,4,ไทยศรีวิไลย์,227,0.25,14,89879
2562,pv_48_z_4,pv_48,นครพนม,ภาคตะวันออกเฉียงเหนือ,4,พลังท้องถิ่นไท,163,0.18,15,89879
2562,pv_48_z_4,pv_48,นครพนม,ภาคตะวันออกเฉียงเหนือ,4,ประชาธิปไตยใหม่,136,0.15,16,89879
2562,pv_48_z_4,pv_48,นครพนม,ภาคตะวันออกเฉียงเหนือ,4,เพื่อชาติ,117,0.13,17,89879
2562,pv_48_z_4,pv_48,นครพนม,ภาคตะวันออกเฉียงเหนือ,4,รักษ์ผืนป่าประเทศไทย,110,0.12,18,89879
2562,pv_48_z_4,pv_48,นครพนม,ภาคตะวันออกเฉียงเหนือ,4,รวมใจไทย,100,0.11,19,89879
2562,pv_48_z_4,pv_48,นครพนม,ภาคตะวันออกเฉียงเหนือ,4,รวมพลังประชาชาติไทย,97,0.11,20,89879
2562,pv_48_z_4,pv_48,นครพนม,ภาคตะวันออกเฉียงเหนือ,4,ชาติไทยพัฒนา,92,0.10,21,89879
2562,pv_48_z_4,pv_48,นครพนม,ภาคตะวันออกเฉียงเหนือ,4,พลังชาติไทย,84,0.09,22,89879
2562,pv_48_z_4,pv_48,นครพนม,ภาคตะวันออกเฉียงเหนือ,4,พลังประชาธิปไตย,77,0.09,23,89879
2562,pv_48_z_4,pv_48,นครพนม,ภาคตะวันออกเฉียงเหนือ,4,ครูไทยเพื่อประชาชน,74,0.08,24,89879
2562,pv_48_z_4,pv_48,นครพนม,ภาคตะวันออกเฉียงเหนือ,4,ประชาชนปฏิรูป,72,0.08,25,89879
2562,pv_48_z_4,pv_48,นครพนม,ภาคตะวันออกเฉียงเหนือ,4,ชาติพัฒนา,69,0.08,26,89879
2562,pv_48_z_4,pv_48,นครพนม,ภาคตะวันออกเฉียงเหนือ,4,พลังสังคม,42,0.05,27,89879
2562,pv_48_z_4,pv_48,นครพนม,ภาคตะวันออกเฉียงเหนือ,4,ไทรักธรรม,36,0.04,28,89879
2562,pv_48_z_4,pv_48,นครพนม,ภาคตะวันออกเฉียงเหนือ,4,เพื่อแผ่นดิน,33,0.04,29,89879
2562,pv_48_z_4,pv_48,นครพนม,ภาคตะวันออกเฉียงเหนือ,4,ประชาธรรมไทย,26,0.03,30,89879
2562,pv_48_z_4,pv_48,นครพนม,ภาคตะวันออกเฉียงเหนือ,4,พลังแผ่นดินทอง,19,0.02,31,89879
2562,pv_48_z_4,pv_48,นครพนม,ภาคตะวันออกเฉียงเหนือ,4,ประชาชาติ,0,0.00,32,89879
2562,pv_48_z_4,pv_48,นครพนม,ภาคตะวันออกเฉียงเหนือ,4,เพื่อนไทย,0,0.00,33,89879
2562,pv_48_z_4,pv_48,นครพนม,ภาคตะวันออกเฉียงเหนือ,4,ไทยรักษาชาติ,0,0.00,34,89879
2562,pv_30_z_1,pv_30,นครราชสีมา,ภาคตะวันออกเฉียงเหนือ,1,พลังประชารัฐ,25982,24.39,1,106546
2562,pv_30_z_1,pv_30,นครราชสีมา,ภาคตะวันออกเฉียงเหนือ,1,อนาคตใหม่,23855,22.39,2,106546
2562,pv_30_z_1,pv_30,นครราชสีมา,ภาคตะวันออกเฉียงเหนือ,1,เพื่อไทย,15990,15.01,3,106546
2562,pv_30_z_1,pv_30,นครราชสีมา,ภาคตะวันออกเฉียงเหนือ,1,ชาติพัฒนา,15526,14.57,4,106546
2562,pv_30_z_1,pv_30,นครราชสีมา,ภาคตะวันออกเฉียงเหนือ,1,ภูมิใจไทย,11108,10.43,5,106546
2562,pv_30_z_1,pv_30,นครราชสีมา,ภาคตะวันออกเฉียงเหนือ,1,ประชาธิปัตย์,3202,3.01,6,106546
2562,pv_30_z_1,pv_30,นครราชสีมา,ภาคตะวันออกเฉียงเหนือ,1,เศรษฐกิจใหม่,3090,2.90,7,106546
2562,pv_30_z_1,pv_30,นครราชสีมา,ภาคตะวันออกเฉียงเหนือ,1,เสรีรวมไทย,2421,2.27,8,106546
2562,pv_30_z_1,pv_30,นครราชสีมา,ภาคตะวันออกเฉียงเหนือ,1,รวมพลังประชาชาติไทย,1062,1.00,9,106546
2562,pv_30_z_1,pv_30,นครราชสีมา,ภาคตะวันออกเฉียงเหนือ,1,ชาติไทยพัฒนา,528,0.50,10,106546
2562,pv_30_z_1,pv_30,นครราชสีมา,ภาคตะวันออกเฉียงเหนือ,1,รักษ์ผืนป่าประเทศไทย,517,0.49,11,106546
2562,pv_30_z_1,pv_30,นครราชสีมา,ภาคตะวันออกเฉียงเหนือ,1,เพื่อชาติ,387,0.36,12,106546
2562,pv_30_z_1,pv_30,นครราชสีมา,ภาคตะวันออกเฉียงเหนือ,1,ประชานิยม,315,0.30,13,106546
2562,pv_30_z_1,pv_30,นครราชสีมา,ภาคตะวันออกเฉียงเหนือ,1,ประชาชาติ,302,0.28,14,106546
2562,pv_30_z_1,pv_30,นครราชสีมา,ภาคตะวันออกเฉียงเหนือ,1,ประชาภิวัฒน์,273,0.26,15,106546
2562,pv_30_z_1,pv_30,นครราชสีมา,ภาคตะวันออกเฉียงเหนือ,1,ไทยศรีวิไลย์,258,0.24,16,106546
2562,pv_30_z_1,pv_30,นครราชสีมา,ภาคตะวันออกเฉียงเหนือ,1,ประชาชนปฏิรูป,252,0.24,17,106546
2562,pv_30_z_1,pv_30,นครราชสีมา,ภาคตะวันออกเฉียงเหนือ,1,ภราดรภาพ,145,0.14,18,106546
2562,pv_30_z_1,pv_30,นครราชสีมา,ภาคตะวันออกเฉียงเหนือ,1,พลังไทยรักไทย,141,0.13,19,106546
2562,pv_30_z_1,pv_30,นครราชสีมา,ภาคตะวันออกเฉียงเหนือ,1,ไทยธรรม,140,0.13,20,106546
2562,pv_30_z_1,pv_30,นครราชสีมา,ภาคตะวันออกเฉียงเหนือ,1,พลังประชาธิปไตย,115,0.11,21,106546
2562,pv_30_z_1,pv_30,นครราชสีมา,ภาคตะวันออกเฉียงเหนือ,1,พลังท้องถิ่นไท,107,0.10,22,106546
2562,pv_30_z_1,pv_30,นครราชสีมา,ภาคตะวันออกเฉียงเหนือ,1,ครูไทยเพื่อประชาชน,103,0.10,23,106546
2562,pv_30_z_1,pv_30,นครราชสีมา,ภาคตะวันออกเฉียงเหนือ,1,ผึ้งหลวง,101,0.09,24,106546
2562,pv_30_z_1,pv_30,นครราชสีมา,ภาคตะวันออกเฉียงเหนือ,1,กรีน,81,0.08,25,106546
2562,pv_30_z_1,pv_30,นครราชสีมา,ภาคตะวันออกเฉียงเหนือ,1,พลังสังคม,73,0.07,26,106546
2562,pv_30_z_1,pv_30,นครราชสีมา,ภาคตะวันออกเฉียงเหนือ,1,ประชาธรรมไทย,73,0.07,27,106546
2562,pv_30_z_1,pv_30,นครราชสีมา,ภาคตะวันออกเฉียงเหนือ,1,พลังชาติไทย,71,0.07,28,106546
2562,pv_30_z_1,pv_30,นครราชสีมา,ภาคตะวันออกเฉียงเหนือ,1,ประชาไทย,69,0.06,29,106546
2562,pv_30_z_1,pv_30,นครราชสีมา,ภาคตะวันออกเฉียงเหนือ,1,พลังไทสร้างชาติ,61,0.06,30,106546
2562,pv_30_z_1,pv_30,นครราชสีมา,ภาคตะวันออกเฉียงเหนือ,1,รวมใจไทย,44,0.04,31,106546
2562,pv_30_z_1,pv_30,นครราชสีมา,ภาคตะวันออกเฉียงเหนือ,1,เพื่อแผ่นดิน,43,0.04,32,106546
2562,pv_30_z_1,pv_30,นครราชสีมา,ภาคตะวันออกเฉียงเหนือ,1,ไทรักธรรม,37,0.03,33,106546
2562,pv_30_z_1,pv_30,นครราชสีมา,ภาคตะวันออกเฉียงเหนือ,1,พลังปวงชนไทย,26,0.02,34,106546
2562,pv_30_z_1,pv_30,นครราชสีมา,ภาคตะวันออกเฉียงเหนือ,1,พลังแผ่นดินทอง,21,0.02,35,106546
2562,pv_30_z_1,pv_30,นครราชสีมา,ภาคตะวันออกเฉียงเหนือ,1,พลังศรัทธา,21,0.02,36,106546
2562,pv_30_z_1,pv_30,นครราชสีมา,ภาคตะวันออกเฉียงเหนือ,1,ภาคีเครือข่ายไทย,6,0.01,37,106546
2562,pv_30_z_1,pv_30,นครราชสีมา,ภาคตะวันออกเฉียงเหนือ,1,เพื่อนไทย,0,0.00,38,106546
2562,pv_30_z_1,pv_30,นครราชสีมา,ภาคตะวันออกเฉียงเหนือ,1,ประชาธิปไตยใหม่,0,0.00,39,106546
2562,pv_30_z_1,pv_30,นครราชสีมา,ภาคตะวันออกเฉียงเหนือ,1,ความหวังใหม่,0,0.00,40,106546
2562,pv_30_z_1,pv_30,นครราชสีมา,ภาคตะวันออกเฉียงเหนือ,1,มหาชน,0,0.00,41,106546
2562,pv_30_z_2,pv_30,นครราชสีมา,ภาคตะวันออกเฉียงเหนือ,2,ชาติพัฒนา,28216,25.25,1,111755
2562,pv_30_z_2,pv_30,นครราชสีมา,ภาคตะวันออกเฉียงเหนือ,2,อนาคตใหม่,25316,22.65,2,111755
2562,pv_30_z_2,pv_30,นครราชสีมา,ภาคตะวันออกเฉียงเหนือ,2,พลังประชารัฐ,24518,21.94,3,111755
2562,pv_30_z_2,pv_30,นครราชสีมา,ภาคตะวันออกเฉียงเหนือ,2,เพื่อไทย,18979,16.98,4,111755
2562,pv_30_z_2,pv_30,นครราชสีมา,ภาคตะวันออกเฉียงเหนือ,2,ภูมิใจไทย,3423,3.06,5,111755
2562,pv_30_z_2,pv_30,นครราชสีมา,ภาคตะวันออกเฉียงเหนือ,2,ประชาธิปัตย์,2897,2.59,6,111755
2562,pv_30_z_2,pv_30,นครราชสีมา,ภาคตะวันออกเฉียงเหนือ,2,เสรีรวมไทย,2808,2.51,7,111755
2562,pv_30_z_2,pv_30,นครราชสีมา,ภาคตะวันออกเฉียงเหนือ,2,ประชาชาติ,564,0.50,8,111755
2562,pv_30_z_2,pv_30,นครราชสีมา,ภาคตะวันออกเฉียงเหนือ,2,รวมพลังประชาชาติไทย,520,0.47,9,111755
2562,pv_30_z_2,pv_30,นครราชสีมา,ภาคตะวันออกเฉียงเหนือ,2,ชาติไทยพัฒนา,458,0.41,10,111755
2562,pv_30_z_2,pv_30,นครราชสีมา,ภาคตะวันออกเฉียงเหนือ,2,พลังไทยรักไทย,428,0.38,11,111755
2562,pv_30_z_2,pv_30,นครราชสีมา,ภาคตะวันออกเฉียงเหนือ,2,รวมใจไทย,418,0.37,12,111755
2562,pv_30_z_2,pv_30,นครราชสีมา,ภาคตะวันออกเฉียงเหนือ,2,รักษ์ผืนป่าประเทศไทย,355,0.32,13,111755
2562,pv_30_z_2,pv_30,นครราชสีมา,ภาคตะวันออกเฉียงเหนือ,2,ไทยศรีวิไลย์,300,0.27,14,111755
2562,pv_30_z_2,pv_30,นครราชสีมา,ภาคตะวันออกเฉียงเหนือ,2,พลังชาติไทย,290,0.26,15,111755
2562,pv_30_z_2,pv_30,นครราชสีมา,ภาคตะวันออกเฉียงเหนือ,2,เพื่อชาติ,255,0.23,16,111755
2562,pv_30_z_2,pv_30,นครราชสีมา,ภาคตะวันออกเฉียงเหนือ,2,ครูไทยเพื่อประชาชน,225,0.20,17,111755
2562,pv_30_z_2,pv_30,นครราชสีมา,ภาคตะวันออกเฉียงเหนือ,2,ประชานิยม,213,0.19,18,111755
2562,pv_30_z_2,pv_30,นครราชสีมา,ภาคตะวันออกเฉียงเหนือ,2,ประชาชนปฏิรูป,206,0.18,19,111755
2562,pv_30_z_2,pv_30,นครราชสีมา,ภาคตะวันออกเฉียงเหนือ,2,ประชาภิวัฒน์,176,0.16,20,111755
2562,pv_30_z_2,pv_30,นครราชสีมา,ภาคตะวันออกเฉียงเหนือ,2,พลังท้องถิ่นไท,159,0.14,21,111755
2562,pv_30_z_2,pv_30,นครราชสีมา,ภาคตะวันออกเฉียงเหนือ,2,ความหวังใหม่,147,0.13,22,111755
2562,pv_30_z_2,pv_30,นครราชสีมา,ภาคตะวันออกเฉียงเหนือ,2,ไทยธรรม,139,0.12,23,111755
2562,pv_30_z_2,pv_30,นครราชสีมา,ภาคตะวันออกเฉียงเหนือ,2,กรีน,131,0.12,24,111755
2562,pv_30_z_2,pv_30,นครราชสีมา,ภาคตะวันออกเฉียงเหนือ,2,ประชาธิปไตยใหม่,89,0.08,25,111755
2562,pv_30_z_2,pv_30,นครราชสีมา,ภาคตะวันออกเฉียงเหนือ,2,พลังไทสร้างชาติ,83,0.07,26,111755
2562,pv_30_z_2,pv_30,นครราชสีมา,ภาคตะวันออกเฉียงเหนือ,2,พลังศรัทธา,79,0.07,27,111755
2562,pv_30_z_2,pv_30,นครราชสีมา,ภาคตะวันออกเฉียงเหนือ,2,ไทรักธรรม,79,0.07,28,111755
2562,pv_30_z_2,pv_30,นครราชสีมา,ภาคตะวันออกเฉียงเหนือ,2,พลังประชาธิปไตย,76,0.07,29,111755
2562,pv_30_z_2,pv_30,นครราชสีมา,ภาคตะวันออกเฉียงเหนือ,2,ประชาไทย,73,0.07,30,111755
2562,pv_30_z_2,pv_30,นครราชสีมา,ภาคตะวันออกเฉียงเหนือ,2,พลังแผ่นดินทอง,68,0.06,31,111755
2562,pv_30_z_2,pv_30,นครราชสีมา,ภาคตะวันออกเฉียงเหนือ,2,เพื่อแผ่นดิน,67,0.06,32,111755
2562,pv_30_z_2,pv_30,นครราชสีมา,ภาคตะวันออกเฉียงเหนือ,2,พลังธรรมใหม่,0,0.00,33,111755
2562,pv_30_z_2,pv_30,นครราชสีมา,ภาคตะวันออกเฉียงเหนือ,2,เพื่อนไทย,0,0.00,34,111755
2562,pv_30_z_2,pv_30,นครราชสีมา,ภาคตะวันออกเฉียงเหนือ,2,เศรษฐกิจใหม่,0,0.00,35,111755
2562,pv_30_z_2,pv_30,นครราชสีมา,ภาคตะวันออกเฉียงเหนือ,2,แทนคุณแผ่นดิน,0,0.00,36,111755
2562,pv_30_z_2,pv_30,นครราชสีมา,ภาคตะวันออกเฉียงเหนือ,2,มหาชน,0,0.00,37,111755
2562,pv_30_z_3,pv_30,นครราชสีมา,ภาคตะวันออกเฉียงเหนือ,3,เพื่อไทย,41412,37.67,1,109937
2562,pv_30_z_3,pv_30,นครราชสีมา,ภาคตะวันออกเฉียงเหนือ,3,ชาติพัฒนา,27584,25.09,2,109937
2562,pv_30_z_3,pv_30,นครราชสีมา,ภาคตะวันออกเฉียงเหนือ,3,พลังประชารัฐ,12441,11.32,3,109937
2562,pv_30_z_3,pv_30,นครราชสีมา,ภาคตะวันออกเฉียงเหนือ,3,อนาคตใหม่,11783,10.72,4,109937
2562,pv_30_z_3,pv_30,นครราชสีมา,ภาคตะวันออกเฉียงเหนือ,3,ภูมิใจไทย,8746,7.96,5,109937
2562,pv_30_z_3,pv_30,นครราชสีมา,ภาคตะวันออกเฉียงเหนือ,3,ประชาธิปัตย์,1363,1.24,6,109937
2562,pv_30_z_3,pv_30,นครราชสีมา,ภาคตะวันออกเฉียงเหนือ,3,เสรีรวมไทย,1275,1.16,7,109937
2562,pv_30_z_3,pv_30,นครราชสีมา,ภาคตะวันออกเฉียงเหนือ,3,เศรษฐกิจใหม่,1221,1.11,8,109937
2562,pv_30_z_3,pv_30,นครราชสีมา,ภาคตะวันออกเฉียงเหนือ,3,เครือข่ายชาวนาแห่งประเทศไทย,701,0.64,9,109937
2562,pv_30_z_3,pv_30,นครราชสีมา,ภาคตะวันออกเฉียงเหนือ,3,ไทยศรีวิไลย์,438,0.40,10,109937
2562,pv_30_z_3,pv_30,นครราชสีมา,ภาคตะวันออกเฉียงเหนือ,3,ประชากรไทย,386,0.35,11,109937
2562,pv_30_z_3,pv_30,นครราชสีมา,ภาคตะวันออกเฉียงเหนือ,3,รักษ์ผืนป่าประเทศไทย,343,0.31,12,109937
2562,pv_30_z_3,pv_30,นครราชสีมา,ภาคตะวันออกเฉียงเหนือ,3,ประชานิยม,322,0.29,13,109937
2562,pv_30_z_3,pv_30,นครราชสีมา,ภาคตะวันออกเฉียงเหนือ,3,เพื่อชาติ,288,0.26,14,109937
2562,pv_30_z_3,pv_30,นครราชสีมา,ภาคตะวันออกเฉียงเหนือ,3,ไทยธรรม,231,0.21,15,109937
2562,pv_30_z_3,pv_30,นครราชสีมา,ภาคตะวันออกเฉียงเหนือ,3,รวมพลังประชาชาติไทย,189,0.17,16,109937
2562,pv_30_z_3,pv_30,นครราชสีมา,ภาคตะวันออกเฉียงเหนือ,3,ประชาชนปฏิรูป,154,0.14,17,109937
2562,pv_30_z_3,pv_30,นครราชสีมา,ภาคตะวันออกเฉียงเหนือ,3,พลังสังคม,151,0.14,18,109937
2562,pv_30_z_3,pv_30,นครราชสีมา,ภาคตะวันออกเฉียงเหนือ,3,ประชาภิวัฒน์,140,0.13,19,109937
2562,pv_30_z_3,pv_30,นครราชสีมา,ภาคตะวันออกเฉียงเหนือ,3,พลังไทยรักไทย,135,0.12,20,109937
2562,pv_30_z_3,pv_30,นครราชสีมา,ภาคตะวันออกเฉียงเหนือ,3,พลังท้องถิ่นไท,117,0.11,21,109937
2562,pv_30_z_3,pv_30,นครราชสีมา,ภาคตะวันออกเฉียงเหนือ,3,พลังปวงชนไทย,79,0.07,22,109937
2562,pv_30_z_3,pv_30,นครราชสีมา,ภาคตะวันออกเฉียงเหนือ,3,พลังชาติไทย,77,0.07,23,109937
2562,pv_30_z_3,pv_30,นครราชสีมา,ภาคตะวันออกเฉียงเหนือ,3,กรีน,74,0.07,24,109937
2562,pv_30_z_3,pv_30,นครราชสีมา,ภาคตะวันออกเฉียงเหนือ,3,ประชาไทย,69,0.06,25,109937
2562,pv_30_z_3,pv_30,นครราชสีมา,ภาคตะวันออกเฉียงเหนือ,3,ครูไทยเพื่อประชาชน,64,0.06,26,109937
2562,pv_30_z_3,pv_30,นครราชสีมา,ภาคตะวันออกเฉียงเหนือ,3,ประชาธิปไตยใหม่,54,0.05,27,109937
2562,pv_30_z_3,pv_30,นครราชสีมา,ภาคตะวันออกเฉียงเหนือ,3,ประชาธรรมไทย,40,0.04,28,109937
2562,pv_30_z_3,pv_30,นครราชสีมา,ภาคตะวันออกเฉียงเหนือ,3,ไทรักธรรม,36,0.03,29,109937
2562,pv_30_z_3,pv_30,นครราชสีมา,ภาคตะวันออกเฉียงเหนือ,3,พลังไทสร้างชาติ,24,0.02,30,109937
2562,pv_30_z_3,pv_30,นครราชสีมา,ภาคตะวันออกเฉียงเหนือ,3,ประชาชาติ,0,0.00,31,109937
2562,pv_30_z_3,pv_30,นครราชสีมา,ภาคตะวันออกเฉียงเหนือ,3,เพื่อนไทย,0,0.00,32,109937
2562,pv_30_z_3,pv_30,นครราชสีมา,ภาคตะวันออกเฉียงเหนือ,3,มหาชน,0,0.00,33,109937
2562,pv_30_z_3,pv_30,นครราชสีมา,ภาคตะวันออกเฉียงเหนือ,3,แทนคุณแผ่นดิน,0,0.00,34,109937
2562,pv_30_z_4,pv_30,นครราชสีมา,ภาคตะวันออกเฉียงเหนือ,4,พลังประชารัฐ,39774,38.02,1,104609
2562,pv_30_z_4,pv_30,นครราชสีมา,ภาคตะวันออกเฉียงเหนือ,4,ภูมิใจไทย,33674,32.19,2,104609
2562,pv_30_z_4,pv_30,นครราชสีมา,ภาคตะวันออกเฉียงเหนือ,4,เพื่อไทย,14947,14.29,3,104609
2562,pv_30_z_4,pv_30,นครราชสีมา,ภาคตะวันออกเฉียงเหนือ,4,อนาคตใหม่,8701,8.32,4,104609
2562,pv_30_z_4,pv_30,นครราชสีมา,ภาคตะวันออกเฉียงเหนือ,4,ครูไทยเพื่อประชาชน,1128,1.08,5,104609
2562,pv_30_z_4,pv_30,นครราชสีมา,ภาคตะวันออกเฉียงเหนือ,4,เสรีรวมไทย,1091,1.04,6,104609
2562,pv_30_z_4,pv_30,นครราชสีมา,ภาคตะวันออกเฉียงเหนือ,4,ประชาธิปัตย์,875,0.84,7,104609
2562,pv_30_z_4,pv_30,นครราชสีมา,ภาคตะวันออกเฉียงเหนือ,4,ชาติพัฒนา,856,0.82,8,104609
2562,pv_30_z_4,pv_30,นครราชสีมา,ภาคตะวันออกเฉียงเหนือ,4,พลังแผ่นดินทอง,649,0.62,9,104609
2562,pv_30_z_4,pv_30,นครราชสีมา,ภาคตะวันออกเฉียงเหนือ,4,เศรษฐกิจใหม่,447,0.43,10,104609
2562,pv_30_z_4,pv_30,นครราชสีมา,ภาคตะวันออกเฉียงเหนือ,4,รวมพลังประชาชาติไทย,421,0.40,11,104609
2562,pv_30_z_4,pv_30,นครราชสีมา,ภาคตะวันออกเฉียงเหนือ,4,เพื่อชาติ,317,0.30,12,104609
2562,pv_30_z_4,pv_30,นครราชสีมา,ภาคตะวันออกเฉียงเหนือ,4,แผ่นดินธรรม,239,0.23,13,104609
2562,pv_30_z_4,pv_30,นครราชสีมา,ภาคตะวันออกเฉียงเหนือ,4,พลังปวงชนไทย,200,0.19,14,104609
2562,pv_30_z_4,pv_30,นครราชสีมา,ภาคตะวันออกเฉียงเหนือ,4,ประชาภิวัฒน์,177,0.17,15,104609
2562,pv_30_z_4,pv_30,นครราชสีมา,ภาคตะวันออกเฉียงเหนือ,4,ประชานิยม,137,0.13,16,104609
2562,pv_30_z_4,pv_30,นครราชสีมา,ภาคตะวันออกเฉียงเหนือ,4,ความหวังใหม่,120,0.11,17,104609
2562,pv_30_z_4,pv_30,นครราชสีมา,ภาคตะวันออกเฉียงเหนือ,4,รักษ์ผืนป่าประเทศไทย,119,0.11,18,104609
2562,pv_30_z_4,pv_30,นครราชสีมา,ภาคตะวันออกเฉียงเหนือ,4,ชาติไทยพัฒนา,115,0.11,19,104609
2562,pv_30_z_4,pv_30,นครราชสีมา,ภาคตะวันออกเฉียงเหนือ,4,ประชาธรรมไทย,70,0.07,20,104609
2562,pv_30_z_4,pv_30,นครราชสีมา,ภาคตะวันออกเฉียงเหนือ,4,ไทรักธรรม,65,0.06,21,104609
2562,pv_30_z_4,pv_30,นครราชสีมา,ภาคตะวันออกเฉียงเหนือ,4,ประชากรไทย,63,0.06,22,104609
2562,pv_30_z_4,pv_30,นครราชสีมา,ภาคตะวันออกเฉียงเหนือ,4,ประชาชนปฏิรูป,50,0.05,23,104609
2562,pv_30_z_4,pv_30,นครราชสีมา,ภาคตะวันออกเฉียงเหนือ,4,พลังประชาธิปไตย,50,0.05,24,104609
2562,pv_30_z_4,pv_30,นครราชสีมา,ภาคตะวันออกเฉียงเหนือ,4,พลังท้องถิ่นไท,48,0.05,25,104609
2562,pv_30_z_4,pv_30,นครราชสีมา,ภาคตะวันออกเฉียงเหนือ,4,พลังชาติไทย,43,0.04,26,104609
2562,pv_30_z_4,pv_30,นครราชสีมา,ภาคตะวันออกเฉียงเหนือ,4,ภราดรภาพ,42,0.04,27,104609
2562,pv_30_z_4,pv_30,นครราชสีมา,ภาคตะวันออกเฉียงเหนือ,4,ไทยธรรม,38,0.04,28,104609
2562,pv_30_z_4,pv_30,นครราชสีมา,ภาคตะวันออกเฉียงเหนือ,4,พลังสังคม,37,0.04,29,104609
2562,pv_30_z_4,pv_30,นครราชสีมา,ภาคตะวันออกเฉียงเหนือ,4,ทางเลือกใหม่,30,0.03,30,104609
2562,pv_30_z_4,pv_30,นครราชสีมา,ภาคตะวันออกเฉียงเหนือ,4,กรีน,29,0.03,31,104609
2562,pv_30_z_4,pv_30,นครราชสีมา,ภาคตะวันออกเฉียงเหนือ,4,พลังศรัทธา,29,0.03,32,104609
2562,pv_30_z_4,pv_30,นครราชสีมา,ภาคตะวันออกเฉียงเหนือ,4,พลังไทสร้างชาติ,18,0.02,33,104609
2562,pv_30_z_4,pv_30,นครราชสีมา,ภาคตะวันออกเฉียงเหนือ,4,ประชาไทย,10,0.01,34,104609
2562,pv_30_z_4,pv_30,นครราชสีมา,ภาคตะวันออกเฉียงเหนือ,4,ประชาชาติ,0,0.00,35,104609
2562,pv_30_z_4,pv_30,นครราชสีมา,ภาคตะวันออกเฉียงเหนือ,4,เพื่อนไทย,0,0.00,36,104609
2562,pv_30_z_4,pv_30,นครราชสีมา,ภาคตะวันออกเฉียงเหนือ,4,แทนคุณแผ่นดิน,0,0.00,37,104609
2562,pv_30_z_5,pv_30,นครราชสีมา,ภาคตะวันออกเฉียงเหนือ,5,เพื่อไทย,33606,35.95,1,93477
2562,pv_30_z_5,pv_30,นครราชสีมา,ภาคตะวันออกเฉียงเหนือ,5,พลังประชารัฐ,24177,25.86,2,93477
2562,pv_30_z_5,pv_30,นครราชสีมา,ภาคตะวันออกเฉียงเหนือ,5,ภูมิใจไทย,15185,16.24,3,93477
2562,pv_30_z_5,pv_30,นครราชสีมา,ภาคตะวันออกเฉียงเหนือ,5,อนาคตใหม่,10365,11.09,4,93477
2562,pv_30_z_5,pv_30,นครราชสีมา,ภาคตะวันออกเฉียงเหนือ,5,ประชาธิปัตย์,1546,1.65,5,93477
2562,pv_30_z_5,pv_30,นครราชสีมา,ภาคตะวันออกเฉียงเหนือ,5,ชาติพัฒนา,1431,1.53,6,93477
2562,pv_30_z_5,pv_30,นครราชสีมา,ภาคตะวันออกเฉียงเหนือ,5,เศรษฐกิจใหม่,1293,1.38,7,93477
2562,pv_30_z_5,pv_30,นครราชสีมา,ภาคตะวันออกเฉียงเหนือ,5,ครูไทยเพื่อประชาชน,813,0.87,8,93477
2562,pv_30_z_5,pv_30,นครราชสีมา,ภาคตะวันออกเฉียงเหนือ,5,ไทยธรรม,704,0.75,9,93477
2562,pv_30_z_5,pv_30,นครราชสีมา,ภาคตะวันออกเฉียงเหนือ,5,ไทยศรีวิไลย์,568,0.61,10,93477
2562,pv_30_z_5,pv_30,นครราชสีมา,ภาคตะวันออกเฉียงเหนือ,5,พลเมืองไทย,402,0.43,11,93477
2562,pv_30_z_5,pv_30,นครราชสีมา,ภาคตะวันออกเฉียงเหนือ,5,เพื่อชาติ,321,0.34,12,93477
2562,pv_30_z_5,pv_30,นครราชสีมา,ภาคตะวันออกเฉียงเหนือ,5,รวมพลังประชาชาติไทย,296,0.32,13,93477
2562,pv_30_z_5,pv_30,นครราชสีมา,ภาคตะวันออกเฉียงเหนือ,5,ประชาชาติ,254,0.27,14,93477
2562,pv_30_z_5,pv_30,นครราชสีมา,ภาคตะวันออกเฉียงเหนือ,5,ประชาธรรมไทย,251,0.27,15,93477
2562,pv_30_z_5,pv_30,นครราชสีมา,ภาคตะวันออกเฉียงเหนือ,5,พลังชาติไทย,227,0.24,16,93477
2562,pv_30_z_5,pv_30,นครราชสีมา,ภาคตะวันออกเฉียงเหนือ,5,พลังธรรมใหม่,224,0.24,17,93477
2562,pv_30_z_5,pv_30,นครราชสีมา,ภาคตะวันออกเฉียงเหนือ,5,ไทรักธรรม,182,0.19,18,93477
2562,pv_30_z_5,pv_30,นครราชสีมา,ภาคตะวันออกเฉียงเหนือ,5,สังคมประชาธิปไตยไทย,169,0.18,19,93477
2562,pv_30_z_5,pv_30,นครราชสีมา,ภาคตะวันออกเฉียงเหนือ,5,ทางเลือกใหม่,165,0.18,20,93477
2562,pv_30_z_5,pv_30,นครราชสีมา,ภาคตะวันออกเฉียงเหนือ,5,ประชานิยม,141,0.15,21,93477
2562,pv_30_z_5,pv_30,นครราชสีมา,ภาคตะวันออกเฉียงเหนือ,5,ประชาชนปฏิรูป,140,0.15,22,93477
2562,pv_30_z_5,pv_30,นครราชสีมา,ภาคตะวันออกเฉียงเหนือ,5,พลังไทยรักไทย,135,0.14,23,93477
2562,pv_30_z_5,pv_30,นครราชสีมา,ภาคตะวันออกเฉียงเหนือ,5,ชาติไทยพัฒนา,118,0.13,24,93477
2562,pv_30_z_5,pv_30,นครราชสีมา,ภาคตะวันออกเฉียงเหนือ,5,รักษ์ผืนป่าประเทศไทย,108,0.12,25,93477
2562,pv_30_z_5,pv_30,นครราชสีมา,ภาคตะวันออกเฉียงเหนือ,5,ประชาภิวัฒน์,94,0.10,26,93477
2562,pv_30_z_5,pv_30,นครราชสีมา,ภาคตะวันออกเฉียงเหนือ,5,พลังท้องถิ่นไท,93,0.10,27,93477
2562,pv_30_z_5,pv_30,นครราชสีมา,ภาคตะวันออกเฉียงเหนือ,5,ภาคีเครือข่ายไทย,80,0.09,28,93477
2562,pv_30_z_5,pv_30,นครราชสีมา,ภาคตะวันออกเฉียงเหนือ,5,ประชาธิปไตยใหม่,66,0.07,29,93477
2562,pv_30_z_5,pv_30,นครราชสีมา,ภาคตะวันออกเฉียงเหนือ,5,ผึ้งหลวง,61,0.07,30,93477
2562,pv_30_z_5,pv_30,นครราชสีมา,ภาคตะวันออกเฉียงเหนือ,5,พลังปวงชนไทย,58,0.06,31,93477
2562,pv_30_z_5,pv_30,นครราชสีมา,ภาคตะวันออกเฉียงเหนือ,5,แผ่นดินธรรม,58,0.06,32,93477
2562,pv_30_z_5,pv_30,นครราชสีมา,ภาคตะวันออกเฉียงเหนือ,5,พลังสังคม,53,0.06,33,93477
2562,pv_30_z_5,pv_30,นครราชสีมา,ภาคตะวันออกเฉียงเหนือ,5,กรีน,32,0.03,34,93477
2562,pv_30_z_5,pv_30,นครราชสีมา,ภาคตะวันออกเฉียงเหนือ,5,ประชาไทย,31,0.03,35,93477
2562,pv_30_z_5,pv_30,นครราชสีมา,ภาคตะวันออกเฉียงเหนือ,5,พลังไทสร้างชาติ,30,0.03,36,93477
2562,pv_30_z_5,pv_30,นครราชสีมา,ภาคตะวันออกเฉียงเหนือ,5,เสรีรวมไทย,0,0.00,37,93477
2562,pv_30_z_5,pv_30,นครราชสีมา,ภาคตะวันออกเฉียงเหนือ,5,เพื่อนไทย,0,0.00,38,93477
2562,pv_30_z_6,pv_30,นครราชสีมา,ภาคตะวันออกเฉียงเหนือ,6,พลังประชารัฐ,40454,46.97,1,86124
2562,pv_30_z_6,pv_30,นครราชสีมา,ภาคตะวันออกเฉียงเหนือ,6,เพื่อไทย,26697,31.00,2,86124
2562,pv_30_z_6,pv_30,นครราชสีมา,ภาคตะวันออกเฉียงเหนือ,6,อนาคตใหม่,7545,8.76,3,86124
2562,pv_30_z_6,pv_30,นครราชสีมา,ภาคตะวันออกเฉียงเหนือ,6,ภูมิใจไทย,4751,5.52,4,86124
2562,pv_30_z_6,pv_30,นครราชสีมา,ภาคตะวันออกเฉียงเหนือ,6,เสรีรวมไทย,860,1.00,5,86124
2562,pv_30_z_6,pv_30,นครราชสีมา,ภาคตะวันออกเฉียงเหนือ,6,ชาติพัฒนา,829,0.96,6,86124
2562,pv_30_z_6,pv_30,นครราชสีมา,ภาคตะวันออกเฉียงเหนือ,6,ภาคีเครือข่ายไทย,824,0.96,7,86124
2562,pv_30_z_6,pv_30,นครราชสีมา,ภาคตะวันออกเฉียงเหนือ,6,เศรษฐกิจใหม่,570,0.66,8,86124
2562,pv_30_z_6,pv_30,นครราชสีมา,ภาคตะวันออกเฉียงเหนือ,6,ประชาธิปัตย์,527,0.61,9,86124
2562,pv_30_z_6,pv_30,นครราชสีมา,ภาคตะวันออกเฉียงเหนือ,6,พลังไทสร้างชาติ,461,0.54,10,86124
2562,pv_30_z_6,pv_30,นครราชสีมา,ภาคตะวันออกเฉียงเหนือ,6,ประชานิยม,325,0.38,11,86124
2562,pv_30_z_6,pv_30,นครราชสีมา,ภาคตะวันออกเฉียงเหนือ,6,ประชาภิวัฒน์,267,0.31,12,86124
2562,pv_30_z_6,pv_30,นครราชสีมา,ภาคตะวันออกเฉียงเหนือ,6,เพื่อชาติ,231,0.27,13,86124
2562,pv_30_z_6,pv_30,นครราชสีมา,ภาคตะวันออกเฉียงเหนือ,6,ประชาชาติ,205,0.24,14,86124
2562,pv_30_z_6,pv_30,นครราชสีมา,ภาคตะวันออกเฉียงเหนือ,6,ไทยธรรม,164,0.19,15,86124
2562,pv_30_z_6,pv_30,นครราชสีมา,ภาคตะวันออกเฉียงเหนือ,6,ประชาธรรมไทย,155,0.18,16,86124
2562,pv_30_z_6,pv_30,นครราชสีมา,ภาคตะวันออกเฉียงเหนือ,6,ทางเลือกใหม่,146,0.17,17,86124
2562,pv_30_z_6,pv_30,นครราชสีมา,ภาคตะวันออกเฉียงเหนือ,6,รักษ์ผืนป่าประเทศไทย,140,0.16,18,86124
2562,pv_30_z_6,pv_30,นครราชสีมา,ภาคตะวันออกเฉียงเหนือ,6,พลังปวงชนไทย,134,0.16,19,86124
2562,pv_30_z_6,pv_30,นครราชสีมา,ภาคตะวันออกเฉียงเหนือ,6,ไทรักธรรม,118,0.14,20,86124
2562,pv_30_z_6,pv_30,นครราชสีมา,ภาคตะวันออกเฉียงเหนือ,6,พลังชาติไทย,115,0.13,21,86124
2562,pv_30_z_6,pv_30,นครราชสีมา,ภาคตะวันออกเฉียงเหนือ,6,ชาติไทยพัฒนา,88,0.10,22,86124
2562,pv_30_z_6,pv_30,นครราชสีมา,ภาคตะวันออกเฉียงเหนือ,6,รวมพลังประชาชาติไทย,82,0.10,23,86124
2562,pv_30_z_6,pv_30,นครราชสีมา,ภาคตะวันออกเฉียงเหนือ,6,พลังท้องถิ่นไท,72,0.08,24,86124
2562,pv_30_z_6,pv_30,นครราชสีมา,ภาคตะวันออกเฉียงเหนือ,6,ประชาไทย,70,0.08,25,86124
2562,pv_30_z_6,pv_30,นครราชสีมา,ภาคตะวันออกเฉียงเหนือ,6,ครูไทยเพื่อประชาชน,61,0.07,26,86124
2562,pv_30_z_6,pv_30,นครราชสีมา,ภาคตะวันออกเฉียงเหนือ,6,ประชาธิปไตยใหม่,55,0.06,27,86124
2562,pv_30_z_6,pv_30,นครราชสีมา,ภาคตะวันออกเฉียงเหนือ,6,พลังไทยรักไทย,45,0.05,28,86124
2562,pv_30_z_6,pv_30,นครราชสีมา,ภาคตะวันออกเฉียงเหนือ,6,กรีน,41,0.05,29,86124
2562,pv_30_z_6,pv_30,นครราชสีมา,ภาคตะวันออกเฉียงเหนือ,6,พลังธรรมใหม่,36,0.04,30,86124
2562,pv_30_z_6,pv_30,นครราชสีมา,ภาคตะวันออกเฉียงเหนือ,6,ประชาชนปฏิรูป,28,0.03,31,86124
2562,pv_30_z_6,pv_30,นครราชสีมา,ภาคตะวันออกเฉียงเหนือ,6,พลังสังคม,28,0.03,32,86124
2562,pv_30_z_6,pv_30,นครราชสีมา,ภาคตะวันออกเฉียงเหนือ,6,เพื่อนไทย,0,0.00,33,86124
2562,pv_30_z_6,pv_30,นครราชสีมา,ภาคตะวันออกเฉียงเหนือ,6,แทนคุณแผ่นดิน,0,0.00,34,86124
2562,pv_30_z_7,pv_30,นครราชสีมา,ภาคตะวันออกเฉียงเหนือ,7,พลังประชารัฐ,35983,36.58,1,98363
2562,pv_30_z_7,pv_30,นครราชสีมา,ภาคตะวันออกเฉียงเหนือ,7,เพื่อไทย,23385,23.77,2,98363
2562,pv_30_z_7,pv_30,นครราชสีมา,ภาคตะวันออกเฉียงเหนือ,7,ภูมิใจไทย,21086,21.44,3,98363
2562,pv_30_z_7,pv_30,นครราชสีมา,ภาคตะวันออกเฉียงเหนือ,7,อนาคตใหม่,9822,9.99,4,98363
2562,pv_30_z_7,pv_30,นครราชสีมา,ภาคตะวันออกเฉียงเหนือ,7,ประชาธิปัตย์,1840,1.87,5,98363
2562,pv_30_z_7,pv_30,นครราชสีมา,ภาคตะวันออกเฉียงเหนือ,7,เสรีรวมไทย,1139,1.16,6,98363
2562,pv_30_z_7,pv_30,นครราชสีมา,ภาคตะวันออกเฉียงเหนือ,7,เศรษฐกิจใหม่,808,0.82,7,98363
2562,pv_30_z_7,pv_30,นครราชสีมา,ภาคตะวันออกเฉียงเหนือ,7,รวมพลังประชาชาติไทย,614,0.62,8,98363
2562,pv_30_z_7,pv_30,นครราชสีมา,ภาคตะวันออกเฉียงเหนือ,7,ชาติพัฒนา,552,0.56,9,98363
2562,pv_30_z_7,pv_30,นครราชสีมา,ภาคตะวันออกเฉียงเหนือ,7,รักษ์ผืนป่าประเทศไทย,394,0.40,10,98363
2562,pv_30_z_7,pv_30,นครราชสีมา,ภาคตะวันออกเฉียงเหนือ,7,ชาติไทยพัฒนา,360,0.37,11,98363
2562,pv_30_z_7,pv_30,นครราชสีมา,ภาคตะวันออกเฉียงเหนือ,7,พลเมืองไทย,334,0.34,12,98363
2562,pv_30_z_7,pv_30,นครราชสีมา,ภาคตะวันออกเฉียงเหนือ,7,เพื่อชาติ,310,0.32,13,98363
2562,pv_30_z_7,pv_30,นครราชสีมา,ภาคตะวันออกเฉียงเหนือ,7,ประชาภิวัฒน์,262,0.27,14,98363
2562,pv_30_z_7,pv_30,นครราชสีมา,ภาคตะวันออกเฉียงเหนือ,7,พลังท้องถิ่นไท,234,0.24,15,98363
2562,pv_30_z_7,pv_30,นครราชสีมา,ภาคตะวันออกเฉียงเหนือ,7,พลังชาติไทย,190,0.19,16,98363
2562,pv_30_z_7,pv_30,นครราชสีมา,ภาคตะวันออกเฉียงเหนือ,7,ไทยศรีวิไลย์,161,0.16,17,98363
2562,pv_30_z_7,pv_30,นครราชสีมา,ภาคตะวันออกเฉียงเหนือ,7,ไทยธรรม,137,0.14,18,98363
2562,pv_30_z_7,pv_30,นครราชสีมา,ภาคตะวันออกเฉียงเหนือ,7,ประชานิยม,102,0.10,19,98363
2562,pv_30_z_7,pv_30,นครราชสีมา,ภาคตะวันออกเฉียงเหนือ,7,ประชาชนปฏิรูป,99,0.10,20,98363
2562,pv_30_z_7,pv_30,นครราชสีมา,ภาคตะวันออกเฉียงเหนือ,7,ไทรักธรรม,97,0.10,21,98363
2562,pv_30_z_7,pv_30,นครราชสีมา,ภาคตะวันออกเฉียงเหนือ,7,ประชาชาติ,78,0.08,22,98363
2562,pv_30_z_7,pv_30,นครราชสีมา,ภาคตะวันออกเฉียงเหนือ,7,พลังปวงชนไทย,74,0.08,23,98363
2562,pv_30_z_7,pv_30,นครราชสีมา,ภาคตะวันออกเฉียงเหนือ,7,พลังไทยรักไทย,59,0.06,24,98363
2562,pv_30_z_7,pv_30,นครราชสีมา,ภาคตะวันออกเฉียงเหนือ,7,กรีน,58,0.06,25,98363
2562,pv_30_z_7,pv_30,นครราชสีมา,ภาคตะวันออกเฉียงเหนือ,7,ครูไทยเพื่อประชาชน,46,0.05,26,98363
2562,pv_30_z_7,pv_30,นครราชสีมา,ภาคตะวันออกเฉียงเหนือ,7,ประชาไทย,41,0.04,27,98363
2562,pv_30_z_7,pv_30,นครราชสีมา,ภาคตะวันออกเฉียงเหนือ,7,พลังสังคม,38,0.04,28,98363
2562,pv_30_z_7,pv_30,นครราชสีมา,ภาคตะวันออกเฉียงเหนือ,7,ประชาธรรมไทย,34,0.03,29,98363
2562,pv_30_z_7,pv_30,นครราชสีมา,ภาคตะวันออกเฉียงเหนือ,7,พลังไทสร้างชาติ,26,0.03,30,98363
2562,pv_30_z_7,pv_30,นครราชสีมา,ภาคตะวันออกเฉียงเหนือ,7,เพื่อนไทย,0,0.00,31,98363
2562,pv_30_z_7,pv_30,นครราชสีมา,ภาคตะวันออกเฉียงเหนือ,7,มหาชน,0,0.00,32,98363
2562,pv_30_z_8,pv_30,นครราชสีมา,ภาคตะวันออกเฉียงเหนือ,8,พลังประชารัฐ,36473,36.06,1,101159
2562,pv_30_z_8,pv_30,นครราชสีมา,ภาคตะวันออกเฉียงเหนือ,8,ภูมิใจไทย,34817,34.42,2,101159
2562,pv_30_z_8,pv_30,นครราชสีมา,ภาคตะวันออกเฉียงเหนือ,8,เพื่อไทย,12986,12.84,3,101159
2562,pv_30_z_8,pv_30,นครราชสีมา,ภาคตะวันออกเฉียงเหนือ,8,อนาคตใหม่,8556,8.46,4,101159
2562,pv_30_z_8,pv_30,นครราชสีมา,ภาคตะวันออกเฉียงเหนือ,8,ไทยศรีวิไลย์,997,0.99,5,101159
2562,pv_30_z_8,pv_30,นครราชสีมา,ภาคตะวันออกเฉียงเหนือ,8,เสรีรวมไทย,933,0.92,6,101159
2562,pv_30_z_8,pv_30,นครราชสีมา,ภาคตะวันออกเฉียงเหนือ,8,ประชาธิปัตย์,879,0.87,7,101159
2562,pv_30_z_8,pv_30,นครราชสีมา,ภาคตะวันออกเฉียงเหนือ,8,ผึ้งหลวง,851,0.84,8,101159
2562,pv_30_z_8,pv_30,นครราชสีมา,ภาคตะวันออกเฉียงเหนือ,8,ชาติพัฒนา,823,0.81,9,101159
2562,pv_30_z_8,pv_30,นครราชสีมา,ภาคตะวันออกเฉียงเหนือ,8,เพื่อชาติ,714,0.71,10,101159
2562,pv_30_z_8,pv_30,นครราชสีมา,ภาคตะวันออกเฉียงเหนือ,8,ชาติไทยพัฒนา,467,0.46,11,101159
2562,pv_30_z_8,pv_30,นครราชสีมา,ภาคตะวันออกเฉียงเหนือ,8,รวมพลังประชาชาติไทย,306,0.30,12,101159
2562,pv_30_z_8,pv_30,นครราชสีมา,ภาคตะวันออกเฉียงเหนือ,8,พลังธรรมใหม่,252,0.25,13,101159
2562,pv_30_z_8,pv_30,นครราชสีมา,ภาคตะวันออกเฉียงเหนือ,8,พลังไทยรักชาติ,252,0.25,14,101159
2562,pv_30_z_8,pv_30,นครราชสีมา,ภาคตะวันออกเฉียงเหนือ,8,ประชาภิวัฒน์,191,0.19,15,101159
2562,pv_30_z_8,pv_30,นครราชสีมา,ภาคตะวันออกเฉียงเหนือ,8,ไทยธรรม,179,0.18,16,101159
2562,pv_30_z_8,pv_30,นครราชสีมา,ภาคตะวันออกเฉียงเหนือ,8,ประชาชนปฏิรูป,156,0.15,17,101159
2562,pv_30_z_8,pv_30,นครราชสีมา,ภาคตะวันออกเฉียงเหนือ,8,พลังท้องถิ่นไท,132,0.13,18,101159
2562,pv_30_z_8,pv_30,นครราชสีมา,ภาคตะวันออกเฉียงเหนือ,8,ประชาธิปไตยใหม่,120,0.12,19,101159
2562,pv_30_z_8,pv_30,นครราชสีมา,ภาคตะวันออกเฉียงเหนือ,8,พลังไทสร้างชาติ,117,0.12,20,101159
2562,pv_30_z_8,pv_30,นครราชสีมา,ภาคตะวันออกเฉียงเหนือ,8,รักษ์ผืนป่าประเทศไทย,115,0.11,21,101159
2562,pv_30_z_8,pv_30,นครราชสีมา,ภาคตะวันออกเฉียงเหนือ,8,ประชานิยม,102,0.10,22,101159
2562,pv_30_z_8,pv_30,นครราชสีมา,ภาคตะวันออกเฉียงเหนือ,8,ประชากรไทย,102,0.10,23,101159
2562,pv_30_z_8,pv_30,นครราชสีมา,ภาคตะวันออกเฉียงเหนือ,8,ประชาธรรมไทย,99,0.10,24,101159
2562,pv_30_z_8,pv_30,นครราชสีมา,ภาคตะวันออกเฉียงเหนือ,8,ไทรักธรรม,77,0.08,25,101159
2562,pv_30_z_8,pv_30,นครราชสีมา,ภาคตะวันออกเฉียงเหนือ,8,ประชาไทย,73,0.07,26,101159
2562,pv_30_z_8,pv_30,นครราชสีมา,ภาคตะวันออกเฉียงเหนือ,8,ทางเลือกใหม่,71,0.07,27,101159
2562,pv_30_z_8,pv_30,นครราชสีมา,ภาคตะวันออกเฉียงเหนือ,8,พลังประชาธิปไตย,51,0.05,28,101159
2562,pv_30_z_8,pv_30,นครราชสีมา,ภาคตะวันออกเฉียงเหนือ,8,พลังชาติไทย,49,0.05,29,101159
2562,pv_30_z_8,pv_30,นครราชสีมา,ภาคตะวันออกเฉียงเหนือ,8,พลังสังคม,43,0.04,30,101159
2562,pv_30_z_8,pv_30,นครราชสีมา,ภาคตะวันออกเฉียงเหนือ,8,ครูไทยเพื่อประชาชน,40,0.04,31,101159
2562,pv_30_z_8,pv_30,นครราชสีมา,ภาคตะวันออกเฉียงเหนือ,8,กรีน,33,0.03,32,101159
2562,pv_30_z_8,pv_30,นครราชสีมา,ภาคตะวันออกเฉียงเหนือ,8,ประชาชาติ,26,0.03,33,101159
2562,pv_30_z_8,pv_30,นครราชสีมา,ภาคตะวันออกเฉียงเหนือ,8,พลังปวงชนไทย,25,0.02,34,101159
2562,pv_30_z_8,pv_30,นครราชสีมา,ภาคตะวันออกเฉียงเหนือ,8,พลังศรัทธา,21,0.02,35,101159
2562,pv_30_z_8,pv_30,นครราชสีมา,ภาคตะวันออกเฉียงเหนือ,8,พลังแผ่นดินทอง,16,0.02,36,101159
2562,pv_30_z_8,pv_30,นครราชสีมา,ภาคตะวันออกเฉียงเหนือ,8,แผ่นดินธรรม,15,0.01,37,101159
2562,pv_30_z_8,pv_30,นครราชสีมา,ภาคตะวันออกเฉียงเหนือ,8,เพื่อนไทย,0,0.00,38,101159
2562,pv_30_z_9,pv_30,นครราชสีมา,ภาคตะวันออกเฉียงเหนือ,9,ภูมิใจไทย,38632,35.39,1,109175
2562,pv_30_z_9,pv_30,นครราชสีมา,ภาคตะวันออกเฉียงเหนือ,9,พลังประชารัฐ,30795,28.21,2,109175
2562,pv_30_z_9,pv_30,นครราชสีมา,ภาคตะวันออกเฉียงเหนือ,9,เพื่อไทย,13542,12.40,3,109175
2562,pv_30_z_9,pv_30,นครราชสีมา,ภาคตะวันออกเฉียงเหนือ,9,อนาคตใหม่,12623,11.56,4,109175
2562,pv_30_z_9,pv_30,นครราชสีมา,ภาคตะวันออกเฉียงเหนือ,9,ชาติพัฒนา,4102,3.76,5,109175
2562,pv_30_z_9,pv_30,นครราชสีมา,ภาคตะวันออกเฉียงเหนือ,9,ประชาธิปัตย์,1666,1.53,6,109175
2562,pv_30_z_9,pv_30,นครราชสีมา,ภาคตะวันออกเฉียงเหนือ,9,เสรีรวมไทย,1459,1.34,7,109175
2562,pv_30_z_9,pv_30,นครราชสีมา,ภาคตะวันออกเฉียงเหนือ,9,เศรษฐกิจใหม่,1295,1.19,8,109175
2562,pv_30_z_9,pv_30,นครราชสีมา,ภาคตะวันออกเฉียงเหนือ,9,พลังประชาธิปไตย,643,0.59,9,109175
2562,pv_30_z_9,pv_30,นครราชสีมา,ภาคตะวันออกเฉียงเหนือ,9,พลังแผ่นดินทอง,638,0.58,10,109175
2562,pv_30_z_9,pv_30,นครราชสีมา,ภาคตะวันออกเฉียงเหนือ,9,รวมพลังประชาชาติไทย,349,0.32,11,109175
2562,pv_30_z_9,pv_30,นครราชสีมา,ภาคตะวันออกเฉียงเหนือ,9,ประชาภิวัฒน์,305,0.28,12,109175
2562,pv_30_z_9,pv_30,นครราชสีมา,ภาคตะวันออกเฉียงเหนือ,9,ประชาธรรมไทย,286,0.26,13,109175
2562,pv_30_z_9,pv_30,นครราชสีมา,ภาคตะวันออกเฉียงเหนือ,9,ประชานิยม,279,0.26,14,109175
2562,pv_30_z_9,pv_30,นครราชสีมา,ภาคตะวันออกเฉียงเหนือ,9,ประชาชนปฏิรูป,252,0.23,15,109175
2562,pv_30_z_9,pv_30,นครราชสีมา,ภาคตะวันออกเฉียงเหนือ,9,ไทยธรรม,236,0.22,16,109175
2562,pv_30_z_9,pv_30,นครราชสีมา,ภาคตะวันออกเฉียงเหนือ,9,ไทยศรีวิไลย์,231,0.21,17,109175
2562,pv_30_z_9,pv_30,นครราชสีมา,ภาคตะวันออกเฉียงเหนือ,9,พลังไทยรักไทย,205,0.19,18,109175
2562,pv_30_z_9,pv_30,นครราชสีมา,ภาคตะวันออกเฉียงเหนือ,9,เพื่อชาติ,184,0.17,19,109175
2562,pv_30_z_9,pv_30,นครราชสีมา,ภาคตะวันออกเฉียงเหนือ,9,พลังสังคม,168,0.15,20,109175
2562,pv_30_z_9,pv_30,นครราชสีมา,ภาคตะวันออกเฉียงเหนือ,9,แผ่นดินธรรม,157,0.14,21,109175
2562,pv_30_z_9,pv_30,นครราชสีมา,ภาคตะวันออกเฉียงเหนือ,9,ประชาชาติ,123,0.11,22,109175
2562,pv_30_z_9,pv_30,นครราชสีมา,ภาคตะวันออกเฉียงเหนือ,9,ชาติไทยพัฒนา,118,0.11,23,109175
2562,pv_30_z_9,pv_30,นครราชสีมา,ภาคตะวันออกเฉียงเหนือ,9,พลังท้องถิ่นไท,111,0.10,24,109175
2562,pv_30_z_9,pv_30,นครราชสีมา,ภาคตะวันออกเฉียงเหนือ,9,พลังปวงชนไทย,103,0.09,25,109175
2562,pv_30_z_9,pv_30,นครราชสีมา,ภาคตะวันออกเฉียงเหนือ,9,รักษ์ผืนป่าประเทศไทย,101,0.09,26,109175
2562,pv_30_z_9,pv_30,นครราชสีมา,ภาคตะวันออกเฉียงเหนือ,9,พลังชาติไทย,69,0.06,27,109175
2562,pv_30_z_9,pv_30,นครราชสีมา,ภาคตะวันออกเฉียงเหนือ,9,ครูไทยเพื่อประชาชน,66,0.06,28,109175
2562,pv_30_z_9,pv_30,นครราชสีมา,ภาคตะวันออกเฉียงเหนือ,9,พลังไทสร้างชาติ,61,0.06,29,109175
2562,pv_30_z_9,pv_30,นครราชสีมา,ภาคตะวันออกเฉียงเหนือ,9,ไทรักธรรม,52,0.05,30,109175
2562,pv_30_z_9,pv_30,นครราชสีมา,ภาคตะวันออกเฉียงเหนือ,9,มหาชน,51,0.05,31,109175
2562,pv_30_z_9,pv_30,นครราชสีมา,ภาคตะวันออกเฉียงเหนือ,9,เครือข่ายชาวนาแห่งประเทศไทย,51,0.05,32,109175
2562,pv_30_z_9,pv_30,นครราชสีมา,ภาคตะวันออกเฉียงเหนือ,9,กรีน,47,0.04,33,109175
2562,pv_30_z_9,pv_30,นครราชสีมา,ภาคตะวันออกเฉียงเหนือ,9,เพื่อแผ่นดิน,41,0.04,34,109175
2562,pv_30_z_9,pv_30,นครราชสีมา,ภาคตะวันออกเฉียงเหนือ,9,ผึ้งหลวง,39,0.04,35,109175
2562,pv_30_z_9,pv_30,นครราชสีมา,ภาคตะวันออกเฉียงเหนือ,9,ภราดรภาพ,37,0.03,36,109175
2562,pv_30_z_9,pv_30,นครราชสีมา,ภาคตะวันออกเฉียงเหนือ,9,พลเมืองไทย,32,0.03,37,109175
2562,pv_30_z_9,pv_30,นครราชสีมา,ภาคตะวันออกเฉียงเหนือ,9,ประชาไทย,26,0.02,38,109175
2562,pv_30_z_9,pv_30,นครราชสีมา,ภาคตะวันออกเฉียงเหนือ,9,เพื่อนไทย,0,0.00,39,109175
2562,pv_30_z_9,pv_30,นครราชสีมา,ภาคตะวันออกเฉียงเหนือ,9,แทนคุณแผ่นดิน,0,0.00,40,109175
2562,pv_30_z_10,pv_30,นครราชสีมา,ภาคตะวันออกเฉียงเหนือ,10,ภูมิใจไทย,51728,49.83,1,103801
2562,pv_30_z_10,pv_30,นครราชสีมา,ภาคตะวันออกเฉียงเหนือ,10,พลังประชารัฐ,28778,27.72,2,103801
2562,pv_30_z_10,pv_30,นครราชสีมา,ภาคตะวันออกเฉียงเหนือ,10,เพื่อไทย,9933,9.57,3,103801
2562,pv_30_z_10,pv_30,นครราชสีมา,ภาคตะวันออกเฉียงเหนือ,10,อนาคตใหม่,7350,7.08,4,103801
2562,pv_30_z_10,pv_30,นครราชสีมา,ภาคตะวันออกเฉียงเหนือ,10,ประชาธิปัตย์,846,0.82,5,103801
2562,pv_30_z_10,pv_30,นครราชสีมา,ภาคตะวันออกเฉียงเหนือ,10,ทางเลือกใหม่,819,0.79,6,103801
2562,pv_30_z_10,pv_30,นครราชสีมา,ภาคตะวันออกเฉียงเหนือ,10,ชาติพัฒนา,766,0.74,7,103801
2562,pv_30_z_10,pv_30,นครราชสีมา,ภาคตะวันออกเฉียงเหนือ,10,เสรีรวมไทย,749,0.72,8,103801
2562,pv_30_z_10,pv_30,นครราชสีมา,ภาคตะวันออกเฉียงเหนือ,10,พลเมืองไทย,568,0.55,9,103801
2562,pv_30_z_10,pv_30,นครราชสีมา,ภาคตะวันออกเฉียงเหนือ,10,เศรษฐกิจใหม่,512,0.49,10,103801
2562,pv_30_z_10,pv_30,นครราชสีมา,ภาคตะวันออกเฉียงเหนือ,10,ประชาธรรมไทย,344,0.33,11,103801
2562,pv_30_z_10,pv_30,นครราชสีมา,ภาคตะวันออกเฉียงเหนือ,10,เพื่อชาติ,131,0.13,12,103801
2562,pv_30_z_10,pv_30,นครราชสีมา,ภาคตะวันออกเฉียงเหนือ,10,เพื่อแผ่นดิน,118,0.11,13,103801
2562,pv_30_z_10,pv_30,นครราชสีมา,ภาคตะวันออกเฉียงเหนือ,10,ประชาภิวัฒน์,114,0.11,14,103801
2562,pv_30_z_10,pv_30,นครราชสีมา,ภาคตะวันออกเฉียงเหนือ,10,พลังปวงชนไทย,112,0.11,15,103801
2562,pv_30_z_10,pv_30,นครราชสีมา,ภาคตะวันออกเฉียงเหนือ,10,ไทยศรีวิไลย์,101,0.10,16,103801
2562,pv_30_z_10,pv_30,นครราชสีมา,ภาคตะวันออกเฉียงเหนือ,10,รวมพลังประชาชาติไทย,98,0.09,17,103801
2562,pv_30_z_10,pv_30,นครราชสีมา,ภาคตะวันออกเฉียงเหนือ,10,รักษ์ผืนป่าประเทศไทย,84,0.08,18,103801
2562,pv_30_z_10,pv_30,นครราชสีมา,ภาคตะวันออกเฉียงเหนือ,10,แผ่นดินธรรม,83,0.08,19,103801
2562,pv_30_z_10,pv_30,นครราชสีมา,ภาคตะวันออกเฉียงเหนือ,10,ประชานิยม,78,0.08,20,103801
2562,pv_30_z_10,pv_30,นครราชสีมา,ภาคตะวันออกเฉียงเหนือ,10,ประชาชนปฏิรูป,61,0.06,21,103801
2562,pv_30_z_10,pv_30,นครราชสีมา,ภาคตะวันออกเฉียงเหนือ,10,ชาติไทยพัฒนา,58,0.06,22,103801
2562,pv_30_z_10,pv_30,นครราชสีมา,ภาคตะวันออกเฉียงเหนือ,10,พลังชาติไทย,48,0.05,23,103801
2562,pv_30_z_10,pv_30,นครราชสีมา,ภาคตะวันออกเฉียงเหนือ,10,ประชาธิปไตยใหม่,41,0.04,24,103801
2562,pv_30_z_10,pv_30,นครราชสีมา,ภาคตะวันออกเฉียงเหนือ,10,ผึ้งหลวง,40,0.04,25,103801
2562,pv_30_z_10,pv_30,นครราชสีมา,ภาคตะวันออกเฉียงเหนือ,10,ประชาชาติ,39,0.04,26,103801
2562,pv_30_z_10,pv_30,นครราชสีมา,ภาคตะวันออกเฉียงเหนือ,10,ครูไทยเพื่อประชาชน,33,0.03,27,103801
2562,pv_30_z_10,pv_30,นครราชสีมา,ภาคตะวันออกเฉียงเหนือ,10,ไทรักธรรม,30,0.03,28,103801
2562,pv_30_z_10,pv_30,นครราชสีมา,ภาคตะวันออกเฉียงเหนือ,10,ประชากรไทย,23,0.02,29,103801
2562,pv_30_z_10,pv_30,นครราชสีมา,ภาคตะวันออกเฉียงเหนือ,10,พลังศรัทธา,23,0.02,30,103801
2562,pv_30_z_10,pv_30,นครราชสีมา,ภาคตะวันออกเฉียงเหนือ,10,กรีน,22,0.02,31,103801
2562,pv_30_z_10,pv_30,นครราชสีมา,ภาคตะวันออกเฉียงเหนือ,10,พลังไทยรักไทย,22,0.02,32,103801
2562,pv_30_z_10,pv_30,นครราชสีมา,ภาคตะวันออกเฉียงเหนือ,10,พลังไทสร้างชาติ,22,0.02,33,103801
2562,pv_30_z_10,pv_30,นครราชสีมา,ภาคตะวันออกเฉียงเหนือ,10,ไทยธรรม,19,0.02,34,103801
2562,pv_30_z_10,pv_30,นครราชสีมา,ภาคตะวันออกเฉียงเหนือ,10,ประชาไทย,8,0.01,35,103801
2562,pv_30_z_10,pv_30,นครราชสีมา,ภาคตะวันออกเฉียงเหนือ,10,เพื่อนไทย,0,0.00,36,103801
2562,pv_30_z_10,pv_30,นครราชสีมา,ภาคตะวันออกเฉียงเหนือ,10,ไทยรักษาชาติ,0,0.00,37,103801
2562,pv_30_z_10,pv_30,นครราชสีมา,ภาคตะวันออกเฉียงเหนือ,10,แทนคุณแผ่นดิน,0,0.00,38,103801
2562,pv_30_z_10,pv_30,นครราชสีมา,ภาคตะวันออกเฉียงเหนือ,10,มหาชน,0,0.00,39,103801
2562,pv_30_z_11,pv_30,นครราชสีมา,ภาคตะวันออกเฉียงเหนือ,11,พลังประชารัฐ,41918,39.68,1,105651
2562,pv_30_z_11,pv_30,นครราชสีมา,ภาคตะวันออกเฉียงเหนือ,11,ภูมิใจไทย,27780,26.29,2,105651
2562,pv_30_z_11,pv_30,นครราชสีมา,ภาคตะวันออกเฉียงเหนือ,11,เพื่อไทย,14414,13.64,3,105651
2562,pv_30_z_11,pv_30,นครราชสีมา,ภาคตะวันออกเฉียงเหนือ,11,อนาคตใหม่,11436,10.82,4,105651
2562,pv_30_z_11,pv_30,นครราชสีมา,ภาคตะวันออกเฉียงเหนือ,11,ชาติพัฒนา,2560,2.42,5,105651
2562,pv_30_z_11,pv_30,นครราชสีมา,ภาคตะวันออกเฉียงเหนือ,11,ประชาธิปัตย์,1335,1.26,6,105651
2562,pv_30_z_11,pv_30,นครราชสีมา,ภาคตะวันออกเฉียงเหนือ,11,เสรีรวมไทย,1270,1.20,7,105651
2562,pv_30_z_11,pv_30,นครราชสีมา,ภาคตะวันออกเฉียงเหนือ,11,เศรษฐกิจใหม่,1068,1.01,8,105651
2562,pv_30_z_11,pv_30,นครราชสีมา,ภาคตะวันออกเฉียงเหนือ,11,ไทยศรีวิไลย์,1048,0.99,9,105651
2562,pv_30_z_11,pv_30,นครราชสีมา,ภาคตะวันออกเฉียงเหนือ,11,พลังไทยรักไทย,562,0.53,10,105651
2562,pv_30_z_11,pv_30,นครราชสีมา,ภาคตะวันออกเฉียงเหนือ,11,ประชานิยม,355,0.34,11,105651
2562,pv_30_z_11,pv_30,นครราชสีมา,ภาคตะวันออกเฉียงเหนือ,11,ประชาภิวัฒน์,352,0.33,12,105651
2562,pv_30_z_11,pv_30,นครราชสีมา,ภาคตะวันออกเฉียงเหนือ,11,รวมพลังประชาชาติไทย,255,0.24,13,105651
2562,pv_30_z_11,pv_30,นครราชสีมา,ภาคตะวันออกเฉียงเหนือ,11,ประชาชนปฏิรูป,200,0.19,14,105651
2562,pv_30_z_11,pv_30,นครราชสีมา,ภาคตะวันออกเฉียงเหนือ,11,รักษ์ผืนป่าประเทศไทย,174,0.16,15,105651
2562,pv_30_z_11,pv_30,นครราชสีมา,ภาคตะวันออกเฉียงเหนือ,11,พลังชาติไทย,123,0.12,16,105651
2562,pv_30_z_11,pv_30,นครราชสีมา,ภาคตะวันออกเฉียงเหนือ,11,ครูไทยเพื่อประชาชน,113,0.11,17,105651
2562,pv_30_z_11,pv_30,นครราชสีมา,ภาคตะวันออกเฉียงเหนือ,11,ชาติไทยพัฒนา,103,0.10,18,105651
2562,pv_30_z_11,pv_30,นครราชสีมา,ภาคตะวันออกเฉียงเหนือ,11,เพื่อชาติ,87,0.08,19,105651
2562,pv_30_z_11,pv_30,นครราชสีมา,ภาคตะวันออกเฉียงเหนือ,11,ผึ้งหลวง,87,0.08,20,105651
2562,pv_30_z_11,pv_30,นครราชสีมา,ภาคตะวันออกเฉียงเหนือ,11,กรีน,62,0.06,21,105651
2562,pv_30_z_11,pv_30,นครราชสีมา,ภาคตะวันออกเฉียงเหนือ,11,พลังไทสร้างชาติ,54,0.05,22,105651
2562,pv_30_z_11,pv_30,นครราชสีมา,ภาคตะวันออกเฉียงเหนือ,11,ไทยธรรม,53,0.05,23,105651
2562,pv_30_z_11,pv_30,นครราชสีมา,ภาคตะวันออกเฉียงเหนือ,11,รวมใจไทย,51,0.05,24,105651
2562,pv_30_z_11,pv_30,นครราชสีมา,ภาคตะวันออกเฉียงเหนือ,11,แผ่นดินธรรม,42,0.04,25,105651
2562,pv_30_z_11,pv_30,นครราชสีมา,ภาคตะวันออกเฉียงเหนือ,11,ประชาชาติ,40,0.04,26,105651
2562,pv_30_z_11,pv_30,นครราชสีมา,ภาคตะวันออกเฉียงเหนือ,11,พลังสังคม,36,0.03,27,105651
2562,pv_30_z_11,pv_30,นครราชสีมา,ภาคตะวันออกเฉียงเหนือ,11,พลังปวงชนไทย,33,0.03,28,105651
2562,pv_30_z_11,pv_30,นครราชสีมา,ภาคตะวันออกเฉียงเหนือ,11,ประชาธรรมไทย,22,0.02,29,105651
2562,pv_30_z_11,pv_30,นครราชสีมา,ภาคตะวันออกเฉียงเหนือ,11,ไทรักธรรม,18,0.02,30,105651
2562,pv_30_z_11,pv_30,นครราชสีมา,ภาคตะวันออกเฉียงเหนือ,11,เพื่อนไทย,0,0.00,31,105651
2562,pv_30_z_11,pv_30,นครราชสีมา,ภาคตะวันออกเฉียงเหนือ,11,ไทยรักษาชาติ,0,0.00,32,105651
2562,pv_30_z_11,pv_30,นครราชสีมา,ภาคตะวันออกเฉียงเหนือ,11,ประชาไทย,0,0.00,33,105651
2562,pv_30_z_11,pv_30,นครราชสีมา,ภาคตะวันออกเฉียงเหนือ,11,แทนคุณแผ่นดิน,0,0.00,34,105651
2562,pv_30_z_11,pv_30,นครราชสีมา,ภาคตะวันออกเฉียงเหนือ,11,มหาชน,0,0.00,35,105651
2562,pv_30_z_11,pv_30,นครราชสีมา,ภาคตะวันออกเฉียงเหนือ,11,พลังประชาธิปไตย,0,0.00,36,105651
2562,pv_30_z_12,pv_30,นครราชสีมา,ภาคตะวันออกเฉียงเหนือ,12,เพื่อไทย,33729,34.35,1,98200
2562,pv_30_z_12,pv_30,นครราชสีมา,ภาคตะวันออกเฉียงเหนือ,12,ภูมิใจไทย,25788,26.26,2,98200
2562,pv_30_z_12,pv_30,นครราชสีมา,ภาคตะวันออกเฉียงเหนือ,12,พลังประชารัฐ,14726,15.00,3,98200
2562,pv_30_z_12,pv_30,นครราชสีมา,ภาคตะวันออกเฉียงเหนือ,12,อนาคตใหม่,12976,13.21,4,98200
2562,pv_30_z_12,pv_30,นครราชสีมา,ภาคตะวันออกเฉียงเหนือ,12,ประชาธิปัตย์,2665,2.71,5,98200
2562,pv_30_z_12,pv_30,นครราชสีมา,ภาคตะวันออกเฉียงเหนือ,12,ชาติพัฒนา,1814,1.85,6,98200
2562,pv_30_z_12,pv_30,นครราชสีมา,ภาคตะวันออกเฉียงเหนือ,12,เสรีรวมไทย,1153,1.17,7,98200
2562,pv_30_z_12,pv_30,นครราชสีมา,ภาคตะวันออกเฉียงเหนือ,12,เศรษฐกิจใหม่,1119,1.14,8,98200
2562,pv_30_z_12,pv_30,นครราชสีมา,ภาคตะวันออกเฉียงเหนือ,12,เพื่อชาติ,1021,1.04,9,98200
2562,pv_30_z_12,pv_30,นครราชสีมา,ภาคตะวันออกเฉียงเหนือ,12,พลังปวงชนไทย,389,0.40,10,98200
2562,pv_30_z_12,pv_30,นครราชสีมา,ภาคตะวันออกเฉียงเหนือ,12,รวมพลังประชาชาติไทย,376,0.38,11,98200
2562,pv_30_z_12,pv_30,นครราชสีมา,ภาคตะวันออกเฉียงเหนือ,12,ไทยรุ่งเรือง,363,0.37,12,98200
2562,pv_30_z_12,pv_30,นครราชสีมา,ภาคตะวันออกเฉียงเหนือ,12,ชาติไทยพัฒนา,265,0.27,13,98200
2562,pv_30_z_12,pv_30,นครราชสีมา,ภาคตะวันออกเฉียงเหนือ,12,พลังท้องถิ่นไท,263,0.27,14,98200
2562,pv_30_z_12,pv_30,นครราชสีมา,ภาคตะวันออกเฉียงเหนือ,12,ไทยศรีวิไลย์,205,0.21,15,98200
2562,pv_30_z_12,pv_30,นครราชสีมา,ภาคตะวันออกเฉียงเหนือ,12,ประชานิยม,191,0.19,16,98200
2562,pv_30_z_12,pv_30,นครราชสีมา,ภาคตะวันออกเฉียงเหนือ,12,ประชาภิวัฒน์,187,0.19,17,98200
2562,pv_30_z_12,pv_30,นครราชสีมา,ภาคตะวันออกเฉียงเหนือ,12,รักษ์ผืนป่าประเทศไทย,178,0.18,18,98200
2562,pv_30_z_12,pv_30,นครราชสีมา,ภาคตะวันออกเฉียงเหนือ,12,ไทยธรรม,136,0.14,19,98200
2562,pv_30_z_12,pv_30,นครราชสีมา,ภาคตะวันออกเฉียงเหนือ,12,พลังไทยรักไทย,128,0.13,20,98200
2562,pv_30_z_12,pv_30,นครราชสีมา,ภาคตะวันออกเฉียงเหนือ,12,ครูไทยเพื่อประชาชน,90,0.09,21,98200
2562,pv_30_z_12,pv_30,นครราชสีมา,ภาคตะวันออกเฉียงเหนือ,12,กรีน,84,0.09,22,98200
2562,pv_30_z_12,pv_30,นครราชสีมา,ภาคตะวันออกเฉียงเหนือ,12,ประชาชนปฏิรูป,67,0.07,23,98200
2562,pv_30_z_12,pv_30,นครราชสีมา,ภาคตะวันออกเฉียงเหนือ,12,พลังประชาธิปไตย,42,0.04,24,98200
2562,pv_30_z_12,pv_30,นครราชสีมา,ภาคตะวันออกเฉียงเหนือ,12,ภราดรภาพ,41,0.04,25,98200
2562,pv_30_z_12,pv_30,นครราชสีมา,ภาคตะวันออกเฉียงเหนือ,12,ประชาไทย,38,0.04,26,98200
2562,pv_30_z_12,pv_30,นครราชสีมา,ภาคตะวันออกเฉียงเหนือ,12,ประชาธรรมไทย,35,0.04,27,98200
2562,pv_30_z_12,pv_30,นครราชสีมา,ภาคตะวันออกเฉียงเหนือ,12,พลังไทสร้างชาติ,32,0.03,28,98200
2562,pv_30_z_12,pv_30,นครราชสีมา,ภาคตะวันออกเฉียงเหนือ,12,พลังชาติไทย,29,0.03,29,98200
2562,pv_30_z_12,pv_30,นครราชสีมา,ภาคตะวันออกเฉียงเหนือ,12,พลังสังคม,26,0.03,30,98200
2562,pv_30_z_12,pv_30,นครราชสีมา,ภาคตะวันออกเฉียงเหนือ,12,แผ่นดินธรรม,25,0.03,31,98200
2562,pv_30_z_12,pv_30,นครราชสีมา,ภาคตะวันออกเฉียงเหนือ,12,ไทรักธรรม,19,0.02,32,98200
2562,pv_30_z_12,pv_30,นครราชสีมา,ภาคตะวันออกเฉียงเหนือ,12,เพื่อนไทย,0,0.00,33,98200
2562,pv_30_z_12,pv_30,นครราชสีมา,ภาคตะวันออกเฉียงเหนือ,12,ประชาชาติ,0,0.00,34,98200
2562,pv_30_z_12,pv_30,นครราชสีมา,ภาคตะวันออกเฉียงเหนือ,12,แทนคุณแผ่นดิน,0,0.00,35,98200
2562,pv_30_z_12,pv_30,นครราชสีมา,ภาคตะวันออกเฉียงเหนือ,12,ความหวังใหม่,0,0.00,36,98200
2562,pv_30_z_13,pv_30,นครราชสีมา,ภาคตะวันออกเฉียงเหนือ,13,ภูมิใจไทย,39161,36.17,1,108261
2562,pv_30_z_13,pv_30,นครราชสีมา,ภาคตะวันออกเฉียงเหนือ,13,เพื่อไทย,33983,31.39,2,108261
2562,pv_30_z_13,pv_30,นครราชสีมา,ภาคตะวันออกเฉียงเหนือ,13,พลังประชารัฐ,10697,9.88,3,108261
2562,pv_30_z_13,pv_30,นครราชสีมา,ภาคตะวันออกเฉียงเหนือ,13,อนาคตใหม่,9407,8.69,4,108261
2562,pv_30_z_13,pv_30,นครราชสีมา,ภาคตะวันออกเฉียงเหนือ,13,ชาติพัฒนา,6531,6.03,5,108261
2562,pv_30_z_13,pv_30,นครราชสีมา,ภาคตะวันออกเฉียงเหนือ,13,ประชาธิปัตย์,1603,1.48,6,108261
2562,pv_30_z_13,pv_30,นครราชสีมา,ภาคตะวันออกเฉียงเหนือ,13,เสรีรวมไทย,1486,1.37,7,108261
2562,pv_30_z_13,pv_30,นครราชสีมา,ภาคตะวันออกเฉียงเหนือ,13,ทางเลือกใหม่,827,0.76,8,108261
2562,pv_30_z_13,pv_30,นครราชสีมา,ภาคตะวันออกเฉียงเหนือ,13,ครูไทยเพื่อประชาชน,588,0.54,9,108261
2562,pv_30_z_13,pv_30,นครราชสีมา,ภาคตะวันออกเฉียงเหนือ,13,เศรษฐกิจใหม่,541,0.50,10,108261
2562,pv_30_z_13,pv_30,นครราชสีมา,ภาคตะวันออกเฉียงเหนือ,13,รวมพลังประชาชาติไทย,450,0.42,11,108261
2562,pv_30_z_13,pv_30,นครราชสีมา,ภาคตะวันออกเฉียงเหนือ,13,ประชาภิวัฒน์,367,0.34,12,108261
2562,pv_30_z_13,pv_30,นครราชสีมา,ภาคตะวันออกเฉียงเหนือ,13,พลเมืองไทย,269,0.25,13,108261
2562,pv_30_z_13,pv_30,นครราชสีมา,ภาคตะวันออกเฉียงเหนือ,13,เพื่อชาติ,243,0.22,14,108261
2562,pv_30_z_13,pv_30,นครราชสีมา,ภาคตะวันออกเฉียงเหนือ,13,รักษ์ผืนป่าประเทศไทย,242,0.22,15,108261
2562,pv_30_z_13,pv_30,นครราชสีมา,ภาคตะวันออกเฉียงเหนือ,13,ไทยศรีวิไลย์,221,0.20,16,108261
2562,pv_30_z_13,pv_30,นครราชสีมา,ภาคตะวันออกเฉียงเหนือ,13,ประชานิยม,191,0.18,17,108261
2562,pv_30_z_13,pv_30,นครราชสีมา,ภาคตะวันออกเฉียงเหนือ,13,กรีน,178,0.16,18,108261
2562,pv_30_z_13,pv_30,นครราชสีมา,ภาคตะวันออกเฉียงเหนือ,13,ประชาชนปฏิรูป,157,0.15,19,108261
2562,pv_30_z_13,pv_30,นครราชสีมา,ภาคตะวันออกเฉียงเหนือ,13,ประชากรไทย,153,0.14,20,108261
2562,pv_30_z_13,pv_30,นครราชสีมา,ภาคตะวันออกเฉียงเหนือ,13,ประชาไทย,129,0.12,21,108261
2562,pv_30_z_13,pv_30,นครราชสีมา,ภาคตะวันออกเฉียงเหนือ,13,พลังท้องถิ่นไท,128,0.12,22,108261
2562,pv_30_z_13,pv_30,นครราชสีมา,ภาคตะวันออกเฉียงเหนือ,13,ชาติไทยพัฒนา,106,0.10,23,108261
2562,pv_30_z_13,pv_30,นครราชสีมา,ภาคตะวันออกเฉียงเหนือ,13,ประชาธรรมไทย,105,0.10,24,108261
2562,pv_30_z_13,pv_30,นครราชสีมา,ภาคตะวันออกเฉียงเหนือ,13,พลังชาติไทย,102,0.09,25,108261
2562,pv_30_z_13,pv_30,นครราชสีมา,ภาคตะวันออกเฉียงเหนือ,13,ประชาชาติ,80,0.07,26,108261
2562,pv_30_z_13,pv_30,นครราชสีมา,ภาคตะวันออกเฉียงเหนือ,13,ภราดรภาพ,66,0.06,27,108261
2562,pv_30_z_13,pv_30,นครราชสีมา,ภาคตะวันออกเฉียงเหนือ,13,ไทยธรรม,55,0.05,28,108261
2562,pv_30_z_13,pv_30,นครราชสีมา,ภาคตะวันออกเฉียงเหนือ,13,ไทรักธรรม,52,0.05,29,108261
2562,pv_30_z_13,pv_30,นครราชสีมา,ภาคตะวันออกเฉียงเหนือ,13,พลังปวงชนไทย,49,0.05,30,108261
2562,pv_30_z_13,pv_30,นครราชสีมา,ภาคตะวันออกเฉียงเหนือ,13,พลังสังคม,48,0.04,31,108261
2562,pv_30_z_13,pv_30,นครราชสีมา,ภาคตะวันออกเฉียงเหนือ,13,ผึ้งหลวง,46,0.04,32,108261
2562,pv_30_z_13,pv_30,นครราชสีมา,ภาคตะวันออกเฉียงเหนือ,13,เพื่อนไทย,0,0.00,33,108261
2562,pv_30_z_13,pv_30,นครราชสีมา,ภาคตะวันออกเฉียงเหนือ,13,พลังครูไทย,0,0.00,34,108261
2562,pv_30_z_13,pv_30,นครราชสีมา,ภาคตะวันออกเฉียงเหนือ,13,พลังไทสร้างชาติ,0,0.00,35,108261
2562,pv_30_z_14,pv_30,นครราชสีมา,ภาคตะวันออกเฉียงเหนือ,14,เพื่อไทย,27569,29.19,1,94451
2562,pv_30_z_14,pv_30,นครราชสีมา,ภาคตะวันออกเฉียงเหนือ,14,ภูมิใจไทย,26731,28.30,2,94451
2562,pv_30_z_14,pv_30,นครราชสีมา,ภาคตะวันออกเฉียงเหนือ,14,พลังประชารัฐ,21536,22.80,3,94451
2562,pv_30_z_14,pv_30,นครราชสีมา,ภาคตะวันออกเฉียงเหนือ,14,อนาคตใหม่,9785,10.36,4,94451
2562,pv_30_z_14,pv_30,นครราชสีมา,ภาคตะวันออกเฉียงเหนือ,14,ชาติพัฒนา,1300,1.38,5,94451
2562,pv_30_z_14,pv_30,นครราชสีมา,ภาคตะวันออกเฉียงเหนือ,14,ประชาธิปัตย์,1198,1.27,6,94451
2562,pv_30_z_14,pv_30,นครราชสีมา,ภาคตะวันออกเฉียงเหนือ,14,เสรีรวมไทย,878,0.93,7,94451
2562,pv_30_z_14,pv_30,นครราชสีมา,ภาคตะวันออกเฉียงเหนือ,14,ไทยศรีวิไลย์,699,0.74,8,94451
2562,pv_30_z_14,pv_30,นครราชสีมา,ภาคตะวันออกเฉียงเหนือ,14,เพื่อชาติ,590,0.62,9,94451
2562,pv_30_z_14,pv_30,นครราชสีมา,ภาคตะวันออกเฉียงเหนือ,14,ไทยธรรม,579,0.61,10,94451
2562,pv_30_z_14,pv_30,นครราชสีมา,ภาคตะวันออกเฉียงเหนือ,14,พลังสังคม,571,0.60,11,94451
2562,pv_30_z_14,pv_30,นครราชสีมา,ภาคตะวันออกเฉียงเหนือ,14,เศรษฐกิจใหม่,431,0.46,12,94451
2562,pv_30_z_14,pv_30,นครราชสีมา,ภาคตะวันออกเฉียงเหนือ,14,รวมพลังประชาชาติไทย,350,0.37,13,94451
2562,pv_30_z_14,pv_30,นครราชสีมา,ภาคตะวันออกเฉียงเหนือ,14,ประชานิยม,295,0.31,14,94451
2562,pv_30_z_14,pv_30,นครราชสีมา,ภาคตะวันออกเฉียงเหนือ,14,ชาติไทยพัฒนา,291,0.31,15,94451
2562,pv_30_z_14,pv_30,นครราชสีมา,ภาคตะวันออกเฉียงเหนือ,14,ประชาชาติ,268,0.28,16,94451
2562,pv_30_z_14,pv_30,นครราชสีมา,ภาคตะวันออกเฉียงเหนือ,14,พลังธรรมใหม่,248,0.26,17,94451
2562,pv_30_z_14,pv_30,นครราชสีมา,ภาคตะวันออกเฉียงเหนือ,14,รักษ์ผืนป่าประเทศไทย,187,0.20,18,94451
2562,pv_30_z_14,pv_30,นครราชสีมา,ภาคตะวันออกเฉียงเหนือ,14,พลังไทยรักไทย,147,0.16,19,94451
2562,pv_30_z_14,pv_30,นครราชสีมา,ภาคตะวันออกเฉียงเหนือ,14,พลังท้องถิ่นไท,107,0.11,20,94451
2562,pv_30_z_14,pv_30,นครราชสีมา,ภาคตะวันออกเฉียงเหนือ,14,ประชาภิวัฒน์,100,0.11,21,94451
2562,pv_30_z_14,pv_30,นครราชสีมา,ภาคตะวันออกเฉียงเหนือ,14,พลังศรัทธา,97,0.10,22,94451
2562,pv_30_z_14,pv_30,นครราชสีมา,ภาคตะวันออกเฉียงเหนือ,14,ครูไทยเพื่อประชาชน,80,0.08,23,94451
2562,pv_30_z_14,pv_30,นครราชสีมา,ภาคตะวันออกเฉียงเหนือ,14,ทางเลือกใหม่,78,0.08,24,94451
2562,pv_30_z_14,pv_30,นครราชสีมา,ภาคตะวันออกเฉียงเหนือ,14,รวมใจไทย,71,0.08,25,94451
2562,pv_30_z_14,pv_30,นครราชสีมา,ภาคตะวันออกเฉียงเหนือ,14,พลังชาติไทย,70,0.07,26,94451
2562,pv_30_z_14,pv_30,นครราชสีมา,ภาคตะวันออกเฉียงเหนือ,14,ประชาไทย,55,0.06,27,94451
2562,pv_30_z_14,pv_30,นครราชสีมา,ภาคตะวันออกเฉียงเหนือ,14,พลังปวงชนไทย,42,0.04,28,94451
2562,pv_30_z_14,pv_30,นครราชสีมา,ภาคตะวันออกเฉียงเหนือ,14,ประชาชนปฏิรูป,30,0.03,29,94451
2562,pv_30_z_14,pv_30,นครราชสีมา,ภาคตะวันออกเฉียงเหนือ,14,ประชาธรรมไทย,25,0.03,30,94451
2562,pv_30_z_14,pv_30,นครราชสีมา,ภาคตะวันออกเฉียงเหนือ,14,พลังไทสร้างชาติ,24,0.03,31,94451
2562,pv_30_z_14,pv_30,นครราชสีมา,ภาคตะวันออกเฉียงเหนือ,14,ไทรักธรรม,19,0.02,32,94451
2562,pv_30_z_14,pv_30,นครราชสีมา,ภาคตะวันออกเฉียงเหนือ,14,เพื่อนไทย,0,0.00,33,94451
2562,pv_30_z_14,pv_30,นครราชสีมา,ภาคตะวันออกเฉียงเหนือ,14,แทนคุณแผ่นดิน,0,0.00,34,94451
2562,pv_80_z_1,pv_80,นครศรีธรรมราช,ภาคใต้,1,พลังประชารัฐ,36361,36.52,1,99559
2562,pv_80_z_1,pv_80,นครศรีธรรมราช,ภาคใต้,1,ภูมิใจไทย,18611,18.69,2,99559
2562,pv_80_z_1,pv_80,นครศรีธรรมราช,ภาคใต้,1,ประชาธิปัตย์,18434,18.52,3,99559
2562,pv_80_z_1,pv_80,นครศรีธรรมราช,ภาคใต้,1,อนาคตใหม่,13524,13.58,4,99559
2562,pv_80_z_1,pv_80,นครศรีธรรมราช,ภาคใต้,1,เศรษฐกิจใหม่,1950,1.96,5,99559
2562,pv_80_z_1,pv_80,นครศรีธรรมราช,ภาคใต้,1,ชาติไทยพัฒนา,1876,1.88,6,99559
2562,pv_80_z_1,pv_80,นครศรีธรรมราช,ภาคใต้,1,พลังท้องถิ่นไท,1761,1.77,7,99559
2562,pv_80_z_1,pv_80,นครศรีธรรมราช,ภาคใต้,1,เสรีรวมไทย,1606,1.61,8,99559
2562,pv_80_z_1,pv_80,นครศรีธรรมราช,ภาคใต้,1,เพื่อชาติ,641,0.64,9,99559
2562,pv_80_z_1,pv_80,นครศรีธรรมราช,ภาคใต้,1,ชาติพัฒนา,497,0.50,10,99559
2562,pv_80_z_1,pv_80,นครศรีธรรมราช,ภาคใต้,1,รวมพลังประชาชาติไทย,423,0.42,11,99559
2562,pv_80_z_1,pv_80,นครศรีธรรมราช,ภาคใต้,1,เพื่อธรรม,417,0.42,12,99559
2562,pv_80_z_1,pv_80,นครศรีธรรมราช,ภาคใต้,1,ประชาชาติ,379,0.38,13,99559
2562,pv_80_z_1,pv_80,นครศรีธรรมราช,ภาคใต้,1,กรีน,320,0.32,14,99559
2562,pv_80_z_1,pv_80,นครศรีธรรมราช,ภาคใต้,1,ไทยศรีวิไลย์,302,0.30,15,99559
2562,pv_80_z_1,pv_80,นครศรีธรรมราช,ภาคใต้,1,รักษ์ผืนป่าประเทศไทย,294,0.30,16,99559
2562,pv_80_z_1,pv_80,นครศรีธรรมราช,ภาคใต้,1,ประชาธรรมไทย,281,0.28,17,99559
2562,pv_80_z_1,pv_80,นครศรีธรรมราช,ภาคใต้,1,พลังสังคม,265,0.27,18,99559
2562,pv_80_z_1,pv_80,นครศรีธรรมราช,ภาคใต้,1,ประชาชนปฏิรูป,237,0.24,19,99559
2562,pv_80_z_1,pv_80,นครศรีธรรมราช,ภาคใต้,1,แผ่นดินธรรม,196,0.20,20,99559
2562,pv_80_z_1,pv_80,นครศรีธรรมราช,ภาคใต้,1,ประชาภิวัฒน์,136,0.14,21,99559
2562,pv_80_z_1,pv_80,นครศรีธรรมราช,ภาคใต้,1,คลองไทย,112,0.11,22,99559
2562,pv_80_z_1,pv_80,นครศรีธรรมราช,ภาคใต้,1,ประชาธิปไตยใหม่,106,0.11,23,99559
2562,pv_80_z_1,pv_80,นครศรีธรรมราช,ภาคใต้,1,รวมใจไทย,96,0.10,24,99559
2562,pv_80_z_1,pv_80,นครศรีธรรมราช,ภาคใต้,1,ถิ่นกาขาวชาววิไล,92,0.09,25,99559
2562,pv_80_z_1,pv_80,นครศรีธรรมราช,ภาคใต้,1,พลังปวงชนไทย,91,0.09,26,99559
2562,pv_80_z_1,pv_80,นครศรีธรรมราช,ภาคใต้,1,ประชานิยม,87,0.09,27,99559
2562,pv_80_z_1,pv_80,นครศรีธรรมราช,ภาคใต้,1,พลังไทยรักไทย,82,0.08,28,99559
2562,pv_80_z_1,pv_80,นครศรีธรรมราช,ภาคใต้,1,ครูไทยเพื่อประชาชน,75,0.08,29,99559
2562,pv_80_z_1,pv_80,นครศรีธรรมราช,ภาคใต้,1,ทางเลือกใหม่,73,0.07,30,99559
2562,pv_80_z_1,pv_80,นครศรีธรรมราช,ภาคใต้,1,ภราดรภาพ,63,0.06,31,99559
2562,pv_80_z_1,pv_80,นครศรีธรรมราช,ภาคใต้,1,พลังชาติไทย,59,0.06,32,99559
2562,pv_80_z_1,pv_80,นครศรีธรรมราช,ภาคใต้,1,ผึ้งหลวง,40,0.04,33,99559
2562,pv_80_z_1,pv_80,นครศรีธรรมราช,ภาคใต้,1,ไทรักธรรม,32,0.03,34,99559
2562,pv_80_z_1,pv_80,นครศรีธรรมราช,ภาคใต้,1,พลังศรัทธา,29,0.03,35,99559
2562,pv_80_z_1,pv_80,นครศรีธรรมราช,ภาคใต้,1,ภูมิพลังเกษตรกรไทย,11,0.01,36,99559
2562,pv_80_z_1,pv_80,นครศรีธรรมราช,ภาคใต้,1,ไทยรักษาชาติ,0,0.00,37,99559
2562,pv_80_z_2,pv_80,นครศรีธรรมราช,ภาคใต้,2,พลังประชารัฐ,34613,32.89,1,105242
2562,pv_80_z_2,pv_80,นครศรีธรรมราช,ภาคใต้,2,ประชาธิปัตย์,28181,26.78,2,105242
2562,pv_80_z_2,pv_80,นครศรีธรรมราช,ภาคใต้,2,ชาติไทยพัฒนา,13081,12.43,3,105242
2562,pv_80_z_2,pv_80,นครศรีธรรมราช,ภาคใต้,2,ภูมิใจไทย,8771,8.33,4,105242
2562,pv_80_z_2,pv_80,นครศรีธรรมราช,ภาคใต้,2,อนาคตใหม่,7112,6.76,5,105242
2562,pv_80_z_2,pv_80,นครศรีธรรมราช,ภาคใต้,2,เสรีรวมไทย,1618,1.54,6,105242
2562,pv_80_z_2,pv_80,นครศรีธรรมราช,ภาคใต้,2,กรีน,1182,1.12,7,105242
2562,pv_80_z_2,pv_80,นครศรีธรรมราช,ภาคใต้,2,พลังท้องถิ่นไท,1170,1.11,8,105242
2562,pv_80_z_2,pv_80,นครศรีธรรมราช,ภาคใต้,2,พลเมืองไทย,1015,0.96,9,105242
2562,pv_80_z_2,pv_80,นครศรีธรรมราช,ภาคใต้,2,เศรษฐกิจใหม่,975,0.93,10,105242
2562,pv_80_z_2,pv_80,นครศรีธรรมราช,ภาคใต้,2,ประชาชาติ,928,0.88,11,105242
2562,pv_80_z_2,pv_80,นครศรีธรรมราช,ภาคใต้,2,เพื่อธรรม,721,0.69,12,105242
2562,pv_80_z_2,pv_80,นครศรีธรรมราช,ภาคใต้,2,ประชาธรรมไทย,637,0.61,13,105242
2562,pv_80_z_2,pv_80,นครศรีธรรมราช,ภาคใต้,2,เพื่อชาติ,506,0.48,14,105242
2562,pv_80_z_2,pv_80,นครศรีธรรมราช,ภาคใต้,2,รักษ์ผืนป่าประเทศไทย,502,0.48,15,105242
2562,pv_80_z_2,pv_80,นครศรีธรรมราช,ภาคใต้,2,พลังไทยรักไทย,444,0.42,16,105242
2562,pv_80_z_2,pv_80,นครศรีธรรมราช,ภาคใต้,2,ถิ่นกาขาวชาววิไล,409,0.39,17,105242
2562,pv_80_z_2,pv_80,นครศรีธรรมราช,ภาคใต้,2,ชาติพัฒนา,400,0.38,18,105242
2562,pv_80_z_2,pv_80,นครศรีธรรมราช,ภาคใต้,2,พลังสหกรณ์,316,0.30,19,105242
2562,pv_80_z_2,pv_80,นครศรีธรรมราช,ภาคใต้,2,ทางเลือกใหม่,279,0.27,20,105242
2562,pv_80_z_2,pv_80,นครศรีธรรมราช,ภาคใต้,2,ประชาธิปไตยใหม่,268,0.25,21,105242
2562,pv_80_z_2,pv_80,นครศรีธรรมราช,ภาคใต้,2,ไทยศรีวิไลย์,181,0.17,22,105242
2562,pv_80_z_2,pv_80,นครศรีธรรมราช,ภาคใต้,2,ประชาภิวัฒน์,174,0.17,23,105242
2562,pv_80_z_2,pv_80,นครศรีธรรมราช,ภาคใต้,2,แผ่นดินธรรม,170,0.16,24,105242
2562,pv_80_z_2,pv_80,นครศรีธรรมราช,ภาคใต้,2,พลังชาติไทย,165,0.16,25,105242
2562,pv_80_z_2,pv_80,นครศรีธรรมราช,ภาคใต้,2,ประชานิยม,153,0.15,26,105242
2562,pv_80_z_2,pv_80,นครศรีธรรมราช,ภาคใต้,2,ภูมิพลังเกษตรกรไทย,149,0.14,27,105242
2562,pv_80_z_2,pv_80,นครศรีธรรมราช,ภาคใต้,2,ภราดรภาพ,142,0.13,28,105242
2562,pv_80_z_2,pv_80,นครศรีธรรมราช,ภาคใต้,2,พลังสังคม,140,0.13,29,105242
2562,pv_80_z_2,pv_80,นครศรีธรรมราช,ภาคใต้,2,ไทยรุ่งเรือง,136,0.13,30,105242
2562,pv_80_z_2,pv_80,นครศรีธรรมราช,ภาคใต้,2,พลังปวงชนไทย,129,0.12,31,105242
2562,pv_80_z_2,pv_80,นครศรีธรรมราช,ภาคใต้,2,ครูไทยเพื่อประชาชน,123,0.12,32,105242
2562,pv_80_z_2,pv_80,นครศรีธรรมราช,ภาคใต้,2,สังคมประชาธิปไตยไทย,109,0.10,33,105242
2562,pv_80_z_2,pv_80,นครศรีธรรมราช,ภาคใต้,2,คลองไทย,87,0.08,34,105242
2562,pv_80_z_2,pv_80,นครศรีธรรมราช,ภาคใต้,2,ประชาชนปฏิรูป,85,0.08,35,105242
2562,pv_80_z_2,pv_80,นครศรีธรรมราช,ภาคใต้,2,กลาง,58,0.06,36,105242
2562,pv_80_z_2,pv_80,นครศรีธรรมราช,ภาคใต้,2,มหาชน,55,0.05,37,105242
2562,pv_80_z_2,pv_80,นครศรีธรรมราช,ภาคใต้,2,ไทรักธรรม,43,0.04,38,105242
2562,pv_80_z_2,pv_80,นครศรีธรรมราช,ภาคใต้,2,พลังศรัทธา,15,0.01,39,105242
2562,pv_80_z_2,pv_80,นครศรีธรรมราช,ภาคใต้,2,เพื่อแผ่นดิน,0,0.00,40,105242
2562,pv_80_z_2,pv_80,นครศรีธรรมราช,ภาคใต้,2,รวมพลังประชาชาติไทย,0,0.00,41,105242
2562,pv_80_z_2,pv_80,นครศรีธรรมราช,ภาคใต้,2,ไทยรักษาชาติ,0,0.00,42,105242
2562,pv_80_z_3,pv_80,นครศรีธรรมราช,ภาคใต้,3,ประชาธิปัตย์,33310,32.08,1,103831
2562,pv_80_z_3,pv_80,นครศรีธรรมราช,ภาคใต้,3,พลังประชารัฐ,28742,27.68,2,103831
2562,pv_80_z_3,pv_80,นครศรีธรรมราช,ภาคใต้,3,ภูมิใจไทย,15490,14.92,3,103831
2562,pv_80_z_3,pv_80,นครศรีธรรมราช,ภาคใต้,3,อนาคตใหม่,11754,11.32,4,103831
2562,pv_80_z_3,pv_80,นครศรีธรรมราช,ภาคใต้,3,ชาติไทยพัฒนา,3323,3.20,5,103831
2562,pv_80_z_3,pv_80,นครศรีธรรมราช,ภาคใต้,3,เสรีรวมไทย,1370,1.32,6,103831
2562,pv_80_z_3,pv_80,นครศรีธรรมราช,ภาคใต้,3,กลาง,996,0.96,7,103831
2562,pv_80_z_3,pv_80,นครศรีธรรมราช,ภาคใต้,3,ไทยศรีวิไลย์,859,0.83,8,103831
2562,pv_80_z_3,pv_80,นครศรีธรรมราช,ภาคใต้,3,ประชาชาติ,812,0.78,9,103831
2562,pv_80_z_3,pv_80,นครศรีธรรมราช,ภาคใต้,3,ประชาธิปไตยใหม่,666,0.64,10,103831
2562,pv_80_z_3,pv_80,นครศรีธรรมราช,ภาคใต้,3,รักษ์ผืนป่าประเทศไทย,612,0.59,11,103831
2562,pv_80_z_3,pv_80,นครศรีธรรมราช,ภาคใต้,3,เศรษฐกิจใหม่,600,0.58,12,103831
2562,pv_80_z_3,pv_80,นครศรีธรรมราช,ภาคใต้,3,รวมพลังประชาชาติไทย,580,0.56,13,103831
2562,pv_80_z_3,pv_80,นครศรีธรรมราช,ภาคใต้,3,พลังชาติไทย,493,0.47,14,103831
2562,pv_80_z_3,pv_80,นครศรีธรรมราช,ภาคใต้,3,ประชานิยม,468,0.45,15,103831
2562,pv_80_z_3,pv_80,นครศรีธรรมราช,ภาคใต้,3,พลังท้องถิ่นไท,445,0.43,16,103831
2562,pv_80_z_3,pv_80,นครศรีธรรมราช,ภาคใต้,3,ประชาธรรมไทย,422,0.41,17,103831
2562,pv_80_z_3,pv_80,นครศรีธรรมราช,ภาคใต้,3,ชาติพัฒนา,417,0.40,18,103831
2562,pv_80_z_3,pv_80,นครศรีธรรมราช,ภาคใต้,3,ครูไทยเพื่อประชาชน,348,0.34,19,103831
2562,pv_80_z_3,pv_80,นครศรีธรรมราช,ภาคใต้,3,ผึ้งหลวง,269,0.26,20,103831
2562,pv_80_z_3,pv_80,นครศรีธรรมราช,ภาคใต้,3,เพื่อชาติ,244,0.23,21,103831
2562,pv_80_z_3,pv_80,นครศรีธรรมราช,ภาคใต้,3,พลังไทสร้างชาติ,179,0.17,22,103831
2562,pv_80_z_3,pv_80,นครศรีธรรมราช,ภาคใต้,3,ภราดรภาพ,153,0.15,23,103831
2562,pv_80_z_3,pv_80,นครศรีธรรมราช,ภาคใต้,3,ประชาภิวัฒน์,145,0.14,24,103831
2562,pv_80_z_3,pv_80,นครศรีธรรมราช,ภาคใต้,3,แผ่นดินธรรม,129,0.12,25,103831
2562,pv_80_z_3,pv_80,นครศรีธรรมราช,ภาคใต้,3,ประชาชนปฏิรูป,129,0.12,26,103831
2562,pv_80_z_3,pv_80,นครศรีธรรมราช,ภาคใต้,3,เพื่อแผ่นดิน,126,0.12,27,103831
2562,pv_80_z_3,pv_80,นครศรีธรรมราช,ภาคใต้,3,คลองไทย,125,0.12,28,103831
2562,pv_80_z_3,pv_80,นครศรีธรรมราช,ภาคใต้,3,ภูมิพลังเกษตรกรไทย,123,0.12,29,103831
2562,pv_80_z_3,pv_80,นครศรีธรรมราช,ภาคใต้,3,กรีน,103,0.10,30,103831
2562,pv_80_z_3,pv_80,นครศรีธรรมราช,ภาคใต้,3,ไทรักธรรม,99,0.10,31,103831
2562,pv_80_z_3,pv_80,นครศรีธรรมราช,ภาคใต้,3,พลังสังคม,89,0.09,32,103831
2562,pv_80_z_3,pv_80,นครศรีธรรมราช,ภาคใต้,3,ไทยรุ่งเรือง,81,0.08,33,103831
2562,pv_80_z_3,pv_80,นครศรีธรรมราช,ภาคใต้,3,พลังสหกรณ์,58,0.06,34,103831
2562,pv_80_z_3,pv_80,นครศรีธรรมราช,ภาคใต้,3,มหาชน,47,0.05,35,103831
2562,pv_80_z_3,pv_80,นครศรีธรรมราช,ภาคใต้,3,พลังศรัทธา,25,0.02,36,103831
2562,pv_80_z_3,pv_80,นครศรีธรรมราช,ภาคใต้,3,ไทยรักษาชาติ,0,0.00,37,103831
2562,pv_80_z_3,pv_80,นครศรีธรรมราช,ภาคใต้,3,พลังไทยรักไทย,0,0.00,38,103831
2562,pv_80_z_3,pv_80,นครศรีธรรมราช,ภาคใต้,3,พลังปวงชนไทย,0,0.00,39,103831
2562,pv_80_z_4,pv_80,นครศรีธรรมราช,ภาคใต้,4,ประชาธิปัตย์,28880,28.18,1,102481
2562,pv_80_z_4,pv_80,นครศรีธรรมราช,ภาคใต้,4,พลังประชารัฐ,22644,22.10,2,102481
2562,pv_80_z_4,pv_80,นครศรีธรรมราช,ภาคใต้,4,ภูมิใจไทย,17037,16.62,3,102481
2562,pv_80_z_4,pv_80,นครศรีธรรมราช,ภาคใต้,4,อนาคตใหม่,8972,8.75,4,102481
2562,pv_80_z_4,pv_80,นครศรีธรรมราช,ภาคใต้,4,พลังท้องถิ่นไท,4170,4.07,5,102481
2562,pv_80_z_4,pv_80,นครศรีธรรมราช,ภาคใต้,4,ชาติไทยพัฒนา,4003,3.91,6,102481
2562,pv_80_z_4,pv_80,นครศรีธรรมราช,ภาคใต้,4,เสรีรวมไทย,2808,2.74,7,102481
2562,pv_80_z_4,pv_80,นครศรีธรรมราช,ภาคใต้,4,ชาติพัฒนา,2349,2.29,8,102481
2562,pv_80_z_4,pv_80,นครศรีธรรมราช,ภาคใต้,4,ประชานิยม,2120,2.07,9,102481
2562,pv_80_z_4,pv_80,นครศรีธรรมราช,ภาคใต้,4,รวมพลังประชาชาติไทย,1394,1.36,10,102481
2562,pv_80_z_4,pv_80,นครศรีธรรมราช,ภาคใต้,4,พลังชาติไทย,933,0.91,11,102481
2562,pv_80_z_4,pv_80,นครศรีธรรมราช,ภาคใต้,4,รักษ์ผืนป่าประเทศไทย,933,0.91,12,102481
2562,pv_80_z_4,pv_80,นครศรีธรรมราช,ภาคใต้,4,เศรษฐกิจใหม่,892,0.87,13,102481
2562,pv_80_z_4,pv_80,นครศรีธรรมราช,ภาคใต้,4,ภราดรภาพ,571,0.56,14,102481
2562,pv_80_z_4,pv_80,นครศรีธรรมราช,ภาคใต้,4,เพื่อชาติ,555,0.54,15,102481
2562,pv_80_z_4,pv_80,นครศรีธรรมราช,ภาคใต้,4,พลังสังคม,401,0.39,16,102481
2562,pv_80_z_4,pv_80,นครศรีธรรมราช,ภาคใต้,4,กรีน,351,0.34,17,102481
2562,pv_80_z_4,pv_80,นครศรีธรรมราช,ภาคใต้,4,เพื่อธรรม,351,0.34,18,102481
2562,pv_80_z_4,pv_80,นครศรีธรรมราช,ภาคใต้,4,รวมใจไทย,350,0.34,19,102481
2562,pv_80_z_4,pv_80,นครศรีธรรมราช,ภาคใต้,4,พลังธรรมใหม่,342,0.33,20,102481
2562,pv_80_z_4,pv_80,นครศรีธรรมราช,ภาคใต้,4,ครูไทยเพื่อประชาชน,326,0.32,21,102481
2562,pv_80_z_4,pv_80,นครศรีธรรมราช,ภาคใต้,4,พลังปวงชนไทย,274,0.27,22,102481
2562,pv_80_z_4,pv_80,นครศรีธรรมราช,ภาคใต้,4,ประชาชนปฏิรูป,224,0.22,23,102481
2562,pv_80_z_4,pv_80,นครศรีธรรมราช,ภาคใต้,4,พลังสหกรณ์,180,0.18,24,102481
2562,pv_80_z_4,pv_80,นครศรีธรรมราช,ภาคใต้,4,ประชาชาติ,174,0.17,25,102481
2562,pv_80_z_4,pv_80,นครศรีธรรมราช,ภาคใต้,4,ประชาธรรมไทย,169,0.16,26,102481
2562,pv_80_z_4,pv_80,นครศรีธรรมราช,ภาคใต้,4,ประชาธิปไตยใหม่,164,0.16,27,102481
2562,pv_80_z_4,pv_80,นครศรีธรรมราช,ภาคใต้,4,ไทยศรีวิไลย์,157,0.15,28,102481
2562,pv_80_z_4,pv_80,นครศรีธรรมราช,ภาคใต้,4,ภูมิพลังเกษตรกรไทย,153,0.15,29,102481
2562,pv_80_z_4,pv_80,นครศรีธรรมราช,ภาคใต้,4,ประชาภิวัฒน์,138,0.13,30,102481
2562,pv_80_z_4,pv_80,นครศรีธรรมราช,ภาคใต้,4,พลังไทยรักไทย,103,0.10,31,102481
2562,pv_80_z_4,pv_80,นครศรีธรรมราช,ภาคใต้,4,แผ่นดินธรรม,70,0.07,32,102481
2562,pv_80_z_4,pv_80,นครศรีธรรมราช,ภาคใต้,4,ไทรักธรรม,64,0.06,33,102481
2562,pv_80_z_4,pv_80,นครศรีธรรมราช,ภาคใต้,4,คลองไทย,54,0.05,34,102481
2562,pv_80_z_4,pv_80,นครศรีธรรมราช,ภาคใต้,4,พลังไทสร้างชาติ,50,0.05,35,102481
2562,pv_80_z_4,pv_80,นครศรีธรรมราช,ภาคใต้,4,พลังศรัทธา,45,0.04,36,102481
2562,pv_80_z_4,pv_80,นครศรีธรรมราช,ภาคใต้,4,ภาคีเครือข่ายไทย,41,0.04,37,102481
2562,pv_80_z_4,pv_80,นครศรีธรรมราช,ภาคใต้,4,เพื่อแผ่นดิน,39,0.04,38,102481
2562,pv_80_z_4,pv_80,นครศรีธรรมราช,ภาคใต้,4,ถิ่นกาขาวชาววิไล,0,0.00,39,102481
2562,pv_80_z_4,pv_80,นครศรีธรรมราช,ภาคใต้,4,ไทยรักษาชาติ,0,0.00,40,102481
2562,pv_80_z_5,pv_80,นครศรีธรรมราช,ภาคใต้,5,ประชาธิปัตย์,30815,31.23,1,98658
2562,pv_80_z_5,pv_80,นครศรีธรรมราช,ภาคใต้,5,ชาติไทยพัฒนา,24435,24.77,2,98658
2562,pv_80_z_5,pv_80,นครศรีธรรมราช,ภาคใต้,5,พลังประชารัฐ,19591,19.86,3,98658
2562,pv_80_z_5,pv_80,นครศรีธรรมราช,ภาคใต้,5,อนาคตใหม่,7226,7.32,4,98658
2562,pv_80_z_5,pv_80,นครศรีธรรมราช,ภาคใต้,5,ภูมิใจไทย,2849,2.89,5,98658
2562,pv_80_z_5,pv_80,นครศรีธรรมราช,ภาคใต้,5,เพื่อชาติ,2493,2.53,6,98658
2562,pv_80_z_5,pv_80,นครศรีธรรมราช,ภาคใต้,5,เสรีรวมไทย,1800,1.82,7,98658
2562,pv_80_z_5,pv_80,นครศรีธรรมราช,ภาคใต้,5,พลังท้องถิ่นไท,1077,1.09,8,98658
2562,pv_80_z_5,pv_80,นครศรีธรรมราช,ภาคใต้,5,รวมพลังประชาชาติไทย,772,0.78,9,98658
2562,pv_80_z_5,pv_80,นครศรีธรรมราช,ภาคใต้,5,ทางเลือกใหม่,593,0.60,10,98658
2562,pv_80_z_5,pv_80,นครศรีธรรมราช,ภาคใต้,5,ประชาชาติ,584,0.59,11,98658
2562,pv_80_z_5,pv_80,นครศรีธรรมราช,ภาคใต้,5,ถิ่นกาขาวชาววิไล,554,0.56,12,98658
2562,pv_80_z_5,pv_80,นครศรีธรรมราช,ภาคใต้,5,เศรษฐกิจใหม่,510,0.52,13,98658
2562,pv_80_z_5,pv_80,นครศรีธรรมราช,ภาคใต้,5,ประชาธรรมไทย,482,0.49,14,98658
2562,pv_80_z_5,pv_80,นครศรีธรรมราช,ภาคใต้,5,พลังไทยรักไทย,413,0.42,15,98658
2562,pv_80_z_5,pv_80,นครศรีธรรมราช,ภาคใต้,5,ประชาภิวัฒน์,380,0.39,16,98658
2562,pv_80_z_5,pv_80,นครศรีธรรมราช,ภาคใต้,5,คลองไทย,377,0.38,17,98658
2562,pv_80_z_5,pv_80,นครศรีธรรมราช,ภาคใต้,5,ชาติพัฒนา,357,0.36,18,98658
2562,pv_80_z_5,pv_80,นครศรีธรรมราช,ภาคใต้,5,พลังไทสร้างชาติ,334,0.34,19,98658
2562,pv_80_z_5,pv_80,นครศรีธรรมราช,ภาคใต้,5,แผ่นดินธรรม,308,0.31,20,98658
2562,pv_80_z_5,pv_80,นครศรีธรรมราช,ภาคใต้,5,กรีน,302,0.31,21,98658
2562,pv_80_z_5,pv_80,นครศรีธรรมราช,ภาคใต้,5,เพื่อธรรม,293,0.30,22,98658
2562,pv_80_z_5,pv_80,นครศรีธรรมราช,ภาคใต้,5,พลังธรรมใหม่,282,0.29,23,98658
2562,pv_80_z_5,pv_80,นครศรีธรรมราช,ภาคใต้,5,พลังศรัทธา,278,0.28,24,98658
2562,pv_80_z_5,pv_80,นครศรีธรรมราช,ภาคใต้,5,ประชาชนปฏิรูป,254,0.26,25,98658
2562,pv_80_z_5,pv_80,นครศรีธรรมราช,ภาคใต้,5,พลเมืองไทย,179,0.18,26,98658
2562,pv_80_z_5,pv_80,นครศรีธรรมราช,ภาคใต้,5,รักษ์ผืนป่าประเทศไทย,173,0.18,27,98658
2562,pv_80_z_5,pv_80,นครศรีธรรมราช,ภาคใต้,5,ภาคีเครือข่ายไทย,137,0.14,28,98658
2562,pv_80_z_5,pv_80,นครศรีธรรมราช,ภาคใต้,5,พลังชาติไทย,134,0.14,29,98658
2562,pv_80_z_5,pv_80,นครศรีธรรมราช,ภาคใต้,5,พลังปวงชนไทย,128,0.13,30,98658
2562,pv_80_z_5,pv_80,นครศรีธรรมราช,ภาคใต้,5,ครูไทยเพื่อประชาชน,110,0.11,31,98658
2562,pv_80_z_5,pv_80,นครศรีธรรมราช,ภาคใต้,5,พลังสังคม,106,0.11,32,98658
2562,pv_80_z_5,pv_80,นครศรีธรรมราช,ภาคใต้,5,ประชานิยม,105,0.11,33,98658
2562,pv_80_z_5,pv_80,นครศรีธรรมราช,ภาคใต้,5,เพื่อแผ่นดิน,87,0.09,34,98658
2562,pv_80_z_5,pv_80,นครศรีธรรมราช,ภาคใต้,5,ภราดรภาพ,65,0.07,35,98658
2562,pv_80_z_5,pv_80,นครศรีธรรมราช,ภาคใต้,5,ไทรักธรรม,63,0.06,36,98658
2562,pv_80_z_5,pv_80,นครศรีธรรมราช,ภาคใต้,5,มหาชน,12,0.01,37,98658
2562,pv_80_z_5,pv_80,นครศรีธรรมราช,ภาคใต้,5,ไทยรักษาชาติ,0,0.00,38,98658
2562,pv_80_z_6,pv_80,นครศรีธรรมราช,ภาคใต้,6,ประชาธิปัตย์,34618,36.19,1,95656
2562,pv_80_z_6,pv_80,นครศรีธรรมราช,ภาคใต้,6,พลังประชารัฐ,23274,24.33,2,95656
2562,pv_80_z_6,pv_80,นครศรีธรรมราช,ภาคใต้,6,ภูมิใจไทย,13720,14.34,3,95656
2562,pv_80_z_6,pv_80,นครศรีธรรมราช,ภาคใต้,6,อนาคตใหม่,8798,9.20,4,95656
2562,pv_80_z_6,pv_80,นครศรีธรรมราช,ภาคใต้,6,ชาติไทยพัฒนา,5470,5.72,5,95656
2562,pv_80_z_6,pv_80,นครศรีธรรมราช,ภาคใต้,6,เสรีรวมไทย,1891,1.98,6,95656
2562,pv_80_z_6,pv_80,นครศรีธรรมราช,ภาคใต้,6,รวมพลังประชาชาติไทย,1841,1.92,7,95656
2562,pv_80_z_6,pv_80,นครศรีธรรมราช,ภาคใต้,6,เศรษฐกิจใหม่,625,0.65,8,95656
2562,pv_80_z_6,pv_80,นครศรีธรรมราช,ภาคใต้,6,เพื่อชาติ,477,0.50,9,95656
2562,pv_80_z_6,pv_80,นครศรีธรรมราช,ภาคใต้,6,ประชาธิปไตยใหม่,408,0.43,10,95656
2562,pv_80_z_6,pv_80,นครศรีธรรมราช,ภาคใต้,6,พลังปวงชนไทย,373,0.39,11,95656
2562,pv_80_z_6,pv_80,นครศรีธรรมราช,ภาคใต้,6,พลังชาติไทย,372,0.39,12,95656
2562,pv_80_z_6,pv_80,นครศรีธรรมราช,ภาคใต้,6,พลังท้องถิ่นไท,337,0.35,13,95656
2562,pv_80_z_6,pv_80,นครศรีธรรมราช,ภาคใต้,6,ชาติพัฒนา,315,0.33,14,95656
2562,pv_80_z_6,pv_80,นครศรีธรรมราช,ภาคใต้,6,ประชาชาติ,294,0.31,15,95656
2562,pv_80_z_6,pv_80,นครศรีธรรมราช,ภาคใต้,6,พลังศรัทธา,293,0.31,16,95656
2562,pv_80_z_6,pv_80,นครศรีธรรมราช,ภาคใต้,6,รักษ์ผืนป่าประเทศไทย,286,0.30,17,95656
2562,pv_80_z_6,pv_80,นครศรีธรรมราช,ภาคใต้,6,ครูไทยเพื่อประชาชน,275,0.29,18,95656
2562,pv_80_z_6,pv_80,นครศรีธรรมราช,ภาคใต้,6,ไทยศรีวิไลย์,222,0.23,19,95656
2562,pv_80_z_6,pv_80,นครศรีธรรมราช,ภาคใต้,6,กรีน,183,0.19,20,95656
2562,pv_80_z_6,pv_80,นครศรีธรรมราช,ภาคใต้,6,ประชาธรรมไทย,178,0.19,21,95656
2562,pv_80_z_6,pv_80,นครศรีธรรมราช,ภาคใต้,6,ประชาภิวัฒน์,135,0.14,22,95656
2562,pv_80_z_6,pv_80,นครศรีธรรมราช,ภาคใต้,6,ภราดรภาพ,125,0.13,23,95656
2562,pv_80_z_6,pv_80,นครศรีธรรมราช,ภาคใต้,6,รวมใจไทย,115,0.12,24,95656
2562,pv_80_z_6,pv_80,นครศรีธรรมราช,ภาคใต้,6,ประชาชนปฏิรูป,114,0.12,25,95656
2562,pv_80_z_6,pv_80,นครศรีธรรมราช,ภาคใต้,6,คลองไทย,109,0.11,26,95656
2562,pv_80_z_6,pv_80,นครศรีธรรมราช,ภาคใต้,6,ถิ่นกาขาวชาววิไล,107,0.11,27,95656
2562,pv_80_z_6,pv_80,นครศรีธรรมราช,ภาคใต้,6,แผ่นดินธรรม,103,0.11,28,95656
2562,pv_80_z_6,pv_80,นครศรีธรรมราช,ภาคใต้,6,พลังไทสร้างชาติ,93,0.10,29,95656
2562,pv_80_z_6,pv_80,นครศรีธรรมราช,ภาคใต้,6,ประชานิยม,87,0.09,30,95656
2562,pv_80_z_6,pv_80,นครศรีธรรมราช,ภาคใต้,6,พลังไทยรักไทย,82,0.09,31,95656
2562,pv_80_z_6,pv_80,นครศรีธรรมราช,ภาคใต้,6,ไทรักธรรม,81,0.08,32,95656
2562,pv_80_z_6,pv_80,นครศรีธรรมราช,ภาคใต้,6,ประชากรไทย,71,0.07,33,95656
2562,pv_80_z_6,pv_80,นครศรีธรรมราช,ภาคใต้,6,พลังสังคม,50,0.05,34,95656
2562,pv_80_z_6,pv_80,นครศรีธรรมราช,ภาคใต้,6,ทางเลือกใหม่,42,0.04,35,95656
2562,pv_80_z_6,pv_80,นครศรีธรรมราช,ภาคใต้,6,ภาคีเครือข่ายไทย,39,0.04,36,95656
2562,pv_80_z_6,pv_80,นครศรีธรรมราช,ภาคใต้,6,ภูมิพลังเกษตรกรไทย,35,0.04,37,95656
2562,pv_80_z_6,pv_80,นครศรีธรรมราช,ภาคใต้,6,มหาชน,18,0.02,38,95656
2562,pv_80_z_6,pv_80,นครศรีธรรมราช,ภาคใต้,6,ไทยรักษาชาติ,0,0.00,39,95656
2562,pv_80_z_7,pv_80,นครศรีธรรมราช,ภาคใต้,7,พลังประชารัฐ,29576,31.80,1,93018
2562,pv_80_z_7,pv_80,นครศรีธรรมราช,ภาคใต้,7,ประชาธิปัตย์,24686,26.54,2,93018
2562,pv_80_z_7,pv_80,นครศรีธรรมราช,ภาคใต้,7,อนาคตใหม่,10222,10.99,3,93018
2562,pv_80_z_7,pv_80,นครศรีธรรมราช,ภาคใต้,7,ภูมิใจไทย,8787,9.45,4,93018
2562,pv_80_z_7,pv_80,นครศรีธรรมราช,ภาคใต้,7,พลังท้องถิ่นไท,4251,4.57,5,93018
2562,pv_80_z_7,pv_80,นครศรีธรรมราช,ภาคใต้,7,ประชาชาติ,2540,2.73,6,93018
2562,pv_80_z_7,pv_80,นครศรีธรรมราช,ภาคใต้,7,ประชาภิวัฒน์,1556,1.67,7,93018
2562,pv_80_z_7,pv_80,นครศรีธรรมราช,ภาคใต้,7,เสรีรวมไทย,1255,1.35,8,93018
2562,pv_80_z_7,pv_80,นครศรีธรรมราช,ภาคใต้,7,รวมพลังประชาชาติไทย,1046,1.12,9,93018
2562,pv_80_z_7,pv_80,นครศรีธรรมราช,ภาคใต้,7,ชาติไทยพัฒนา,1010,1.09,10,93018
2562,pv_80_z_7,pv_80,นครศรีธรรมราช,ภาคใต้,7,ชาติพัฒนา,964,1.04,11,93018
2562,pv_80_z_7,pv_80,นครศรีธรรมราช,ภาคใต้,7,ประชาธรรมไทย,915,0.98,12,93018
2562,pv_80_z_7,pv_80,นครศรีธรรมราช,ภาคใต้,7,เศรษฐกิจใหม่,834,0.90,13,93018
2562,pv_80_z_7,pv_80,นครศรีธรรมราช,ภาคใต้,7,เพื่อแผ่นดิน,682,0.73,14,93018
2562,pv_80_z_7,pv_80,นครศรีธรรมราช,ภาคใต้,7,เพื่อชาติ,669,0.72,15,93018
2562,pv_80_z_7,pv_80,นครศรีธรรมราช,ภาคใต้,7,รักษ์ผืนป่าประเทศไทย,572,0.61,16,93018
2562,pv_80_z_7,pv_80,นครศรีธรรมราช,ภาคใต้,7,ประชานิยม,392,0.42,17,93018
2562,pv_80_z_7,pv_80,นครศรีธรรมราช,ภาคใต้,7,ประชาธิปไตยใหม่,391,0.42,18,93018
2562,pv_80_z_7,pv_80,นครศรีธรรมราช,ภาคใต้,7,ครูไทยเพื่อประชาชน,327,0.35,19,93018
2562,pv_80_z_7,pv_80,นครศรีธรรมราช,ภาคใต้,7,ไทรักธรรม,280,0.30,20,93018
2562,pv_80_z_7,pv_80,นครศรีธรรมราช,ภาคใต้,7,พลังศรัทธา,257,0.28,21,93018
2562,pv_80_z_7,pv_80,นครศรีธรรมราช,ภาคใต้,7,พลังไทยรักไทย,247,0.27,22,93018
2562,pv_80_z_7,pv_80,นครศรีธรรมราช,ภาคใต้,7,กรีน,242,0.26,23,93018
2562,pv_80_z_7,pv_80,นครศรีธรรมราช,ภาคใต้,7,คลองไทย,233,0.25,24,93018
2562,pv_80_z_7,pv_80,นครศรีธรรมราช,ภาคใต้,7,ประชาชนปฏิรูป,224,0.24,25,93018
2562,pv_80_z_7,pv_80,นครศรีธรรมราช,ภาคใต้,7,พลังไทสร้างชาติ,177,0.19,26,93018
2562,pv_80_z_7,pv_80,นครศรีธรรมราช,ภาคใต้,7,ไทยศรีวิไลย์,130,0.14,27,93018
2562,pv_80_z_7,pv_80,นครศรีธรรมราช,ภาคใต้,7,พลังธรรมใหม่,93,0.10,28,93018
2562,pv_80_z_7,pv_80,นครศรีธรรมราช,ภาคใต้,7,ภาคีเครือข่ายไทย,92,0.10,29,93018
2562,pv_80_z_7,pv_80,นครศรีธรรมราช,ภาคใต้,7,กลาง,83,0.09,30,93018
2562,pv_80_z_7,pv_80,นครศรีธรรมราช,ภาคใต้,7,เพื่อธรรม,59,0.06,31,93018
2562,pv_80_z_7,pv_80,นครศรีธรรมราช,ภาคใต้,7,ภูมิพลังเกษตรกรไทย,56,0.06,32,93018
2562,pv_80_z_7,pv_80,นครศรีธรรมราช,ภาคใต้,7,พลังชาติไทย,51,0.05,33,93018
2562,pv_80_z_7,pv_80,นครศรีธรรมราช,ภาคใต้,7,พลังสังคม,46,0.05,34,93018
2562,pv_80_z_7,pv_80,นครศรีธรรมราช,ภาคใต้,7,แผ่นดินธรรม,38,0.04,35,93018
2562,pv_80_z_7,pv_80,นครศรีธรรมราช,ภาคใต้,7,พลังสหกรณ์,21,0.02,36,93018
2562,pv_80_z_7,pv_80,นครศรีธรรมราช,ภาคใต้,7,พลังปวงชนไทย,14,0.02,37,93018
2562,pv_80_z_7,pv_80,นครศรีธรรมราช,ภาคใต้,7,ไทยรักษาชาติ,0,0.00,38,93018
2562,pv_80_z_7,pv_80,นครศรีธรรมราช,ภาคใต้,7,ทางเลือกใหม่,0,0.00,39,93018
2562,pv_80_z_7,pv_80,นครศรีธรรมราช,ภาคใต้,7,มหาชน,0,0.00,40,93018
2562,pv_80_z_8,pv_80,นครศรีธรรมราช,ภาคใต้,8,ประชาธิปัตย์,41771,40.27,1,103728
2562,pv_80_z_8,pv_80,นครศรีธรรมราช,ภาคใต้,8,พลังประชารัฐ,22933,22.11,2,103728
2562,pv_80_z_8,pv_80,นครศรีธรรมราช,ภาคใต้,8,อนาคตใหม่,11371,10.96,3,103728
2562,pv_80_z_8,pv_80,นครศรีธรรมราช,ภาคใต้,8,เสรีรวมไทย,4511,4.35,4,103728
2562,pv_80_z_8,pv_80,นครศรีธรรมราช,ภาคใต้,8,พลังท้องถิ่นไท,4305,4.15,5,103728
2562,pv_80_z_8,pv_80,นครศรีธรรมราช,ภาคใต้,8,รวมพลังประชาชาติไทย,3847,3.71,6,103728
2562,pv_80_z_8,pv_80,นครศรีธรรมราช,ภาคใต้,8,ภูมิใจไทย,1973,1.90,7,103728
2562,pv_80_z_8,pv_80,นครศรีธรรมราช,ภาคใต้,8,ประชาธรรมไทย,1478,1.42,8,103728
2562,pv_80_z_8,pv_80,นครศรีธรรมราช,ภาคใต้,8,ประชาชาติ,1227,1.18,9,103728
2562,pv_80_z_8,pv_80,นครศรีธรรมราช,ภาคใต้,8,เศรษฐกิจใหม่,1200,1.16,10,103728
2562,pv_80_z_8,pv_80,นครศรีธรรมราช,ภาคใต้,8,ชาติพัฒนา,1150,1.11,11,103728
2562,pv_80_z_8,pv_80,นครศรีธรรมราช,ภาคใต้,8,ชาติไทยพัฒนา,1055,1.02,12,103728
2562,pv_80_z_8,pv_80,นครศรีธรรมราช,ภาคใต้,8,เพื่อชาติ,931,0.90,13,103728
2562,pv_80_z_8,pv_80,นครศรีธรรมราช,ภาคใต้,8,ประชาธิปไตยใหม่,812,0.78,14,103728
2562,pv_80_z_8,pv_80,นครศรีธรรมราช,ภาคใต้,8,ประชานิยม,617,0.59,15,103728
2562,pv_80_z_8,pv_80,นครศรีธรรมราช,ภาคใต้,8,เพื่อธรรม,512,0.49,16,103728
2562,pv_80_z_8,pv_80,นครศรีธรรมราช,ภาคใต้,8,พลังธรรมใหม่,436,0.42,17,103728
2562,pv_80_z_8,pv_80,นครศรีธรรมราช,ภาคใต้,8,มหาชน,402,0.39,18,103728
2562,pv_80_z_8,pv_80,นครศรีธรรมราช,ภาคใต้,8,พลังศรัทธา,360,0.35,19,103728
2562,pv_80_z_8,pv_80,นครศรีธรรมราช,ภาคใต้,8,ถิ่นกาขาวชาววิไล,300,0.29,20,103728
2562,pv_80_z_8,pv_80,นครศรีธรรมราช,ภาคใต้,8,กรีน,276,0.27,21,103728
2562,pv_80_z_8,pv_80,นครศรีธรรมราช,ภาคใต้,8,คลองไทย,272,0.26,22,103728
2562,pv_80_z_8,pv_80,นครศรีธรรมราช,ภาคใต้,8,รักษ์ผืนป่าประเทศไทย,219,0.21,23,103728
2562,pv_80_z_8,pv_80,นครศรีธรรมราช,ภาคใต้,8,ประชาภิวัฒน์,214,0.21,24,103728
2562,pv_80_z_8,pv_80,นครศรีธรรมราช,ภาคใต้,8,พลังไทยรักไทย,205,0.20,25,103728
2562,pv_80_z_8,pv_80,นครศรีธรรมราช,ภาคใต้,8,พลังปวงชนไทย,204,0.20,26,103728
2562,pv_80_z_8,pv_80,นครศรีธรรมราช,ภาคใต้,8,ครูไทยเพื่อประชาชน,201,0.19,27,103728
2562,pv_80_z_8,pv_80,นครศรีธรรมราช,ภาคใต้,8,ไทยศรีวิไลย์,191,0.18,28,103728
2562,pv_80_z_8,pv_80,นครศรีธรรมราช,ภาคใต้,8,พลังสหกรณ์,171,0.16,29,103728
2562,pv_80_z_8,pv_80,นครศรีธรรมราช,ภาคใต้,8,พลังสังคม,160,0.15,30,103728
2562,pv_80_z_8,pv_80,นครศรีธรรมราช,ภาคใต้,8,พลังชาติไทย,144,0.14,31,103728
2562,pv_80_z_8,pv_80,นครศรีธรรมราช,ภาคใต้,8,ภูมิพลังเกษตรกรไทย,114,0.11,32,103728
2562,pv_80_z_8,pv_80,นครศรีธรรมราช,ภาคใต้,8,พลังไทสร้างชาติ,99,0.10,33,103728
2562,pv_80_z_8,pv_80,นครศรีธรรมราช,ภาคใต้,8,แผ่นดินธรรม,42,0.04,34,103728
2562,pv_80_z_8,pv_80,นครศรีธรรมราช,ภาคใต้,8,ไทรักธรรม,25,0.02,35,103728
2562,pv_80_z_8,pv_80,นครศรีธรรมราช,ภาคใต้,8,ไทยรักษาชาติ,0,0.00,36,103728
2562,pv_60_z_1,pv_60,นครสวรรค์,ภาคกลาง,1,พลังประชารัฐ,24656,25.08,1,98290
2562,pv_60_z_1,pv_60,นครสวรรค์,ภาคกลาง,1,เพื่อไทย,22643,23.04,2,98290
2562,pv_60_z_1,pv_60,นครสวรรค์,ภาคกลาง,1,ประชาธิปัตย์,19987,20.33,3,98290
2562,pv_60_z_1,pv_60,นครสวรรค์,ภาคกลาง,1,อนาคตใหม่,17374,17.68,4,98290
2562,pv_60_z_1,pv_60,นครสวรรค์,ภาคกลาง,1,ภูมิใจไทย,4959,5.05,5,98290
2562,pv_60_z_1,pv_60,นครสวรรค์,ภาคกลาง,1,เสรีรวมไทย,2159,2.20,6,98290
2562,pv_60_z_1,pv_60,นครสวรรค์,ภาคกลาง,1,เศรษฐกิจใหม่,1817,1.85,7,98290
2562,pv_60_z_1,pv_60,นครสวรรค์,ภาคกลาง,1,ชาติไทยพัฒนา,705,0.72,8,98290
2562,pv_60_z_1,pv_60,นครสวรรค์,ภาคกลาง,1,รวมพลังประชาชาติไทย,449,0.46,9,98290
2562,pv_60_z_1,pv_60,นครสวรรค์,ภาคกลาง,1,ไทยศรีวิไลย์,443,0.45,10,98290
2562,pv_60_z_1,pv_60,นครสวรรค์,ภาคกลาง,1,รักษ์ผืนป่าประเทศไทย,384,0.39,11,98290
2562,pv_60_z_1,pv_60,นครสวรรค์,ภาคกลาง,1,เพื่อชาติ,369,0.38,12,98290
2562,pv_60_z_1,pv_60,นครสวรรค์,ภาคกลาง,1,ประชาธิปไตยใหม่,347,0.35,13,98290
2562,pv_60_z_1,pv_60,นครสวรรค์,ภาคกลาง,1,พลังปวงชนไทย,303,0.31,14,98290
2562,pv_60_z_1,pv_60,นครสวรรค์,ภาคกลาง,1,ประชาภิวัฒน์,298,0.30,15,98290
2562,pv_60_z_1,pv_60,นครสวรรค์,ภาคกลาง,1,ผึ้งหลวง,206,0.21,16,98290
2562,pv_60_z_1,pv_60,นครสวรรค์,ภาคกลาง,1,ชาติพัฒนา,205,0.21,17,98290
2562,pv_60_z_1,pv_60,นครสวรรค์,ภาคกลาง,1,พลังชาติไทย,169,0.17,18,98290
2562,pv_60_z_1,pv_60,นครสวรรค์,ภาคกลาง,1,ประชานิยม,133,0.14,19,98290
2562,pv_60_z_1,pv_60,นครสวรรค์,ภาคกลาง,1,พลังท้องถิ่นไท,122,0.12,20,98290
2562,pv_60_z_1,pv_60,นครสวรรค์,ภาคกลาง,1,ครูไทยเพื่อประชาชน,108,0.11,21,98290
2562,pv_60_z_1,pv_60,นครสวรรค์,ภาคกลาง,1,ประชาธรรมไทย,84,0.09,22,98290
2562,pv_60_z_1,pv_60,นครสวรรค์,ภาคกลาง,1,ประชาชนปฏิรูป,74,0.08,23,98290
2562,pv_60_z_1,pv_60,นครสวรรค์,ภาคกลาง,1,พลังไทยรักไทย,63,0.06,24,98290
2562,pv_60_z_1,pv_60,นครสวรรค์,ภาคกลาง,1,แทนคุณแผ่นดิน,61,0.06,25,98290
2562,pv_60_z_1,pv_60,นครสวรรค์,ภาคกลาง,1,มหาชน,53,0.05,26,98290
2562,pv_60_z_1,pv_60,นครสวรรค์,ภาคกลาง,1,เครือข่ายชาวนาแห่งประเทศไทย,50,0.05,27,98290
2562,pv_60_z_1,pv_60,นครสวรรค์,ภาคกลาง,1,แผ่นดินธรรม,47,0.05,28,98290
2562,pv_60_z_1,pv_60,นครสวรรค์,ภาคกลาง,1,ไทรักธรรม,22,0.02,29,98290
2562,pv_60_z_1,pv_60,นครสวรรค์,ภาคกลาง,1,เพื่อนไทย,0,0.00,30,98290
2562,pv_60_z_2,pv_60,นครสวรรค์,ภาคกลาง,2,พลังประชารัฐ,31051,30.34,1,102330
2562,pv_60_z_2,pv_60,นครสวรรค์,ภาคกลาง,2,ภูมิใจไทย,25069,24.50,2,102330
2562,pv_60_z_2,pv_60,นครสวรรค์,ภาคกลาง,2,เพื่อไทย,22479,21.97,3,102330
2562,pv_60_z_2,pv_60,นครสวรรค์,ภาคกลาง,2,อนาคตใหม่,11001,10.75,4,102330
2562,pv_60_z_2,pv_60,นครสวรรค์,ภาคกลาง,2,ประชาธิปัตย์,6313,6.17,5,102330
2562,pv_60_z_2,pv_60,นครสวรรค์,ภาคกลาง,2,เศรษฐกิจใหม่,1143,1.12,6,102330
2562,pv_60_z_2,pv_60,นครสวรรค์,ภาคกลาง,2,เสรีรวมไทย,1106,1.08,7,102330
2562,pv_60_z_2,pv_60,นครสวรรค์,ภาคกลาง,2,ชาติไทยพัฒนา,547,0.53,8,102330
2562,pv_60_z_2,pv_60,นครสวรรค์,ภาคกลาง,2,เพื่อแผ่นดิน,407,0.40,9,102330
2562,pv_60_z_2,pv_60,นครสวรรค์,ภาคกลาง,2,พลังท้องถิ่นไท,357,0.35,10,102330
2562,pv_60_z_2,pv_60,นครสวรรค์,ภาคกลาง,2,รวมพลังประชาชาติไทย,349,0.34,11,102330
2562,pv_60_z_2,pv_60,นครสวรรค์,ภาคกลาง,2,ไทยศรีวิไลย์,311,0.30,12,102330
2562,pv_60_z_2,pv_60,นครสวรรค์,ภาคกลาง,2,เครือข่ายชาวนาแห่งประเทศไทย,292,0.29,13,102330
2562,pv_60_z_2,pv_60,นครสวรรค์,ภาคกลาง,2,ชาติพัฒนา,246,0.24,14,102330
2562,pv_60_z_2,pv_60,นครสวรรค์,ภาคกลาง,2,เพื่อชาติ,242,0.24,15,102330
2562,pv_60_z_2,pv_60,นครสวรรค์,ภาคกลาง,2,รักษ์ผืนป่าประเทศไทย,211,0.21,16,102330
2562,pv_60_z_2,pv_60,นครสวรรค์,ภาคกลาง,2,ประชาภิวัฒน์,198,0.19,17,102330
2562,pv_60_z_2,pv_60,นครสวรรค์,ภาคกลาง,2,ครูไทยเพื่อประชาชน,147,0.14,18,102330
2562,pv_60_z_2,pv_60,นครสวรรค์,ภาคกลาง,2,ประชาธิปไตยใหม่,138,0.13,19,102330
2562,pv_60_z_2,pv_60,นครสวรรค์,ภาคกลาง,2,ประชานิยม,135,0.13,20,102330
2562,pv_60_z_2,pv_60,นครสวรรค์,ภาคกลาง,2,พลังชาติไทย,101,0.10,21,102330
2562,pv_60_z_2,pv_60,นครสวรรค์,ภาคกลาง,2,ไทรักธรรม,88,0.09,22,102330
2562,pv_60_z_2,pv_60,นครสวรรค์,ภาคกลาง,2,แทนคุณแผ่นดิน,73,0.07,23,102330
2562,pv_60_z_2,pv_60,นครสวรรค์,ภาคกลาง,2,พลังประชาธิปไตย,65,0.06,24,102330
2562,pv_60_z_2,pv_60,นครสวรรค์,ภาคกลาง,2,ผึ้งหลวง,62,0.06,25,102330
2562,pv_60_z_2,pv_60,นครสวรรค์,ภาคกลาง,2,พลังปวงชนไทย,59,0.06,26,102330
2562,pv_60_z_2,pv_60,นครสวรรค์,ภาคกลาง,2,ประชาชนปฏิรูป,56,0.05,27,102330
2562,pv_60_z_2,pv_60,นครสวรรค์,ภาคกลาง,2,พลเมืองไทย,42,0.04,28,102330
2562,pv_60_z_2,pv_60,นครสวรรค์,ภาคกลาง,2,พลังไทยรักไทย,42,0.04,29,102330
2562,pv_60_z_2,pv_60,นครสวรรค์,ภาคกลาง,2,เพื่อนไทย,0,0.00,30,102330
2562,pv_60_z_3,pv_60,นครสวรรค์,ภาคกลาง,3,พลังประชารัฐ,32868,34.42,1,95487
2562,pv_60_z_3,pv_60,นครสวรรค์,ภาคกลาง,3,เพื่อไทย,27193,28.48,2,95487
2562,pv_60_z_3,pv_60,นครสวรรค์,ภาคกลาง,3,อนาคตใหม่,10668,11.17,3,95487
2562,pv_60_z_3,pv_60,นครสวรรค์,ภาคกลาง,3,ภูมิใจไทย,10623,11.13,4,95487
2562,pv_60_z_3,pv_60,นครสวรรค์,ภาคกลาง,3,ประชาธิปัตย์,6629,6.94,5,95487
2562,pv_60_z_3,pv_60,นครสวรรค์,ภาคกลาง,3,เสรีรวมไทย,1347,1.41,6,95487
2562,pv_60_z_3,pv_60,นครสวรรค์,ภาคกลาง,3,เพื่อชาติ,1014,1.06,7,95487
2562,pv_60_z_3,pv_60,นครสวรรค์,ภาคกลาง,3,เพื่อแผ่นดิน,889,0.93,8,95487
2562,pv_60_z_3,pv_60,นครสวรรค์,ภาคกลาง,3,เศรษฐกิจใหม่,511,0.54,9,95487
2562,pv_60_z_3,pv_60,นครสวรรค์,ภาคกลาง,3,พลังท้องถิ่นไท,491,0.51,10,95487
2562,pv_60_z_3,pv_60,นครสวรรค์,ภาคกลาง,3,รวมพลังประชาชาติไทย,296,0.31,11,95487
2562,pv_60_z_3,pv_60,นครสวรรค์,ภาคกลาง,3,พลเมืองไทย,274,0.29,12,95487
2562,pv_60_z_3,pv_60,นครสวรรค์,ภาคกลาง,3,มหาชน,260,0.27,13,95487
2562,pv_60_z_3,pv_60,นครสวรรค์,ภาคกลาง,3,ประชาธิปไตยใหม่,255,0.27,14,95487
2562,pv_60_z_3,pv_60,นครสวรรค์,ภาคกลาง,3,ไทยศรีวิไลย์,235,0.25,15,95487
2562,pv_60_z_3,pv_60,นครสวรรค์,ภาคกลาง,3,เครือข่ายชาวนาแห่งประเทศไทย,233,0.24,16,95487
2562,pv_60_z_3,pv_60,นครสวรรค์,ภาคกลาง,3,พลังชาติไทย,216,0.23,17,95487
2562,pv_60_z_3,pv_60,นครสวรรค์,ภาคกลาง,3,ประชาชนปฏิรูป,174,0.18,18,95487
2562,pv_60_z_3,pv_60,นครสวรรค์,ภาคกลาง,3,ประชานิยม,154,0.16,19,95487
2562,pv_60_z_3,pv_60,นครสวรรค์,ภาคกลาง,3,ประชาภิวัฒน์,154,0.16,20,95487
2562,pv_60_z_3,pv_60,นครสวรรค์,ภาคกลาง,3,พลังไทยรักไทย,132,0.14,21,95487
2562,pv_60_z_3,pv_60,นครสวรรค์,ภาคกลาง,3,พลังประชาธิปไตย,125,0.13,22,95487
2562,pv_60_z_3,pv_60,นครสวรรค์,ภาคกลาง,3,ไทรักธรรม,117,0.12,23,95487
2562,pv_60_z_3,pv_60,นครสวรรค์,ภาคกลาง,3,ชาติพัฒนา,116,0.12,24,95487
2562,pv_60_z_3,pv_60,นครสวรรค์,ภาคกลาง,3,ครูไทยเพื่อประชาชน,110,0.12,25,95487
2562,pv_60_z_3,pv_60,นครสวรรค์,ภาคกลาง,3,รักษ์ผืนป่าประเทศไทย,98,0.10,26,95487
2562,pv_60_z_3,pv_60,นครสวรรค์,ภาคกลาง,3,ชาติไทยพัฒนา,81,0.08,27,95487
2562,pv_60_z_3,pv_60,นครสวรรค์,ภาคกลาง,3,พลังปวงชนไทย,59,0.06,28,95487
2562,pv_60_z_3,pv_60,นครสวรรค์,ภาคกลาง,3,แผ่นดินธรรม,58,0.06,29,95487
2562,pv_60_z_3,pv_60,นครสวรรค์,ภาคกลาง,3,แทนคุณแผ่นดิน,55,0.06,30,95487
2562,pv_60_z_3,pv_60,นครสวรรค์,ภาคกลาง,3,ผึ้งหลวง,52,0.05,31,95487
2562,pv_60_z_4,pv_60,นครสวรรค์,ภาคกลาง,4,ภูมิใจไทย,33642,36.21,1,92905
2562,pv_60_z_4,pv_60,นครสวรรค์,ภาคกลาง,4,เพื่อไทย,30141,32.44,2,92905
2562,pv_60_z_4,pv_60,นครสวรรค์,ภาคกลาง,4,พลังประชารัฐ,10144,10.92,3,92905
2562,pv_60_z_4,pv_60,นครสวรรค์,ภาคกลาง,4,อนาคตใหม่,8340,8.98,4,92905
2562,pv_60_z_4,pv_60,นครสวรรค์,ภาคกลาง,4,ประชาธิปัตย์,3240,3.49,5,92905
2562,pv_60_z_4,pv_60,นครสวรรค์,ภาคกลาง,4,เสรีรวมไทย,1466,1.58,6,92905
2562,pv_60_z_4,pv_60,นครสวรรค์,ภาคกลาง,4,พลังท้องถิ่นไท,1087,1.17,7,92905
2562,pv_60_z_4,pv_60,นครสวรรค์,ภาคกลาง,4,เศรษฐกิจใหม่,475,0.51,8,92905
2562,pv_60_z_4,pv_60,นครสวรรค์,ภาคกลาง,4,ไทรักธรรม,428,0.46,9,92905
2562,pv_60_z_4,pv_60,นครสวรรค์,ภาคกลาง,4,แทนคุณแผ่นดิน,422,0.45,10,92905
2562,pv_60_z_4,pv_60,นครสวรรค์,ภาคกลาง,4,เพื่อชาติ,399,0.43,11,92905
2562,pv_60_z_4,pv_60,นครสวรรค์,ภาคกลาง,4,รวมพลังประชาชาติไทย,390,0.42,12,92905
2562,pv_60_z_4,pv_60,นครสวรรค์,ภาคกลาง,4,ประชาภิวัฒน์,370,0.40,13,92905
2562,pv_60_z_4,pv_60,นครสวรรค์,ภาคกลาง,4,ชาติพัฒนา,342,0.37,14,92905
2562,pv_60_z_4,pv_60,นครสวรรค์,ภาคกลาง,4,ประชานิยม,239,0.26,15,92905
2562,pv_60_z_4,pv_60,นครสวรรค์,ภาคกลาง,4,ชาติไทยพัฒนา,228,0.25,16,92905
2562,pv_60_z_4,pv_60,นครสวรรค์,ภาคกลาง,4,ภราดรภาพ,184,0.20,17,92905
2562,pv_60_z_4,pv_60,นครสวรรค์,ภาคกลาง,4,ประชาธิปไตยใหม่,163,0.18,18,92905
2562,pv_60_z_4,pv_60,นครสวรรค์,ภาคกลาง,4,พลังชาติไทย,156,0.17,19,92905
2562,pv_60_z_4,pv_60,นครสวรรค์,ภาคกลาง,4,พลังไทยรักไทย,148,0.16,20,92905
2562,pv_60_z_4,pv_60,นครสวรรค์,ภาคกลาง,4,รักษ์ผืนป่าประเทศไทย,136,0.15,21,92905
2562,pv_60_z_4,pv_60,นครสวรรค์,ภาคกลาง,4,มหาชน,127,0.14,22,92905
2562,pv_60_z_4,pv_60,นครสวรรค์,ภาคกลาง,4,ไทยศรีวิไลย์,104,0.11,23,92905
2562,pv_60_z_4,pv_60,นครสวรรค์,ภาคกลาง,4,เครือข่ายชาวนาแห่งประเทศไทย,99,0.11,24,92905
2562,pv_60_z_4,pv_60,นครสวรรค์,ภาคกลาง,4,พลังปวงชนไทย,96,0.10,25,92905
2562,pv_60_z_4,pv_60,นครสวรรค์,ภาคกลาง,4,พลังประชาธิปไตย,86,0.09,26,92905
2562,pv_60_z_4,pv_60,นครสวรรค์,ภาคกลาง,4,ครูไทยเพื่อประชาชน,64,0.07,27,92905
2562,pv_60_z_4,pv_60,นครสวรรค์,ภาคกลาง,4,พลังไทสร้างชาติ,60,0.06,28,92905
2562,pv_60_z_4,pv_60,นครสวรรค์,ภาคกลาง,4,เพื่อแผ่นดิน,45,0.05,29,92905
2562,pv_60_z_4,pv_60,นครสวรรค์,ภาคกลาง,4,ผึ้งหลวง,43,0.05,30,92905
2562,pv_60_z_4,pv_60,นครสวรรค์,ภาคกลาง,4,ประชาชนปฏิรูป,41,0.04,31,92905
2562,pv_60_z_4,pv_60,นครสวรรค์,ภาคกลาง,4,เพื่อนไทย,0,0.00,32,92905
2562,pv_60_z_5,pv_60,นครสวรรค์,ภาคกลาง,5,เพื่อไทย,34367,36.56,1,94002
2562,pv_60_z_5,pv_60,นครสวรรค์,ภาคกลาง,5,ประชาธิปัตย์,26192,27.86,2,94002
2562,pv_60_z_5,pv_60,นครสวรรค์,ภาคกลาง,5,พลังประชารัฐ,16051,17.08,3,94002
2562,pv_60_z_5,pv_60,นครสวรรค์,ภาคกลาง,5,อนาคตใหม่,9415,10.02,4,94002
2562,pv_60_z_5,pv_60,นครสวรรค์,ภาคกลาง,5,เสรีรวมไทย,1094,1.16,5,94002
2562,pv_60_z_5,pv_60,นครสวรรค์,ภาคกลาง,5,ภูมิใจไทย,990,1.05,6,94002
2562,pv_60_z_5,pv_60,นครสวรรค์,ภาคกลาง,5,เศรษฐกิจใหม่,715,0.76,7,94002
2562,pv_60_z_5,pv_60,นครสวรรค์,ภาคกลาง,5,รวมพลังประชาชาติไทย,575,0.61,8,94002
2562,pv_60_z_5,pv_60,นครสวรรค์,ภาคกลาง,5,พลังชาติไทย,523,0.56,9,94002
2562,pv_60_z_5,pv_60,นครสวรรค์,ภาคกลาง,5,ทางเลือกใหม่,508,0.54,10,94002
2562,pv_60_z_5,pv_60,นครสวรรค์,ภาคกลาง,5,เพื่อชาติ,498,0.53,11,94002
2562,pv_60_z_5,pv_60,นครสวรรค์,ภาคกลาง,5,ชาติพัฒนา,414,0.44,12,94002
2562,pv_60_z_5,pv_60,นครสวรรค์,ภาคกลาง,5,พลังไทยรักไทย,336,0.36,13,94002
2562,pv_60_z_5,pv_60,นครสวรรค์,ภาคกลาง,5,ไทรักธรรม,277,0.29,14,94002
2562,pv_60_z_5,pv_60,นครสวรรค์,ภาคกลาง,5,ประชานิยม,271,0.29,15,94002
2562,pv_60_z_5,pv_60,นครสวรรค์,ภาคกลาง,5,ประชาชาติ,267,0.28,16,94002
2562,pv_60_z_5,pv_60,นครสวรรค์,ภาคกลาง,5,สยามพัฒนา,198,0.21,17,94002
2562,pv_60_z_5,pv_60,นครสวรรค์,ภาคกลาง,5,ประชาภิวัฒน์,175,0.19,18,94002
2562,pv_60_z_5,pv_60,นครสวรรค์,ภาคกลาง,5,ไทยศรีวิไลย์,171,0.18,19,94002
2562,pv_60_z_5,pv_60,นครสวรรค์,ภาคกลาง,5,ประชาชนปฏิรูป,168,0.18,20,94002
2562,pv_60_z_5,pv_60,นครสวรรค์,ภาคกลาง,5,ชาติไทยพัฒนา,158,0.17,21,94002
2562,pv_60_z_5,pv_60,นครสวรรค์,ภาคกลาง,5,ประชาธิปไตยใหม่,138,0.15,22,94002
2562,pv_60_z_5,pv_60,นครสวรรค์,ภาคกลาง,5,พลังท้องถิ่นไท,88,0.09,23,94002
2562,pv_60_z_5,pv_60,นครสวรรค์,ภาคกลาง,5,เครือข่ายชาวนาแห่งประเทศไทย,81,0.09,24,94002
2562,pv_60_z_5,pv_60,นครสวรรค์,ภาคกลาง,5,เพื่อแผ่นดิน,74,0.08,25,94002
2562,pv_60_z_5,pv_60,นครสวรรค์,ภาคกลาง,5,รักษ์ผืนป่าประเทศไทย,72,0.08,26,94002
2562,pv_60_z_5,pv_60,นครสวรรค์,ภาคกลาง,5,ครูไทยเพื่อประชาชน,69,0.07,27,94002
2562,pv_60_z_5,pv_60,นครสวรรค์,ภาคกลาง,5,ผึ้งหลวง,66,0.07,28,94002
2562,pv_60_z_5,pv_60,นครสวรรค์,ภาคกลาง,5,มหาชน,51,0.05,29,94002
2562,pv_60_z_5,pv_60,นครสวรรค์,ภาคกลาง,5,เพื่อนไทย,0,0.00,30,94002
2562,pv_60_z_5,pv_60,นครสวรรค์,ภาคกลาง,5,พลังปวงชนไทย,0,0.00,31,94002
2562,pv_60_z_6,pv_60,นครสวรรค์,ภาคกลาง,6,พลังประชารัฐ,25998,30.62,1,84898
2562,pv_60_z_6,pv_60,นครสวรรค์,ภาคกลาง,6,ชาติพัฒนา,22956,27.04,2,84898
2562,pv_60_z_6,pv_60,นครสวรรค์,ภาคกลาง,6,เพื่อไทย,19692,23.19,3,84898
2562,pv_60_z_6,pv_60,นครสวรรค์,ภาคกลาง,6,อนาคตใหม่,6331,7.46,4,84898
2562,pv_60_z_6,pv_60,นครสวรรค์,ภาคกลาง,6,ประชาธิปัตย์,3093,3.64,5,84898
2562,pv_60_z_6,pv_60,นครสวรรค์,ภาคกลาง,6,เสรีรวมไทย,1382,1.63,6,84898
2562,pv_60_z_6,pv_60,นครสวรรค์,ภาคกลาง,6,ภูมิใจไทย,685,0.81,7,84898
2562,pv_60_z_6,pv_60,นครสวรรค์,ภาคกลาง,6,ประชาธรรมไทย,680,0.80,8,84898
2562,pv_60_z_6,pv_60,นครสวรรค์,ภาคกลาง,6,ผึ้งหลวง,617,0.73,9,84898
2562,pv_60_z_6,pv_60,นครสวรรค์,ภาคกลาง,6,รักษ์ผืนป่าประเทศไทย,485,0.57,10,84898
2562,pv_60_z_6,pv_60,นครสวรรค์,ภาคกลาง,6,ประชาภิวัฒน์,388,0.46,11,84898
2562,pv_60_z_6,pv_60,นครสวรรค์,ภาคกลาง,6,เศรษฐกิจใหม่,376,0.44,12,84898
2562,pv_60_z_6,pv_60,นครสวรรค์,ภาคกลาง,6,รวมพลังประชาชาติไทย,369,0.43,13,84898
2562,pv_60_z_6,pv_60,นครสวรรค์,ภาคกลาง,6,ครูไทยเพื่อประชาชน,296,0.35,14,84898
2562,pv_60_z_6,pv_60,นครสวรรค์,ภาคกลาง,6,พลังท้องถิ่นไท,232,0.27,15,84898
2562,pv_60_z_6,pv_60,นครสวรรค์,ภาคกลาง,6,พลังไทสร้างชาติ,198,0.23,16,84898
2562,pv_60_z_6,pv_60,นครสวรรค์,ภาคกลาง,6,ไทยศรีวิไลย์,134,0.16,17,84898
2562,pv_60_z_6,pv_60,นครสวรรค์,ภาคกลาง,6,ประชาธิปไตยใหม่,131,0.15,18,84898
2562,pv_60_z_6,pv_60,นครสวรรค์,ภาคกลาง,6,เครือข่ายชาวนาแห่งประเทศไทย,109,0.13,19,84898
2562,pv_60_z_6,pv_60,นครสวรรค์,ภาคกลาง,6,ชาติไทยพัฒนา,105,0.12,20,84898
2562,pv_60_z_6,pv_60,นครสวรรค์,ภาคกลาง,6,พลังไทยรักไทย,100,0.12,21,84898
2562,pv_60_z_6,pv_60,นครสวรรค์,ภาคกลาง,6,ประชานิยม,94,0.11,22,84898
2562,pv_60_z_6,pv_60,นครสวรรค์,ภาคกลาง,6,พลเมืองไทย,83,0.10,23,84898
2562,pv_60_z_6,pv_60,นครสวรรค์,ภาคกลาง,6,พลังชาติไทย,73,0.09,24,84898
2562,pv_60_z_6,pv_60,นครสวรรค์,ภาคกลาง,6,ภราดรภาพ,64,0.08,25,84898
2562,pv_60_z_6,pv_60,นครสวรรค์,ภาคกลาง,6,พลังปวงชนไทย,60,0.07,26,84898
2562,pv_60_z_6,pv_60,นครสวรรค์,ภาคกลาง,6,พลังประชาธิปไตย,59,0.07,27,84898
2562,pv_60_z_6,pv_60,นครสวรรค์,ภาคกลาง,6,เพื่อแผ่นดิน,41,0.05,28,84898
2562,pv_60_z_6,pv_60,นครสวรรค์,ภาคกลาง,6,ไทรักธรรม,37,0.04,29,84898
2562,pv_60_z_6,pv_60,นครสวรรค์,ภาคกลาง,6,มหาชน,30,0.04,30,84898
2562,pv_60_z_6,pv_60,นครสวรรค์,ภาคกลาง,6,เพื่อชาติ,0,0.00,31,84898
2562,pv_60_z_6,pv_60,นครสวรรค์,ภาคกลาง,6,เพื่อนไทย,0,0.00,32,84898
2562,pv_60_z_6,pv_60,นครสวรรค์,ภาคกลาง,6,ประชาชนปฏิรูป,0,0.00,33,84898
2562,pv_12_z_1,pv_12,นนทบุรี,ภาคกลาง,1,พลังประชารัฐ,31767,25.40,1,125052
2562,pv_12_z_1,pv_12,นนทบุรี,ภาคกลาง,1,เพื่อไทย,30982,24.78,2,125052
2562,pv_12_z_1,pv_12,นนทบุรี,ภาคกลาง,1,อนาคตใหม่,27292,21.82,3,125052
2562,pv_12_z_1,pv_12,นนทบุรี,ภาคกลาง,1,ประชาธิปัตย์,21225,16.97,4,125052
2562,pv_12_z_1,pv_12,นนทบุรี,ภาคกลาง,1,เศรษฐกิจใหม่,5523,4.42,5,125052
2562,pv_12_z_1,pv_12,นนทบุรี,ภาคกลาง,1,เสรีรวมไทย,2988,2.39,6,125052
2562,pv_12_z_1,pv_12,นนทบุรี,ภาคกลาง,1,ภูมิใจไทย,1014,0.81,7,125052
2562,pv_12_z_1,pv_12,นนทบุรี,ภาคกลาง,1,พลังท้องถิ่นไท,726,0.58,8,125052
2562,pv_12_z_1,pv_12,นนทบุรี,ภาคกลาง,1,รวมพลังประชาชาติไทย,560,0.45,9,125052
2562,pv_12_z_1,pv_12,นนทบุรี,ภาคกลาง,1,รักษ์ผืนป่าประเทศไทย,551,0.44,10,125052
2562,pv_12_z_1,pv_12,นนทบุรี,ภาคกลาง,1,ประชาชาติ,308,0.25,11,125052
2562,pv_12_z_1,pv_12,นนทบุรี,ภาคกลาง,1,ชาติพัฒนา,297,0.24,12,125052
2562,pv_12_z_1,pv_12,นนทบุรี,ภาคกลาง,1,ไทยศรีวิไลย์,256,0.20,13,125052
2562,pv_12_z_1,pv_12,นนทบุรี,ภาคกลาง,1,เพื่อชาติ,229,0.18,14,125052
2562,pv_12_z_1,pv_12,นนทบุรี,ภาคกลาง,1,ชาติไทยพัฒนา,202,0.16,15,125052
2562,pv_12_z_1,pv_12,นนทบุรี,ภาคกลาง,1,ประชาชนปฏิรูป,198,0.16,16,125052
2562,pv_12_z_1,pv_12,นนทบุรี,ภาคกลาง,1,ประชาภิวัฒน์,127,0.10,17,125052
2562,pv_12_z_1,pv_12,นนทบุรี,ภาคกลาง,1,มหาชน,118,0.09,18,125052
2562,pv_12_z_1,pv_12,นนทบุรี,ภาคกลาง,1,พลังประชาธิปไตย,104,0.08,19,125052
2562,pv_12_z_1,pv_12,นนทบุรี,ภาคกลาง,1,พลังไทยรักไทย,102,0.08,20,125052
2562,pv_12_z_1,pv_12,นนทบุรี,ภาคกลาง,1,ครูไทยเพื่อประชาชน,87,0.07,21,125052
2562,pv_12_z_1,pv_12,นนทบุรี,ภาคกลาง,1,ประชานิยม,85,0.07,22,125052
2562,pv_12_z_1,pv_12,นนทบุรี,ภาคกลาง,1,ภราดรภาพ,76,0.06,23,125052
2562,pv_12_z_1,pv_12,นนทบุรี,ภาคกลาง,1,ทางเลือกใหม่,61,0.05,24,125052
2562,pv_12_z_1,pv_12,นนทบุรี,ภาคกลาง,1,พลังชาติไทย,51,0.04,25,125052
2562,pv_12_z_1,pv_12,นนทบุรี,ภาคกลาง,1,ประชาธรรมไทย,49,0.04,26,125052
2562,pv_12_z_1,pv_12,นนทบุรี,ภาคกลาง,1,พลังไทสร้างชาติ,38,0.03,27,125052
2562,pv_12_z_1,pv_12,นนทบุรี,ภาคกลาง,1,เพื่อแผ่นดิน,36,0.03,28,125052
2562,pv_12_z_2,pv_12,นนทบุรี,ภาคกลาง,2,เพื่อไทย,28954,26.53,1,109147
2562,pv_12_z_2,pv_12,นนทบุรี,ภาคกลาง,2,พลังประชารัฐ,27725,25.40,2,109147
2562,pv_12_z_2,pv_12,นนทบุรี,ภาคกลาง,2,อนาคตใหม่,22816,20.90,3,109147
2562,pv_12_z_2,pv_12,นนทบุรี,ภาคกลาง,2,ประชาธิปัตย์,18011,16.50,4,109147
2562,pv_12_z_2,pv_12,นนทบุรี,ภาคกลาง,2,เศรษฐกิจใหม่,4924,4.51,5,109147
2562,pv_12_z_2,pv_12,นนทบุรี,ภาคกลาง,2,เสรีรวมไทย,2731,2.50,6,109147
2562,pv_12_z_2,pv_12,นนทบุรี,ภาคกลาง,2,ภูมิใจไทย,680,0.62,7,109147
2562,pv_12_z_2,pv_12,นนทบุรี,ภาคกลาง,2,รักษ์ผืนป่าประเทศไทย,550,0.50,8,109147
2562,pv_12_z_2,pv_12,นนทบุรี,ภาคกลาง,2,รวมพลังประชาชาติไทย,384,0.35,9,109147
2562,pv_12_z_2,pv_12,นนทบุรี,ภาคกลาง,2,ชาติไทยพัฒนา,264,0.24,10,109147
2562,pv_12_z_2,pv_12,นนทบุรี,ภาคกลาง,2,พลังท้องถิ่นไท,263,0.24,11,109147
2562,pv_12_z_2,pv_12,นนทบุรี,ภาคกลาง,2,ชาติพัฒนา,247,0.23,12,109147
2562,pv_12_z_2,pv_12,นนทบุรี,ภาคกลาง,2,ไทยศรีวิไลย์,229,0.21,13,109147
2562,pv_12_z_2,pv_12,นนทบุรี,ภาคกลาง,2,ทางเลือกใหม่,202,0.19,14,109147
2562,pv_12_z_2,pv_12,นนทบุรี,ภาคกลาง,2,ประชาชนปฏิรูป,157,0.14,15,109147
2562,pv_12_z_2,pv_12,นนทบุรี,ภาคกลาง,2,เพื่อชาติ,156,0.14,16,109147
2562,pv_12_z_2,pv_12,นนทบุรี,ภาคกลาง,2,ประชาธิปไตยใหม่,156,0.14,17,109147
2562,pv_12_z_2,pv_12,นนทบุรี,ภาคกลาง,2,พลังไทยรักชาติ,104,0.10,18,109147
2562,pv_12_z_2,pv_12,นนทบุรี,ภาคกลาง,2,ประชาภิวัฒน์,78,0.07,19,109147
2562,pv_12_z_2,pv_12,นนทบุรี,ภาคกลาง,2,ประชาธรรมไทย,73,0.07,20,109147
2562,pv_12_z_2,pv_12,นนทบุรี,ภาคกลาง,2,ครูไทยเพื่อประชาชน,72,0.07,21,109147
2562,pv_12_z_2,pv_12,นนทบุรี,ภาคกลาง,2,พลังประชาธิปไตย,71,0.07,22,109147
2562,pv_12_z_2,pv_12,นนทบุรี,ภาคกลาง,2,เพื่อแผ่นดิน,56,0.05,23,109147
2562,pv_12_z_2,pv_12,นนทบุรี,ภาคกลาง,2,ประชานิยม,52,0.05,24,109147
2562,pv_12_z_2,pv_12,นนทบุรี,ภาคกลาง,2,ไทรักธรรม,46,0.04,25,109147
2562,pv_12_z_2,pv_12,นนทบุรี,ภาคกลาง,2,พลังชาติไทย,45,0.04,26,109147
2562,pv_12_z_2,pv_12,นนทบุรี,ภาคกลาง,2,พลเมืองไทย,40,0.04,27,109147
2562,pv_12_z_2,pv_12,นนทบุรี,ภาคกลาง,2,ภราดรภาพ,34,0.03,28,109147
2562,pv_12_z_2,pv_12,นนทบุรี,ภาคกลาง,2,พลังปวงชนไทย,27,0.02,29,109147
2562,pv_12_z_2,pv_12,นนทบุรี,ภาคกลาง,2,เพื่อนไทย,0,0.00,30,109147
2562,pv_12_z_3,pv_12,นนทบุรี,ภาคกลาง,3,เพื่อไทย,32905,26.22,1,125491
2562,pv_12_z_3,pv_12,นนทบุรี,ภาคกลาง,3,พลังประชารัฐ,29171,23.25,2,125491
2562,pv_12_z_3,pv_12,นนทบุรี,ภาคกลาง,3,อนาคตใหม่,28962,23.08,3,125491
2562,pv_12_z_3,pv_12,นนทบุรี,ภาคกลาง,3,ประชาธิปัตย์,18344,14.62,4,125491
2562,pv_12_z_3,pv_12,นนทบุรี,ภาคกลาง,3,เศรษฐกิจใหม่,5045,4.02,5,125491
2562,pv_12_z_3,pv_12,นนทบุรี,ภาคกลาง,3,เสรีรวมไทย,3540,2.82,6,125491
2562,pv_12_z_3,pv_12,นนทบุรี,ภาคกลาง,3,ภูมิใจไทย,3055,2.43,7,125491
2562,pv_12_z_3,pv_12,นนทบุรี,ภาคกลาง,3,รวมพลังประชาชาติไทย,508,0.40,8,125491
2562,pv_12_z_3,pv_12,นนทบุรี,ภาคกลาง,3,เพื่อชาติ,462,0.37,9,125491
2562,pv_12_z_3,pv_12,นนทบุรี,ภาคกลาง,3,เพื่อแผ่นดิน,430,0.34,10,125491
2562,pv_12_z_3,pv_12,นนทบุรี,ภาคกลาง,3,รักษ์ผืนป่าประเทศไทย,372,0.30,11,125491
2562,pv_12_z_3,pv_12,นนทบุรี,ภาคกลาง,3,ไทยศรีวิไลย์,306,0.24,12,125491
2562,pv_12_z_3,pv_12,นนทบุรี,ภาคกลาง,3,ทางเลือกใหม่,273,0.22,13,125491
2562,pv_12_z_3,pv_12,นนทบุรี,ภาคกลาง,3,ชาติไทยพัฒนา,245,0.20,14,125491
2562,pv_12_z_3,pv_12,นนทบุรี,ภาคกลาง,3,พลังท้องถิ่นไท,212,0.17,15,125491
2562,pv_12_z_3,pv_12,นนทบุรี,ภาคกลาง,3,ประชาชนปฏิรูป,192,0.15,16,125491
2562,pv_12_z_3,pv_12,นนทบุรี,ภาคกลาง,3,พลังไทยรักไทย,169,0.13,17,125491
2562,pv_12_z_3,pv_12,นนทบุรี,ภาคกลาง,3,พลังประชาธิปไตย,156,0.12,18,125491
2562,pv_12_z_3,pv_12,นนทบุรี,ภาคกลาง,3,พลังไทยรักชาติ,153,0.12,19,125491
2562,pv_12_z_3,pv_12,นนทบุรี,ภาคกลาง,3,ประชาภิวัฒน์,146,0.12,20,125491
2562,pv_12_z_3,pv_12,นนทบุรี,ภาคกลาง,3,ครูไทยเพื่อประชาชน,116,0.09,21,125491
2562,pv_12_z_3,pv_12,นนทบุรี,ภาคกลาง,3,พลเมืองไทย,115,0.09,22,125491
2562,pv_12_z_3,pv_12,นนทบุรี,ภาคกลาง,3,ชาติพัฒนา,114,0.09,23,125491
2562,pv_12_z_3,pv_12,นนทบุรี,ภาคกลาง,3,พลังธรรมใหม่,111,0.09,24,125491
2562,pv_12_z_3,pv_12,นนทบุรี,ภาคกลาง,3,พลังชาติไทย,98,0.08,25,125491
2562,pv_12_z_3,pv_12,นนทบุรี,ภาคกลาง,3,ประชาชาติ,74,0.06,26,125491
2562,pv_12_z_3,pv_12,นนทบุรี,ภาคกลาง,3,ประชานิยม,57,0.05,27,125491
2562,pv_12_z_3,pv_12,นนทบุรี,ภาคกลาง,3,ประชาธิปไตยใหม่,50,0.04,28,125491
2562,pv_12_z_3,pv_12,นนทบุรี,ภาคกลาง,3,พลังไทสร้างชาติ,48,0.04,29,125491
2562,pv_12_z_3,pv_12,นนทบุรี,ภาคกลาง,3,มหาชน,46,0.04,30,125491
2562,pv_12_z_3,pv_12,นนทบุรี,ภาคกลาง,3,พลังปวงชนไทย,16,0.01,31,125491
2562,pv_12_z_3,pv_12,นนทบุรี,ภาคกลาง,3,เพื่อนไทย,0,0.00,32,125491
2562,pv_12_z_4,pv_12,นนทบุรี,ภาคกลาง,4,เพื่อไทย,33408,28.16,1,118656
2562,pv_12_z_4,pv_12,นนทบุรี,ภาคกลาง,4,อนาคตใหม่,27979,23.58,2,118656
2562,pv_12_z_4,pv_12,นนทบุรี,ภาคกลาง,4,พลังประชารัฐ,25342,21.36,3,118656
2562,pv_12_z_4,pv_12,นนทบุรี,ภาคกลาง,4,ประชาธิปัตย์,21160,17.83,4,118656
2562,pv_12_z_4,pv_12,นนทบุรี,ภาคกลาง,4,รวมพลังประชาชาติไทย,3890,3.28,5,118656
2562,pv_12_z_4,pv_12,นนทบุรี,ภาคกลาง,4,เสรีรวมไทย,2787,2.35,6,118656
2562,pv_12_z_4,pv_12,นนทบุรี,ภาคกลาง,4,ภูมิใจไทย,991,0.84,7,118656
2562,pv_12_z_4,pv_12,นนทบุรี,ภาคกลาง,4,รักษ์ผืนป่าประเทศไทย,511,0.43,8,118656
2562,pv_12_z_4,pv_12,นนทบุรี,ภาคกลาง,4,พลังท้องถิ่นไท,309,0.26,9,118656
2562,pv_12_z_4,pv_12,นนทบุรี,ภาคกลาง,4,ชาติไทยพัฒนา,239,0.20,10,118656
2562,pv_12_z_4,pv_12,นนทบุรี,ภาคกลาง,4,ชาติพัฒนา,238,0.20,11,118656
2562,pv_12_z_4,pv_12,นนทบุรี,ภาคกลาง,4,เพื่อชาติ,226,0.19,12,118656
2562,pv_12_z_4,pv_12,นนทบุรี,ภาคกลาง,4,ไทยศรีวิไลย์,226,0.19,13,118656
2562,pv_12_z_4,pv_12,นนทบุรี,ภาคกลาง,4,ประชาชนปฏิรูป,214,0.18,14,118656
2562,pv_12_z_4,pv_12,นนทบุรี,ภาคกลาง,4,เพื่อแผ่นดิน,157,0.13,15,118656
2562,pv_12_z_4,pv_12,นนทบุรี,ภาคกลาง,4,พลังไทยรักไทย,140,0.12,16,118656
2562,pv_12_z_4,pv_12,นนทบุรี,ภาคกลาง,4,ประชาชาติ,114,0.10,17,118656
2562,pv_12_z_4,pv_12,นนทบุรี,ภาคกลาง,4,มหาชน,101,0.09,18,118656
2562,pv_12_z_4,pv_12,นนทบุรี,ภาคกลาง,4,พลังชาติไทย,90,0.08,19,118656
2562,pv_12_z_4,pv_12,นนทบุรี,ภาคกลาง,4,ทางเลือกใหม่,89,0.08,20,118656
2562,pv_12_z_4,pv_12,นนทบุรี,ภาคกลาง,4,พลังประชาธิปไตย,87,0.07,21,118656
2562,pv_12_z_4,pv_12,นนทบุรี,ภาคกลาง,4,ประชาภิวัฒน์,79,0.07,22,118656
2562,pv_12_z_4,pv_12,นนทบุรี,ภาคกลาง,4,ครูไทยเพื่อประชาชน,74,0.06,23,118656
2562,pv_12_z_4,pv_12,นนทบุรี,ภาคกลาง,4,ประชานิยม,55,0.05,24,118656
2562,pv_12_z_4,pv_12,นนทบุรี,ภาคกลาง,4,พลเมืองไทย,48,0.04,25,118656
2562,pv_12_z_4,pv_12,นนทบุรี,ภาคกลาง,4,ไทรักธรรม,48,0.04,26,118656
2562,pv_12_z_4,pv_12,นนทบุรี,ภาคกลาง,4,พลังไทสร้างชาติ,34,0.03,27,118656
2562,pv_12_z_4,pv_12,นนทบุรี,ภาคกลาง,4,ประชาธรรมไทย,20,0.02,28,118656
2562,pv_12_z_4,pv_12,นนทบุรี,ภาคกลาง,4,เพื่อนไทย,0,0.00,29,118656
2562,pv_12_z_5,pv_12,นนทบุรี,ภาคกลาง,5,เพื่อไทย,33764,26.13,1,129193
2562,pv_12_z_5,pv_12,นนทบุรี,ภาคกลาง,5,พลังประชารัฐ,32972,25.52,2,129193
2562,pv_12_z_5,pv_12,นนทบุรี,ภาคกลาง,5,อนาคตใหม่,32953,25.51,3,129193
2562,pv_12_z_5,pv_12,นนทบุรี,ภาคกลาง,5,ประชาธิปัตย์,18406,14.25,4,129193
2562,pv_12_z_5,pv_12,นนทบุรี,ภาคกลาง,5,เสรีรวมไทย,3575,2.77,5,129193
2562,pv_12_z_5,pv_12,นนทบุรี,ภาคกลาง,5,ภูมิใจไทย,2024,1.57,6,129193
2562,pv_12_z_5,pv_12,นนทบุรี,ภาคกลาง,5,ชาติไทยพัฒนา,1231,0.95,7,129193
2562,pv_12_z_5,pv_12,นนทบุรี,ภาคกลาง,5,รวมพลังประชาชาติไทย,742,0.57,8,129193
2562,pv_12_z_5,pv_12,นนทบุรี,ภาคกลาง,5,รักษ์ผืนป่าประเทศไทย,658,0.51,9,129193
2562,pv_12_z_5,pv_12,นนทบุรี,ภาคกลาง,5,เพื่อชาติ,432,0.33,10,129193
2562,pv_12_z_5,pv_12,นนทบุรี,ภาคกลาง,5,พลังท้องถิ่นไท,287,0.22,11,129193
2562,pv_12_z_5,pv_12,นนทบุรี,ภาคกลาง,5,ไทยศรีวิไลย์,276,0.21,12,129193
2562,pv_12_z_5,pv_12,นนทบุรี,ภาคกลาง,5,ประชาชนปฏิรูป,275,0.21,13,129193
2562,pv_12_z_5,pv_12,นนทบุรี,ภาคกลาง,5,ชาติพัฒนา,221,0.17,14,129193
2562,pv_12_z_5,pv_12,นนทบุรี,ภาคกลาง,5,พลังประชาธิปไตย,219,0.17,15,129193
2562,pv_12_z_5,pv_12,นนทบุรี,ภาคกลาง,5,พลังไทยรักไทย,215,0.17,16,129193
2562,pv_12_z_5,pv_12,นนทบุรี,ภาคกลาง,5,ทางเลือกใหม่,185,0.14,17,129193
2562,pv_12_z_5,pv_12,นนทบุรี,ภาคกลาง,5,ภราดรภาพ,172,0.13,18,129193
2562,pv_12_z_5,pv_12,นนทบุรี,ภาคกลาง,5,ประชาภิวัฒน์,170,0.13,19,129193
2562,pv_12_z_5,pv_12,นนทบุรี,ภาคกลาง,5,พลังชาติไทย,110,0.09,20,129193
2562,pv_12_z_5,pv_12,นนทบุรี,ภาคกลาง,5,ประชานิยม,84,0.07,21,129193
2562,pv_12_z_5,pv_12,นนทบุรี,ภาคกลาง,5,เพื่อแผ่นดิน,72,0.06,22,129193
2562,pv_12_z_5,pv_12,นนทบุรี,ภาคกลาง,5,มหาชน,60,0.05,23,129193
2562,pv_12_z_5,pv_12,นนทบุรี,ภาคกลาง,5,พลเมืองไทย,49,0.04,24,129193
2562,pv_12_z_5,pv_12,นนทบุรี,ภาคกลาง,5,พลังปวงชนไทย,41,0.03,25,129193
2562,pv_12_z_6,pv_12,นนทบุรี,ภาคกลาง,6,เพื่อไทย,32748,28.61,1,114482
2562,pv_12_z_6,pv_12,นนทบุรี,ภาคกลาง,6,ประชาธิปัตย์,27782,24.27,2,114482
2562,pv_12_z_6,pv_12,นนทบุรี,ภาคกลาง,6,อนาคตใหม่,23175,20.24,3,114482
2562,pv_12_z_6,pv_12,นนทบุรี,ภาคกลาง,6,พลังประชารัฐ,17639,15.41,4,114482
2562,pv_12_z_6,pv_12,นนทบุรี,ภาคกลาง,6,เศรษฐกิจใหม่,3032,2.65,5,114482
2562,pv_12_z_6,pv_12,นนทบุรี,ภาคกลาง,6,เสรีรวมไทย,2946,2.57,6,114482
2562,pv_12_z_6,pv_12,นนทบุรี,ภาคกลาง,6,ภูมิใจไทย,2270,1.98,7,114482
2562,pv_12_z_6,pv_12,นนทบุรี,ภาคกลาง,6,ชาติไทยพัฒนา,649,0.57,8,114482
2562,pv_12_z_6,pv_12,นนทบุรี,ภาคกลาง,6,เพื่อชาติ,516,0.45,9,114482
2562,pv_12_z_6,pv_12,นนทบุรี,ภาคกลาง,6,ประชาชาติ,500,0.44,10,114482
2562,pv_12_z_6,pv_12,นนทบุรี,ภาคกลาง,6,ไทยศรีวิไลย์,350,0.31,11,114482
2562,pv_12_z_6,pv_12,นนทบุรี,ภาคกลาง,6,รักษ์ผืนป่าประเทศไทย,342,0.30,12,114482
2562,pv_12_z_6,pv_12,นนทบุรี,ภาคกลาง,6,ทางเลือกใหม่,319,0.28,13,114482
2562,pv_12_z_6,pv_12,นนทบุรี,ภาคกลาง,6,พลังประชาธิปไตย,278,0.24,14,114482
2562,pv_12_z_6,pv_12,นนทบุรี,ภาคกลาง,6,ชาติพัฒนา,266,0.23,15,114482
2562,pv_12_z_6,pv_12,นนทบุรี,ภาคกลาง,6,ประชาชนปฏิรูป,251,0.22,16,114482
2562,pv_12_z_6,pv_12,นนทบุรี,ภาคกลาง,6,รวมพลังประชาชาติไทย,234,0.20,17,114482
2562,pv_12_z_6,pv_12,นนทบุรี,ภาคกลาง,6,รวมใจไทย,189,0.17,18,114482
2562,pv_12_z_6,pv_12,นนทบุรี,ภาคกลาง,6,พลังชาติไทย,175,0.15,19,114482
2562,pv_12_z_6,pv_12,นนทบุรี,ภาคกลาง,6,พลังท้องถิ่นไท,158,0.14,20,114482
2562,pv_12_z_6,pv_12,นนทบุรี,ภาคกลาง,6,ประชาภิวัฒน์,134,0.12,21,114482
2562,pv_12_z_6,pv_12,นนทบุรี,ภาคกลาง,6,พลังไทยรักไทย,91,0.08,22,114482
2562,pv_12_z_6,pv_12,นนทบุรี,ภาคกลาง,6,ครูไทยเพื่อประชาชน,86,0.08,23,114482
2562,pv_12_z_6,pv_12,นนทบุรี,ภาคกลาง,6,ภราดรภาพ,60,0.05,24,114482
2562,pv_12_z_6,pv_12,นนทบุรี,ภาคกลาง,6,มหาชน,59,0.05,25,114482
2562,pv_12_z_6,pv_12,นนทบุรี,ภาคกลาง,6,ประชาธิปไตยใหม่,58,0.05,26,114482
2562,pv_12_z_6,pv_12,นนทบุรี,ภาคกลาง,6,ประชานิยม,55,0.05,27,114482
2562,pv_12_z_6,pv_12,นนทบุรี,ภาคกลาง,6,เพื่อแผ่นดิน,54,0.05,28,114482
2562,pv_12_z_6,pv_12,นนทบุรี,ภาคกลาง,6,ประชาธรรมไทย,37,0.03,29,114482
2562,pv_12_z_6,pv_12,นนทบุรี,ภาคกลาง,6,พลังไทสร้างชาติ,29,0.03,30,114482
2562,pv_12_z_6,pv_12,นนทบุรี,ภาคกลาง,6,เพื่อนไทย,0,0.00,31,114482
2562,pv_96_z_1,pv_96,นราธิวาส,ภาคใต้,1,พลังประชารัฐ,32268,32.61,1,98960
2562,pv_96_z_1,pv_96,นราธิวาส,ภาคใต้,1,ประชาชาติ,22555,22.79,2,98960
2562,pv_96_z_1,pv_96,นราธิวาส,ภาคใต้,1,ประชาธิปัตย์,15122,15.28,3,98960
2562,pv_96_z_1,pv_96,นราธิวาส,ภาคใต้,1,รวมพลังประชาชาติไทย,12102,12.23,4,98960
2562,pv_96_z_1,pv_96,นราธิวาส,ภาคใต้,1,อนาคตใหม่,8761,8.85,5,98960
2562,pv_96_z_1,pv_96,นราธิวาส,ภาคใต้,1,ภูมิใจไทย,2267,2.29,6,98960
2562,pv_96_z_1,pv_96,นราธิวาส,ภาคใต้,1,เพื่อไทย,1532,1.55,7,98960
2562,pv_96_z_1,pv_96,นราธิวาส,ภาคใต้,1,เสรีรวมไทย,789,0.80,8,98960
2562,pv_96_z_1,pv_96,นราธิวาส,ภาคใต้,1,พลังท้องถิ่นไท,570,0.58,9,98960
2562,pv_96_z_1,pv_96,นราธิวาส,ภาคใต้,1,ชาติไทยพัฒนา,402,0.41,10,98960
2562,pv_96_z_1,pv_96,นราธิวาส,ภาคใต้,1,เศรษฐกิจใหม่,379,0.38,11,98960
2562,pv_96_z_1,pv_96,นราธิวาส,ภาคใต้,1,เพื่อชาติ,278,0.28,12,98960
2562,pv_96_z_1,pv_96,นราธิวาส,ภาคใต้,1,เพื่อธรรม,199,0.20,13,98960
2562,pv_96_z_1,pv_96,นราธิวาส,ภาคใต้,1,ถิ่นกาขาวชาววิไล,183,0.18,14,98960
2562,pv_96_z_1,pv_96,นราธิวาส,ภาคใต้,1,พลังสังคม,175,0.18,15,98960
2562,pv_96_z_1,pv_96,นราธิวาส,ภาคใต้,1,พลังสหกรณ์,143,0.14,16,98960
2562,pv_96_z_1,pv_96,นราธิวาส,ภาคใต้,1,พลังปวงชนไทย,121,0.12,17,98960
2562,pv_96_z_1,pv_96,นราธิวาส,ภาคใต้,1,แผ่นดินธรรม,115,0.12,18,98960
2562,pv_96_z_1,pv_96,นราธิวาส,ภาคใต้,1,พลเมืองไทย,115,0.12,19,98960
2562,pv_96_z_1,pv_96,นราธิวาส,ภาคใต้,1,ไทรักธรรม,113,0.11,20,98960
2562,pv_96_z_1,pv_96,นราธิวาส,ภาคใต้,1,เพื่อคนไทย,104,0.11,21,98960
2562,pv_96_z_1,pv_96,นราธิวาส,ภาคใต้,1,ทางเลือกใหม่,98,0.10,22,98960
2562,pv_96_z_1,pv_96,นราธิวาส,ภาคใต้,1,พลังไทยรักชาติ,88,0.09,23,98960
2562,pv_96_z_1,pv_96,นราธิวาส,ภาคใต้,1,ประชาธิปไตยใหม่,76,0.08,24,98960
2562,pv_96_z_1,pv_96,นราธิวาส,ภาคใต้,1,ชาติพัฒนา,69,0.07,25,98960
2562,pv_96_z_1,pv_96,นราธิวาส,ภาคใต้,1,ประชาธรรมไทย,64,0.06,26,98960
2562,pv_96_z_1,pv_96,นราธิวาส,ภาคใต้,1,พลังไทยรักไทย,59,0.06,27,98960
2562,pv_96_z_1,pv_96,นราธิวาส,ภาคใต้,1,รักษ์ผืนป่าประเทศไทย,51,0.05,28,98960
2562,pv_96_z_1,pv_96,นราธิวาส,ภาคใต้,1,คลองไทย,48,0.05,29,98960
2562,pv_96_z_1,pv_96,นราธิวาส,ภาคใต้,1,ประชาภิวัฒน์,33,0.03,30,98960
2562,pv_96_z_1,pv_96,นราธิวาส,ภาคใต้,1,ภราดรภาพ,24,0.02,31,98960
2562,pv_96_z_1,pv_96,นราธิวาส,ภาคใต้,1,ครูไทยเพื่อประชาชน,22,0.02,32,98960
2562,pv_96_z_1,pv_96,นราธิวาส,ภาคใต้,1,ประชาไทย,15,0.02,33,98960
2562,pv_96_z_1,pv_96,นราธิวาส,ภาคใต้,1,ภูมิพลังเกษตรกรไทย,11,0.01,34,98960
2562,pv_96_z_1,pv_96,นราธิวาส,ภาคใต้,1,ไทยธรรม,9,0.01,35,98960
2562,pv_96_z_1,pv_96,นราธิวาส,ภาคใต้,1,ไทยรักษาชาติ,0,0.00,36,98960
2562,pv_96_z_1,pv_96,นราธิวาส,ภาคใต้,1,พลังชาติไทย,0,0.00,37,98960
2562,pv_96_z_1,pv_96,นราธิวาส,ภาคใต้,1,พลังประชาธิปไตย,0,0.00,38,98960
2562,pv_96_z_2,pv_96,นราธิวาส,ภาคใต้,2,พลังประชารัฐ,34211,37.74,1,90660
2562,pv_96_z_2,pv_96,นราธิวาส,ภาคใต้,2,ประชาชาติ,21825,24.07,2,90660
2562,pv_96_z_2,pv_96,นราธิวาส,ภาคใต้,2,ประชาธิปัตย์,13012,14.35,3,90660
2562,pv_96_z_2,pv_96,นราธิวาส,ภาคใต้,2,รวมพลังประชาชาติไทย,8695,9.59,4,90660
2562,pv_96_z_2,pv_96,นราธิวาส,ภาคใต้,2,อนาคตใหม่,6325,6.98,5,90660
2562,pv_96_z_2,pv_96,นราธิวาส,ภาคใต้,2,เสรีรวมไทย,1013,1.12,6,90660
2562,pv_96_z_2,pv_96,นราธิวาส,ภาคใต้,2,ภูมิใจไทย,967,1.07,7,90660
2562,pv_96_z_2,pv_96,นราธิวาส,ภาคใต้,2,เพื่อธรรม,643,0.71,8,90660
2562,pv_96_z_2,pv_96,นราธิวาส,ภาคใต้,2,ทางเลือกใหม่,450,0.50,9,90660
2562,pv_96_z_2,pv_96,นราธิวาส,ภาคใต้,2,เศรษฐกิจใหม่,444,0.49,10,90660
2562,pv_96_z_2,pv_96,นราธิวาส,ภาคใต้,2,ภราดรภาพ,391,0.43,11,90660
2562,pv_96_z_2,pv_96,นราธิวาส,ภาคใต้,2,เพื่อคนไทย,316,0.35,12,90660
2562,pv_96_z_2,pv_96,นราธิวาส,ภาคใต้,2,เพื่อชาติ,224,0.25,13,90660
2562,pv_96_z_2,pv_96,นราธิวาส,ภาคใต้,2,พลังท้องถิ่นไท,223,0.25,14,90660
2562,pv_96_z_2,pv_96,นราธิวาส,ภาคใต้,2,ชาติไทยพัฒนา,218,0.24,15,90660
2562,pv_96_z_2,pv_96,นราธิวาส,ภาคใต้,2,ชาติพัฒนา,185,0.20,16,90660
2562,pv_96_z_2,pv_96,นราธิวาส,ภาคใต้,2,พลังไทยรักไทย,179,0.20,17,90660
2562,pv_96_z_2,pv_96,นราธิวาส,ภาคใต้,2,พลังชาติไทย,169,0.19,18,90660
2562,pv_96_z_2,pv_96,นราธิวาส,ภาคใต้,2,พลเมืองไทย,160,0.18,19,90660
2562,pv_96_z_2,pv_96,นราธิวาส,ภาคใต้,2,เพื่อแผ่นดิน,154,0.17,20,90660
2562,pv_96_z_2,pv_96,นราธิวาส,ภาคใต้,2,แผ่นดินธรรม,133,0.15,21,90660
2562,pv_96_z_2,pv_96,นราธิวาส,ภาคใต้,2,คลองไทย,100,0.11,22,90660
2562,pv_96_z_2,pv_96,นราธิวาส,ภาคใต้,2,พลังไทยรักชาติ,94,0.10,23,90660
2562,pv_96_z_2,pv_96,นราธิวาส,ภาคใต้,2,ประชาธิปไตยใหม่,83,0.09,24,90660
2562,pv_96_z_2,pv_96,นราธิวาส,ภาคใต้,2,ไทรักธรรม,76,0.08,25,90660
2562,pv_96_z_2,pv_96,นราธิวาส,ภาคใต้,2,ประชาธรรมไทย,61,0.07,26,90660
2562,pv_96_z_2,pv_96,นราธิวาส,ภาคใต้,2,รักษ์ผืนป่าประเทศไทย,56,0.06,27,90660
2562,pv_96_z_2,pv_96,นราธิวาส,ภาคใต้,2,พลังประชาธิปไตย,37,0.04,28,90660
2562,pv_96_z_2,pv_96,นราธิวาส,ภาคใต้,2,ประชาภิวัฒน์,36,0.04,29,90660
2562,pv_96_z_2,pv_96,นราธิวาส,ภาคใต้,2,พลังไทสร้างชาติ,35,0.04,30,90660
2562,pv_96_z_2,pv_96,นราธิวาส,ภาคใต้,2,พลังปวงชนไทย,34,0.04,31,90660
2562,pv_96_z_2,pv_96,นราธิวาส,ภาคใต้,2,ถิ่นกาขาวชาววิไล,34,0.04,32,90660
2562,pv_96_z_2,pv_96,นราธิวาส,ภาคใต้,2,ครูไทยเพื่อประชาชน,25,0.03,33,90660
2562,pv_96_z_2,pv_96,นราธิวาส,ภาคใต้,2,ภูมิพลังเกษตรกรไทย,24,0.03,34,90660
2562,pv_96_z_2,pv_96,นราธิวาส,ภาคใต้,2,พลังสังคม,19,0.02,35,90660
2562,pv_96_z_2,pv_96,นราธิวาส,ภาคใต้,2,ไทยธรรม,9,0.01,36,90660
2562,pv_96_z_2,pv_96,นราธิวาส,ภาคใต้,2,ไทยรักษาชาติ,0,0.00,37,90660
2562,pv_96_z_3,pv_96,นราธิวาส,ภาคใต้,3,ประชาชาติ,39438,40.23,1,98039
2562,pv_96_z_3,pv_96,นราธิวาส,ภาคใต้,3,รวมพลังประชาชาติไทย,19525,19.92,2,98039
2562,pv_96_z_3,pv_96,นราธิวาส,ภาคใต้,3,พลังประชารัฐ,15596,15.91,3,98039
2562,pv_96_z_3,pv_96,นราธิวาส,ภาคใต้,3,ประชาธิปัตย์,10583,10.79,4,98039
2562,pv_96_z_3,pv_96,นราธิวาส,ภาคใต้,3,อนาคตใหม่,6129,6.25,5,98039
2562,pv_96_z_3,pv_96,นราธิวาส,ภาคใต้,3,เพื่อไทย,1321,1.35,6,98039
2562,pv_96_z_3,pv_96,นราธิวาส,ภาคใต้,3,ภูมิใจไทย,772,0.79,7,98039
2562,pv_96_z_3,pv_96,นราธิวาส,ภาคใต้,3,เสรีรวมไทย,585,0.60,8,98039
2562,pv_96_z_3,pv_96,นราธิวาส,ภาคใต้,3,เพื่อธรรม,467,0.48,9,98039
2562,pv_96_z_3,pv_96,นราธิวาส,ภาคใต้,3,ครูไทยเพื่อประชาชน,417,0.43,10,98039
2562,pv_96_z_3,pv_96,นราธิวาส,ภาคใต้,3,เพื่อชาติ,411,0.42,11,98039
2562,pv_96_z_3,pv_96,นราธิวาส,ภาคใต้,3,เพื่อคนไทย,248,0.25,12,98039
2562,pv_96_z_3,pv_96,นราธิวาส,ภาคใต้,3,พลังปวงชนไทย,225,0.23,13,98039
2562,pv_96_z_3,pv_96,นราธิวาส,ภาคใต้,3,พลังสังคม,208,0.21,14,98039
2562,pv_96_z_3,pv_96,นราธิวาส,ภาคใต้,3,พลังท้องถิ่นไท,185,0.19,15,98039
2562,pv_96_z_3,pv_96,นราธิวาส,ภาคใต้,3,ประชาธิปไตยใหม่,173,0.18,16,98039
2562,pv_96_z_3,pv_96,นราธิวาส,ภาคใต้,3,แผ่นดินธรรม,173,0.18,17,98039
2562,pv_96_z_3,pv_96,นราธิวาส,ภาคใต้,3,ชาติพัฒนา,165,0.17,18,98039
2562,pv_96_z_3,pv_96,นราธิวาส,ภาคใต้,3,พลังชาติไทย,154,0.16,19,98039
2562,pv_96_z_3,pv_96,นราธิวาส,ภาคใต้,3,ชาติไทยพัฒนา,147,0.15,20,98039
2562,pv_96_z_3,pv_96,นราธิวาส,ภาคใต้,3,พลังไทยรักไทย,139,0.14,21,98039
2562,pv_96_z_3,pv_96,นราธิวาส,ภาคใต้,3,พลังประชาธิปไตย,112,0.11,22,98039
2562,pv_96_z_3,pv_96,นราธิวาส,ภาคใต้,3,ประชาภิวัฒน์,97,0.10,23,98039
2562,pv_96_z_3,pv_96,นราธิวาส,ภาคใต้,3,ไทรักธรรม,94,0.10,24,98039
2562,pv_96_z_3,pv_96,นราธิวาส,ภาคใต้,3,ถิ่นกาขาวชาววิไล,89,0.09,25,98039
2562,pv_96_z_3,pv_96,นราธิวาส,ภาคใต้,3,ไทยธรรม,79,0.08,26,98039
2562,pv_96_z_3,pv_96,นราธิวาส,ภาคใต้,3,พลเมืองไทย,77,0.08,27,98039
2562,pv_96_z_3,pv_96,นราธิวาส,ภาคใต้,3,ภูมิพลังเกษตรกรไทย,76,0.08,28,98039
2562,pv_96_z_3,pv_96,นราธิวาส,ภาคใต้,3,มหาชน,72,0.07,29,98039
2562,pv_96_z_3,pv_96,นราธิวาส,ภาคใต้,3,ทางเลือกใหม่,62,0.06,30,98039
2562,pv_96_z_3,pv_96,นราธิวาส,ภาคใต้,3,ประชาธรรมไทย,61,0.06,31,98039
2562,pv_96_z_3,pv_96,นราธิวาส,ภาคใต้,3,พลังไทสร้างชาติ,53,0.05,32,98039
2562,pv_96_z_3,pv_96,นราธิวาส,ภาคใต้,3,รักษ์ผืนป่าประเทศไทย,45,0.05,33,98039
2562,pv_96_z_3,pv_96,นราธิวาส,ภาคใต้,3,ภราดรภาพ,40,0.04,34,98039
2562,pv_96_z_3,pv_96,นราธิวาส,ภาคใต้,3,คลองไทย,21,0.02,35,98039
2562,pv_96_z_4,pv_96,นราธิวาส,ภาคใต้,4,ประชาชาติ,40807,36.57,1,111591
2562,pv_96_z_4,pv_96,นราธิวาส,ภาคใต้,4,ภูมิใจไทย,34451,30.87,2,111591
2562,pv_96_z_4,pv_96,นราธิวาส,ภาคใต้,4,รวมพลังประชาชาติไทย,11540,10.34,3,111591
2562,pv_96_z_4,pv_96,นราธิวาส,ภาคใต้,4,ประชาธิปัตย์,8777,7.87,4,111591
2562,pv_96_z_4,pv_96,นราธิวาส,ภาคใต้,4,อนาคตใหม่,6470,5.80,5,111591
2562,pv_96_z_4,pv_96,นราธิวาส,ภาคใต้,4,พลังประชารัฐ,3179,2.85,6,111591
2562,pv_96_z_4,pv_96,นราธิวาส,ภาคใต้,4,เพื่อไทย,1453,1.30,7,111591
2562,pv_96_z_4,pv_96,นราธิวาส,ภาคใต้,4,เสรีรวมไทย,709,0.64,8,111591
2562,pv_96_z_4,pv_96,นราธิวาส,ภาคใต้,4,ครูไทยเพื่อประชาชน,560,0.50,9,111591
2562,pv_96_z_4,pv_96,นราธิวาส,ภาคใต้,4,พลเมืองไทย,447,0.40,10,111591
2562,pv_96_z_4,pv_96,นราธิวาส,ภาคใต้,4,เพื่อคนไทย,396,0.35,11,111591
2562,pv_96_z_4,pv_96,นราธิวาส,ภาคใต้,4,ชาติไทยพัฒนา,322,0.29,12,111591
2562,pv_96_z_4,pv_96,นราธิวาส,ภาคใต้,4,พลังไทยรักชาติ,241,0.22,13,111591
2562,pv_96_z_4,pv_96,นราธิวาส,ภาคใต้,4,ประชาธรรมไทย,222,0.20,14,111591
2562,pv_96_z_4,pv_96,นราธิวาส,ภาคใต้,4,คนธรรมดาแห่งประเทศไทย,198,0.18,15,111591
2562,pv_96_z_4,pv_96,นราธิวาส,ภาคใต้,4,พลังท้องถิ่นไท,159,0.14,16,111591
2562,pv_96_z_4,pv_96,นราธิวาส,ภาคใต้,4,เพื่อชาติ,157,0.14,17,111591
2562,pv_96_z_4,pv_96,นราธิวาส,ภาคใต้,4,แผ่นดินธรรม,155,0.14,18,111591
2562,pv_96_z_4,pv_96,นราธิวาส,ภาคใต้,4,เศรษฐกิจใหม่,149,0.13,19,111591
2562,pv_96_z_4,pv_96,นราธิวาส,ภาคใต้,4,เพื่อธรรม,147,0.13,20,111591
2562,pv_96_z_4,pv_96,นราธิวาส,ภาคใต้,4,พลังประชาธิปไตย,133,0.12,21,111591
2562,pv_96_z_4,pv_96,นราธิวาส,ภาคใต้,4,พลังปวงชนไทย,122,0.11,22,111591
2562,pv_96_z_4,pv_96,นราธิวาส,ภาคใต้,4,พลังชาติไทย,121,0.11,23,111591
2562,pv_96_z_4,pv_96,นราธิวาส,ภาคใต้,4,รักษ์ผืนป่าประเทศไทย,109,0.10,24,111591
2562,pv_96_z_4,pv_96,นราธิวาส,ภาคใต้,4,ประชาธิปไตยใหม่,102,0.09,25,111591
2562,pv_96_z_4,pv_96,นราธิวาส,ภาคใต้,4,ทางเลือกใหม่,79,0.07,26,111591
2562,pv_96_z_4,pv_96,นราธิวาส,ภาคใต้,4,คลองไทย,69,0.06,27,111591
2562,pv_96_z_4,pv_96,นราธิวาส,ภาคใต้,4,ประชาชนปฏิรูป,69,0.06,28,111591
2562,pv_96_z_4,pv_96,นราธิวาส,ภาคใต้,4,ไทรักธรรม,48,0.04,29,111591
2562,pv_96_z_4,pv_96,นราธิวาส,ภาคใต้,4,พลังไทยรักไทย,43,0.04,30,111591
2562,pv_96_z_4,pv_96,นราธิวาส,ภาคใต้,4,ถิ่นกาขาวชาววิไล,41,0.04,31,111591
2562,pv_96_z_4,pv_96,นราธิวาส,ภาคใต้,4,ไทยธรรม,37,0.03,32,111591
2562,pv_96_z_4,pv_96,นราธิวาส,ภาคใต้,4,ภราดรภาพ,31,0.03,33,111591
2562,pv_96_z_4,pv_96,นราธิวาส,ภาคใต้,4,ประชาภิวัฒน์,30,0.03,34,111591
2562,pv_96_z_4,pv_96,นราธิวาส,ภาคใต้,4,ภูมิพลังเกษตรกรไทย,18,0.02,35,111591
2562,pv_96_z_4,pv_96,นราธิวาส,ภาคใต้,4,พลังสังคม,0,0.00,36,111591
2562,pv_55_z_1,pv_55,น่าน,ภาคเหนือ,1,เพื่อไทย,36949,35.29,1,104706
2562,pv_55_z_1,pv_55,น่าน,ภาคเหนือ,1,พลังประชารัฐ,23269,22.22,2,104706
2562,pv_55_z_1,pv_55,น่าน,ภาคเหนือ,1,อนาคตใหม่,18394,17.57,3,104706
2562,pv_55_z_1,pv_55,น่าน,ภาคเหนือ,1,รักษ์ผืนป่าประเทศไทย,9663,9.23,4,104706
2562,pv_55_z_1,pv_55,น่าน,ภาคเหนือ,1,ประชาธิปัตย์,6916,6.61,5,104706
2562,pv_55_z_1,pv_55,น่าน,ภาคเหนือ,1,เสรีรวมไทย,1210,1.16,6,104706
2562,pv_55_z_1,pv_55,น่าน,ภาคเหนือ,1,ประชาภิวัฒน์,1061,1.01,7,104706
2562,pv_55_z_1,pv_55,น่าน,ภาคเหนือ,1,เศรษฐกิจใหม่,917,0.88,8,104706
2562,pv_55_z_1,pv_55,น่าน,ภาคเหนือ,1,พลังปวงชนไทย,884,0.84,9,104706
2562,pv_55_z_1,pv_55,น่าน,ภาคเหนือ,1,เพื่อชาติ,745,0.71,10,104706
2562,pv_55_z_1,pv_55,น่าน,ภาคเหนือ,1,ประชาธิปไตยใหม่,647,0.62,11,104706
2562,pv_55_z_1,pv_55,น่าน,ภาคเหนือ,1,ภูมิใจไทย,494,0.47,12,104706
2562,pv_55_z_1,pv_55,น่าน,ภาคเหนือ,1,พลังท้องถิ่นไท,451,0.43,13,104706
2562,pv_55_z_1,pv_55,น่าน,ภาคเหนือ,1,แทนคุณแผ่นดิน,431,0.41,14,104706
2562,pv_55_z_1,pv_55,น่าน,ภาคเหนือ,1,ชาติพันธุ์ไทย,398,0.38,15,104706
2562,pv_55_z_1,pv_55,น่าน,ภาคเหนือ,1,ภราดรภาพ,316,0.30,16,104706
2562,pv_55_z_1,pv_55,น่าน,ภาคเหนือ,1,ทางเลือกใหม่,276,0.26,17,104706
2562,pv_55_z_1,pv_55,น่าน,ภาคเหนือ,1,เพื่อแผ่นดิน,274,0.26,18,104706
2562,pv_55_z_1,pv_55,น่าน,ภาคเหนือ,1,รวมพลังประชาชาติไทย,246,0.23,19,104706
2562,pv_55_z_1,pv_55,น่าน,ภาคเหนือ,1,พลังไทยรักไทย,210,0.20,20,104706
2562,pv_55_z_1,pv_55,น่าน,ภาคเหนือ,1,ประชานิยม,143,0.14,21,104706
2562,pv_55_z_1,pv_55,น่าน,ภาคเหนือ,1,พลังชาติไทย,138,0.13,22,104706
2562,pv_55_z_1,pv_55,น่าน,ภาคเหนือ,1,ไทรักธรรม,137,0.13,23,104706
2562,pv_55_z_1,pv_55,น่าน,ภาคเหนือ,1,ประชาชาติ,135,0.13,24,104706
2562,pv_55_z_1,pv_55,น่าน,ภาคเหนือ,1,กรีน,129,0.12,25,104706
2562,pv_55_z_1,pv_55,น่าน,ภาคเหนือ,1,ประชาชนปฏิรูป,114,0.11,26,104706
2562,pv_55_z_1,pv_55,น่าน,ภาคเหนือ,1,ประชาธรรมไทย,92,0.09,27,104706
2562,pv_55_z_1,pv_55,น่าน,ภาคเหนือ,1,ครูไทยเพื่อประชาชน,67,0.06,28,104706
2562,pv_55_z_2,pv_55,น่าน,ภาคเหนือ,2,เพื่อไทย,46824,47.95,1,97643
2562,pv_55_z_2,pv_55,น่าน,ภาคเหนือ,2,อนาคตใหม่,16066,16.45,2,97643
2562,pv_55_z_2,pv_55,น่าน,ภาคเหนือ,2,พลังประชารัฐ,13829,14.16,3,97643
2562,pv_55_z_2,pv_55,น่าน,ภาคเหนือ,2,ประชาธิปัตย์,8954,9.17,4,97643
2562,pv_55_z_2,pv_55,น่าน,ภาคเหนือ,2,ชาติไทยพัฒนา,3776,3.87,5,97643
2562,pv_55_z_2,pv_55,น่าน,ภาคเหนือ,2,เพื่อชาติ,2145,2.20,6,97643
2562,pv_55_z_2,pv_55,น่าน,ภาคเหนือ,2,เสรีรวมไทย,979,1.00,7,97643
2562,pv_55_z_2,pv_55,น่าน,ภาคเหนือ,2,ประชาธรรมไทย,521,0.53,8,97643
2562,pv_55_z_2,pv_55,น่าน,ภาคเหนือ,2,เศรษฐกิจใหม่,480,0.49,9,97643
2562,pv_55_z_2,pv_55,น่าน,ภาคเหนือ,2,รวมพลังประชาชาติไทย,467,0.48,10,97643
2562,pv_55_z_2,pv_55,น่าน,ภาคเหนือ,2,ชาติพันธุ์ไทย,405,0.41,11,97643
2562,pv_55_z_2,pv_55,น่าน,ภาคเหนือ,2,พลังแผ่นดินทอง,347,0.36,12,97643
2562,pv_55_z_2,pv_55,น่าน,ภาคเหนือ,2,พลังไทยรักไทย,331,0.34,13,97643
2562,pv_55_z_2,pv_55,น่าน,ภาคเหนือ,2,พลังท้องถิ่นไท,310,0.32,14,97643
2562,pv_55_z_2,pv_55,น่าน,ภาคเหนือ,2,ประชาชาติ,259,0.27,15,97643
2562,pv_55_z_2,pv_55,น่าน,ภาคเหนือ,2,พลังปวงชนไทย,259,0.27,16,97643
2562,pv_55_z_2,pv_55,น่าน,ภาคเหนือ,2,ภราดรภาพ,234,0.24,17,97643
2562,pv_55_z_2,pv_55,น่าน,ภาคเหนือ,2,ประชาภิวัฒน์,216,0.22,18,97643
2562,pv_55_z_2,pv_55,น่าน,ภาคเหนือ,2,ประชาชนปฏิรูป,174,0.18,19,97643
2562,pv_55_z_2,pv_55,น่าน,ภาคเหนือ,2,ครูไทยเพื่อประชาชน,164,0.17,20,97643
2562,pv_55_z_2,pv_55,น่าน,ภาคเหนือ,2,แทนคุณแผ่นดิน,162,0.17,21,97643
2562,pv_55_z_2,pv_55,น่าน,ภาคเหนือ,2,เพื่อแผ่นดิน,153,0.16,22,97643
2562,pv_55_z_2,pv_55,น่าน,ภาคเหนือ,2,ภูมิใจไทย,138,0.14,23,97643
2562,pv_55_z_2,pv_55,น่าน,ภาคเหนือ,2,กรีน,127,0.13,24,97643
2562,pv_55_z_2,pv_55,น่าน,ภาคเหนือ,2,ประชานิยม,126,0.13,25,97643
2562,pv_55_z_2,pv_55,น่าน,ภาคเหนือ,2,พลังชาติไทย,118,0.12,26,97643
2562,pv_55_z_2,pv_55,น่าน,ภาคเหนือ,2,ไทรักธรรม,79,0.08,27,97643
2562,pv_55_z_2,pv_55,น่าน,ภาคเหนือ,2,รักษ์ผืนป่าประเทศไทย,0,0.00,28,97643
2562,pv_55_z_3,pv_55,น่าน,ภาคเหนือ,3,เพื่อไทย,31659,36.56,1,86605
2562,pv_55_z_3,pv_55,น่าน,ภาคเหนือ,3,พลังประชารัฐ,22640,26.14,2,86605
2562,pv_55_z_3,pv_55,น่าน,ภาคเหนือ,3,อนาคตใหม่,13014,15.03,3,86605
2562,pv_55_z_3,pv_55,น่าน,ภาคเหนือ,3,ชาติไทยพัฒนา,5351,6.18,4,86605
2562,pv_55_z_3,pv_55,น่าน,ภาคเหนือ,3,ประชาธิปัตย์,2743,3.17,5,86605
2562,pv_55_z_3,pv_55,น่าน,ภาคเหนือ,3,พลังปวงชนไทย,2203,2.54,6,86605
2562,pv_55_z_3,pv_55,น่าน,ภาคเหนือ,3,เสรีรวมไทย,1609,1.86,7,86605
2562,pv_55_z_3,pv_55,น่าน,ภาคเหนือ,3,ภูมิใจไทย,903,1.04,8,86605
2562,pv_55_z_3,pv_55,น่าน,ภาคเหนือ,3,พลังท้องถิ่นไท,882,1.02,9,86605
2562,pv_55_z_3,pv_55,น่าน,ภาคเหนือ,3,พลังไทยรักไทย,715,0.83,10,86605
2562,pv_55_z_3,pv_55,น่าน,ภาคเหนือ,3,ประชาธิปไตยใหม่,647,0.75,11,86605
2562,pv_55_z_3,pv_55,น่าน,ภาคเหนือ,3,ประชาภิวัฒน์,604,0.70,12,86605
2562,pv_55_z_3,pv_55,น่าน,ภาคเหนือ,3,เพื่อแผ่นดิน,591,0.68,13,86605
2562,pv_55_z_3,pv_55,น่าน,ภาคเหนือ,3,เศรษฐกิจใหม่,521,0.60,14,86605
2562,pv_55_z_3,pv_55,น่าน,ภาคเหนือ,3,รวมพลังประชาชาติไทย,412,0.48,15,86605
2562,pv_55_z_3,pv_55,น่าน,ภาคเหนือ,3,เพื่อชาติ,297,0.34,16,86605
2562,pv_55_z_3,pv_55,น่าน,ภาคเหนือ,3,ภาคีเครือข่ายไทย,274,0.32,17,86605
2562,pv_55_z_3,pv_55,น่าน,ภาคเหนือ,3,ประชาชาติ,261,0.30,18,86605
2562,pv_55_z_3,pv_55,น่าน,ภาคเหนือ,3,พลังชาติไทย,201,0.23,19,86605
2562,pv_55_z_3,pv_55,น่าน,ภาคเหนือ,3,ภราดรภาพ,179,0.21,20,86605
2562,pv_55_z_3,pv_55,น่าน,ภาคเหนือ,3,ครูไทยเพื่อประชาชน,178,0.21,21,86605
2562,pv_55_z_3,pv_55,น่าน,ภาคเหนือ,3,ประชานิยม,151,0.17,22,86605
2562,pv_55_z_3,pv_55,น่าน,ภาคเหนือ,3,แทนคุณแผ่นดิน,142,0.16,23,86605
2562,pv_55_z_3,pv_55,น่าน,ภาคเหนือ,3,ประชาชนปฏิรูป,137,0.16,24,86605
2562,pv_55_z_3,pv_55,น่าน,ภาคเหนือ,3,ชาติพันธุ์ไทย,119,0.14,25,86605
2562,pv_55_z_3,pv_55,น่าน,ภาคเหนือ,3,กรีน,94,0.11,26,86605
2562,pv_55_z_3,pv_55,น่าน,ภาคเหนือ,3,ไทรักธรรม,78,0.09,27,86605
2562,pv_55_z_3,pv_55,น่าน,ภาคเหนือ,3,รักษ์ผืนป่าประเทศไทย,0,0.00,28,86605
2562,pv_38_z_1,pv_38,บึงกาฬ,ภาคตะวันออกเฉียงเหนือ,1,เพื่อไทย,36117,34.07,1,106014
2562,pv_38_z_1,pv_38,บึงกาฬ,ภาคตะวันออกเฉียงเหนือ,1,ภูมิใจไทย,30926,29.17,2,106014
2562,pv_38_z_1,pv_38,บึงกาฬ,ภาคตะวันออกเฉียงเหนือ,1,อนาคตใหม่,17072,16.10,3,106014
2562,pv_38_z_1,pv_38,บึงกาฬ,ภาคตะวันออกเฉียงเหนือ,1,พลังประชารัฐ,11862,11.19,4,106014
2562,pv_38_z_1,pv_38,บึงกาฬ,ภาคตะวันออกเฉียงเหนือ,1,ประชาธิปัตย์,1268,1.20,5,106014
2562,pv_38_z_1,pv_38,บึงกาฬ,ภาคตะวันออกเฉียงเหนือ,1,เสรีรวมไทย,1253,1.18,6,106014
2562,pv_38_z_1,pv_38,บึงกาฬ,ภาคตะวันออกเฉียงเหนือ,1,พลังปวงชนไทย,1233,1.16,7,106014
2562,pv_38_z_1,pv_38,บึงกาฬ,ภาคตะวันออกเฉียงเหนือ,1,ครูไทยเพื่อประชาชน,676,0.64,8,106014
2562,pv_38_z_1,pv_38,บึงกาฬ,ภาคตะวันออกเฉียงเหนือ,1,ชาติพัฒนา,572,0.54,9,106014
2562,pv_38_z_1,pv_38,บึงกาฬ,ภาคตะวันออกเฉียงเหนือ,1,ประชาธรรมไทย,562,0.53,10,106014
2562,pv_38_z_1,pv_38,บึงกาฬ,ภาคตะวันออกเฉียงเหนือ,1,เศรษฐกิจใหม่,495,0.47,11,106014
2562,pv_38_z_1,pv_38,บึงกาฬ,ภาคตะวันออกเฉียงเหนือ,1,เพื่อชาติ,457,0.43,12,106014
2562,pv_38_z_1,pv_38,บึงกาฬ,ภาคตะวันออกเฉียงเหนือ,1,รวมพลังประชาชาติไทย,366,0.35,13,106014
2562,pv_38_z_1,pv_38,บึงกาฬ,ภาคตะวันออกเฉียงเหนือ,1,พลังท้องถิ่นไท,339,0.32,14,106014
2562,pv_38_z_1,pv_38,บึงกาฬ,ภาคตะวันออกเฉียงเหนือ,1,ฐานรากไทย,324,0.31,15,106014
2562,pv_38_z_1,pv_38,บึงกาฬ,ภาคตะวันออกเฉียงเหนือ,1,ชาติไทยพัฒนา,316,0.30,16,106014
2562,pv_38_z_1,pv_38,บึงกาฬ,ภาคตะวันออกเฉียงเหนือ,1,พลเมืองไทย,315,0.30,17,106014
2562,pv_38_z_1,pv_38,บึงกาฬ,ภาคตะวันออกเฉียงเหนือ,1,รักษ์ผืนป่าประเทศไทย,261,0.25,18,106014
2562,pv_38_z_1,pv_38,บึงกาฬ,ภาคตะวันออกเฉียงเหนือ,1,เพื่อไทยพัฒนา,198,0.19,19,106014
2562,pv_38_z_1,pv_38,บึงกาฬ,ภาคตะวันออกเฉียงเหนือ,1,พลังไทยรักไทย,189,0.18,20,106014
2562,pv_38_z_1,pv_38,บึงกาฬ,ภาคตะวันออกเฉียงเหนือ,1,ผึ้งหลวง,159,0.15,21,106014
2562,pv_38_z_1,pv_38,บึงกาฬ,ภาคตะวันออกเฉียงเหนือ,1,ประชานิยม,146,0.14,22,106014
2562,pv_38_z_1,pv_38,บึงกาฬ,ภาคตะวันออกเฉียงเหนือ,1,ไทยศรีวิไลย์,142,0.13,23,106014
2562,pv_38_z_1,pv_38,บึงกาฬ,ภาคตะวันออกเฉียงเหนือ,1,พลังสังคม,134,0.13,24,106014
2562,pv_38_z_1,pv_38,บึงกาฬ,ภาคตะวันออกเฉียงเหนือ,1,เพื่อแผ่นดิน,87,0.08,25,106014
2562,pv_38_z_1,pv_38,บึงกาฬ,ภาคตะวันออกเฉียงเหนือ,1,ประชากรไทย,86,0.08,26,106014
2562,pv_38_z_1,pv_38,บึงกาฬ,ภาคตะวันออกเฉียงเหนือ,1,ประชาภิวัฒน์,78,0.07,27,106014
2562,pv_38_z_1,pv_38,บึงกาฬ,ภาคตะวันออกเฉียงเหนือ,1,ประชาธิปไตยใหม่,70,0.07,28,106014
2562,pv_38_z_1,pv_38,บึงกาฬ,ภาคตะวันออกเฉียงเหนือ,1,ไทรักธรรม,65,0.06,29,106014
2562,pv_38_z_1,pv_38,บึงกาฬ,ภาคตะวันออกเฉียงเหนือ,1,ประชาชนปฏิรูป,54,0.05,30,106014
2562,pv_38_z_1,pv_38,บึงกาฬ,ภาคตะวันออกเฉียงเหนือ,1,พลังชาติไทย,53,0.05,31,106014
2562,pv_38_z_1,pv_38,บึงกาฬ,ภาคตะวันออกเฉียงเหนือ,1,พลังศรัทธา,44,0.04,32,106014
2562,pv_38_z_1,pv_38,บึงกาฬ,ภาคตะวันออกเฉียงเหนือ,1,พลังประชาธิปไตย,42,0.04,33,106014
2562,pv_38_z_1,pv_38,บึงกาฬ,ภาคตะวันออกเฉียงเหนือ,1,พลังธรรมใหม่,30,0.03,34,106014
2562,pv_38_z_1,pv_38,บึงกาฬ,ภาคตะวันออกเฉียงเหนือ,1,พลังไทสร้างชาติ,23,0.02,35,106014
2562,pv_38_z_1,pv_38,บึงกาฬ,ภาคตะวันออกเฉียงเหนือ,1,เพื่อนไทย,0,0.00,36,106014
2562,pv_38_z_2,pv_38,บึงกาฬ,ภาคตะวันออกเฉียงเหนือ,2,เพื่อไทย,35359,34.78,1,101658
2562,pv_38_z_2,pv_38,บึงกาฬ,ภาคตะวันออกเฉียงเหนือ,2,อนาคตใหม่,19732,19.41,2,101658
2562,pv_38_z_2,pv_38,บึงกาฬ,ภาคตะวันออกเฉียงเหนือ,2,ภูมิใจไทย,16584,16.31,3,101658
2562,pv_38_z_2,pv_38,บึงกาฬ,ภาคตะวันออกเฉียงเหนือ,2,พลังประชารัฐ,15861,15.60,4,101658
2562,pv_38_z_2,pv_38,บึงกาฬ,ภาคตะวันออกเฉียงเหนือ,2,ชาติไทยพัฒนา,2549,2.51,5,101658
2562,pv_38_z_2,pv_38,บึงกาฬ,ภาคตะวันออกเฉียงเหนือ,2,เพื่อชาติ,1918,1.89,6,101658
2562,pv_38_z_2,pv_38,บึงกาฬ,ภาคตะวันออกเฉียงเหนือ,2,ประชาธิปัตย์,1896,1.87,7,101658
2562,pv_38_z_2,pv_38,บึงกาฬ,ภาคตะวันออกเฉียงเหนือ,2,เสรีรวมไทย,1352,1.33,8,101658
2562,pv_38_z_2,pv_38,บึงกาฬ,ภาคตะวันออกเฉียงเหนือ,2,เศรษฐกิจใหม่,1310,1.29,9,101658
2562,pv_38_z_2,pv_38,บึงกาฬ,ภาคตะวันออกเฉียงเหนือ,2,รักท้องถิ่นไทย,761,0.75,10,101658
2562,pv_38_z_2,pv_38,บึงกาฬ,ภาคตะวันออกเฉียงเหนือ,2,เพื่อไทยพัฒนา,745,0.73,11,101658
2562,pv_38_z_2,pv_38,บึงกาฬ,ภาคตะวันออกเฉียงเหนือ,2,พลังปวงชนไทย,565,0.56,12,101658
2562,pv_38_z_2,pv_38,บึงกาฬ,ภาคตะวันออกเฉียงเหนือ,2,ภราดรภาพ,314,0.31,13,101658
2562,pv_38_z_2,pv_38,บึงกาฬ,ภาคตะวันออกเฉียงเหนือ,2,ผึ้งหลวง,277,0.27,14,101658
2562,pv_38_z_2,pv_38,บึงกาฬ,ภาคตะวันออกเฉียงเหนือ,2,ประชาชนปฏิรูป,234,0.23,15,101658
2562,pv_38_z_2,pv_38,บึงกาฬ,ภาคตะวันออกเฉียงเหนือ,2,รวมพลังประชาชาติไทย,232,0.23,16,101658
2562,pv_38_z_2,pv_38,บึงกาฬ,ภาคตะวันออกเฉียงเหนือ,2,ประชาชาติ,215,0.21,17,101658
2562,pv_38_z_2,pv_38,บึงกาฬ,ภาคตะวันออกเฉียงเหนือ,2,ประชาภิวัฒน์,201,0.20,18,101658
2562,pv_38_z_2,pv_38,บึงกาฬ,ภาคตะวันออกเฉียงเหนือ,2,พลังท้องถิ่นไท,145,0.14,19,101658
2562,pv_38_z_2,pv_38,บึงกาฬ,ภาคตะวันออกเฉียงเหนือ,2,รักษ์ผืนป่าประเทศไทย,126,0.12,20,101658
2562,pv_38_z_2,pv_38,บึงกาฬ,ภาคตะวันออกเฉียงเหนือ,2,ประชาธิปไตยใหม่,126,0.12,21,101658
2562,pv_38_z_2,pv_38,บึงกาฬ,ภาคตะวันออกเฉียงเหนือ,2,ไทยศรีวิไลย์,125,0.12,22,101658
2562,pv_38_z_2,pv_38,บึงกาฬ,ภาคตะวันออกเฉียงเหนือ,2,ประชาธรรมไทย,123,0.12,23,101658
2562,pv_38_z_2,pv_38,บึงกาฬ,ภาคตะวันออกเฉียงเหนือ,2,พลังไทยรักไทย,112,0.11,24,101658
2562,pv_38_z_2,pv_38,บึงกาฬ,ภาคตะวันออกเฉียงเหนือ,2,พลเมืองไทย,110,0.11,25,101658
2562,pv_38_z_2,pv_38,บึงกาฬ,ภาคตะวันออกเฉียงเหนือ,2,ประชากรไทย,108,0.11,26,101658
2562,pv_38_z_2,pv_38,บึงกาฬ,ภาคตะวันออกเฉียงเหนือ,2,ประชานิยม,103,0.10,27,101658
2562,pv_38_z_2,pv_38,บึงกาฬ,ภาคตะวันออกเฉียงเหนือ,2,พลังสังคม,89,0.09,28,101658
2562,pv_38_z_2,pv_38,บึงกาฬ,ภาคตะวันออกเฉียงเหนือ,2,ครูไทยเพื่อประชาชน,84,0.08,29,101658
2562,pv_38_z_2,pv_38,บึงกาฬ,ภาคตะวันออกเฉียงเหนือ,2,พลังไทสร้างชาติ,79,0.08,30,101658
2562,pv_38_z_2,pv_38,บึงกาฬ,ภาคตะวันออกเฉียงเหนือ,2,แผ่นดินธรรม,75,0.07,31,101658
2562,pv_38_z_2,pv_38,บึงกาฬ,ภาคตะวันออกเฉียงเหนือ,2,พลังชาติไทย,52,0.05,32,101658
2562,pv_38_z_2,pv_38,บึงกาฬ,ภาคตะวันออกเฉียงเหนือ,2,เพื่อแผ่นดิน,41,0.04,33,101658
2562,pv_38_z_2,pv_38,บึงกาฬ,ภาคตะวันออกเฉียงเหนือ,2,ไทรักธรรม,32,0.03,34,101658
2562,pv_38_z_2,pv_38,บึงกาฬ,ภาคตะวันออกเฉียงเหนือ,2,ฐานรากไทย,23,0.02,35,101658
2562,pv_38_z_2,pv_38,บึงกาฬ,ภาคตะวันออกเฉียงเหนือ,2,เพื่อนไทย,0,0.00,36,101658
2562,pv_31_z_1,pv_31,บุรีรัมย์,ภาคตะวันออกเฉียงเหนือ,1,ภูมิใจไทย,41513,41.28,1,100569
2562,pv_31_z_1,pv_31,บุรีรัมย์,ภาคตะวันออกเฉียงเหนือ,1,พลังประชารัฐ,25979,25.83,2,100569
2562,pv_31_z_1,pv_31,บุรีรัมย์,ภาคตะวันออกเฉียงเหนือ,1,อนาคตใหม่,19403,19.29,3,100569
2562,pv_31_z_1,pv_31,บุรีรัมย์,ภาคตะวันออกเฉียงเหนือ,1,ประชาธิปัตย์,2770,2.75,4,100569
2562,pv_31_z_1,pv_31,บุรีรัมย์,ภาคตะวันออกเฉียงเหนือ,1,เพื่อชาติ,2118,2.11,5,100569
2562,pv_31_z_1,pv_31,บุรีรัมย์,ภาคตะวันออกเฉียงเหนือ,1,เสรีรวมไทย,2054,2.04,6,100569
2562,pv_31_z_1,pv_31,บุรีรัมย์,ภาคตะวันออกเฉียงเหนือ,1,เศรษฐกิจใหม่,1190,1.18,7,100569
2562,pv_31_z_1,pv_31,บุรีรัมย์,ภาคตะวันออกเฉียงเหนือ,1,พลังไทยรักไทย,800,0.80,8,100569
2562,pv_31_z_1,pv_31,บุรีรัมย์,ภาคตะวันออกเฉียงเหนือ,1,ชาติไทยพัฒนา,778,0.77,9,100569
2562,pv_31_z_1,pv_31,บุรีรัมย์,ภาคตะวันออกเฉียงเหนือ,1,ไทยศรีวิไลย์,609,0.61,10,100569
2562,pv_31_z_1,pv_31,บุรีรัมย์,ภาคตะวันออกเฉียงเหนือ,1,ประชาชนปฏิรูป,428,0.43,11,100569
2562,pv_31_z_1,pv_31,บุรีรัมย์,ภาคตะวันออกเฉียงเหนือ,1,รวมพลังประชาชาติไทย,366,0.36,12,100569
2562,pv_31_z_1,pv_31,บุรีรัมย์,ภาคตะวันออกเฉียงเหนือ,1,พลังชาติไทย,280,0.28,13,100569
2562,pv_31_z_1,pv_31,บุรีรัมย์,ภาคตะวันออกเฉียงเหนือ,1,ประชาภิวัฒน์,267,0.27,14,100569
2562,pv_31_z_1,pv_31,บุรีรัมย์,ภาคตะวันออกเฉียงเหนือ,1,ผึ้งหลวง,238,0.24,15,100569
2562,pv_31_z_1,pv_31,บุรีรัมย์,ภาคตะวันออกเฉียงเหนือ,1,แผ่นดินธรรม,224,0.22,16,100569
2562,pv_31_z_1,pv_31,บุรีรัมย์,ภาคตะวันออกเฉียงเหนือ,1,พลังศรัทธา,200,0.20,17,100569
2562,pv_31_z_1,pv_31,บุรีรัมย์,ภาคตะวันออกเฉียงเหนือ,1,เพื่อแผ่นดิน,162,0.16,18,100569
2562,pv_31_z_1,pv_31,บุรีรัมย์,ภาคตะวันออกเฉียงเหนือ,1,พลังประชาธิปไตย,159,0.16,19,100569
2562,pv_31_z_1,pv_31,บุรีรัมย์,ภาคตะวันออกเฉียงเหนือ,1,ไทรักธรรม,158,0.16,20,100569
2562,pv_31_z_1,pv_31,บุรีรัมย์,ภาคตะวันออกเฉียงเหนือ,1,กรีน,156,0.16,21,100569
2562,pv_31_z_1,pv_31,บุรีรัมย์,ภาคตะวันออกเฉียงเหนือ,1,พลังท้องถิ่นไท,136,0.14,22,100569
2562,pv_31_z_1,pv_31,บุรีรัมย์,ภาคตะวันออกเฉียงเหนือ,1,รักษ์ผืนป่าประเทศไทย,126,0.13,23,100569
2562,pv_31_z_1,pv_31,บุรีรัมย์,ภาคตะวันออกเฉียงเหนือ,1,ชาติพัฒนา,114,0.11,24,100569
2562,pv_31_z_1,pv_31,บุรีรัมย์,ภาคตะวันออกเฉียงเหนือ,1,ครูไทยเพื่อประชาชน,82,0.08,25,100569
2562,pv_31_z_1,pv_31,บุรีรัมย์,ภาคตะวันออกเฉียงเหนือ,1,พลังปวงชนไทย,78,0.08,26,100569
2562,pv_31_z_1,pv_31,บุรีรัมย์,ภาคตะวันออกเฉียงเหนือ,1,พลังสังคม,64,0.06,27,100569
2562,pv_31_z_1,pv_31,บุรีรัมย์,ภาคตะวันออกเฉียงเหนือ,1,ประชาธรรมไทย,63,0.06,28,100569
2562,pv_31_z_1,pv_31,บุรีรัมย์,ภาคตะวันออกเฉียงเหนือ,1,มหาชน,54,0.05,29,100569
2562,pv_31_z_1,pv_31,บุรีรัมย์,ภาคตะวันออกเฉียงเหนือ,1,ไทยรักษาชาติ,0,0.00,30,100569
2562,pv_31_z_1,pv_31,บุรีรัมย์,ภาคตะวันออกเฉียงเหนือ,1,เพื่อนไทย,0,0.00,31,100569
2562,pv_31_z_2,pv_31,บุรีรัมย์,ภาคตะวันออกเฉียงเหนือ,2,ภูมิใจไทย,34212,36.08,1,94818
2562,pv_31_z_2,pv_31,บุรีรัมย์,ภาคตะวันออกเฉียงเหนือ,2,เพื่อไทย,27956,29.48,2,94818
2562,pv_31_z_2,pv_31,บุรีรัมย์,ภาคตะวันออกเฉียงเหนือ,2,พลังประชารัฐ,13137,13.85,3,94818
2562,pv_31_z_2,pv_31,บุรีรัมย์,ภาคตะวันออกเฉียงเหนือ,2,อนาคตใหม่,11560,12.19,4,94818
2562,pv_31_z_2,pv_31,บุรีรัมย์,ภาคตะวันออกเฉียงเหนือ,2,ประชาธิปัตย์,2091,2.21,5,94818
2562,pv_31_z_2,pv_31,บุรีรัมย์,ภาคตะวันออกเฉียงเหนือ,2,เสรีรวมไทย,868,0.92,6,94818
2562,pv_31_z_2,pv_31,บุรีรัมย์,ภาคตะวันออกเฉียงเหนือ,2,พลังสังคม,591,0.62,7,94818
2562,pv_31_z_2,pv_31,บุรีรัมย์,ภาคตะวันออกเฉียงเหนือ,2,รวมพลังประชาชาติไทย,556,0.59,8,94818
2562,pv_31_z_2,pv_31,บุรีรัมย์,ภาคตะวันออกเฉียงเหนือ,2,ผึ้งหลวง,443,0.47,9,94818
2562,pv_31_z_2,pv_31,บุรีรัมย์,ภาคตะวันออกเฉียงเหนือ,2,เพื่อชาติ,418,0.44,10,94818
2562,pv_31_z_2,pv_31,บุรีรัมย์,ภาคตะวันออกเฉียงเหนือ,2,เศรษฐกิจใหม่,333,0.35,11,94818
2562,pv_31_z_2,pv_31,บุรีรัมย์,ภาคตะวันออกเฉียงเหนือ,2,พลังศรัทธา,328,0.35,12,94818
2562,pv_31_z_2,pv_31,บุรีรัมย์,ภาคตะวันออกเฉียงเหนือ,2,รักษ์ผืนป่าประเทศไทย,289,0.30,13,94818
2562,pv_31_z_2,pv_31,บุรีรัมย์,ภาคตะวันออกเฉียงเหนือ,2,ชาติพัฒนา,282,0.30,14,94818
2562,pv_31_z_2,pv_31,บุรีรัมย์,ภาคตะวันออกเฉียงเหนือ,2,ประชาชาติ,261,0.28,15,94818
2562,pv_31_z_2,pv_31,บุรีรัมย์,ภาคตะวันออกเฉียงเหนือ,2,พลังท้องถิ่นไท,206,0.22,16,94818
2562,pv_31_z_2,pv_31,บุรีรัมย์,ภาคตะวันออกเฉียงเหนือ,2,พลังชาติไทย,144,0.15,17,94818
2562,pv_31_z_2,pv_31,บุรีรัมย์,ภาคตะวันออกเฉียงเหนือ,2,ครูไทยเพื่อประชาชน,134,0.14,18,94818
2562,pv_31_z_2,pv_31,บุรีรัมย์,ภาคตะวันออกเฉียงเหนือ,2,ชาติไทยพัฒนา,133,0.14,19,94818
2562,pv_31_z_2,pv_31,บุรีรัมย์,ภาคตะวันออกเฉียงเหนือ,2,ไทรักธรรม,129,0.14,20,94818
2562,pv_31_z_2,pv_31,บุรีรัมย์,ภาคตะวันออกเฉียงเหนือ,2,พลังไทยรักไทย,128,0.13,21,94818
2562,pv_31_z_2,pv_31,บุรีรัมย์,ภาคตะวันออกเฉียงเหนือ,2,ไทยศรีวิไลย์,128,0.13,22,94818
2562,pv_31_z_2,pv_31,บุรีรัมย์,ภาคตะวันออกเฉียงเหนือ,2,ประชาไทย,79,0.08,23,94818
2562,pv_31_z_2,pv_31,บุรีรัมย์,ภาคตะวันออกเฉียงเหนือ,2,มหาชน,76,0.08,24,94818
2562,pv_31_z_2,pv_31,บุรีรัมย์,ภาคตะวันออกเฉียงเหนือ,2,กรีน,74,0.08,25,94818
2562,pv_31_z_2,pv_31,บุรีรัมย์,ภาคตะวันออกเฉียงเหนือ,2,ประชาชนปฏิรูป,73,0.08,26,94818
2562,pv_31_z_2,pv_31,บุรีรัมย์,ภาคตะวันออกเฉียงเหนือ,2,ประชาธรรมไทย,61,0.06,27,94818
2562,pv_31_z_2,pv_31,บุรีรัมย์,ภาคตะวันออกเฉียงเหนือ,2,ประชาภิวัฒน์,47,0.05,28,94818
2562,pv_31_z_2,pv_31,บุรีรัมย์,ภาคตะวันออกเฉียงเหนือ,2,เพื่อแผ่นดิน,47,0.05,29,94818
2562,pv_31_z_2,pv_31,บุรีรัมย์,ภาคตะวันออกเฉียงเหนือ,2,พลังปวงชนไทย,34,0.04,30,94818
2562,pv_31_z_2,pv_31,บุรีรัมย์,ภาคตะวันออกเฉียงเหนือ,2,เพื่อนไทย,0,0.00,31,94818
2562,pv_31_z_3,pv_31,บุรีรัมย์,ภาคตะวันออกเฉียงเหนือ,3,ภูมิใจไทย,45821,46.93,1,97640
2562,pv_31_z_3,pv_31,บุรีรัมย์,ภาคตะวันออกเฉียงเหนือ,3,เพื่อไทย,24001,24.58,2,97640
2562,pv_31_z_3,pv_31,บุรีรัมย์,ภาคตะวันออกเฉียงเหนือ,3,พลังประชารัฐ,11147,11.42,3,97640
2562,pv_31_z_3,pv_31,บุรีรัมย์,ภาคตะวันออกเฉียงเหนือ,3,อนาคตใหม่,10101,10.35,4,97640
2562,pv_31_z_3,pv_31,บุรีรัมย์,ภาคตะวันออกเฉียงเหนือ,3,ประชาธิปัตย์,1513,1.55,5,97640
2562,pv_31_z_3,pv_31,บุรีรัมย์,ภาคตะวันออกเฉียงเหนือ,3,พลังชาติไทย,1076,1.10,6,97640
2562,pv_31_z_3,pv_31,บุรีรัมย์,ภาคตะวันออกเฉียงเหนือ,3,เสรีรวมไทย,677,0.69,7,97640
2562,pv_31_z_3,pv_31,บุรีรัมย์,ภาคตะวันออกเฉียงเหนือ,3,เพื่อชาติ,635,0.65,8,97640
2562,pv_31_z_3,pv_31,บุรีรัมย์,ภาคตะวันออกเฉียงเหนือ,3,เศรษฐกิจใหม่,423,0.43,9,97640
2562,pv_31_z_3,pv_31,บุรีรัมย์,ภาคตะวันออกเฉียงเหนือ,3,รวมพลังประชาชาติไทย,409,0.42,10,97640
2562,pv_31_z_3,pv_31,บุรีรัมย์,ภาคตะวันออกเฉียงเหนือ,3,พลังไทยรักไทย,290,0.30,11,97640
2562,pv_31_z_3,pv_31,บุรีรัมย์,ภาคตะวันออกเฉียงเหนือ,3,พลังสังคม,277,0.28,12,97640
2562,pv_31_z_3,pv_31,บุรีรัมย์,ภาคตะวันออกเฉียงเหนือ,3,พลังท้องถิ่นไท,125,0.13,13,97640
2562,pv_31_z_3,pv_31,บุรีรัมย์,ภาคตะวันออกเฉียงเหนือ,3,ชาติพัฒนา,121,0.12,14,97640
2562,pv_31_z_3,pv_31,บุรีรัมย์,ภาคตะวันออกเฉียงเหนือ,3,พลังศรัทธา,104,0.11,15,97640
2562,pv_31_z_3,pv_31,บุรีรัมย์,ภาคตะวันออกเฉียงเหนือ,3,รักษ์ผืนป่าประเทศไทย,101,0.10,16,97640
2562,pv_31_z_3,pv_31,บุรีรัมย์,ภาคตะวันออกเฉียงเหนือ,3,พลังประชาธิปไตย,89,0.09,17,97640
2562,pv_31_z_3,pv_31,บุรีรัมย์,ภาคตะวันออกเฉียงเหนือ,3,ประชาชนปฏิรูป,78,0.08,18,97640
2562,pv_31_z_3,pv_31,บุรีรัมย์,ภาคตะวันออกเฉียงเหนือ,3,กรีน,74,0.08,19,97640
2562,pv_31_z_3,pv_31,บุรีรัมย์,ภาคตะวันออกเฉียงเหนือ,3,ครูไทยเพื่อประชาชน,73,0.07,20,97640
2562,pv_31_z_3,pv_31,บุรีรัมย์,ภาคตะวันออกเฉียงเหนือ,3,ชาติไทยพัฒนา,62,0.06,21,97640
2562,pv_31_z_3,pv_31,บุรีรัมย์,ภาคตะวันออกเฉียงเหนือ,3,ไทยศรีวิไลย์,61,0.06,22,97640
2562,pv_31_z_3,pv_31,บุรีรัมย์,ภาคตะวันออกเฉียงเหนือ,3,ประชาไทย,58,0.06,23,97640
2562,pv_31_z_3,pv_31,บุรีรัมย์,ภาคตะวันออกเฉียงเหนือ,3,ไทรักธรรม,58,0.06,24,97640
2562,pv_31_z_3,pv_31,บุรีรัมย์,ภาคตะวันออกเฉียงเหนือ,3,ผึ้งหลวง,56,0.06,25,97640
2562,pv_31_z_3,pv_31,บุรีรัมย์,ภาคตะวันออกเฉียงเหนือ,3,ประชาภิวัฒน์,45,0.05,26,97640
2562,pv_31_z_3,pv_31,บุรีรัมย์,ภาคตะวันออกเฉียงเหนือ,3,ประชาธรรมไทย,45,0.05,27,97640
2562,pv_31_z_3,pv_31,บุรีรัมย์,ภาคตะวันออกเฉียงเหนือ,3,เพื่อแผ่นดิน,41,0.04,28,97640
2562,pv_31_z_3,pv_31,บุรีรัมย์,ภาคตะวันออกเฉียงเหนือ,3,พลังปวงชนไทย,32,0.03,29,97640
2562,pv_31_z_3,pv_31,บุรีรัมย์,ภาคตะวันออกเฉียงเหนือ,3,มหาชน,29,0.03,30,97640
2562,pv_31_z_3,pv_31,บุรีรัมย์,ภาคตะวันออกเฉียงเหนือ,3,พลังไทสร้างชาติ,18,0.02,31,97640
2562,pv_31_z_3,pv_31,บุรีรัมย์,ภาคตะวันออกเฉียงเหนือ,3,เพื่อนไทย,0,0.00,32,97640
2562,pv_31_z_4,pv_31,บุรีรัมย์,ภาคตะวันออกเฉียงเหนือ,4,ภูมิใจไทย,47481,47.37,1,100241
2562,pv_31_z_4,pv_31,บุรีรัมย์,ภาคตะวันออกเฉียงเหนือ,4,เพื่อไทย,20910,20.86,2,100241
2562,pv_31_z_4,pv_31,บุรีรัมย์,ภาคตะวันออกเฉียงเหนือ,4,พลังประชารัฐ,16741,16.70,3,100241
2562,pv_31_z_4,pv_31,บุรีรัมย์,ภาคตะวันออกเฉียงเหนือ,4,อนาคตใหม่,7780,7.76,4,100241
2562,pv_31_z_4,pv_31,บุรีรัมย์,ภาคตะวันออกเฉียงเหนือ,4,พลังชาติไทย,1252,1.25,5,100241
2562,pv_31_z_4,pv_31,บุรีรัมย์,ภาคตะวันออกเฉียงเหนือ,4,ประชาธิปัตย์,958,0.96,6,100241
2562,pv_31_z_4,pv_31,บุรีรัมย์,ภาคตะวันออกเฉียงเหนือ,4,เสรีรวมไทย,719,0.72,7,100241
2562,pv_31_z_4,pv_31,บุรีรัมย์,ภาคตะวันออกเฉียงเหนือ,4,ชาติไทยพัฒนา,498,0.50,8,100241
2562,pv_31_z_4,pv_31,บุรีรัมย์,ภาคตะวันออกเฉียงเหนือ,4,เพื่อชาติ,489,0.49,9,100241
2562,pv_31_z_4,pv_31,บุรีรัมย์,ภาคตะวันออกเฉียงเหนือ,4,รวมพลังประชาชาติไทย,402,0.40,10,100241
2562,pv_31_z_4,pv_31,บุรีรัมย์,ภาคตะวันออกเฉียงเหนือ,4,เศรษฐกิจใหม่,352,0.35,11,100241
2562,pv_31_z_4,pv_31,บุรีรัมย์,ภาคตะวันออกเฉียงเหนือ,4,ชาติพัฒนา,316,0.32,12,100241
2562,pv_31_z_4,pv_31,บุรีรัมย์,ภาคตะวันออกเฉียงเหนือ,4,รักษ์ผืนป่าประเทศไทย,240,0.24,13,100241
2562,pv_31_z_4,pv_31,บุรีรัมย์,ภาคตะวันออกเฉียงเหนือ,4,ไทรักธรรม,234,0.23,14,100241
2562,pv_31_z_4,pv_31,บุรีรัมย์,ภาคตะวันออกเฉียงเหนือ,4,ประชาไทย,201,0.20,15,100241
2562,pv_31_z_4,pv_31,บุรีรัมย์,ภาคตะวันออกเฉียงเหนือ,4,พลังท้องถิ่นไท,199,0.20,16,100241
2562,pv_31_z_4,pv_31,บุรีรัมย์,ภาคตะวันออกเฉียงเหนือ,4,พลังประชาธิปไตย,199,0.20,17,100241
2562,pv_31_z_4,pv_31,บุรีรัมย์,ภาคตะวันออกเฉียงเหนือ,4,พลังสังคม,185,0.18,18,100241
2562,pv_31_z_4,pv_31,บุรีรัมย์,ภาคตะวันออกเฉียงเหนือ,4,แผ่นดินธรรม,160,0.16,19,100241
2562,pv_31_z_4,pv_31,บุรีรัมย์,ภาคตะวันออกเฉียงเหนือ,4,ประชาภิวัฒน์,125,0.12,20,100241
2562,pv_31_z_4,pv_31,บุรีรัมย์,ภาคตะวันออกเฉียงเหนือ,4,ประชาธรรมไทย,104,0.10,21,100241
2562,pv_31_z_4,pv_31,บุรีรัมย์,ภาคตะวันออกเฉียงเหนือ,4,ภาคีเครือข่ายไทย,100,0.10,22,100241
2562,pv_31_z_4,pv_31,บุรีรัมย์,ภาคตะวันออกเฉียงเหนือ,4,พลังไทยรักไทย,94,0.09,23,100241
2562,pv_31_z_4,pv_31,บุรีรัมย์,ภาคตะวันออกเฉียงเหนือ,4,เพื่อแผ่นดิน,85,0.08,24,100241
2562,pv_31_z_4,pv_31,บุรีรัมย์,ภาคตะวันออกเฉียงเหนือ,4,ไทยศรีวิไลย์,81,0.08,25,100241
2562,pv_31_z_4,pv_31,บุรีรัมย์,ภาคตะวันออกเฉียงเหนือ,4,ประชาชนปฏิรูป,74,0.07,26,100241
2562,pv_31_z_4,pv_31,บุรีรัมย์,ภาคตะวันออกเฉียงเหนือ,4,กรีน,65,0.06,27,100241
2562,pv_31_z_4,pv_31,บุรีรัมย์,ภาคตะวันออกเฉียงเหนือ,4,มหาชน,55,0.05,28,100241
2562,pv_31_z_4,pv_31,บุรีรัมย์,ภาคตะวันออกเฉียงเหนือ,4,ผึ้งหลวง,49,0.05,29,100241
2562,pv_31_z_4,pv_31,บุรีรัมย์,ภาคตะวันออกเฉียงเหนือ,4,ครูไทยเพื่อประชาชน,40,0.04,30,100241
2562,pv_31_z_4,pv_31,บุรีรัมย์,ภาคตะวันออกเฉียงเหนือ,4,ทางเลือกใหม่,34,0.03,31,100241
2562,pv_31_z_4,pv_31,บุรีรัมย์,ภาคตะวันออกเฉียงเหนือ,4,พลังปวงชนไทย,19,0.02,32,100241
2562,pv_31_z_4,pv_31,บุรีรัมย์,ภาคตะวันออกเฉียงเหนือ,4,เพื่อนไทย,0,0.00,33,100241
2562,pv_31_z_5,pv_31,บุรีรัมย์,ภาคตะวันออกเฉียงเหนือ,5,ภูมิใจไทย,47609,51.87,1,91781
2562,pv_31_z_5,pv_31,บุรีรัมย์,ภาคตะวันออกเฉียงเหนือ,5,อนาคตใหม่,16557,18.04,2,91781
2562,pv_31_z_5,pv_31,บุรีรัมย์,ภาคตะวันออกเฉียงเหนือ,5,พลังประชารัฐ,13643,14.86,3,91781
2562,pv_31_z_5,pv_31,บุรีรัมย์,ภาคตะวันออกเฉียงเหนือ,5,ประชาธิปัตย์,2324,2.53,4,91781
2562,pv_31_z_5,pv_31,บุรีรัมย์,ภาคตะวันออกเฉียงเหนือ,5,เพื่อชาติ,1938,2.11,5,91781
2562,pv_31_z_5,pv_31,บุรีรัมย์,ภาคตะวันออกเฉียงเหนือ,5,ประชาชาติ,1319,1.44,6,91781
2562,pv_31_z_5,pv_31,บุรีรัมย์,ภาคตะวันออกเฉียงเหนือ,5,เสรีรวมไทย,1091,1.19,7,91781
2562,pv_31_z_5,pv_31,บุรีรัมย์,ภาคตะวันออกเฉียงเหนือ,5,พลังชาติไทย,865,0.94,8,91781
2562,pv_31_z_5,pv_31,บุรีรัมย์,ภาคตะวันออกเฉียงเหนือ,5,เศรษฐกิจใหม่,853,0.93,9,91781
2562,pv_31_z_5,pv_31,บุรีรัมย์,ภาคตะวันออกเฉียงเหนือ,5,ไทรักธรรม,679,0.74,10,91781
2562,pv_31_z_5,pv_31,บุรีรัมย์,ภาคตะวันออกเฉียงเหนือ,5,แผ่นดินธรรม,669,0.73,11,91781
2562,pv_31_z_5,pv_31,บุรีรัมย์,ภาคตะวันออกเฉียงเหนือ,5,ประชาชนปฏิรูป,527,0.57,12,91781
2562,pv_31_z_5,pv_31,บุรีรัมย์,ภาคตะวันออกเฉียงเหนือ,5,รวมพลังประชาชาติไทย,526,0.57,13,91781
2562,pv_31_z_5,pv_31,บุรีรัมย์,ภาคตะวันออกเฉียงเหนือ,5,พลังท้องถิ่นไท,439,0.48,14,91781
2562,pv_31_z_5,pv_31,บุรีรัมย์,ภาคตะวันออกเฉียงเหนือ,5,ภาคีเครือข่ายไทย,403,0.44,15,91781
2562,pv_31_z_5,pv_31,บุรีรัมย์,ภาคตะวันออกเฉียงเหนือ,5,ชาติไทยพัฒนา,351,0.38,16,91781
2562,pv_31_z_5,pv_31,บุรีรัมย์,ภาคตะวันออกเฉียงเหนือ,5,ประชาธรรมไทย,333,0.36,17,91781
2562,pv_31_z_5,pv_31,บุรีรัมย์,ภาคตะวันออกเฉียงเหนือ,5,พลังไทยรักไทย,265,0.29,18,91781
2562,pv_31_z_5,pv_31,บุรีรัมย์,ภาคตะวันออกเฉียงเหนือ,5,รักษ์ผืนป่าประเทศไทย,260,0.28,19,91781
2562,pv_31_z_5,pv_31,บุรีรัมย์,ภาคตะวันออกเฉียงเหนือ,5,ชาติพัฒนา,246,0.27,20,91781
2562,pv_31_z_5,pv_31,บุรีรัมย์,ภาคตะวันออกเฉียงเหนือ,5,ครูไทยเพื่อประชาชน,209,0.23,21,91781
2562,pv_31_z_5,pv_31,บุรีรัมย์,ภาคตะวันออกเฉียงเหนือ,5,ประชาภิวัฒน์,167,0.18,22,91781
2562,pv_31_z_5,pv_31,บุรีรัมย์,ภาคตะวันออกเฉียงเหนือ,5,ประชาธิปไตยใหม่,88,0.10,23,91781
2562,pv_31_z_5,pv_31,บุรีรัมย์,ภาคตะวันออกเฉียงเหนือ,5,พลังสังคม,86,0.09,24,91781
2562,pv_31_z_5,pv_31,บุรีรัมย์,ภาคตะวันออกเฉียงเหนือ,5,ทางเลือกใหม่,83,0.09,25,91781
2562,pv_31_z_5,pv_31,บุรีรัมย์,ภาคตะวันออกเฉียงเหนือ,5,เพื่อแผ่นดิน,73,0.08,26,91781
2562,pv_31_z_5,pv_31,บุรีรัมย์,ภาคตะวันออกเฉียงเหนือ,5,มหาชน,73,0.08,27,91781
2562,pv_31_z_5,pv_31,บุรีรัมย์,ภาคตะวันออกเฉียงเหนือ,5,ผึ้งหลวง,57,0.06,28,91781
2562,pv_31_z_5,pv_31,บุรีรัมย์,ภาคตะวันออกเฉียงเหนือ,5,พลังปวงชนไทย,48,0.05,29,91781
2562,pv_31_z_5,pv_31,บุรีรัมย์,ภาคตะวันออกเฉียงเหนือ,5,เพื่อนไทย,0,0.00,30,91781
2562,pv_31_z_5,pv_31,บุรีรัมย์,ภาคตะวันออกเฉียงเหนือ,5,ไทยรักษาชาติ,0,0.00,31,91781
2562,pv_31_z_5,pv_31,บุรีรัมย์,ภาคตะวันออกเฉียงเหนือ,5,ไทยศรีวิไลย์,0,0.00,32,91781
2562,pv_31_z_6,pv_31,บุรีรัมย์,ภาคตะวันออกเฉียงเหนือ,6,ภูมิใจไทย,43327,38.75,1,111820
2562,pv_31_z_6,pv_31,บุรีรัมย์,ภาคตะวันออกเฉียงเหนือ,6,เพื่อไทย,33562,30.01,2,111820
2562,pv_31_z_6,pv_31,บุรีรัมย์,ภาคตะวันออกเฉียงเหนือ,6,พลังประชารัฐ,14702,13.15,3,111820
2562,pv_31_z_6,pv_31,บุรีรัมย์,ภาคตะวันออกเฉียงเหนือ,6,อนาคตใหม่,12114,10.83,4,111820
2562,pv_31_z_6,pv_31,บุรีรัมย์,ภาคตะวันออกเฉียงเหนือ,6,ประชาธิปัตย์,1901,1.70,5,111820
2562,pv_31_z_6,pv_31,บุรีรัมย์,ภาคตะวันออกเฉียงเหนือ,6,เสรีรวมไทย,1268,1.13,6,111820
2562,pv_31_z_6,pv_31,บุรีรัมย์,ภาคตะวันออกเฉียงเหนือ,6,พลังชาติไทย,820,0.73,7,111820
2562,pv_31_z_6,pv_31,บุรีรัมย์,ภาคตะวันออกเฉียงเหนือ,6,เศรษฐกิจใหม่,715,0.64,8,111820
2562,pv_31_z_6,pv_31,บุรีรัมย์,ภาคตะวันออกเฉียงเหนือ,6,ชาติพัฒนา,518,0.46,9,111820
2562,pv_31_z_6,pv_31,บุรีรัมย์,ภาคตะวันออกเฉียงเหนือ,6,ครูไทยเพื่อประชาชน,400,0.36,10,111820
2562,pv_31_z_6,pv_31,บุรีรัมย์,ภาคตะวันออกเฉียงเหนือ,6,รวมพลังประชาชาติไทย,388,0.35,11,111820
2562,pv_31_z_6,pv_31,บุรีรัมย์,ภาคตะวันออกเฉียงเหนือ,6,ประชาชนปฏิรูป,266,0.24,12,111820
2562,pv_31_z_6,pv_31,บุรีรัมย์,ภาคตะวันออกเฉียงเหนือ,6,รักษ์ผืนป่าประเทศไทย,232,0.21,13,111820
2562,pv_31_z_6,pv_31,บุรีรัมย์,ภาคตะวันออกเฉียงเหนือ,6,เพื่อชาติ,182,0.16,14,111820
2562,pv_31_z_6,pv_31,บุรีรัมย์,ภาคตะวันออกเฉียงเหนือ,6,ประชาธิปไตยใหม่,162,0.14,15,111820
2562,pv_31_z_6,pv_31,บุรีรัมย์,ภาคตะวันออกเฉียงเหนือ,6,ประชาภิวัฒน์,154,0.14,16,111820
2562,pv_31_z_6,pv_31,บุรีรัมย์,ภาคตะวันออกเฉียงเหนือ,6,ไทยศรีวิไลย์,154,0.14,17,111820
2562,pv_31_z_6,pv_31,บุรีรัมย์,ภาคตะวันออกเฉียงเหนือ,6,ประชาชาติ,142,0.13,18,111820
2562,pv_31_z_6,pv_31,บุรีรัมย์,ภาคตะวันออกเฉียงเหนือ,6,ชาติไทยพัฒนา,120,0.11,19,111820
2562,pv_31_z_6,pv_31,บุรีรัมย์,ภาคตะวันออกเฉียงเหนือ,6,พลังไทยรักไทย,105,0.09,20,111820
2562,pv_31_z_6,pv_31,บุรีรัมย์,ภาคตะวันออกเฉียงเหนือ,6,พลังท้องถิ่นไท,104,0.09,21,111820
2562,pv_31_z_6,pv_31,บุรีรัมย์,ภาคตะวันออกเฉียงเหนือ,6,ประชาธรรมไทย,93,0.08,22,111820
2562,pv_31_z_6,pv_31,บุรีรัมย์,ภาคตะวันออกเฉียงเหนือ,6,แผ่นดินธรรม,77,0.07,23,111820
2562,pv_31_z_6,pv_31,บุรีรัมย์,ภาคตะวันออกเฉียงเหนือ,6,พลังปวงชนไทย,61,0.05,24,111820
2562,pv_31_z_6,pv_31,บุรีรัมย์,ภาคตะวันออกเฉียงเหนือ,6,มหาชน,42,0.04,25,111820
2562,pv_31_z_6,pv_31,บุรีรัมย์,ภาคตะวันออกเฉียงเหนือ,6,ไทรักธรรม,37,0.03,26,111820
2562,pv_31_z_6,pv_31,บุรีรัมย์,ภาคตะวันออกเฉียงเหนือ,6,เพื่อแผ่นดิน,34,0.03,27,111820
2562,pv_31_z_6,pv_31,บุรีรัมย์,ภาคตะวันออกเฉียงเหนือ,6,กรีน,33,0.03,28,111820
2562,pv_31_z_6,pv_31,บุรีรัมย์,ภาคตะวันออกเฉียงเหนือ,6,ภาคีเครือข่ายไทย,33,0.03,29,111820
2562,pv_31_z_6,pv_31,บุรีรัมย์,ภาคตะวันออกเฉียงเหนือ,6,พลังสังคม,27,0.02,30,111820
2562,pv_31_z_6,pv_31,บุรีรัมย์,ภาคตะวันออกเฉียงเหนือ,6,ทางเลือกใหม่,24,0.02,31,111820
2562,pv_31_z_6,pv_31,บุรีรัมย์,ภาคตะวันออกเฉียงเหนือ,6,ผึ้งหลวง,23,0.02,32,111820
2562,pv_31_z_6,pv_31,บุรีรัมย์,ภาคตะวันออกเฉียงเหนือ,6,เพื่อนไทย,0,0.00,33,111820
2562,pv_31_z_6,pv_31,บุรีรัมย์,ภาคตะวันออกเฉียงเหนือ,6,ไทยรักษาชาติ,0,0.00,34,111820
2562,pv_31_z_7,pv_31,บุรีรัมย์,ภาคตะวันออกเฉียงเหนือ,7,ภูมิใจไทย,39215,41.12,1,95356
2562,pv_31_z_7,pv_31,บุรีรัมย์,ภาคตะวันออกเฉียงเหนือ,7,พลังประชารัฐ,26885,28.19,2,95356
2562,pv_31_z_7,pv_31,บุรีรัมย์,ภาคตะวันออกเฉียงเหนือ,7,อนาคตใหม่,16931,17.76,3,95356
2562,pv_31_z_7,pv_31,บุรีรัมย์,ภาคตะวันออกเฉียงเหนือ,7,ประชาธิปัตย์,5222,5.48,4,95356
2562,pv_31_z_7,pv_31,บุรีรัมย์,ภาคตะวันออกเฉียงเหนือ,7,เสรีรวมไทย,1808,1.90,5,95356
2562,pv_31_z_7,pv_31,บุรีรัมย์,ภาคตะวันออกเฉียงเหนือ,7,เพื่อชาติ,1387,1.45,6,95356
2562,pv_31_z_7,pv_31,บุรีรัมย์,ภาคตะวันออกเฉียงเหนือ,7,พลังปวงชนไทย,630,0.66,7,95356
2562,pv_31_z_7,pv_31,บุรีรัมย์,ภาคตะวันออกเฉียงเหนือ,7,พลังสังคม,559,0.59,8,95356
2562,pv_31_z_7,pv_31,บุรีรัมย์,ภาคตะวันออกเฉียงเหนือ,7,เศรษฐกิจใหม่,444,0.47,9,95356
2562,pv_31_z_7,pv_31,บุรีรัมย์,ภาคตะวันออกเฉียงเหนือ,7,ประชาธรรมไทย,436,0.46,10,95356
2562,pv_31_z_7,pv_31,บุรีรัมย์,ภาคตะวันออกเฉียงเหนือ,7,ประชาชนปฏิรูป,251,0.26,11,95356
2562,pv_31_z_7,pv_31,บุรีรัมย์,ภาคตะวันออกเฉียงเหนือ,7,กรีน,220,0.23,12,95356
2562,pv_31_z_7,pv_31,บุรีรัมย์,ภาคตะวันออกเฉียงเหนือ,7,ไทยศรีวิไลย์,181,0.19,13,95356
2562,pv_31_z_7,pv_31,บุรีรัมย์,ภาคตะวันออกเฉียงเหนือ,7,ชาติพัฒนา,157,0.16,14,95356
2562,pv_31_z_7,pv_31,บุรีรัมย์,ภาคตะวันออกเฉียงเหนือ,7,ผึ้งหลวง,118,0.12,15,95356
2562,pv_31_z_7,pv_31,บุรีรัมย์,ภาคตะวันออกเฉียงเหนือ,7,ชาติไทยพัฒนา,116,0.12,16,95356
2562,pv_31_z_7,pv_31,บุรีรัมย์,ภาคตะวันออกเฉียงเหนือ,7,รักษ์ผืนป่าประเทศไทย,109,0.11,17,95356
2562,pv_31_z_7,pv_31,บุรีรัมย์,ภาคตะวันออกเฉียงเหนือ,7,พลังชาติไทย,109,0.11,18,95356
2562,pv_31_z_7,pv_31,บุรีรัมย์,ภาคตะวันออกเฉียงเหนือ,7,ภาคีเครือข่ายไทย,109,0.11,19,95356
2562,pv_31_z_7,pv_31,บุรีรัมย์,ภาคตะวันออกเฉียงเหนือ,7,รวมพลังประชาชาติไทย,105,0.11,20,95356
2562,pv_31_z_7,pv_31,บุรีรัมย์,ภาคตะวันออกเฉียงเหนือ,7,ประชาไทย,102,0.11,21,95356
2562,pv_31_z_7,pv_31,บุรีรัมย์,ภาคตะวันออกเฉียงเหนือ,7,แผ่นดินธรรม,73,0.08,22,95356
2562,pv_31_z_7,pv_31,บุรีรัมย์,ภาคตะวันออกเฉียงเหนือ,7,ครูไทยเพื่อประชาชน,70,0.07,23,95356
2562,pv_31_z_7,pv_31,บุรีรัมย์,ภาคตะวันออกเฉียงเหนือ,7,พลังท้องถิ่นไท,57,0.06,24,95356
2562,pv_31_z_7,pv_31,บุรีรัมย์,ภาคตะวันออกเฉียงเหนือ,7,มหาชน,31,0.03,25,95356
2562,pv_31_z_7,pv_31,บุรีรัมย์,ภาคตะวันออกเฉียงเหนือ,7,ไทรักธรรม,31,0.03,26,95356
2562,pv_31_z_7,pv_31,บุรีรัมย์,ภาคตะวันออกเฉียงเหนือ,7,เพื่อนไทย,0,0.00,27,95356
2562,pv_31_z_7,pv_31,บุรีรัมย์,ภาคตะวันออกเฉียงเหนือ,7,ไทยรักษาชาติ,0,0.00,28,95356
2562,pv_31_z_7,pv_31,บุรีรัมย์,ภาคตะวันออกเฉียงเหนือ,7,ประชาภิวัฒน์,0,0.00,29,95356
2562,pv_31_z_8,pv_31,บุรีรัมย์,ภาคตะวันออกเฉียงเหนือ,8,ภูมิใจไทย,40597,44.68,1,90853
2562,pv_31_z_8,pv_31,บุรีรัมย์,ภาคตะวันออกเฉียงเหนือ,8,อนาคตใหม่,19348,21.30,2,90853
2562,pv_31_z_8,pv_31,บุรีรัมย์,ภาคตะวันออกเฉียงเหนือ,8,พลังประชารัฐ,13218,14.55,3,90853
2562,pv_31_z_8,pv_31,บุรีรัมย์,ภาคตะวันออกเฉียงเหนือ,8,เพื่อชาติ,3858,4.25,4,90853
2562,pv_31_z_8,pv_31,บุรีรัมย์,ภาคตะวันออกเฉียงเหนือ,8,เสรีรวมไทย,3461,3.81,5,90853
2562,pv_31_z_8,pv_31,บุรีรัมย์,ภาคตะวันออกเฉียงเหนือ,8,ประชาธิปัตย์,2899,3.19,6,90853
2562,pv_31_z_8,pv_31,บุรีรัมย์,ภาคตะวันออกเฉียงเหนือ,8,มหาชน,975,1.07,7,90853
2562,pv_31_z_8,pv_31,บุรีรัมย์,ภาคตะวันออกเฉียงเหนือ,8,ชาติไทยพัฒนา,643,0.71,8,90853
2562,pv_31_z_8,pv_31,บุรีรัมย์,ภาคตะวันออกเฉียงเหนือ,8,รักษ์ผืนป่าประเทศไทย,533,0.59,9,90853
2562,pv_31_z_8,pv_31,บุรีรัมย์,ภาคตะวันออกเฉียงเหนือ,8,ครูไทยเพื่อประชาชน,477,0.53,10,90853
2562,pv_31_z_8,pv_31,บุรีรัมย์,ภาคตะวันออกเฉียงเหนือ,8,พลังศรัทธา,458,0.50,11,90853
2562,pv_31_z_8,pv_31,บุรีรัมย์,ภาคตะวันออกเฉียงเหนือ,8,พลังไทยรักไทย,450,0.50,12,90853
2562,pv_31_z_8,pv_31,บุรีรัมย์,ภาคตะวันออกเฉียงเหนือ,8,เศรษฐกิจใหม่,434,0.48,13,90853
2562,pv_31_z_8,pv_31,บุรีรัมย์,ภาคตะวันออกเฉียงเหนือ,8,ประชาภิวัฒน์,351,0.39,14,90853
2562,pv_31_z_8,pv_31,บุรีรัมย์,ภาคตะวันออกเฉียงเหนือ,8,รวมพลังประชาชาติไทย,301,0.33,15,90853
2562,pv_31_z_8,pv_31,บุรีรัมย์,ภาคตะวันออกเฉียงเหนือ,8,ประชาธรรมไทย,289,0.32,16,90853
2562,pv_31_z_8,pv_31,บุรีรัมย์,ภาคตะวันออกเฉียงเหนือ,8,ผึ้งหลวง,286,0.31,17,90853
2562,pv_31_z_8,pv_31,บุรีรัมย์,ภาคตะวันออกเฉียงเหนือ,8,ชาติพัฒนา,285,0.31,18,90853
2562,pv_31_z_8,pv_31,บุรีรัมย์,ภาคตะวันออกเฉียงเหนือ,8,ไทรักธรรม,270,0.30,19,90853
2562,pv_31_z_8,pv_31,บุรีรัมย์,ภาคตะวันออกเฉียงเหนือ,8,ประชาไทย,253,0.28,20,90853
2562,pv_31_z_8,pv_31,บุรีรัมย์,ภาคตะวันออกเฉียงเหนือ,8,เพื่อแผ่นดิน,251,0.28,21,90853
2562,pv_31_z_8,pv_31,บุรีรัมย์,ภาคตะวันออกเฉียงเหนือ,8,พลังสังคม,167,0.18,22,90853
2562,pv_31_z_8,pv_31,บุรีรัมย์,ภาคตะวันออกเฉียงเหนือ,8,ประชาธิปไตยใหม่,155,0.17,23,90853
2562,pv_31_z_8,pv_31,บุรีรัมย์,ภาคตะวันออกเฉียงเหนือ,8,พลังประชาธิปไตย,140,0.15,24,90853
2562,pv_31_z_8,pv_31,บุรีรัมย์,ภาคตะวันออกเฉียงเหนือ,8,ประชาชนปฏิรูป,137,0.15,25,90853
2562,pv_31_z_8,pv_31,บุรีรัมย์,ภาคตะวันออกเฉียงเหนือ,8,พลังชาติไทย,129,0.14,26,90853
2562,pv_31_z_8,pv_31,บุรีรัมย์,ภาคตะวันออกเฉียงเหนือ,8,กรีน,112,0.12,27,90853
2562,pv_31_z_8,pv_31,บุรีรัมย์,ภาคตะวันออกเฉียงเหนือ,8,แผ่นดินธรรม,110,0.12,28,90853
2562,pv_31_z_8,pv_31,บุรีรัมย์,ภาคตะวันออกเฉียงเหนือ,8,พลังปวงชนไทย,85,0.09,29,90853
2562,pv_31_z_8,pv_31,บุรีรัมย์,ภาคตะวันออกเฉียงเหนือ,8,พลังท้องถิ่นไท,76,0.08,30,90853
2562,pv_31_z_8,pv_31,บุรีรัมย์,ภาคตะวันออกเฉียงเหนือ,8,พลังไทสร้างชาติ,64,0.07,31,90853
2562,pv_31_z_8,pv_31,บุรีรัมย์,ภาคตะวันออกเฉียงเหนือ,8,ภาคีเครือข่ายไทย,41,0.05,32,90853
2562,pv_31_z_8,pv_31,บุรีรัมย์,ภาคตะวันออกเฉียงเหนือ,8,เพื่อนไทย,0,0.00,33,90853
2562,pv_31_z_8,pv_31,บุรีรัมย์,ภาคตะวันออกเฉียงเหนือ,8,ไทยรักษาชาติ,0,0.00,34,90853
2562,pv_13_z_1,pv_13,ปทุมธานี,ภาคกลาง,1,เพื่อไทย,43437,40.01,1,108557
2562,pv_13_z_1,pv_13,ปทุมธานี,ภาคกลาง,1,อนาคตใหม่,21659,19.95,2,108557
2562,pv_13_z_1,pv_13,ปทุมธานี,ภาคกลาง,1,พลังประชารัฐ,18720,17.24,3,108557
2562,pv_13_z_1,pv_13,ปทุมธานี,ภาคกลาง,1,ประชาธิปัตย์,9589,8.83,4,108557
2562,pv_13_z_1,pv_13,ปทุมธานี,ภาคกลาง,1,ภูมิใจไทย,9411,8.67,5,108557
2562,pv_13_z_1,pv_13,ปทุมธานี,ภาคกลาง,1,เสรีรวมไทย,2697,2.48,6,108557
2562,pv_13_z_1,pv_13,ปทุมธานี,ภาคกลาง,1,ประชาภิวัฒน์,654,0.60,7,108557
2562,pv_13_z_1,pv_13,ปทุมธานี,ภาคกลาง,1,ประชาชาติ,387,0.36,8,108557
2562,pv_13_z_1,pv_13,ปทุมธานี,ภาคกลาง,1,ชาติพัฒนา,319,0.29,9,108557
2562,pv_13_z_1,pv_13,ปทุมธานี,ภาคกลาง,1,รักษ์ผืนป่าประเทศไทย,304,0.28,10,108557
2562,pv_13_z_1,pv_13,ปทุมธานี,ภาคกลาง,1,ชาติไทยพัฒนา,284,0.26,11,108557
2562,pv_13_z_1,pv_13,ปทุมธานี,ภาคกลาง,1,รวมพลังประชาชาติไทย,277,0.26,12,108557
2562,pv_13_z_1,pv_13,ปทุมธานี,ภาคกลาง,1,เพื่อชาติ,186,0.17,13,108557
2562,pv_13_z_1,pv_13,ปทุมธานี,ภาคกลาง,1,พลังท้องถิ่นไท,165,0.15,14,108557
2562,pv_13_z_1,pv_13,ปทุมธานี,ภาคกลาง,1,ประชาชนปฏิรูป,112,0.10,15,108557
2562,pv_13_z_1,pv_13,ปทุมธานี,ภาคกลาง,1,ไทรักธรรม,110,0.10,16,108557
2562,pv_13_z_1,pv_13,ปทุมธานี,ภาคกลาง,1,พลเมืองไทย,84,0.08,17,108557
2562,pv_13_z_1,pv_13,ปทุมธานี,ภาคกลาง,1,ประชานิยม,51,0.05,18,108557
2562,pv_13_z_1,pv_13,ปทุมธานี,ภาคกลาง,1,มติประชา,48,0.04,19,108557
2562,pv_13_z_1,pv_13,ปทุมธานี,ภาคกลาง,1,พลังปวงชนไทย,37,0.03,20,108557
2562,pv_13_z_1,pv_13,ปทุมธานี,ภาคกลาง,1,ประชาธรรมไทย,26,0.02,21,108557
2562,pv_13_z_1,pv_13,ปทุมธานี,ภาคกลาง,1,เศรษฐกิจใหม่,0,0.00,22,108557
2562,pv_13_z_2,pv_13,ปทุมธานี,ภาคกลาง,2,เพื่อไทย,45443,40.62,1,111880
2562,pv_13_z_2,pv_13,ปทุมธานี,ภาคกลาง,2,อนาคตใหม่,22752,20.34,2,111880
2562,pv_13_z_2,pv_13,ปทุมธานี,ภาคกลาง,2,พลังประชารัฐ,19864,17.75,3,111880
2562,pv_13_z_2,pv_13,ปทุมธานี,ภาคกลาง,2,ภูมิใจไทย,9220,8.24,4,111880
2562,pv_13_z_2,pv_13,ปทุมธานี,ภาคกลาง,2,ประชาธิปัตย์,8560,7.65,5,111880
2562,pv_13_z_2,pv_13,ปทุมธานี,ภาคกลาง,2,เสรีรวมไทย,3164,2.83,6,111880
2562,pv_13_z_2,pv_13,ปทุมธานี,ภาคกลาง,2,ชาติพัฒนา,559,0.50,7,111880
2562,pv_13_z_2,pv_13,ปทุมธานี,ภาคกลาง,2,ประชาชาติ,373,0.33,8,111880
2562,pv_13_z_2,pv_13,ปทุมธานี,ภาคกลาง,2,รวมพลังประชาชาติไทย,347,0.31,9,111880
2562,pv_13_z_2,pv_13,ปทุมธานี,ภาคกลาง,2,รักษ์ผืนป่าประเทศไทย,300,0.27,10,111880
2562,pv_13_z_2,pv_13,ปทุมธานี,ภาคกลาง,2,เพื่อชาติ,276,0.25,11,111880
2562,pv_13_z_2,pv_13,ปทุมธานี,ภาคกลาง,2,ชาติไทยพัฒนา,169,0.15,12,111880
2562,pv_13_z_2,pv_13,ปทุมธานี,ภาคกลาง,2,ประชาภิวัฒน์,131,0.12,13,111880
2562,pv_13_z_2,pv_13,ปทุมธานี,ภาคกลาง,2,ประชาธิปไตยใหม่,90,0.08,14,111880
2562,pv_13_z_2,pv_13,ปทุมธานี,ภาคกลาง,2,แผ่นดินธรรม,88,0.08,15,111880
2562,pv_13_z_2,pv_13,ปทุมธานี,ภาคกลาง,2,มหาชน,77,0.07,16,111880
2562,pv_13_z_2,pv_13,ปทุมธานี,ภาคกลาง,2,พลังไทสร้างชาติ,77,0.07,17,111880
2562,pv_13_z_2,pv_13,ปทุมธานี,ภาคกลาง,2,ประชาชนปฏิรูป,76,0.07,18,111880
2562,pv_13_z_2,pv_13,ปทุมธานี,ภาคกลาง,2,พลังท้องถิ่นไท,71,0.06,19,111880
2562,pv_13_z_2,pv_13,ปทุมธานี,ภาคกลาง,2,พลังปวงชนไทย,71,0.06,20,111880
2562,pv_13_z_2,pv_13,ปทุมธานี,ภาคกลาง,2,ประชาธรรมไทย,70,0.06,21,111880
2562,pv_13_z_2,pv_13,ปทุมธานี,ภาคกลาง,2,พลเมืองไทย,63,0.06,22,111880
2562,pv_13_z_2,pv_13,ปทุมธานี,ภาคกลาง,2,ประชานิยม,39,0.03,23,111880
2562,pv_13_z_2,pv_13,ปทุมธานี,ภาคกลาง,2,เพื่อนไทย,0,0.00,24,111880
2562,pv_13_z_2,pv_13,ปทุมธานี,ภาคกลาง,2,เศรษฐกิจใหม่,0,0.00,25,111880
2562,pv_13_z_2,pv_13,ปทุมธานี,ภาคกลาง,2,ไทยรักษาชาติ,0,0.00,26,111880
2562,pv_13_z_3,pv_13,ปทุมธานี,ภาคกลาง,3,อนาคตใหม่,32550,33.07,1,98417
2562,pv_13_z_3,pv_13,ปทุมธานี,ภาคกลาง,3,เพื่อไทย,30372,30.86,2,98417
2562,pv_13_z_3,pv_13,ปทุมธานี,ภาคกลาง,3,พลังประชารัฐ,17465,17.75,3,98417
2562,pv_13_z_3,pv_13,ปทุมธานี,ภาคกลาง,3,ภูมิใจไทย,6426,6.53,4,98417
2562,pv_13_z_3,pv_13,ปทุมธานี,ภาคกลาง,3,ประชาธิปัตย์,5608,5.70,5,98417
2562,pv_13_z_3,pv_13,ปทุมธานี,ภาคกลาง,3,เสรีรวมไทย,3030,3.08,6,98417
2562,pv_13_z_3,pv_13,ปทุมธานี,ภาคกลาง,3,ชาติพัฒนา,627,0.64,7,98417
2562,pv_13_z_3,pv_13,ปทุมธานี,ภาคกลาง,3,เพื่อชาติ,375,0.38,8,98417
2562,pv_13_z_3,pv_13,ปทุมธานี,ภาคกลาง,3,ประชาชาติ,238,0.24,9,98417
2562,pv_13_z_3,pv_13,ปทุมธานี,ภาคกลาง,3,รักษ์ผืนป่าประเทศไทย,214,0.22,10,98417
2562,pv_13_z_3,pv_13,ปทุมธานี,ภาคกลาง,3,รวมพลังประชาชาติไทย,209,0.21,11,98417
2562,pv_13_z_3,pv_13,ปทุมธานี,ภาคกลาง,3,พลเมืองไทย,195,0.20,12,98417
2562,pv_13_z_3,pv_13,ปทุมธานี,ภาคกลาง,3,พลังปวงชนไทย,185,0.19,13,98417
2562,pv_13_z_3,pv_13,ปทุมธานี,ภาคกลาง,3,ประชาภิวัฒน์,154,0.16,14,98417
2562,pv_13_z_3,pv_13,ปทุมธานี,ภาคกลาง,3,ประชานิยม,136,0.14,15,98417
2562,pv_13_z_3,pv_13,ปทุมธานี,ภาคกลาง,3,พลังท้องถิ่นไท,131,0.13,16,98417
2562,pv_13_z_3,pv_13,ปทุมธานี,ภาคกลาง,3,ครูไทยเพื่อประชาชน,111,0.11,17,98417
2562,pv_13_z_3,pv_13,ปทุมธานี,ภาคกลาง,3,พลังไทสร้างชาติ,95,0.10,18,98417
2562,pv_13_z_3,pv_13,ปทุมธานี,ภาคกลาง,3,ประชาธิปไตยใหม่,90,0.09,19,98417
2562,pv_13_z_3,pv_13,ปทุมธานี,ภาคกลาง,3,แผ่นดินธรรม,59,0.06,20,98417
2562,pv_13_z_3,pv_13,ปทุมธานี,ภาคกลาง,3,ประชาธรรมไทย,54,0.05,21,98417
2562,pv_13_z_3,pv_13,ปทุมธานี,ภาคกลาง,3,ไทรักธรรม,42,0.04,22,98417
2562,pv_13_z_3,pv_13,ปทุมธานี,ภาคกลาง,3,มหาชน,31,0.03,23,98417
2562,pv_13_z_3,pv_13,ปทุมธานี,ภาคกลาง,3,มติประชา,20,0.02,24,98417
2562,pv_13_z_3,pv_13,ปทุมธานี,ภาคกลาง,3,เศรษฐกิจใหม่,0,0.00,25,98417
2562,pv_13_z_4,pv_13,ปทุมธานี,ภาคกลาง,4,เพื่อไทย,28600,26.03,1,109868
2562,pv_13_z_4,pv_13,ปทุมธานี,ภาคกลาง,4,อนาคตใหม่,27330,24.88,2,109868
2562,pv_13_z_4,pv_13,ปทุมธานี,ภาคกลาง,4,พลังประชารัฐ,21085,19.19,3,109868
2562,pv_13_z_4,pv_13,ปทุมธานี,ภาคกลาง,4,ประชาธิปัตย์,14024,12.76,4,109868
2562,pv_13_z_4,pv_13,ปทุมธานี,ภาคกลาง,4,ภูมิใจไทย,10221,9.30,5,109868
2562,pv_13_z_4,pv_13,ปทุมธานี,ภาคกลาง,4,เศรษฐกิจใหม่,3478,3.17,6,109868
2562,pv_13_z_4,pv_13,ปทุมธานี,ภาคกลาง,4,เสรีรวมไทย,2797,2.55,7,109868
2562,pv_13_z_4,pv_13,ปทุมธานี,ภาคกลาง,4,ชาติพัฒนา,464,0.42,8,109868
2562,pv_13_z_4,pv_13,ปทุมธานี,ภาคกลาง,4,รวมพลังประชาชาติไทย,343,0.31,9,109868
2562,pv_13_z_4,pv_13,ปทุมธานี,ภาคกลาง,4,รักษ์ผืนป่าประเทศไทย,330,0.30,10,109868
2562,pv_13_z_4,pv_13,ปทุมธานี,ภาคกลาง,4,พลังไทยรักไทย,191,0.17,11,109868
2562,pv_13_z_4,pv_13,ปทุมธานี,ภาคกลาง,4,กลาง,127,0.12,12,109868
2562,pv_13_z_4,pv_13,ปทุมธานี,ภาคกลาง,4,ประชาภิวัฒน์,122,0.11,13,109868
2562,pv_13_z_4,pv_13,ปทุมธานี,ภาคกลาง,4,ประชาธิปไตยใหม่,119,0.11,14,109868
2562,pv_13_z_4,pv_13,ปทุมธานี,ภาคกลาง,4,ครูไทยเพื่อประชาชน,108,0.10,15,109868
2562,pv_13_z_4,pv_13,ปทุมธานี,ภาคกลาง,4,ประชาชาติ,90,0.08,16,109868
2562,pv_13_z_4,pv_13,ปทุมธานี,ภาคกลาง,4,แผ่นดินธรรม,90,0.08,17,109868
2562,pv_13_z_4,pv_13,ปทุมธานี,ภาคกลาง,4,พลังท้องถิ่นไท,65,0.06,18,109868
2562,pv_13_z_4,pv_13,ปทุมธานี,ภาคกลาง,4,พลังไทสร้างชาติ,60,0.05,19,109868
2562,pv_13_z_4,pv_13,ปทุมธานี,ภาคกลาง,4,ประชานิยม,51,0.05,20,109868
2562,pv_13_z_4,pv_13,ปทุมธานี,ภาคกลาง,4,ไทรักธรรม,46,0.04,21,109868
2562,pv_13_z_4,pv_13,ปทุมธานี,ภาคกลาง,4,พลังปวงชนไทย,40,0.04,22,109868
2562,pv_13_z_4,pv_13,ปทุมธานี,ภาคกลาง,4,ประชาธรรมไทย,31,0.03,23,109868
2562,pv_13_z_4,pv_13,ปทุมธานี,ภาคกลาง,4,มหาชน,28,0.03,24,109868
2562,pv_13_z_4,pv_13,ปทุมธานี,ภาคกลาง,4,พลังสังคม,28,0.03,25,109868
2562,pv_13_z_4,pv_13,ปทุมธานี,ภาคกลาง,4,เพื่อชาติ,0,0.00,26,109868
2562,pv_13_z_5,pv_13,ปทุมธานี,ภาคกลาง,5,เพื่อไทย,35152,32.44,1,108359
2562,pv_13_z_5,pv_13,ปทุมธานี,ภาคกลาง,5,อนาคตใหม่,26837,24.77,2,108359
2562,pv_13_z_5,pv_13,ปทุมธานี,ภาคกลาง,5,พลังประชารัฐ,21149,19.52,3,108359
2562,pv_13_z_5,pv_13,ปทุมธานี,ภาคกลาง,5,ประชาธิปัตย์,13074,12.07,4,108359
2562,pv_13_z_5,pv_13,ปทุมธานี,ภาคกลาง,5,ภูมิใจไทย,5403,4.99,5,108359
2562,pv_13_z_5,pv_13,ปทุมธานี,ภาคกลาง,5,เสรีรวมไทย,2531,2.34,6,108359
2562,pv_13_z_5,pv_13,ปทุมธานี,ภาคกลาง,5,เพื่อชาติ,927,0.86,7,108359
2562,pv_13_z_5,pv_13,ปทุมธานี,ภาคกลาง,5,ชาติไทยพัฒนา,840,0.78,8,108359
2562,pv_13_z_5,pv_13,ปทุมธานี,ภาคกลาง,5,ประชาภิวัฒน์,476,0.44,9,108359
2562,pv_13_z_5,pv_13,ปทุมธานี,ภาคกลาง,5,รักษ์ผืนป่าประเทศไทย,323,0.30,10,108359
2562,pv_13_z_5,pv_13,ปทุมธานี,ภาคกลาง,5,รวมพลังประชาชาติไทย,307,0.28,11,108359
2562,pv_13_z_5,pv_13,ปทุมธานี,ภาคกลาง,5,ชาติพัฒนา,223,0.21,12,108359
2562,pv_13_z_5,pv_13,ปทุมธานี,ภาคกลาง,5,ประชาชาติ,166,0.15,13,108359
2562,pv_13_z_5,pv_13,ปทุมธานี,ภาคกลาง,5,ฐานรากไทย,164,0.15,14,108359
2562,pv_13_z_5,pv_13,ปทุมธานี,ภาคกลาง,5,พลังปวงชนไทย,114,0.11,15,108359
2562,pv_13_z_5,pv_13,ปทุมธานี,ภาคกลาง,5,ประชาธิปไตยใหม่,112,0.10,16,108359
2562,pv_13_z_5,pv_13,ปทุมธานี,ภาคกลาง,5,พลังท้องถิ่นไท,105,0.10,17,108359
2562,pv_13_z_5,pv_13,ปทุมธานี,ภาคกลาง,5,ประชาชนปฏิรูป,95,0.09,18,108359
2562,pv_13_z_5,pv_13,ปทุมธานี,ภาคกลาง,5,เครือข่ายชาวนาแห่งประเทศไทย,76,0.07,19,108359
2562,pv_13_z_5,pv_13,ปทุมธานี,ภาคกลาง,5,แผ่นดินธรรม,75,0.07,20,108359
2562,pv_13_z_5,pv_13,ปทุมธานี,ภาคกลาง,5,พลังไทสร้างชาติ,59,0.05,21,108359
2562,pv_13_z_5,pv_13,ปทุมธานี,ภาคกลาง,5,ประชานิยม,58,0.05,22,108359
2562,pv_13_z_5,pv_13,ปทุมธานี,ภาคกลาง,5,ไทรักธรรม,52,0.05,23,108359
2562,pv_13_z_5,pv_13,ปทุมธานี,ภาคกลาง,5,พลเมืองไทย,26,0.02,24,108359
2562,pv_13_z_5,pv_13,ปทุมธานี,ภาคกลาง,5,ประชาธรรมไทย,15,0.01,25,108359
2562,pv_13_z_5,pv_13,ปทุมธานี,ภาคกลาง,5,เศรษฐกิจใหม่,0,0.00,26,108359
2562,pv_13_z_6,pv_13,ปทุมธานี,ภาคกลาง,6,ภูมิใจไทย,31496,30.75,1,102433
2562,pv_13_z_6,pv_13,ปทุมธานี,ภาคกลาง,6,เพื่อไทย,30886,30.15,2,102433
2562,pv_13_z_6,pv_13,ปทุมธานี,ภาคกลาง,6,อนาคตใหม่,16589,16.19,3,102433
2562,pv_13_z_6,pv_13,ปทุมธานี,ภาคกลาง,6,พลังประชารัฐ,13353,13.04,4,102433
2562,pv_13_z_6,pv_13,ปทุมธานี,ภาคกลาง,6,ประชาธิปัตย์,3949,3.86,5,102433
2562,pv_13_z_6,pv_13,ปทุมธานี,ภาคกลาง,6,เศรษฐกิจใหม่,1862,1.82,6,102433
2562,pv_13_z_6,pv_13,ปทุมธานี,ภาคกลาง,6,เสรีรวมไทย,1731,1.69,7,102433
2562,pv_13_z_6,pv_13,ปทุมธานี,ภาคกลาง,6,ประชาธิปไตยใหม่,305,0.30,8,102433
2562,pv_13_z_6,pv_13,ปทุมธานี,ภาคกลาง,6,พลังไทยรักไทย,272,0.27,9,102433
2562,pv_13_z_6,pv_13,ปทุมธานี,ภาคกลาง,6,เพื่อชาติ,247,0.24,10,102433
2562,pv_13_z_6,pv_13,ปทุมธานี,ภาคกลาง,6,รักษ์ผืนป่าประเทศไทย,243,0.24,11,102433
2562,pv_13_z_6,pv_13,ปทุมธานี,ภาคกลาง,6,รวมพลังประชาชาติไทย,198,0.19,12,102433
2562,pv_13_z_6,pv_13,ปทุมธานี,ภาคกลาง,6,ชาติไทยพัฒนา,191,0.19,13,102433
2562,pv_13_z_6,pv_13,ปทุมธานี,ภาคกลาง,6,เครือข่ายชาวนาแห่งประเทศไทย,189,0.18,14,102433
2562,pv_13_z_6,pv_13,ปทุมธานี,ภาคกลาง,6,ประชาชาติ,171,0.17,15,102433
2562,pv_13_z_6,pv_13,ปทุมธานี,ภาคกลาง,6,พลังท้องถิ่นไท,123,0.12,16,102433
2562,pv_13_z_6,pv_13,ปทุมธานี,ภาคกลาง,6,พลังปวงชนไทย,103,0.10,17,102433
2562,pv_13_z_6,pv_13,ปทุมธานี,ภาคกลาง,6,ชาติพัฒนา,87,0.08,18,102433
2562,pv_13_z_6,pv_13,ปทุมธานี,ภาคกลาง,6,ประชาภิวัฒน์,69,0.07,19,102433
2562,pv_13_z_6,pv_13,ปทุมธานี,ภาคกลาง,6,มติประชา,65,0.06,20,102433
2562,pv_13_z_6,pv_13,ปทุมธานี,ภาคกลาง,6,พลังไทสร้างชาติ,60,0.06,21,102433
2562,pv_13_z_6,pv_13,ปทุมธานี,ภาคกลาง,6,ประชาชนปฏิรูป,53,0.05,22,102433
2562,pv_13_z_6,pv_13,ปทุมธานี,ภาคกลาง,6,แผ่นดินธรรม,46,0.04,23,102433
2562,pv_13_z_6,pv_13,ปทุมธานี,ภาคกลาง,6,ไทรักธรรม,44,0.04,24,102433
2562,pv_13_z_6,pv_13,ปทุมธานี,ภาคกลาง,6,ประชาธรรมไทย,41,0.04,25,102433
2562,pv_13_z_6,pv_13,ปทุมธานี,ภาคกลาง,6,ประชานิยม,31,0.03,26,102433
2562,pv_13_z_6,pv_13,ปทุมธานี,ภาคกลาง,6,พลังสังคม,29,0.03,27,102433
2562,pv_77_z_2,pv_77,ประจวบคีรีขันธ์,ภาคตะวันตก,2,เพื่อไทย,32507,31.96,1,101712
2562,pv_77_z_2,pv_77,ประจวบคีรีขันธ์,ภาคตะวันตก,2,ประชาธิปัตย์,32401,31.86,2,101712
2562,pv_77_z_2,pv_77,ประจวบคีรีขันธ์,ภาคตะวันตก,2,พลังประชารัฐ,15696,15.43,3,101712
2562,pv_77_z_2,pv_77,ประจวบคีรีขันธ์,ภาคตะวันตก,2,อนาคตใหม่,14925,14.67,4,101712
2562,pv_77_z_2,pv_77,ประจวบคีรีขันธ์,ภาคตะวันตก,2,เสรีรวมไทย,2096,2.06,5,101712
2562,pv_77_z_2,pv_77,ประจวบคีรีขันธ์,ภาคตะวันตก,2,ประชาชนปฏิรูป,523,0.51,6,101712
2562,pv_77_z_2,pv_77,ประจวบคีรีขันธ์,ภาคตะวันตก,2,เพื่อชาติ,487,0.48,7,101712
2562,pv_77_z_2,pv_77,ประจวบคีรีขันธ์,ภาคตะวันตก,2,รวมพลังประชาชาติไทย,475,0.47,8,101712
2562,pv_77_z_2,pv_77,ประจวบคีรีขันธ์,ภาคตะวันตก,2,ภูมิใจไทย,380,0.37,9,101712
2562,pv_77_z_2,pv_77,ประจวบคีรีขันธ์,ภาคตะวันตก,2,เพื่อแผ่นดิน,254,0.25,10,101712
2562,pv_77_z_2,pv_77,ประจวบคีรีขันธ์,ภาคตะวันตก,2,ประชานิยม,252,0.25,11,101712
2562,pv_77_z_2,pv_77,ประจวบคีรีขันธ์,ภาคตะวันตก,2,พลังชาติไทย,252,0.25,12,101712
2562,pv_77_z_2,pv_77,ประจวบคีรีขันธ์,ภาคตะวันตก,2,ประชาภิวัฒน์,240,0.24,13,101712
2562,pv_77_z_2,pv_77,ประจวบคีรีขันธ์,ภาคตะวันตก,2,พลังท้องถิ่นไท,230,0.23,14,101712
2562,pv_77_z_2,pv_77,ประจวบคีรีขันธ์,ภาคตะวันตก,2,พลังไทยรักชาติ,161,0.16,15,101712
2562,pv_77_z_2,pv_77,ประจวบคีรีขันธ์,ภาคตะวันตก,2,รักษ์ผืนป่าประเทศไทย,153,0.15,16,101712
2562,pv_77_z_2,pv_77,ประจวบคีรีขันธ์,ภาคตะวันตก,2,ครูไทยเพื่อประชาชน,123,0.12,17,101712
2562,pv_77_z_2,pv_77,ประจวบคีรีขันธ์,ภาคตะวันตก,2,พลเมืองไทย,123,0.12,18,101712
2562,pv_77_z_2,pv_77,ประจวบคีรีขันธ์,ภาคตะวันตก,2,เครือข่ายชาวนาแห่งประเทศไทย,104,0.10,19,101712
2562,pv_77_z_2,pv_77,ประจวบคีรีขันธ์,ภาคตะวันตก,2,ประชาชาติ,93,0.09,20,101712
2562,pv_77_z_2,pv_77,ประจวบคีรีขันธ์,ภาคตะวันตก,2,ไทรักธรรม,72,0.07,21,101712
2562,pv_77_z_2,pv_77,ประจวบคีรีขันธ์,ภาคตะวันตก,2,พลังปวงชนไทย,62,0.06,22,101712
2562,pv_77_z_2,pv_77,ประจวบคีรีขันธ์,ภาคตะวันตก,2,ประชาธรรมไทย,46,0.05,23,101712
2562,pv_77_z_2,pv_77,ประจวบคีรีขันธ์,ภาคตะวันตก,2,ประชากรไทย,36,0.04,24,101712
2562,pv_77_z_2,pv_77,ประจวบคีรีขันธ์,ภาคตะวันตก,2,ภาคีเครือข่ายไทย,21,0.02,25,101712
2562,pv_77_z_3,pv_77,ประจวบคีรีขันธ์,ภาคตะวันตก,3,ประชาธิปัตย์,27656,31.20,1,88630
2562,pv_77_z_3,pv_77,ประจวบคีรีขันธ์,ภาคตะวันตก,3,พลังประชารัฐ,23981,27.06,2,88630
2562,pv_77_z_3,pv_77,ประจวบคีรีขันธ์,ภาคตะวันตก,3,ภูมิใจไทย,16202,18.28,3,88630
2562,pv_77_z_3,pv_77,ประจวบคีรีขันธ์,ภาคตะวันตก,3,อนาคตใหม่,8080,9.12,4,88630
2562,pv_77_z_3,pv_77,ประจวบคีรีขันธ์,ภาคตะวันตก,3,เพื่อไทย,5028,5.67,5,88630
2562,pv_77_z_3,pv_77,ประจวบคีรีขันธ์,ภาคตะวันตก,3,เสรีรวมไทย,3404,3.84,6,88630
2562,pv_77_z_3,pv_77,ประจวบคีรีขันธ์,ภาคตะวันตก,3,รวมพลังประชาชาติไทย,676,0.76,7,88630
2562,pv_77_z_3,pv_77,ประจวบคีรีขันธ์,ภาคตะวันตก,3,รักษ์ผืนป่าประเทศไทย,511,0.58,8,88630
2562,pv_77_z_3,pv_77,ประจวบคีรีขันธ์,ภาคตะวันตก,3,ประชาชาติ,383,0.43,9,88630
2562,pv_77_z_3,pv_77,ประจวบคีรีขันธ์,ภาคตะวันตก,3,เพื่อชาติ,335,0.38,10,88630
2562,pv_77_z_3,pv_77,ประจวบคีรีขันธ์,ภาคตะวันตก,3,ประชาธิปไตยใหม่,305,0.34,11,88630
2562,pv_77_z_3,pv_77,ประจวบคีรีขันธ์,ภาคตะวันตก,3,ประชาภิวัฒน์,300,0.34,12,88630
2562,pv_77_z_3,pv_77,ประจวบคีรีขันธ์,ภาคตะวันตก,3,ครูไทยเพื่อประชาชน,225,0.25,13,88630
2562,pv_77_z_3,pv_77,ประจวบคีรีขันธ์,ภาคตะวันตก,3,พลังธรรมใหม่,205,0.23,14,88630
2562,pv_77_z_3,pv_77,ประจวบคีรีขันธ์,ภาคตะวันตก,3,พลเมืองไทย,197,0.22,15,88630
2562,pv_77_z_3,pv_77,ประจวบคีรีขันธ์,ภาคตะวันตก,3,พลังท้องถิ่นไท,195,0.22,16,88630
2562,pv_77_z_3,pv_77,ประจวบคีรีขันธ์,ภาคตะวันตก,3,เครือข่ายชาวนาแห่งประเทศไทย,195,0.22,17,88630
2562,pv_77_z_3,pv_77,ประจวบคีรีขันธ์,ภาคตะวันตก,3,พลังชาติไทย,172,0.19,18,88630
2562,pv_77_z_3,pv_77,ประจวบคีรีขันธ์,ภาคตะวันตก,3,ประชาธรรมไทย,131,0.15,19,88630
2562,pv_77_z_3,pv_77,ประจวบคีรีขันธ์,ภาคตะวันตก,3,พลังไทยรักไทย,66,0.07,20,88630
2562,pv_77_z_3,pv_77,ประจวบคีรีขันธ์,ภาคตะวันตก,3,ประชานิยม,65,0.07,21,88630
2562,pv_77_z_3,pv_77,ประจวบคีรีขันธ์,ภาคตะวันตก,3,ภราดรภาพ,65,0.07,22,88630
2562,pv_77_z_3,pv_77,ประจวบคีรีขันธ์,ภาคตะวันตก,3,พลังปวงชนไทย,59,0.07,23,88630
2562,pv_77_z_3,pv_77,ประจวบคีรีขันธ์,ภาคตะวันตก,3,แผ่นดินธรรม,55,0.06,24,88630
2562,pv_77_z_3,pv_77,ประจวบคีรีขันธ์,ภาคตะวันตก,3,ไทรักธรรม,49,0.06,25,88630
2562,pv_77_z_3,pv_77,ประจวบคีรีขันธ์,ภาคตะวันตก,3,ประชาชนปฏิรูป,45,0.05,26,88630
2562,pv_77_z_3,pv_77,ประจวบคีรีขันธ์,ภาคตะวันตก,3,ภาคีเครือข่ายไทย,45,0.05,27,88630
2562,pv_77_z_3,pv_77,ประจวบคีรีขันธ์,ภาคตะวันตก,3,ไทยรักษาชาติ,0,0.00,28,88630
2562,pv_77_z_1,pv_77,ประจวบคีรีขันธ์,ภาคตะวันตก,1,ประชาธิปัตย์,30114,30.23,1,99629
2562,pv_77_z_1,pv_77,ประจวบคีรีขันธ์,ภาคตะวันตก,1,เพื่อไทย,21108,21.19,2,99629
2562,pv_77_z_1,pv_77,ประจวบคีรีขันธ์,ภาคตะวันตก,1,ภูมิใจไทย,17723,17.79,3,99629
2562,pv_77_z_1,pv_77,ประจวบคีรีขันธ์,ภาคตะวันตก,1,พลังประชารัฐ,14862,14.92,4,99629
2562,pv_77_z_1,pv_77,ประจวบคีรีขันธ์,ภาคตะวันตก,1,อนาคตใหม่,9872,9.91,5,99629
2562,pv_77_z_1,pv_77,ประจวบคีรีขันธ์,ภาคตะวันตก,1,เสรีรวมไทย,1740,1.75,6,99629
2562,pv_77_z_1,pv_77,ประจวบคีรีขันธ์,ภาคตะวันตก,1,เครือข่ายชาวนาแห่งประเทศไทย,943,0.95,7,99629
2562,pv_77_z_1,pv_77,ประจวบคีรีขันธ์,ภาคตะวันตก,1,รักษ์ผืนป่าประเทศไทย,604,0.61,8,99629
2562,pv_77_z_1,pv_77,ประจวบคีรีขันธ์,ภาคตะวันตก,1,พลังชาติไทย,573,0.58,9,99629
2562,pv_77_z_1,pv_77,ประจวบคีรีขันธ์,ภาคตะวันตก,1,รวมพลังประชาชาติไทย,507,0.51,10,99629
2562,pv_77_z_1,pv_77,ประจวบคีรีขันธ์,ภาคตะวันตก,1,เพื่อชาติ,349,0.35,11,99629
2562,pv_77_z_1,pv_77,ประจวบคีรีขันธ์,ภาคตะวันตก,1,พลเมืองไทย,224,0.22,12,99629
2562,pv_77_z_1,pv_77,ประจวบคีรีขันธ์,ภาคตะวันตก,1,พลังท้องถิ่นไท,197,0.20,13,99629
2562,pv_77_z_1,pv_77,ประจวบคีรีขันธ์,ภาคตะวันตก,1,ไทรักธรรม,153,0.15,14,99629
2562,pv_77_z_1,pv_77,ประจวบคีรีขันธ์,ภาคตะวันตก,1,ครูไทยเพื่อประชาชน,149,0.15,15,99629
2562,pv_77_z_1,pv_77,ประจวบคีรีขันธ์,ภาคตะวันตก,1,ประชานิยม,118,0.12,16,99629
2562,pv_77_z_1,pv_77,ประจวบคีรีขันธ์,ภาคตะวันตก,1,ภาคีเครือข่ายไทย,105,0.11,17,99629
2562,pv_77_z_1,pv_77,ประจวบคีรีขันธ์,ภาคตะวันตก,1,พลังไทยรักชาติ,72,0.07,18,99629
2562,pv_77_z_1,pv_77,ประจวบคีรีขันธ์,ภาคตะวันตก,1,ประชาชนปฏิรูป,61,0.06,19,99629
2562,pv_77_z_1,pv_77,ประจวบคีรีขันธ์,ภาคตะวันตก,1,ประชาธรรมไทย,58,0.06,20,99629
2562,pv_77_z_1,pv_77,ประจวบคีรีขันธ์,ภาคตะวันตก,1,พลังปวงชนไทย,56,0.06,21,99629
2562,pv_77_z_1,pv_77,ประจวบคีรีขันธ์,ภาคตะวันตก,1,ประชาภิวัฒน์,41,0.04,22,99629
2562,pv_25_z_1,pv_25,ปราจีนบุรี,ภาคตะวันออก,1,ภูมิใจไทย,37454,38.74,1,96682
2562,pv_25_z_1,pv_25,ปราจีนบุรี,ภาคตะวันออก,1,พลังประชารัฐ,22986,23.77,2,96682
2562,pv_25_z_1,pv_25,ปราจีนบุรี,ภาคตะวันออก,1,อนาคตใหม่,13861,14.34,3,96682
2562,pv_25_z_1,pv_25,ปราจีนบุรี,ภาคตะวันออก,1,เพื่อไทย,13232,13.69,4,96682
2562,pv_25_z_1,pv_25,ปราจีนบุรี,ภาคตะวันออก,1,ประชาธิปัตย์,3170,3.28,5,96682
2562,pv_25_z_1,pv_25,ปราจีนบุรี,ภาคตะวันออก,1,เสรีรวมไทย,1702,1.76,6,96682
2562,pv_25_z_1,pv_25,ปราจีนบุรี,ภาคตะวันออก,1,เศรษฐกิจใหม่,1248,1.29,7,96682
2562,pv_25_z_1,pv_25,ปราจีนบุรี,ภาคตะวันออก,1,รวมพลังประชาชาติไทย,728,0.75,8,96682
2562,pv_25_z_1,pv_25,ปราจีนบุรี,ภาคตะวันออก,1,เพื่อชาติ,550,0.57,9,96682
2562,pv_25_z_1,pv_25,ปราจีนบุรี,ภาคตะวันออก,1,ทางเลือกใหม่,312,0.32,10,96682
2562,pv_25_z_1,pv_25,ปราจีนบุรี,ภาคตะวันออก,1,พลเมืองไทย,280,0.29,11,96682
2562,pv_25_z_1,pv_25,ปราจีนบุรี,ภาคตะวันออก,1,รักษ์ผืนป่าประเทศไทย,247,0.26,12,96682
2562,pv_25_z_1,pv_25,ปราจีนบุรี,ภาคตะวันออก,1,ประชาชนปฏิรูป,153,0.16,13,96682
2562,pv_25_z_1,pv_25,ปราจีนบุรี,ภาคตะวันออก,1,พลังท้องถิ่นไท,129,0.13,14,96682
2562,pv_25_z_1,pv_25,ปราจีนบุรี,ภาคตะวันออก,1,ประชาภิวัฒน์,119,0.12,15,96682
2562,pv_25_z_1,pv_25,ปราจีนบุรี,ภาคตะวันออก,1,ประชานิยม,103,0.11,16,96682
2562,pv_25_z_1,pv_25,ปราจีนบุรี,ภาคตะวันออก,1,ไทรักธรรม,103,0.11,17,96682
2562,pv_25_z_1,pv_25,ปราจีนบุรี,ภาคตะวันออก,1,ครูไทยเพื่อประชาชน,93,0.10,18,96682
2562,pv_25_z_1,pv_25,ปราจีนบุรี,ภาคตะวันออก,1,ประชาธิปไตยใหม่,62,0.06,19,96682
2562,pv_25_z_1,pv_25,ปราจีนบุรี,ภาคตะวันออก,1,ประชาไทย,55,0.06,20,96682
2562,pv_25_z_1,pv_25,ปราจีนบุรี,ภาคตะวันออก,1,พลังชาติไทย,48,0.05,21,96682
2562,pv_25_z_1,pv_25,ปราจีนบุรี,ภาคตะวันออก,1,มหาชน,47,0.05,22,96682
2562,pv_25_z_1,pv_25,ปราจีนบุรี,ภาคตะวันออก,1,เพื่อนไทย,0,0.00,23,96682
2562,pv_25_z_2,pv_25,ปราจีนบุรี,ภาคตะวันออก,2,ภูมิใจไทย,34359,35.49,1,96819
2562,pv_25_z_2,pv_25,ปราจีนบุรี,ภาคตะวันออก,2,เพื่อไทย,18298,18.90,2,96819
2562,pv_25_z_2,pv_25,ปราจีนบุรี,ภาคตะวันออก,2,อนาคตใหม่,16575,17.12,3,96819
2562,pv_25_z_2,pv_25,ปราจีนบุรี,ภาคตะวันออก,2,พลังประชารัฐ,13219,13.65,4,96819
2562,pv_25_z_2,pv_25,ปราจีนบุรี,ภาคตะวันออก,2,ประชาธิปัตย์,7902,8.16,5,96819
2562,pv_25_z_2,pv_25,ปราจีนบุรี,ภาคตะวันออก,2,เสรีรวมไทย,2144,2.21,6,96819
2562,pv_25_z_2,pv_25,ปราจีนบุรี,ภาคตะวันออก,2,เศรษฐกิจใหม่,1143,1.18,7,96819
2562,pv_25_z_2,pv_25,ปราจีนบุรี,ภาคตะวันออก,2,รวมพลังประชาชาติไทย,573,0.59,8,96819
2562,pv_25_z_2,pv_25,ปราจีนบุรี,ภาคตะวันออก,2,ประชาไทย,535,0.55,9,96819
2562,pv_25_z_2,pv_25,ปราจีนบุรี,ภาคตะวันออก,2,เพื่อชาติ,400,0.41,10,96819
2562,pv_25_z_2,pv_25,ปราจีนบุรี,ภาคตะวันออก,2,ทางเลือกใหม่,317,0.33,11,96819
2562,pv_25_z_2,pv_25,ปราจีนบุรี,ภาคตะวันออก,2,พลังท้องถิ่นไท,249,0.26,12,96819
2562,pv_25_z_2,pv_25,ปราจีนบุรี,ภาคตะวันออก,2,ประชาชนปฏิรูป,233,0.24,13,96819
2562,pv_25_z_2,pv_25,ปราจีนบุรี,ภาคตะวันออก,2,รักษ์ผืนป่าประเทศไทย,151,0.16,14,96819
2562,pv_25_z_2,pv_25,ปราจีนบุรี,ภาคตะวันออก,2,พลเมืองไทย,114,0.12,15,96819
2562,pv_25_z_2,pv_25,ปราจีนบุรี,ภาคตะวันออก,2,ครูไทยเพื่อประชาชน,105,0.11,16,96819
2562,pv_25_z_2,pv_25,ปราจีนบุรี,ภาคตะวันออก,2,ประชาภิวัฒน์,84,0.09,17,96819
2562,pv_25_z_2,pv_25,ปราจีนบุรี,ภาคตะวันออก,2,ประชาธิปไตยใหม่,83,0.09,18,96819
2562,pv_25_z_2,pv_25,ปราจีนบุรี,ภาคตะวันออก,2,ภราดรภาพ,82,0.08,19,96819
2562,pv_25_z_2,pv_25,ปราจีนบุรี,ภาคตะวันออก,2,ไทรักธรรม,70,0.07,20,96819
2562,pv_25_z_2,pv_25,ปราจีนบุรี,ภาคตะวันออก,2,เพื่อแผ่นดิน,60,0.06,21,96819
2562,pv_25_z_2,pv_25,ปราจีนบุรี,ภาคตะวันออก,2,พลังชาติไทย,55,0.06,22,96819
2562,pv_25_z_2,pv_25,ปราจีนบุรี,ภาคตะวันออก,2,ประชานิยม,34,0.04,23,96819
2562,pv_25_z_2,pv_25,ปราจีนบุรี,ภาคตะวันออก,2,มหาชน,34,0.04,24,96819
2562,pv_25_z_2,pv_25,ปราจีนบุรี,ภาคตะวันออก,2,ไทยรักษาชาติ,0,0.00,25,96819
2562,pv_25_z_2,pv_25,ปราจีนบุรี,ภาคตะวันออก,2,เพื่อนไทย,0,0.00,26,96819
2562,pv_25_z_3,pv_25,ปราจีนบุรี,ภาคตะวันออก,3,ภูมิใจไทย,36266,40.49,1,89577
2562,pv_25_z_3,pv_25,ปราจีนบุรี,ภาคตะวันออก,3,เพื่อไทย,22160,24.74,2,89577
2562,pv_25_z_3,pv_25,ปราจีนบุรี,ภาคตะวันออก,3,อนาคตใหม่,10843,12.10,3,89577
2562,pv_25_z_3,pv_25,ปราจีนบุรี,ภาคตะวันออก,3,พลังประชารัฐ,9137,10.20,4,89577
2562,pv_25_z_3,pv_25,ปราจีนบุรี,ภาคตะวันออก,3,ประชาธิปัตย์,3282,3.66,5,89577
2562,pv_25_z_3,pv_25,ปราจีนบุรี,ภาคตะวันออก,3,เพื่อชาติ,2434,2.72,6,89577
2562,pv_25_z_3,pv_25,ปราจีนบุรี,ภาคตะวันออก,3,เสรีรวมไทย,1328,1.48,7,89577
2562,pv_25_z_3,pv_25,ปราจีนบุรี,ภาคตะวันออก,3,รวมพลังประชาชาติไทย,649,0.72,8,89577
2562,pv_25_z_3,pv_25,ปราจีนบุรี,ภาคตะวันออก,3,เศรษฐกิจใหม่,630,0.70,9,89577
2562,pv_25_z_3,pv_25,ปราจีนบุรี,ภาคตะวันออก,3,ทางเลือกใหม่,454,0.51,10,89577
2562,pv_25_z_3,pv_25,ปราจีนบุรี,ภาคตะวันออก,3,ชาติไทยพัฒนา,427,0.48,11,89577
2562,pv_25_z_3,pv_25,ปราจีนบุรี,ภาคตะวันออก,3,พลังท้องถิ่นไท,330,0.37,12,89577
2562,pv_25_z_3,pv_25,ปราจีนบุรี,ภาคตะวันออก,3,รักษ์ผืนป่าประเทศไทย,322,0.36,13,89577
2562,pv_25_z_3,pv_25,ปราจีนบุรี,ภาคตะวันออก,3,ประชาภิวัฒน์,309,0.34,14,89577
2562,pv_25_z_3,pv_25,ปราจีนบุรี,ภาคตะวันออก,3,คนธรรมดาแห่งประเทศไทย,208,0.23,15,89577
2562,pv_25_z_3,pv_25,ปราจีนบุรี,ภาคตะวันออก,3,พลเมืองไทย,181,0.20,16,89577
2562,pv_25_z_3,pv_25,ปราจีนบุรี,ภาคตะวันออก,3,พลังประชาธิปไตย,143,0.16,17,89577
2562,pv_25_z_3,pv_25,ปราจีนบุรี,ภาคตะวันออก,3,พลังชาติไทย,140,0.16,18,89577
2562,pv_25_z_3,pv_25,ปราจีนบุรี,ภาคตะวันออก,3,ประชาธิปไตยใหม่,136,0.15,19,89577
2562,pv_25_z_3,pv_25,ปราจีนบุรี,ภาคตะวันออก,3,มหาชน,83,0.09,20,89577
2562,pv_25_z_3,pv_25,ปราจีนบุรี,ภาคตะวันออก,3,ประชานิยม,62,0.07,21,89577
2562,pv_25_z_3,pv_25,ปราจีนบุรี,ภาคตะวันออก,3,ไทรักธรรม,53,0.06,22,89577
2562,pv_25_z_3,pv_25,ปราจีนบุรี,ภาคตะวันออก,3,เพื่อนไทย,0,0.00,23,89577
2562,pv_94_z_1,pv_94,ปัตตานี,ภาคใต้,1,ประชาธิปัตย์,19883,20.63,1,96400
2562,pv_94_z_1,pv_94,ปัตตานี,ภาคใต้,1,ประชาชาติ,15233,15.80,2,96400
2562,pv_94_z_1,pv_94,ปัตตานี,ภาคใต้,1,ชาติไทยพัฒนา,13614,14.12,3,96400
2562,pv_94_z_1,pv_94,ปัตตานี,ภาคใต้,1,ภูมิใจไทย,13487,13.99,4,96400
2562,pv_94_z_1,pv_94,ปัตตานี,ภาคใต้,1,อนาคตใหม่,11951,12.40,5,96400
2562,pv_94_z_1,pv_94,ปัตตานี,ภาคใต้,1,รวมพลังประชาชาติไทย,11095,11.51,6,96400
2562,pv_94_z_1,pv_94,ปัตตานี,ภาคใต้,1,พลังประชารัฐ,5673,5.88,7,96400
2562,pv_94_z_1,pv_94,ปัตตานี,ภาคใต้,1,เพื่อไทย,1421,1.47,8,96400
2562,pv_94_z_1,pv_94,ปัตตานี,ภาคใต้,1,เสรีรวมไทย,857,0.89,9,96400
2562,pv_94_z_1,pv_94,ปัตตานี,ภาคใต้,1,เศรษฐกิจใหม่,826,0.86,10,96400
2562,pv_94_z_1,pv_94,ปัตตานี,ภาคใต้,1,คลองไทย,333,0.35,11,96400
2562,pv_94_z_1,pv_94,ปัตตานี,ภาคใต้,1,พลังท้องถิ่นไท,292,0.30,12,96400
2562,pv_94_z_1,pv_94,ปัตตานี,ภาคใต้,1,ชาติพัฒนา,255,0.26,13,96400
2562,pv_94_z_1,pv_94,ปัตตานี,ภาคใต้,1,ถิ่นกาขาวชาววิไล,178,0.18,14,96400
2562,pv_94_z_1,pv_94,ปัตตานี,ภาคใต้,1,ครูไทยเพื่อประชาชน,136,0.14,15,96400
2562,pv_94_z_1,pv_94,ปัตตานี,ภาคใต้,1,เพื่อแผ่นดิน,132,0.14,16,96400
2562,pv_94_z_1,pv_94,ปัตตานี,ภาคใต้,1,พลังไทยรักไทย,128,0.13,17,96400
2562,pv_94_z_1,pv_94,ปัตตานี,ภาคใต้,1,พลังชาติไทย,110,0.11,18,96400
2562,pv_94_z_1,pv_94,ปัตตานี,ภาคใต้,1,ประชาชนปฏิรูป,83,0.09,19,96400
2562,pv_94_z_1,pv_94,ปัตตานี,ภาคใต้,1,เพื่อชาติ,77,0.08,20,96400
2562,pv_94_z_1,pv_94,ปัตตานี,ภาคใต้,1,ประชาธิปไตยใหม่,73,0.08,21,96400
2562,pv_94_z_1,pv_94,ปัตตานี,ภาคใต้,1,พลเมืองไทย,73,0.08,22,96400
2562,pv_94_z_1,pv_94,ปัตตานี,ภาคใต้,1,แผ่นดินธรรม,61,0.06,23,96400
2562,pv_94_z_1,pv_94,ปัตตานี,ภาคใต้,1,รักษ์ผืนป่าประเทศไทย,59,0.06,24,96400
2562,pv_94_z_1,pv_94,ปัตตานี,ภาคใต้,1,พลังสังคม,58,0.06,25,96400
2562,pv_94_z_1,pv_94,ปัตตานี,ภาคใต้,1,ประชานิยม,55,0.06,26,96400
2562,pv_94_z_1,pv_94,ปัตตานี,ภาคใต้,1,ประชาภิวัฒน์,52,0.05,27,96400
2562,pv_94_z_1,pv_94,ปัตตานี,ภาคใต้,1,พลังประชาธิปไตย,46,0.05,28,96400
2562,pv_94_z_1,pv_94,ปัตตานี,ภาคใต้,1,เพื่อธรรม,43,0.04,29,96400
2562,pv_94_z_1,pv_94,ปัตตานี,ภาคใต้,1,ภูมิพลังเกษตรกรไทย,29,0.03,30,96400
2562,pv_94_z_1,pv_94,ปัตตานี,ภาคใต้,1,ไทรักธรรม,26,0.03,31,96400
2562,pv_94_z_1,pv_94,ปัตตานี,ภาคใต้,1,ภราดรภาพ,24,0.02,32,96400
2562,pv_94_z_1,pv_94,ปัตตานี,ภาคใต้,1,ไทยธรรม,20,0.02,33,96400
2562,pv_94_z_1,pv_94,ปัตตานี,ภาคใต้,1,พลังไทยรักชาติ,17,0.02,34,96400
2562,pv_94_z_1,pv_94,ปัตตานี,ภาคใต้,1,ไทยรักษาชาติ,0,0.00,35,96400
2562,pv_94_z_1,pv_94,ปัตตานี,ภาคใต้,1,ประชาไทย,0,0.00,36,96400
2562,pv_94_z_2,pv_94,ปัตตานี,ภาคใต้,2,ภูมิใจไทย,17652,20.73,1,85138
2562,pv_94_z_2,pv_94,ปัตตานี,ภาคใต้,2,ประชาชาติ,17218,20.22,2,85138
2562,pv_94_z_2,pv_94,ปัตตานี,ภาคใต้,2,รวมพลังประชาชาติไทย,14918,17.52,3,85138
2562,pv_94_z_2,pv_94,ปัตตานี,ภาคใต้,2,ประชาธิปัตย์,12885,15.13,4,85138
2562,pv_94_z_2,pv_94,ปัตตานี,ภาคใต้,2,อนาคตใหม่,6936,8.15,5,85138
2562,pv_94_z_2,pv_94,ปัตตานี,ภาคใต้,2,พลังท้องถิ่นไท,5667,6.66,6,85138
2562,pv_94_z_2,pv_94,ปัตตานี,ภาคใต้,2,พลังประชารัฐ,3923,4.61,7,85138
2562,pv_94_z_2,pv_94,ปัตตานี,ภาคใต้,2,เสรีรวมไทย,1137,1.34,8,85138
2562,pv_94_z_2,pv_94,ปัตตานี,ภาคใต้,2,ชาติไทยพัฒนา,857,1.01,9,85138
2562,pv_94_z_2,pv_94,ปัตตานี,ภาคใต้,2,พลังชาติไทย,499,0.59,10,85138
2562,pv_94_z_2,pv_94,ปัตตานี,ภาคใต้,2,เศรษฐกิจใหม่,344,0.40,11,85138
2562,pv_94_z_2,pv_94,ปัตตานี,ภาคใต้,2,แผ่นดินธรรม,305,0.36,12,85138
2562,pv_94_z_2,pv_94,ปัตตานี,ภาคใต้,2,คลองไทย,272,0.32,13,85138
2562,pv_94_z_2,pv_94,ปัตตานี,ภาคใต้,2,เพื่อธรรม,267,0.31,14,85138
2562,pv_94_z_2,pv_94,ปัตตานี,ภาคใต้,2,พลังไทยรักไทย,214,0.25,15,85138
2562,pv_94_z_2,pv_94,ปัตตานี,ภาคใต้,2,ประชาธิปไตยใหม่,210,0.25,16,85138
2562,pv_94_z_2,pv_94,ปัตตานี,ภาคใต้,2,พลังประชาธิปไตย,197,0.23,17,85138
2562,pv_94_z_2,pv_94,ปัตตานี,ภาคใต้,2,เพื่อชาติ,188,0.22,18,85138
2562,pv_94_z_2,pv_94,ปัตตานี,ภาคใต้,2,รักษ์ผืนป่าประเทศไทย,187,0.22,19,85138
2562,pv_94_z_2,pv_94,ปัตตานี,ภาคใต้,2,ไทรักธรรม,183,0.21,20,85138
2562,pv_94_z_2,pv_94,ปัตตานี,ภาคใต้,2,ถิ่นกาขาวชาววิไล,177,0.21,21,85138
2562,pv_94_z_2,pv_94,ปัตตานี,ภาคใต้,2,เพื่อแผ่นดิน,150,0.18,22,85138
2562,pv_94_z_2,pv_94,ปัตตานี,ภาคใต้,2,สยามพัฒนา,116,0.14,23,85138
2562,pv_94_z_2,pv_94,ปัตตานี,ภาคใต้,2,ครูไทยเพื่อประชาชน,94,0.11,24,85138
2562,pv_94_z_2,pv_94,ปัตตานี,ภาคใต้,2,ประชาธรรมไทย,84,0.10,25,85138
2562,pv_94_z_2,pv_94,ปัตตานี,ภาคใต้,2,ประชาภิวัฒน์,81,0.10,26,85138
2562,pv_94_z_2,pv_94,ปัตตานี,ภาคใต้,2,ไทยธรรม,76,0.09,27,85138
2562,pv_94_z_2,pv_94,ปัตตานี,ภาคใต้,2,พลังไทสร้างชาติ,75,0.09,28,85138
2562,pv_94_z_2,pv_94,ปัตตานี,ภาคใต้,2,ประชาไทย,66,0.08,29,85138
2562,pv_94_z_2,pv_94,ปัตตานี,ภาคใต้,2,ประชานิยม,56,0.07,30,85138
2562,pv_94_z_2,pv_94,ปัตตานี,ภาคใต้,2,ภูมิพลังเกษตรกรไทย,50,0.06,31,85138
2562,pv_94_z_2,pv_94,ปัตตานี,ภาคใต้,2,พลังสังคม,30,0.04,32,85138
2562,pv_94_z_2,pv_94,ปัตตานี,ภาคใต้,2,ภราดรภาพ,24,0.03,33,85138
2562,pv_94_z_2,pv_94,ปัตตานี,ภาคใต้,2,ไทยรักษาชาติ,0,0.00,34,85138
2562,pv_94_z_3,pv_94,ปัตตานี,ภาคใต้,3,ประชาชาติ,36799,40.57,1,90707
2562,pv_94_z_3,pv_94,ปัตตานี,ภาคใต้,3,ภูมิใจไทย,18109,19.96,2,90707
2562,pv_94_z_3,pv_94,ปัตตานี,ภาคใต้,3,พลังประชารัฐ,11740,12.94,3,90707
2562,pv_94_z_3,pv_94,ปัตตานี,ภาคใต้,3,ประชาธิปัตย์,9980,11.00,4,90707
2562,pv_94_z_3,pv_94,ปัตตานี,ภาคใต้,3,อนาคตใหม่,6742,7.43,5,90707
2562,pv_94_z_3,pv_94,ปัตตานี,ภาคใต้,3,รวมพลังประชาชาติไทย,2322,2.56,6,90707
2562,pv_94_z_3,pv_94,ปัตตานี,ภาคใต้,3,เพื่อไทย,810,0.89,7,90707
2562,pv_94_z_3,pv_94,ปัตตานี,ภาคใต้,3,เสรีรวมไทย,632,0.70,8,90707
2562,pv_94_z_3,pv_94,ปัตตานี,ภาคใต้,3,ชาติไทยพัฒนา,483,0.53,9,90707
2562,pv_94_z_3,pv_94,ปัตตานี,ภาคใต้,3,แผ่นดินธรรม,459,0.51,10,90707
2562,pv_94_z_3,pv_94,ปัตตานี,ภาคใต้,3,พลังท้องถิ่นไท,282,0.31,11,90707
2562,pv_94_z_3,pv_94,ปัตตานี,ภาคใต้,3,ชาติพัฒนา,269,0.30,12,90707
2562,pv_94_z_3,pv_94,ปัตตานี,ภาคใต้,3,เพื่อแผ่นดิน,232,0.26,13,90707
2562,pv_94_z_3,pv_94,ปัตตานี,ภาคใต้,3,รักษ์ผืนป่าประเทศไทย,211,0.23,14,90707
2562,pv_94_z_3,pv_94,ปัตตานี,ภาคใต้,3,พลังชาติไทย,177,0.20,15,90707
2562,pv_94_z_3,pv_94,ปัตตานี,ภาคใต้,3,ภูมิพลังเกษตรกรไทย,168,0.19,16,90707
2562,pv_94_z_3,pv_94,ปัตตานี,ภาคใต้,3,เศรษฐกิจใหม่,160,0.18,17,90707
2562,pv_94_z_3,pv_94,ปัตตานี,ภาคใต้,3,ประชาภิวัฒน์,150,0.17,18,90707
2562,pv_94_z_3,pv_94,ปัตตานี,ภาคใต้,3,เพื่อชาติ,140,0.15,19,90707
2562,pv_94_z_3,pv_94,ปัตตานี,ภาคใต้,3,คลองไทย,97,0.11,20,90707
2562,pv_94_z_3,pv_94,ปัตตานี,ภาคใต้,3,พลังประชาธิปไตย,83,0.09,21,90707
2562,pv_94_z_3,pv_94,ปัตตานี,ภาคใต้,3,เพื่อธรรม,69,0.08,22,90707
2562,pv_94_z_3,pv_94,ปัตตานี,ภาคใต้,3,ทางเลือกใหม่,63,0.07,23,90707
2562,pv_94_z_3,pv_94,ปัตตานี,ภาคใต้,3,ไทยธรรม,62,0.07,24,90707
2562,pv_94_z_3,pv_94,ปัตตานี,ภาคใต้,3,พลังไทยรักไทย,60,0.07,25,90707
2562,pv_94_z_3,pv_94,ปัตตานี,ภาคใต้,3,ถิ่นกาขาวชาววิไล,52,0.06,26,90707
2562,pv_94_z_3,pv_94,ปัตตานี,ภาคใต้,3,พลังไทยรักชาติ,50,0.06,27,90707
2562,pv_94_z_3,pv_94,ปัตตานี,ภาคใต้,3,ครูไทยเพื่อประชาชน,49,0.05,28,90707
2562,pv_94_z_3,pv_94,ปัตตานี,ภาคใต้,3,ประชาธิปไตยใหม่,47,0.05,29,90707
2562,pv_94_z_3,pv_94,ปัตตานี,ภาคใต้,3,ประชาไทย,45,0.05,30,90707
2562,pv_94_z_3,pv_94,ปัตตานี,ภาคใต้,3,ไทรักธรรม,42,0.05,31,90707
2562,pv_94_z_3,pv_94,ปัตตานี,ภาคใต้,3,ภราดรภาพ,39,0.04,32,90707
2562,pv_94_z_3,pv_94,ปัตตานี,ภาคใต้,3,ประชาธรรมไทย,35,0.04,33,90707
2562,pv_94_z_3,pv_94,ปัตตานี,ภาคใต้,3,พลเมืองไทย,26,0.03,34,90707
2562,pv_94_z_3,pv_94,ปัตตานี,ภาคใต้,3,ประชานิยม,23,0.03,35,90707
2562,pv_94_z_3,pv_94,ปัตตานี,ภาคใต้,3,ไทยรักษาชาติ,0,0.00,36,90707
2562,pv_94_z_4,pv_94,ปัตตานี,ภาคใต้,4,ประชาชาติ,29323,34.62,1,84709
2562,pv_94_z_4,pv_94,ปัตตานี,ภาคใต้,4,พลังประชารัฐ,15718,18.56,2,84709
2562,pv_94_z_4,pv_94,ปัตตานี,ภาคใต้,4,ภูมิใจไทย,12623,14.90,3,84709
2562,pv_94_z_4,pv_94,ปัตตานี,ภาคใต้,4,รวมพลังประชาชาติไทย,8636,10.19,4,84709
2562,pv_94_z_4,pv_94,ปัตตานี,ภาคใต้,4,ประชาธิปัตย์,7685,9.07,5,84709
2562,pv_94_z_4,pv_94,ปัตตานี,ภาคใต้,4,อนาคตใหม่,6741,7.96,6,84709
2562,pv_94_z_4,pv_94,ปัตตานี,ภาคใต้,4,เสรีรวมไทย,485,0.57,7,84709
2562,pv_94_z_4,pv_94,ปัตตานี,ภาคใต้,4,ชาติไทยพัฒนา,392,0.46,8,84709
2562,pv_94_z_4,pv_94,ปัตตานี,ภาคใต้,4,เศรษฐกิจใหม่,328,0.39,9,84709
2562,pv_94_z_4,pv_94,ปัตตานี,ภาคใต้,4,ชาติพัฒนา,326,0.38,10,84709
2562,pv_94_z_4,pv_94,ปัตตานี,ภาคใต้,4,พลังท้องถิ่นไท,309,0.36,11,84709
2562,pv_94_z_4,pv_94,ปัตตานี,ภาคใต้,4,ครูไทยเพื่อประชาชน,228,0.27,12,84709
2562,pv_94_z_4,pv_94,ปัตตานี,ภาคใต้,4,ประชาธิปไตยใหม่,222,0.26,13,84709
2562,pv_94_z_4,pv_94,ปัตตานี,ภาคใต้,4,ไทยธรรม,207,0.24,14,84709
2562,pv_94_z_4,pv_94,ปัตตานี,ภาคใต้,4,พลังประชาธิปไตย,162,0.19,15,84709
2562,pv_94_z_4,pv_94,ปัตตานี,ภาคใต้,4,เพื่อชาติ,147,0.17,16,84709
2562,pv_94_z_4,pv_94,ปัตตานี,ภาคใต้,4,พลังสังคม,135,0.16,17,84709
2562,pv_94_z_4,pv_94,ปัตตานี,ภาคใต้,4,รักษ์ผืนป่าประเทศไทย,132,0.16,18,84709
2562,pv_94_z_4,pv_94,ปัตตานี,ภาคใต้,4,เพื่อธรรม,117,0.14,19,84709
2562,pv_94_z_4,pv_94,ปัตตานี,ภาคใต้,4,พลังชาติไทย,110,0.13,20,84709
2562,pv_94_z_4,pv_94,ปัตตานี,ภาคใต้,4,พลังไทยรักไทย,95,0.11,21,84709
2562,pv_94_z_4,pv_94,ปัตตานี,ภาคใต้,4,คลองไทย,91,0.11,22,84709
2562,pv_94_z_4,pv_94,ปัตตานี,ภาคใต้,4,พลเมืองไทย,85,0.10,23,84709
2562,pv_94_z_4,pv_94,ปัตตานี,ภาคใต้,4,ประชาธรรมไทย,75,0.09,24,84709
2562,pv_94_z_4,pv_94,ปัตตานี,ภาคใต้,4,ประชานิยม,60,0.07,25,84709
2562,pv_94_z_4,pv_94,ปัตตานี,ภาคใต้,4,ประชาภิวัฒน์,58,0.07,26,84709
2562,pv_94_z_4,pv_94,ปัตตานี,ภาคใต้,4,ถิ่นกาขาวชาววิไล,49,0.06,27,84709
2562,pv_94_z_4,pv_94,ปัตตานี,ภาคใต้,4,ประชาไทย,39,0.05,28,84709
2562,pv_94_z_4,pv_94,ปัตตานี,ภาคใต้,4,เพื่อแผ่นดิน,34,0.04,29,84709
2562,pv_94_z_4,pv_94,ปัตตานี,ภาคใต้,4,แผ่นดินธรรม,34,0.04,30,84709
2562,pv_94_z_4,pv_94,ปัตตานี,ภาคใต้,4,พลังไทยรักชาติ,26,0.03,31,84709
2562,pv_94_z_4,pv_94,ปัตตานี,ภาคใต้,4,ไทรักธรรม,25,0.03,32,84709
2562,pv_94_z_4,pv_94,ปัตตานี,ภาคใต้,4,ภราดรภาพ,12,0.01,33,84709
2562,pv_94_z_4,pv_94,ปัตตานี,ภาคใต้,4,ไทยรักษาชาติ,0,0.00,34,84709
2562,pv_66_z_1,pv_66,พิจิตร,ภาคกลาง,1,พลังประชารัฐ,24781,26.20,1,94571
2562,pv_66_z_1,pv_66,พิจิตร,ภาคกลาง,1,เสรีรวมไทย,20375,21.54,2,94571
2562,pv_66_z_1,pv_66,พิจิตร,ภาคกลาง,1,อนาคตใหม่,18947,20.03,3,94571
2562,pv_66_z_1,pv_66,พิจิตร,ภาคกลาง,1,ประชาธิปัตย์,11983,12.67,4,94571
2562,pv_66_z_1,pv_66,พิจิตร,ภาคกลาง,1,ภูมิใจไทย,11580,12.24,5,94571
2562,pv_66_z_1,pv_66,พิจิตร,ภาคกลาง,1,เศรษฐกิจใหม่,939,0.99,6,94571
2562,pv_66_z_1,pv_66,พิจิตร,ภาคกลาง,1,พลังชาติไทย,876,0.93,7,94571
2562,pv_66_z_1,pv_66,พิจิตร,ภาคกลาง,1,เพื่อชาติ,788,0.83,8,94571
2562,pv_66_z_1,pv_66,พิจิตร,ภาคกลาง,1,เพื่อแผ่นดิน,611,0.65,9,94571
2562,pv_66_z_1,pv_66,พิจิตร,ภาคกลาง,1,พลังไทยรักไทย,499,0.53,10,94571
2562,pv_66_z_1,pv_66,พิจิตร,ภาคกลาง,1,เพื่อสหกรณ์ไทย,346,0.37,11,94571
2562,pv_66_z_1,pv_66,พิจิตร,ภาคกลาง,1,รวมพลังประชาชาติไทย,336,0.36,12,94571
2562,pv_66_z_1,pv_66,พิจิตร,ภาคกลาง,1,พลังครูไทย,314,0.33,13,94571
2562,pv_66_z_1,pv_66,พิจิตร,ภาคกลาง,1,รักษ์ผืนป่าประเทศไทย,306,0.32,14,94571
2562,pv_66_z_1,pv_66,พิจิตร,ภาคกลาง,1,พลังปวงชนไทย,280,0.30,15,94571
2562,pv_66_z_1,pv_66,พิจิตร,ภาคกลาง,1,ครูไทยเพื่อประชาชน,270,0.29,16,94571
2562,pv_66_z_1,pv_66,พิจิตร,ภาคกลาง,1,ฐานรากไทย,220,0.23,17,94571
2562,pv_66_z_1,pv_66,พิจิตร,ภาคกลาง,1,พลังประชาธิปไตย,196,0.21,18,94571
2562,pv_66_z_1,pv_66,พิจิตร,ภาคกลาง,1,พลังท้องถิ่นไท,190,0.20,19,94571
2562,pv_66_z_1,pv_66,พิจิตร,ภาคกลาง,1,ประชานิยม,189,0.20,20,94571
2562,pv_66_z_1,pv_66,พิจิตร,ภาคกลาง,1,ประชาภิวัฒน์,181,0.19,21,94571
2562,pv_66_z_1,pv_66,พิจิตร,ภาคกลาง,1,ประชาชาติ,159,0.17,22,94571
2562,pv_66_z_1,pv_66,พิจิตร,ภาคกลาง,1,ภราดรภาพ,61,0.06,23,94571
2562,pv_66_z_1,pv_66,พิจิตร,ภาคกลาง,1,ประชาชนปฏิรูป,56,0.06,24,94571
2562,pv_66_z_1,pv_66,พิจิตร,ภาคกลาง,1,ไทรักธรรม,51,0.05,25,94571
2562,pv_66_z_1,pv_66,พิจิตร,ภาคกลาง,1,พลังสังคม,37,0.04,26,94571
2562,pv_66_z_1,pv_66,พิจิตร,ภาคกลาง,1,ไทยรักษาชาติ,0,0.00,27,94571
2562,pv_66_z_1,pv_66,พิจิตร,ภาคกลาง,1,เพื่อนไทย,0,0.00,28,94571
2562,pv_66_z_2,pv_66,พิจิตร,ภาคกลาง,2,พลังประชารัฐ,21466,24.78,1,86614
2562,pv_66_z_2,pv_66,พิจิตร,ภาคกลาง,2,อนาคตใหม่,18845,21.76,2,86614
2562,pv_66_z_2,pv_66,พิจิตร,ภาคกลาง,2,ภูมิใจไทย,16821,19.42,3,86614
2562,pv_66_z_2,pv_66,พิจิตร,ภาคกลาง,2,เสรีรวมไทย,10464,12.08,4,86614
2562,pv_66_z_2,pv_66,พิจิตร,ภาคกลาง,2,ประชาธิปัตย์,5651,6.52,5,86614
2562,pv_66_z_2,pv_66,พิจิตร,ภาคกลาง,2,ชาติไทยพัฒนา,4469,5.16,6,86614
2562,pv_66_z_2,pv_66,พิจิตร,ภาคกลาง,2,เพื่อชาติ,1545,1.78,7,86614
2562,pv_66_z_2,pv_66,พิจิตร,ภาคกลาง,2,เศรษฐกิจใหม่,952,1.10,8,86614
2562,pv_66_z_2,pv_66,พิจิตร,ภาคกลาง,2,พลังปวงชนไทย,932,1.08,9,86614
2562,pv_66_z_2,pv_66,พิจิตร,ภาคกลาง,2,พลังชาติไทย,678,0.78,10,86614
2562,pv_66_z_2,pv_66,พิจิตร,ภาคกลาง,2,พลังไทยรักไทย,575,0.66,11,86614
2562,pv_66_z_2,pv_66,พิจิตร,ภาคกลาง,2,พลังสังคม,494,0.57,12,86614
2562,pv_66_z_2,pv_66,พิจิตร,ภาคกลาง,2,รักษ์ผืนป่าประเทศไทย,451,0.52,13,86614
2562,pv_66_z_2,pv_66,พิจิตร,ภาคกลาง,2,ประชาชาติ,399,0.46,14,86614
2562,pv_66_z_2,pv_66,พิจิตร,ภาคกลาง,2,ประชาธิปไตยใหม่,337,0.39,15,86614
2562,pv_66_z_2,pv_66,พิจิตร,ภาคกลาง,2,เพื่อแผ่นดิน,327,0.38,16,86614
2562,pv_66_z_2,pv_66,พิจิตร,ภาคกลาง,2,พลังท้องถิ่นไท,324,0.37,17,86614
2562,pv_66_z_2,pv_66,พิจิตร,ภาคกลาง,2,รวมพลังประชาชาติไทย,232,0.27,18,86614
2562,pv_66_z_2,pv_66,พิจิตร,ภาคกลาง,2,ประชานิยม,223,0.26,19,86614
2562,pv_66_z_2,pv_66,พิจิตร,ภาคกลาง,2,ประชาภิวัฒน์,200,0.23,20,86614
2562,pv_66_z_2,pv_66,พิจิตร,ภาคกลาง,2,ฐานรากไทย,196,0.23,21,86614
2562,pv_66_z_2,pv_66,พิจิตร,ภาคกลาง,2,ครูไทยเพื่อประชาชน,170,0.20,22,86614
2562,pv_66_z_2,pv_66,พิจิตร,ภาคกลาง,2,ไทยศรีวิไลย์,162,0.19,23,86614
2562,pv_66_z_2,pv_66,พิจิตร,ภาคกลาง,2,ภราดรภาพ,154,0.18,24,86614
2562,pv_66_z_2,pv_66,พิจิตร,ภาคกลาง,2,ประชาชนปฏิรูป,153,0.18,25,86614
2562,pv_66_z_2,pv_66,พิจิตร,ภาคกลาง,2,เพื่อสหกรณ์ไทย,146,0.17,26,86614
2562,pv_66_z_2,pv_66,พิจิตร,ภาคกลาง,2,เครือข่ายชาวนาแห่งประเทศไทย,139,0.16,27,86614
2562,pv_66_z_2,pv_66,พิจิตร,ภาคกลาง,2,พลังครูไทย,80,0.09,28,86614
2562,pv_66_z_2,pv_66,พิจิตร,ภาคกลาง,2,ไทรักธรรม,29,0.03,29,86614
2562,pv_66_z_2,pv_66,พิจิตร,ภาคกลาง,2,ไทยรักษาชาติ,0,0.00,30,86614
2562,pv_66_z_2,pv_66,พิจิตร,ภาคกลาง,2,เพื่อนไทย,0,0.00,31,86614
2562,pv_66_z_3,pv_66,พิจิตร,ภาคกลาง,3,พลังประชารัฐ,30325,32.45,1,93443
2562,pv_66_z_3,pv_66,พิจิตร,ภาคกลาง,3,ภูมิใจไทย,29535,31.61,2,93443
2562,pv_66_z_3,pv_66,พิจิตร,ภาคกลาง,3,อนาคตใหม่,16768,17.94,3,93443
2562,pv_66_z_3,pv_66,พิจิตร,ภาคกลาง,3,ประชาธิปัตย์,6241,6.68,4,93443
2562,pv_66_z_3,pv_66,พิจิตร,ภาคกลาง,3,เสรีรวมไทย,3222,3.45,5,93443
2562,pv_66_z_3,pv_66,พิจิตร,ภาคกลาง,3,พลังท้องถิ่นไท,1875,2.01,6,93443
2562,pv_66_z_3,pv_66,พิจิตร,ภาคกลาง,3,เพื่อชาติ,744,0.80,7,93443
2562,pv_66_z_3,pv_66,พิจิตร,ภาคกลาง,3,เศรษฐกิจใหม่,699,0.75,8,93443
2562,pv_66_z_3,pv_66,พิจิตร,ภาคกลาง,3,ประชาชนปฏิรูป,627,0.67,9,93443
2562,pv_66_z_3,pv_66,พิจิตร,ภาคกลาง,3,เครือข่ายชาวนาแห่งประเทศไทย,602,0.64,10,93443
2562,pv_66_z_3,pv_66,พิจิตร,ภาคกลาง,3,ชาติไทยพัฒนา,438,0.47,11,93443
2562,pv_66_z_3,pv_66,พิจิตร,ภาคกลาง,3,ประชาชาติ,296,0.32,12,93443
2562,pv_66_z_3,pv_66,พิจิตร,ภาคกลาง,3,รวมพลังประชาชาติไทย,248,0.27,13,93443
2562,pv_66_z_3,pv_66,พิจิตร,ภาคกลาง,3,พลังสังคม,243,0.26,14,93443
2562,pv_66_z_3,pv_66,พิจิตร,ภาคกลาง,3,ประชานิยม,238,0.25,15,93443
2562,pv_66_z_3,pv_66,พิจิตร,ภาคกลาง,3,พลังไทยรักไทย,193,0.21,16,93443
2562,pv_66_z_3,pv_66,พิจิตร,ภาคกลาง,3,ครูไทยเพื่อประชาชน,158,0.17,17,93443
2562,pv_66_z_3,pv_66,พิจิตร,ภาคกลาง,3,ไทยศรีวิไลย์,144,0.15,18,93443
2562,pv_66_z_3,pv_66,พิจิตร,ภาคกลาง,3,รักษ์ผืนป่าประเทศไทย,137,0.15,19,93443
2562,pv_66_z_3,pv_66,พิจิตร,ภาคกลาง,3,พลังชาติไทย,125,0.13,20,93443
2562,pv_66_z_3,pv_66,พิจิตร,ภาคกลาง,3,ประชาภิวัฒน์,120,0.13,21,93443
2562,pv_66_z_3,pv_66,พิจิตร,ภาคกลาง,3,เพื่อแผ่นดิน,116,0.12,22,93443
2562,pv_66_z_3,pv_66,พิจิตร,ภาคกลาง,3,พลังปวงชนไทย,100,0.11,23,93443
2562,pv_66_z_3,pv_66,พิจิตร,ภาคกลาง,3,พลังครูไทย,100,0.11,24,93443
2562,pv_66_z_3,pv_66,พิจิตร,ภาคกลาง,3,ฐานรากไทย,69,0.07,25,93443
2562,pv_66_z_3,pv_66,พิจิตร,ภาคกลาง,3,ไทรักธรรม,41,0.04,26,93443
2562,pv_66_z_3,pv_66,พิจิตร,ภาคกลาง,3,ภราดรภาพ,39,0.04,27,93443
2562,pv_66_z_3,pv_66,พิจิตร,ภาคกลาง,3,ไทยรักษาชาติ,0,0.00,28,93443
2562,pv_66_z_3,pv_66,พิจิตร,ภาคกลาง,3,เพื่อนไทย,0,0.00,29,93443
2562,pv_14_z_1,pv_14,พระนครศรีอยุธยา,ภาคกลาง,1,ภูมิใจไทย,33632,33.50,1,100409
2562,pv_14_z_1,pv_14,พระนครศรีอยุธยา,ภาคกลาง,1,เพื่อไทย,25164,25.06,2,100409
2562,pv_14_z_1,pv_14,พระนครศรีอยุธยา,ภาคกลาง,1,อนาคตใหม่,22016,21.93,3,100409
2562,pv_14_z_1,pv_14,พระนครศรีอยุธยา,ภาคกลาง,1,เสรีรวมไทย,6261,6.24,4,100409
2562,pv_14_z_1,pv_14,พระนครศรีอยุธยา,ภาคกลาง,1,ประชาธิปัตย์,6198,6.17,5,100409
2562,pv_14_z_1,pv_14,พระนครศรีอยุธยา,ภาคกลาง,1,รวมพลังประชาชาติไทย,3490,3.48,6,100409
2562,pv_14_z_1,pv_14,พระนครศรีอยุธยา,ภาคกลาง,1,ไทยศรีวิไลย์,506,0.50,7,100409
2562,pv_14_z_1,pv_14,พระนครศรีอยุธยา,ภาคกลาง,1,ชาติไทยพัฒนา,422,0.42,8,100409
2562,pv_14_z_1,pv_14,พระนครศรีอยุธยา,ภาคกลาง,1,ประชาธรรมไทย,330,0.33,9,100409
2562,pv_14_z_1,pv_14,พระนครศรีอยุธยา,ภาคกลาง,1,เครือข่ายชาวนาแห่งประเทศไทย,302,0.30,10,100409
2562,pv_14_z_1,pv_14,พระนครศรีอยุธยา,ภาคกลาง,1,พลังท้องถิ่นไท,269,0.27,11,100409
2562,pv_14_z_1,pv_14,พระนครศรีอยุธยา,ภาคกลาง,1,รักษ์ผืนป่าประเทศไทย,269,0.27,12,100409
2562,pv_14_z_1,pv_14,พระนครศรีอยุธยา,ภาคกลาง,1,ชาติพัฒนา,255,0.25,13,100409
2562,pv_14_z_1,pv_14,พระนครศรีอยุธยา,ภาคกลาง,1,ประชาธิปไตยใหม่,246,0.24,14,100409
2562,pv_14_z_1,pv_14,พระนครศรีอยุธยา,ภาคกลาง,1,ประชาชนปฏิรูป,207,0.21,15,100409
2562,pv_14_z_1,pv_14,พระนครศรีอยุธยา,ภาคกลาง,1,พลังชาติไทย,177,0.18,16,100409
2562,pv_14_z_1,pv_14,พระนครศรีอยุธยา,ภาคกลาง,1,เพื่อชาติ,102,0.10,17,100409
2562,pv_14_z_1,pv_14,พระนครศรีอยุธยา,ภาคกลาง,1,รวมใจไทย,98,0.10,18,100409
2562,pv_14_z_1,pv_14,พระนครศรีอยุธยา,ภาคกลาง,1,ภาคีเครือข่ายไทย,97,0.10,19,100409
2562,pv_14_z_1,pv_14,พระนครศรีอยุธยา,ภาคกลาง,1,พลังแรงงานไทย,88,0.09,20,100409
2562,pv_14_z_1,pv_14,พระนครศรีอยุธยา,ภาคกลาง,1,ไทรักธรรม,78,0.08,21,100409
2562,pv_14_z_1,pv_14,พระนครศรีอยุธยา,ภาคกลาง,1,ประชาภิวัฒน์,72,0.07,22,100409
2562,pv_14_z_1,pv_14,พระนครศรีอยุธยา,ภาคกลาง,1,ประชานิยม,53,0.05,23,100409
2562,pv_14_z_1,pv_14,พระนครศรีอยุธยา,ภาคกลาง,1,ไทยธรรม,40,0.04,24,100409
2562,pv_14_z_1,pv_14,พระนครศรีอยุธยา,ภาคกลาง,1,ภราดรภาพ,37,0.04,25,100409
2562,pv_14_z_1,pv_14,พระนครศรีอยุธยา,ภาคกลาง,1,พลังประชารัฐ,0,0.00,26,100409
2562,pv_14_z_1,pv_14,พระนครศรีอยุธยา,ภาคกลาง,1,เพื่อนไทย,0,0.00,27,100409
2562,pv_14_z_2,pv_14,พระนครศรีอยุธยา,ภาคกลาง,2,เพื่อไทย,34309,29.63,1,115777
2562,pv_14_z_2,pv_14,พระนครศรีอยุธยา,ภาคกลาง,2,ภูมิใจไทย,27423,23.69,2,115777
2562,pv_14_z_2,pv_14,พระนครศรีอยุธยา,ภาคกลาง,2,พลังประชารัฐ,24831,21.45,3,115777
2562,pv_14_z_2,pv_14,พระนครศรีอยุธยา,ภาคกลาง,2,อนาคตใหม่,17995,15.54,4,115777
2562,pv_14_z_2,pv_14,พระนครศรีอยุธยา,ภาคกลาง,2,ประชาธิปัตย์,3342,2.89,5,115777
2562,pv_14_z_2,pv_14,พระนครศรีอยุธยา,ภาคกลาง,2,เสรีรวมไทย,1703,1.47,6,115777
2562,pv_14_z_2,pv_14,พระนครศรีอยุธยา,ภาคกลาง,2,เศรษฐกิจใหม่,1568,1.35,7,115777
2562,pv_14_z_2,pv_14,พระนครศรีอยุธยา,ภาคกลาง,2,ชาติไทยพัฒนา,640,0.55,8,115777
2562,pv_14_z_2,pv_14,พระนครศรีอยุธยา,ภาคกลาง,2,ทางเลือกใหม่,590,0.51,9,115777
2562,pv_14_z_2,pv_14,พระนครศรีอยุธยา,ภาคกลาง,2,รวมใจไทย,445,0.38,10,115777
2562,pv_14_z_2,pv_14,พระนครศรีอยุธยา,ภาคกลาง,2,พลังท้องถิ่นไท,346,0.30,11,115777
2562,pv_14_z_2,pv_14,พระนครศรีอยุธยา,ภาคกลาง,2,ไทรักธรรม,333,0.29,12,115777
2562,pv_14_z_2,pv_14,พระนครศรีอยุธยา,ภาคกลาง,2,รวมพลังประชาชาติไทย,243,0.21,13,115777
2562,pv_14_z_2,pv_14,พระนครศรีอยุธยา,ภาคกลาง,2,พลังครูไทย,226,0.20,14,115777
2562,pv_14_z_2,pv_14,พระนครศรีอยุธยา,ภาคกลาง,2,พลเมืองไทย,224,0.19,15,115777
2562,pv_14_z_2,pv_14,พระนครศรีอยุธยา,ภาคกลาง,2,รักษ์ผืนป่าประเทศไทย,221,0.19,16,115777
2562,pv_14_z_2,pv_14,พระนครศรีอยุธยา,ภาคกลาง,2,ประชานิยม,192,0.17,17,115777
2562,pv_14_z_2,pv_14,พระนครศรีอยุธยา,ภาคกลาง,2,ภราดรภาพ,192,0.17,18,115777
2562,pv_14_z_2,pv_14,พระนครศรีอยุธยา,ภาคกลาง,2,พลังชาติไทย,186,0.16,19,115777
2562,pv_14_z_2,pv_14,พระนครศรีอยุธยา,ภาคกลาง,2,ชาติพัฒนา,171,0.15,20,115777
2562,pv_14_z_2,pv_14,พระนครศรีอยุธยา,ภาคกลาง,2,เพื่อชาติ,158,0.14,21,115777
2562,pv_14_z_2,pv_14,พระนครศรีอยุธยา,ภาคกลาง,2,พลังประชาธิปไตย,105,0.09,22,115777
2562,pv_14_z_2,pv_14,พระนครศรีอยุธยา,ภาคกลาง,2,เครือข่ายชาวนาแห่งประเทศไทย,99,0.09,23,115777
2562,pv_14_z_2,pv_14,พระนครศรีอยุธยา,ภาคกลาง,2,ประชาชนปฏิรูป,69,0.06,24,115777
2562,pv_14_z_2,pv_14,พระนครศรีอยุธยา,ภาคกลาง,2,ประชาธิปไตยใหม่,66,0.06,25,115777
2562,pv_14_z_2,pv_14,พระนครศรีอยุธยา,ภาคกลาง,2,ประชาธรรมไทย,51,0.04,26,115777
2562,pv_14_z_2,pv_14,พระนครศรีอยุธยา,ภาคกลาง,2,ประชาภิวัฒน์,49,0.04,27,115777
2562,pv_14_z_3,pv_14,พระนครศรีอยุธยา,ภาคกลาง,3,ภูมิใจไทย,61916,43.92,1,140985
2562,pv_14_z_3,pv_14,พระนครศรีอยุธยา,ภาคกลาง,3,เพื่อไทย,37635,26.69,2,140985
2562,pv_14_z_3,pv_14,พระนครศรีอยุธยา,ภาคกลาง,3,อนาคตใหม่,20442,14.50,3,140985
2562,pv_14_z_3,pv_14,พระนครศรีอยุธยา,ภาคกลาง,3,พลังประชารัฐ,11610,8.23,4,140985
2562,pv_14_z_3,pv_14,พระนครศรีอยุธยา,ภาคกลาง,3,ประชาธิปัตย์,3907,2.77,5,140985
2562,pv_14_z_3,pv_14,พระนครศรีอยุธยา,ภาคกลาง,3,เสรีรวมไทย,2116,1.50,6,140985
2562,pv_14_z_3,pv_14,พระนครศรีอยุธยา,ภาคกลาง,3,รวมพลังประชาชาติไทย,431,0.31,7,140985
2562,pv_14_z_3,pv_14,พระนครศรีอยุธยา,ภาคกลาง,3,พลังท้องถิ่นไท,410,0.29,8,140985
2562,pv_14_z_3,pv_14,พระนครศรีอยุธยา,ภาคกลาง,3,ไทยศรีวิไลย์,375,0.27,9,140985
2562,pv_14_z_3,pv_14,พระนครศรีอยุธยา,ภาคกลาง,3,รักษ์ผืนป่าประเทศไทย,334,0.24,10,140985
2562,pv_14_z_3,pv_14,พระนครศรีอยุธยา,ภาคกลาง,3,ประชาชาติ,259,0.18,11,140985
2562,pv_14_z_3,pv_14,พระนครศรีอยุธยา,ภาคกลาง,3,ชาติพัฒนา,217,0.15,12,140985
2562,pv_14_z_3,pv_14,พระนครศรีอยุธยา,ภาคกลาง,3,ประชาภิวัฒน์,155,0.11,13,140985
2562,pv_14_z_3,pv_14,พระนครศรีอยุธยา,ภาคกลาง,3,เพื่อชาติ,155,0.11,14,140985
2562,pv_14_z_3,pv_14,พระนครศรีอยุธยา,ภาคกลาง,3,รวมใจไทย,133,0.09,15,140985
2562,pv_14_z_3,pv_14,พระนครศรีอยุธยา,ภาคกลาง,3,พลังประชาธิปไตย,130,0.09,16,140985
2562,pv_14_z_3,pv_14,พระนครศรีอยุธยา,ภาคกลาง,3,ชาติไทยพัฒนา,122,0.09,17,140985
2562,pv_14_z_3,pv_14,พระนครศรีอยุธยา,ภาคกลาง,3,เครือข่ายชาวนาแห่งประเทศไทย,112,0.08,18,140985
2562,pv_14_z_3,pv_14,พระนครศรีอยุธยา,ภาคกลาง,3,ประชาธิปไตยใหม่,94,0.07,19,140985
2562,pv_14_z_3,pv_14,พระนครศรีอยุธยา,ภาคกลาง,3,พลังชาติไทย,85,0.06,20,140985
2562,pv_14_z_3,pv_14,พระนครศรีอยุธยา,ภาคกลาง,3,พลังปวงชนไทย,80,0.06,21,140985
2562,pv_14_z_3,pv_14,พระนครศรีอยุธยา,ภาคกลาง,3,ไทรักธรรม,70,0.05,22,140985
2562,pv_14_z_3,pv_14,พระนครศรีอยุธยา,ภาคกลาง,3,ประชาธรรมไทย,57,0.04,23,140985
2562,pv_14_z_3,pv_14,พระนครศรีอยุธยา,ภาคกลาง,3,ประชานิยม,52,0.04,24,140985
2562,pv_14_z_3,pv_14,พระนครศรีอยุธยา,ภาคกลาง,3,ประชาชนปฏิรูป,50,0.04,25,140985
2562,pv_14_z_3,pv_14,พระนครศรีอยุธยา,ภาคกลาง,3,ภาคีเครือข่ายไทย,38,0.03,26,140985
2562,pv_14_z_4,pv_14,พระนครศรีอยุธยา,ภาคกลาง,4,เพื่อไทย,50646,43.55,1,116291
2562,pv_14_z_4,pv_14,พระนครศรีอยุธยา,ภาคกลาง,4,พลังประชารัฐ,34105,29.33,2,116291
2562,pv_14_z_4,pv_14,พระนครศรีอยุธยา,ภาคกลาง,4,อนาคตใหม่,16938,14.57,3,116291
2562,pv_14_z_4,pv_14,พระนครศรีอยุธยา,ภาคกลาง,4,ประชาธิปัตย์,4002,3.44,4,116291
2562,pv_14_z_4,pv_14,พระนครศรีอยุธยา,ภาคกลาง,4,เสรีรวมไทย,2056,1.77,5,116291
2562,pv_14_z_4,pv_14,พระนครศรีอยุธยา,ภาคกลาง,4,ภูมิใจไทย,1975,1.70,6,116291
2562,pv_14_z_4,pv_14,พระนครศรีอยุธยา,ภาคกลาง,4,เศรษฐกิจใหม่,1150,0.99,7,116291
2562,pv_14_z_4,pv_14,พระนครศรีอยุธยา,ภาคกลาง,4,รวมพลังประชาชาติไทย,720,0.62,8,116291
2562,pv_14_z_4,pv_14,พระนครศรีอยุธยา,ภาคกลาง,4,ชาติพัฒนา,671,0.58,9,116291
2562,pv_14_z_4,pv_14,พระนครศรีอยุธยา,ภาคกลาง,4,พลังท้องถิ่นไท,616,0.53,10,116291
2562,pv_14_z_4,pv_14,พระนครศรีอยุธยา,ภาคกลาง,4,ทางเลือกใหม่,544,0.47,11,116291
2562,pv_14_z_4,pv_14,พระนครศรีอยุธยา,ภาคกลาง,4,พลังไทยรักชาติ,430,0.37,12,116291
2562,pv_14_z_4,pv_14,พระนครศรีอยุธยา,ภาคกลาง,4,รวมใจไทย,319,0.27,13,116291
2562,pv_14_z_4,pv_14,พระนครศรีอยุธยา,ภาคกลาง,4,ประชาภิวัฒน์,244,0.21,14,116291
2562,pv_14_z_4,pv_14,พระนครศรีอยุธยา,ภาคกลาง,4,ชาติไทยพัฒนา,191,0.16,15,116291
2562,pv_14_z_4,pv_14,พระนครศรีอยุธยา,ภาคกลาง,4,ประชาชนปฏิรูป,183,0.16,16,116291
2562,pv_14_z_4,pv_14,พระนครศรีอยุธยา,ภาคกลาง,4,พลังชาติไทย,179,0.15,17,116291
2562,pv_14_z_4,pv_14,พระนครศรีอยุธยา,ภาคกลาง,4,ประชานิยม,172,0.15,18,116291
2562,pv_14_z_4,pv_14,พระนครศรีอยุธยา,ภาคกลาง,4,เครือข่ายชาวนาแห่งประเทศไทย,171,0.15,19,116291
2562,pv_14_z_4,pv_14,พระนครศรีอยุธยา,ภาคกลาง,4,ประชาธิปไตยใหม่,154,0.13,20,116291
2562,pv_14_z_4,pv_14,พระนครศรีอยุธยา,ภาคกลาง,4,รักษ์ผืนป่าประเทศไทย,151,0.13,21,116291
2562,pv_14_z_4,pv_14,พระนครศรีอยุธยา,ภาคกลาง,4,พลังประชาธิปไตย,146,0.13,22,116291
2562,pv_14_z_4,pv_14,พระนครศรีอยุธยา,ภาคกลาง,4,ประชาธรรมไทย,141,0.12,23,116291
2562,pv_14_z_4,pv_14,พระนครศรีอยุธยา,ภาคกลาง,4,ประชาไทย,127,0.11,24,116291
2562,pv_14_z_4,pv_14,พระนครศรีอยุธยา,ภาคกลาง,4,เพื่อชาติ,120,0.10,25,116291
2562,pv_14_z_4,pv_14,พระนครศรีอยุธยา,ภาคกลาง,4,ไทรักธรรม,83,0.07,26,116291
2562,pv_14_z_4,pv_14,พระนครศรีอยุธยา,ภาคกลาง,4,ภาคีเครือข่ายไทย,57,0.05,27,116291
2562,pv_14_z_4,pv_14,พระนครศรีอยุธยา,ภาคกลาง,4,เพื่อนไทย,0,0.00,28,116291
2562,pv_65_z_1,pv_65,พิษณุโลก,ภาคกลาง,1,อนาคตใหม่,35579,37.26,1,95486
2562,pv_65_z_1,pv_65,พิษณุโลก,ภาคกลาง,1,พลังประชารัฐ,23682,24.80,2,95486
2562,pv_65_z_1,pv_65,พิษณุโลก,ภาคกลาง,1,ประชาธิปัตย์,18613,19.49,3,95486
2562,pv_65_z_1,pv_65,พิษณุโลก,ภาคกลาง,1,เสรีรวมไทย,5114,5.36,4,95486
2562,pv_65_z_1,pv_65,พิษณุโลก,ภาคกลาง,1,เศรษฐกิจใหม่,2762,2.89,5,95486
2562,pv_65_z_1,pv_65,พิษณุโลก,ภาคกลาง,1,ภูมิใจไทย,2184,2.29,6,95486
2562,pv_65_z_1,pv_65,พิษณุโลก,ภาคกลาง,1,เพื่อชาติ,1608,1.68,7,95486
2562,pv_65_z_1,pv_65,พิษณุโลก,ภาคกลาง,1,พลังปวงชนไทย,750,0.79,8,95486
2562,pv_65_z_1,pv_65,พิษณุโลก,ภาคกลาง,1,รวมพลังประชาชาติไทย,707,0.74,9,95486
2562,pv_65_z_1,pv_65,พิษณุโลก,ภาคกลาง,1,พลังไทยรักไทย,612,0.64,10,95486
2562,pv_65_z_1,pv_65,พิษณุโลก,ภาคกลาง,1,ไทยศรีวิไลย์,366,0.38,11,95486
2562,pv_65_z_1,pv_65,พิษณุโลก,ภาคกลาง,1,ชาติไทยพัฒนา,353,0.37,12,95486
2562,pv_65_z_1,pv_65,พิษณุโลก,ภาคกลาง,1,รักษ์ผืนป่าประเทศไทย,331,0.35,13,95486
2562,pv_65_z_1,pv_65,พิษณุโลก,ภาคกลาง,1,พลเมืองไทย,307,0.32,14,95486
2562,pv_65_z_1,pv_65,พิษณุโลก,ภาคกลาง,1,ประชาภิวัฒน์,302,0.32,15,95486
2562,pv_65_z_1,pv_65,พิษณุโลก,ภาคกลาง,1,ชาติพัฒนา,299,0.31,16,95486
2562,pv_65_z_1,pv_65,พิษณุโลก,ภาคกลาง,1,ประชาธิปไตยใหม่,235,0.25,17,95486
2562,pv_65_z_1,pv_65,พิษณุโลก,ภาคกลาง,1,พลังท้องถิ่นไท,223,0.23,18,95486
2562,pv_65_z_1,pv_65,พิษณุโลก,ภาคกลาง,1,ประชานิยม,213,0.22,19,95486
2562,pv_65_z_1,pv_65,พิษณุโลก,ภาคกลาง,1,พลังครูไทย,191,0.20,20,95486
2562,pv_65_z_1,pv_65,พิษณุโลก,ภาคกลาง,1,ภราดรภาพ,181,0.19,21,95486
2562,pv_65_z_1,pv_65,พิษณุโลก,ภาคกลาง,1,เพื่อแผ่นดิน,145,0.15,22,95486
2562,pv_65_z_1,pv_65,พิษณุโลก,ภาคกลาง,1,ไทรักธรรม,144,0.15,23,95486
2562,pv_65_z_1,pv_65,พิษณุโลก,ภาคกลาง,1,พลังชาติไทย,139,0.15,24,95486
2562,pv_65_z_1,pv_65,พิษณุโลก,ภาคกลาง,1,ครูไทยเพื่อประชาชน,121,0.13,25,95486
2562,pv_65_z_1,pv_65,พิษณุโลก,ภาคกลาง,1,ประชาชนปฏิรูป,115,0.12,26,95486
2562,pv_65_z_1,pv_65,พิษณุโลก,ภาคกลาง,1,แผ่นดินธรรม,91,0.10,27,95486
2562,pv_65_z_1,pv_65,พิษณุโลก,ภาคกลาง,1,มหาชน,44,0.05,28,95486
2562,pv_65_z_1,pv_65,พิษณุโลก,ภาคกลาง,1,แทนคุณแผ่นดิน,41,0.04,29,95486
2562,pv_65_z_1,pv_65,พิษณุโลก,ภาคกลาง,1,ประชาธรรมไทย,34,0.04,30,95486
2562,pv_65_z_1,pv_65,พิษณุโลก,ภาคกลาง,1,ไทยรักษาชาติ,0,0.00,31,95486
2562,pv_65_z_2,pv_65,พิษณุโลก,ภาคกลาง,2,เพื่อไทย,32965,33.05,1,99742
2562,pv_65_z_2,pv_65,พิษณุโลก,ภาคกลาง,2,พลังประชารัฐ,27603,27.67,2,99742
2562,pv_65_z_2,pv_65,พิษณุโลก,ภาคกลาง,2,อนาคตใหม่,14725,14.76,3,99742
2562,pv_65_z_2,pv_65,พิษณุโลก,ภาคกลาง,2,ประชาธิปัตย์,14680,14.72,4,99742
2562,pv_65_z_2,pv_65,พิษณุโลก,ภาคกลาง,2,เสรีรวมไทย,1912,1.92,5,99742
2562,pv_65_z_2,pv_65,พิษณุโลก,ภาคกลาง,2,เศรษฐกิจใหม่,1448,1.45,6,99742
2562,pv_65_z_2,pv_65,พิษณุโลก,ภาคกลาง,2,เพื่อชาติ,1112,1.11,7,99742
2562,pv_65_z_2,pv_65,พิษณุโลก,ภาคกลาง,2,ชาติพัฒนา,966,0.97,8,99742
2562,pv_65_z_2,pv_65,พิษณุโลก,ภาคกลาง,2,ประชาธิปไตยใหม่,429,0.43,9,99742
2562,pv_65_z_2,pv_65,พิษณุโลก,ภาคกลาง,2,ภูมิใจไทย,390,0.39,10,99742
2562,pv_65_z_2,pv_65,พิษณุโลก,ภาคกลาง,2,รวมพลังประชาชาติไทย,340,0.34,11,99742
2562,pv_65_z_2,pv_65,พิษณุโลก,ภาคกลาง,2,ไทรักธรรม,339,0.34,12,99742
2562,pv_65_z_2,pv_65,พิษณุโลก,ภาคกลาง,2,ประชาภิวัฒน์,331,0.33,13,99742
2562,pv_65_z_2,pv_65,พิษณุโลก,ภาคกลาง,2,รักษ์ผืนป่าประเทศไทย,251,0.25,14,99742
2562,pv_65_z_2,pv_65,พิษณุโลก,ภาคกลาง,2,พลังท้องถิ่นไท,240,0.24,15,99742
2562,pv_65_z_2,pv_65,พิษณุโลก,ภาคกลาง,2,พลเมืองไทย,240,0.24,16,99742
2562,pv_65_z_2,pv_65,พิษณุโลก,ภาคกลาง,2,ประชาชนปฏิรูป,237,0.24,17,99742
2562,pv_65_z_2,pv_65,พิษณุโลก,ภาคกลาง,2,ไทยศรีวิไลย์,215,0.22,18,99742
2562,pv_65_z_2,pv_65,พิษณุโลก,ภาคกลาง,2,ชาติไทยพัฒนา,206,0.21,19,99742
2562,pv_65_z_2,pv_65,พิษณุโลก,ภาคกลาง,2,เพื่อแผ่นดิน,159,0.16,20,99742
2562,pv_65_z_2,pv_65,พิษณุโลก,ภาคกลาง,2,ภราดรภาพ,136,0.14,21,99742
2562,pv_65_z_2,pv_65,พิษณุโลก,ภาคกลาง,2,พลังไทยรักไทย,121,0.12,22,99742
2562,pv_65_z_2,pv_65,พิษณุโลก,ภาคกลาง,2,ประชานิยม,102,0.10,23,99742
2562,pv_65_z_2,pv_65,พิษณุโลก,ภาคกลาง,2,พลังปวงชนไทย,98,0.10,24,99742
2562,pv_65_z_2,pv_65,พิษณุโลก,ภาคกลาง,2,พลังชาติไทย,88,0.09,25,99742
2562,pv_65_z_2,pv_65,พิษณุโลก,ภาคกลาง,2,ครูไทยเพื่อประชาชน,87,0.09,26,99742
2562,pv_65_z_2,pv_65,พิษณุโลก,ภาคกลาง,2,กรีน,81,0.08,27,99742
2562,pv_65_z_2,pv_65,พิษณุโลก,ภาคกลาง,2,แผ่นดินธรรม,51,0.05,28,99742
2562,pv_65_z_2,pv_65,พิษณุโลก,ภาคกลาง,2,แทนคุณแผ่นดิน,50,0.05,29,99742
2562,pv_65_z_2,pv_65,พิษณุโลก,ภาคกลาง,2,พลังครูไทย,47,0.05,30,99742
2562,pv_65_z_2,pv_65,พิษณุโลก,ภาคกลาง,2,พลังสังคม,37,0.04,31,99742
2562,pv_65_z_2,pv_65,พิษณุโลก,ภาคกลาง,2,ประชาธรรมไทย,33,0.03,32,99742
2562,pv_65_z_2,pv_65,พิษณุโลก,ภาคกลาง,2,มหาชน,23,0.02,33,99742
2562,pv_65_z_2,pv_65,พิษณุโลก,ภาคกลาง,2,พลังประชาธิปไตย,0,0.00,34,99742
2562,pv_65_z_3,pv_65,พิษณุโลก,ภาคกลาง,3,พลังประชารัฐ,25207,29.08,1,86672
2562,pv_65_z_3,pv_65,พิษณุโลก,ภาคกลาง,3,ประชาธิปัตย์,25003,28.85,2,86672
2562,pv_65_z_3,pv_65,พิษณุโลก,ภาคกลาง,3,อนาคตใหม่,18820,21.71,3,86672
2562,pv_65_z_3,pv_65,พิษณุโลก,ภาคกลาง,3,เพื่อชาติ,5680,6.55,4,86672
2562,pv_65_z_3,pv_65,พิษณุโลก,ภาคกลาง,3,เสรีรวมไทย,3554,4.10,5,86672
2562,pv_65_z_3,pv_65,พิษณุโลก,ภาคกลาง,3,เศรษฐกิจใหม่,1284,1.48,6,86672
2562,pv_65_z_3,pv_65,พิษณุโลก,ภาคกลาง,3,พลังไทยรักไทย,707,0.82,7,86672
2562,pv_65_z_3,pv_65,พิษณุโลก,ภาคกลาง,3,ประชาภิวัฒน์,585,0.67,8,86672
2562,pv_65_z_3,pv_65,พิษณุโลก,ภาคกลาง,3,แทนคุณแผ่นดิน,579,0.67,9,86672
2562,pv_65_z_3,pv_65,พิษณุโลก,ภาคกลาง,3,รวมพลังประชาชาติไทย,575,0.66,10,86672
2562,pv_65_z_3,pv_65,พิษณุโลก,ภาคกลาง,3,ภราดรภาพ,526,0.61,11,86672
2562,pv_65_z_3,pv_65,พิษณุโลก,ภาคกลาง,3,ภูมิใจไทย,505,0.58,12,86672
2562,pv_65_z_3,pv_65,พิษณุโลก,ภาคกลาง,3,พลังครูไทย,500,0.58,13,86672
2562,pv_65_z_3,pv_65,พิษณุโลก,ภาคกลาง,3,พลังท้องถิ่นไท,424,0.49,14,86672
2562,pv_65_z_3,pv_65,พิษณุโลก,ภาคกลาง,3,พลังชาติไทย,424,0.49,15,86672
2562,pv_65_z_3,pv_65,พิษณุโลก,ภาคกลาง,3,กรีน,309,0.36,16,86672
2562,pv_65_z_3,pv_65,พิษณุโลก,ภาคกลาง,3,ครูไทยเพื่อประชาชน,288,0.33,17,86672
2562,pv_65_z_3,pv_65,พิษณุโลก,ภาคกลาง,3,ไทยศรีวิไลย์,254,0.29,18,86672
2562,pv_65_z_3,pv_65,พิษณุโลก,ภาคกลาง,3,ประชาธิปไตยใหม่,230,0.27,19,86672
2562,pv_65_z_3,pv_65,พิษณุโลก,ภาคกลาง,3,รักษ์ผืนป่าประเทศไทย,187,0.22,20,86672
2562,pv_65_z_3,pv_65,พิษณุโลก,ภาคกลาง,3,ประชาชนปฏิรูป,156,0.18,21,86672
2562,pv_65_z_3,pv_65,พิษณุโลก,ภาคกลาง,3,เพื่อแผ่นดิน,146,0.17,22,86672
2562,pv_65_z_3,pv_65,พิษณุโลก,ภาคกลาง,3,พลังสังคม,135,0.16,23,86672
2562,pv_65_z_3,pv_65,พิษณุโลก,ภาคกลาง,3,ประชานิยม,133,0.15,24,86672
2562,pv_65_z_3,pv_65,พิษณุโลก,ภาคกลาง,3,ไทรักธรรม,125,0.14,25,86672
2562,pv_65_z_3,pv_65,พิษณุโลก,ภาคกลาง,3,พลังปวงชนไทย,114,0.13,26,86672
2562,pv_65_z_3,pv_65,พิษณุโลก,ภาคกลาง,3,พลเมืองไทย,92,0.11,27,86672
2562,pv_65_z_3,pv_65,พิษณุโลก,ภาคกลาง,3,ประชาธรรมไทย,74,0.09,28,86672
2562,pv_65_z_3,pv_65,พิษณุโลก,ภาคกลาง,3,มหาชน,56,0.06,29,86672
2562,pv_65_z_3,pv_65,พิษณุโลก,ภาคกลาง,3,ไทยรักษาชาติ,0,0.00,30,86672
2562,pv_65_z_3,pv_65,พิษณุโลก,ภาคกลาง,3,พลังประชาธิปไตย,0,0.00,31,86672
2562,pv_65_z_4,pv_65,พิษณุโลก,ภาคกลาง,4,เพื่อไทย,40252,42.74,1,94169
2562,pv_65_z_4,pv_65,พิษณุโลก,ภาคกลาง,4,อนาคตใหม่,18180,19.31,2,94169
2562,pv_65_z_4,pv_65,พิษณุโลก,ภาคกลาง,4,ประชาธิปัตย์,17276,18.35,3,94169
2562,pv_65_z_4,pv_65,พิษณุโลก,ภาคกลาง,4,พลังประชารัฐ,10035,10.66,4,94169
2562,pv_65_z_4,pv_65,พิษณุโลก,ภาคกลาง,4,ชาติพัฒนา,1745,1.85,5,94169
2562,pv_65_z_4,pv_65,พิษณุโลก,ภาคกลาง,4,เสรีรวมไทย,1285,1.36,6,94169
2562,pv_65_z_4,pv_65,พิษณุโลก,ภาคกลาง,4,เศรษฐกิจใหม่,993,1.05,7,94169
2562,pv_65_z_4,pv_65,พิษณุโลก,ภาคกลาง,4,รวมพลังประชาชาติไทย,574,0.61,8,94169
2562,pv_65_z_4,pv_65,พิษณุโลก,ภาคกลาง,4,ไทยศรีวิไลย์,573,0.61,9,94169
2562,pv_65_z_4,pv_65,พิษณุโลก,ภาคกลาง,4,ประชาไทย,499,0.53,10,94169
2562,pv_65_z_4,pv_65,พิษณุโลก,ภาคกลาง,4,ภูมิใจไทย,438,0.47,11,94169
2562,pv_65_z_4,pv_65,พิษณุโลก,ภาคกลาง,4,ประชานิยม,314,0.33,12,94169
2562,pv_65_z_4,pv_65,พิษณุโลก,ภาคกลาง,4,พลังชาติไทย,305,0.32,13,94169
2562,pv_65_z_4,pv_65,พิษณุโลก,ภาคกลาง,4,รักษ์ผืนป่าประเทศไทย,235,0.25,14,94169
2562,pv_65_z_4,pv_65,พิษณุโลก,ภาคกลาง,4,พลังไทยรักไทย,201,0.21,15,94169
2562,pv_65_z_4,pv_65,พิษณุโลก,ภาคกลาง,4,พลังท้องถิ่นไท,170,0.18,16,94169
2562,pv_65_z_4,pv_65,พิษณุโลก,ภาคกลาง,4,ครูไทยเพื่อประชาชน,159,0.17,17,94169
2562,pv_65_z_4,pv_65,พิษณุโลก,ภาคกลาง,4,ประชาธิปไตยใหม่,148,0.16,18,94169
2562,pv_65_z_4,pv_65,พิษณุโลก,ภาคกลาง,4,เพื่อชาติ,127,0.13,19,94169
2562,pv_65_z_4,pv_65,พิษณุโลก,ภาคกลาง,4,ประชาชนปฏิรูป,108,0.11,20,94169
2562,pv_65_z_4,pv_65,พิษณุโลก,ภาคกลาง,4,ชาติไทยพัฒนา,103,0.11,21,94169
2562,pv_65_z_4,pv_65,พิษณุโลก,ภาคกลาง,4,พลังปวงชนไทย,98,0.10,22,94169
2562,pv_65_z_4,pv_65,พิษณุโลก,ภาคกลาง,4,แทนคุณแผ่นดิน,85,0.09,23,94169
2562,pv_65_z_4,pv_65,พิษณุโลก,ภาคกลาง,4,ประชาภิวัฒน์,80,0.08,24,94169
2562,pv_65_z_4,pv_65,พิษณุโลก,ภาคกลาง,4,พลังครูไทย,61,0.06,25,94169
2562,pv_65_z_4,pv_65,พิษณุโลก,ภาคกลาง,4,เพื่อแผ่นดิน,51,0.05,26,94169
2562,pv_65_z_4,pv_65,พิษณุโลก,ภาคกลาง,4,กรีน,41,0.04,27,94169
2562,pv_65_z_4,pv_65,พิษณุโลก,ภาคกลาง,4,มหาชน,33,0.04,28,94169
2562,pv_65_z_4,pv_65,พิษณุโลก,ภาคกลาง,4,ภราดรภาพ,0,0.00,29,94169
2562,pv_65_z_4,pv_65,พิษณุโลก,ภาคกลาง,4,ไทรักธรรม,0,0.00,30,94169
2562,pv_65_z_5,pv_65,พิษณุโลก,ภาคกลาง,5,พลังประชารัฐ,28952,32.13,1,90105
2562,pv_65_z_5,pv_65,พิษณุโลก,ภาคกลาง,5,ประชาธิปัตย์,25002,27.75,2,90105
2562,pv_65_z_5,pv_65,พิษณุโลก,ภาคกลาง,5,เพื่อไทย,16113,17.88,3,90105
2562,pv_65_z_5,pv_65,พิษณุโลก,ภาคกลาง,5,อนาคตใหม่,10643,11.81,4,90105
2562,pv_65_z_5,pv_65,พิษณุโลก,ภาคกลาง,5,พลังแผ่นดินทอง,860,0.95,5,90105
2562,pv_65_z_5,pv_65,พิษณุโลก,ภาคกลาง,5,เสรีรวมไทย,759,0.84,6,90105
2562,pv_65_z_5,pv_65,พิษณุโลก,ภาคกลาง,5,พลังไทยรักไทย,748,0.83,7,90105
2562,pv_65_z_5,pv_65,พิษณุโลก,ภาคกลาง,5,ชาติพัฒนา,605,0.67,8,90105
2562,pv_65_z_5,pv_65,พิษณุโลก,ภาคกลาง,5,พลังชาติไทย,583,0.65,9,90105
2562,pv_65_z_5,pv_65,พิษณุโลก,ภาคกลาง,5,เศรษฐกิจใหม่,577,0.64,10,90105
2562,pv_65_z_5,pv_65,พิษณุโลก,ภาคกลาง,5,ภูมิใจไทย,486,0.54,11,90105
2562,pv_65_z_5,pv_65,พิษณุโลก,ภาคกลาง,5,พลเมืองไทย,392,0.44,12,90105
2562,pv_65_z_5,pv_65,พิษณุโลก,ภาคกลาง,5,รวมพลังประชาชาติไทย,367,0.41,13,90105
2562,pv_65_z_5,pv_65,พิษณุโลก,ภาคกลาง,5,ภราดรภาพ,365,0.41,14,90105
2562,pv_65_z_5,pv_65,พิษณุโลก,ภาคกลาง,5,ประชากรไทย,324,0.36,15,90105
2562,pv_65_z_5,pv_65,พิษณุโลก,ภาคกลาง,5,ประชาชาติ,321,0.36,16,90105
2562,pv_65_z_5,pv_65,พิษณุโลก,ภาคกลาง,5,รักษ์ผืนป่าประเทศไทย,310,0.34,17,90105
2562,pv_65_z_5,pv_65,พิษณุโลก,ภาคกลาง,5,พลังท้องถิ่นไท,271,0.30,18,90105
2562,pv_65_z_5,pv_65,พิษณุโลก,ภาคกลาง,5,พลังครูไทย,235,0.26,19,90105
2562,pv_65_z_5,pv_65,พิษณุโลก,ภาคกลาง,5,ประชาธิปไตยใหม่,231,0.26,20,90105
2562,pv_65_z_5,pv_65,พิษณุโลก,ภาคกลาง,5,สังคมประชาธิปไตยไทย,230,0.26,21,90105
2562,pv_65_z_5,pv_65,พิษณุโลก,ภาคกลาง,5,เพื่อชาติ,214,0.24,22,90105
2562,pv_65_z_5,pv_65,พิษณุโลก,ภาคกลาง,5,ประชานิยม,166,0.18,23,90105
2562,pv_65_z_5,pv_65,พิษณุโลก,ภาคกลาง,5,ไทยศรีวิไลย์,157,0.17,24,90105
2562,pv_65_z_5,pv_65,พิษณุโลก,ภาคกลาง,5,ประชาภิวัฒน์,146,0.16,25,90105
2562,pv_65_z_5,pv_65,พิษณุโลก,ภาคกลาง,5,เพื่อแผ่นดิน,136,0.15,26,90105
2562,pv_65_z_5,pv_65,พิษณุโลก,ภาคกลาง,5,พลังปวงชนไทย,136,0.15,27,90105
2562,pv_65_z_5,pv_65,พิษณุโลก,ภาคกลาง,5,ชาติไทยพัฒนา,124,0.14,28,90105
2562,pv_65_z_5,pv_65,พิษณุโลก,ภาคกลาง,5,พลังรัก,117,0.13,29,90105
2562,pv_65_z_5,pv_65,พิษณุโลก,ภาคกลาง,5,ทางเลือกใหม่,99,0.11,30,90105
2562,pv_65_z_5,pv_65,พิษณุโลก,ภาคกลาง,5,แผ่นดินธรรม,82,0.09,31,90105
2562,pv_65_z_5,pv_65,พิษณุโลก,ภาคกลาง,5,ครูไทยเพื่อประชาชน,78,0.09,32,90105
2562,pv_65_z_5,pv_65,พิษณุโลก,ภาคกลาง,5,แทนคุณแผ่นดิน,74,0.08,33,90105
2562,pv_65_z_5,pv_65,พิษณุโลก,ภาคกลาง,5,ประชาชนปฏิรูป,70,0.08,34,90105
2562,pv_65_z_5,pv_65,พิษณุโลก,ภาคกลาง,5,ประชาธรรมไทย,47,0.05,35,90105
2562,pv_65_z_5,pv_65,พิษณุโลก,ภาคกลาง,5,มหาชน,43,0.05,36,90105
2562,pv_65_z_5,pv_65,พิษณุโลก,ภาคกลาง,5,กรีน,42,0.05,37,90105
2562,pv_65_z_5,pv_65,พิษณุโลก,ภาคกลาง,5,ไทรักธรรม,0,0.00,38,90105
2562,pv_56_z_1,pv_56,พะเยา,ภาคเหนือ,1,พลังประชารัฐ,52417,52.99,1,98921
2562,pv_56_z_1,pv_56,พะเยา,ภาคเหนือ,1,เพื่อไทย,21971,22.21,2,98921
2562,pv_56_z_1,pv_56,พะเยา,ภาคเหนือ,1,อนาคตใหม่,16326,16.50,3,98921
2562,pv_56_z_1,pv_56,พะเยา,ภาคเหนือ,1,ประชาธิปัตย์,2462,2.49,4,98921
2562,pv_56_z_1,pv_56,พะเยา,ภาคเหนือ,1,เสรีรวมไทย,1220,1.23,5,98921
2562,pv_56_z_1,pv_56,พะเยา,ภาคเหนือ,1,เศรษฐกิจใหม่,798,0.81,6,98921
2562,pv_56_z_1,pv_56,พะเยา,ภาคเหนือ,1,เพื่อแผ่นดิน,414,0.42,7,98921
2562,pv_56_z_1,pv_56,พะเยา,ภาคเหนือ,1,เพื่อชาติ,304,0.31,8,98921
2562,pv_56_z_1,pv_56,พะเยา,ภาคเหนือ,1,ภูมิใจไทย,260,0.26,9,98921
2562,pv_56_z_1,pv_56,พะเยา,ภาคเหนือ,1,พลังท้องถิ่นไท,253,0.26,10,98921
2562,pv_56_z_1,pv_56,พะเยา,ภาคเหนือ,1,รวมใจไทย,242,0.24,11,98921
2562,pv_56_z_1,pv_56,พะเยา,ภาคเหนือ,1,พลังปวงชนไทย,221,0.22,12,98921
2562,pv_56_z_1,pv_56,พะเยา,ภาคเหนือ,1,ประชาภิวัฒน์,208,0.21,13,98921
2562,pv_56_z_1,pv_56,พะเยา,ภาคเหนือ,1,แผ่นดินธรรม,199,0.20,14,98921
2562,pv_56_z_1,pv_56,พะเยา,ภาคเหนือ,1,ครูไทยเพื่อประชาชน,181,0.18,15,98921
2562,pv_56_z_1,pv_56,พะเยา,ภาคเหนือ,1,ไทยศรีวิไลย์,167,0.17,16,98921
2562,pv_56_z_1,pv_56,พะเยา,ภาคเหนือ,1,ภราดรภาพ,157,0.16,17,98921
2562,pv_56_z_1,pv_56,พะเยา,ภาคเหนือ,1,ชาติพันธุ์ไทย,156,0.16,18,98921
2562,pv_56_z_1,pv_56,พะเยา,ภาคเหนือ,1,รักษ์ผืนป่าประเทศไทย,154,0.16,19,98921
2562,pv_56_z_1,pv_56,พะเยา,ภาคเหนือ,1,พลังไทยรักไทย,142,0.14,20,98921
2562,pv_56_z_1,pv_56,พะเยา,ภาคเหนือ,1,ประชาธรรมไทย,135,0.14,21,98921
2562,pv_56_z_1,pv_56,พะเยา,ภาคเหนือ,1,ประชานิยม,134,0.14,22,98921
2562,pv_56_z_1,pv_56,พะเยา,ภาคเหนือ,1,ประชาชนปฏิรูป,117,0.12,23,98921
2562,pv_56_z_1,pv_56,พะเยา,ภาคเหนือ,1,รวมพลังประชาชาติไทย,115,0.12,24,98921
2562,pv_56_z_1,pv_56,พะเยา,ภาคเหนือ,1,พลังชาติไทย,112,0.11,25,98921
2562,pv_56_z_1,pv_56,พะเยา,ภาคเหนือ,1,ประชากรไทย,28,0.03,26,98921
2562,pv_56_z_1,pv_56,พะเยา,ภาคเหนือ,1,ไทรักธรรม,28,0.03,27,98921
2562,pv_56_z_2,pv_56,พะเยา,ภาคเหนือ,2,เพื่อไทย,37503,40.12,1,93470
2562,pv_56_z_2,pv_56,พะเยา,ภาคเหนือ,2,พลังประชารัฐ,27017,28.90,2,93470
2562,pv_56_z_2,pv_56,พะเยา,ภาคเหนือ,2,อนาคตใหม่,19008,20.34,3,93470
2562,pv_56_z_2,pv_56,พะเยา,ภาคเหนือ,2,เสรีรวมไทย,2026,2.17,4,93470
2562,pv_56_z_2,pv_56,พะเยา,ภาคเหนือ,2,ประชาธิปัตย์,2023,2.16,5,93470
2562,pv_56_z_2,pv_56,พะเยา,ภาคเหนือ,2,เศรษฐกิจใหม่,883,0.94,6,93470
2562,pv_56_z_2,pv_56,พะเยา,ภาคเหนือ,2,ประชาชาติ,602,0.64,7,93470
2562,pv_56_z_2,pv_56,พะเยา,ภาคเหนือ,2,เพื่อชาติ,542,0.58,8,93470
2562,pv_56_z_2,pv_56,พะเยา,ภาคเหนือ,2,ภราดรภาพ,429,0.46,9,93470
2562,pv_56_z_2,pv_56,พะเยา,ภาคเหนือ,2,พลังท้องถิ่นไท,420,0.45,10,93470
2562,pv_56_z_2,pv_56,พะเยา,ภาคเหนือ,2,รวมพลังประชาชาติไทย,329,0.35,11,93470
2562,pv_56_z_2,pv_56,พะเยา,ภาคเหนือ,2,ชาติพันธุ์ไทย,312,0.33,12,93470
2562,pv_56_z_2,pv_56,พะเยา,ภาคเหนือ,2,ภูมิใจไทย,287,0.31,13,93470
2562,pv_56_z_2,pv_56,พะเยา,ภาคเหนือ,2,พลังปวงชนไทย,234,0.25,14,93470
2562,pv_56_z_2,pv_56,พะเยา,ภาคเหนือ,2,รักษ์ผืนป่าประเทศไทย,212,0.23,15,93470
2562,pv_56_z_2,pv_56,พะเยา,ภาคเหนือ,2,ประชาภิวัฒน์,211,0.23,16,93470
2562,pv_56_z_2,pv_56,พะเยา,ภาคเหนือ,2,พลังชาติไทย,170,0.18,17,93470
2562,pv_56_z_2,pv_56,พะเยา,ภาคเหนือ,2,ไทยศรีวิไลย์,170,0.18,18,93470
2562,pv_56_z_2,pv_56,พะเยา,ภาคเหนือ,2,รวมใจไทย,158,0.17,19,93470
2562,pv_56_z_2,pv_56,พะเยา,ภาคเหนือ,2,ประชานิยม,147,0.16,20,93470
2562,pv_56_z_2,pv_56,พะเยา,ภาคเหนือ,2,ครูไทยเพื่อประชาชน,147,0.16,21,93470
2562,pv_56_z_2,pv_56,พะเยา,ภาคเหนือ,2,พลังไทยรักไทย,131,0.14,22,93470
2562,pv_56_z_2,pv_56,พะเยา,ภาคเหนือ,2,ประชากรไทย,128,0.14,23,93470
2562,pv_56_z_2,pv_56,พะเยา,ภาคเหนือ,2,ประชาชนปฏิรูป,97,0.10,24,93470
2562,pv_56_z_2,pv_56,พะเยา,ภาคเหนือ,2,เพื่อแผ่นดิน,81,0.09,25,93470
2562,pv_56_z_2,pv_56,พะเยา,ภาคเหนือ,2,ไทรักธรรม,79,0.08,26,93470
2562,pv_56_z_2,pv_56,พะเยา,ภาคเหนือ,2,พลังประชาธิปไตย,75,0.08,27,93470
2562,pv_56_z_2,pv_56,พะเยา,ภาคเหนือ,2,พลังแผ่นดินทอง,49,0.05,28,93470
2562,pv_56_z_3,pv_56,พะเยา,ภาคเหนือ,3,พลังประชารัฐ,41755,42.81,1,97547
2562,pv_56_z_3,pv_56,พะเยา,ภาคเหนือ,3,เพื่อไทย,30761,31.53,2,97547
2562,pv_56_z_3,pv_56,พะเยา,ภาคเหนือ,3,อนาคตใหม่,13259,13.59,3,97547
2562,pv_56_z_3,pv_56,พะเยา,ภาคเหนือ,3,ประชาธิปัตย์,3244,3.33,4,97547
2562,pv_56_z_3,pv_56,พะเยา,ภาคเหนือ,3,เพื่อชาติ,2426,2.49,5,97547
2562,pv_56_z_3,pv_56,พะเยา,ภาคเหนือ,3,เสรีรวมไทย,969,0.99,6,97547
2562,pv_56_z_3,pv_56,พะเยา,ภาคเหนือ,3,เศรษฐกิจใหม่,596,0.61,7,97547
2562,pv_56_z_3,pv_56,พะเยา,ภาคเหนือ,3,ประชาชาติ,497,0.51,8,97547
2562,pv_56_z_3,pv_56,พะเยา,ภาคเหนือ,3,พลังปวงชนไทย,469,0.48,9,97547
2562,pv_56_z_3,pv_56,พะเยา,ภาคเหนือ,3,เพื่อแผ่นดิน,445,0.46,10,97547
2562,pv_56_z_3,pv_56,พะเยา,ภาคเหนือ,3,พลังท้องถิ่นไท,374,0.38,11,97547
2562,pv_56_z_3,pv_56,พะเยา,ภาคเหนือ,3,รวมใจไทย,310,0.32,12,97547
2562,pv_56_z_3,pv_56,พะเยา,ภาคเหนือ,3,ประชานิยม,292,0.30,13,97547
2562,pv_56_z_3,pv_56,พะเยา,ภาคเหนือ,3,ภูมิใจไทย,230,0.24,14,97547
2562,pv_56_z_3,pv_56,พะเยา,ภาคเหนือ,3,รวมพลังประชาชาติไทย,219,0.22,15,97547
2562,pv_56_z_3,pv_56,พะเยา,ภาคเหนือ,3,พลังชาติไทย,215,0.22,16,97547
2562,pv_56_z_3,pv_56,พะเยา,ภาคเหนือ,3,ภราดรภาพ,188,0.19,17,97547
2562,pv_56_z_3,pv_56,พะเยา,ภาคเหนือ,3,รักษ์ผืนป่าประเทศไทย,178,0.18,18,97547
2562,pv_56_z_3,pv_56,พะเยา,ภาคเหนือ,3,ครูไทยเพื่อประชาชน,166,0.17,19,97547
2562,pv_56_z_3,pv_56,พะเยา,ภาคเหนือ,3,ไทยศรีวิไลย์,150,0.15,20,97547
2562,pv_56_z_3,pv_56,พะเยา,ภาคเหนือ,3,ผึ้งหลวง,124,0.13,21,97547
2562,pv_56_z_3,pv_56,พะเยา,ภาคเหนือ,3,พลังไทยรักไทย,115,0.12,22,97547
2562,pv_56_z_3,pv_56,พะเยา,ภาคเหนือ,3,ประชาชนปฏิรูป,101,0.10,23,97547
2562,pv_56_z_3,pv_56,พะเยา,ภาคเหนือ,3,ชาติพันธุ์ไทย,87,0.09,24,97547
2562,pv_56_z_3,pv_56,พะเยา,ภาคเหนือ,3,ไทรักธรรม,86,0.09,25,97547
2562,pv_56_z_3,pv_56,พะเยา,ภาคเหนือ,3,พลังประชาธิปไตย,83,0.09,26,97547
2562,pv_56_z_3,pv_56,พะเยา,ภาคเหนือ,3,ประชาไทย,79,0.08,27,97547
2562,pv_56_z_3,pv_56,พะเยา,ภาคเหนือ,3,ประชากรไทย,69,0.07,28,97547
2562,pv_56_z_3,pv_56,พะเยา,ภาคเหนือ,3,ประชาธรรมไทย,60,0.06,29,97547
2562,pv_56_z_3,pv_56,พะเยา,ภาคเหนือ,3,ประชาภิวัฒน์,0,0.00,30,97547
2562,pv_82_z_1,pv_82,พังงา,ภาคใต้,1,ประชาธิปัตย์,59816,41.31,1,144793
2562,pv_82_z_1,pv_82,พังงา,ภาคใต้,1,พลังประชารัฐ,31793,21.96,2,144793
2562,pv_82_z_1,pv_82,พังงา,ภาคใต้,1,อนาคตใหม่,24296,16.78,3,144793
2562,pv_82_z_1,pv_82,พังงา,ภาคใต้,1,เสรีรวมไทย,4332,2.99,4,144793
2562,pv_82_z_1,pv_82,พังงา,ภาคใต้,1,ประชาชาติ,4094,2.83,5,144793
2562,pv_82_z_1,pv_82,พังงา,ภาคใต้,1,ภูมิใจไทย,3299,2.28,6,144793
2562,pv_82_z_1,pv_82,พังงา,ภาคใต้,1,เพื่อชาติ,2123,1.47,7,144793
2562,pv_82_z_1,pv_82,พังงา,ภาคใต้,1,เศรษฐกิจใหม่,1874,1.29,8,144793
2562,pv_82_z_1,pv_82,พังงา,ภาคใต้,1,รวมพลังประชาชาติไทย,1701,1.17,9,144793
2562,pv_82_z_1,pv_82,พังงา,ภาคใต้,1,รักษ์ผืนป่าประเทศไทย,1433,0.99,10,144793
2562,pv_82_z_1,pv_82,พังงา,ภาคใต้,1,ชาติไทยพัฒนา,1257,0.87,11,144793
2562,pv_82_z_1,pv_82,พังงา,ภาคใต้,1,ประชานิยม,1107,0.76,12,144793
2562,pv_82_z_1,pv_82,พังงา,ภาคใต้,1,กรีน,687,0.47,13,144793
2562,pv_82_z_1,pv_82,พังงา,ภาคใต้,1,พลังท้องถิ่นไท,614,0.42,14,144793
2562,pv_82_z_1,pv_82,พังงา,ภาคใต้,1,พลังชาติไทย,569,0.39,15,144793
2562,pv_82_z_1,pv_82,พังงา,ภาคใต้,1,พลังปวงชนไทย,557,0.38,16,144793
2562,pv_82_z_1,pv_82,พังงา,ภาคใต้,1,ถิ่นกาขาวชาววิไล,535,0.37,17,144793
2562,pv_82_z_1,pv_82,พังงา,ภาคใต้,1,พลังไทยรักไทย,533,0.37,18,144793
2562,pv_82_z_1,pv_82,พังงา,ภาคใต้,1,ประชาภิวัฒน์,489,0.34,19,144793
2562,pv_82_z_1,pv_82,พังงา,ภาคใต้,1,ไทยศรีวิไลย์,435,0.30,20,144793
2562,pv_82_z_1,pv_82,พังงา,ภาคใต้,1,ประชาชนปฏิรูป,429,0.30,21,144793
2562,pv_82_z_1,pv_82,พังงา,ภาคใต้,1,พลังธรรมใหม่,427,0.29,22,144793
2562,pv_82_z_1,pv_82,พังงา,ภาคใต้,1,เพื่อแผ่นดิน,421,0.29,23,144793
2562,pv_82_z_1,pv_82,พังงา,ภาคใต้,1,พลังไทสร้างชาติ,402,0.28,24,144793
2562,pv_82_z_1,pv_82,พังงา,ภาคใต้,1,ภราดรภาพ,314,0.22,25,144793
2562,pv_82_z_1,pv_82,พังงา,ภาคใต้,1,พลังสังคม,287,0.20,26,144793
2562,pv_82_z_1,pv_82,พังงา,ภาคใต้,1,ครูไทยเพื่อประชาชน,238,0.16,27,144793
2562,pv_82_z_1,pv_82,พังงา,ภาคใต้,1,ความหวังใหม่,228,0.16,28,144793
2562,pv_82_z_1,pv_82,พังงา,ภาคใต้,1,พลังศรัทธา,175,0.12,29,144793
2562,pv_82_z_1,pv_82,พังงา,ภาคใต้,1,คลองไทย,170,0.12,30,144793
2562,pv_82_z_1,pv_82,พังงา,ภาคใต้,1,ไทรักธรรม,158,0.11,31,144793
2562,pv_82_z_1,pv_82,พังงา,ภาคใต้,1,ไทยรักษาชาติ,0,0.00,32,144793
2562,pv_82_z_1,pv_82,พังงา,ภาคใต้,1,เพื่อธรรม,0,0.00,33,144793
2562,pv_93_z_1,pv_93,พัทลุง,ภาคใต้,1,ภูมิใจไทย,40518,39.51,1,102562
2562,pv_93_z_1,pv_93,พัทลุง,ภาคใต้,1,ประชาธิปัตย์,30760,29.99,2,102562
2562,pv_93_z_1,pv_93,พัทลุง,ภาคใต้,1,พลังประชารัฐ,12168,11.86,3,102562
2562,pv_93_z_1,pv_93,พัทลุง,ภาคใต้,1,อนาคตใหม่,9753,9.51,4,102562
2562,pv_93_z_1,pv_93,พัทลุง,ภาคใต้,1,เสรีรวมไทย,1256,1.22,5,102562
2562,pv_93_z_1,pv_93,พัทลุง,ภาคใต้,1,รวมพลังประชาชาติไทย,916,0.89,6,102562
2562,pv_93_z_1,pv_93,พัทลุง,ภาคใต้,1,เศรษฐกิจใหม่,848,0.83,7,102562
2562,pv_93_z_1,pv_93,พัทลุง,ภาคใต้,1,คลองไทย,812,0.79,8,102562
2562,pv_93_z_1,pv_93,พัทลุง,ภาคใต้,1,ชาติไทยพัฒนา,666,0.65,9,102562
2562,pv_93_z_1,pv_93,พัทลุง,ภาคใต้,1,พลังท้องถิ่นไท,475,0.46,10,102562
2562,pv_93_z_1,pv_93,พัทลุง,ภาคใต้,1,เพื่อธรรม,432,0.42,11,102562
2562,pv_93_z_1,pv_93,พัทลุง,ภาคใต้,1,ประชาชาติ,370,0.36,12,102562
2562,pv_93_z_1,pv_93,พัทลุง,ภาคใต้,1,ภูมิพลังเกษตรกรไทย,364,0.35,13,102562
2562,pv_93_z_1,pv_93,พัทลุง,ภาคใต้,1,พลังไทสร้างชาติ,357,0.35,14,102562
2562,pv_93_z_1,pv_93,พัทลุง,ภาคใต้,1,พลังสังคม,351,0.34,15,102562
2562,pv_93_z_1,pv_93,พัทลุง,ภาคใต้,1,ไทยศรีวิไลย์,341,0.33,16,102562
2562,pv_93_z_1,pv_93,พัทลุง,ภาคใต้,1,พลังศรัทธา,337,0.33,17,102562
2562,pv_93_z_1,pv_93,พัทลุง,ภาคใต้,1,พลังชาติไทย,305,0.30,18,102562
2562,pv_93_z_1,pv_93,พัทลุง,ภาคใต้,1,ประชาภิวัฒน์,254,0.25,19,102562
2562,pv_93_z_1,pv_93,พัทลุง,ภาคใต้,1,เพื่อชาติ,185,0.18,20,102562
2562,pv_93_z_1,pv_93,พัทลุง,ภาคใต้,1,ประชานิยม,159,0.16,21,102562
2562,pv_93_z_1,pv_93,พัทลุง,ภาคใต้,1,พลังไทยรักไทย,136,0.13,22,102562
2562,pv_93_z_1,pv_93,พัทลุง,ภาคใต้,1,ครูไทยเพื่อประชาชน,104,0.10,23,102562
2562,pv_93_z_1,pv_93,พัทลุง,ภาคใต้,1,พลเมืองไทย,104,0.10,24,102562
2562,pv_93_z_1,pv_93,พัทลุง,ภาคใต้,1,เพื่อแผ่นดิน,102,0.10,25,102562
2562,pv_93_z_1,pv_93,พัทลุง,ภาคใต้,1,ชาติพัฒนา,96,0.09,26,102562
2562,pv_93_z_1,pv_93,พัทลุง,ภาคใต้,1,ประชาชนปฏิรูป,95,0.09,27,102562
2562,pv_93_z_1,pv_93,พัทลุง,ภาคใต้,1,พลังธรรมใหม่,86,0.08,28,102562
2562,pv_93_z_1,pv_93,พัทลุง,ภาคใต้,1,ถิ่นกาขาวชาววิไล,57,0.06,29,102562
2562,pv_93_z_1,pv_93,พัทลุง,ภาคใต้,1,ประชาธรรมไทย,46,0.04,30,102562
2562,pv_93_z_1,pv_93,พัทลุง,ภาคใต้,1,ไทรักธรรม,42,0.04,31,102562
2562,pv_93_z_1,pv_93,พัทลุง,ภาคใต้,1,แทนคุณแผ่นดิน,41,0.04,32,102562
2562,pv_93_z_1,pv_93,พัทลุง,ภาคใต้,1,พลังปวงชนไทย,26,0.03,33,102562
2562,pv_93_z_1,pv_93,พัทลุง,ภาคใต้,1,ไทยรักษาชาติ,0,0.00,34,102562
2562,pv_93_z_1,pv_93,พัทลุง,ภาคใต้,1,รักษ์ผืนป่าประเทศไทย,0,0.00,35,102562
2562,pv_93_z_1,pv_93,พัทลุง,ภาคใต้,1,ประชาไทย,0,0.00,36,102562
2562,pv_93_z_2,pv_93,พัทลุง,ภาคใต้,2,ภูมิใจไทย,47584,45.49,1,104597
2562,pv_93_z_2,pv_93,พัทลุง,ภาคใต้,2,ประชาธิปัตย์,22428,21.44,2,104597
2562,pv_93_z_2,pv_93,พัทลุง,ภาคใต้,2,พลังประชารัฐ,10309,9.86,3,104597
2562,pv_93_z_2,pv_93,พัทลุง,ภาคใต้,2,อนาคตใหม่,6539,6.25,4,104597
2562,pv_93_z_2,pv_93,พัทลุง,ภาคใต้,2,เพื่อไทย,3297,3.15,5,104597
2562,pv_93_z_2,pv_93,พัทลุง,ภาคใต้,2,เสรีรวมไทย,2606,2.49,6,104597
2562,pv_93_z_2,pv_93,พัทลุง,ภาคใต้,2,คลองไทย,1978,1.89,7,104597
2562,pv_93_z_2,pv_93,พัทลุง,ภาคใต้,2,ประชาชาติ,1688,1.61,8,104597
2562,pv_93_z_2,pv_93,พัทลุง,ภาคใต้,2,เศรษฐกิจใหม่,1060,1.01,9,104597
2562,pv_93_z_2,pv_93,พัทลุง,ภาคใต้,2,ชาติไทยพัฒนา,974,0.93,10,104597
2562,pv_93_z_2,pv_93,พัทลุง,ภาคใต้,2,ชาติพัฒนา,804,0.77,11,104597
2562,pv_93_z_2,pv_93,พัทลุง,ภาคใต้,2,รวมพลังประชาชาติไทย,652,0.62,12,104597
2562,pv_93_z_2,pv_93,พัทลุง,ภาคใต้,2,พลังท้องถิ่นไท,597,0.57,13,104597
2562,pv_93_z_2,pv_93,พัทลุง,ภาคใต้,2,พลังชาติไทย,502,0.48,14,104597
2562,pv_93_z_2,pv_93,พัทลุง,ภาคใต้,2,พลังธรรมใหม่,452,0.43,15,104597
2562,pv_93_z_2,pv_93,พัทลุง,ภาคใต้,2,พลังไทสร้างชาติ,428,0.41,16,104597
2562,pv_93_z_2,pv_93,พัทลุง,ภาคใต้,2,ประชาธรรมไทย,406,0.39,17,104597
2562,pv_93_z_2,pv_93,พัทลุง,ภาคใต้,2,รักษ์ผืนป่าประเทศไทย,334,0.32,18,104597
2562,pv_93_z_2,pv_93,พัทลุง,ภาคใต้,2,ไทยศรีวิไลย์,287,0.27,19,104597
2562,pv_93_z_2,pv_93,พัทลุง,ภาคใต้,2,พลังปวงชนไทย,251,0.24,20,104597
2562,pv_93_z_2,pv_93,พัทลุง,ภาคใต้,2,พลังสังคม,239,0.23,21,104597
2562,pv_93_z_2,pv_93,พัทลุง,ภาคใต้,2,เพื่อธรรม,173,0.17,22,104597
2562,pv_93_z_2,pv_93,พัทลุง,ภาคใต้,2,ประชานิยม,160,0.15,23,104597
2562,pv_93_z_2,pv_93,พัทลุง,ภาคใต้,2,เพื่อแผ่นดิน,126,0.12,24,104597
2562,pv_93_z_2,pv_93,พัทลุง,ภาคใต้,2,เพื่อชาติ,125,0.12,25,104597
2562,pv_93_z_2,pv_93,พัทลุง,ภาคใต้,2,พลังศรัทธา,92,0.09,26,104597
2562,pv_93_z_2,pv_93,พัทลุง,ภาคใต้,2,ครูไทยเพื่อประชาชน,91,0.09,27,104597
2562,pv_93_z_2,pv_93,พัทลุง,ภาคใต้,2,แทนคุณแผ่นดิน,84,0.08,28,104597
2562,pv_93_z_2,pv_93,พัทลุง,ภาคใต้,2,ประชาไทย,76,0.07,29,104597
2562,pv_93_z_2,pv_93,พัทลุง,ภาคใต้,2,ประชาชนปฏิรูป,63,0.06,30,104597
2562,pv_93_z_2,pv_93,พัทลุง,ภาคใต้,2,ประชาภิวัฒน์,55,0.05,31,104597
2562,pv_93_z_2,pv_93,พัทลุง,ภาคใต้,2,ภาคีเครือข่ายไทย,52,0.05,32,104597
2562,pv_93_z_2,pv_93,พัทลุง,ภาคใต้,2,พลังไทยรักไทย,46,0.04,33,104597
2562,pv_93_z_2,pv_93,พัทลุง,ภาคใต้,2,ไทรักธรรม,39,0.04,34,104597
2562,pv_93_z_2,pv_93,พัทลุง,ภาคใต้,2,ไทยรักษาชาติ,0,0.00,35,104597
2562,pv_93_z_3,pv_93,พัทลุง,ภาคใต้,3,ประชาธิปัตย์,34406,30.52,1,112750
2562,pv_93_z_3,pv_93,พัทลุง,ภาคใต้,3,ภูมิใจไทย,31555,27.99,2,112750
2562,pv_93_z_3,pv_93,พัทลุง,ภาคใต้,3,พลังประชารัฐ,14144,12.54,3,112750
2562,pv_93_z_3,pv_93,พัทลุง,ภาคใต้,3,อนาคตใหม่,8766,7.77,4,112750
2562,pv_93_z_3,pv_93,พัทลุง,ภาคใต้,3,พลเมืองไทย,5127,4.55,5,112750
2562,pv_93_z_3,pv_93,พัทลุง,ภาคใต้,3,ประชาชาติ,4282,3.80,6,112750
2562,pv_93_z_3,pv_93,พัทลุง,ภาคใต้,3,ชาติไทยพัฒนา,2582,2.29,7,112750
2562,pv_93_z_3,pv_93,พัทลุง,ภาคใต้,3,เสรีรวมไทย,1997,1.77,8,112750
2562,pv_93_z_3,pv_93,พัทลุง,ภาคใต้,3,พลังท้องถิ่นไท,1308,1.16,9,112750
2562,pv_93_z_3,pv_93,พัทลุง,ภาคใต้,3,เศรษฐกิจใหม่,955,0.85,10,112750
2562,pv_93_z_3,pv_93,พัทลุง,ภาคใต้,3,พลังชาติไทย,934,0.83,11,112750
2562,pv_93_z_3,pv_93,พัทลุง,ภาคใต้,3,รวมพลังประชาชาติไทย,841,0.75,12,112750
2562,pv_93_z_3,pv_93,พัทลุง,ภาคใต้,3,ประชาธรรมไทย,780,0.69,13,112750
2562,pv_93_z_3,pv_93,พัทลุง,ภาคใต้,3,แทนคุณแผ่นดิน,503,0.45,14,112750
2562,pv_93_z_3,pv_93,พัทลุง,ภาคใต้,3,คลองไทย,481,0.43,15,112750
2562,pv_93_z_3,pv_93,พัทลุง,ภาคใต้,3,ประชาไทย,469,0.42,16,112750
2562,pv_93_z_3,pv_93,พัทลุง,ภาคใต้,3,ทางเลือกใหม่,406,0.36,17,112750
2562,pv_93_z_3,pv_93,พัทลุง,ภาคใต้,3,ชาติพัฒนา,381,0.34,18,112750
2562,pv_93_z_3,pv_93,พัทลุง,ภาคใต้,3,พลังธรรมใหม่,348,0.31,19,112750
2562,pv_93_z_3,pv_93,พัทลุง,ภาคใต้,3,พลังไทสร้างชาติ,344,0.31,20,112750
2562,pv_93_z_3,pv_93,พัทลุง,ภาคใต้,3,เพื่อชาติ,294,0.26,21,112750
2562,pv_93_z_3,pv_93,พัทลุง,ภาคใต้,3,พลังแรงงานไทย,261,0.23,22,112750
2562,pv_93_z_3,pv_93,พัทลุง,ภาคใต้,3,เพื่อแผ่นดิน,222,0.20,23,112750
2562,pv_93_z_3,pv_93,พัทลุง,ภาคใต้,3,ประชาภิวัฒน์,214,0.19,24,112750
2562,pv_93_z_3,pv_93,พัทลุง,ภาคใต้,3,เพื่อธรรม,198,0.18,25,112750
2562,pv_93_z_3,pv_93,พัทลุง,ภาคใต้,3,ประชาชนปฏิรูป,142,0.13,26,112750
2562,pv_93_z_3,pv_93,พัทลุง,ภาคใต้,3,ถิ่นกาขาวชาววิไล,141,0.13,27,112750
2562,pv_93_z_3,pv_93,พัทลุง,ภาคใต้,3,ไทรักธรรม,138,0.12,28,112750
2562,pv_93_z_3,pv_93,พัทลุง,ภาคใต้,3,พลังสังคม,134,0.12,29,112750
2562,pv_93_z_3,pv_93,พัทลุง,ภาคใต้,3,รักษ์ผืนป่าประเทศไทย,127,0.11,30,112750
2562,pv_93_z_3,pv_93,พัทลุง,ภาคใต้,3,ครูไทยเพื่อประชาชน,101,0.09,31,112750
2562,pv_93_z_3,pv_93,พัทลุง,ภาคใต้,3,พลังศรัทธา,92,0.08,32,112750
2562,pv_93_z_3,pv_93,พัทลุง,ภาคใต้,3,ประชานิยม,77,0.07,33,112750
2562,pv_93_z_3,pv_93,พัทลุง,ภาคใต้,3,ไทยรักษาชาติ,0,0.00,34,112750
2562,pv_93_z_3,pv_93,พัทลุง,ภาคใต้,3,พลังไทยรักไทย,0,0.00,35,112750
2562,pv_93_z_3,pv_93,พัทลุง,ภาคใต้,3,ภูมิพลังเกษตรกรไทย,0,0.00,36,112750
2562,pv_76_z_1,pv_76,เพชรบุรี,ภาคตะวันตก,1,พลังประชารัฐ,35106,38.09,1,92174
2562,pv_76_z_1,pv_76,เพชรบุรี,ภาคตะวันตก,1,ประชาธิปัตย์,16555,17.96,2,92174
2562,pv_76_z_1,pv_76,เพชรบุรี,ภาคตะวันตก,1,ชาติไทยพัฒนา,16474,17.87,3,92174
2562,pv_76_z_1,pv_76,เพชรบุรี,ภาคตะวันตก,1,อนาคตใหม่,14874,16.14,4,92174
2562,pv_76_z_1,pv_76,เพชรบุรี,ภาคตะวันตก,1,เสรีรวมไทย,2345,2.54,5,92174
2562,pv_76_z_1,pv_76,เพชรบุรี,ภาคตะวันตก,1,เศรษฐกิจใหม่,1530,1.66,6,92174
2562,pv_76_z_1,pv_76,เพชรบุรี,ภาคตะวันตก,1,พลังปวงชนไทย,1084,1.18,7,92174
2562,pv_76_z_1,pv_76,เพชรบุรี,ภาคตะวันตก,1,ประชาธรรมไทย,1082,1.17,8,92174
2562,pv_76_z_1,pv_76,เพชรบุรี,ภาคตะวันตก,1,ภูมิใจไทย,856,0.93,9,92174
2562,pv_76_z_1,pv_76,เพชรบุรี,ภาคตะวันตก,1,พลังท้องถิ่นไท,645,0.70,10,92174
2562,pv_76_z_1,pv_76,เพชรบุรี,ภาคตะวันตก,1,เพื่อชาติ,411,0.45,11,92174
2562,pv_76_z_1,pv_76,เพชรบุรี,ภาคตะวันตก,1,รักษ์ผืนป่าประเทศไทย,205,0.22,12,92174
2562,pv_76_z_1,pv_76,เพชรบุรี,ภาคตะวันตก,1,พลังไทยรักชาติ,187,0.20,13,92174
2562,pv_76_z_1,pv_76,เพชรบุรี,ภาคตะวันตก,1,ภาคีเครือข่ายไทย,150,0.16,14,92174
2562,pv_76_z_1,pv_76,เพชรบุรี,ภาคตะวันตก,1,ครูไทยเพื่อประชาชน,149,0.16,15,92174
2562,pv_76_z_1,pv_76,เพชรบุรี,ภาคตะวันตก,1,พลังชาติไทย,129,0.14,16,92174
2562,pv_76_z_1,pv_76,เพชรบุรี,ภาคตะวันตก,1,ประชานิยม,115,0.12,17,92174
2562,pv_76_z_1,pv_76,เพชรบุรี,ภาคตะวันตก,1,แผ่นดินธรรม,115,0.12,18,92174
2562,pv_76_z_1,pv_76,เพชรบุรี,ภาคตะวันตก,1,กรีน,72,0.08,19,92174
2562,pv_76_z_1,pv_76,เพชรบุรี,ภาคตะวันตก,1,ประชาภิวัฒน์,46,0.05,20,92174
2562,pv_76_z_1,pv_76,เพชรบุรี,ภาคตะวันตก,1,พลังไทสร้างชาติ,44,0.05,21,92174
2562,pv_76_z_1,pv_76,เพชรบุรี,ภาคตะวันตก,1,ไทยรักษาชาติ,0,0.00,22,92174
2562,pv_76_z_1,pv_76,เพชรบุรี,ภาคตะวันตก,1,รวมพลังประชาชาติไทย,0,0.00,23,92174
2562,pv_76_z_1,pv_76,เพชรบุรี,ภาคตะวันตก,1,เพื่อนไทย,0,0.00,24,92174
2562,pv_76_z_1,pv_76,เพชรบุรี,ภาคตะวันตก,1,พลังสังคม,0,0.00,25,92174
2562,pv_76_z_2,pv_76,เพชรบุรี,ภาคตะวันตก,2,พลังประชารัฐ,34637,35.54,1,97463
2562,pv_76_z_2,pv_76,เพชรบุรี,ภาคตะวันตก,2,ภูมิใจไทย,25657,26.32,2,97463
2562,pv_76_z_2,pv_76,เพชรบุรี,ภาคตะวันตก,2,ประชาธิปัตย์,14670,15.05,3,97463
2562,pv_76_z_2,pv_76,เพชรบุรี,ภาคตะวันตก,2,อนาคตใหม่,12141,12.46,4,97463
2562,pv_76_z_2,pv_76,เพชรบุรี,ภาคตะวันตก,2,เสรีรวมไทย,2638,2.71,5,97463
2562,pv_76_z_2,pv_76,เพชรบุรี,ภาคตะวันตก,2,เศรษฐกิจใหม่,1797,1.84,6,97463
2562,pv_76_z_2,pv_76,เพชรบุรี,ภาคตะวันตก,2,เพื่อชาติ,717,0.74,7,97463
2562,pv_76_z_2,pv_76,เพชรบุรี,ภาคตะวันตก,2,เพื่อแผ่นดิน,698,0.72,8,97463
2562,pv_76_z_2,pv_76,เพชรบุรี,ภาคตะวันตก,2,ภาคีเครือข่ายไทย,650,0.67,9,97463
2562,pv_76_z_2,pv_76,เพชรบุรี,ภาคตะวันตก,2,พลังปวงชนไทย,649,0.67,10,97463
2562,pv_76_z_2,pv_76,เพชรบุรี,ภาคตะวันตก,2,ชาติไทยพัฒนา,613,0.63,11,97463
2562,pv_76_z_2,pv_76,เพชรบุรี,ภาคตะวันตก,2,พลังท้องถิ่นไท,453,0.46,12,97463
2562,pv_76_z_2,pv_76,เพชรบุรี,ภาคตะวันตก,2,รักษ์ผืนป่าประเทศไทย,357,0.37,13,97463
2562,pv_76_z_2,pv_76,เพชรบุรี,ภาคตะวันตก,2,รวมใจไทย,356,0.37,14,97463
2562,pv_76_z_2,pv_76,เพชรบุรี,ภาคตะวันตก,2,ประชาธรรมไทย,288,0.30,15,97463
2562,pv_76_z_2,pv_76,เพชรบุรี,ภาคตะวันตก,2,พลังไทยรักชาติ,243,0.25,16,97463
2562,pv_76_z_2,pv_76,เพชรบุรี,ภาคตะวันตก,2,ประชาธิปไตยใหม่,183,0.19,17,97463
2562,pv_76_z_2,pv_76,เพชรบุรี,ภาคตะวันตก,2,พลเมืองไทย,165,0.17,18,97463
2562,pv_76_z_2,pv_76,เพชรบุรี,ภาคตะวันตก,2,กรีน,156,0.16,19,97463
2562,pv_76_z_2,pv_76,เพชรบุรี,ภาคตะวันตก,2,ประชานิยม,127,0.13,20,97463
2562,pv_76_z_2,pv_76,เพชรบุรี,ภาคตะวันตก,2,ครูไทยเพื่อประชาชน,106,0.11,21,97463
2562,pv_76_z_2,pv_76,เพชรบุรี,ภาคตะวันตก,2,พลังชาติไทย,68,0.07,22,97463
2562,pv_76_z_2,pv_76,เพชรบุรี,ภาคตะวันตก,2,พลังไทสร้างชาติ,55,0.06,23,97463
2562,pv_76_z_2,pv_76,เพชรบุรี,ภาคตะวันตก,2,ประชาภิวัฒน์,39,0.04,24,97463
2562,pv_76_z_2,pv_76,เพชรบุรี,ภาคตะวันตก,2,รวมพลังประชาชาติไทย,0,0.00,25,97463
2562,pv_76_z_2,pv_76,เพชรบุรี,ภาคตะวันตก,2,เพื่อนไทย,0,0.00,26,97463
2562,pv_76_z_2,pv_76,เพชรบุรี,ภาคตะวันตก,2,ไทยรักษาชาติ,0,0.00,27,97463
2562,pv_76_z_3,pv_76,เพชรบุรี,ภาคตะวันตก,3,พลังประชารัฐ,46901,48.65,1,96412
2562,pv_76_z_3,pv_76,เพชรบุรี,ภาคตะวันตก,3,ประชาธิปัตย์,21978,22.80,2,96412
2562,pv_76_z_3,pv_76,เพชรบุรี,ภาคตะวันตก,3,อนาคตใหม่,13311,13.81,3,96412
2562,pv_76_z_3,pv_76,เพชรบุรี,ภาคตะวันตก,3,ภูมิใจไทย,2754,2.86,4,96412
2562,pv_76_z_3,pv_76,เพชรบุรี,ภาคตะวันตก,3,เสรีรวมไทย,2265,2.35,5,96412
2562,pv_76_z_3,pv_76,เพชรบุรี,ภาคตะวันตก,3,พลังท้องถิ่นไท,1469,1.52,6,96412
2562,pv_76_z_3,pv_76,เพชรบุรี,ภาคตะวันตก,3,ชาติไทยพัฒนา,1285,1.33,7,96412
2562,pv_76_z_3,pv_76,เพชรบุรี,ภาคตะวันตก,3,เศรษฐกิจใหม่,1177,1.22,8,96412
2562,pv_76_z_3,pv_76,เพชรบุรี,ภาคตะวันตก,3,รวมพลังประชาชาติไทย,864,0.90,9,96412
2562,pv_76_z_3,pv_76,เพชรบุรี,ภาคตะวันตก,3,พลังปวงชนไทย,649,0.67,10,96412
2562,pv_76_z_3,pv_76,เพชรบุรี,ภาคตะวันตก,3,แผ่นดินธรรม,532,0.55,11,96412
2562,pv_76_z_3,pv_76,เพชรบุรี,ภาคตะวันตก,3,รักษ์ผืนป่าประเทศไทย,427,0.44,12,96412
2562,pv_76_z_3,pv_76,เพชรบุรี,ภาคตะวันตก,3,เพื่อแผ่นดิน,347,0.36,13,96412
2562,pv_76_z_3,pv_76,เพชรบุรี,ภาคตะวันตก,3,พลังไทสร้างชาติ,325,0.34,14,96412
2562,pv_76_z_3,pv_76,เพชรบุรี,ภาคตะวันตก,3,เพื่อชาติ,319,0.33,15,96412
2562,pv_76_z_3,pv_76,เพชรบุรี,ภาคตะวันตก,3,ภาคีเครือข่ายไทย,309,0.32,16,96412
2562,pv_76_z_3,pv_76,เพชรบุรี,ภาคตะวันตก,3,กรีน,293,0.30,17,96412
2562,pv_76_z_3,pv_76,เพชรบุรี,ภาคตะวันตก,3,ประชาธิปไตยใหม่,207,0.21,18,96412
2562,pv_76_z_3,pv_76,เพชรบุรี,ภาคตะวันตก,3,พลังไทยรักชาติ,185,0.19,19,96412
2562,pv_76_z_3,pv_76,เพชรบุรี,ภาคตะวันตก,3,พลเมืองไทย,182,0.19,20,96412
2562,pv_76_z_3,pv_76,เพชรบุรี,ภาคตะวันตก,3,ประชาธรรมไทย,154,0.16,21,96412
2562,pv_76_z_3,pv_76,เพชรบุรี,ภาคตะวันตก,3,ประชานิยม,142,0.15,22,96412
2562,pv_76_z_3,pv_76,เพชรบุรี,ภาคตะวันตก,3,ครูไทยเพื่อประชาชน,98,0.10,23,96412
2562,pv_76_z_3,pv_76,เพชรบุรี,ภาคตะวันตก,3,พลังชาติไทย,88,0.09,24,96412
2562,pv_76_z_3,pv_76,เพชรบุรี,ภาคตะวันตก,3,ประชาภิวัฒน์,82,0.09,25,96412
2562,pv_76_z_3,pv_76,เพชรบุรี,ภาคตะวันตก,3,ประชาไทย,69,0.07,26,96412
2562,pv_76_z_3,pv_76,เพชรบุรี,ภาคตะวันตก,3,ไทยรักษาชาติ,0,0.00,27,96412
2562,pv_76_z_3,pv_76,เพชรบุรี,ภาคตะวันตก,3,เพื่อนไทย,0,0.00,28,96412
2562,pv_67_z_1,pv_67,เพชรบูรณ์,ภาคกลาง,1,พลังประชารัฐ,37011,35.28,1,104911
2562,pv_67_z_1,pv_67,เพชรบูรณ์,ภาคกลาง,1,ประชาธิปัตย์,15119,14.41,2,104911
2562,pv_67_z_1,pv_67,เพชรบูรณ์,ภาคกลาง,1,ชาติไทยพัฒนา,14716,14.03,3,104911
2562,pv_67_z_1,pv_67,เพชรบูรณ์,ภาคกลาง,1,เพื่อไทย,14432,13.76,4,104911
2562,pv_67_z_1,pv_67,เพชรบูรณ์,ภาคกลาง,1,อนาคตใหม่,14178,13.51,5,104911
2562,pv_67_z_1,pv_67,เพชรบูรณ์,ภาคกลาง,1,เสรีรวมไทย,1587,1.51,6,104911
2562,pv_67_z_1,pv_67,เพชรบูรณ์,ภาคกลาง,1,เศรษฐกิจใหม่,1065,1.02,7,104911
2562,pv_67_z_1,pv_67,เพชรบูรณ์,ภาคกลาง,1,ประชาธิปไตยใหม่,679,0.65,8,104911
2562,pv_67_z_1,pv_67,เพชรบูรณ์,ภาคกลาง,1,ประชาชาติ,646,0.62,9,104911
2562,pv_67_z_1,pv_67,เพชรบูรณ์,ภาคกลาง,1,รักษ์ผืนป่าประเทศไทย,644,0.61,10,104911
2562,pv_67_z_1,pv_67,เพชรบูรณ์,ภาคกลาง,1,ประชาภิวัฒน์,623,0.59,11,104911
2562,pv_67_z_1,pv_67,เพชรบูรณ์,ภาคกลาง,1,พลังท้องถิ่นไท,595,0.57,12,104911
2562,pv_67_z_1,pv_67,เพชรบูรณ์,ภาคกลาง,1,ประชาธรรมไทย,475,0.45,13,104911
2562,pv_67_z_1,pv_67,เพชรบูรณ์,ภาคกลาง,1,รวมพลังประชาชาติไทย,443,0.42,14,104911
2562,pv_67_z_1,pv_67,เพชรบูรณ์,ภาคกลาง,1,ภูมิใจไทย,397,0.38,15,104911
2562,pv_67_z_1,pv_67,เพชรบูรณ์,ภาคกลาง,1,พัฒนาประเทศไทย,339,0.32,16,104911
2562,pv_67_z_1,pv_67,เพชรบูรณ์,ภาคกลาง,1,ทางเลือกใหม่,306,0.29,17,104911
2562,pv_67_z_1,pv_67,เพชรบูรณ์,ภาคกลาง,1,เพื่อชาติ,300,0.29,18,104911
2562,pv_67_z_1,pv_67,เพชรบูรณ์,ภาคกลาง,1,ครูไทยเพื่อประชาชน,259,0.25,19,104911
2562,pv_67_z_1,pv_67,เพชรบูรณ์,ภาคกลาง,1,พลังปวงชนไทย,229,0.22,20,104911
2562,pv_67_z_1,pv_67,เพชรบูรณ์,ภาคกลาง,1,พลังชาติไทย,186,0.18,21,104911
2562,pv_67_z_1,pv_67,เพชรบูรณ์,ภาคกลาง,1,ผึ้งหลวง,148,0.14,22,104911
2562,pv_67_z_1,pv_67,เพชรบูรณ์,ภาคกลาง,1,เพื่อแผ่นดิน,111,0.11,23,104911
2562,pv_67_z_1,pv_67,เพชรบูรณ์,ภาคกลาง,1,ประชานิยม,93,0.09,24,104911
2562,pv_67_z_1,pv_67,เพชรบูรณ์,ภาคกลาง,1,ไทรักธรรม,82,0.08,25,104911
2562,pv_67_z_1,pv_67,เพชรบูรณ์,ภาคกลาง,1,พลังประชาธิปไตย,77,0.07,26,104911
2562,pv_67_z_1,pv_67,เพชรบูรณ์,ภาคกลาง,1,ประชาชนปฏิรูป,65,0.06,27,104911
2562,pv_67_z_1,pv_67,เพชรบูรณ์,ภาคกลาง,1,แผ่นดินธรรม,44,0.04,28,104911
2562,pv_67_z_1,pv_67,เพชรบูรณ์,ภาคกลาง,1,ประชากรไทย,36,0.03,29,104911
2562,pv_67_z_1,pv_67,เพชรบูรณ์,ภาคกลาง,1,ภราดรภาพ,26,0.02,30,104911
2562,pv_67_z_1,pv_67,เพชรบูรณ์,ภาคกลาง,1,เพื่อนไทย,0,0.00,31,104911
2562,pv_67_z_2,pv_67,เพชรบูรณ์,ภาคกลาง,2,พลังประชารัฐ,49741,47.34,1,105067
2562,pv_67_z_2,pv_67,เพชรบูรณ์,ภาคกลาง,2,ประชาธิปัตย์,27918,26.57,2,105067
2562,pv_67_z_2,pv_67,เพชรบูรณ์,ภาคกลาง,2,อนาคตใหม่,12336,11.74,3,105067
2562,pv_67_z_2,pv_67,เพชรบูรณ์,ภาคกลาง,2,ภูมิใจไทย,6439,6.13,4,105067
2562,pv_67_z_2,pv_67,เพชรบูรณ์,ภาคกลาง,2,เพื่อชาติ,2250,2.14,5,105067
2562,pv_67_z_2,pv_67,เพชรบูรณ์,ภาคกลาง,2,เสรีรวมไทย,2024,1.93,6,105067
2562,pv_67_z_2,pv_67,เพชรบูรณ์,ภาคกลาง,2,ครูไทยเพื่อประชาชน,675,0.64,7,105067
2562,pv_67_z_2,pv_67,เพชรบูรณ์,ภาคกลาง,2,เศรษฐกิจใหม่,496,0.47,8,105067
2562,pv_67_z_2,pv_67,เพชรบูรณ์,ภาคกลาง,2,ภราดรภาพ,372,0.35,9,105067
2562,pv_67_z_2,pv_67,เพชรบูรณ์,ภาคกลาง,2,ประชาภิวัฒน์,303,0.29,10,105067
2562,pv_67_z_2,pv_67,เพชรบูรณ์,ภาคกลาง,2,ชาติไทยพัฒนา,300,0.29,11,105067
2562,pv_67_z_2,pv_67,เพชรบูรณ์,ภาคกลาง,2,ฐานรากไทย,297,0.28,12,105067
2562,pv_67_z_2,pv_67,เพชรบูรณ์,ภาคกลาง,2,พลังท้องถิ่นไท,253,0.24,13,105067
2562,pv_67_z_2,pv_67,เพชรบูรณ์,ภาคกลาง,2,ประชาธรรมไทย,245,0.23,14,105067
2562,pv_67_z_2,pv_67,เพชรบูรณ์,ภาคกลาง,2,รวมพลังประชาชาติไทย,196,0.19,15,105067
2562,pv_67_z_2,pv_67,เพชรบูรณ์,ภาคกลาง,2,พลังชาติไทย,189,0.18,16,105067
2562,pv_67_z_2,pv_67,เพชรบูรณ์,ภาคกลาง,2,รักษ์ผืนป่าประเทศไทย,162,0.15,17,105067
2562,pv_67_z_2,pv_67,เพชรบูรณ์,ภาคกลาง,2,พัฒนาประเทศไทย,151,0.14,18,105067
2562,pv_67_z_2,pv_67,เพชรบูรณ์,ภาคกลาง,2,ประชาชนปฏิรูป,140,0.13,19,105067
2562,pv_67_z_2,pv_67,เพชรบูรณ์,ภาคกลาง,2,ทางเลือกใหม่,116,0.11,20,105067
2562,pv_67_z_2,pv_67,เพชรบูรณ์,ภาคกลาง,2,พลังประชาธิปไตย,106,0.10,21,105067
2562,pv_67_z_2,pv_67,เพชรบูรณ์,ภาคกลาง,2,ไทรักธรรม,99,0.09,22,105067
2562,pv_67_z_2,pv_67,เพชรบูรณ์,ภาคกลาง,2,ประชานิยม,95,0.09,23,105067
2562,pv_67_z_2,pv_67,เพชรบูรณ์,ภาคกลาง,2,พลังปวงชนไทย,63,0.06,24,105067
2562,pv_67_z_2,pv_67,เพชรบูรณ์,ภาคกลาง,2,เพื่อแผ่นดิน,58,0.06,25,105067
2562,pv_67_z_2,pv_67,เพชรบูรณ์,ภาคกลาง,2,ประชาธิปไตยใหม่,43,0.04,26,105067
2562,pv_67_z_2,pv_67,เพชรบูรณ์,ภาคกลาง,2,ไทยรักษาชาติ,0,0.00,27,105067
2562,pv_67_z_3,pv_67,เพชรบูรณ์,ภาคกลาง,3,พลังประชารัฐ,43242,44.19,1,97855
2562,pv_67_z_3,pv_67,เพชรบูรณ์,ภาคกลาง,3,เพื่อไทย,26655,27.24,2,97855
2562,pv_67_z_3,pv_67,เพชรบูรณ์,ภาคกลาง,3,อนาคตใหม่,10723,10.96,3,97855
2562,pv_67_z_3,pv_67,เพชรบูรณ์,ภาคกลาง,3,ประชาธิปัตย์,5797,5.92,4,97855
2562,pv_67_z_3,pv_67,เพชรบูรณ์,ภาคกลาง,3,ชาติไทยพัฒนา,2597,2.65,5,97855
2562,pv_67_z_3,pv_67,เพชรบูรณ์,ภาคกลาง,3,เสรีรวมไทย,1725,1.76,6,97855
2562,pv_67_z_3,pv_67,เพชรบูรณ์,ภาคกลาง,3,ภูมิใจไทย,1329,1.36,7,97855
2562,pv_67_z_3,pv_67,เพชรบูรณ์,ภาคกลาง,3,เศรษฐกิจใหม่,844,0.86,8,97855
2562,pv_67_z_3,pv_67,เพชรบูรณ์,ภาคกลาง,3,พลังปวงชนไทย,670,0.68,9,97855
2562,pv_67_z_3,pv_67,เพชรบูรณ์,ภาคกลาง,3,ประชาภิวัฒน์,412,0.42,10,97855
2562,pv_67_z_3,pv_67,เพชรบูรณ์,ภาคกลาง,3,รวมพลังประชาชาติไทย,402,0.41,11,97855
2562,pv_67_z_3,pv_67,เพชรบูรณ์,ภาคกลาง,3,พัฒนาประเทศไทย,386,0.39,12,97855
2562,pv_67_z_3,pv_67,เพชรบูรณ์,ภาคกลาง,3,ประชาชนปฏิรูป,333,0.34,13,97855
2562,pv_67_z_3,pv_67,เพชรบูรณ์,ภาคกลาง,3,ประชานิยม,308,0.31,14,97855
2562,pv_67_z_3,pv_67,เพชรบูรณ์,ภาคกลาง,3,ชาติพัฒนา,304,0.31,15,97855
2562,pv_67_z_3,pv_67,เพชรบูรณ์,ภาคกลาง,3,พลังประชาธิปไตย,304,0.31,16,97855
2562,pv_67_z_3,pv_67,เพชรบูรณ์,ภาคกลาง,3,เพื่อชาติ,287,0.29,17,97855
2562,pv_67_z_3,pv_67,เพชรบูรณ์,ภาคกลาง,3,รักษ์ผืนป่าประเทศไทย,219,0.22,18,97855
2562,pv_67_z_3,pv_67,เพชรบูรณ์,ภาคกลาง,3,พลังชาติไทย,189,0.19,19,97855
2562,pv_67_z_3,pv_67,เพชรบูรณ์,ภาคกลาง,3,ครูไทยเพื่อประชาชน,170,0.17,20,97855
2562,pv_67_z_3,pv_67,เพชรบูรณ์,ภาคกลาง,3,พลังท้องถิ่นไท,144,0.15,21,97855
2562,pv_67_z_3,pv_67,เพชรบูรณ์,ภาคกลาง,3,ประชาธิปไตยใหม่,139,0.14,22,97855
2562,pv_67_z_3,pv_67,เพชรบูรณ์,ภาคกลาง,3,ภราดรภาพ,116,0.12,23,97855
2562,pv_67_z_3,pv_67,เพชรบูรณ์,ภาคกลาง,3,ไทรักธรรม,92,0.09,24,97855
2562,pv_67_z_3,pv_67,เพชรบูรณ์,ภาคกลาง,3,พลังไทสร้างชาติ,85,0.09,25,97855
2562,pv_67_z_3,pv_67,เพชรบูรณ์,ภาคกลาง,3,ประชาธรรมไทย,82,0.08,26,97855
2562,pv_67_z_3,pv_67,เพชรบูรณ์,ภาคกลาง,3,พลเมืองไทย,75,0.08,27,97855
2562,pv_67_z_3,pv_67,เพชรบูรณ์,ภาคกลาง,3,ผึ้งหลวง,72,0.07,28,97855
2562,pv_67_z_3,pv_67,เพชรบูรณ์,ภาคกลาง,3,เพื่อแผ่นดิน,58,0.06,29,97855
2562,pv_67_z_3,pv_67,เพชรบูรณ์,ภาคกลาง,3,แผ่นดินธรรม,50,0.05,30,97855
2562,pv_67_z_3,pv_67,เพชรบูรณ์,ภาคกลาง,3,ประชากรไทย,46,0.05,31,97855
2562,pv_67_z_4,pv_67,เพชรบูรณ์,ภาคกลาง,4,พลังประชารัฐ,35225,36.26,1,97159
2562,pv_67_z_4,pv_67,เพชรบูรณ์,ภาคกลาง,4,เพื่อไทย,27842,28.66,2,97159
2562,pv_67_z_4,pv_67,เพชรบูรณ์,ภาคกลาง,4,อนาคตใหม่,11906,12.25,3,97159
2562,pv_67_z_4,pv_67,เพชรบูรณ์,ภาคกลาง,4,ภูมิใจไทย,10246,10.55,4,97159
2562,pv_67_z_4,pv_67,เพชรบูรณ์,ภาคกลาง,4,ประชาธิปัตย์,3875,3.99,5,97159
2562,pv_67_z_4,pv_67,เพชรบูรณ์,ภาคกลาง,4,เสรีรวมไทย,1643,1.69,6,97159
2562,pv_67_z_4,pv_67,เพชรบูรณ์,ภาคกลาง,4,พลังปวงชนไทย,1187,1.22,7,97159
2562,pv_67_z_4,pv_67,เพชรบูรณ์,ภาคกลาง,4,เศรษฐกิจใหม่,622,0.64,8,97159
2562,pv_67_z_4,pv_67,เพชรบูรณ์,ภาคกลาง,4,พลังท้องถิ่นไท,523,0.54,9,97159
2562,pv_67_z_4,pv_67,เพชรบูรณ์,ภาคกลาง,4,ชาติไทยพัฒนา,522,0.54,10,97159
2562,pv_67_z_4,pv_67,เพชรบูรณ์,ภาคกลาง,4,พลังชาติไทย,481,0.50,11,97159
2562,pv_67_z_4,pv_67,เพชรบูรณ์,ภาคกลาง,4,พลังประชาธิปไตย,399,0.41,12,97159
2562,pv_67_z_4,pv_67,เพชรบูรณ์,ภาคกลาง,4,รวมพลังประชาชาติไทย,361,0.37,13,97159
2562,pv_67_z_4,pv_67,เพชรบูรณ์,ภาคกลาง,4,ผึ้งหลวง,322,0.33,14,97159
2562,pv_67_z_4,pv_67,เพชรบูรณ์,ภาคกลาง,4,พลเมืองไทย,269,0.28,15,97159
2562,pv_67_z_4,pv_67,เพชรบูรณ์,ภาคกลาง,4,ภราดรภาพ,231,0.24,16,97159
2562,pv_67_z_4,pv_67,เพชรบูรณ์,ภาคกลาง,4,รักษ์ผืนป่าประเทศไทย,206,0.21,17,97159
2562,pv_67_z_4,pv_67,เพชรบูรณ์,ภาคกลาง,4,ประชาชนปฏิรูป,153,0.16,18,97159
2562,pv_67_z_4,pv_67,เพชรบูรณ์,ภาคกลาง,4,ทางเลือกใหม่,150,0.15,19,97159
2562,pv_67_z_4,pv_67,เพชรบูรณ์,ภาคกลาง,4,ไทรักธรรม,137,0.14,20,97159
2562,pv_67_z_4,pv_67,เพชรบูรณ์,ภาคกลาง,4,เพื่อชาติ,131,0.13,21,97159
2562,pv_67_z_4,pv_67,เพชรบูรณ์,ภาคกลาง,4,ประชาธรรมไทย,129,0.13,22,97159
2562,pv_67_z_4,pv_67,เพชรบูรณ์,ภาคกลาง,4,พลังธรรมใหม่,122,0.13,23,97159
2562,pv_67_z_4,pv_67,เพชรบูรณ์,ภาคกลาง,4,ประชากรไทย,116,0.12,24,97159
2562,pv_67_z_4,pv_67,เพชรบูรณ์,ภาคกลาง,4,พัฒนาประเทศไทย,104,0.11,25,97159
2562,pv_67_z_4,pv_67,เพชรบูรณ์,ภาคกลาง,4,ประชานิยม,92,0.09,26,97159
2562,pv_67_z_4,pv_67,เพชรบูรณ์,ภาคกลาง,4,ประชาธิปไตยใหม่,62,0.06,27,97159
2562,pv_67_z_4,pv_67,เพชรบูรณ์,ภาคกลาง,4,ครูไทยเพื่อประชาชน,60,0.06,28,97159
2562,pv_67_z_4,pv_67,เพชรบูรณ์,ภาคกลาง,4,เพื่อแผ่นดิน,43,0.04,29,97159
2562,pv_67_z_4,pv_67,เพชรบูรณ์,ภาคกลาง,4,ไทยรักษาชาติ,0,0.00,30,97159
2562,pv_67_z_4,pv_67,เพชรบูรณ์,ภาคกลาง,4,ประชาภิวัฒน์,0,0.00,31,97159
2562,pv_67_z_4,pv_67,เพชรบูรณ์,ภาคกลาง,4,เพื่อนไทย,0,0.00,32,97159
2562,pv_67_z_5,pv_67,เพชรบูรณ์,ภาคกลาง,5,พลังประชารัฐ,36034,38.14,1,94485
2562,pv_67_z_5,pv_67,เพชรบูรณ์,ภาคกลาง,5,อนาคตใหม่,30371,32.14,2,94485
2562,pv_67_z_5,pv_67,เพชรบูรณ์,ภาคกลาง,5,เพื่อชาติ,5858,6.20,3,94485
2562,pv_67_z_5,pv_67,เพชรบูรณ์,ภาคกลาง,5,ประชาธิปัตย์,5162,5.46,4,94485
2562,pv_67_z_5,pv_67,เพชรบูรณ์,ภาคกลาง,5,ภูมิใจไทย,4134,4.38,5,94485
2562,pv_67_z_5,pv_67,เพชรบูรณ์,ภาคกลาง,5,เสรีรวมไทย,3718,3.94,6,94485
2562,pv_67_z_5,pv_67,เพชรบูรณ์,ภาคกลาง,5,แทนคุณแผ่นดิน,1877,1.99,7,94485
2562,pv_67_z_5,pv_67,เพชรบูรณ์,ภาคกลาง,5,พลังปวงชนไทย,1119,1.18,8,94485
2562,pv_67_z_5,pv_67,เพชรบูรณ์,ภาคกลาง,5,เศรษฐกิจใหม่,828,0.88,9,94485
2562,pv_67_z_5,pv_67,เพชรบูรณ์,ภาคกลาง,5,ครูไทยเพื่อประชาชน,798,0.84,10,94485
2562,pv_67_z_5,pv_67,เพชรบูรณ์,ภาคกลาง,5,รวมพลังประชาชาติไทย,706,0.75,11,94485
2562,pv_67_z_5,pv_67,เพชรบูรณ์,ภาคกลาง,5,พลังชาติไทย,667,0.71,12,94485
2562,pv_67_z_5,pv_67,เพชรบูรณ์,ภาคกลาง,5,ประชาธิปไตยใหม่,601,0.64,13,94485
2562,pv_67_z_5,pv_67,เพชรบูรณ์,ภาคกลาง,5,พลเมืองไทย,497,0.53,14,94485
2562,pv_67_z_5,pv_67,เพชรบูรณ์,ภาคกลาง,5,ไทรักธรรม,487,0.52,15,94485
2562,pv_67_z_5,pv_67,เพชรบูรณ์,ภาคกลาง,5,เพื่อแผ่นดิน,251,0.27,16,94485
2562,pv_67_z_5,pv_67,เพชรบูรณ์,ภาคกลาง,5,ประชาภิวัฒน์,247,0.26,17,94485
2562,pv_67_z_5,pv_67,เพชรบูรณ์,ภาคกลาง,5,พลังประชาธิปไตย,194,0.21,18,94485
2562,pv_67_z_5,pv_67,เพชรบูรณ์,ภาคกลาง,5,รักษ์ผืนป่าประเทศไทย,189,0.20,19,94485
2562,pv_67_z_5,pv_67,เพชรบูรณ์,ภาคกลาง,5,ผึ้งหลวง,149,0.16,20,94485
2562,pv_67_z_5,pv_67,เพชรบูรณ์,ภาคกลาง,5,ประชาชนปฏิรูป,146,0.15,21,94485
2562,pv_67_z_5,pv_67,เพชรบูรณ์,ภาคกลาง,5,พัฒนาประเทศไทย,99,0.10,22,94485
2562,pv_67_z_5,pv_67,เพชรบูรณ์,ภาคกลาง,5,พลังท้องถิ่นไท,97,0.10,23,94485
2562,pv_67_z_5,pv_67,เพชรบูรณ์,ภาคกลาง,5,ประชากรไทย,87,0.09,24,94485
2562,pv_67_z_5,pv_67,เพชรบูรณ์,ภาคกลาง,5,ประชานิยม,77,0.08,25,94485
2562,pv_67_z_5,pv_67,เพชรบูรณ์,ภาคกลาง,5,ประชาธรรมไทย,55,0.06,26,94485
2562,pv_67_z_5,pv_67,เพชรบูรณ์,ภาคกลาง,5,ภราดรภาพ,37,0.04,27,94485
2562,pv_67_z_5,pv_67,เพชรบูรณ์,ภาคกลาง,5,ไทยรักษาชาติ,0,0.00,28,94485
2562,pv_54_z_1,pv_54,แพร่,ภาคเหนือ,1,อนาคตใหม่,72016,50.14,1,143623
2562,pv_54_z_1,pv_54,แพร่,ภาคเหนือ,1,ประชาธิปัตย์,38035,26.48,2,143623
2562,pv_54_z_1,pv_54,แพร่,ภาคเหนือ,1,พลังประชารัฐ,15399,10.72,3,143623
2562,pv_54_z_1,pv_54,แพร่,ภาคเหนือ,1,เสรีรวมไทย,5379,3.75,4,143623
2562,pv_54_z_1,pv_54,แพร่,ภาคเหนือ,1,เศรษฐกิจใหม่,3511,2.44,5,143623
2562,pv_54_z_1,pv_54,แพร่,ภาคเหนือ,1,เพื่อชาติ,3044,2.12,6,143623
2562,pv_54_z_1,pv_54,แพร่,ภาคเหนือ,1,พลังท้องถิ่นไท,983,0.68,7,143623
2562,pv_54_z_1,pv_54,แพร่,ภาคเหนือ,1,รักษ์ผืนป่าประเทศไทย,620,0.43,8,143623
2562,pv_54_z_1,pv_54,แพร่,ภาคเหนือ,1,พลังไทยรักไทย,553,0.39,9,143623
2562,pv_54_z_1,pv_54,แพร่,ภาคเหนือ,1,พลังชาติไทย,529,0.37,10,143623
2562,pv_54_z_1,pv_54,แพร่,ภาคเหนือ,1,ประชาธรรมไทย,506,0.35,11,143623
2562,pv_54_z_1,pv_54,แพร่,ภาคเหนือ,1,พลังธรรมใหม่,502,0.35,12,143623
2562,pv_54_z_1,pv_54,แพร่,ภาคเหนือ,1,ประชาภิวัฒน์,367,0.26,13,143623
2562,pv_54_z_1,pv_54,แพร่,ภาคเหนือ,1,ภูมิใจไทย,363,0.25,14,143623
2562,pv_54_z_1,pv_54,แพร่,ภาคเหนือ,1,รวมพลังประชาชาติไทย,269,0.19,15,143623
2562,pv_54_z_1,pv_54,แพร่,ภาคเหนือ,1,พลังปวงชนไทย,267,0.19,16,143623
2562,pv_54_z_1,pv_54,แพร่,ภาคเหนือ,1,เพื่อแผ่นดิน,190,0.13,17,143623
2562,pv_54_z_1,pv_54,แพร่,ภาคเหนือ,1,ไทรักธรรม,180,0.13,18,143623
2562,pv_54_z_1,pv_54,แพร่,ภาคเหนือ,1,ชาติพันธุ์ไทย,151,0.11,19,143623
2562,pv_54_z_1,pv_54,แพร่,ภาคเหนือ,1,ประชาธิปไตยใหม่,148,0.10,20,143623
2562,pv_54_z_1,pv_54,แพร่,ภาคเหนือ,1,มหาชน,139,0.10,21,143623
2562,pv_54_z_1,pv_54,แพร่,ภาคเหนือ,1,ประชากรไทย,137,0.10,22,143623
2562,pv_54_z_1,pv_54,แพร่,ภาคเหนือ,1,ครูไทยเพื่อประชาชน,116,0.08,23,143623
2562,pv_54_z_1,pv_54,แพร่,ภาคเหนือ,1,ภราดรภาพ,97,0.07,24,143623
2562,pv_54_z_1,pv_54,แพร่,ภาคเหนือ,1,ประชาชนปฏิรูป,78,0.05,25,143623
2562,pv_54_z_1,pv_54,แพร่,ภาคเหนือ,1,พลังไทยดี,44,0.03,26,143623
2562,pv_54_z_1,pv_54,แพร่,ภาคเหนือ,1,ไทยรักษาชาติ,0,0.00,27,143623
2562,pv_54_z_2,pv_54,แพร่,ภาคเหนือ,2,อนาคตใหม่,55695,47.28,1,117806
2562,pv_54_z_2,pv_54,แพร่,ภาคเหนือ,2,พลังประชารัฐ,28223,23.96,2,117806
2562,pv_54_z_2,pv_54,แพร่,ภาคเหนือ,2,ประชาธิปัตย์,14312,12.15,3,117806
2562,pv_54_z_2,pv_54,แพร่,ภาคเหนือ,2,เสรีรวมไทย,5329,4.52,4,117806
2562,pv_54_z_2,pv_54,แพร่,ภาคเหนือ,2,เพื่อชาติ,3821,3.24,5,117806
2562,pv_54_z_2,pv_54,แพร่,ภาคเหนือ,2,รวมพลังประชาชาติไทย,2454,2.08,6,117806
2562,pv_54_z_2,pv_54,แพร่,ภาคเหนือ,2,พลังปวงชนไทย,1666,1.41,7,117806
2562,pv_54_z_2,pv_54,แพร่,ภาคเหนือ,2,เศรษฐกิจใหม่,1481,1.26,8,117806
2562,pv_54_z_2,pv_54,แพร่,ภาคเหนือ,2,ภูมิใจไทย,1251,1.06,9,117806
2562,pv_54_z_2,pv_54,แพร่,ภาคเหนือ,2,พลังไทยรักไทย,737,0.63,10,117806
2562,pv_54_z_2,pv_54,แพร่,ภาคเหนือ,2,ประชาภิวัฒน์,535,0.45,11,117806
2562,pv_54_z_2,pv_54,แพร่,ภาคเหนือ,2,ประชาธิปไตยใหม่,501,0.43,12,117806
2562,pv_54_z_2,pv_54,แพร่,ภาคเหนือ,2,พลังท้องถิ่นไท,480,0.41,13,117806
2562,pv_54_z_2,pv_54,แพร่,ภาคเหนือ,2,พลังธรรมใหม่,321,0.27,14,117806
2562,pv_54_z_2,pv_54,แพร่,ภาคเหนือ,2,ประชากรไทย,185,0.16,15,117806
2562,pv_54_z_2,pv_54,แพร่,ภาคเหนือ,2,พลังไทยดี,140,0.12,16,117806
2562,pv_54_z_2,pv_54,แพร่,ภาคเหนือ,2,เพื่อแผ่นดิน,134,0.11,17,117806
2562,pv_54_z_2,pv_54,แพร่,ภาคเหนือ,2,ประชาธรรมไทย,106,0.09,18,117806
2562,pv_54_z_2,pv_54,แพร่,ภาคเหนือ,2,ภราดรภาพ,105,0.09,19,117806
2562,pv_54_z_2,pv_54,แพร่,ภาคเหนือ,2,พลังชาติไทย,104,0.09,20,117806
2562,pv_54_z_2,pv_54,แพร่,ภาคเหนือ,2,ชาติพันธุ์ไทย,100,0.08,21,117806
2562,pv_54_z_2,pv_54,แพร่,ภาคเหนือ,2,ประชาชนปฏิรูป,77,0.07,22,117806
2562,pv_54_z_2,pv_54,แพร่,ภาคเหนือ,2,ไทรักธรรม,49,0.04,23,117806
2562,pv_54_z_2,pv_54,แพร่,ภาคเหนือ,2,ไทยรักษาชาติ,0,0.00,24,117806
2562,pv_54_z_2,pv_54,แพร่,ภาคเหนือ,2,รักษ์ผืนป่าประเทศไทย,0,0.00,25,117806
2562,pv_54_z_2,pv_54,แพร่,ภาคเหนือ,2,ครูไทยเพื่อประชาชน,0,0.00,26,117806
2562,pv_83_z_1,pv_83,ภูเก็ต,ภาคใต้,1,พลังประชารัฐ,32338,33.62,1,96186
2562,pv_83_z_1,pv_83,ภูเก็ต,ภาคใต้,1,ประชาธิปัตย์,25194,26.19,2,96186
2562,pv_83_z_1,pv_83,ภูเก็ต,ภาคใต้,1,อนาคตใหม่,22599,23.50,3,96186
2562,pv_83_z_1,pv_83,ภูเก็ต,ภาคใต้,1,เศรษฐกิจใหม่,3829,3.98,4,96186
2562,pv_83_z_1,pv_83,ภูเก็ต,ภาคใต้,1,เสรีรวมไทย,3749,3.90,5,96186
2562,pv_83_z_1,pv_83,ภูเก็ต,ภาคใต้,1,พลังไทยรักไทย,1230,1.28,6,96186
2562,pv_83_z_1,pv_83,ภูเก็ต,ภาคใต้,1,รวมพลังประชาชาติไทย,1207,1.25,7,96186
2562,pv_83_z_1,pv_83,ภูเก็ต,ภาคใต้,1,ภูมิใจไทย,1041,1.08,8,96186
2562,pv_83_z_1,pv_83,ภูเก็ต,ภาคใต้,1,ประชาชาติ,799,0.83,9,96186
2562,pv_83_z_1,pv_83,ภูเก็ต,ภาคใต้,1,ชาติไทยพัฒนา,760,0.79,10,96186
2562,pv_83_z_1,pv_83,ภูเก็ต,ภาคใต้,1,เพื่อชาติ,746,0.78,11,96186
2562,pv_83_z_1,pv_83,ภูเก็ต,ภาคใต้,1,คลองไทย,358,0.37,12,96186
2562,pv_83_z_1,pv_83,ภูเก็ต,ภาคใต้,1,พลังธรรมใหม่,341,0.35,13,96186
2562,pv_83_z_1,pv_83,ภูเก็ต,ภาคใต้,1,พลังท้องถิ่นไท,280,0.29,14,96186
2562,pv_83_z_1,pv_83,ภูเก็ต,ภาคใต้,1,ภราดรภาพ,255,0.27,15,96186
2562,pv_83_z_1,pv_83,ภูเก็ต,ภาคใต้,1,ทางเลือกใหม่,246,0.26,16,96186
2562,pv_83_z_1,pv_83,ภูเก็ต,ภาคใต้,1,รักษ์ผืนป่าประเทศไทย,222,0.23,17,96186
2562,pv_83_z_1,pv_83,ภูเก็ต,ภาคใต้,1,ประชาชนปฏิรูป,198,0.21,18,96186
2562,pv_83_z_1,pv_83,ภูเก็ต,ภาคใต้,1,ประชานิยม,160,0.17,19,96186
2562,pv_83_z_1,pv_83,ภูเก็ต,ภาคใต้,1,ไทรักธรรม,133,0.14,20,96186
2562,pv_83_z_1,pv_83,ภูเก็ต,ภาคใต้,1,ประชาภิวัฒน์,106,0.11,21,96186
2562,pv_83_z_1,pv_83,ภูเก็ต,ภาคใต้,1,ครูไทยเพื่อประชาชน,106,0.11,22,96186
2562,pv_83_z_1,pv_83,ภูเก็ต,ภาคใต้,1,พลังสหกรณ์,100,0.10,23,96186
2562,pv_83_z_1,pv_83,ภูเก็ต,ภาคใต้,1,พลังศรัทธา,82,0.09,24,96186
2562,pv_83_z_1,pv_83,ภูเก็ต,ภาคใต้,1,ประชาธรรมไทย,58,0.06,25,96186
2562,pv_83_z_1,pv_83,ภูเก็ต,ภาคใต้,1,พลังปวงชนไทย,49,0.05,26,96186
2562,pv_83_z_1,pv_83,ภูเก็ต,ภาคใต้,1,ไทยรักษาชาติ,0,0.00,27,96186
2562,pv_83_z_1,pv_83,ภูเก็ต,ภาคใต้,1,ผึ้งหลวง,0,0.00,28,96186
2562,pv_83_z_2,pv_83,ภูเก็ต,ภาคใต้,2,พลังประชารัฐ,27267,27.13,1,100493
2562,pv_83_z_2,pv_83,ภูเก็ต,ภาคใต้,2,ประชาธิปัตย์,23958,23.84,2,100493
2562,pv_83_z_2,pv_83,ภูเก็ต,ภาคใต้,2,อนาคตใหม่,19963,19.87,3,100493
2562,pv_83_z_2,pv_83,ภูเก็ต,ภาคใต้,2,เพื่อไทย,7449,7.41,4,100493
2562,pv_83_z_2,pv_83,ภูเก็ต,ภาคใต้,2,ภูมิใจไทย,4068,4.05,5,100493
2562,pv_83_z_2,pv_83,ภูเก็ต,ภาคใต้,2,เศรษฐกิจใหม่,3138,3.12,6,100493
2562,pv_83_z_2,pv_83,ภูเก็ต,ภาคใต้,2,ภราดรภาพ,3031,3.02,7,100493
2562,pv_83_z_2,pv_83,ภูเก็ต,ภาคใต้,2,ประชาชาติ,2489,2.48,8,100493
2562,pv_83_z_2,pv_83,ภูเก็ต,ภาคใต้,2,เสรีรวมไทย,2111,2.10,9,100493
2562,pv_83_z_2,pv_83,ภูเก็ต,ภาคใต้,2,ชาติไทยพัฒนา,1516,1.51,10,100493
2562,pv_83_z_2,pv_83,ภูเก็ต,ภาคใต้,2,พลังท้องถิ่นไท,876,0.87,11,100493
2562,pv_83_z_2,pv_83,ภูเก็ต,ภาคใต้,2,รวมพลังประชาชาติไทย,682,0.68,12,100493
2562,pv_83_z_2,pv_83,ภูเก็ต,ภาคใต้,2,ประชานิยม,523,0.52,13,100493
2562,pv_83_z_2,pv_83,ภูเก็ต,ภาคใต้,2,พลังชาติไทย,426,0.42,14,100493
2562,pv_83_z_2,pv_83,ภูเก็ต,ภาคใต้,2,รักษ์ผืนป่าประเทศไทย,374,0.37,15,100493
2562,pv_83_z_2,pv_83,ภูเก็ต,ภาคใต้,2,พลังปวงชนไทย,317,0.32,16,100493
2562,pv_83_z_2,pv_83,ภูเก็ต,ภาคใต้,2,ผึ้งหลวง,284,0.28,17,100493
2562,pv_83_z_2,pv_83,ภูเก็ต,ภาคใต้,2,พลังธรรมใหม่,278,0.28,18,100493
2562,pv_83_z_2,pv_83,ภูเก็ต,ภาคใต้,2,ประชาภิวัฒน์,276,0.27,19,100493
2562,pv_83_z_2,pv_83,ภูเก็ต,ภาคใต้,2,ทางเลือกใหม่,238,0.24,20,100493
2562,pv_83_z_2,pv_83,ภูเก็ต,ภาคใต้,2,พลังไทยรักไทย,176,0.18,21,100493
2562,pv_83_z_2,pv_83,ภูเก็ต,ภาคใต้,2,คลองไทย,159,0.16,22,100493
2562,pv_83_z_2,pv_83,ภูเก็ต,ภาคใต้,2,เพื่อชาติ,148,0.15,23,100493
2562,pv_83_z_2,pv_83,ภูเก็ต,ภาคใต้,2,ไทรักธรรม,140,0.14,24,100493
2562,pv_83_z_2,pv_83,ภูเก็ต,ภาคใต้,2,ครูไทยเพื่อประชาชน,131,0.13,25,100493
2562,pv_83_z_2,pv_83,ภูเก็ต,ภาคใต้,2,พลังสหกรณ์,129,0.13,26,100493
2562,pv_83_z_2,pv_83,ภูเก็ต,ภาคใต้,2,ประชาชนปฏิรูป,127,0.13,27,100493
2562,pv_83_z_2,pv_83,ภูเก็ต,ภาคใต้,2,ประชาธรรมไทย,81,0.08,28,100493
2562,pv_83_z_2,pv_83,ภูเก็ต,ภาคใต้,2,พลังสังคม,80,0.08,29,100493
2562,pv_83_z_2,pv_83,ภูเก็ต,ภาคใต้,2,พลังศรัทธา,58,0.06,30,100493
2562,pv_83_z_2,pv_83,ภูเก็ต,ภาคใต้,2,ไทยรักษาชาติ,0,0.00,31,100493
2562,pv_49_z_1,pv_49,มุกดาหาร,ภาคตะวันออกเฉียงเหนือ,1,เพื่อไทย,37937,39.88,1,95138
2562,pv_49_z_1,pv_49,มุกดาหาร,ภาคตะวันออกเฉียงเหนือ,1,พลังประชารัฐ,22884,24.05,2,95138
2562,pv_49_z_1,pv_49,มุกดาหาร,ภาคตะวันออกเฉียงเหนือ,1,อนาคตใหม่,18663,19.62,3,95138
2562,pv_49_z_1,pv_49,มุกดาหาร,ภาคตะวันออกเฉียงเหนือ,1,เสรีรวมไทย,6160,6.47,4,95138
2562,pv_49_z_1,pv_49,มุกดาหาร,ภาคตะวันออกเฉียงเหนือ,1,ภูมิใจไทย,1165,1.22,5,95138
2562,pv_49_z_1,pv_49,มุกดาหาร,ภาคตะวันออกเฉียงเหนือ,1,พลังปวงชนไทย,921,0.97,6,95138
2562,pv_49_z_1,pv_49,มุกดาหาร,ภาคตะวันออกเฉียงเหนือ,1,ประชาธิปัตย์,826,0.87,7,95138
2562,pv_49_z_1,pv_49,มุกดาหาร,ภาคตะวันออกเฉียงเหนือ,1,เพื่อชาติ,813,0.85,8,95138
2562,pv_49_z_1,pv_49,มุกดาหาร,ภาคตะวันออกเฉียงเหนือ,1,เศรษฐกิจใหม่,708,0.74,9,95138
2562,pv_49_z_1,pv_49,มุกดาหาร,ภาคตะวันออกเฉียงเหนือ,1,เพื่อคนไทย,605,0.64,10,95138
2562,pv_49_z_1,pv_49,มุกดาหาร,ภาคตะวันออกเฉียงเหนือ,1,เพื่อแผ่นดิน,426,0.45,11,95138
2562,pv_49_z_1,pv_49,มุกดาหาร,ภาคตะวันออกเฉียงเหนือ,1,ไทยศรีวิไลย์,412,0.43,12,95138
2562,pv_49_z_1,pv_49,มุกดาหาร,ภาคตะวันออกเฉียงเหนือ,1,พลังไทยรักไทย,334,0.35,13,95138
2562,pv_49_z_1,pv_49,มุกดาหาร,ภาคตะวันออกเฉียงเหนือ,1,ครูไทยเพื่อประชาชน,325,0.34,14,95138
2562,pv_49_z_1,pv_49,มุกดาหาร,ภาคตะวันออกเฉียงเหนือ,1,ประชานิยม,309,0.32,15,95138
2562,pv_49_z_1,pv_49,มุกดาหาร,ภาคตะวันออกเฉียงเหนือ,1,พลังแผ่นดินทอง,306,0.32,16,95138
2562,pv_49_z_1,pv_49,มุกดาหาร,ภาคตะวันออกเฉียงเหนือ,1,ชาติไทยพัฒนา,268,0.28,17,95138
2562,pv_49_z_1,pv_49,มุกดาหาร,ภาคตะวันออกเฉียงเหนือ,1,ประชาชาติ,228,0.24,18,95138
2562,pv_49_z_1,pv_49,มุกดาหาร,ภาคตะวันออกเฉียงเหนือ,1,พลังชาติไทย,220,0.23,19,95138
2562,pv_49_z_1,pv_49,มุกดาหาร,ภาคตะวันออกเฉียงเหนือ,1,พลังท้องถิ่นไท,196,0.21,20,95138
2562,pv_49_z_1,pv_49,มุกดาหาร,ภาคตะวันออกเฉียงเหนือ,1,ประชาธรรมไทย,184,0.19,21,95138
2562,pv_49_z_1,pv_49,มุกดาหาร,ภาคตะวันออกเฉียงเหนือ,1,รวมใจไทย,183,0.19,22,95138
2562,pv_49_z_1,pv_49,มุกดาหาร,ภาคตะวันออกเฉียงเหนือ,1,รวมพลังประชาชาติไทย,155,0.16,23,95138
2562,pv_49_z_1,pv_49,มุกดาหาร,ภาคตะวันออกเฉียงเหนือ,1,พลังธรรมใหม่,152,0.16,24,95138
2562,pv_49_z_1,pv_49,มุกดาหาร,ภาคตะวันออกเฉียงเหนือ,1,พลเมืองไทย,141,0.15,25,95138
2562,pv_49_z_1,pv_49,มุกดาหาร,ภาคตะวันออกเฉียงเหนือ,1,พลังสังคม,118,0.12,26,95138
2562,pv_49_z_1,pv_49,มุกดาหาร,ภาคตะวันออกเฉียงเหนือ,1,ประชาชนปฏิรูป,105,0.11,27,95138
2562,pv_49_z_1,pv_49,มุกดาหาร,ภาคตะวันออกเฉียงเหนือ,1,ประชาภิวัฒน์,99,0.10,28,95138
2562,pv_49_z_1,pv_49,มุกดาหาร,ภาคตะวันออกเฉียงเหนือ,1,รักษ์ผืนป่าประเทศไทย,84,0.09,29,95138
2562,pv_49_z_1,pv_49,มุกดาหาร,ภาคตะวันออกเฉียงเหนือ,1,ประชาธิปไตยใหม่,63,0.07,30,95138
2562,pv_49_z_1,pv_49,มุกดาหาร,ภาคตะวันออกเฉียงเหนือ,1,ชาติพัฒนา,56,0.06,31,95138
2562,pv_49_z_1,pv_49,มุกดาหาร,ภาคตะวันออกเฉียงเหนือ,1,ภูมิพลังเกษตรกรไทย,51,0.05,32,95138
2562,pv_49_z_1,pv_49,มุกดาหาร,ภาคตะวันออกเฉียงเหนือ,1,ไทรักธรรม,41,0.04,33,95138
2562,pv_49_z_1,pv_49,มุกดาหาร,ภาคตะวันออกเฉียงเหนือ,1,เพื่อนไทย,0,0.00,34,95138
2562,pv_49_z_1,pv_49,มุกดาหาร,ภาคตะวันออกเฉียงเหนือ,1,ไทยรักษาชาติ,0,0.00,35,95138
2562,pv_49_z_2,pv_49,มุกดาหาร,ภาคตะวันออกเฉียงเหนือ,2,เพื่อไทย,34040,36.53,1,93171
2562,pv_49_z_2,pv_49,มุกดาหาร,ภาคตะวันออกเฉียงเหนือ,2,พลังประชารัฐ,18327,19.67,2,93171
2562,pv_49_z_2,pv_49,มุกดาหาร,ภาคตะวันออกเฉียงเหนือ,2,อนาคตใหม่,13620,14.62,3,93171
2562,pv_49_z_2,pv_49,มุกดาหาร,ภาคตะวันออกเฉียงเหนือ,2,เพื่อชาติ,7954,8.54,4,93171
2562,pv_49_z_2,pv_49,มุกดาหาร,ภาคตะวันออกเฉียงเหนือ,2,ภูมิใจไทย,3675,3.94,5,93171
2562,pv_49_z_2,pv_49,มุกดาหาร,ภาคตะวันออกเฉียงเหนือ,2,ชาติไทยพัฒนา,3495,3.75,6,93171
2562,pv_49_z_2,pv_49,มุกดาหาร,ภาคตะวันออกเฉียงเหนือ,2,เสรีรวมไทย,3133,3.36,7,93171
2562,pv_49_z_2,pv_49,มุกดาหาร,ภาคตะวันออกเฉียงเหนือ,2,ประชาธิปัตย์,1134,1.22,8,93171
2562,pv_49_z_2,pv_49,มุกดาหาร,ภาคตะวันออกเฉียงเหนือ,2,เศรษฐกิจใหม่,1095,1.18,9,93171
2562,pv_49_z_2,pv_49,มุกดาหาร,ภาคตะวันออกเฉียงเหนือ,2,รวมใจไทย,1034,1.11,10,93171
2562,pv_49_z_2,pv_49,มุกดาหาร,ภาคตะวันออกเฉียงเหนือ,2,ครูไทยเพื่อประชาชน,546,0.59,11,93171
2562,pv_49_z_2,pv_49,มุกดาหาร,ภาคตะวันออกเฉียงเหนือ,2,เพื่อคนไทย,538,0.58,12,93171
2562,pv_49_z_2,pv_49,มุกดาหาร,ภาคตะวันออกเฉียงเหนือ,2,พลังแผ่นดินทอง,526,0.56,13,93171
2562,pv_49_z_2,pv_49,มุกดาหาร,ภาคตะวันออกเฉียงเหนือ,2,ความหวังใหม่,375,0.40,14,93171
2562,pv_49_z_2,pv_49,มุกดาหาร,ภาคตะวันออกเฉียงเหนือ,2,ประชานิยม,333,0.36,15,93171
2562,pv_49_z_2,pv_49,มุกดาหาร,ภาคตะวันออกเฉียงเหนือ,2,ประชาชาติ,332,0.36,16,93171
2562,pv_49_z_2,pv_49,มุกดาหาร,ภาคตะวันออกเฉียงเหนือ,2,ประชาธิปไตยใหม่,253,0.27,17,93171
2562,pv_49_z_2,pv_49,มุกดาหาร,ภาคตะวันออกเฉียงเหนือ,2,ไทยศรีวิไลย์,232,0.25,18,93171
2562,pv_49_z_2,pv_49,มุกดาหาร,ภาคตะวันออกเฉียงเหนือ,2,พลังท้องถิ่นไท,230,0.25,19,93171
2562,pv_49_z_2,pv_49,มุกดาหาร,ภาคตะวันออกเฉียงเหนือ,2,พลังชาติไทย,225,0.24,20,93171
2562,pv_49_z_2,pv_49,มุกดาหาร,ภาคตะวันออกเฉียงเหนือ,2,พลังไทยรักไทย,221,0.24,21,93171
2562,pv_49_z_2,pv_49,มุกดาหาร,ภาคตะวันออกเฉียงเหนือ,2,ภูมิพลังเกษตรกรไทย,212,0.23,22,93171
2562,pv_49_z_2,pv_49,มุกดาหาร,ภาคตะวันออกเฉียงเหนือ,2,พลังปวงชนไทย,207,0.22,23,93171
2562,pv_49_z_2,pv_49,มุกดาหาร,ภาคตะวันออกเฉียงเหนือ,2,เพื่อชีวิตใหม่,201,0.22,24,93171
2562,pv_49_z_2,pv_49,มุกดาหาร,ภาคตะวันออกเฉียงเหนือ,2,ประชาธรรมไทย,155,0.17,25,93171
2562,pv_49_z_2,pv_49,มุกดาหาร,ภาคตะวันออกเฉียงเหนือ,2,พลังธรรมใหม่,149,0.16,26,93171
2562,pv_49_z_2,pv_49,มุกดาหาร,ภาคตะวันออกเฉียงเหนือ,2,ชาติพัฒนา,148,0.16,27,93171
2562,pv_49_z_2,pv_49,มุกดาหาร,ภาคตะวันออกเฉียงเหนือ,2,ประชาภิวัฒน์,144,0.15,28,93171
2562,pv_49_z_2,pv_49,มุกดาหาร,ภาคตะวันออกเฉียงเหนือ,2,ประชาชนปฏิรูป,128,0.14,29,93171
2562,pv_49_z_2,pv_49,มุกดาหาร,ภาคตะวันออกเฉียงเหนือ,2,รวมพลังประชาชาติไทย,105,0.11,30,93171
2562,pv_49_z_2,pv_49,มุกดาหาร,ภาคตะวันออกเฉียงเหนือ,2,ไทรักธรรม,84,0.09,31,93171
2562,pv_49_z_2,pv_49,มุกดาหาร,ภาคตะวันออกเฉียงเหนือ,2,รักษ์ผืนป่าประเทศไทย,81,0.09,32,93171
2562,pv_49_z_2,pv_49,มุกดาหาร,ภาคตะวันออกเฉียงเหนือ,2,ประชาไทย,77,0.08,33,93171
2562,pv_49_z_2,pv_49,มุกดาหาร,ภาคตะวันออกเฉียงเหนือ,2,ทางเลือกใหม่,60,0.06,34,93171
2562,pv_49_z_2,pv_49,มุกดาหาร,ภาคตะวันออกเฉียงเหนือ,2,พลังประชาธิปไตย,51,0.05,35,93171
2562,pv_49_z_2,pv_49,มุกดาหาร,ภาคตะวันออกเฉียงเหนือ,2,พลเมืองไทย,29,0.03,36,93171
2562,pv_49_z_2,pv_49,มุกดาหาร,ภาคตะวันออกเฉียงเหนือ,2,ผึ้งหลวง,22,0.02,37,93171
2562,pv_49_z_2,pv_49,มุกดาหาร,ภาคตะวันออกเฉียงเหนือ,2,เพื่อนไทย,0,0.00,38,93171
2562,pv_44_z_1,pv_44,มหาสารคาม,ภาคตะวันออกเฉียงเหนือ,1,เพื่อไทย,45366,39.87,1,113787
2562,pv_44_z_1,pv_44,มหาสารคาม,ภาคตะวันออกเฉียงเหนือ,1,อนาคตใหม่,23679,20.81,2,113787
2562,pv_44_z_1,pv_44,มหาสารคาม,ภาคตะวันออกเฉียงเหนือ,1,พลังประชารัฐ,22805,20.04,3,113787
2562,pv_44_z_1,pv_44,มหาสารคาม,ภาคตะวันออกเฉียงเหนือ,1,ภูมิใจไทย,9526,8.37,4,113787
2562,pv_44_z_1,pv_44,มหาสารคาม,ภาคตะวันออกเฉียงเหนือ,1,ประชาชาติ,3057,2.69,5,113787
2562,pv_44_z_1,pv_44,มหาสารคาม,ภาคตะวันออกเฉียงเหนือ,1,ประชาธิปัตย์,2468,2.17,6,113787
2562,pv_44_z_1,pv_44,มหาสารคาม,ภาคตะวันออกเฉียงเหนือ,1,เสรีรวมไทย,1550,1.36,7,113787
2562,pv_44_z_1,pv_44,มหาสารคาม,ภาคตะวันออกเฉียงเหนือ,1,เศรษฐกิจใหม่,1068,0.94,8,113787
2562,pv_44_z_1,pv_44,มหาสารคาม,ภาคตะวันออกเฉียงเหนือ,1,เพื่อคนไทย,461,0.41,9,113787
2562,pv_44_z_1,pv_44,มหาสารคาม,ภาคตะวันออกเฉียงเหนือ,1,มหาชน,331,0.29,10,113787
2562,pv_44_z_1,pv_44,มหาสารคาม,ภาคตะวันออกเฉียงเหนือ,1,ประชาภิวัฒน์,288,0.25,11,113787
2562,pv_44_z_1,pv_44,มหาสารคาม,ภาคตะวันออกเฉียงเหนือ,1,ประชานิยม,284,0.25,12,113787
2562,pv_44_z_1,pv_44,มหาสารคาม,ภาคตะวันออกเฉียงเหนือ,1,ประชาธิปไตยใหม่,258,0.23,13,113787
2562,pv_44_z_1,pv_44,มหาสารคาม,ภาคตะวันออกเฉียงเหนือ,1,แทนคุณแผ่นดิน,258,0.23,14,113787
2562,pv_44_z_1,pv_44,มหาสารคาม,ภาคตะวันออกเฉียงเหนือ,1,ชาติพัฒนา,235,0.21,15,113787
2562,pv_44_z_1,pv_44,มหาสารคาม,ภาคตะวันออกเฉียงเหนือ,1,พลังท้องถิ่นไท,209,0.18,16,113787
2562,pv_44_z_1,pv_44,มหาสารคาม,ภาคตะวันออกเฉียงเหนือ,1,สยามพัฒนา,186,0.16,17,113787
2562,pv_44_z_1,pv_44,มหาสารคาม,ภาคตะวันออกเฉียงเหนือ,1,พลเมืองไทย,182,0.16,18,113787
2562,pv_44_z_1,pv_44,มหาสารคาม,ภาคตะวันออกเฉียงเหนือ,1,รักษ์ผืนป่าประเทศไทย,181,0.16,19,113787
2562,pv_44_z_1,pv_44,มหาสารคาม,ภาคตะวันออกเฉียงเหนือ,1,เพื่อชาติ,174,0.15,20,113787
2562,pv_44_z_1,pv_44,มหาสารคาม,ภาคตะวันออกเฉียงเหนือ,1,รวมพลังประชาชาติไทย,140,0.12,21,113787
2562,pv_44_z_1,pv_44,มหาสารคาม,ภาคตะวันออกเฉียงเหนือ,1,พลังปวงชนไทย,140,0.12,22,113787
2562,pv_44_z_1,pv_44,มหาสารคาม,ภาคตะวันออกเฉียงเหนือ,1,ไทยศรีวิไลย์,121,0.11,23,113787
2562,pv_44_z_1,pv_44,มหาสารคาม,ภาคตะวันออกเฉียงเหนือ,1,กลาง,113,0.10,24,113787
2562,pv_44_z_1,pv_44,มหาสารคาม,ภาคตะวันออกเฉียงเหนือ,1,ประชาชนปฏิรูป,88,0.08,25,113787
2562,pv_44_z_1,pv_44,มหาสารคาม,ภาคตะวันออกเฉียงเหนือ,1,แผ่นดินธรรม,84,0.07,26,113787
2562,pv_44_z_1,pv_44,มหาสารคาม,ภาคตะวันออกเฉียงเหนือ,1,ภาคีเครือข่ายไทย,69,0.06,27,113787
2562,pv_44_z_1,pv_44,มหาสารคาม,ภาคตะวันออกเฉียงเหนือ,1,พลังไทยรักไทย,60,0.05,28,113787
2562,pv_44_z_1,pv_44,มหาสารคาม,ภาคตะวันออกเฉียงเหนือ,1,ชาติไทยพัฒนา,57,0.05,29,113787
2562,pv_44_z_1,pv_44,มหาสารคาม,ภาคตะวันออกเฉียงเหนือ,1,เพื่อไทยพัฒนา,56,0.05,30,113787
2562,pv_44_z_1,pv_44,มหาสารคาม,ภาคตะวันออกเฉียงเหนือ,1,ครูไทยเพื่อประชาชน,55,0.05,31,113787
2562,pv_44_z_1,pv_44,มหาสารคาม,ภาคตะวันออกเฉียงเหนือ,1,ผึ้งหลวง,55,0.05,32,113787
2562,pv_44_z_1,pv_44,มหาสารคาม,ภาคตะวันออกเฉียงเหนือ,1,พลังประชาธิปไตย,42,0.04,33,113787
2562,pv_44_z_1,pv_44,มหาสารคาม,ภาคตะวันออกเฉียงเหนือ,1,พลังชาติไทย,32,0.03,34,113787
2562,pv_44_z_1,pv_44,มหาสารคาม,ภาคตะวันออกเฉียงเหนือ,1,พลังสังคม,31,0.03,35,113787
2562,pv_44_z_1,pv_44,มหาสารคาม,ภาคตะวันออกเฉียงเหนือ,1,พลังไทสร้างชาติ,25,0.02,36,113787
2562,pv_44_z_1,pv_44,มหาสารคาม,ภาคตะวันออกเฉียงเหนือ,1,ประชาธรรมไทย,21,0.02,37,113787
2562,pv_44_z_1,pv_44,มหาสารคาม,ภาคตะวันออกเฉียงเหนือ,1,ไทรักธรรม,20,0.02,38,113787
2562,pv_44_z_1,pv_44,มหาสารคาม,ภาคตะวันออกเฉียงเหนือ,1,ประชากรไทย,12,0.01,39,113787
2562,pv_44_z_1,pv_44,มหาสารคาม,ภาคตะวันออกเฉียงเหนือ,1,เพื่อนไทย,0,0.00,40,113787
2562,pv_44_z_1,pv_44,มหาสารคาม,ภาคตะวันออกเฉียงเหนือ,1,ไทยรักษาชาติ,0,0.00,41,113787
2562,pv_44_z_2,pv_44,มหาสารคาม,ภาคตะวันออกเฉียงเหนือ,2,เพื่อไทย,39758,39.80,1,99895
2562,pv_44_z_2,pv_44,มหาสารคาม,ภาคตะวันออกเฉียงเหนือ,2,ภูมิใจไทย,25324,25.35,2,99895
2562,pv_44_z_2,pv_44,มหาสารคาม,ภาคตะวันออกเฉียงเหนือ,2,พลังประชารัฐ,12869,12.88,3,99895
2562,pv_44_z_2,pv_44,มหาสารคาม,ภาคตะวันออกเฉียงเหนือ,2,อนาคตใหม่,12642,12.66,4,99895
2562,pv_44_z_2,pv_44,มหาสารคาม,ภาคตะวันออกเฉียงเหนือ,2,ประชาธิปัตย์,1133,1.13,5,99895
2562,pv_44_z_2,pv_44,มหาสารคาม,ภาคตะวันออกเฉียงเหนือ,2,เสรีรวมไทย,934,0.93,6,99895
2562,pv_44_z_2,pv_44,มหาสารคาม,ภาคตะวันออกเฉียงเหนือ,2,เศรษฐกิจใหม่,871,0.87,7,99895
2562,pv_44_z_2,pv_44,มหาสารคาม,ภาคตะวันออกเฉียงเหนือ,2,พลังท้องถิ่นไท,684,0.68,8,99895
2562,pv_44_z_2,pv_44,มหาสารคาม,ภาคตะวันออกเฉียงเหนือ,2,พลังสังคม,669,0.67,9,99895
2562,pv_44_z_2,pv_44,มหาสารคาม,ภาคตะวันออกเฉียงเหนือ,2,ไทรักธรรม,628,0.63,10,99895
2562,pv_44_z_2,pv_44,มหาสารคาม,ภาคตะวันออกเฉียงเหนือ,2,เพื่อคนไทย,516,0.52,11,99895
2562,pv_44_z_2,pv_44,มหาสารคาม,ภาคตะวันออกเฉียงเหนือ,2,ชาติพัฒนา,508,0.51,12,99895
2562,pv_44_z_2,pv_44,มหาสารคาม,ภาคตะวันออกเฉียงเหนือ,2,ผึ้งหลวง,430,0.43,13,99895
2562,pv_44_z_2,pv_44,มหาสารคาม,ภาคตะวันออกเฉียงเหนือ,2,เพื่อชาติ,298,0.30,14,99895
2562,pv_44_z_2,pv_44,มหาสารคาม,ภาคตะวันออกเฉียงเหนือ,2,พลังไทยรักไทย,284,0.28,15,99895
2562,pv_44_z_2,pv_44,มหาสารคาม,ภาคตะวันออกเฉียงเหนือ,2,ประชาธรรมไทย,269,0.27,16,99895
2562,pv_44_z_2,pv_44,มหาสารคาม,ภาคตะวันออกเฉียงเหนือ,2,ประชานิยม,253,0.25,17,99895
2562,pv_44_z_2,pv_44,มหาสารคาม,ภาคตะวันออกเฉียงเหนือ,2,รักษ์ผืนป่าประเทศไทย,225,0.23,18,99895
2562,pv_44_z_2,pv_44,มหาสารคาม,ภาคตะวันออกเฉียงเหนือ,2,รวมพลังประชาชาติไทย,164,0.16,19,99895
2562,pv_44_z_2,pv_44,มหาสารคาม,ภาคตะวันออกเฉียงเหนือ,2,ไทยศรีวิไลย์,156,0.16,20,99895
2562,pv_44_z_2,pv_44,มหาสารคาม,ภาคตะวันออกเฉียงเหนือ,2,ประชาภิวัฒน์,153,0.15,21,99895
2562,pv_44_z_2,pv_44,มหาสารคาม,ภาคตะวันออกเฉียงเหนือ,2,พลเมืองไทย,125,0.13,22,99895
2562,pv_44_z_2,pv_44,มหาสารคาม,ภาคตะวันออกเฉียงเหนือ,2,พลังชาติไทย,114,0.11,23,99895
2562,pv_44_z_2,pv_44,มหาสารคาม,ภาคตะวันออกเฉียงเหนือ,2,เครือข่ายชาวนาแห่งประเทศไทย,107,0.11,24,99895
2562,pv_44_z_2,pv_44,มหาสารคาม,ภาคตะวันออกเฉียงเหนือ,2,เพื่อไทยพัฒนา,106,0.11,25,99895
2562,pv_44_z_2,pv_44,มหาสารคาม,ภาคตะวันออกเฉียงเหนือ,2,ชาติไทยพัฒนา,104,0.10,26,99895
2562,pv_44_z_2,pv_44,มหาสารคาม,ภาคตะวันออกเฉียงเหนือ,2,พลังไทสร้างชาติ,102,0.10,27,99895
2562,pv_44_z_2,pv_44,มหาสารคาม,ภาคตะวันออกเฉียงเหนือ,2,พลังประชาธิปไตย,98,0.10,28,99895
2562,pv_44_z_2,pv_44,มหาสารคาม,ภาคตะวันออกเฉียงเหนือ,2,ประชาชนปฏิรูป,67,0.07,29,99895
2562,pv_44_z_2,pv_44,มหาสารคาม,ภาคตะวันออกเฉียงเหนือ,2,ครูไทยเพื่อประชาชน,66,0.07,30,99895
2562,pv_44_z_2,pv_44,มหาสารคาม,ภาคตะวันออกเฉียงเหนือ,2,พลังปวงชนไทย,59,0.06,31,99895
2562,pv_44_z_2,pv_44,มหาสารคาม,ภาคตะวันออกเฉียงเหนือ,2,ทางเลือกใหม่,40,0.04,32,99895
2562,pv_44_z_2,pv_44,มหาสารคาม,ภาคตะวันออกเฉียงเหนือ,2,พลังแผ่นดินทอง,37,0.04,33,99895
2562,pv_44_z_2,pv_44,มหาสารคาม,ภาคตะวันออกเฉียงเหนือ,2,ภาคีเครือข่ายไทย,37,0.04,34,99895
2562,pv_44_z_2,pv_44,มหาสารคาม,ภาคตะวันออกเฉียงเหนือ,2,แผ่นดินธรรม,35,0.04,35,99895
2562,pv_44_z_2,pv_44,มหาสารคาม,ภาคตะวันออกเฉียงเหนือ,2,มหาชน,30,0.03,36,99895
2562,pv_44_z_2,pv_44,มหาสารคาม,ภาคตะวันออกเฉียงเหนือ,2,เพื่อนไทย,0,0.00,37,99895
2562,pv_44_z_2,pv_44,มหาสารคาม,ภาคตะวันออกเฉียงเหนือ,2,ไทยรักษาชาติ,0,0.00,38,99895
2562,pv_44_z_2,pv_44,มหาสารคาม,ภาคตะวันออกเฉียงเหนือ,2,แทนคุณแผ่นดิน,0,0.00,39,99895
2562,pv_44_z_3,pv_44,มหาสารคาม,ภาคตะวันออกเฉียงเหนือ,3,เพื่อไทย,36310,36.63,1,99126
2562,pv_44_z_3,pv_44,มหาสารคาม,ภาคตะวันออกเฉียงเหนือ,3,ภูมิใจไทย,26738,26.97,2,99126
2562,pv_44_z_3,pv_44,มหาสารคาม,ภาคตะวันออกเฉียงเหนือ,3,พลังประชารัฐ,16586,16.73,3,99126
2562,pv_44_z_3,pv_44,มหาสารคาม,ภาคตะวันออกเฉียงเหนือ,3,อนาคตใหม่,10617,10.71,4,99126
2562,pv_44_z_3,pv_44,มหาสารคาม,ภาคตะวันออกเฉียงเหนือ,3,เสรีรวมไทย,1603,1.62,5,99126
2562,pv_44_z_3,pv_44,มหาสารคาม,ภาคตะวันออกเฉียงเหนือ,3,ประชาธิปัตย์,1518,1.53,6,99126
2562,pv_44_z_3,pv_44,มหาสารคาม,ภาคตะวันออกเฉียงเหนือ,3,พลังสังคม,643,0.65,7,99126
2562,pv_44_z_3,pv_44,มหาสารคาม,ภาคตะวันออกเฉียงเหนือ,3,มหาชน,609,0.61,8,99126
2562,pv_44_z_3,pv_44,มหาสารคาม,ภาคตะวันออกเฉียงเหนือ,3,เศรษฐกิจใหม่,546,0.55,9,99126
2562,pv_44_z_3,pv_44,มหาสารคาม,ภาคตะวันออกเฉียงเหนือ,3,เพื่อคนไทย,533,0.54,10,99126
2562,pv_44_z_3,pv_44,มหาสารคาม,ภาคตะวันออกเฉียงเหนือ,3,ชาติพัฒนา,470,0.47,11,99126
2562,pv_44_z_3,pv_44,มหาสารคาม,ภาคตะวันออกเฉียงเหนือ,3,ผึ้งหลวง,363,0.37,12,99126
2562,pv_44_z_3,pv_44,มหาสารคาม,ภาคตะวันออกเฉียงเหนือ,3,ทางเลือกใหม่,361,0.36,13,99126
2562,pv_44_z_3,pv_44,มหาสารคาม,ภาคตะวันออกเฉียงเหนือ,3,พลังท้องถิ่นไท,280,0.28,14,99126
2562,pv_44_z_3,pv_44,มหาสารคาม,ภาคตะวันออกเฉียงเหนือ,3,ประชาภิวัฒน์,251,0.25,15,99126
2562,pv_44_z_3,pv_44,มหาสารคาม,ภาคตะวันออกเฉียงเหนือ,3,สยามพัฒนา,249,0.25,16,99126
2562,pv_44_z_3,pv_44,มหาสารคาม,ภาคตะวันออกเฉียงเหนือ,3,พลังชาติไทย,246,0.25,17,99126
2562,pv_44_z_3,pv_44,มหาสารคาม,ภาคตะวันออกเฉียงเหนือ,3,ครูไทยเพื่อประชาชน,187,0.19,18,99126
2562,pv_44_z_3,pv_44,มหาสารคาม,ภาคตะวันออกเฉียงเหนือ,3,รวมพลังประชาชาติไทย,165,0.17,19,99126
2562,pv_44_z_3,pv_44,มหาสารคาม,ภาคตะวันออกเฉียงเหนือ,3,เพื่อชาติ,135,0.14,20,99126
2562,pv_44_z_3,pv_44,มหาสารคาม,ภาคตะวันออกเฉียงเหนือ,3,พลเมืองไทย,119,0.12,21,99126
2562,pv_44_z_3,pv_44,มหาสารคาม,ภาคตะวันออกเฉียงเหนือ,3,ประชาธรรมไทย,113,0.11,22,99126
2562,pv_44_z_3,pv_44,มหาสารคาม,ภาคตะวันออกเฉียงเหนือ,3,ไทยศรีวิไลย์,100,0.10,23,99126
2562,pv_44_z_3,pv_44,มหาสารคาม,ภาคตะวันออกเฉียงเหนือ,3,พลังปวงชนไทย,58,0.06,24,99126
2562,pv_44_z_3,pv_44,มหาสารคาม,ภาคตะวันออกเฉียงเหนือ,3,รักษ์ผืนป่าประเทศไทย,51,0.05,25,99126
2562,pv_44_z_3,pv_44,มหาสารคาม,ภาคตะวันออกเฉียงเหนือ,3,ภาคีเครือข่ายไทย,50,0.05,26,99126
2562,pv_44_z_3,pv_44,มหาสารคาม,ภาคตะวันออกเฉียงเหนือ,3,เพื่อไทยพัฒนา,49,0.05,27,99126
2562,pv_44_z_3,pv_44,มหาสารคาม,ภาคตะวันออกเฉียงเหนือ,3,ชาติไทยพัฒนา,40,0.04,28,99126
2562,pv_44_z_3,pv_44,มหาสารคาม,ภาคตะวันออกเฉียงเหนือ,3,ไทรักธรรม,38,0.04,29,99126
2562,pv_44_z_3,pv_44,มหาสารคาม,ภาคตะวันออกเฉียงเหนือ,3,ประชานิยม,35,0.04,30,99126
2562,pv_44_z_3,pv_44,มหาสารคาม,ภาคตะวันออกเฉียงเหนือ,3,ประชาชนปฏิรูป,32,0.03,31,99126
2562,pv_44_z_3,pv_44,มหาสารคาม,ภาคตะวันออกเฉียงเหนือ,3,แทนคุณแผ่นดิน,31,0.03,32,99126
2562,pv_44_z_3,pv_44,มหาสารคาม,ภาคตะวันออกเฉียงเหนือ,3,เพื่อนไทย,0,0.00,33,99126
2562,pv_44_z_3,pv_44,มหาสารคาม,ภาคตะวันออกเฉียงเหนือ,3,ไทยรักษาชาติ,0,0.00,34,99126
2562,pv_44_z_4,pv_44,มหาสารคาม,ภาคตะวันออกเฉียงเหนือ,4,เพื่อไทย,43368,42.83,1,101257
2562,pv_44_z_4,pv_44,มหาสารคาม,ภาคตะวันออกเฉียงเหนือ,4,พลังประชารัฐ,21195,20.93,2,101257
2562,pv_44_z_4,pv_44,มหาสารคาม,ภาคตะวันออกเฉียงเหนือ,4,อนาคตใหม่,14909,14.72,3,101257
2562,pv_44_z_4,pv_44,มหาสารคาม,ภาคตะวันออกเฉียงเหนือ,4,เพื่อชาติ,9744,9.62,4,101257
2562,pv_44_z_4,pv_44,มหาสารคาม,ภาคตะวันออกเฉียงเหนือ,4,ภูมิใจไทย,1913,1.89,5,101257
2562,pv_44_z_4,pv_44,มหาสารคาม,ภาคตะวันออกเฉียงเหนือ,4,ประชาธิปัตย์,1542,1.52,6,101257
2562,pv_44_z_4,pv_44,มหาสารคาม,ภาคตะวันออกเฉียงเหนือ,4,เศรษฐกิจใหม่,1309,1.29,7,101257
2562,pv_44_z_4,pv_44,มหาสารคาม,ภาคตะวันออกเฉียงเหนือ,4,เสรีรวมไทย,1277,1.26,8,101257
2562,pv_44_z_4,pv_44,มหาสารคาม,ภาคตะวันออกเฉียงเหนือ,4,พลังชาติไทย,950,0.94,9,101257
2562,pv_44_z_4,pv_44,มหาสารคาม,ภาคตะวันออกเฉียงเหนือ,4,พลเมืองไทย,715,0.71,10,101257
2562,pv_44_z_4,pv_44,มหาสารคาม,ภาคตะวันออกเฉียงเหนือ,4,พลังไทสร้างชาติ,562,0.56,11,101257
2562,pv_44_z_4,pv_44,มหาสารคาม,ภาคตะวันออกเฉียงเหนือ,4,ประชาภิวัฒน์,346,0.34,12,101257
2562,pv_44_z_4,pv_44,มหาสารคาม,ภาคตะวันออกเฉียงเหนือ,4,ชาติพัฒนา,334,0.33,13,101257
2562,pv_44_z_4,pv_44,มหาสารคาม,ภาคตะวันออกเฉียงเหนือ,4,พลังไทยรักไทย,328,0.32,14,101257
2562,pv_44_z_4,pv_44,มหาสารคาม,ภาคตะวันออกเฉียงเหนือ,4,ประชาชนปฏิรูป,326,0.32,15,101257
2562,pv_44_z_4,pv_44,มหาสารคาม,ภาคตะวันออกเฉียงเหนือ,4,ไทยศรีวิไลย์,283,0.28,16,101257
2562,pv_44_z_4,pv_44,มหาสารคาม,ภาคตะวันออกเฉียงเหนือ,4,ทางเลือกใหม่,253,0.25,17,101257
2562,pv_44_z_4,pv_44,มหาสารคาม,ภาคตะวันออกเฉียงเหนือ,4,พลังปวงชนไทย,235,0.23,18,101257
2562,pv_44_z_4,pv_44,มหาสารคาม,ภาคตะวันออกเฉียงเหนือ,4,พลังสังคม,200,0.20,19,101257
2562,pv_44_z_4,pv_44,มหาสารคาม,ภาคตะวันออกเฉียงเหนือ,4,พลังท้องถิ่นไท,166,0.16,20,101257
2562,pv_44_z_4,pv_44,มหาสารคาม,ภาคตะวันออกเฉียงเหนือ,4,รวมพลังประชาชาติไทย,163,0.16,21,101257
2562,pv_44_z_4,pv_44,มหาสารคาม,ภาคตะวันออกเฉียงเหนือ,4,พลังประชาธิปไตย,158,0.16,22,101257
2562,pv_44_z_4,pv_44,มหาสารคาม,ภาคตะวันออกเฉียงเหนือ,4,รักษ์ผืนป่าประเทศไทย,141,0.14,23,101257
2562,pv_44_z_4,pv_44,มหาสารคาม,ภาคตะวันออกเฉียงเหนือ,4,ไทรักธรรม,99,0.10,24,101257
2562,pv_44_z_4,pv_44,มหาสารคาม,ภาคตะวันออกเฉียงเหนือ,4,ชาติไทยพัฒนา,94,0.09,25,101257
2562,pv_44_z_4,pv_44,มหาสารคาม,ภาคตะวันออกเฉียงเหนือ,4,ประชากรไทย,87,0.09,26,101257
2562,pv_44_z_4,pv_44,มหาสารคาม,ภาคตะวันออกเฉียงเหนือ,4,สยามพัฒนา,75,0.07,27,101257
2562,pv_44_z_4,pv_44,มหาสารคาม,ภาคตะวันออกเฉียงเหนือ,4,ประชานิยม,67,0.07,28,101257
2562,pv_44_z_4,pv_44,มหาสารคาม,ภาคตะวันออกเฉียงเหนือ,4,กลาง,60,0.06,29,101257
2562,pv_44_z_4,pv_44,มหาสารคาม,ภาคตะวันออกเฉียงเหนือ,4,แทนคุณแผ่นดิน,57,0.06,30,101257
2562,pv_44_z_4,pv_44,มหาสารคาม,ภาคตะวันออกเฉียงเหนือ,4,ครูไทยเพื่อประชาชน,56,0.06,31,101257
2562,pv_44_z_4,pv_44,มหาสารคาม,ภาคตะวันออกเฉียงเหนือ,4,มหาชน,55,0.05,32,101257
2562,pv_44_z_4,pv_44,มหาสารคาม,ภาคตะวันออกเฉียงเหนือ,4,ภาคีเครือข่ายไทย,46,0.05,33,101257
2562,pv_44_z_4,pv_44,มหาสารคาม,ภาคตะวันออกเฉียงเหนือ,4,ภูมิพลังเกษตรกรไทย,44,0.04,34,101257
2562,pv_44_z_4,pv_44,มหาสารคาม,ภาคตะวันออกเฉียงเหนือ,4,ผึ้งหลวง,42,0.04,35,101257
2562,pv_44_z_4,pv_44,มหาสารคาม,ภาคตะวันออกเฉียงเหนือ,4,เครือข่ายชาวนาแห่งประเทศไทย,32,0.03,36,101257
2562,pv_44_z_4,pv_44,มหาสารคาม,ภาคตะวันออกเฉียงเหนือ,4,ประชาธรรมไทย,26,0.03,37,101257
2562,pv_44_z_4,pv_44,มหาสารคาม,ภาคตะวันออกเฉียงเหนือ,4,ไทยรักษาชาติ,0,0.00,38,101257
2562,pv_44_z_4,pv_44,มหาสารคาม,ภาคตะวันออกเฉียงเหนือ,4,เพื่อนไทย,0,0.00,39,101257
2562,pv_44_z_5,pv_44,มหาสารคาม,ภาคตะวันออกเฉียงเหนือ,5,เพื่อไทย,51230,46.19,1,110906
2562,pv_44_z_5,pv_44,มหาสารคาม,ภาคตะวันออกเฉียงเหนือ,5,ภูมิใจไทย,23826,21.48,2,110906
2562,pv_44_z_5,pv_44,มหาสารคาม,ภาคตะวันออกเฉียงเหนือ,5,อนาคตใหม่,18303,16.50,3,110906
2562,pv_44_z_5,pv_44,มหาสารคาม,ภาคตะวันออกเฉียงเหนือ,5,พลังประชารัฐ,8984,8.10,4,110906
2562,pv_44_z_5,pv_44,มหาสารคาม,ภาคตะวันออกเฉียงเหนือ,5,เสรีรวมไทย,1289,1.16,5,110906
2562,pv_44_z_5,pv_44,มหาสารคาม,ภาคตะวันออกเฉียงเหนือ,5,ประชาธิปัตย์,1272,1.15,6,110906
2562,pv_44_z_5,pv_44,มหาสารคาม,ภาคตะวันออกเฉียงเหนือ,5,เพื่อชาติ,988,0.89,7,110906
2562,pv_44_z_5,pv_44,มหาสารคาม,ภาคตะวันออกเฉียงเหนือ,5,เศรษฐกิจใหม่,597,0.54,8,110906
2562,pv_44_z_5,pv_44,มหาสารคาม,ภาคตะวันออกเฉียงเหนือ,5,แผ่นดินธรรม,571,0.51,9,110906
2562,pv_44_z_5,pv_44,มหาสารคาม,ภาคตะวันออกเฉียงเหนือ,5,ผึ้งหลวง,401,0.36,10,110906
2562,pv_44_z_5,pv_44,มหาสารคาม,ภาคตะวันออกเฉียงเหนือ,5,สยามพัฒนา,393,0.35,11,110906
2562,pv_44_z_5,pv_44,มหาสารคาม,ภาคตะวันออกเฉียงเหนือ,5,ประชาภิวัฒน์,354,0.32,12,110906
2562,pv_44_z_5,pv_44,มหาสารคาม,ภาคตะวันออกเฉียงเหนือ,5,พลเมืองไทย,295,0.27,13,110906
2562,pv_44_z_5,pv_44,มหาสารคาม,ภาคตะวันออกเฉียงเหนือ,5,เพื่อคนไทย,231,0.21,14,110906
2562,pv_44_z_5,pv_44,มหาสารคาม,ภาคตะวันออกเฉียงเหนือ,5,รักษ์ผืนป่าประเทศไทย,217,0.20,15,110906
2562,pv_44_z_5,pv_44,มหาสารคาม,ภาคตะวันออกเฉียงเหนือ,5,ประชาธรรมไทย,206,0.19,16,110906
2562,pv_44_z_5,pv_44,มหาสารคาม,ภาคตะวันออกเฉียงเหนือ,5,พลังแรงงานไทย,199,0.18,17,110906
2562,pv_44_z_5,pv_44,มหาสารคาม,ภาคตะวันออกเฉียงเหนือ,5,ประชากรไทย,150,0.14,18,110906
2562,pv_44_z_5,pv_44,มหาสารคาม,ภาคตะวันออกเฉียงเหนือ,5,พลังท้องถิ่นไท,148,0.13,19,110906
2562,pv_44_z_5,pv_44,มหาสารคาม,ภาคตะวันออกเฉียงเหนือ,5,ภาคีเครือข่ายไทย,139,0.13,20,110906
2562,pv_44_z_5,pv_44,มหาสารคาม,ภาคตะวันออกเฉียงเหนือ,5,พลังไทยรักไทย,122,0.11,21,110906
2562,pv_44_z_5,pv_44,มหาสารคาม,ภาคตะวันออกเฉียงเหนือ,5,ชาติพัฒนา,121,0.11,22,110906
2562,pv_44_z_5,pv_44,มหาสารคาม,ภาคตะวันออกเฉียงเหนือ,5,ทางเลือกใหม่,114,0.10,23,110906
2562,pv_44_z_5,pv_44,มหาสารคาม,ภาคตะวันออกเฉียงเหนือ,5,รวมพลังประชาชาติไทย,109,0.10,24,110906
2562,pv_44_z_5,pv_44,มหาสารคาม,ภาคตะวันออกเฉียงเหนือ,5,ครูไทยเพื่อประชาชน,98,0.09,25,110906
2562,pv_44_z_5,pv_44,มหาสารคาม,ภาคตะวันออกเฉียงเหนือ,5,ไทยศรีวิไลย์,92,0.08,26,110906
2562,pv_44_z_5,pv_44,มหาสารคาม,ภาคตะวันออกเฉียงเหนือ,5,ประชานิยม,91,0.08,27,110906
2562,pv_44_z_5,pv_44,มหาสารคาม,ภาคตะวันออกเฉียงเหนือ,5,ประชาชนปฏิรูป,80,0.07,28,110906
2562,pv_44_z_5,pv_44,มหาสารคาม,ภาคตะวันออกเฉียงเหนือ,5,พลังประชาธิปไตย,65,0.06,29,110906
2562,pv_44_z_5,pv_44,มหาสารคาม,ภาคตะวันออกเฉียงเหนือ,5,แทนคุณแผ่นดิน,65,0.06,30,110906
2562,pv_44_z_5,pv_44,มหาสารคาม,ภาคตะวันออกเฉียงเหนือ,5,พลังปวงชนไทย,43,0.04,31,110906
2562,pv_44_z_5,pv_44,มหาสารคาม,ภาคตะวันออกเฉียงเหนือ,5,ไทรักธรรม,39,0.04,32,110906
2562,pv_44_z_5,pv_44,มหาสารคาม,ภาคตะวันออกเฉียงเหนือ,5,ชาติไทยพัฒนา,31,0.03,33,110906
2562,pv_44_z_5,pv_44,มหาสารคาม,ภาคตะวันออกเฉียงเหนือ,5,พลังชาติไทย,24,0.02,34,110906
2562,pv_44_z_5,pv_44,มหาสารคาม,ภาคตะวันออกเฉียงเหนือ,5,มหาชน,19,0.02,35,110906
2562,pv_44_z_5,pv_44,มหาสารคาม,ภาคตะวันออกเฉียงเหนือ,5,ไทยรักษาชาติ,0,0.00,36,110906
2562,pv_58_z_1,pv_58,แม่ฮ่องสอน,ภาคเหนือ,1,พลังประชารัฐ,29754,22.27,1,133617
2562,pv_58_z_1,pv_58,แม่ฮ่องสอน,ภาคเหนือ,1,ประชาธิปัตย์,23050,17.25,2,133617
2562,pv_58_z_1,pv_58,แม่ฮ่องสอน,ภาคเหนือ,1,อนาคตใหม่,17148,12.83,3,133617
2562,pv_58_z_1,pv_58,แม่ฮ่องสอน,ภาคเหนือ,1,เพื่อไทย,16747,12.53,4,133617
2562,pv_58_z_1,pv_58,แม่ฮ่องสอน,ภาคเหนือ,1,ภูมิใจไทย,14264,10.68,5,133617
2562,pv_58_z_1,pv_58,แม่ฮ่องสอน,ภาคเหนือ,1,ชาติพัฒนา,13872,10.38,6,133617
2562,pv_58_z_1,pv_58,แม่ฮ่องสอน,ภาคเหนือ,1,ชาติไทยพัฒนา,3402,2.55,7,133617
2562,pv_58_z_1,pv_58,แม่ฮ่องสอน,ภาคเหนือ,1,เสรีรวมไทย,1724,1.29,8,133617
2562,pv_58_z_1,pv_58,แม่ฮ่องสอน,ภาคเหนือ,1,รวมพลังประชาชาติไทย,1612,1.21,9,133617
2562,pv_58_z_1,pv_58,แม่ฮ่องสอน,ภาคเหนือ,1,พลังท้องถิ่นไท,1407,1.05,10,133617
2562,pv_58_z_1,pv_58,แม่ฮ่องสอน,ภาคเหนือ,1,เศรษฐกิจใหม่,1057,0.79,11,133617
2562,pv_58_z_1,pv_58,แม่ฮ่องสอน,ภาคเหนือ,1,ประชาชาติ,943,0.71,12,133617
2562,pv_58_z_1,pv_58,แม่ฮ่องสอน,ภาคเหนือ,1,พลังธรรมใหม่,863,0.65,13,133617
2562,pv_58_z_1,pv_58,แม่ฮ่องสอน,ภาคเหนือ,1,ประชาภิวัฒน์,825,0.62,14,133617
2562,pv_58_z_1,pv_58,แม่ฮ่องสอน,ภาคเหนือ,1,ทางเลือกใหม่,823,0.62,15,133617
2562,pv_58_z_1,pv_58,แม่ฮ่องสอน,ภาคเหนือ,1,ประชาธรรมไทย,805,0.60,16,133617
2562,pv_58_z_1,pv_58,แม่ฮ่องสอน,ภาคเหนือ,1,เพื่อชาติ,753,0.56,17,133617
2562,pv_58_z_1,pv_58,แม่ฮ่องสอน,ภาคเหนือ,1,แผ่นดินธรรม,644,0.48,18,133617
2562,pv_58_z_1,pv_58,แม่ฮ่องสอน,ภาคเหนือ,1,พลังชาติไทย,638,0.48,19,133617
2562,pv_58_z_1,pv_58,แม่ฮ่องสอน,ภาคเหนือ,1,รักษ์ผืนป่าประเทศไทย,549,0.41,20,133617
2562,pv_58_z_1,pv_58,แม่ฮ่องสอน,ภาคเหนือ,1,ไทยศรีวิไลย์,453,0.34,21,133617
2562,pv_58_z_1,pv_58,แม่ฮ่องสอน,ภาคเหนือ,1,พลังไทยดี,368,0.28,22,133617
2562,pv_58_z_1,pv_58,แม่ฮ่องสอน,ภาคเหนือ,1,เพื่อแผ่นดิน,323,0.24,23,133617
2562,pv_58_z_1,pv_58,แม่ฮ่องสอน,ภาคเหนือ,1,ภราดรภาพ,274,0.21,24,133617
2562,pv_58_z_1,pv_58,แม่ฮ่องสอน,ภาคเหนือ,1,ครูไทยเพื่อประชาชน,273,0.20,25,133617
2562,pv_58_z_1,pv_58,แม่ฮ่องสอน,ภาคเหนือ,1,พลังไทยรักไทย,256,0.19,26,133617
2562,pv_58_z_1,pv_58,แม่ฮ่องสอน,ภาคเหนือ,1,พลังปวงชนไทย,206,0.15,27,133617
2562,pv_58_z_1,pv_58,แม่ฮ่องสอน,ภาคเหนือ,1,ชาติพันธุ์ไทย,200,0.15,28,133617
2562,pv_58_z_1,pv_58,แม่ฮ่องสอน,ภาคเหนือ,1,ไทรักธรรม,194,0.15,29,133617
2562,pv_58_z_1,pv_58,แม่ฮ่องสอน,ภาคเหนือ,1,ประชานิยม,190,0.14,30,133617
2562,pv_35_z_1,pv_35,ยโสธร,ภาคตะวันออกเฉียงเหนือ,1,เพื่อไทย,38473,38.36,1,100282
2562,pv_35_z_1,pv_35,ยโสธร,ภาคตะวันออกเฉียงเหนือ,1,พลังประชารัฐ,23004,22.94,2,100282
2562,pv_35_z_1,pv_35,ยโสธร,ภาคตะวันออกเฉียงเหนือ,1,อนาคตใหม่,15656,15.61,3,100282
2562,pv_35_z_1,pv_35,ยโสธร,ภาคตะวันออกเฉียงเหนือ,1,ภูมิใจไทย,15113,15.07,4,100282
2562,pv_35_z_1,pv_35,ยโสธร,ภาคตะวันออกเฉียงเหนือ,1,ประชาธิปัตย์,1307,1.30,5,100282
2562,pv_35_z_1,pv_35,ยโสธร,ภาคตะวันออกเฉียงเหนือ,1,เสรีรวมไทย,1070,1.07,6,100282
2562,pv_35_z_1,pv_35,ยโสธร,ภาคตะวันออกเฉียงเหนือ,1,เพื่อชาติ,697,0.70,7,100282
2562,pv_35_z_1,pv_35,ยโสธร,ภาคตะวันออกเฉียงเหนือ,1,ชาติพัฒนา,584,0.58,8,100282
2562,pv_35_z_1,pv_35,ยโสธร,ภาคตะวันออกเฉียงเหนือ,1,ไทยศรีวิไลย์,498,0.50,9,100282
2562,pv_35_z_1,pv_35,ยโสธร,ภาคตะวันออกเฉียงเหนือ,1,เศรษฐกิจใหม่,480,0.48,10,100282
2562,pv_35_z_1,pv_35,ยโสธร,ภาคตะวันออกเฉียงเหนือ,1,พลังไทยรักไทย,408,0.41,11,100282
2562,pv_35_z_1,pv_35,ยโสธร,ภาคตะวันออกเฉียงเหนือ,1,พลังแรงงานไทย,352,0.35,12,100282
2562,pv_35_z_1,pv_35,ยโสธร,ภาคตะวันออกเฉียงเหนือ,1,พลังแผ่นดินทอง,308,0.31,13,100282
2562,pv_35_z_1,pv_35,ยโสธร,ภาคตะวันออกเฉียงเหนือ,1,ไทรักธรรม,299,0.30,14,100282
2562,pv_35_z_1,pv_35,ยโสธร,ภาคตะวันออกเฉียงเหนือ,1,รวมพลังประชาชาติไทย,231,0.23,15,100282
2562,pv_35_z_1,pv_35,ยโสธร,ภาคตะวันออกเฉียงเหนือ,1,พลังท้องถิ่นไท,217,0.22,16,100282
2562,pv_35_z_1,pv_35,ยโสธร,ภาคตะวันออกเฉียงเหนือ,1,ประชาธิปไตยใหม่,214,0.21,17,100282
2562,pv_35_z_1,pv_35,ยโสธร,ภาคตะวันออกเฉียงเหนือ,1,ฐานรากไทย,192,0.19,18,100282
2562,pv_35_z_1,pv_35,ยโสธร,ภาคตะวันออกเฉียงเหนือ,1,ชาติไทยพัฒนา,164,0.16,19,100282
2562,pv_35_z_1,pv_35,ยโสธร,ภาคตะวันออกเฉียงเหนือ,1,เพื่อแผ่นดิน,138,0.14,20,100282
2562,pv_35_z_1,pv_35,ยโสธร,ภาคตะวันออกเฉียงเหนือ,1,ประชาชนปฏิรูป,124,0.12,21,100282
2562,pv_35_z_1,pv_35,ยโสธร,ภาคตะวันออกเฉียงเหนือ,1,พลังชาติไทย,122,0.12,22,100282
2562,pv_35_z_1,pv_35,ยโสธร,ภาคตะวันออกเฉียงเหนือ,1,พลังธรรมใหม่,104,0.10,23,100282
2562,pv_35_z_1,pv_35,ยโสธร,ภาคตะวันออกเฉียงเหนือ,1,ประชานิยม,101,0.10,24,100282
2562,pv_35_z_1,pv_35,ยโสธร,ภาคตะวันออกเฉียงเหนือ,1,กรีน,92,0.09,25,100282
2562,pv_35_z_1,pv_35,ยโสธร,ภาคตะวันออกเฉียงเหนือ,1,ประชาธรรมไทย,85,0.08,26,100282
2562,pv_35_z_1,pv_35,ยโสธร,ภาคตะวันออกเฉียงเหนือ,1,รักษ์ผืนป่าประเทศไทย,74,0.07,27,100282
2562,pv_35_z_1,pv_35,ยโสธร,ภาคตะวันออกเฉียงเหนือ,1,รักท้องถิ่นไทย,55,0.05,28,100282
2562,pv_35_z_1,pv_35,ยโสธร,ภาคตะวันออกเฉียงเหนือ,1,ครูไทยเพื่อประชาชน,49,0.05,29,100282
2562,pv_35_z_1,pv_35,ยโสธร,ภาคตะวันออกเฉียงเหนือ,1,ประชาภิวัฒน์,45,0.04,30,100282
2562,pv_35_z_1,pv_35,ยโสธร,ภาคตะวันออกเฉียงเหนือ,1,ภาคีเครือข่ายไทย,26,0.03,31,100282
2562,pv_35_z_1,pv_35,ยโสธร,ภาคตะวันออกเฉียงเหนือ,1,เพื่อนไทย,0,0.00,32,100282
2562,pv_35_z_1,pv_35,ยโสธร,ภาคตะวันออกเฉียงเหนือ,1,สยามพัฒนา,0,0.00,33,100282
2562,pv_35_z_2,pv_35,ยโสธร,ภาคตะวันออกเฉียงเหนือ,2,เพื่อไทย,50584,55.45,1,91228
2562,pv_35_z_2,pv_35,ยโสธร,ภาคตะวันออกเฉียงเหนือ,2,พลังประชารัฐ,14292,15.67,2,91228
2562,pv_35_z_2,pv_35,ยโสธร,ภาคตะวันออกเฉียงเหนือ,2,ภูมิใจไทย,12176,13.35,3,91228
2562,pv_35_z_2,pv_35,ยโสธร,ภาคตะวันออกเฉียงเหนือ,2,อนาคตใหม่,7236,7.93,4,91228
2562,pv_35_z_2,pv_35,ยโสธร,ภาคตะวันออกเฉียงเหนือ,2,รวมใจไทย,1768,1.94,5,91228
2562,pv_35_z_2,pv_35,ยโสธร,ภาคตะวันออกเฉียงเหนือ,2,ประชาธิปัตย์,1136,1.25,6,91228
2562,pv_35_z_2,pv_35,ยโสธร,ภาคตะวันออกเฉียงเหนือ,2,พลังชาติไทย,690,0.76,7,91228
2562,pv_35_z_2,pv_35,ยโสธร,ภาคตะวันออกเฉียงเหนือ,2,เสรีรวมไทย,602,0.66,8,91228
2562,pv_35_z_2,pv_35,ยโสธร,ภาคตะวันออกเฉียงเหนือ,2,ชาติพัฒนา,457,0.50,9,91228
2562,pv_35_z_2,pv_35,ยโสธร,ภาคตะวันออกเฉียงเหนือ,2,ไทยศรีวิไลย์,350,0.38,10,91228
2562,pv_35_z_2,pv_35,ยโสธร,ภาคตะวันออกเฉียงเหนือ,2,พลังไทยรักไทย,342,0.37,11,91228
2562,pv_35_z_2,pv_35,ยโสธร,ภาคตะวันออกเฉียงเหนือ,2,เศรษฐกิจใหม่,256,0.28,12,91228
2562,pv_35_z_2,pv_35,ยโสธร,ภาคตะวันออกเฉียงเหนือ,2,รักษ์ผืนป่าประเทศไทย,212,0.23,13,91228
2562,pv_35_z_2,pv_35,ยโสธร,ภาคตะวันออกเฉียงเหนือ,2,พลังท้องถิ่นไท,142,0.16,14,91228
2562,pv_35_z_2,pv_35,ยโสธร,ภาคตะวันออกเฉียงเหนือ,2,ประชานิยม,138,0.15,15,91228
2562,pv_35_z_2,pv_35,ยโสธร,ภาคตะวันออกเฉียงเหนือ,2,รวมพลังประชาชาติไทย,122,0.13,16,91228
2562,pv_35_z_2,pv_35,ยโสธร,ภาคตะวันออกเฉียงเหนือ,2,ประชาชนปฏิรูป,108,0.12,17,91228
2562,pv_35_z_2,pv_35,ยโสธร,ภาคตะวันออกเฉียงเหนือ,2,พลังธรรมใหม่,88,0.10,18,91228
2562,pv_35_z_2,pv_35,ยโสธร,ภาคตะวันออกเฉียงเหนือ,2,ประชาภิวัฒน์,84,0.09,19,91228
2562,pv_35_z_2,pv_35,ยโสธร,ภาคตะวันออกเฉียงเหนือ,2,พลังศรัทธา,82,0.09,20,91228
2562,pv_35_z_2,pv_35,ยโสธร,ภาคตะวันออกเฉียงเหนือ,2,ครูไทยเพื่อประชาชน,68,0.07,21,91228
2562,pv_35_z_2,pv_35,ยโสธร,ภาคตะวันออกเฉียงเหนือ,2,กรีน,51,0.06,22,91228
2562,pv_35_z_2,pv_35,ยโสธร,ภาคตะวันออกเฉียงเหนือ,2,ภาคีเครือข่ายไทย,50,0.05,23,91228
2562,pv_35_z_2,pv_35,ยโสธร,ภาคตะวันออกเฉียงเหนือ,2,ไทรักธรรม,43,0.05,24,91228
2562,pv_35_z_2,pv_35,ยโสธร,ภาคตะวันออกเฉียงเหนือ,2,ประชาธิปไตยใหม่,43,0.05,25,91228
2562,pv_35_z_2,pv_35,ยโสธร,ภาคตะวันออกเฉียงเหนือ,2,ภราดรภาพ,39,0.04,26,91228
2562,pv_35_z_2,pv_35,ยโสธร,ภาคตะวันออกเฉียงเหนือ,2,พลังประชาธิปไตย,37,0.04,27,91228
2562,pv_35_z_2,pv_35,ยโสธร,ภาคตะวันออกเฉียงเหนือ,2,เพื่อแผ่นดิน,32,0.04,28,91228
2562,pv_35_z_2,pv_35,ยโสธร,ภาคตะวันออกเฉียงเหนือ,2,เพื่อนไทย,0,0.00,29,91228
2562,pv_35_z_2,pv_35,ยโสธร,ภาคตะวันออกเฉียงเหนือ,2,เพื่อชาติ,0,0.00,30,91228
2562,pv_35_z_3,pv_35,ยโสธร,ภาคตะวันออกเฉียงเหนือ,3,เพื่อไทย,40612,42.24,1,96154
2562,pv_35_z_3,pv_35,ยโสธร,ภาคตะวันออกเฉียงเหนือ,3,พลังประชารัฐ,24383,25.36,2,96154
2562,pv_35_z_3,pv_35,ยโสธร,ภาคตะวันออกเฉียงเหนือ,3,ภูมิใจไทย,13555,14.10,3,96154
2562,pv_35_z_3,pv_35,ยโสธร,ภาคตะวันออกเฉียงเหนือ,3,อนาคตใหม่,8433,8.77,4,96154
2562,pv_35_z_3,pv_35,ยโสธร,ภาคตะวันออกเฉียงเหนือ,3,เพื่อชาติ,1882,1.96,5,96154
2562,pv_35_z_3,pv_35,ยโสธร,ภาคตะวันออกเฉียงเหนือ,3,พลังชาติไทย,1385,1.44,6,96154
2562,pv_35_z_3,pv_35,ยโสธร,ภาคตะวันออกเฉียงเหนือ,3,เสรีรวมไทย,891,0.93,7,96154
2562,pv_35_z_3,pv_35,ยโสธร,ภาคตะวันออกเฉียงเหนือ,3,ชาติไทยพัฒนา,889,0.92,8,96154
2562,pv_35_z_3,pv_35,ยโสธร,ภาคตะวันออกเฉียงเหนือ,3,ประชาธิปัตย์,790,0.82,9,96154
2562,pv_35_z_3,pv_35,ยโสธร,ภาคตะวันออกเฉียงเหนือ,3,ภราดรภาพ,571,0.59,10,96154
2562,pv_35_z_3,pv_35,ยโสธร,ภาคตะวันออกเฉียงเหนือ,3,ประชาธรรมไทย,490,0.51,11,96154
2562,pv_35_z_3,pv_35,ยโสธร,ภาคตะวันออกเฉียงเหนือ,3,เพื่อคนไทย,284,0.30,12,96154
2562,pv_35_z_3,pv_35,ยโสธร,ภาคตะวันออกเฉียงเหนือ,3,ประชาชาติ,233,0.24,13,96154
2562,pv_35_z_3,pv_35,ยโสธร,ภาคตะวันออกเฉียงเหนือ,3,เศรษฐกิจใหม่,212,0.22,14,96154
2562,pv_35_z_3,pv_35,ยโสธร,ภาคตะวันออกเฉียงเหนือ,3,รักท้องถิ่นไทย,199,0.21,15,96154
2562,pv_35_z_3,pv_35,ยโสธร,ภาคตะวันออกเฉียงเหนือ,3,ชาติพัฒนา,172,0.18,16,96154
2562,pv_35_z_3,pv_35,ยโสธร,ภาคตะวันออกเฉียงเหนือ,3,ประชาธิปไตยใหม่,130,0.14,17,96154
2562,pv_35_z_3,pv_35,ยโสธร,ภาคตะวันออกเฉียงเหนือ,3,รวมพลังประชาชาติไทย,118,0.12,18,96154
2562,pv_35_z_3,pv_35,ยโสธร,ภาคตะวันออกเฉียงเหนือ,3,กรีน,110,0.11,19,96154
2562,pv_35_z_3,pv_35,ยโสธร,ภาคตะวันออกเฉียงเหนือ,3,ประชาภิวัฒน์,90,0.09,20,96154
2562,pv_35_z_3,pv_35,ยโสธร,ภาคตะวันออกเฉียงเหนือ,3,รักษ์ผืนป่าประเทศไทย,88,0.09,21,96154
2562,pv_35_z_3,pv_35,ยโสธร,ภาคตะวันออกเฉียงเหนือ,3,พลังไทสร้างชาติ,86,0.09,22,96154
2562,pv_35_z_3,pv_35,ยโสธร,ภาคตะวันออกเฉียงเหนือ,3,ไทยศรีวิไลย์,81,0.08,23,96154
2562,pv_35_z_3,pv_35,ยโสธร,ภาคตะวันออกเฉียงเหนือ,3,ภูมิพลังเกษตรกรไทย,70,0.07,24,96154
2562,pv_35_z_3,pv_35,ยโสธร,ภาคตะวันออกเฉียงเหนือ,3,สยามพัฒนา,66,0.07,25,96154
2562,pv_35_z_3,pv_35,ยโสธร,ภาคตะวันออกเฉียงเหนือ,3,พลังท้องถิ่นไท,65,0.07,26,96154
2562,pv_35_z_3,pv_35,ยโสธร,ภาคตะวันออกเฉียงเหนือ,3,พลังธรรมใหม่,52,0.05,27,96154
2562,pv_35_z_3,pv_35,ยโสธร,ภาคตะวันออกเฉียงเหนือ,3,ครูไทยเพื่อประชาชน,50,0.05,28,96154
2562,pv_35_z_3,pv_35,ยโสธร,ภาคตะวันออกเฉียงเหนือ,3,เพื่อแผ่นดิน,45,0.05,29,96154
2562,pv_35_z_3,pv_35,ยโสธร,ภาคตะวันออกเฉียงเหนือ,3,ประชานิยม,40,0.04,30,96154
2562,pv_35_z_3,pv_35,ยโสธร,ภาคตะวันออกเฉียงเหนือ,3,ประชาชนปฏิรูป,40,0.04,31,96154
2562,pv_35_z_3,pv_35,ยโสธร,ภาคตะวันออกเฉียงเหนือ,3,ไทรักธรรม,21,0.02,32,96154
2562,pv_35_z_3,pv_35,ยโสธร,ภาคตะวันออกเฉียงเหนือ,3,พลังประชาธิปไตย,21,0.02,33,96154
2562,pv_35_z_3,pv_35,ยโสธร,ภาคตะวันออกเฉียงเหนือ,3,เพื่อนไทย,0,0.00,34,96154
2562,pv_95_z_1,pv_95,ยะลา,ภาคใต้,1,พลังประชารัฐ,23745,26.86,1,88390
2562,pv_95_z_1,pv_95,ยะลา,ภาคใต้,1,ประชาชาติ,22515,25.47,2,88390
2562,pv_95_z_1,pv_95,ยะลา,ภาคใต้,1,ประชาธิปัตย์,19705,22.29,3,88390
2562,pv_95_z_1,pv_95,ยะลา,ภาคใต้,1,อนาคตใหม่,13229,14.97,4,88390
2562,pv_95_z_1,pv_95,ยะลา,ภาคใต้,1,รวมพลังประชาชาติไทย,2996,3.39,5,88390
2562,pv_95_z_1,pv_95,ยะลา,ภาคใต้,1,เสรีรวมไทย,1659,1.88,6,88390
2562,pv_95_z_1,pv_95,ยะลา,ภาคใต้,1,ภูมิใจไทย,832,0.94,7,88390
2562,pv_95_z_1,pv_95,ยะลา,ภาคใต้,1,เศรษฐกิจใหม่,759,0.86,8,88390
2562,pv_95_z_1,pv_95,ยะลา,ภาคใต้,1,ชาติไทยพัฒนา,387,0.44,9,88390
2562,pv_95_z_1,pv_95,ยะลา,ภาคใต้,1,สยามพัฒนา,313,0.35,10,88390
2562,pv_95_z_1,pv_95,ยะลา,ภาคใต้,1,เพื่อธรรม,277,0.31,11,88390
2562,pv_95_z_1,pv_95,ยะลา,ภาคใต้,1,พลังปวงชนไทย,203,0.23,12,88390
2562,pv_95_z_1,pv_95,ยะลา,ภาคใต้,1,กรีน,178,0.20,13,88390
2562,pv_95_z_1,pv_95,ยะลา,ภาคใต้,1,พลังท้องถิ่นไท,176,0.20,14,88390
2562,pv_95_z_1,pv_95,ยะลา,ภาคใต้,1,เพื่อคนไทย,156,0.18,15,88390
2562,pv_95_z_1,pv_95,ยะลา,ภาคใต้,1,ประชาภิวัฒน์,155,0.18,16,88390
2562,pv_95_z_1,pv_95,ยะลา,ภาคใต้,1,ประชาชนปฏิรูป,150,0.17,17,88390
2562,pv_95_z_1,pv_95,ยะลา,ภาคใต้,1,ชาติพัฒนา,148,0.17,18,88390
2562,pv_95_z_1,pv_95,ยะลา,ภาคใต้,1,เพื่อชาติ,127,0.14,19,88390
2562,pv_95_z_1,pv_95,ยะลา,ภาคใต้,1,ประชาธิปไตยใหม่,84,0.10,20,88390
2562,pv_95_z_1,pv_95,ยะลา,ภาคใต้,1,พลังชาติไทย,68,0.08,21,88390
2562,pv_95_z_1,pv_95,ยะลา,ภาคใต้,1,แผ่นดินธรรม,66,0.07,22,88390
2562,pv_95_z_1,pv_95,ยะลา,ภาคใต้,1,พลเมืองไทย,59,0.07,23,88390
2562,pv_95_z_1,pv_95,ยะลา,ภาคใต้,1,พลังสหกรณ์,57,0.06,24,88390
2562,pv_95_z_1,pv_95,ยะลา,ภาคใต้,1,คลองไทย,55,0.06,25,88390
2562,pv_95_z_1,pv_95,ยะลา,ภาคใต้,1,พลังสังคม,55,0.06,26,88390
2562,pv_95_z_1,pv_95,ยะลา,ภาคใต้,1,รักษ์ผืนป่าประเทศไทย,45,0.05,27,88390
2562,pv_95_z_1,pv_95,ยะลา,ภาคใต้,1,ครูไทยเพื่อประชาชน,40,0.05,28,88390
2562,pv_95_z_1,pv_95,ยะลา,ภาคใต้,1,พลังไทยรักไทย,39,0.04,29,88390
2562,pv_95_z_1,pv_95,ยะลา,ภาคใต้,1,พลังไทสร้างชาติ,36,0.04,30,88390
2562,pv_95_z_1,pv_95,ยะลา,ภาคใต้,1,ภราดรภาพ,21,0.02,31,88390
2562,pv_95_z_1,pv_95,ยะลา,ภาคใต้,1,มหาชน,19,0.02,32,88390
2562,pv_95_z_1,pv_95,ยะลา,ภาคใต้,1,ทางเลือกใหม่,19,0.02,33,88390
2562,pv_95_z_1,pv_95,ยะลา,ภาคใต้,1,ประชาธรรมไทย,17,0.02,34,88390
2562,pv_95_z_1,pv_95,ยะลา,ภาคใต้,1,ไทยรักษาชาติ,0,0.00,35,88390
2562,pv_95_z_1,pv_95,ยะลา,ภาคใต้,1,ถิ่นกาขาวชาววิไล,0,0.00,36,88390
2562,pv_95_z_1,pv_95,ยะลา,ภาคใต้,1,ไทรักธรรม,0,0.00,37,88390
2562,pv_95_z_2,pv_95,ยะลา,ภาคใต้,2,ประชาชาติ,37368,40.58,1,92083
2562,pv_95_z_2,pv_95,ยะลา,ภาคใต้,2,ภูมิใจไทย,26638,28.93,2,92083
2562,pv_95_z_2,pv_95,ยะลา,ภาคใต้,2,ประชาธิปัตย์,9279,10.08,3,92083
2562,pv_95_z_2,pv_95,ยะลา,ภาคใต้,2,รวมพลังประชาชาติไทย,7126,7.74,4,92083
2562,pv_95_z_2,pv_95,ยะลา,ภาคใต้,2,อนาคตใหม่,6340,6.89,5,92083
2562,pv_95_z_2,pv_95,ยะลา,ภาคใต้,2,พลังประชารัฐ,1850,2.01,6,92083
2562,pv_95_z_2,pv_95,ยะลา,ภาคใต้,2,เสรีรวมไทย,514,0.56,7,92083
2562,pv_95_z_2,pv_95,ยะลา,ภาคใต้,2,พลังท้องถิ่นไท,477,0.52,8,92083
2562,pv_95_z_2,pv_95,ยะลา,ภาคใต้,2,ประชาชนปฏิรูป,329,0.36,9,92083
2562,pv_95_z_2,pv_95,ยะลา,ภาคใต้,2,เพื่อคนไทย,270,0.29,10,92083
2562,pv_95_z_2,pv_95,ยะลา,ภาคใต้,2,เพื่อชาติ,202,0.22,11,92083
2562,pv_95_z_2,pv_95,ยะลา,ภาคใต้,2,คลองไทย,173,0.19,12,92083
2562,pv_95_z_2,pv_95,ยะลา,ภาคใต้,2,ชาติไทยพัฒนา,163,0.18,13,92083
2562,pv_95_z_2,pv_95,ยะลา,ภาคใต้,2,ประชาภิวัฒน์,144,0.16,14,92083
2562,pv_95_z_2,pv_95,ยะลา,ภาคใต้,2,เพื่อธรรม,141,0.15,15,92083
2562,pv_95_z_2,pv_95,ยะลา,ภาคใต้,2,พลังสังคม,141,0.15,16,92083
2562,pv_95_z_2,pv_95,ยะลา,ภาคใต้,2,มหาชน,109,0.12,17,92083
2562,pv_95_z_2,pv_95,ยะลา,ภาคใต้,2,พลังชาติไทย,86,0.09,18,92083
2562,pv_95_z_2,pv_95,ยะลา,ภาคใต้,2,ประชาธรรมไทย,80,0.09,19,92083
2562,pv_95_z_2,pv_95,ยะลา,ภาคใต้,2,ไทรักธรรม,77,0.08,20,92083
2562,pv_95_z_2,pv_95,ยะลา,ภาคใต้,2,พลังไทยรักชาติ,71,0.08,21,92083
2562,pv_95_z_2,pv_95,ยะลา,ภาคใต้,2,พลเมืองไทย,69,0.07,22,92083
2562,pv_95_z_2,pv_95,ยะลา,ภาคใต้,2,ภูมิพลังเกษตรกรไทย,68,0.07,23,92083
2562,pv_95_z_2,pv_95,ยะลา,ภาคใต้,2,รักษ์ผืนป่าประเทศไทย,64,0.07,24,92083
2562,pv_95_z_2,pv_95,ยะลา,ภาคใต้,2,ประชาธิปไตยใหม่,60,0.07,25,92083
2562,pv_95_z_2,pv_95,ยะลา,ภาคใต้,2,ครูไทยเพื่อประชาชน,59,0.06,26,92083
2562,pv_95_z_2,pv_95,ยะลา,ภาคใต้,2,ถิ่นกาขาวชาววิไล,42,0.05,27,92083
2562,pv_95_z_2,pv_95,ยะลา,ภาคใต้,2,ชาติพัฒนา,36,0.04,28,92083
2562,pv_95_z_2,pv_95,ยะลา,ภาคใต้,2,พลังปวงชนไทย,36,0.04,29,92083
2562,pv_95_z_2,pv_95,ยะลา,ภาคใต้,2,แผ่นดินธรรม,36,0.04,30,92083
2562,pv_95_z_2,pv_95,ยะลา,ภาคใต้,2,พลังไทสร้างชาติ,35,0.04,31,92083
2562,pv_95_z_2,pv_95,ยะลา,ภาคใต้,2,ไทยรักษาชาติ,0,0.00,32,92083
2562,pv_95_z_2,pv_95,ยะลา,ภาคใต้,2,เศรษฐกิจใหม่,0,0.00,33,92083
2562,pv_95_z_2,pv_95,ยะลา,ภาคใต้,2,พลังประชาธิปไตย,0,0.00,34,92083
2562,pv_95_z_3,pv_95,ยะลา,ภาคใต้,3,ประชาชาติ,38666,43.91,1,88049
2562,pv_95_z_3,pv_95,ยะลา,ภาคใต้,3,ประชาธิปัตย์,16816,19.10,2,88049
2562,pv_95_z_3,pv_95,ยะลา,ภาคใต้,3,พลังประชารัฐ,12541,14.24,3,88049
2562,pv_95_z_3,pv_95,ยะลา,ภาคใต้,3,อนาคตใหม่,9399,10.67,4,88049
2562,pv_95_z_3,pv_95,ยะลา,ภาคใต้,3,ชาติพัฒนา,2396,2.72,5,88049
2562,pv_95_z_3,pv_95,ยะลา,ภาคใต้,3,รวมพลังประชาชาติไทย,1088,1.24,6,88049
2562,pv_95_z_3,pv_95,ยะลา,ภาคใต้,3,ภูมิใจไทย,917,1.04,7,88049
2562,pv_95_z_3,pv_95,ยะลา,ภาคใต้,3,เพื่อธรรม,808,0.92,8,88049
2562,pv_95_z_3,pv_95,ยะลา,ภาคใต้,3,เสรีรวมไทย,738,0.84,9,88049
2562,pv_95_z_3,pv_95,ยะลา,ภาคใต้,3,พลังประชาธิปไตย,701,0.80,10,88049
2562,pv_95_z_3,pv_95,ยะลา,ภาคใต้,3,เพื่อคนไทย,651,0.74,11,88049
2562,pv_95_z_3,pv_95,ยะลา,ภาคใต้,3,เศรษฐกิจใหม่,515,0.58,12,88049
2562,pv_95_z_3,pv_95,ยะลา,ภาคใต้,3,ชาติไทยพัฒนา,430,0.49,13,88049
2562,pv_95_z_3,pv_95,ยะลา,ภาคใต้,3,แผ่นดินธรรม,393,0.45,14,88049
2562,pv_95_z_3,pv_95,ยะลา,ภาคใต้,3,เพื่อชาติ,227,0.26,15,88049
2562,pv_95_z_3,pv_95,ยะลา,ภาคใต้,3,คลองไทย,221,0.25,16,88049
2562,pv_95_z_3,pv_95,ยะลา,ภาคใต้,3,พลังท้องถิ่นไท,147,0.17,17,88049
2562,pv_95_z_3,pv_95,ยะลา,ภาคใต้,3,พลังปวงชนไทย,146,0.17,18,88049
2562,pv_95_z_3,pv_95,ยะลา,ภาคใต้,3,พลังไทยรักไทย,136,0.15,19,88049
2562,pv_95_z_3,pv_95,ยะลา,ภาคใต้,3,พลังสังคม,134,0.15,20,88049
2562,pv_95_z_3,pv_95,ยะลา,ภาคใต้,3,ประชาภิวัฒน์,124,0.14,21,88049
2562,pv_95_z_3,pv_95,ยะลา,ภาคใต้,3,สยามพัฒนา,121,0.14,22,88049
2562,pv_95_z_3,pv_95,ยะลา,ภาคใต้,3,ประชาธรรมไทย,120,0.14,23,88049
2562,pv_95_z_3,pv_95,ยะลา,ภาคใต้,3,กรีน,118,0.13,24,88049
2562,pv_95_z_3,pv_95,ยะลา,ภาคใต้,3,พลังชาติไทย,104,0.12,25,88049
2562,pv_95_z_3,pv_95,ยะลา,ภาคใต้,3,ประชาธิปไตยใหม่,93,0.11,26,88049
2562,pv_95_z_3,pv_95,ยะลา,ภาคใต้,3,ภราดรภาพ,79,0.09,27,88049
2562,pv_95_z_3,pv_95,ยะลา,ภาคใต้,3,ครูไทยเพื่อประชาชน,66,0.07,28,88049
2562,pv_95_z_3,pv_95,ยะลา,ภาคใต้,3,ประชาชนปฏิรูป,58,0.07,29,88049
2562,pv_95_z_3,pv_95,ยะลา,ภาคใต้,3,รักษ์ผืนป่าประเทศไทย,35,0.04,30,88049
2562,pv_95_z_3,pv_95,ยะลา,ภาคใต้,3,ไทรักธรรม,33,0.04,31,88049
2562,pv_95_z_3,pv_95,ยะลา,ภาคใต้,3,ภูมิพลังเกษตรกรไทย,28,0.03,32,88049
2562,pv_95_z_3,pv_95,ยะลา,ภาคใต้,3,ไทยรักษาชาติ,0,0.00,33,88049
2562,pv_95_z_3,pv_95,ยะลา,ภาคใต้,3,ถิ่นกาขาวชาววิไล,0,0.00,34,88049
2562,pv_45_z_1,pv_45,ร้อยเอ็ด,ภาคตะวันออกเฉียงเหนือ,1,ชาติไทยพัฒนา,44899,40.34,1,111288
2562,pv_45_z_1,pv_45,ร้อยเอ็ด,ภาคตะวันออกเฉียงเหนือ,1,เพื่อไทย,24000,21.57,2,111288
2562,pv_45_z_1,pv_45,ร้อยเอ็ด,ภาคตะวันออกเฉียงเหนือ,1,พลังประชารัฐ,17993,16.17,3,111288
2562,pv_45_z_1,pv_45,ร้อยเอ็ด,ภาคตะวันออกเฉียงเหนือ,1,อนาคตใหม่,14263,12.82,4,111288
2562,pv_45_z_1,pv_45,ร้อยเอ็ด,ภาคตะวันออกเฉียงเหนือ,1,เสรีรวมไทย,3244,2.91,5,111288
2562,pv_45_z_1,pv_45,ร้อยเอ็ด,ภาคตะวันออกเฉียงเหนือ,1,ประชาธิปัตย์,1749,1.57,6,111288
2562,pv_45_z_1,pv_45,ร้อยเอ็ด,ภาคตะวันออกเฉียงเหนือ,1,ชาติพัฒนา,1016,0.91,7,111288
2562,pv_45_z_1,pv_45,ร้อยเอ็ด,ภาคตะวันออกเฉียงเหนือ,1,เศรษฐกิจใหม่,814,0.73,8,111288
2562,pv_45_z_1,pv_45,ร้อยเอ็ด,ภาคตะวันออกเฉียงเหนือ,1,ภูมิใจไทย,483,0.43,9,111288
2562,pv_45_z_1,pv_45,ร้อยเอ็ด,ภาคตะวันออกเฉียงเหนือ,1,เพื่อชาติ,261,0.23,10,111288
2562,pv_45_z_1,pv_45,ร้อยเอ็ด,ภาคตะวันออกเฉียงเหนือ,1,ประชาชนปฏิรูป,259,0.23,11,111288
2562,pv_45_z_1,pv_45,ร้อยเอ็ด,ภาคตะวันออกเฉียงเหนือ,1,ประชาชาติ,223,0.20,12,111288
2562,pv_45_z_1,pv_45,ร้อยเอ็ด,ภาคตะวันออกเฉียงเหนือ,1,พลังสังคม,222,0.20,13,111288
2562,pv_45_z_1,pv_45,ร้อยเอ็ด,ภาคตะวันออกเฉียงเหนือ,1,พลังท้องถิ่นไท,218,0.20,14,111288
2562,pv_45_z_1,pv_45,ร้อยเอ็ด,ภาคตะวันออกเฉียงเหนือ,1,รวมพลังประชาชาติไทย,151,0.14,15,111288
2562,pv_45_z_1,pv_45,ร้อยเอ็ด,ภาคตะวันออกเฉียงเหนือ,1,ไทยธรรม,146,0.13,16,111288
2562,pv_45_z_1,pv_45,ร้อยเอ็ด,ภาคตะวันออกเฉียงเหนือ,1,ประชานิยม,143,0.13,17,111288
2562,pv_45_z_1,pv_45,ร้อยเอ็ด,ภาคตะวันออกเฉียงเหนือ,1,พลังธรรมใหม่,139,0.12,18,111288
2562,pv_45_z_1,pv_45,ร้อยเอ็ด,ภาคตะวันออกเฉียงเหนือ,1,พลังชาติไทย,128,0.12,19,111288
2562,pv_45_z_1,pv_45,ร้อยเอ็ด,ภาคตะวันออกเฉียงเหนือ,1,พลเมืองไทย,127,0.11,20,111288
2562,pv_45_z_1,pv_45,ร้อยเอ็ด,ภาคตะวันออกเฉียงเหนือ,1,ไทรักธรรม,110,0.10,21,111288
2562,pv_45_z_1,pv_45,ร้อยเอ็ด,ภาคตะวันออกเฉียงเหนือ,1,รวมใจไทย,108,0.10,22,111288
2562,pv_45_z_1,pv_45,ร้อยเอ็ด,ภาคตะวันออกเฉียงเหนือ,1,ประชาธรรมไทย,103,0.09,23,111288
2562,pv_45_z_1,pv_45,ร้อยเอ็ด,ภาคตะวันออกเฉียงเหนือ,1,ไทยศรีวิไลย์,98,0.09,24,111288
2562,pv_45_z_1,pv_45,ร้อยเอ็ด,ภาคตะวันออกเฉียงเหนือ,1,รักษ์ผืนป่าประเทศไทย,97,0.09,25,111288
2562,pv_45_z_1,pv_45,ร้อยเอ็ด,ภาคตะวันออกเฉียงเหนือ,1,พลังไทยรักไทย,84,0.08,26,111288
2562,pv_45_z_1,pv_45,ร้อยเอ็ด,ภาคตะวันออกเฉียงเหนือ,1,เพื่อแผ่นดิน,44,0.04,27,111288
2562,pv_45_z_1,pv_45,ร้อยเอ็ด,ภาคตะวันออกเฉียงเหนือ,1,พลังไทสร้างชาติ,38,0.03,28,111288
2562,pv_45_z_1,pv_45,ร้อยเอ็ด,ภาคตะวันออกเฉียงเหนือ,1,เพื่อชีวิตใหม่,36,0.03,29,111288
2562,pv_45_z_1,pv_45,ร้อยเอ็ด,ภาคตะวันออกเฉียงเหนือ,1,ภราดรภาพ,32,0.03,30,111288
2562,pv_45_z_1,pv_45,ร้อยเอ็ด,ภาคตะวันออกเฉียงเหนือ,1,ผึ้งหลวง,25,0.02,31,111288
2562,pv_45_z_1,pv_45,ร้อยเอ็ด,ภาคตะวันออกเฉียงเหนือ,1,พลังรัก,24,0.02,32,111288
2562,pv_45_z_1,pv_45,ร้อยเอ็ด,ภาคตะวันออกเฉียงเหนือ,1,แผ่นดินธรรม,11,0.01,33,111288
2562,pv_45_z_1,pv_45,ร้อยเอ็ด,ภาคตะวันออกเฉียงเหนือ,1,ประชาภิวัฒน์,0,0.00,34,111288
2562,pv_45_z_1,pv_45,ร้อยเอ็ด,ภาคตะวันออกเฉียงเหนือ,1,เพื่อนไทย,0,0.00,35,111288
2562,pv_45_z_1,pv_45,ร้อยเอ็ด,ภาคตะวันออกเฉียงเหนือ,1,ประชาไทย,0,0.00,36,111288
2562,pv_45_z_1,pv_45,ร้อยเอ็ด,ภาคตะวันออกเฉียงเหนือ,1,พลังแรงงานไทย,0,0.00,37,111288
2562,pv_45_z_1,pv_45,ร้อยเอ็ด,ภาคตะวันออกเฉียงเหนือ,1,ครูไทยเพื่อประชาชน,0,0.00,38,111288
2562,pv_45_z_1,pv_45,ร้อยเอ็ด,ภาคตะวันออกเฉียงเหนือ,1,มหาชน,0,0.00,39,111288
2562,pv_45_z_2,pv_45,ร้อยเอ็ด,ภาคตะวันออกเฉียงเหนือ,2,เพื่อไทย,47826,49.13,1,97339
2562,pv_45_z_2,pv_45,ร้อยเอ็ด,ภาคตะวันออกเฉียงเหนือ,2,พลังประชารัฐ,21701,22.29,2,97339
2562,pv_45_z_2,pv_45,ร้อยเอ็ด,ภาคตะวันออกเฉียงเหนือ,2,อนาคตใหม่,12220,12.55,3,97339
2562,pv_45_z_2,pv_45,ร้อยเอ็ด,ภาคตะวันออกเฉียงเหนือ,2,ประชาธิปัตย์,7079,7.27,4,97339
2562,pv_45_z_2,pv_45,ร้อยเอ็ด,ภาคตะวันออกเฉียงเหนือ,2,เสรีรวมไทย,1162,1.19,5,97339
2562,pv_45_z_2,pv_45,ร้อยเอ็ด,ภาคตะวันออกเฉียงเหนือ,2,เพื่อชาติ,967,0.99,6,97339
2562,pv_45_z_2,pv_45,ร้อยเอ็ด,ภาคตะวันออกเฉียงเหนือ,2,ประชาภิวัฒน์,932,0.96,7,97339
2562,pv_45_z_2,pv_45,ร้อยเอ็ด,ภาคตะวันออกเฉียงเหนือ,2,เศรษฐกิจใหม่,688,0.71,8,97339
2562,pv_45_z_2,pv_45,ร้อยเอ็ด,ภาคตะวันออกเฉียงเหนือ,2,ชาติไทยพัฒนา,658,0.68,9,97339
2562,pv_45_z_2,pv_45,ร้อยเอ็ด,ภาคตะวันออกเฉียงเหนือ,2,พลังปวงชนไทย,534,0.55,10,97339
2562,pv_45_z_2,pv_45,ร้อยเอ็ด,ภาคตะวันออกเฉียงเหนือ,2,ภราดรภาพ,416,0.43,11,97339
2562,pv_45_z_2,pv_45,ร้อยเอ็ด,ภาคตะวันออกเฉียงเหนือ,2,รวมพลังประชาชาติไทย,390,0.40,12,97339
2562,pv_45_z_2,pv_45,ร้อยเอ็ด,ภาคตะวันออกเฉียงเหนือ,2,พลังท้องถิ่นไท,353,0.36,13,97339
2562,pv_45_z_2,pv_45,ร้อยเอ็ด,ภาคตะวันออกเฉียงเหนือ,2,กรีน,294,0.30,14,97339
2562,pv_45_z_2,pv_45,ร้อยเอ็ด,ภาคตะวันออกเฉียงเหนือ,2,ภูมิใจไทย,259,0.27,15,97339
2562,pv_45_z_2,pv_45,ร้อยเอ็ด,ภาคตะวันออกเฉียงเหนือ,2,ไทยธรรม,197,0.20,16,97339
2562,pv_45_z_2,pv_45,ร้อยเอ็ด,ภาคตะวันออกเฉียงเหนือ,2,รักษ์ผืนป่าประเทศไทย,164,0.17,17,97339
2562,pv_45_z_2,pv_45,ร้อยเอ็ด,ภาคตะวันออกเฉียงเหนือ,2,ประชาธิปไตยใหม่,142,0.15,18,97339
2562,pv_45_z_2,pv_45,ร้อยเอ็ด,ภาคตะวันออกเฉียงเหนือ,2,ไทยศรีวิไลย์,140,0.14,19,97339
2562,pv_45_z_2,pv_45,ร้อยเอ็ด,ภาคตะวันออกเฉียงเหนือ,2,ชาติพัฒนา,139,0.14,20,97339
2562,pv_45_z_2,pv_45,ร้อยเอ็ด,ภาคตะวันออกเฉียงเหนือ,2,พลังสังคม,122,0.13,21,97339
2562,pv_45_z_2,pv_45,ร้อยเอ็ด,ภาคตะวันออกเฉียงเหนือ,2,พลังไทยรักไทย,115,0.12,22,97339
2562,pv_45_z_2,pv_45,ร้อยเอ็ด,ภาคตะวันออกเฉียงเหนือ,2,พลังธรรมใหม่,111,0.11,23,97339
2562,pv_45_z_2,pv_45,ร้อยเอ็ด,ภาคตะวันออกเฉียงเหนือ,2,ประชานิยม,107,0.11,24,97339
2562,pv_45_z_2,pv_45,ร้อยเอ็ด,ภาคตะวันออกเฉียงเหนือ,2,เพื่อชีวิตใหม่,100,0.10,25,97339
2562,pv_45_z_2,pv_45,ร้อยเอ็ด,ภาคตะวันออกเฉียงเหนือ,2,ครูไทยเพื่อประชาชน,79,0.08,26,97339
2562,pv_45_z_2,pv_45,ร้อยเอ็ด,ภาคตะวันออกเฉียงเหนือ,2,เพื่อแผ่นดิน,78,0.08,27,97339
2562,pv_45_z_2,pv_45,ร้อยเอ็ด,ภาคตะวันออกเฉียงเหนือ,2,ภาคีเครือข่ายไทย,78,0.08,28,97339
2562,pv_45_z_2,pv_45,ร้อยเอ็ด,ภาคตะวันออกเฉียงเหนือ,2,พลังรัก,68,0.07,29,97339
2562,pv_45_z_2,pv_45,ร้อยเอ็ด,ภาคตะวันออกเฉียงเหนือ,2,สยามพัฒนา,64,0.07,30,97339
2562,pv_45_z_2,pv_45,ร้อยเอ็ด,ภาคตะวันออกเฉียงเหนือ,2,พลังชาติไทย,51,0.05,31,97339
2562,pv_45_z_2,pv_45,ร้อยเอ็ด,ภาคตะวันออกเฉียงเหนือ,2,ประชาธรรมไทย,44,0.05,32,97339
2562,pv_45_z_2,pv_45,ร้อยเอ็ด,ภาคตะวันออกเฉียงเหนือ,2,ผึ้งหลวง,34,0.03,33,97339
2562,pv_45_z_2,pv_45,ร้อยเอ็ด,ภาคตะวันออกเฉียงเหนือ,2,ประชาชนปฏิรูป,27,0.03,34,97339
2562,pv_45_z_2,pv_45,ร้อยเอ็ด,ภาคตะวันออกเฉียงเหนือ,2,เพื่อนไทย,0,0.00,35,97339
2562,pv_45_z_2,pv_45,ร้อยเอ็ด,ภาคตะวันออกเฉียงเหนือ,2,ประชาไทย,0,0.00,36,97339
2562,pv_45_z_2,pv_45,ร้อยเอ็ด,ภาคตะวันออกเฉียงเหนือ,2,พลังแรงงานไทย,0,0.00,37,97339
2562,pv_45_z_2,pv_45,ร้อยเอ็ด,ภาคตะวันออกเฉียงเหนือ,2,มหาชน,0,0.00,38,97339
2562,pv_45_z_3,pv_45,ร้อยเอ็ด,ภาคตะวันออกเฉียงเหนือ,3,เพื่อไทย,37385,39.95,1,93576
2562,pv_45_z_3,pv_45,ร้อยเอ็ด,ภาคตะวันออกเฉียงเหนือ,3,พลังประชารัฐ,32715,34.96,2,93576
2562,pv_45_z_3,pv_45,ร้อยเอ็ด,ภาคตะวันออกเฉียงเหนือ,3,อนาคตใหม่,12881,13.77,3,93576
2562,pv_45_z_3,pv_45,ร้อยเอ็ด,ภาคตะวันออกเฉียงเหนือ,3,ชาติไทยพัฒนา,2384,2.55,4,93576
2562,pv_45_z_3,pv_45,ร้อยเอ็ด,ภาคตะวันออกเฉียงเหนือ,3,เสรีรวมไทย,949,1.01,5,93576
2562,pv_45_z_3,pv_45,ร้อยเอ็ด,ภาคตะวันออกเฉียงเหนือ,3,เพื่อชาติ,940,1.00,6,93576
2562,pv_45_z_3,pv_45,ร้อยเอ็ด,ภาคตะวันออกเฉียงเหนือ,3,ประชาธิปัตย์,881,0.94,7,93576
2562,pv_45_z_3,pv_45,ร้อยเอ็ด,ภาคตะวันออกเฉียงเหนือ,3,สยามพัฒนา,649,0.69,8,93576
2562,pv_45_z_3,pv_45,ร้อยเอ็ด,ภาคตะวันออกเฉียงเหนือ,3,ชาติพัฒนา,583,0.62,9,93576
2562,pv_45_z_3,pv_45,ร้อยเอ็ด,ภาคตะวันออกเฉียงเหนือ,3,พลเมืองไทย,482,0.52,10,93576
2562,pv_45_z_3,pv_45,ร้อยเอ็ด,ภาคตะวันออกเฉียงเหนือ,3,ภูมิใจไทย,462,0.49,11,93576
2562,pv_45_z_3,pv_45,ร้อยเอ็ด,ภาคตะวันออกเฉียงเหนือ,3,เศรษฐกิจใหม่,422,0.45,12,93576
2562,pv_45_z_3,pv_45,ร้อยเอ็ด,ภาคตะวันออกเฉียงเหนือ,3,รวมพลังประชาชาติไทย,379,0.41,13,93576
2562,pv_45_z_3,pv_45,ร้อยเอ็ด,ภาคตะวันออกเฉียงเหนือ,3,ทางเลือกใหม่,371,0.40,14,93576
2562,pv_45_z_3,pv_45,ร้อยเอ็ด,ภาคตะวันออกเฉียงเหนือ,3,พลังครูไทย,255,0.27,15,93576
2562,pv_45_z_3,pv_45,ร้อยเอ็ด,ภาคตะวันออกเฉียงเหนือ,3,พลังธรรมใหม่,250,0.27,16,93576
2562,pv_45_z_3,pv_45,ร้อยเอ็ด,ภาคตะวันออกเฉียงเหนือ,3,ผึ้งหลวง,199,0.21,17,93576
2562,pv_45_z_3,pv_45,ร้อยเอ็ด,ภาคตะวันออกเฉียงเหนือ,3,พลังชาติไทย,197,0.21,18,93576
2562,pv_45_z_3,pv_45,ร้อยเอ็ด,ภาคตะวันออกเฉียงเหนือ,3,พลังประชาธิปไตย,162,0.17,19,93576
2562,pv_45_z_3,pv_45,ร้อยเอ็ด,ภาคตะวันออกเฉียงเหนือ,3,เพื่อแผ่นดิน,136,0.15,20,93576
2562,pv_45_z_3,pv_45,ร้อยเอ็ด,ภาคตะวันออกเฉียงเหนือ,3,ประชาธรรมไทย,109,0.12,21,93576
2562,pv_45_z_3,pv_45,ร้อยเอ็ด,ภาคตะวันออกเฉียงเหนือ,3,พลังท้องถิ่นไท,102,0.11,22,93576
2562,pv_45_z_3,pv_45,ร้อยเอ็ด,ภาคตะวันออกเฉียงเหนือ,3,พลังไทยรักไทย,96,0.10,23,93576
2562,pv_45_z_3,pv_45,ร้อยเอ็ด,ภาคตะวันออกเฉียงเหนือ,3,รักษ์ผืนป่าประเทศไทย,92,0.10,24,93576
2562,pv_45_z_3,pv_45,ร้อยเอ็ด,ภาคตะวันออกเฉียงเหนือ,3,ประชาภิวัฒน์,88,0.09,25,93576
2562,pv_45_z_3,pv_45,ร้อยเอ็ด,ภาคตะวันออกเฉียงเหนือ,3,กรีน,82,0.09,26,93576
2562,pv_45_z_3,pv_45,ร้อยเอ็ด,ภาคตะวันออกเฉียงเหนือ,3,ไทยศรีวิไลย์,57,0.06,27,93576
2562,pv_45_z_3,pv_45,ร้อยเอ็ด,ภาคตะวันออกเฉียงเหนือ,3,ไทยธรรม,51,0.05,28,93576
2562,pv_45_z_3,pv_45,ร้อยเอ็ด,ภาคตะวันออกเฉียงเหนือ,3,ครูไทยเพื่อประชาชน,47,0.05,29,93576
2562,pv_45_z_3,pv_45,ร้อยเอ็ด,ภาคตะวันออกเฉียงเหนือ,3,ประชานิยม,46,0.05,30,93576
2562,pv_45_z_3,pv_45,ร้อยเอ็ด,ภาคตะวันออกเฉียงเหนือ,3,แผ่นดินธรรม,40,0.04,31,93576
2562,pv_45_z_3,pv_45,ร้อยเอ็ด,ภาคตะวันออกเฉียงเหนือ,3,ประชากรไทย,31,0.03,32,93576
2562,pv_45_z_3,pv_45,ร้อยเอ็ด,ภาคตะวันออกเฉียงเหนือ,3,พลังศรัทธา,27,0.03,33,93576
2562,pv_45_z_3,pv_45,ร้อยเอ็ด,ภาคตะวันออกเฉียงเหนือ,3,พลังสังคม,18,0.02,34,93576
2562,pv_45_z_3,pv_45,ร้อยเอ็ด,ภาคตะวันออกเฉียงเหนือ,3,พลังรัก,8,0.01,35,93576
2562,pv_45_z_3,pv_45,ร้อยเอ็ด,ภาคตะวันออกเฉียงเหนือ,3,ประชาชนปฏิรูป,0,0.00,36,93576
2562,pv_45_z_3,pv_45,ร้อยเอ็ด,ภาคตะวันออกเฉียงเหนือ,3,เพื่อนไทย,0,0.00,37,93576
2562,pv_45_z_3,pv_45,ร้อยเอ็ด,ภาคตะวันออกเฉียงเหนือ,3,มหาชน,0,0.00,38,93576
2562,pv_45_z_3,pv_45,ร้อยเอ็ด,ภาคตะวันออกเฉียงเหนือ,3,รักท้องถิ่นไทย,0,0.00,39,93576
2562,pv_45_z_4,pv_45,ร้อยเอ็ด,ภาคตะวันออกเฉียงเหนือ,4,เพื่อไทย,50072,53.65,1,93335
2562,pv_45_z_4,pv_45,ร้อยเอ็ด,ภาคตะวันออกเฉียงเหนือ,4,พลังประชารัฐ,18408,19.72,2,93335
2562,pv_45_z_4,pv_45,ร้อยเอ็ด,ภาคตะวันออกเฉียงเหนือ,4,อนาคตใหม่,12965,13.89,3,93335
2562,pv_45_z_4,pv_45,ร้อยเอ็ด,ภาคตะวันออกเฉียงเหนือ,4,ภูมิใจไทย,5971,6.40,4,93335
2562,pv_45_z_4,pv_45,ร้อยเอ็ด,ภาคตะวันออกเฉียงเหนือ,4,ประชาธิปัตย์,835,0.89,5,93335
2562,pv_45_z_4,pv_45,ร้อยเอ็ด,ภาคตะวันออกเฉียงเหนือ,4,เสรีรวมไทย,809,0.87,6,93335
2562,pv_45_z_4,pv_45,ร้อยเอ็ด,ภาคตะวันออกเฉียงเหนือ,4,พลังท้องถิ่นไท,664,0.71,7,93335
2562,pv_45_z_4,pv_45,ร้อยเอ็ด,ภาคตะวันออกเฉียงเหนือ,4,เศรษฐกิจใหม่,468,0.50,8,93335
2562,pv_45_z_4,pv_45,ร้อยเอ็ด,ภาคตะวันออกเฉียงเหนือ,4,พลังไทยรักไทย,418,0.45,9,93335
2562,pv_45_z_4,pv_45,ร้อยเอ็ด,ภาคตะวันออกเฉียงเหนือ,4,พลังธรรมใหม่,266,0.28,10,93335
2562,pv_45_z_4,pv_45,ร้อยเอ็ด,ภาคตะวันออกเฉียงเหนือ,4,เพื่อชาติ,217,0.23,11,93335
2562,pv_45_z_4,pv_45,ร้อยเอ็ด,ภาคตะวันออกเฉียงเหนือ,4,ประชาชาติ,215,0.23,12,93335
2562,pv_45_z_4,pv_45,ร้อยเอ็ด,ภาคตะวันออกเฉียงเหนือ,4,รักษ์ผืนป่าประเทศไทย,215,0.23,13,93335
2562,pv_45_z_4,pv_45,ร้อยเอ็ด,ภาคตะวันออกเฉียงเหนือ,4,ไทยศรีวิไลย์,193,0.21,14,93335
2562,pv_45_z_4,pv_45,ร้อยเอ็ด,ภาคตะวันออกเฉียงเหนือ,4,พลังครูไทย,189,0.20,15,93335
2562,pv_45_z_4,pv_45,ร้อยเอ็ด,ภาคตะวันออกเฉียงเหนือ,4,ชาติไทยพัฒนา,187,0.20,16,93335
2562,pv_45_z_4,pv_45,ร้อยเอ็ด,ภาคตะวันออกเฉียงเหนือ,4,รวมพลังประชาชาติไทย,170,0.18,17,93335
2562,pv_45_z_4,pv_45,ร้อยเอ็ด,ภาคตะวันออกเฉียงเหนือ,4,ประชานิยม,159,0.17,18,93335
2562,pv_45_z_4,pv_45,ร้อยเอ็ด,ภาคตะวันออกเฉียงเหนือ,4,ทางเลือกใหม่,139,0.15,19,93335
2562,pv_45_z_4,pv_45,ร้อยเอ็ด,ภาคตะวันออกเฉียงเหนือ,4,เพื่อแผ่นดิน,115,0.12,20,93335
2562,pv_45_z_4,pv_45,ร้อยเอ็ด,ภาคตะวันออกเฉียงเหนือ,4,ไทยธรรม,113,0.12,21,93335
2562,pv_45_z_4,pv_45,ร้อยเอ็ด,ภาคตะวันออกเฉียงเหนือ,4,พลังปวงชนไทย,90,0.10,22,93335
2562,pv_45_z_4,pv_45,ร้อยเอ็ด,ภาคตะวันออกเฉียงเหนือ,4,ประชาภิวัฒน์,85,0.09,23,93335
2562,pv_45_z_4,pv_45,ร้อยเอ็ด,ภาคตะวันออกเฉียงเหนือ,4,ประชาธรรมไทย,78,0.08,24,93335
2562,pv_45_z_4,pv_45,ร้อยเอ็ด,ภาคตะวันออกเฉียงเหนือ,4,แผ่นดินธรรม,75,0.08,25,93335
2562,pv_45_z_4,pv_45,ร้อยเอ็ด,ภาคตะวันออกเฉียงเหนือ,4,กรีน,60,0.06,26,93335
2562,pv_45_z_4,pv_45,ร้อยเอ็ด,ภาคตะวันออกเฉียงเหนือ,4,ประชาชนปฏิรูป,36,0.04,27,93335
2562,pv_45_z_4,pv_45,ร้อยเอ็ด,ภาคตะวันออกเฉียงเหนือ,4,ภาคีเครือข่ายไทย,30,0.03,28,93335
2562,pv_45_z_4,pv_45,ร้อยเอ็ด,ภาคตะวันออกเฉียงเหนือ,4,ครูไทยเพื่อประชาชน,28,0.03,29,93335
2562,pv_45_z_4,pv_45,ร้อยเอ็ด,ภาคตะวันออกเฉียงเหนือ,4,พลังศรัทธา,25,0.03,30,93335
2562,pv_45_z_4,pv_45,ร้อยเอ็ด,ภาคตะวันออกเฉียงเหนือ,4,พลังชาติไทย,21,0.02,31,93335
2562,pv_45_z_4,pv_45,ร้อยเอ็ด,ภาคตะวันออกเฉียงเหนือ,4,สยามพัฒนา,19,0.02,32,93335
2562,pv_45_z_4,pv_45,ร้อยเอ็ด,ภาคตะวันออกเฉียงเหนือ,4,ชาติพัฒนา,0,0.00,33,93335
2562,pv_45_z_4,pv_45,ร้อยเอ็ด,ภาคตะวันออกเฉียงเหนือ,4,เพื่อนไทย,0,0.00,34,93335
2562,pv_45_z_4,pv_45,ร้อยเอ็ด,ภาคตะวันออกเฉียงเหนือ,4,มหาชน,0,0.00,35,93335
2562,pv_45_z_4,pv_45,ร้อยเอ็ด,ภาคตะวันออกเฉียงเหนือ,4,ไทยรักษาชาติ,0,0.00,36,93335
2562,pv_45_z_5,pv_45,ร้อยเอ็ด,ภาคตะวันออกเฉียงเหนือ,5,เพื่อไทย,58842,63.66,1,92429
2562,pv_45_z_5,pv_45,ร้อยเอ็ด,ภาคตะวันออกเฉียงเหนือ,5,อนาคตใหม่,11172,12.09,2,92429
2562,pv_45_z_5,pv_45,ร้อยเอ็ด,ภาคตะวันออกเฉียงเหนือ,5,พลังประชารัฐ,9686,10.48,3,92429
2562,pv_45_z_5,pv_45,ร้อยเอ็ด,ภาคตะวันออกเฉียงเหนือ,5,ชาติไทยพัฒนา,3743,4.05,4,92429
2562,pv_45_z_5,pv_45,ร้อยเอ็ด,ภาคตะวันออกเฉียงเหนือ,5,เสรีรวมไทย,1708,1.85,5,92429
2562,pv_45_z_5,pv_45,ร้อยเอ็ด,ภาคตะวันออกเฉียงเหนือ,5,ประชาธิปัตย์,1065,1.15,6,92429
2562,pv_45_z_5,pv_45,ร้อยเอ็ด,ภาคตะวันออกเฉียงเหนือ,5,พลังศรัทธา,982,1.06,7,92429
2562,pv_45_z_5,pv_45,ร้อยเอ็ด,ภาคตะวันออกเฉียงเหนือ,5,พลังไทยรักไทย,955,1.03,8,92429
2562,pv_45_z_5,pv_45,ร้อยเอ็ด,ภาคตะวันออกเฉียงเหนือ,5,รวมพลังประชาชาติไทย,839,0.91,9,92429
2562,pv_45_z_5,pv_45,ร้อยเอ็ด,ภาคตะวันออกเฉียงเหนือ,5,เพื่อชาติ,521,0.56,10,92429
2562,pv_45_z_5,pv_45,ร้อยเอ็ด,ภาคตะวันออกเฉียงเหนือ,5,พลังท้องถิ่นไท,403,0.44,11,92429
2562,pv_45_z_5,pv_45,ร้อยเอ็ด,ภาคตะวันออกเฉียงเหนือ,5,ภูมิใจไทย,393,0.43,12,92429
2562,pv_45_z_5,pv_45,ร้อยเอ็ด,ภาคตะวันออกเฉียงเหนือ,5,เศรษฐกิจใหม่,316,0.34,13,92429
2562,pv_45_z_5,pv_45,ร้อยเอ็ด,ภาคตะวันออกเฉียงเหนือ,5,พลังสังคม,285,0.31,14,92429
2562,pv_45_z_5,pv_45,ร้อยเอ็ด,ภาคตะวันออกเฉียงเหนือ,5,ประชาธรรมไทย,233,0.25,15,92429
2562,pv_45_z_5,pv_45,ร้อยเอ็ด,ภาคตะวันออกเฉียงเหนือ,5,พลังประชาธิปไตย,159,0.17,16,92429
2562,pv_45_z_5,pv_45,ร้อยเอ็ด,ภาคตะวันออกเฉียงเหนือ,5,ผึ้งหลวง,156,0.17,17,92429
2562,pv_45_z_5,pv_45,ร้อยเอ็ด,ภาคตะวันออกเฉียงเหนือ,5,ทางเลือกใหม่,152,0.16,18,92429
2562,pv_45_z_5,pv_45,ร้อยเอ็ด,ภาคตะวันออกเฉียงเหนือ,5,พลังธรรมใหม่,126,0.14,19,92429
2562,pv_45_z_5,pv_45,ร้อยเอ็ด,ภาคตะวันออกเฉียงเหนือ,5,รักษ์ผืนป่าประเทศไทย,100,0.11,20,92429
2562,pv_45_z_5,pv_45,ร้อยเอ็ด,ภาคตะวันออกเฉียงเหนือ,5,เพื่อแผ่นดิน,93,0.10,21,92429
2562,pv_45_z_5,pv_45,ร้อยเอ็ด,ภาคตะวันออกเฉียงเหนือ,5,ไทยศรีวิไลย์,78,0.08,22,92429
2562,pv_45_z_5,pv_45,ร้อยเอ็ด,ภาคตะวันออกเฉียงเหนือ,5,พลังครูไทย,74,0.08,23,92429
2562,pv_45_z_5,pv_45,ร้อยเอ็ด,ภาคตะวันออกเฉียงเหนือ,5,ประชาชนปฏิรูป,61,0.07,24,92429
2562,pv_45_z_5,pv_45,ร้อยเอ็ด,ภาคตะวันออกเฉียงเหนือ,5,ประชาภิวัฒน์,59,0.06,25,92429
2562,pv_45_z_5,pv_45,ร้อยเอ็ด,ภาคตะวันออกเฉียงเหนือ,5,ไทยธรรม,51,0.06,26,92429
2562,pv_45_z_5,pv_45,ร้อยเอ็ด,ภาคตะวันออกเฉียงเหนือ,5,ประชานิยม,47,0.05,27,92429
2562,pv_45_z_5,pv_45,ร้อยเอ็ด,ภาคตะวันออกเฉียงเหนือ,5,ครูไทยเพื่อประชาชน,38,0.04,28,92429
2562,pv_45_z_5,pv_45,ร้อยเอ็ด,ภาคตะวันออกเฉียงเหนือ,5,ชาติพัฒนา,32,0.03,29,92429
2562,pv_45_z_5,pv_45,ร้อยเอ็ด,ภาคตะวันออกเฉียงเหนือ,5,เพื่อชีวิตใหม่,31,0.03,30,92429
2562,pv_45_z_5,pv_45,ร้อยเอ็ด,ภาคตะวันออกเฉียงเหนือ,5,พลังไทสร้างชาติ,29,0.03,31,92429
2562,pv_45_z_5,pv_45,ร้อยเอ็ด,ภาคตะวันออกเฉียงเหนือ,5,เพื่อนไทย,0,0.00,32,92429
2562,pv_45_z_5,pv_45,ร้อยเอ็ด,ภาคตะวันออกเฉียงเหนือ,5,มหาชน,0,0.00,33,92429
2562,pv_45_z_5,pv_45,ร้อยเอ็ด,ภาคตะวันออกเฉียงเหนือ,5,พลังแรงงานไทย,0,0.00,34,92429
2562,pv_45_z_6,pv_45,ร้อยเอ็ด,ภาคตะวันออกเฉียงเหนือ,6,เพื่อไทย,52734,55.44,1,95125
2562,pv_45_z_6,pv_45,ร้อยเอ็ด,ภาคตะวันออกเฉียงเหนือ,6,อนาคตใหม่,14325,15.06,2,95125
2562,pv_45_z_6,pv_45,ร้อยเอ็ด,ภาคตะวันออกเฉียงเหนือ,6,พลังประชารัฐ,13801,14.51,3,95125
2562,pv_45_z_6,pv_45,ร้อยเอ็ด,ภาคตะวันออกเฉียงเหนือ,6,ภูมิใจไทย,3922,4.12,4,95125
2562,pv_45_z_6,pv_45,ร้อยเอ็ด,ภาคตะวันออกเฉียงเหนือ,6,เสรีรวมไทย,1763,1.85,5,95125
2562,pv_45_z_6,pv_45,ร้อยเอ็ด,ภาคตะวันออกเฉียงเหนือ,6,ประชาธรรมไทย,1057,1.11,6,95125
2562,pv_45_z_6,pv_45,ร้อยเอ็ด,ภาคตะวันออกเฉียงเหนือ,6,ประชาธิปัตย์,1032,1.08,7,95125
2562,pv_45_z_6,pv_45,ร้อยเอ็ด,ภาคตะวันออกเฉียงเหนือ,6,พลังปวงชนไทย,1003,1.05,8,95125
2562,pv_45_z_6,pv_45,ร้อยเอ็ด,ภาคตะวันออกเฉียงเหนือ,6,ทางเลือกใหม่,898,0.94,9,95125
2562,pv_45_z_6,pv_45,ร้อยเอ็ด,ภาคตะวันออกเฉียงเหนือ,6,ชาติไทยพัฒนา,458,0.48,10,95125
2562,pv_45_z_6,pv_45,ร้อยเอ็ด,ภาคตะวันออกเฉียงเหนือ,6,ประชาชนปฏิรูป,385,0.40,11,95125
2562,pv_45_z_6,pv_45,ร้อยเอ็ด,ภาคตะวันออกเฉียงเหนือ,6,พลังไทยรักไทย,364,0.38,12,95125
2562,pv_45_z_6,pv_45,ร้อยเอ็ด,ภาคตะวันออกเฉียงเหนือ,6,เศรษฐกิจใหม่,324,0.34,13,95125
2562,pv_45_z_6,pv_45,ร้อยเอ็ด,ภาคตะวันออกเฉียงเหนือ,6,รวมพลังประชาชาติไทย,323,0.34,14,95125
2562,pv_45_z_6,pv_45,ร้อยเอ็ด,ภาคตะวันออกเฉียงเหนือ,6,เพื่อแผ่นดิน,312,0.33,15,95125
2562,pv_45_z_6,pv_45,ร้อยเอ็ด,ภาคตะวันออกเฉียงเหนือ,6,พลังท้องถิ่นไท,300,0.32,16,95125
2562,pv_45_z_6,pv_45,ร้อยเอ็ด,ภาคตะวันออกเฉียงเหนือ,6,รักษ์ผืนป่าประเทศไทย,296,0.31,17,95125
2562,pv_45_z_6,pv_45,ร้อยเอ็ด,ภาคตะวันออกเฉียงเหนือ,6,ชาติพัฒนา,257,0.27,18,95125
2562,pv_45_z_6,pv_45,ร้อยเอ็ด,ภาคตะวันออกเฉียงเหนือ,6,พลังไทสร้างชาติ,241,0.25,19,95125
2562,pv_45_z_6,pv_45,ร้อยเอ็ด,ภาคตะวันออกเฉียงเหนือ,6,พลังศรัทธา,151,0.16,20,95125
2562,pv_45_z_6,pv_45,ร้อยเอ็ด,ภาคตะวันออกเฉียงเหนือ,6,สยามพัฒนา,150,0.16,21,95125
2562,pv_45_z_6,pv_45,ร้อยเอ็ด,ภาคตะวันออกเฉียงเหนือ,6,พลังธรรมใหม่,121,0.13,22,95125
2562,pv_45_z_6,pv_45,ร้อยเอ็ด,ภาคตะวันออกเฉียงเหนือ,6,ประชานิยม,120,0.13,23,95125
2562,pv_45_z_6,pv_45,ร้อยเอ็ด,ภาคตะวันออกเฉียงเหนือ,6,เพื่อชีวิตใหม่,119,0.13,24,95125
2562,pv_45_z_6,pv_45,ร้อยเอ็ด,ภาคตะวันออกเฉียงเหนือ,6,ไทยศรีวิไลย์,118,0.12,25,95125
2562,pv_45_z_6,pv_45,ร้อยเอ็ด,ภาคตะวันออกเฉียงเหนือ,6,ประชาภิวัฒน์,116,0.12,26,95125
2562,pv_45_z_6,pv_45,ร้อยเอ็ด,ภาคตะวันออกเฉียงเหนือ,6,ภราดรภาพ,107,0.11,27,95125
2562,pv_45_z_6,pv_45,ร้อยเอ็ด,ภาคตะวันออกเฉียงเหนือ,6,พลังชาติไทย,67,0.07,28,95125
2562,pv_45_z_6,pv_45,ร้อยเอ็ด,ภาคตะวันออกเฉียงเหนือ,6,แผ่นดินธรรม,53,0.06,29,95125
2562,pv_45_z_6,pv_45,ร้อยเอ็ด,ภาคตะวันออกเฉียงเหนือ,6,กรีน,51,0.05,30,95125
2562,pv_45_z_6,pv_45,ร้อยเอ็ด,ภาคตะวันออกเฉียงเหนือ,6,ไทรักธรรม,49,0.05,31,95125
2562,pv_45_z_6,pv_45,ร้อยเอ็ด,ภาคตะวันออกเฉียงเหนือ,6,ไทยธรรม,46,0.05,32,95125
2562,pv_45_z_6,pv_45,ร้อยเอ็ด,ภาคตะวันออกเฉียงเหนือ,6,ภาคีเครือข่ายไทย,37,0.04,33,95125
2562,pv_45_z_6,pv_45,ร้อยเอ็ด,ภาคตะวันออกเฉียงเหนือ,6,ผึ้งหลวง,19,0.02,34,95125
2562,pv_45_z_6,pv_45,ร้อยเอ็ด,ภาคตะวันออกเฉียงเหนือ,6,พลังสังคม,6,0.01,35,95125
2562,pv_45_z_6,pv_45,ร้อยเอ็ด,ภาคตะวันออกเฉียงเหนือ,6,ประชาชาติ,0,0.00,36,95125
2562,pv_45_z_6,pv_45,ร้อยเอ็ด,ภาคตะวันออกเฉียงเหนือ,6,เพื่อนไทย,0,0.00,37,95125
2562,pv_45_z_6,pv_45,ร้อยเอ็ด,ภาคตะวันออกเฉียงเหนือ,6,เพื่อชาติ,0,0.00,38,95125
2562,pv_45_z_6,pv_45,ร้อยเอ็ด,ภาคตะวันออกเฉียงเหนือ,6,ประชากรไทย,0,0.00,39,95125
2562,pv_45_z_6,pv_45,ร้อยเอ็ด,ภาคตะวันออกเฉียงเหนือ,6,ครูไทยเพื่อประชาชน,0,0.00,40,95125
2562,pv_45_z_6,pv_45,ร้อยเอ็ด,ภาคตะวันออกเฉียงเหนือ,6,ไทยรักษาชาติ,0,0.00,41,95125
2562,pv_45_z_7,pv_45,ร้อยเอ็ด,ภาคตะวันออกเฉียงเหนือ,7,เพื่อไทย,51049,51.59,1,98946
2562,pv_45_z_7,pv_45,ร้อยเอ็ด,ภาคตะวันออกเฉียงเหนือ,7,พลังประชารัฐ,18024,18.22,2,98946
2562,pv_45_z_7,pv_45,ร้อยเอ็ด,ภาคตะวันออกเฉียงเหนือ,7,อนาคตใหม่,11802,11.93,3,98946
2562,pv_45_z_7,pv_45,ร้อยเอ็ด,ภาคตะวันออกเฉียงเหนือ,7,ชาติไทยพัฒนา,6507,6.58,4,98946
2562,pv_45_z_7,pv_45,ร้อยเอ็ด,ภาคตะวันออกเฉียงเหนือ,7,ภูมิใจไทย,3444,3.48,5,98946
2562,pv_45_z_7,pv_45,ร้อยเอ็ด,ภาคตะวันออกเฉียงเหนือ,7,เสรีรวมไทย,1883,1.90,6,98946
2562,pv_45_z_7,pv_45,ร้อยเอ็ด,ภาคตะวันออกเฉียงเหนือ,7,ไทรักธรรม,657,0.66,7,98946
2562,pv_45_z_7,pv_45,ร้อยเอ็ด,ภาคตะวันออกเฉียงเหนือ,7,เศรษฐกิจใหม่,645,0.65,8,98946
2562,pv_45_z_7,pv_45,ร้อยเอ็ด,ภาคตะวันออกเฉียงเหนือ,7,ประชาธิปัตย์,550,0.56,9,98946
2562,pv_45_z_7,pv_45,ร้อยเอ็ด,ภาคตะวันออกเฉียงเหนือ,7,เพื่อชาติ,462,0.47,10,98946
2562,pv_45_z_7,pv_45,ร้อยเอ็ด,ภาคตะวันออกเฉียงเหนือ,7,พลังท้องถิ่นไท,406,0.41,11,98946
2562,pv_45_z_7,pv_45,ร้อยเอ็ด,ภาคตะวันออกเฉียงเหนือ,7,พลังชาติไทย,354,0.36,12,98946
2562,pv_45_z_7,pv_45,ร้อยเอ็ด,ภาคตะวันออกเฉียงเหนือ,7,ประชาชนปฏิรูป,301,0.30,13,98946
2562,pv_45_z_7,pv_45,ร้อยเอ็ด,ภาคตะวันออกเฉียงเหนือ,7,ครูไทยเพื่อประชาชน,269,0.27,14,98946
2562,pv_45_z_7,pv_45,ร้อยเอ็ด,ภาคตะวันออกเฉียงเหนือ,7,เพื่อแผ่นดิน,254,0.26,15,98946
2562,pv_45_z_7,pv_45,ร้อยเอ็ด,ภาคตะวันออกเฉียงเหนือ,7,ประชาชาติ,249,0.25,16,98946
2562,pv_45_z_7,pv_45,ร้อยเอ็ด,ภาคตะวันออกเฉียงเหนือ,7,ประชานิยม,230,0.23,17,98946
2562,pv_45_z_7,pv_45,ร้อยเอ็ด,ภาคตะวันออกเฉียงเหนือ,7,สยามพัฒนา,201,0.20,18,98946
2562,pv_45_z_7,pv_45,ร้อยเอ็ด,ภาคตะวันออกเฉียงเหนือ,7,รักษ์ผืนป่าประเทศไทย,199,0.20,19,98946
2562,pv_45_z_7,pv_45,ร้อยเอ็ด,ภาคตะวันออกเฉียงเหนือ,7,พลังธรรมใหม่,169,0.17,20,98946
2562,pv_45_z_7,pv_45,ร้อยเอ็ด,ภาคตะวันออกเฉียงเหนือ,7,กรีน,152,0.15,21,98946
2562,pv_45_z_7,pv_45,ร้อยเอ็ด,ภาคตะวันออกเฉียงเหนือ,7,พลังไทยรักไทย,147,0.15,22,98946
2562,pv_45_z_7,pv_45,ร้อยเอ็ด,ภาคตะวันออกเฉียงเหนือ,7,ชาติพัฒนา,138,0.14,23,98946
2562,pv_45_z_7,pv_45,ร้อยเอ็ด,ภาคตะวันออกเฉียงเหนือ,7,ประชาธิปไตยใหม่,138,0.14,24,98946
2562,pv_45_z_7,pv_45,ร้อยเอ็ด,ภาคตะวันออกเฉียงเหนือ,7,ประชาภิวัฒน์,124,0.13,25,98946
2562,pv_45_z_7,pv_45,ร้อยเอ็ด,ภาคตะวันออกเฉียงเหนือ,7,รวมพลังประชาชาติไทย,119,0.12,26,98946
2562,pv_45_z_7,pv_45,ร้อยเอ็ด,ภาคตะวันออกเฉียงเหนือ,7,ทางเลือกใหม่,111,0.11,27,98946
2562,pv_45_z_7,pv_45,ร้อยเอ็ด,ภาคตะวันออกเฉียงเหนือ,7,พลังไทสร้างชาติ,90,0.09,28,98946
2562,pv_45_z_7,pv_45,ร้อยเอ็ด,ภาคตะวันออกเฉียงเหนือ,7,ไทยศรีวิไลย์,77,0.08,29,98946
2562,pv_45_z_7,pv_45,ร้อยเอ็ด,ภาคตะวันออกเฉียงเหนือ,7,ไทยธรรม,64,0.06,30,98946
2562,pv_45_z_7,pv_45,ร้อยเอ็ด,ภาคตะวันออกเฉียงเหนือ,7,เพื่อชีวิตใหม่,49,0.05,31,98946
2562,pv_45_z_7,pv_45,ร้อยเอ็ด,ภาคตะวันออกเฉียงเหนือ,7,พลังศรัทธา,40,0.04,32,98946
2562,pv_45_z_7,pv_45,ร้อยเอ็ด,ภาคตะวันออกเฉียงเหนือ,7,พลังปวงชนไทย,26,0.03,33,98946
2562,pv_45_z_7,pv_45,ร้อยเอ็ด,ภาคตะวันออกเฉียงเหนือ,7,พลังสังคม,16,0.02,34,98946
2562,pv_45_z_7,pv_45,ร้อยเอ็ด,ภาคตะวันออกเฉียงเหนือ,7,เพื่อนไทย,0,0.00,35,98946
2562,pv_45_z_7,pv_45,ร้อยเอ็ด,ภาคตะวันออกเฉียงเหนือ,7,ประชากรไทย,0,0.00,36,98946
2562,pv_45_z_7,pv_45,ร้อยเอ็ด,ภาคตะวันออกเฉียงเหนือ,7,ไทยรักษาชาติ,0,0.00,37,98946
2562,pv_85_z_1,pv_85,ระนอง,ภาคใต้,1,ภูมิใจไทย,36361,38.36,1,94778
2562,pv_85_z_1,pv_85,ระนอง,ภาคใต้,1,พลังประชารัฐ,21943,23.15,2,94778
2562,pv_85_z_1,pv_85,ระนอง,ภาคใต้,1,ประชาธิปัตย์,17606,18.58,3,94778
2562,pv_85_z_1,pv_85,ระนอง,ภาคใต้,1,อนาคตใหม่,8541,9.01,4,94778
2562,pv_85_z_1,pv_85,ระนอง,ภาคใต้,1,เสรีรวมไทย,1475,1.56,5,94778
2562,pv_85_z_1,pv_85,ระนอง,ภาคใต้,1,เศรษฐกิจใหม่,927,0.98,6,94778
2562,pv_85_z_1,pv_85,ระนอง,ภาคใต้,1,กรีน,885,0.93,7,94778
2562,pv_85_z_1,pv_85,ระนอง,ภาคใต้,1,ประชาภิวัฒน์,799,0.84,8,94778
2562,pv_85_z_1,pv_85,ระนอง,ภาคใต้,1,รวมพลังประชาชาติไทย,784,0.83,9,94778
2562,pv_85_z_1,pv_85,ระนอง,ภาคใต้,1,ชาติพัฒนา,689,0.73,10,94778
2562,pv_85_z_1,pv_85,ระนอง,ภาคใต้,1,ประชาชาติ,611,0.64,11,94778
2562,pv_85_z_1,pv_85,ระนอง,ภาคใต้,1,เพื่อชาติ,492,0.52,12,94778
2562,pv_85_z_1,pv_85,ระนอง,ภาคใต้,1,รักษ์ผืนป่าประเทศไทย,478,0.50,13,94778
2562,pv_85_z_1,pv_85,ระนอง,ภาคใต้,1,พลังไทยรักชาติ,425,0.45,14,94778
2562,pv_85_z_1,pv_85,ระนอง,ภาคใต้,1,ประชานิยม,406,0.43,15,94778
2562,pv_85_z_1,pv_85,ระนอง,ภาคใต้,1,พลังชาติไทย,316,0.33,16,94778
2562,pv_85_z_1,pv_85,ระนอง,ภาคใต้,1,ชาติไทยพัฒนา,302,0.32,17,94778
2562,pv_85_z_1,pv_85,ระนอง,ภาคใต้,1,พลังท้องถิ่นไท,274,0.29,18,94778
2562,pv_85_z_1,pv_85,ระนอง,ภาคใต้,1,พลังไทสร้างชาติ,247,0.26,19,94778
2562,pv_85_z_1,pv_85,ระนอง,ภาคใต้,1,พลังปวงชนไทย,242,0.26,20,94778
2562,pv_85_z_1,pv_85,ระนอง,ภาคใต้,1,พลังไทยรักไทย,220,0.23,21,94778
2562,pv_85_z_1,pv_85,ระนอง,ภาคใต้,1,ประชาชนปฏิรูป,209,0.22,22,94778
2562,pv_85_z_1,pv_85,ระนอง,ภาคใต้,1,คลองไทย,173,0.18,23,94778
2562,pv_85_z_1,pv_85,ระนอง,ภาคใต้,1,พลังธรรมใหม่,151,0.16,24,94778
2562,pv_85_z_1,pv_85,ระนอง,ภาคใต้,1,ไทรักธรรม,116,0.12,25,94778
2562,pv_85_z_1,pv_85,ระนอง,ภาคใต้,1,มหาชน,79,0.08,26,94778
2562,pv_85_z_1,pv_85,ระนอง,ภาคใต้,1,ภาคีเครือข่ายไทย,27,0.03,27,94778
2562,pv_85_z_1,pv_85,ระนอง,ภาคใต้,1,ไทยรักษาชาติ,0,0.00,28,94778
2562,pv_21_z_1,pv_21,ระยอง,ภาคตะวันออก,1,ประชาธิปัตย์,33376,42.05,1,79367
2562,pv_21_z_1,pv_21,ระยอง,ภาคตะวันออก,1,อนาคตใหม่,21064,26.54,2,79367
2562,pv_21_z_1,pv_21,ระยอง,ภาคตะวันออก,1,เพื่อไทย,11368,14.32,3,79367
2562,pv_21_z_1,pv_21,ระยอง,ภาคตะวันออก,1,เสรีรวมไทย,2766,3.49,4,79367
2562,pv_21_z_1,pv_21,ระยอง,ภาคตะวันออก,1,เศรษฐกิจใหม่,2640,3.33,5,79367
2562,pv_21_z_1,pv_21,ระยอง,ภาคตะวันออก,1,ภูมิใจไทย,2406,3.03,6,79367
2562,pv_21_z_1,pv_21,ระยอง,ภาคตะวันออก,1,รวมพลังประชาชาติไทย,2298,2.90,7,79367
2562,pv_21_z_1,pv_21,ระยอง,ภาคตะวันออก,1,ชาติไทยพัฒนา,549,0.69,8,79367
2562,pv_21_z_1,pv_21,ระยอง,ภาคตะวันออก,1,ไทยศรีวิไลย์,454,0.57,9,79367
2562,pv_21_z_1,pv_21,ระยอง,ภาคตะวันออก,1,เพื่อชาติ,394,0.50,10,79367
2562,pv_21_z_1,pv_21,ระยอง,ภาคตะวันออก,1,พลังท้องถิ่นไท,358,0.45,11,79367
2562,pv_21_z_1,pv_21,ระยอง,ภาคตะวันออก,1,รักษ์ผืนป่าประเทศไทย,333,0.42,12,79367
2562,pv_21_z_1,pv_21,ระยอง,ภาคตะวันออก,1,ประชาชนปฏิรูป,244,0.31,13,79367
2562,pv_21_z_1,pv_21,ระยอง,ภาคตะวันออก,1,พลเมืองไทย,212,0.27,14,79367
2562,pv_21_z_1,pv_21,ระยอง,ภาคตะวันออก,1,ประชาไทย,142,0.18,15,79367
2562,pv_21_z_1,pv_21,ระยอง,ภาคตะวันออก,1,ประชาธิปไตยใหม่,138,0.17,16,79367
2562,pv_21_z_1,pv_21,ระยอง,ภาคตะวันออก,1,เพื่อชีวิตใหม่,111,0.14,17,79367
2562,pv_21_z_1,pv_21,ระยอง,ภาคตะวันออก,1,ไทรักธรรม,94,0.12,18,79367
2562,pv_21_z_1,pv_21,ระยอง,ภาคตะวันออก,1,ครูไทยเพื่อประชาชน,93,0.12,19,79367
2562,pv_21_z_1,pv_21,ระยอง,ภาคตะวันออก,1,พลังชาติไทย,82,0.10,20,79367
2562,pv_21_z_1,pv_21,ระยอง,ภาคตะวันออก,1,ประชานิยม,67,0.08,21,79367
2562,pv_21_z_1,pv_21,ระยอง,ภาคตะวันออก,1,เพื่อแผ่นดิน,43,0.05,22,79367
2562,pv_21_z_1,pv_21,ระยอง,ภาคตะวันออก,1,ประชาธรรมไทย,40,0.05,23,79367
2562,pv_21_z_1,pv_21,ระยอง,ภาคตะวันออก,1,ประชาภิวัฒน์,37,0.05,24,79367
2562,pv_21_z_1,pv_21,ระยอง,ภาคตะวันออก,1,มหาชน,33,0.04,25,79367
2562,pv_21_z_1,pv_21,ระยอง,ภาคตะวันออก,1,มติประชา,25,0.03,26,79367
2562,pv_21_z_1,pv_21,ระยอง,ภาคตะวันออก,1,พลังประชารัฐ,0,0.00,27,79367
2562,pv_21_z_1,pv_21,ระยอง,ภาคตะวันออก,1,ไทยรักษาชาติ,0,0.00,28,79367
2562,pv_21_z_2,pv_21,ระยอง,ภาคตะวันออก,2,ประชาธิปัตย์,35436,35.93,1,98627
2562,pv_21_z_2,pv_21,ระยอง,ภาคตะวันออก,2,อนาคตใหม่,24602,24.94,2,98627
2562,pv_21_z_2,pv_21,ระยอง,ภาคตะวันออก,2,พลังประชารัฐ,20542,20.83,3,98627
2562,pv_21_z_2,pv_21,ระยอง,ภาคตะวันออก,2,เสรีรวมไทย,5840,5.92,4,98627
2562,pv_21_z_2,pv_21,ระยอง,ภาคตะวันออก,2,ภูมิใจไทย,3223,3.27,5,98627
2562,pv_21_z_2,pv_21,ระยอง,ภาคตะวันออก,2,เพื่อชาติ,1955,1.98,6,98627
2562,pv_21_z_2,pv_21,ระยอง,ภาคตะวันออก,2,รวมพลังประชาชาติไทย,1700,1.72,7,98627
2562,pv_21_z_2,pv_21,ระยอง,ภาคตะวันออก,2,เศรษฐกิจใหม่,1621,1.64,8,98627
2562,pv_21_z_2,pv_21,ระยอง,ภาคตะวันออก,2,ไทรักธรรม,541,0.55,9,98627
2562,pv_21_z_2,pv_21,ระยอง,ภาคตะวันออก,2,พลังท้องถิ่นไท,465,0.47,10,98627
2562,pv_21_z_2,pv_21,ระยอง,ภาคตะวันออก,2,ไทยศรีวิไลย์,444,0.45,11,98627
2562,pv_21_z_2,pv_21,ระยอง,ภาคตะวันออก,2,ชาติไทยพัฒนา,385,0.39,12,98627
2562,pv_21_z_2,pv_21,ระยอง,ภาคตะวันออก,2,พลังประชาธิปไตย,360,0.37,13,98627
2562,pv_21_z_2,pv_21,ระยอง,ภาคตะวันออก,2,รักษ์ผืนป่าประเทศไทย,301,0.31,14,98627
2562,pv_21_z_2,pv_21,ระยอง,ภาคตะวันออก,2,พลเมืองไทย,239,0.24,15,98627
2562,pv_21_z_2,pv_21,ระยอง,ภาคตะวันออก,2,พลังชาติไทย,217,0.22,16,98627
2562,pv_21_z_2,pv_21,ระยอง,ภาคตะวันออก,2,ประชาไทย,174,0.18,17,98627
2562,pv_21_z_2,pv_21,ระยอง,ภาคตะวันออก,2,ประชาธิปไตยใหม่,155,0.16,18,98627
2562,pv_21_z_2,pv_21,ระยอง,ภาคตะวันออก,2,ประชานิยม,107,0.11,19,98627
2562,pv_21_z_2,pv_21,ระยอง,ภาคตะวันออก,2,ประชาธรรมไทย,92,0.09,20,98627
2562,pv_21_z_2,pv_21,ระยอง,ภาคตะวันออก,2,มติประชา,86,0.09,21,98627
2562,pv_21_z_2,pv_21,ระยอง,ภาคตะวันออก,2,ครูไทยเพื่อประชาชน,74,0.08,22,98627
2562,pv_21_z_2,pv_21,ระยอง,ภาคตะวันออก,2,ประชาภิวัฒน์,68,0.07,23,98627
2562,pv_21_z_2,pv_21,ระยอง,ภาคตะวันออก,2,ไทยรักษาชาติ,0,0.00,24,98627
2562,pv_21_z_3,pv_21,ระยอง,ภาคตะวันออก,3,ประชาธิปัตย์,29645,29.96,1,98958
2562,pv_21_z_3,pv_21,ระยอง,ภาคตะวันออก,3,อนาคตใหม่,26166,26.44,2,98958
2562,pv_21_z_3,pv_21,ระยอง,ภาคตะวันออก,3,เพื่อไทย,17256,17.44,3,98958
2562,pv_21_z_3,pv_21,ระยอง,ภาคตะวันออก,3,พลังประชารัฐ,13957,14.10,4,98958
2562,pv_21_z_3,pv_21,ระยอง,ภาคตะวันออก,3,เสรีรวมไทย,3458,3.49,5,98958
2562,pv_21_z_3,pv_21,ระยอง,ภาคตะวันออก,3,เศรษฐกิจใหม่,1870,1.89,6,98958
2562,pv_21_z_3,pv_21,ระยอง,ภาคตะวันออก,3,ภูมิใจไทย,1536,1.55,7,98958
2562,pv_21_z_3,pv_21,ระยอง,ภาคตะวันออก,3,รวมพลังประชาชาติไทย,906,0.92,8,98958
2562,pv_21_z_3,pv_21,ระยอง,ภาคตะวันออก,3,ชาติไทยพัฒนา,528,0.53,9,98958
2562,pv_21_z_3,pv_21,ระยอง,ภาคตะวันออก,3,รักษ์ผืนป่าประเทศไทย,498,0.50,10,98958
2562,pv_21_z_3,pv_21,ระยอง,ภาคตะวันออก,3,สังคมประชาธิปไตยไทย,450,0.45,11,98958
2562,pv_21_z_3,pv_21,ระยอง,ภาคตะวันออก,3,ไทยศรีวิไลย์,399,0.40,12,98958
2562,pv_21_z_3,pv_21,ระยอง,ภาคตะวันออก,3,เพื่อชาติ,352,0.36,13,98958
2562,pv_21_z_3,pv_21,ระยอง,ภาคตะวันออก,3,เพื่อแผ่นดิน,331,0.33,14,98958
2562,pv_21_z_3,pv_21,ระยอง,ภาคตะวันออก,3,พลังปวงชนไทย,249,0.25,15,98958
2562,pv_21_z_3,pv_21,ระยอง,ภาคตะวันออก,3,พลังท้องถิ่นไท,244,0.25,16,98958
2562,pv_21_z_3,pv_21,ระยอง,ภาคตะวันออก,3,พลังชาติไทย,232,0.23,17,98958
2562,pv_21_z_3,pv_21,ระยอง,ภาคตะวันออก,3,ประชานิยม,173,0.17,18,98958
2562,pv_21_z_3,pv_21,ระยอง,ภาคตะวันออก,3,ประชาธิปไตยใหม่,131,0.13,19,98958
2562,pv_21_z_3,pv_21,ระยอง,ภาคตะวันออก,3,ประชาภิวัฒน์,130,0.13,20,98958
2562,pv_21_z_3,pv_21,ระยอง,ภาคตะวันออก,3,ประชาชนปฏิรูป,107,0.11,21,98958
2562,pv_21_z_3,pv_21,ระยอง,ภาคตะวันออก,3,มติประชา,76,0.08,22,98958
2562,pv_21_z_3,pv_21,ระยอง,ภาคตะวันออก,3,ประชาไทย,73,0.07,23,98958
2562,pv_21_z_3,pv_21,ระยอง,ภาคตะวันออก,3,ไทรักธรรม,67,0.07,24,98958
2562,pv_21_z_3,pv_21,ระยอง,ภาคตะวันออก,3,พลเมืองไทย,63,0.06,25,98958
2562,pv_21_z_3,pv_21,ระยอง,ภาคตะวันออก,3,มหาชน,61,0.06,26,98958
2562,pv_21_z_3,pv_21,ระยอง,ภาคตะวันออก,3,ไทยรักษาชาติ,0,0.00,27,98958
2562,pv_21_z_4,pv_21,ระยอง,ภาคตะวันออก,4,พลังประชารัฐ,29077,29.97,1,97025
2562,pv_21_z_4,pv_21,ระยอง,ภาคตะวันออก,4,อนาคตใหม่,23834,24.56,2,97025
2562,pv_21_z_4,pv_21,ระยอง,ภาคตะวันออก,4,เพื่อไทย,21704,22.37,3,97025
2562,pv_21_z_4,pv_21,ระยอง,ภาคตะวันออก,4,ประชาธิปัตย์,13544,13.96,4,97025
2562,pv_21_z_4,pv_21,ระยอง,ภาคตะวันออก,4,เศรษฐกิจใหม่,2875,2.96,5,97025
2562,pv_21_z_4,pv_21,ระยอง,ภาคตะวันออก,4,เสรีรวมไทย,2227,2.30,6,97025
2562,pv_21_z_4,pv_21,ระยอง,ภาคตะวันออก,4,ภูมิใจไทย,1484,1.53,7,97025
2562,pv_21_z_4,pv_21,ระยอง,ภาคตะวันออก,4,รวมพลังประชาชาติไทย,362,0.37,8,97025
2562,pv_21_z_4,pv_21,ระยอง,ภาคตะวันออก,4,ไทยศรีวิไลย์,346,0.36,9,97025
2562,pv_21_z_4,pv_21,ระยอง,ภาคตะวันออก,4,เพื่อชาติ,317,0.33,10,97025
2562,pv_21_z_4,pv_21,ระยอง,ภาคตะวันออก,4,สังคมประชาธิปไตยไทย,204,0.21,11,97025
2562,pv_21_z_4,pv_21,ระยอง,ภาคตะวันออก,4,พลังท้องถิ่นไท,166,0.17,12,97025
2562,pv_21_z_4,pv_21,ระยอง,ภาคตะวันออก,4,รักษ์ผืนป่าประเทศไทย,143,0.15,13,97025
2562,pv_21_z_4,pv_21,ระยอง,ภาคตะวันออก,4,มติประชา,124,0.13,14,97025
2562,pv_21_z_4,pv_21,ระยอง,ภาคตะวันออก,4,ครูไทยเพื่อประชาชน,111,0.11,15,97025
2562,pv_21_z_4,pv_21,ระยอง,ภาคตะวันออก,4,ประชาชนปฏิรูป,72,0.07,16,97025
2562,pv_21_z_4,pv_21,ระยอง,ภาคตะวันออก,4,พลังชาติไทย,65,0.07,17,97025
2562,pv_21_z_4,pv_21,ระยอง,ภาคตะวันออก,4,พลังปวงชนไทย,63,0.06,18,97025
2562,pv_21_z_4,pv_21,ระยอง,ภาคตะวันออก,4,ประชาไทย,62,0.06,19,97025
2562,pv_21_z_4,pv_21,ระยอง,ภาคตะวันออก,4,ประชาธิปไตยใหม่,49,0.05,20,97025
2562,pv_21_z_4,pv_21,ระยอง,ภาคตะวันออก,4,มหาชน,47,0.05,21,97025
2562,pv_21_z_4,pv_21,ระยอง,ภาคตะวันออก,4,ประชาภิวัฒน์,45,0.05,22,97025
2562,pv_21_z_4,pv_21,ระยอง,ภาคตะวันออก,4,ประชาธรรมไทย,30,0.03,23,97025
2562,pv_21_z_4,pv_21,ระยอง,ภาคตะวันออก,4,ไทรักธรรม,30,0.03,24,97025
2562,pv_21_z_4,pv_21,ระยอง,ภาคตะวันออก,4,ประชานิยม,24,0.02,25,97025
2562,pv_21_z_4,pv_21,ระยอง,ภาคตะวันออก,4,พลเมืองไทย,20,0.02,26,97025
2562,pv_21_z_4,pv_21,ระยอง,ภาคตะวันออก,4,ชาติไทยพัฒนา,0,0.00,27,97025
2562,pv_70_z_1,pv_70,ราชบุรี,ภาคตะวันตก,1,พลังประชารัฐ,39158,38.78,1,100965
2562,pv_70_z_1,pv_70,ราชบุรี,ภาคตะวันตก,1,ภูมิใจไทย,24214,23.98,2,100965
2562,pv_70_z_1,pv_70,ราชบุรี,ภาคตะวันตก,1,อนาคตใหม่,18196,18.02,3,100965
2562,pv_70_z_1,pv_70,ราชบุรี,ภาคตะวันตก,1,ประชาธิปัตย์,10848,10.74,4,100965
2562,pv_70_z_1,pv_70,ราชบุรี,ภาคตะวันตก,1,เสรีรวมไทย,2788,2.76,5,100965
2562,pv_70_z_1,pv_70,ราชบุรี,ภาคตะวันตก,1,เศรษฐกิจใหม่,1727,1.71,6,100965
2562,pv_70_z_1,pv_70,ราชบุรี,ภาคตะวันตก,1,เพื่อชาติ,1189,1.18,7,100965
2562,pv_70_z_1,pv_70,ราชบุรี,ภาคตะวันตก,1,พลังธรรมใหม่,385,0.38,8,100965
2562,pv_70_z_1,pv_70,ราชบุรี,ภาคตะวันตก,1,ชาติพัฒนา,376,0.37,9,100965
2562,pv_70_z_1,pv_70,ราชบุรี,ภาคตะวันตก,1,รวมพลังประชาชาติไทย,331,0.33,10,100965
2562,pv_70_z_1,pv_70,ราชบุรี,ภาคตะวันตก,1,ประชาชนปฏิรูป,266,0.26,11,100965
2562,pv_70_z_1,pv_70,ราชบุรี,ภาคตะวันตก,1,รักษ์ผืนป่าประเทศไทย,257,0.25,12,100965
2562,pv_70_z_1,pv_70,ราชบุรี,ภาคตะวันตก,1,ประชาภิวัฒน์,234,0.23,13,100965
2562,pv_70_z_1,pv_70,ราชบุรี,ภาคตะวันตก,1,ชาติไทยพัฒนา,184,0.18,14,100965
2562,pv_70_z_1,pv_70,ราชบุรี,ภาคตะวันตก,1,กรีน,141,0.14,15,100965
2562,pv_70_z_1,pv_70,ราชบุรี,ภาคตะวันตก,1,พลังท้องถิ่นไท,127,0.13,16,100965
2562,pv_70_z_1,pv_70,ราชบุรี,ภาคตะวันตก,1,ครูไทยเพื่อประชาชน,119,0.12,17,100965
2562,pv_70_z_1,pv_70,ราชบุรี,ภาคตะวันตก,1,พลังชาติไทย,93,0.09,18,100965
2562,pv_70_z_1,pv_70,ราชบุรี,ภาคตะวันตก,1,ประชานิยม,91,0.09,19,100965
2562,pv_70_z_1,pv_70,ราชบุรี,ภาคตะวันตก,1,มหาชน,64,0.06,20,100965
2562,pv_70_z_1,pv_70,ราชบุรี,ภาคตะวันตก,1,แผ่นดินธรรม,52,0.05,21,100965
2562,pv_70_z_1,pv_70,ราชบุรี,ภาคตะวันตก,1,ไทรักธรรม,49,0.05,22,100965
2562,pv_70_z_1,pv_70,ราชบุรี,ภาคตะวันตก,1,ไทยรุ่งเรือง,42,0.04,23,100965
2562,pv_70_z_1,pv_70,ราชบุรี,ภาคตะวันตก,1,ถิ่นกาขาวชาววิไล,34,0.03,24,100965
2562,pv_70_z_1,pv_70,ราชบุรี,ภาคตะวันตก,1,ไทยรักษาชาติ,0,0.00,25,100965
2562,pv_70_z_2,pv_70,ราชบุรี,ภาคตะวันตก,2,พลังประชารัฐ,40030,40.01,1,100038
2562,pv_70_z_2,pv_70,ราชบุรี,ภาคตะวันตก,2,ภูมิใจไทย,30592,30.58,2,100038
2562,pv_70_z_2,pv_70,ราชบุรี,ภาคตะวันตก,2,อนาคตใหม่,14597,14.59,3,100038
2562,pv_70_z_2,pv_70,ราชบุรี,ภาคตะวันตก,2,ประชาธิปัตย์,6271,6.27,4,100038
2562,pv_70_z_2,pv_70,ราชบุรี,ภาคตะวันตก,2,เสรีรวมไทย,2520,2.52,5,100038
2562,pv_70_z_2,pv_70,ราชบุรี,ภาคตะวันตก,2,เพื่อชาติ,972,0.97,6,100038
2562,pv_70_z_2,pv_70,ราชบุรี,ภาคตะวันตก,2,เศรษฐกิจใหม่,836,0.84,7,100038
2562,pv_70_z_2,pv_70,ราชบุรี,ภาคตะวันตก,2,พลังธรรมใหม่,585,0.58,8,100038
2562,pv_70_z_2,pv_70,ราชบุรี,ภาคตะวันตก,2,ชาติพัฒนา,554,0.55,9,100038
2562,pv_70_z_2,pv_70,ราชบุรี,ภาคตะวันตก,2,กรีน,391,0.39,10,100038
2562,pv_70_z_2,pv_70,ราชบุรี,ภาคตะวันตก,2,พลังท้องถิ่นไท,374,0.37,11,100038
2562,pv_70_z_2,pv_70,ราชบุรี,ภาคตะวันตก,2,มหาชน,355,0.35,12,100038
2562,pv_70_z_2,pv_70,ราชบุรี,ภาคตะวันตก,2,รักษ์ผืนป่าประเทศไทย,324,0.32,13,100038
2562,pv_70_z_2,pv_70,ราชบุรี,ภาคตะวันตก,2,รวมพลังประชาชาติไทย,249,0.25,14,100038
2562,pv_70_z_2,pv_70,ราชบุรี,ภาคตะวันตก,2,พลังไทยรักชาติ,178,0.18,15,100038
2562,pv_70_z_2,pv_70,ราชบุรี,ภาคตะวันตก,2,ครูไทยเพื่อประชาชน,172,0.17,16,100038
2562,pv_70_z_2,pv_70,ราชบุรี,ภาคตะวันตก,2,ชาติไทยพัฒนา,168,0.17,17,100038
2562,pv_70_z_2,pv_70,ราชบุรี,ภาคตะวันตก,2,ประชานิยม,152,0.15,18,100038
2562,pv_70_z_2,pv_70,ราชบุรี,ภาคตะวันตก,2,ถิ่นกาขาวชาววิไล,128,0.13,19,100038
2562,pv_70_z_2,pv_70,ราชบุรี,ภาคตะวันตก,2,ไทยรุ่งเรือง,112,0.11,20,100038
2562,pv_70_z_2,pv_70,ราชบุรี,ภาคตะวันตก,2,พลังชาติไทย,112,0.11,21,100038
2562,pv_70_z_2,pv_70,ราชบุรี,ภาคตะวันตก,2,ไทรักธรรม,107,0.11,22,100038
2562,pv_70_z_2,pv_70,ราชบุรี,ภาคตะวันตก,2,ประชาภิวัฒน์,90,0.09,23,100038
2562,pv_70_z_2,pv_70,ราชบุรี,ภาคตะวันตก,2,ประชาชนปฏิรูป,76,0.08,24,100038
2562,pv_70_z_2,pv_70,ราชบุรี,ภาคตะวันตก,2,แผ่นดินธรรม,48,0.05,25,100038
2562,pv_70_z_2,pv_70,ราชบุรี,ภาคตะวันตก,2,ประชากรไทย,45,0.04,26,100038
2562,pv_70_z_2,pv_70,ราชบุรี,ภาคตะวันตก,2,ไทยรักษาชาติ,0,0.00,27,100038
2562,pv_70_z_3,pv_70,ราชบุรี,ภาคตะวันตก,3,พลังประชารัฐ,46409,45.52,1,101947
2562,pv_70_z_3,pv_70,ราชบุรี,ภาคตะวันตก,3,ประชาธิปัตย์,29423,28.86,2,101947
2562,pv_70_z_3,pv_70,ราชบุรี,ภาคตะวันตก,3,อนาคตใหม่,15621,15.32,3,101947
2562,pv_70_z_3,pv_70,ราชบุรี,ภาคตะวันตก,3,เสรีรวมไทย,2514,2.47,4,101947
2562,pv_70_z_3,pv_70,ราชบุรี,ภาคตะวันตก,3,เพื่อชาติ,1526,1.50,5,101947
2562,pv_70_z_3,pv_70,ราชบุรี,ภาคตะวันตก,3,ภูมิใจไทย,1407,1.38,6,101947
2562,pv_70_z_3,pv_70,ราชบุรี,ภาคตะวันตก,3,เศรษฐกิจใหม่,1076,1.06,7,101947
2562,pv_70_z_3,pv_70,ราชบุรี,ภาคตะวันตก,3,ชาติไทยพัฒนา,439,0.43,8,101947
2562,pv_70_z_3,pv_70,ราชบุรี,ภาคตะวันตก,3,ครูไทยเพื่อประชาชน,437,0.43,9,101947
2562,pv_70_z_3,pv_70,ราชบุรี,ภาคตะวันตก,3,ประชานิยม,431,0.42,10,101947
2562,pv_70_z_3,pv_70,ราชบุรี,ภาคตะวันตก,3,รวมพลังประชาชาติไทย,375,0.37,11,101947
2562,pv_70_z_3,pv_70,ราชบุรี,ภาคตะวันตก,3,ไทรักธรรม,313,0.31,12,101947
2562,pv_70_z_3,pv_70,ราชบุรี,ภาคตะวันตก,3,พลังธรรมใหม่,274,0.27,13,101947
2562,pv_70_z_3,pv_70,ราชบุรี,ภาคตะวันตก,3,ชาติพัฒนา,242,0.24,14,101947
2562,pv_70_z_3,pv_70,ราชบุรี,ภาคตะวันตก,3,พลังท้องถิ่นไท,222,0.22,15,101947
2562,pv_70_z_3,pv_70,ราชบุรี,ภาคตะวันตก,3,ประชาภิวัฒน์,194,0.19,16,101947
2562,pv_70_z_3,pv_70,ราชบุรี,ภาคตะวันตก,3,พลังประชาธิปไตย,175,0.17,17,101947
2562,pv_70_z_3,pv_70,ราชบุรี,ภาคตะวันตก,3,รักษ์ผืนป่าประเทศไทย,141,0.14,18,101947
2562,pv_70_z_3,pv_70,ราชบุรี,ภาคตะวันตก,3,พลังชาติไทย,136,0.13,19,101947
2562,pv_70_z_3,pv_70,ราชบุรี,ภาคตะวันตก,3,ทางเลือกใหม่,118,0.12,20,101947
2562,pv_70_z_3,pv_70,ราชบุรี,ภาคตะวันตก,3,ถิ่นกาขาวชาววิไล,94,0.09,21,101947
2562,pv_70_z_3,pv_70,ราชบุรี,ภาคตะวันตก,3,พลังไทยรักชาติ,78,0.08,22,101947
2562,pv_70_z_3,pv_70,ราชบุรี,ภาคตะวันตก,3,ประชาชนปฏิรูป,71,0.07,23,101947
2562,pv_70_z_3,pv_70,ราชบุรี,ภาคตะวันตก,3,ภราดรภาพ,71,0.07,24,101947
2562,pv_70_z_3,pv_70,ราชบุรี,ภาคตะวันตก,3,ไทยรุ่งเรือง,61,0.06,25,101947
2562,pv_70_z_3,pv_70,ราชบุรี,ภาคตะวันตก,3,มหาชน,34,0.03,26,101947
2562,pv_70_z_3,pv_70,ราชบุรี,ภาคตะวันตก,3,ประชากรไทย,33,0.03,27,101947
2562,pv_70_z_3,pv_70,ราชบุรี,ภาคตะวันตก,3,แผ่นดินธรรม,32,0.03,28,101947
2562,pv_70_z_3,pv_70,ราชบุรี,ภาคตะวันตก,3,ไทยรักษาชาติ,0,0.00,29,101947
2562,pv_70_z_4,pv_70,ราชบุรี,ภาคตะวันตก,4,ประชาธิปัตย์,37423,36.53,1,102434
2562,pv_70_z_4,pv_70,ราชบุรี,ภาคตะวันตก,4,พลังประชารัฐ,32677,31.90,2,102434
2562,pv_70_z_4,pv_70,ราชบุรี,ภาคตะวันตก,4,อนาคตใหม่,23520,22.96,3,102434
2562,pv_70_z_4,pv_70,ราชบุรี,ภาคตะวันตก,4,เสรีรวมไทย,3008,2.94,4,102434
2562,pv_70_z_4,pv_70,ราชบุรี,ภาคตะวันตก,4,เศรษฐกิจใหม่,1265,1.23,5,102434
2562,pv_70_z_4,pv_70,ราชบุรี,ภาคตะวันตก,4,ภูมิใจไทย,705,0.69,6,102434
2562,pv_70_z_4,pv_70,ราชบุรี,ภาคตะวันตก,4,เพื่อชาติ,570,0.56,7,102434
2562,pv_70_z_4,pv_70,ราชบุรี,ภาคตะวันตก,4,ชาติไทยพัฒนา,565,0.55,8,102434
2562,pv_70_z_4,pv_70,ราชบุรี,ภาคตะวันตก,4,ชาติพัฒนา,393,0.38,9,102434
2562,pv_70_z_4,pv_70,ราชบุรี,ภาคตะวันตก,4,ประชาภิวัฒน์,368,0.36,10,102434
2562,pv_70_z_4,pv_70,ราชบุรี,ภาคตะวันตก,4,รวมพลังประชาชาติไทย,330,0.32,11,102434
2562,pv_70_z_4,pv_70,ราชบุรี,ภาคตะวันตก,4,พลังชาติไทย,290,0.28,12,102434
2562,pv_70_z_4,pv_70,ราชบุรี,ภาคตะวันตก,4,รักษ์ผืนป่าประเทศไทย,265,0.26,13,102434
2562,pv_70_z_4,pv_70,ราชบุรี,ภาคตะวันตก,4,พลังท้องถิ่นไท,186,0.18,14,102434
2562,pv_70_z_4,pv_70,ราชบุรี,ภาคตะวันตก,4,พลังธรรมใหม่,142,0.14,15,102434
2562,pv_70_z_4,pv_70,ราชบุรี,ภาคตะวันตก,4,พลังประชาธิปไตย,142,0.14,16,102434
2562,pv_70_z_4,pv_70,ราชบุรี,ภาคตะวันตก,4,ครูไทยเพื่อประชาชน,142,0.14,17,102434
2562,pv_70_z_4,pv_70,ราชบุรี,ภาคตะวันตก,4,ประชาชนปฏิรูป,111,0.11,18,102434
2562,pv_70_z_4,pv_70,ราชบุรี,ภาคตะวันตก,4,ถิ่นกาขาวชาววิไล,69,0.07,19,102434
2562,pv_70_z_4,pv_70,ราชบุรี,ภาคตะวันตก,4,มหาชน,67,0.07,20,102434
2562,pv_70_z_4,pv_70,ราชบุรี,ภาคตะวันตก,4,ไทรักธรรม,59,0.06,21,102434
2562,pv_70_z_4,pv_70,ราชบุรี,ภาคตะวันตก,4,พลังสังคม,58,0.06,22,102434
2562,pv_70_z_4,pv_70,ราชบุรี,ภาคตะวันตก,4,ประชานิยม,55,0.05,23,102434
2562,pv_70_z_4,pv_70,ราชบุรี,ภาคตะวันตก,4,ไทยรุ่งเรือง,24,0.02,24,102434
2562,pv_70_z_4,pv_70,ราชบุรี,ภาคตะวันตก,4,ไทยรักษาชาติ,0,0.00,25,102434
2562,pv_70_z_5,pv_70,ราชบุรี,ภาคตะวันตก,5,ภูมิใจไทย,37425,37.90,1,98742
2562,pv_70_z_5,pv_70,ราชบุรี,ภาคตะวันตก,5,ประชาธิปัตย์,17897,18.13,2,98742
2562,pv_70_z_5,pv_70,ราชบุรี,ภาคตะวันตก,5,พลังประชารัฐ,16544,16.75,3,98742
2562,pv_70_z_5,pv_70,ราชบุรี,ภาคตะวันตก,5,อนาคตใหม่,15763,15.96,4,98742
2562,pv_70_z_5,pv_70,ราชบุรี,ภาคตะวันตก,5,เสรีรวมไทย,3665,3.71,5,98742
2562,pv_70_z_5,pv_70,ราชบุรี,ภาคตะวันตก,5,เพื่อชาติ,1741,1.76,6,98742
2562,pv_70_z_5,pv_70,ราชบุรี,ภาคตะวันตก,5,เศรษฐกิจใหม่,1592,1.61,7,98742
2562,pv_70_z_5,pv_70,ราชบุรี,ภาคตะวันตก,5,ชาติพัฒนา,747,0.76,8,98742
2562,pv_70_z_5,pv_70,ราชบุรี,ภาคตะวันตก,5,รวมพลังประชาชาติไทย,530,0.54,9,98742
2562,pv_70_z_5,pv_70,ราชบุรี,ภาคตะวันตก,5,พลังท้องถิ่นไท,459,0.46,10,98742
2562,pv_70_z_5,pv_70,ราชบุรี,ภาคตะวันตก,5,ประชานิยม,446,0.45,11,98742
2562,pv_70_z_5,pv_70,ราชบุรี,ภาคตะวันตก,5,ประชาภิวัฒน์,422,0.43,12,98742
2562,pv_70_z_5,pv_70,ราชบุรี,ภาคตะวันตก,5,ไทรักธรรม,222,0.22,13,98742
2562,pv_70_z_5,pv_70,ราชบุรี,ภาคตะวันตก,5,ครูไทยเพื่อประชาชน,213,0.22,14,98742
2562,pv_70_z_5,pv_70,ราชบุรี,ภาคตะวันตก,5,ไทยรุ่งเรือง,168,0.17,15,98742
2562,pv_70_z_5,pv_70,ราชบุรี,ภาคตะวันตก,5,ถิ่นกาขาวชาววิไล,144,0.15,16,98742
2562,pv_70_z_5,pv_70,ราชบุรี,ภาคตะวันตก,5,รักษ์ผืนป่าประเทศไทย,135,0.14,17,98742
2562,pv_70_z_5,pv_70,ราชบุรี,ภาคตะวันตก,5,พลเมืองไทย,110,0.11,18,98742
2562,pv_70_z_5,pv_70,ราชบุรี,ภาคตะวันตก,5,พลังธรรมใหม่,104,0.11,19,98742
2562,pv_70_z_5,pv_70,ราชบุรี,ภาคตะวันตก,5,ประชาชนปฏิรูป,97,0.10,20,98742
2562,pv_70_z_5,pv_70,ราชบุรี,ภาคตะวันตก,5,ชาติไทยพัฒนา,84,0.09,21,98742
2562,pv_70_z_5,pv_70,ราชบุรี,ภาคตะวันตก,5,พลังประชาธิปไตย,78,0.08,22,98742
2562,pv_70_z_5,pv_70,ราชบุรี,ภาคตะวันตก,5,เพื่อแผ่นดิน,63,0.06,23,98742
2562,pv_70_z_5,pv_70,ราชบุรี,ภาคตะวันตก,5,มหาชน,38,0.04,24,98742
2562,pv_70_z_5,pv_70,ราชบุรี,ภาคตะวันตก,5,พลังชาติไทย,30,0.03,25,98742
2562,pv_70_z_5,pv_70,ราชบุรี,ภาคตะวันตก,5,ประชากรไทย,25,0.03,26,98742
2562,pv_70_z_5,pv_70,ราชบุรี,ภาคตะวันตก,5,ไทยรักษาชาติ,0,0.00,27,98742
2562,pv_52_z_1,pv_52,ลำปาง,ภาคเหนือ,1,เพื่อไทย,36573,30.61,1,119474
2562,pv_52_z_1,pv_52,ลำปาง,ภาคเหนือ,1,อนาคตใหม่,34205,28.63,2,119474
2562,pv_52_z_1,pv_52,ลำปาง,ภาคเหนือ,1,พลังประชารัฐ,32402,27.12,3,119474
2562,pv_52_z_1,pv_52,ลำปาง,ภาคเหนือ,1,ประชาธิปัตย์,5223,4.37,4,119474
2562,pv_52_z_1,pv_52,ลำปาง,ภาคเหนือ,1,เสรีรวมไทย,2218,1.86,5,119474
2562,pv_52_z_1,pv_52,ลำปาง,ภาคเหนือ,1,รวมพลังประชาชาติไทย,2196,1.84,6,119474
2562,pv_52_z_1,pv_52,ลำปาง,ภาคเหนือ,1,เศรษฐกิจใหม่,2021,1.69,7,119474
2562,pv_52_z_1,pv_52,ลำปาง,ภาคเหนือ,1,ภูมิใจไทย,590,0.49,8,119474
2562,pv_52_z_1,pv_52,ลำปาง,ภาคเหนือ,1,เพื่อแผ่นดิน,476,0.40,9,119474
2562,pv_52_z_1,pv_52,ลำปาง,ภาคเหนือ,1,พลังประชาธิปไตย,388,0.32,10,119474
2562,pv_52_z_1,pv_52,ลำปาง,ภาคเหนือ,1,เพื่อชาติ,385,0.32,11,119474
2562,pv_52_z_1,pv_52,ลำปาง,ภาคเหนือ,1,รักษ์ผืนป่าประเทศไทย,348,0.29,12,119474
2562,pv_52_z_1,pv_52,ลำปาง,ภาคเหนือ,1,พลังท้องถิ่นไท,302,0.25,13,119474
2562,pv_52_z_1,pv_52,ลำปาง,ภาคเหนือ,1,ชาติพันธุ์ไทย,234,0.20,14,119474
2562,pv_52_z_1,pv_52,ลำปาง,ภาคเหนือ,1,ชาติพัฒนา,227,0.19,15,119474
2562,pv_52_z_1,pv_52,ลำปาง,ภาคเหนือ,1,ชาติไทยพัฒนา,215,0.18,16,119474
2562,pv_52_z_1,pv_52,ลำปาง,ภาคเหนือ,1,ไทรักธรรม,214,0.18,17,119474
2562,pv_52_z_1,pv_52,ลำปาง,ภาคเหนือ,1,ประชาภิวัฒน์,206,0.17,18,119474
2562,pv_52_z_1,pv_52,ลำปาง,ภาคเหนือ,1,พลังชาติไทย,160,0.13,19,119474
2562,pv_52_z_1,pv_52,ลำปาง,ภาคเหนือ,1,พลังไทยรักไทย,147,0.12,20,119474
2562,pv_52_z_1,pv_52,ลำปาง,ภาคเหนือ,1,ครูไทยเพื่อประชาชน,132,0.11,21,119474
2562,pv_52_z_1,pv_52,ลำปาง,ภาคเหนือ,1,พลเมืองไทย,121,0.10,22,119474
2562,pv_52_z_1,pv_52,ลำปาง,ภาคเหนือ,1,ประชาชนปฏิรูป,105,0.09,23,119474
2562,pv_52_z_1,pv_52,ลำปาง,ภาคเหนือ,1,แทนคุณแผ่นดิน,98,0.08,24,119474
2562,pv_52_z_1,pv_52,ลำปาง,ภาคเหนือ,1,ภราดรภาพ,74,0.06,25,119474
2562,pv_52_z_1,pv_52,ลำปาง,ภาคเหนือ,1,พลังไทสร้างชาติ,64,0.05,26,119474
2562,pv_52_z_1,pv_52,ลำปาง,ภาคเหนือ,1,พลังปวงชนไทย,60,0.05,27,119474
2562,pv_52_z_1,pv_52,ลำปาง,ภาคเหนือ,1,ประชานิยม,55,0.05,28,119474
2562,pv_52_z_1,pv_52,ลำปาง,ภาคเหนือ,1,มหาชน,35,0.03,29,119474
2562,pv_52_z_1,pv_52,ลำปาง,ภาคเหนือ,1,ไทยรักษาชาติ,0,0.00,30,119474
2562,pv_52_z_2,pv_52,ลำปาง,ภาคเหนือ,2,เพื่อไทย,35625,34.50,1,103258
2562,pv_52_z_2,pv_52,ลำปาง,ภาคเหนือ,2,พลังประชารัฐ,28921,28.01,2,103258
2562,pv_52_z_2,pv_52,ลำปาง,ภาคเหนือ,2,อนาคตใหม่,24107,23.35,3,103258
2562,pv_52_z_2,pv_52,ลำปาง,ภาคเหนือ,2,ประชาธิปัตย์,5442,5.27,4,103258
2562,pv_52_z_2,pv_52,ลำปาง,ภาคเหนือ,2,เสรีรวมไทย,1773,1.72,5,103258
2562,pv_52_z_2,pv_52,ลำปาง,ภาคเหนือ,2,รักษ์ผืนป่าประเทศไทย,1357,1.31,6,103258
2562,pv_52_z_2,pv_52,ลำปาง,ภาคเหนือ,2,พลังประชาธิปไตย,737,0.71,7,103258
2562,pv_52_z_2,pv_52,ลำปาง,ภาคเหนือ,2,พลังท้องถิ่นไท,598,0.58,8,103258
2562,pv_52_z_2,pv_52,ลำปาง,ภาคเหนือ,2,ไทรักธรรม,501,0.49,9,103258
2562,pv_52_z_2,pv_52,ลำปาง,ภาคเหนือ,2,พลังไทยรักไทย,497,0.48,10,103258
2562,pv_52_z_2,pv_52,ลำปาง,ภาคเหนือ,2,พลังปวงชนไทย,480,0.46,11,103258
2562,pv_52_z_2,pv_52,ลำปาง,ภาคเหนือ,2,รวมพลังประชาชาติไทย,427,0.41,12,103258
2562,pv_52_z_2,pv_52,ลำปาง,ภาคเหนือ,2,สามัญชน,399,0.39,13,103258
2562,pv_52_z_2,pv_52,ลำปาง,ภาคเหนือ,2,ครูไทยเพื่อประชาชน,395,0.38,14,103258
2562,pv_52_z_2,pv_52,ลำปาง,ภาคเหนือ,2,ประชาภิวัฒน์,387,0.37,15,103258
2562,pv_52_z_2,pv_52,ลำปาง,ภาคเหนือ,2,ภูมิใจไทย,216,0.21,16,103258
2562,pv_52_z_2,pv_52,ลำปาง,ภาคเหนือ,2,เพื่อชาติ,169,0.16,17,103258
2562,pv_52_z_2,pv_52,ลำปาง,ภาคเหนือ,2,ชาติไทยพัฒนา,149,0.14,18,103258
2562,pv_52_z_2,pv_52,ลำปาง,ภาคเหนือ,2,ชาติพันธุ์ไทย,140,0.14,19,103258
2562,pv_52_z_2,pv_52,ลำปาง,ภาคเหนือ,2,พลังชาติไทย,134,0.13,20,103258
2562,pv_52_z_2,pv_52,ลำปาง,ภาคเหนือ,2,แทนคุณแผ่นดิน,132,0.13,21,103258
2562,pv_52_z_2,pv_52,ลำปาง,ภาคเหนือ,2,ประชาธรรมไทย,129,0.12,22,103258
2562,pv_52_z_2,pv_52,ลำปาง,ภาคเหนือ,2,ประชานิยม,109,0.11,23,103258
2562,pv_52_z_2,pv_52,ลำปาง,ภาคเหนือ,2,เครือข่ายชาวนาแห่งประเทศไทย,104,0.10,24,103258
2562,pv_52_z_2,pv_52,ลำปาง,ภาคเหนือ,2,มหาชน,102,0.10,25,103258
2562,pv_52_z_2,pv_52,ลำปาง,ภาคเหนือ,2,เพื่อแผ่นดิน,91,0.09,26,103258
2562,pv_52_z_2,pv_52,ลำปาง,ภาคเหนือ,2,ประชาชนปฏิรูป,84,0.08,27,103258
2562,pv_52_z_2,pv_52,ลำปาง,ภาคเหนือ,2,ภราดรภาพ,53,0.05,28,103258
2562,pv_52_z_2,pv_52,ลำปาง,ภาคเหนือ,2,เศรษฐกิจใหม่,0,0.00,29,103258
2562,pv_52_z_3,pv_52,ลำปาง,ภาคเหนือ,3,เพื่อไทย,50653,42.10,1,120325
2562,pv_52_z_3,pv_52,ลำปาง,ภาคเหนือ,3,อนาคตใหม่,27930,23.21,2,120325
2562,pv_52_z_3,pv_52,ลำปาง,ภาคเหนือ,3,พลังประชารัฐ,22554,18.74,3,120325
2562,pv_52_z_3,pv_52,ลำปาง,ภาคเหนือ,3,ประชาธิปัตย์,8408,6.99,4,120325
2562,pv_52_z_3,pv_52,ลำปาง,ภาคเหนือ,3,เสรีรวมไทย,2241,1.86,5,120325
2562,pv_52_z_3,pv_52,ลำปาง,ภาคเหนือ,3,เศรษฐกิจใหม่,1555,1.29,6,120325
2562,pv_52_z_3,pv_52,ลำปาง,ภาคเหนือ,3,รวมพลังประชาชาติไทย,999,0.83,7,120325
2562,pv_52_z_3,pv_52,ลำปาง,ภาคเหนือ,3,พลังท้องถิ่นไท,640,0.53,8,120325
2562,pv_52_z_3,pv_52,ลำปาง,ภาคเหนือ,3,พลังไทยรักไทย,565,0.47,9,120325
2562,pv_52_z_3,pv_52,ลำปาง,ภาคเหนือ,3,ชาติพัฒนา,556,0.46,10,120325
2562,pv_52_z_3,pv_52,ลำปาง,ภาคเหนือ,3,ภูมิใจไทย,510,0.42,11,120325
2562,pv_52_z_3,pv_52,ลำปาง,ภาคเหนือ,3,พลังชาติไทย,487,0.40,12,120325
2562,pv_52_z_3,pv_52,ลำปาง,ภาคเหนือ,3,เพื่อชาติ,481,0.40,13,120325
2562,pv_52_z_3,pv_52,ลำปาง,ภาคเหนือ,3,ชาติพันธุ์ไทย,452,0.38,14,120325
2562,pv_52_z_3,pv_52,ลำปาง,ภาคเหนือ,3,รักษ์ผืนป่าประเทศไทย,357,0.30,15,120325
2562,pv_52_z_3,pv_52,ลำปาง,ภาคเหนือ,3,เพื่อแผ่นดิน,295,0.25,16,120325
2562,pv_52_z_3,pv_52,ลำปาง,ภาคเหนือ,3,ประชาภิวัฒน์,288,0.24,17,120325
2562,pv_52_z_3,pv_52,ลำปาง,ภาคเหนือ,3,ชาติไทยพัฒนา,264,0.22,18,120325
2562,pv_52_z_3,pv_52,ลำปาง,ภาคเหนือ,3,พลเมืองไทย,219,0.18,19,120325
2562,pv_52_z_3,pv_52,ลำปาง,ภาคเหนือ,3,พลังปวงชนไทย,203,0.17,20,120325
2562,pv_52_z_3,pv_52,ลำปาง,ภาคเหนือ,3,ไทรักธรรม,190,0.16,21,120325
2562,pv_52_z_3,pv_52,ลำปาง,ภาคเหนือ,3,ครูไทยเพื่อประชาชน,119,0.10,22,120325
2562,pv_52_z_3,pv_52,ลำปาง,ภาคเหนือ,3,ประชาชนปฏิรูป,106,0.09,23,120325
2562,pv_52_z_3,pv_52,ลำปาง,ภาคเหนือ,3,มหาชน,102,0.08,24,120325
2562,pv_52_z_3,pv_52,ลำปาง,ภาคเหนือ,3,ภราดรภาพ,89,0.07,25,120325
2562,pv_52_z_3,pv_52,ลำปาง,ภาคเหนือ,3,ประชานิยม,62,0.05,26,120325
2562,pv_52_z_3,pv_52,ลำปาง,ภาคเหนือ,3,ไทยรักษาชาติ,0,0.00,27,120325
2562,pv_52_z_3,pv_52,ลำปาง,ภาคเหนือ,3,พลังประชาธิปไตย,0,0.00,28,120325
2562,pv_52_z_3,pv_52,ลำปาง,ภาคเหนือ,3,ประชาธรรมไทย,0,0.00,29,120325
2562,pv_52_z_4,pv_52,ลำปาง,ภาคเหนือ,4,เพื่อไทย,42984,36.90,1,116479
2562,pv_52_z_4,pv_52,ลำปาง,ภาคเหนือ,4,พลังประชารัฐ,30368,26.07,2,116479
2562,pv_52_z_4,pv_52,ลำปาง,ภาคเหนือ,4,อนาคตใหม่,26471,22.73,3,116479
2562,pv_52_z_4,pv_52,ลำปาง,ภาคเหนือ,4,ภูมิใจไทย,4243,3.64,4,116479
2562,pv_52_z_4,pv_52,ลำปาง,ภาคเหนือ,4,ประชาธิปัตย์,2469,2.12,5,116479
2562,pv_52_z_4,pv_52,ลำปาง,ภาคเหนือ,4,เสรีรวมไทย,2466,2.12,6,116479
2562,pv_52_z_4,pv_52,ลำปาง,ภาคเหนือ,4,เศรษฐกิจใหม่,1320,1.13,7,116479
2562,pv_52_z_4,pv_52,ลำปาง,ภาคเหนือ,4,ชาติไทยพัฒนา,1034,0.89,8,116479
2562,pv_52_z_4,pv_52,ลำปาง,ภาคเหนือ,4,เพื่อชาติ,883,0.76,9,116479
2562,pv_52_z_4,pv_52,ลำปาง,ภาคเหนือ,4,มหาชน,627,0.54,10,116479
2562,pv_52_z_4,pv_52,ลำปาง,ภาคเหนือ,4,พลังท้องถิ่นไท,463,0.40,11,116479
2562,pv_52_z_4,pv_52,ลำปาง,ภาคเหนือ,4,รักษ์ผืนป่าประเทศไทย,343,0.29,12,116479
2562,pv_52_z_4,pv_52,ลำปาง,ภาคเหนือ,4,พลังไทยรักไทย,327,0.28,13,116479
2562,pv_52_z_4,pv_52,ลำปาง,ภาคเหนือ,4,ประชาภิวัฒน์,280,0.24,14,116479
2562,pv_52_z_4,pv_52,ลำปาง,ภาคเหนือ,4,รวมพลังประชาชาติไทย,273,0.23,15,116479
2562,pv_52_z_4,pv_52,ลำปาง,ภาคเหนือ,4,พลังปวงชนไทย,246,0.21,16,116479
2562,pv_52_z_4,pv_52,ลำปาง,ภาคเหนือ,4,เพื่อแผ่นดิน,239,0.21,17,116479
2562,pv_52_z_4,pv_52,ลำปาง,ภาคเหนือ,4,ชาติพันธุ์ไทย,207,0.18,18,116479
2562,pv_52_z_4,pv_52,ลำปาง,ภาคเหนือ,4,ครูไทยเพื่อประชาชน,170,0.15,19,116479
2562,pv_52_z_4,pv_52,ลำปาง,ภาคเหนือ,4,พลังชาติไทย,162,0.14,20,116479
2562,pv_52_z_4,pv_52,ลำปาง,ภาคเหนือ,4,ประชาไทย,159,0.14,21,116479
2562,pv_52_z_4,pv_52,ลำปาง,ภาคเหนือ,4,พลังประชาธิปไตย,130,0.11,22,116479
2562,pv_52_z_4,pv_52,ลำปาง,ภาคเหนือ,4,ประชานิยม,105,0.09,23,116479
2562,pv_52_z_4,pv_52,ลำปาง,ภาคเหนือ,4,แทนคุณแผ่นดิน,102,0.09,24,116479
2562,pv_52_z_4,pv_52,ลำปาง,ภาคเหนือ,4,ไทรักธรรม,88,0.08,25,116479
2562,pv_52_z_4,pv_52,ลำปาง,ภาคเหนือ,4,ไทยรุ่งเรือง,87,0.07,26,116479
2562,pv_52_z_4,pv_52,ลำปาง,ภาคเหนือ,4,ภราดรภาพ,81,0.07,27,116479
2562,pv_52_z_4,pv_52,ลำปาง,ภาคเหนือ,4,เครือข่ายชาวนาแห่งประเทศไทย,79,0.07,28,116479
2562,pv_52_z_4,pv_52,ลำปาง,ภาคเหนือ,4,ประชาชนปฏิรูป,73,0.06,29,116479
2562,pv_51_z_1,pv_51,ลำพูน,ภาคเหนือ,1,เพื่อไทย,51488,37.68,1,136633
2562,pv_51_z_1,pv_51,ลำพูน,ภาคเหนือ,1,อนาคตใหม่,41321,30.24,2,136633
2562,pv_51_z_1,pv_51,ลำพูน,ภาคเหนือ,1,พลังประชารัฐ,15775,11.55,3,136633
2562,pv_51_z_1,pv_51,ลำพูน,ภาคเหนือ,1,ประชาธิปัตย์,12117,8.87,4,136633
2562,pv_51_z_1,pv_51,ลำพูน,ภาคเหนือ,1,เพื่อชาติ,3238,2.37,5,136633
2562,pv_51_z_1,pv_51,ลำพูน,ภาคเหนือ,1,เสรีรวมไทย,2614,1.91,6,136633
2562,pv_51_z_1,pv_51,ลำพูน,ภาคเหนือ,1,เศรษฐกิจใหม่,1836,1.34,7,136633
2562,pv_51_z_1,pv_51,ลำพูน,ภาคเหนือ,1,ประชาชาติ,1291,0.94,8,136633
2562,pv_51_z_1,pv_51,ลำพูน,ภาคเหนือ,1,ภูมิใจไทย,928,0.68,9,136633
2562,pv_51_z_1,pv_51,ลำพูน,ภาคเหนือ,1,รวมพลังประชาชาติไทย,881,0.64,10,136633
2562,pv_51_z_1,pv_51,ลำพูน,ภาคเหนือ,1,รักษ์ผืนป่าประเทศไทย,738,0.54,11,136633
2562,pv_51_z_1,pv_51,ลำพูน,ภาคเหนือ,1,ชาติพัฒนา,585,0.43,12,136633
2562,pv_51_z_1,pv_51,ลำพูน,ภาคเหนือ,1,พลังไทยรักไทย,482,0.35,13,136633
2562,pv_51_z_1,pv_51,ลำพูน,ภาคเหนือ,1,พลังท้องถิ่นไท,459,0.34,14,136633
2562,pv_51_z_1,pv_51,ลำพูน,ภาคเหนือ,1,พลังปวงชนไทย,452,0.33,15,136633
2562,pv_51_z_1,pv_51,ลำพูน,ภาคเหนือ,1,ชาติพันธุ์ไทย,428,0.31,16,136633
2562,pv_51_z_1,pv_51,ลำพูน,ภาคเหนือ,1,เพื่อแผ่นดิน,283,0.21,17,136633
2562,pv_51_z_1,pv_51,ลำพูน,ภาคเหนือ,1,ประชาภิวัฒน์,271,0.20,18,136633
2562,pv_51_z_1,pv_51,ลำพูน,ภาคเหนือ,1,ครูไทยเพื่อประชาชน,244,0.18,19,136633
2562,pv_51_z_1,pv_51,ลำพูน,ภาคเหนือ,1,พลังชาติไทย,218,0.16,20,136633
2562,pv_51_z_1,pv_51,ลำพูน,ภาคเหนือ,1,เครือข่ายชาวนาแห่งประเทศไทย,212,0.16,21,136633
2562,pv_51_z_1,pv_51,ลำพูน,ภาคเหนือ,1,ประชานิยม,199,0.15,22,136633
2562,pv_51_z_1,pv_51,ลำพูน,ภาคเหนือ,1,ไทยศรีวิไลย์,165,0.12,23,136633
2562,pv_51_z_1,pv_51,ลำพูน,ภาคเหนือ,1,ผึ้งหลวง,153,0.11,24,136633
2562,pv_51_z_1,pv_51,ลำพูน,ภาคเหนือ,1,ไทรักธรรม,90,0.07,25,136633
2562,pv_51_z_1,pv_51,ลำพูน,ภาคเหนือ,1,แทนคุณแผ่นดิน,64,0.05,26,136633
2562,pv_51_z_1,pv_51,ลำพูน,ภาคเหนือ,1,ประชาชนปฏิรูป,56,0.04,27,136633
2562,pv_51_z_1,pv_51,ลำพูน,ภาคเหนือ,1,ประชาธรรมไทย,45,0.03,28,136633
2562,pv_51_z_1,pv_51,ลำพูน,ภาคเหนือ,1,พลังธรรมใหม่,0,0.00,29,136633
2562,pv_51_z_2,pv_51,ลำพูน,ภาคเหนือ,2,เพื่อไทย,51197,38.02,1,134667
2562,pv_51_z_2,pv_51,ลำพูน,ภาคเหนือ,2,พลังประชารัฐ,35009,26.00,2,134667
2562,pv_51_z_2,pv_51,ลำพูน,ภาคเหนือ,2,อนาคตใหม่,25488,18.93,3,134667
2562,pv_51_z_2,pv_51,ลำพูน,ภาคเหนือ,2,ประชาธิปัตย์,7792,5.79,4,134667
2562,pv_51_z_2,pv_51,ลำพูน,ภาคเหนือ,2,ชาติไทยพัฒนา,1721,1.28,5,134667
2562,pv_51_z_2,pv_51,ลำพูน,ภาคเหนือ,2,เศรษฐกิจใหม่,1566,1.16,6,134667
2562,pv_51_z_2,pv_51,ลำพูน,ภาคเหนือ,2,เสรีรวมไทย,1459,1.08,7,134667
2562,pv_51_z_2,pv_51,ลำพูน,ภาคเหนือ,2,ประชาชาติ,1353,1.00,8,134667
2562,pv_51_z_2,pv_51,ลำพูน,ภาคเหนือ,2,พลังท้องถิ่นไท,1018,0.76,9,134667
2562,pv_51_z_2,pv_51,ลำพูน,ภาคเหนือ,2,ประชาภิวัฒน์,897,0.67,10,134667
2562,pv_51_z_2,pv_51,ลำพูน,ภาคเหนือ,2,ภูมิใจไทย,805,0.60,11,134667
2562,pv_51_z_2,pv_51,ลำพูน,ภาคเหนือ,2,เพื่อชาติ,724,0.54,12,134667
2562,pv_51_z_2,pv_51,ลำพูน,ภาคเหนือ,2,พลังชาติไทย,686,0.51,13,134667
2562,pv_51_z_2,pv_51,ลำพูน,ภาคเหนือ,2,รักษ์ผืนป่าประเทศไทย,680,0.50,14,134667
2562,pv_51_z_2,pv_51,ลำพูน,ภาคเหนือ,2,ผึ้งหลวง,477,0.35,15,134667
2562,pv_51_z_2,pv_51,ลำพูน,ภาคเหนือ,2,พลังปวงชนไทย,473,0.35,16,134667
2562,pv_51_z_2,pv_51,ลำพูน,ภาคเหนือ,2,รวมพลังประชาชาติไทย,444,0.33,17,134667
2562,pv_51_z_2,pv_51,ลำพูน,ภาคเหนือ,2,ครูไทยเพื่อประชาชน,373,0.28,18,134667
2562,pv_51_z_2,pv_51,ลำพูน,ภาคเหนือ,2,ประชาชนปฏิรูป,262,0.19,19,134667
2562,pv_51_z_2,pv_51,ลำพูน,ภาคเหนือ,2,ประชานิยม,261,0.19,20,134667
2562,pv_51_z_2,pv_51,ลำพูน,ภาคเหนือ,2,พลังไทยรักไทย,247,0.18,21,134667
2562,pv_51_z_2,pv_51,ลำพูน,ภาคเหนือ,2,พลังธรรมใหม่,238,0.18,22,134667
2562,pv_51_z_2,pv_51,ลำพูน,ภาคเหนือ,2,เครือข่ายชาวนาแห่งประเทศไทย,216,0.16,23,134667
2562,pv_51_z_2,pv_51,ลำพูน,ภาคเหนือ,2,ประชาไทย,207,0.15,24,134667
2562,pv_51_z_2,pv_51,ลำพูน,ภาคเหนือ,2,ยางพาราไทย,206,0.15,25,134667
2562,pv_51_z_2,pv_51,ลำพูน,ภาคเหนือ,2,ชาติพันธุ์ไทย,206,0.15,26,134667
2562,pv_51_z_2,pv_51,ลำพูน,ภาคเหนือ,2,แผ่นดินธรรม,195,0.14,27,134667
2562,pv_51_z_2,pv_51,ลำพูน,ภาคเหนือ,2,พลังประชาธิปไตย,189,0.14,28,134667
2562,pv_51_z_2,pv_51,ลำพูน,ภาคเหนือ,2,เพื่อแผ่นดิน,117,0.09,29,134667
2562,pv_51_z_2,pv_51,ลำพูน,ภาคเหนือ,2,ไทรักธรรม,88,0.07,30,134667
2562,pv_51_z_2,pv_51,ลำพูน,ภาคเหนือ,2,แทนคุณแผ่นดิน,73,0.05,31,134667
2562,pv_16_z_1,pv_16,ลพบุรี,ภาคกลาง,1,พลังประชารัฐ,31650,29.96,1,105654
2562,pv_16_z_1,pv_16,ลพบุรี,ภาคกลาง,1,เพื่อไทย,29375,27.80,2,105654
2562,pv_16_z_1,pv_16,ลพบุรี,ภาคกลาง,1,อนาคตใหม่,21914,20.74,3,105654
2562,pv_16_z_1,pv_16,ลพบุรี,ภาคกลาง,1,ประชาธิปัตย์,10173,9.63,4,105654
2562,pv_16_z_1,pv_16,ลพบุรี,ภาคกลาง,1,เศรษฐกิจใหม่,2227,2.11,5,105654
2562,pv_16_z_1,pv_16,ลพบุรี,ภาคกลาง,1,ภูมิใจไทย,2043,1.93,6,105654
2562,pv_16_z_1,pv_16,ลพบุรี,ภาคกลาง,1,เสรีรวมไทย,1969,1.86,7,105654
2562,pv_16_z_1,pv_16,ลพบุรี,ภาคกลาง,1,ชาติไทยพัฒนา,995,0.94,8,105654
2562,pv_16_z_1,pv_16,ลพบุรี,ภาคกลาง,1,พลังประชาธิปไตย,743,0.70,9,105654
2562,pv_16_z_1,pv_16,ลพบุรี,ภาคกลาง,1,เพื่อชาติ,578,0.55,10,105654
2562,pv_16_z_1,pv_16,ลพบุรี,ภาคกลาง,1,พลังธรรมใหม่,421,0.40,11,105654
2562,pv_16_z_1,pv_16,ลพบุรี,ภาคกลาง,1,ประชาธรรมไทย,353,0.33,12,105654
2562,pv_16_z_1,pv_16,ลพบุรี,ภาคกลาง,1,รวมพลังประชาชาติไทย,349,0.33,13,105654
2562,pv_16_z_1,pv_16,ลพบุรี,ภาคกลาง,1,สยามพัฒนา,341,0.32,14,105654
2562,pv_16_z_1,pv_16,ลพบุรี,ภาคกลาง,1,พลังท้องถิ่นไท,312,0.30,15,105654
2562,pv_16_z_1,pv_16,ลพบุรี,ภาคกลาง,1,พลังชาติไทย,288,0.27,16,105654
2562,pv_16_z_1,pv_16,ลพบุรี,ภาคกลาง,1,รักษ์ผืนป่าประเทศไทย,244,0.23,17,105654
2562,pv_16_z_1,pv_16,ลพบุรี,ภาคกลาง,1,พลังปวงชนไทย,234,0.22,18,105654
2562,pv_16_z_1,pv_16,ลพบุรี,ภาคกลาง,1,ประชานิยม,199,0.19,19,105654
2562,pv_16_z_1,pv_16,ลพบุรี,ภาคกลาง,1,ประชาภิวัฒน์,195,0.18,20,105654
2562,pv_16_z_1,pv_16,ลพบุรี,ภาคกลาง,1,กลาง,195,0.18,21,105654
2562,pv_16_z_1,pv_16,ลพบุรี,ภาคกลาง,1,ประชาธิปไตยใหม่,165,0.16,22,105654
2562,pv_16_z_1,pv_16,ลพบุรี,ภาคกลาง,1,เครือข่ายชาวนาแห่งประเทศไทย,106,0.10,23,105654
2562,pv_16_z_1,pv_16,ลพบุรี,ภาคกลาง,1,ไทรักธรรม,93,0.09,24,105654
2562,pv_16_z_1,pv_16,ลพบุรี,ภาคกลาง,1,ภราดรภาพ,92,0.09,25,105654
2562,pv_16_z_1,pv_16,ลพบุรี,ภาคกลาง,1,แทนคุณแผ่นดิน,76,0.07,26,105654
2562,pv_16_z_1,pv_16,ลพบุรี,ภาคกลาง,1,ภูมิพลังเกษตรกรไทย,75,0.07,27,105654
2562,pv_16_z_1,pv_16,ลพบุรี,ภาคกลาง,1,ประชาชนปฏิรูป,74,0.07,28,105654
2562,pv_16_z_1,pv_16,ลพบุรี,ภาคกลาง,1,พลังแผ่นดินทอง,69,0.07,29,105654
2562,pv_16_z_1,pv_16,ลพบุรี,ภาคกลาง,1,มหาชน,68,0.06,30,105654
2562,pv_16_z_1,pv_16,ลพบุรี,ภาคกลาง,1,ภาคีเครือข่ายไทย,38,0.04,31,105654
2562,pv_16_z_1,pv_16,ลพบุรี,ภาคกลาง,1,เพื่อนไทย,0,0.00,32,105654
2562,pv_16_z_2,pv_16,ลพบุรี,ภาคกลาง,2,ภูมิใจไทย,32234,30.21,1,106683
2562,pv_16_z_2,pv_16,ลพบุรี,ภาคกลาง,2,เพื่อไทย,28665,26.87,2,106683
2562,pv_16_z_2,pv_16,ลพบุรี,ภาคกลาง,2,พลังประชารัฐ,26576,24.91,3,106683
2562,pv_16_z_2,pv_16,ลพบุรี,ภาคกลาง,2,อนาคตใหม่,10717,10.05,4,106683
2562,pv_16_z_2,pv_16,ลพบุรี,ภาคกลาง,2,ประชาธิปัตย์,2565,2.40,5,106683
2562,pv_16_z_2,pv_16,ลพบุรี,ภาคกลาง,2,เสรีรวมไทย,1027,0.96,6,106683
2562,pv_16_z_2,pv_16,ลพบุรี,ภาคกลาง,2,เศรษฐกิจใหม่,845,0.79,7,106683
2562,pv_16_z_2,pv_16,ลพบุรี,ภาคกลาง,2,รวมพลังประชาชาติไทย,661,0.62,8,106683
2562,pv_16_z_2,pv_16,ลพบุรี,ภาคกลาง,2,แทนคุณแผ่นดิน,439,0.41,9,106683
2562,pv_16_z_2,pv_16,ลพบุรี,ภาคกลาง,2,พลังไทสร้างชาติ,432,0.40,10,106683
2562,pv_16_z_2,pv_16,ลพบุรี,ภาคกลาง,2,เพื่อชาติ,335,0.31,11,106683
2562,pv_16_z_2,pv_16,ลพบุรี,ภาคกลาง,2,สยามพัฒนา,284,0.27,12,106683
2562,pv_16_z_2,pv_16,ลพบุรี,ภาคกลาง,2,ภาคีเครือข่ายไทย,282,0.26,13,106683
2562,pv_16_z_2,pv_16,ลพบุรี,ภาคกลาง,2,พลังท้องถิ่นไท,236,0.22,14,106683
2562,pv_16_z_2,pv_16,ลพบุรี,ภาคกลาง,2,ประชาภิวัฒน์,229,0.21,15,106683
2562,pv_16_z_2,pv_16,ลพบุรี,ภาคกลาง,2,ชาติไทยพัฒนา,164,0.15,16,106683
2562,pv_16_z_2,pv_16,ลพบุรี,ภาคกลาง,2,รักษ์ผืนป่าประเทศไทย,160,0.15,17,106683
2562,pv_16_z_2,pv_16,ลพบุรี,ภาคกลาง,2,ประชาธรรมไทย,134,0.13,18,106683
2562,pv_16_z_2,pv_16,ลพบุรี,ภาคกลาง,2,พลังชาติไทย,96,0.09,19,106683
2562,pv_16_z_2,pv_16,ลพบุรี,ภาคกลาง,2,พลังแผ่นดินทอง,90,0.08,20,106683
2562,pv_16_z_2,pv_16,ลพบุรี,ภาคกลาง,2,ภูมิพลังเกษตรกรไทย,80,0.07,21,106683
2562,pv_16_z_2,pv_16,ลพบุรี,ภาคกลาง,2,กลาง,77,0.07,22,106683
2562,pv_16_z_2,pv_16,ลพบุรี,ภาคกลาง,2,ไทรักธรรม,64,0.06,23,106683
2562,pv_16_z_2,pv_16,ลพบุรี,ภาคกลาง,2,มหาชน,61,0.06,24,106683
2562,pv_16_z_2,pv_16,ลพบุรี,ภาคกลาง,2,ประชานิยม,51,0.05,25,106683
2562,pv_16_z_2,pv_16,ลพบุรี,ภาคกลาง,2,ภราดรภาพ,48,0.04,26,106683
2562,pv_16_z_2,pv_16,ลพบุรี,ภาคกลาง,2,พลังธรรมใหม่,34,0.03,27,106683
2562,pv_16_z_2,pv_16,ลพบุรี,ภาคกลาง,2,ประชาชนปฏิรูป,33,0.03,28,106683
2562,pv_16_z_2,pv_16,ลพบุรี,ภาคกลาง,2,พลังปวงชนไทย,33,0.03,29,106683
2562,pv_16_z_2,pv_16,ลพบุรี,ภาคกลาง,2,เครือข่ายชาวนาแห่งประเทศไทย,31,0.03,30,106683
2562,pv_16_z_2,pv_16,ลพบุรี,ภาคกลาง,2,เพื่อนไทย,0,0.00,31,106683
2562,pv_16_z_3,pv_16,ลพบุรี,ภาคกลาง,3,เพื่อไทย,28326,30.19,1,93829
2562,pv_16_z_3,pv_16,ลพบุรี,ภาคกลาง,3,พลังประชารัฐ,26584,28.33,2,93829
2562,pv_16_z_3,pv_16,ลพบุรี,ภาคกลาง,3,อนาคตใหม่,14581,15.54,3,93829
2562,pv_16_z_3,pv_16,ลพบุรี,ภาคกลาง,3,ภูมิใจไทย,9095,9.69,4,93829
2562,pv_16_z_3,pv_16,ลพบุรี,ภาคกลาง,3,ประชาธิปัตย์,4655,4.96,5,93829
2562,pv_16_z_3,pv_16,ลพบุรี,ภาคกลาง,3,ชาติไทยพัฒนา,1840,1.96,6,93829
2562,pv_16_z_3,pv_16,ลพบุรี,ภาคกลาง,3,เสรีรวมไทย,1329,1.42,7,93829
2562,pv_16_z_3,pv_16,ลพบุรี,ภาคกลาง,3,สยามพัฒนา,1110,1.18,8,93829
2562,pv_16_z_3,pv_16,ลพบุรี,ภาคกลาง,3,รวมพลังประชาชาติไทย,1095,1.17,9,93829
2562,pv_16_z_3,pv_16,ลพบุรี,ภาคกลาง,3,กลาง,850,0.91,10,93829
2562,pv_16_z_3,pv_16,ลพบุรี,ภาคกลาง,3,ภราดรภาพ,548,0.58,11,93829
2562,pv_16_z_3,pv_16,ลพบุรี,ภาคกลาง,3,ประชาธิปไตยใหม่,507,0.54,12,93829
2562,pv_16_z_3,pv_16,ลพบุรี,ภาคกลาง,3,ภาคีเครือข่ายไทย,405,0.43,13,93829
2562,pv_16_z_3,pv_16,ลพบุรี,ภาคกลาง,3,พลังศรัทธา,313,0.33,14,93829
2562,pv_16_z_3,pv_16,ลพบุรี,ภาคกลาง,3,ประชานิยม,295,0.31,15,93829
2562,pv_16_z_3,pv_16,ลพบุรี,ภาคกลาง,3,เครือข่ายชาวนาแห่งประเทศไทย,293,0.31,16,93829
2562,pv_16_z_3,pv_16,ลพบุรี,ภาคกลาง,3,พลังท้องถิ่นไท,281,0.30,17,93829
2562,pv_16_z_3,pv_16,ลพบุรี,ภาคกลาง,3,พลังปวงชนไทย,205,0.22,18,93829
2562,pv_16_z_3,pv_16,ลพบุรี,ภาคกลาง,3,พลังชาติไทย,197,0.21,19,93829
2562,pv_16_z_3,pv_16,ลพบุรี,ภาคกลาง,3,เพื่อชาติ,196,0.21,20,93829
2562,pv_16_z_3,pv_16,ลพบุรี,ภาคกลาง,3,พลังประชาธิปไตย,188,0.20,21,93829
2562,pv_16_z_3,pv_16,ลพบุรี,ภาคกลาง,3,ประชาธรรมไทย,157,0.17,22,93829
2562,pv_16_z_3,pv_16,ลพบุรี,ภาคกลาง,3,รักษ์ผืนป่าประเทศไทย,156,0.17,23,93829
2562,pv_16_z_3,pv_16,ลพบุรี,ภาคกลาง,3,ไทรักธรรม,140,0.15,24,93829
2562,pv_16_z_3,pv_16,ลพบุรี,ภาคกลาง,3,ประชาภิวัฒน์,122,0.13,25,93829
2562,pv_16_z_3,pv_16,ลพบุรี,ภาคกลาง,3,พลังธรรมใหม่,101,0.11,26,93829
2562,pv_16_z_3,pv_16,ลพบุรี,ภาคกลาง,3,ประชาไทย,83,0.09,27,93829
2562,pv_16_z_3,pv_16,ลพบุรี,ภาคกลาง,3,พลังไทสร้างชาติ,73,0.08,28,93829
2562,pv_16_z_3,pv_16,ลพบุรี,ภาคกลาง,3,พลังแผ่นดินทอง,60,0.06,29,93829
2562,pv_16_z_3,pv_16,ลพบุรี,ภาคกลาง,3,มหาชน,44,0.05,30,93829
2562,pv_16_z_3,pv_16,ลพบุรี,ภาคกลาง,3,เศรษฐกิจใหม่,0,0.00,31,93829
2562,pv_16_z_3,pv_16,ลพบุรี,ภาคกลาง,3,เพื่อนไทย,0,0.00,32,93829
2562,pv_16_z_3,pv_16,ลพบุรี,ภาคกลาง,3,เพื่อแผ่นดิน,0,0.00,33,93829
2562,pv_16_z_4,pv_16,ลพบุรี,ภาคกลาง,4,ภูมิใจไทย,31669,30.73,1,103070
2562,pv_16_z_4,pv_16,ลพบุรี,ภาคกลาง,4,พลังประชารัฐ,25342,24.59,2,103070
2562,pv_16_z_4,pv_16,ลพบุรี,ภาคกลาง,4,เพื่อไทย,21414,20.78,3,103070
2562,pv_16_z_4,pv_16,ลพบุรี,ภาคกลาง,4,อนาคตใหม่,11360,11.02,4,103070
2562,pv_16_z_4,pv_16,ลพบุรี,ภาคกลาง,4,ประชาธิปัตย์,5819,5.65,5,103070
2562,pv_16_z_4,pv_16,ลพบุรี,ภาคกลาง,4,เสรีรวมไทย,1082,1.05,6,103070
2562,pv_16_z_4,pv_16,ลพบุรี,ภาคกลาง,4,ชาติไทยพัฒนา,1009,0.98,7,103070
2562,pv_16_z_4,pv_16,ลพบุรี,ภาคกลาง,4,รวมพลังประชาชาติไทย,731,0.71,8,103070
2562,pv_16_z_4,pv_16,ลพบุรี,ภาคกลาง,4,เศรษฐกิจใหม่,716,0.69,9,103070
2562,pv_16_z_4,pv_16,ลพบุรี,ภาคกลาง,4,เพื่อชาติ,591,0.57,10,103070
2562,pv_16_z_4,pv_16,ลพบุรี,ภาคกลาง,4,พลังท้องถิ่นไท,470,0.46,11,103070
2562,pv_16_z_4,pv_16,ลพบุรี,ภาคกลาง,4,พลังปวงชนไทย,467,0.45,12,103070
2562,pv_16_z_4,pv_16,ลพบุรี,ภาคกลาง,4,ไทรักธรรม,368,0.36,13,103070
2562,pv_16_z_4,pv_16,ลพบุรี,ภาคกลาง,4,พลังแผ่นดินทอง,273,0.26,14,103070
2562,pv_16_z_4,pv_16,ลพบุรี,ภาคกลาง,4,ภูมิพลังเกษตรกรไทย,253,0.25,15,103070
2562,pv_16_z_4,pv_16,ลพบุรี,ภาคกลาง,4,รักษ์ผืนป่าประเทศไทย,203,0.20,16,103070
2562,pv_16_z_4,pv_16,ลพบุรี,ภาคกลาง,4,ประชานิยม,170,0.16,17,103070
2562,pv_16_z_4,pv_16,ลพบุรี,ภาคกลาง,4,ประชาธรรมไทย,156,0.15,18,103070
2562,pv_16_z_4,pv_16,ลพบุรี,ภาคกลาง,4,พลังชาติไทย,152,0.15,19,103070
2562,pv_16_z_4,pv_16,ลพบุรี,ภาคกลาง,4,เพื่อแผ่นดิน,120,0.12,20,103070
2562,pv_16_z_4,pv_16,ลพบุรี,ภาคกลาง,4,พลังประชาธิปไตย,116,0.11,21,103070
2562,pv_16_z_4,pv_16,ลพบุรี,ภาคกลาง,4,สยามพัฒนา,111,0.11,22,103070
2562,pv_16_z_4,pv_16,ลพบุรี,ภาคกลาง,4,แทนคุณแผ่นดิน,96,0.09,23,103070
2562,pv_16_z_4,pv_16,ลพบุรี,ภาคกลาง,4,ภราดรภาพ,84,0.08,24,103070
2562,pv_16_z_4,pv_16,ลพบุรี,ภาคกลาง,4,พลังไทสร้างชาติ,79,0.08,25,103070
2562,pv_16_z_4,pv_16,ลพบุรี,ภาคกลาง,4,เครือข่ายชาวนาแห่งประเทศไทย,67,0.07,26,103070
2562,pv_16_z_4,pv_16,ลพบุรี,ภาคกลาง,4,ประชาภิวัฒน์,58,0.06,27,103070
2562,pv_16_z_4,pv_16,ลพบุรี,ภาคกลาง,4,ภาคีเครือข่ายไทย,55,0.05,28,103070
2562,pv_16_z_4,pv_16,ลพบุรี,ภาคกลาง,4,พลังธรรมใหม่,39,0.04,29,103070
2562,pv_16_z_4,pv_16,ลพบุรี,ภาคกลาง,4,เพื่อนไทย,0,0.00,30,103070
2562,pv_42_z_1,pv_42,เลย,ภาคตะวันออกเฉียงเหนือ,1,เพื่อไทย,53289,43.77,1,121738
2562,pv_42_z_1,pv_42,เลย,ภาคตะวันออกเฉียงเหนือ,1,ภูมิใจไทย,21164,17.38,2,121738
2562,pv_42_z_1,pv_42,เลย,ภาคตะวันออกเฉียงเหนือ,1,พลังประชารัฐ,19367,15.91,3,121738
2562,pv_42_z_1,pv_42,เลย,ภาคตะวันออกเฉียงเหนือ,1,อนาคตใหม่,13111,10.77,4,121738
2562,pv_42_z_1,pv_42,เลย,ภาคตะวันออกเฉียงเหนือ,1,ประชาธิปัตย์,5259,4.32,5,121738
2562,pv_42_z_1,pv_42,เลย,ภาคตะวันออกเฉียงเหนือ,1,เสรีรวมไทย,2581,2.12,6,121738
2562,pv_42_z_1,pv_42,เลย,ภาคตะวันออกเฉียงเหนือ,1,เศรษฐกิจใหม่,822,0.68,7,121738
2562,pv_42_z_1,pv_42,เลย,ภาคตะวันออกเฉียงเหนือ,1,ประชากรไทย,808,0.66,8,121738
2562,pv_42_z_1,pv_42,เลย,ภาคตะวันออกเฉียงเหนือ,1,ประชาภิวัฒน์,617,0.51,9,121738
2562,pv_42_z_1,pv_42,เลย,ภาคตะวันออกเฉียงเหนือ,1,พลังไทยรักไทย,590,0.48,10,121738
2562,pv_42_z_1,pv_42,เลย,ภาคตะวันออกเฉียงเหนือ,1,รวมพลังประชาชาติไทย,525,0.43,11,121738
2562,pv_42_z_1,pv_42,เลย,ภาคตะวันออกเฉียงเหนือ,1,ภาคีเครือข่ายไทย,458,0.38,12,121738
2562,pv_42_z_1,pv_42,เลย,ภาคตะวันออกเฉียงเหนือ,1,เพื่อชาติ,434,0.36,13,121738
2562,pv_42_z_1,pv_42,เลย,ภาคตะวันออกเฉียงเหนือ,1,ชาติไทยพัฒนา,366,0.30,14,121738
2562,pv_42_z_1,pv_42,เลย,ภาคตะวันออกเฉียงเหนือ,1,ประชาชาติ,319,0.26,15,121738
2562,pv_42_z_1,pv_42,เลย,ภาคตะวันออกเฉียงเหนือ,1,ครูไทยเพื่อประชาชน,283,0.23,16,121738
2562,pv_42_z_1,pv_42,เลย,ภาคตะวันออกเฉียงเหนือ,1,ชาติพัฒนา,229,0.19,17,121738
2562,pv_42_z_1,pv_42,เลย,ภาคตะวันออกเฉียงเหนือ,1,สามัญชน,204,0.17,18,121738
2562,pv_42_z_1,pv_42,เลย,ภาคตะวันออกเฉียงเหนือ,1,ประชาชนปฏิรูป,197,0.16,19,121738
2562,pv_42_z_1,pv_42,เลย,ภาคตะวันออกเฉียงเหนือ,1,รักท้องถิ่นไทย,120,0.10,20,121738
2562,pv_42_z_1,pv_42,เลย,ภาคตะวันออกเฉียงเหนือ,1,พลังชาติไทย,115,0.09,21,121738
2562,pv_42_z_1,pv_42,เลย,ภาคตะวันออกเฉียงเหนือ,1,ประชานิยม,113,0.09,22,121738
2562,pv_42_z_1,pv_42,เลย,ภาคตะวันออกเฉียงเหนือ,1,พลังปวงชนไทย,95,0.08,23,121738
2562,pv_42_z_1,pv_42,เลย,ภาคตะวันออกเฉียงเหนือ,1,พลังท้องถิ่นไท,94,0.08,24,121738
2562,pv_42_z_1,pv_42,เลย,ภาคตะวันออกเฉียงเหนือ,1,แผ่นดินธรรม,94,0.08,25,121738
2562,pv_42_z_1,pv_42,เลย,ภาคตะวันออกเฉียงเหนือ,1,รักษ์ผืนป่าประเทศไทย,88,0.07,26,121738
2562,pv_42_z_1,pv_42,เลย,ภาคตะวันออกเฉียงเหนือ,1,พลังสหกรณ์,75,0.06,27,121738
2562,pv_42_z_1,pv_42,เลย,ภาคตะวันออกเฉียงเหนือ,1,ภราดรภาพ,57,0.05,28,121738
2562,pv_42_z_1,pv_42,เลย,ภาคตะวันออกเฉียงเหนือ,1,พลเมืองไทย,57,0.05,29,121738
2562,pv_42_z_1,pv_42,เลย,ภาคตะวันออกเฉียงเหนือ,1,พลังธรรมใหม่,56,0.05,30,121738
2562,pv_42_z_1,pv_42,เลย,ภาคตะวันออกเฉียงเหนือ,1,ผึ้งหลวง,51,0.04,31,121738
2562,pv_42_z_1,pv_42,เลย,ภาคตะวันออกเฉียงเหนือ,1,แทนคุณแผ่นดิน,39,0.03,32,121738
2562,pv_42_z_1,pv_42,เลย,ภาคตะวันออกเฉียงเหนือ,1,ประชาธรรมไทย,35,0.03,33,121738
2562,pv_42_z_1,pv_42,เลย,ภาคตะวันออกเฉียงเหนือ,1,พลังศรัทธา,26,0.02,34,121738
2562,pv_42_z_1,pv_42,เลย,ภาคตะวันออกเฉียงเหนือ,1,เพื่อนไทย,0,0.00,35,121738
2562,pv_42_z_1,pv_42,เลย,ภาคตะวันออกเฉียงเหนือ,1,ไทยศรีวิไลย์,0,0.00,36,121738
2562,pv_42_z_2,pv_42,เลย,ภาคตะวันออกเฉียงเหนือ,2,เพื่อไทย,55514,47.85,1,116023
2562,pv_42_z_2,pv_42,เลย,ภาคตะวันออกเฉียงเหนือ,2,พลังประชารัฐ,31105,26.81,2,116023
2562,pv_42_z_2,pv_42,เลย,ภาคตะวันออกเฉียงเหนือ,2,อนาคตใหม่,13271,11.44,3,116023
2562,pv_42_z_2,pv_42,เลย,ภาคตะวันออกเฉียงเหนือ,2,ประชาธิปัตย์,2433,2.10,4,116023
2562,pv_42_z_2,pv_42,เลย,ภาคตะวันออกเฉียงเหนือ,2,เสรีรวมไทย,2014,1.74,5,116023
2562,pv_42_z_2,pv_42,เลย,ภาคตะวันออกเฉียงเหนือ,2,เพื่อชาติ,1522,1.31,6,116023
2562,pv_42_z_2,pv_42,เลย,ภาคตะวันออกเฉียงเหนือ,2,แทนคุณแผ่นดิน,1382,1.19,7,116023
2562,pv_42_z_2,pv_42,เลย,ภาคตะวันออกเฉียงเหนือ,2,เศรษฐกิจใหม่,1004,0.87,8,116023
2562,pv_42_z_2,pv_42,เลย,ภาคตะวันออกเฉียงเหนือ,2,พลังสหกรณ์,977,0.84,9,116023
2562,pv_42_z_2,pv_42,เลย,ภาคตะวันออกเฉียงเหนือ,2,พลังไทยรักไทย,854,0.74,10,116023
2562,pv_42_z_2,pv_42,เลย,ภาคตะวันออกเฉียงเหนือ,2,ชาติพัฒนา,763,0.66,11,116023
2562,pv_42_z_2,pv_42,เลย,ภาคตะวันออกเฉียงเหนือ,2,ประชาชาติ,684,0.59,12,116023
2562,pv_42_z_2,pv_42,เลย,ภาคตะวันออกเฉียงเหนือ,2,ประชาชนปฏิรูป,517,0.45,13,116023
2562,pv_42_z_2,pv_42,เลย,ภาคตะวันออกเฉียงเหนือ,2,ประชาธรรมไทย,467,0.40,14,116023
2562,pv_42_z_2,pv_42,เลย,ภาคตะวันออกเฉียงเหนือ,2,รวมพลังประชาชาติไทย,406,0.35,15,116023
2562,pv_42_z_2,pv_42,เลย,ภาคตะวันออกเฉียงเหนือ,2,ภูมิใจไทย,399,0.34,16,116023
2562,pv_42_z_2,pv_42,เลย,ภาคตะวันออกเฉียงเหนือ,2,ประชานิยม,334,0.29,17,116023
2562,pv_42_z_2,pv_42,เลย,ภาคตะวันออกเฉียงเหนือ,2,พลังธรรมใหม่,295,0.25,18,116023
2562,pv_42_z_2,pv_42,เลย,ภาคตะวันออกเฉียงเหนือ,2,รักษ์ผืนป่าประเทศไทย,287,0.25,19,116023
2562,pv_42_z_2,pv_42,เลย,ภาคตะวันออกเฉียงเหนือ,2,ครูไทยเพื่อประชาชน,235,0.20,20,116023
2562,pv_42_z_2,pv_42,เลย,ภาคตะวันออกเฉียงเหนือ,2,ชาติไทยพัฒนา,235,0.20,21,116023
2562,pv_42_z_2,pv_42,เลย,ภาคตะวันออกเฉียงเหนือ,2,รักท้องถิ่นไทย,154,0.13,22,116023
2562,pv_42_z_2,pv_42,เลย,ภาคตะวันออกเฉียงเหนือ,2,ไทยศรีวิไลย์,145,0.12,23,116023
2562,pv_42_z_2,pv_42,เลย,ภาคตะวันออกเฉียงเหนือ,2,ภราดรภาพ,143,0.12,24,116023
2562,pv_42_z_2,pv_42,เลย,ภาคตะวันออกเฉียงเหนือ,2,ผึ้งหลวง,118,0.10,25,116023
2562,pv_42_z_2,pv_42,เลย,ภาคตะวันออกเฉียงเหนือ,2,พลังท้องถิ่นไท,112,0.10,26,116023
2562,pv_42_z_2,pv_42,เลย,ภาคตะวันออกเฉียงเหนือ,2,พลังชาติไทย,111,0.10,27,116023
2562,pv_42_z_2,pv_42,เลย,ภาคตะวันออกเฉียงเหนือ,2,เพื่อแผ่นดิน,101,0.09,28,116023
2562,pv_42_z_2,pv_42,เลย,ภาคตะวันออกเฉียงเหนือ,2,พลังปวงชนไทย,95,0.08,29,116023
2562,pv_42_z_2,pv_42,เลย,ภาคตะวันออกเฉียงเหนือ,2,ภาคีเครือข่ายไทย,82,0.07,30,116023
2562,pv_42_z_2,pv_42,เลย,ภาคตะวันออกเฉียงเหนือ,2,พลเมืองไทย,73,0.06,31,116023
2562,pv_42_z_2,pv_42,เลย,ภาคตะวันออกเฉียงเหนือ,2,พลังศรัทธา,69,0.06,32,116023
2562,pv_42_z_2,pv_42,เลย,ภาคตะวันออกเฉียงเหนือ,2,พลังรัก,66,0.06,33,116023
2562,pv_42_z_2,pv_42,เลย,ภาคตะวันออกเฉียงเหนือ,2,ประชาภิวัฒน์,56,0.05,34,116023
2562,pv_42_z_2,pv_42,เลย,ภาคตะวันออกเฉียงเหนือ,2,เพื่อนไทย,0,0.00,35,116023
2562,pv_42_z_3,pv_42,เลย,ภาคตะวันออกเฉียงเหนือ,3,ภูมิใจไทย,41763,33.14,1,126010
2562,pv_42_z_3,pv_42,เลย,ภาคตะวันออกเฉียงเหนือ,3,เพื่อไทย,35287,28.00,2,126010
2562,pv_42_z_3,pv_42,เลย,ภาคตะวันออกเฉียงเหนือ,3,พลังประชารัฐ,22291,17.69,3,126010
2562,pv_42_z_3,pv_42,เลย,ภาคตะวันออกเฉียงเหนือ,3,อนาคตใหม่,11639,9.24,4,126010
2562,pv_42_z_3,pv_42,เลย,ภาคตะวันออกเฉียงเหนือ,3,ประชาธิปัตย์,4869,3.86,5,126010
2562,pv_42_z_3,pv_42,เลย,ภาคตะวันออกเฉียงเหนือ,3,พลังปวงชนไทย,2960,2.35,6,126010
2562,pv_42_z_3,pv_42,เลย,ภาคตะวันออกเฉียงเหนือ,3,พลังชาติไทย,1029,0.82,7,126010
2562,pv_42_z_3,pv_42,เลย,ภาคตะวันออกเฉียงเหนือ,3,เสรีรวมไทย,973,0.77,8,126010
2562,pv_42_z_3,pv_42,เลย,ภาคตะวันออกเฉียงเหนือ,3,ไทยศรีวิไลย์,660,0.52,9,126010
2562,pv_42_z_3,pv_42,เลย,ภาคตะวันออกเฉียงเหนือ,3,สามัญชน,640,0.51,10,126010
2562,pv_42_z_3,pv_42,เลย,ภาคตะวันออกเฉียงเหนือ,3,ประชากรไทย,582,0.46,11,126010
2562,pv_42_z_3,pv_42,เลย,ภาคตะวันออกเฉียงเหนือ,3,รวมพลังประชาชาติไทย,497,0.39,12,126010
2562,pv_42_z_3,pv_42,เลย,ภาคตะวันออกเฉียงเหนือ,3,ประชาธรรมไทย,308,0.24,13,126010
2562,pv_42_z_3,pv_42,เลย,ภาคตะวันออกเฉียงเหนือ,3,ครูไทยเพื่อประชาชน,280,0.22,14,126010
2562,pv_42_z_3,pv_42,เลย,ภาคตะวันออกเฉียงเหนือ,3,ประชาชาติ,270,0.21,15,126010
2562,pv_42_z_3,pv_42,เลย,ภาคตะวันออกเฉียงเหนือ,3,ชาติพัฒนา,245,0.19,16,126010
2562,pv_42_z_3,pv_42,เลย,ภาคตะวันออกเฉียงเหนือ,3,พลังไทยรักไทย,238,0.19,17,126010
2562,pv_42_z_3,pv_42,เลย,ภาคตะวันออกเฉียงเหนือ,3,พลังท้องถิ่นไท,144,0.11,18,126010
2562,pv_42_z_3,pv_42,เลย,ภาคตะวันออกเฉียงเหนือ,3,ประชานิยม,143,0.11,19,126010
2562,pv_42_z_3,pv_42,เลย,ภาคตะวันออกเฉียงเหนือ,3,พลเมืองไทย,139,0.11,20,126010
2562,pv_42_z_3,pv_42,เลย,ภาคตะวันออกเฉียงเหนือ,3,รักษ์ผืนป่าประเทศไทย,137,0.11,21,126010
2562,pv_42_z_3,pv_42,เลย,ภาคตะวันออกเฉียงเหนือ,3,พลังธรรมใหม่,135,0.11,22,126010
2562,pv_42_z_3,pv_42,เลย,ภาคตะวันออกเฉียงเหนือ,3,ชาติไทยพัฒนา,127,0.10,23,126010
2562,pv_42_z_3,pv_42,เลย,ภาคตะวันออกเฉียงเหนือ,3,แทนคุณแผ่นดิน,117,0.09,24,126010
2562,pv_42_z_3,pv_42,เลย,ภาคตะวันออกเฉียงเหนือ,3,เพื่อแผ่นดิน,103,0.08,25,126010
2562,pv_42_z_3,pv_42,เลย,ภาคตะวันออกเฉียงเหนือ,3,รักท้องถิ่นไทย,95,0.08,26,126010
2562,pv_42_z_3,pv_42,เลย,ภาคตะวันออกเฉียงเหนือ,3,ผึ้งหลวง,79,0.06,27,126010
2562,pv_42_z_3,pv_42,เลย,ภาคตะวันออกเฉียงเหนือ,3,ประชาชนปฏิรูป,70,0.06,28,126010
2562,pv_42_z_3,pv_42,เลย,ภาคตะวันออกเฉียงเหนือ,3,ประชาภิวัฒน์,62,0.05,29,126010
2562,pv_42_z_3,pv_42,เลย,ภาคตะวันออกเฉียงเหนือ,3,เพื่อชาติ,54,0.04,30,126010
2562,pv_42_z_3,pv_42,เลย,ภาคตะวันออกเฉียงเหนือ,3,ภาคีเครือข่ายไทย,39,0.03,31,126010
2562,pv_42_z_3,pv_42,เลย,ภาคตะวันออกเฉียงเหนือ,3,มหาชน,35,0.03,32,126010
2562,pv_42_z_3,pv_42,เลย,ภาคตะวันออกเฉียงเหนือ,3,เพื่อนไทย,0,0.00,33,126010
2562,pv_33_z_1,pv_33,ศรีสะเกษ,ภาคตะวันออกเฉียงเหนือ,1,ภูมิใจไทย,46797,44.76,1,104548
2562,pv_33_z_1,pv_33,ศรีสะเกษ,ภาคตะวันออกเฉียงเหนือ,1,เพื่อไทย,35582,34.03,2,104548
2562,pv_33_z_1,pv_33,ศรีสะเกษ,ภาคตะวันออกเฉียงเหนือ,1,อนาคตใหม่,8970,8.58,3,104548
2562,pv_33_z_1,pv_33,ศรีสะเกษ,ภาคตะวันออกเฉียงเหนือ,1,พลังประชารัฐ,6524,6.24,4,104548
2562,pv_33_z_1,pv_33,ศรีสะเกษ,ภาคตะวันออกเฉียงเหนือ,1,ประชาธิปัตย์,1127,1.08,5,104548
2562,pv_33_z_1,pv_33,ศรีสะเกษ,ภาคตะวันออกเฉียงเหนือ,1,เสรีรวมไทย,816,0.78,6,104548
2562,pv_33_z_1,pv_33,ศรีสะเกษ,ภาคตะวันออกเฉียงเหนือ,1,เพื่อชาติ,778,0.74,7,104548
2562,pv_33_z_1,pv_33,ศรีสะเกษ,ภาคตะวันออกเฉียงเหนือ,1,มหาชน,597,0.57,8,104548
2562,pv_33_z_1,pv_33,ศรีสะเกษ,ภาคตะวันออกเฉียงเหนือ,1,พลังศรัทธา,525,0.50,9,104548
2562,pv_33_z_1,pv_33,ศรีสะเกษ,ภาคตะวันออกเฉียงเหนือ,1,เศรษฐกิจใหม่,488,0.47,10,104548
2562,pv_33_z_1,pv_33,ศรีสะเกษ,ภาคตะวันออกเฉียงเหนือ,1,รวมพลังประชาชาติไทย,403,0.39,11,104548
2562,pv_33_z_1,pv_33,ศรีสะเกษ,ภาคตะวันออกเฉียงเหนือ,1,ประชานิยม,373,0.36,12,104548
2562,pv_33_z_1,pv_33,ศรีสะเกษ,ภาคตะวันออกเฉียงเหนือ,1,ประชาชนปฏิรูป,187,0.18,13,104548
2562,pv_33_z_1,pv_33,ศรีสะเกษ,ภาคตะวันออกเฉียงเหนือ,1,ชาติพัฒนา,171,0.16,14,104548
2562,pv_33_z_1,pv_33,ศรีสะเกษ,ภาคตะวันออกเฉียงเหนือ,1,กรีน,154,0.15,15,104548
2562,pv_33_z_1,pv_33,ศรีสะเกษ,ภาคตะวันออกเฉียงเหนือ,1,ประชาชาติ,121,0.12,16,104548
2562,pv_33_z_1,pv_33,ศรีสะเกษ,ภาคตะวันออกเฉียงเหนือ,1,พลังท้องถิ่นไท,120,0.11,17,104548
2562,pv_33_z_1,pv_33,ศรีสะเกษ,ภาคตะวันออกเฉียงเหนือ,1,รักษ์ผืนป่าประเทศไทย,99,0.09,18,104548
2562,pv_33_z_1,pv_33,ศรีสะเกษ,ภาคตะวันออกเฉียงเหนือ,1,ไทยศรีวิไลย์,90,0.09,19,104548
2562,pv_33_z_1,pv_33,ศรีสะเกษ,ภาคตะวันออกเฉียงเหนือ,1,กลาง,82,0.08,20,104548
2562,pv_33_z_1,pv_33,ศรีสะเกษ,ภาคตะวันออกเฉียงเหนือ,1,พลังปวงชนไทย,81,0.08,21,104548
2562,pv_33_z_1,pv_33,ศรีสะเกษ,ภาคตะวันออกเฉียงเหนือ,1,ประชาภิวัฒน์,80,0.08,22,104548
2562,pv_33_z_1,pv_33,ศรีสะเกษ,ภาคตะวันออกเฉียงเหนือ,1,ภราดรภาพ,56,0.05,23,104548
2562,pv_33_z_1,pv_33,ศรีสะเกษ,ภาคตะวันออกเฉียงเหนือ,1,แผ่นดินธรรม,56,0.05,24,104548
2562,pv_33_z_1,pv_33,ศรีสะเกษ,ภาคตะวันออกเฉียงเหนือ,1,ครูไทยเพื่อประชาชน,55,0.05,25,104548
2562,pv_33_z_1,pv_33,ศรีสะเกษ,ภาคตะวันออกเฉียงเหนือ,1,ทางเลือกใหม่,52,0.05,26,104548
2562,pv_33_z_1,pv_33,ศรีสะเกษ,ภาคตะวันออกเฉียงเหนือ,1,ไทรักธรรม,44,0.04,27,104548
2562,pv_33_z_1,pv_33,ศรีสะเกษ,ภาคตะวันออกเฉียงเหนือ,1,ประชาธิปไตยใหม่,38,0.04,28,104548
2562,pv_33_z_1,pv_33,ศรีสะเกษ,ภาคตะวันออกเฉียงเหนือ,1,ประชาธรรมไทย,37,0.04,29,104548
2562,pv_33_z_1,pv_33,ศรีสะเกษ,ภาคตะวันออกเฉียงเหนือ,1,พลังไทสร้างชาติ,26,0.02,30,104548
2562,pv_33_z_1,pv_33,ศรีสะเกษ,ภาคตะวันออกเฉียงเหนือ,1,ภาคีเครือข่ายไทย,19,0.02,31,104548
2562,pv_33_z_1,pv_33,ศรีสะเกษ,ภาคตะวันออกเฉียงเหนือ,1,เพื่อนไทย,0,0.00,32,104548
2562,pv_33_z_2,pv_33,ศรีสะเกษ,ภาคตะวันออกเฉียงเหนือ,2,เพื่อไทย,49901,53.70,1,92921
2562,pv_33_z_2,pv_33,ศรีสะเกษ,ภาคตะวันออกเฉียงเหนือ,2,พลังประชารัฐ,13373,14.39,2,92921
2562,pv_33_z_2,pv_33,ศรีสะเกษ,ภาคตะวันออกเฉียงเหนือ,2,อนาคตใหม่,11970,12.88,3,92921
2562,pv_33_z_2,pv_33,ศรีสะเกษ,ภาคตะวันออกเฉียงเหนือ,2,ภูมิใจไทย,7443,8.01,4,92921
2562,pv_33_z_2,pv_33,ศรีสะเกษ,ภาคตะวันออกเฉียงเหนือ,2,เสรีรวมไทย,1953,2.10,5,92921
2562,pv_33_z_2,pv_33,ศรีสะเกษ,ภาคตะวันออกเฉียงเหนือ,2,เพื่อชาติ,1677,1.80,6,92921
2562,pv_33_z_2,pv_33,ศรีสะเกษ,ภาคตะวันออกเฉียงเหนือ,2,ประชาธิปัตย์,1069,1.15,7,92921
2562,pv_33_z_2,pv_33,ศรีสะเกษ,ภาคตะวันออกเฉียงเหนือ,2,ประชาชนปฏิรูป,728,0.78,8,92921
2562,pv_33_z_2,pv_33,ศรีสะเกษ,ภาคตะวันออกเฉียงเหนือ,2,เศรษฐกิจใหม่,499,0.54,9,92921
2562,pv_33_z_2,pv_33,ศรีสะเกษ,ภาคตะวันออกเฉียงเหนือ,2,ไทยศรีวิไลย์,421,0.45,10,92921
2562,pv_33_z_2,pv_33,ศรีสะเกษ,ภาคตะวันออกเฉียงเหนือ,2,พลังชาติไทย,398,0.43,11,92921
2562,pv_33_z_2,pv_33,ศรีสะเกษ,ภาคตะวันออกเฉียงเหนือ,2,รักษ์ผืนป่าประเทศไทย,362,0.39,12,92921
2562,pv_33_z_2,pv_33,ศรีสะเกษ,ภาคตะวันออกเฉียงเหนือ,2,ชาติพัฒนา,275,0.30,13,92921
2562,pv_33_z_2,pv_33,ศรีสะเกษ,ภาคตะวันออกเฉียงเหนือ,2,ประชาภิวัฒน์,272,0.29,14,92921
2562,pv_33_z_2,pv_33,ศรีสะเกษ,ภาคตะวันออกเฉียงเหนือ,2,ชาติไทยพัฒนา,271,0.29,15,92921
2562,pv_33_z_2,pv_33,ศรีสะเกษ,ภาคตะวันออกเฉียงเหนือ,2,ภราดรภาพ,236,0.25,16,92921
2562,pv_33_z_2,pv_33,ศรีสะเกษ,ภาคตะวันออกเฉียงเหนือ,2,พลังปวงชนไทย,205,0.22,17,92921
2562,pv_33_z_2,pv_33,ศรีสะเกษ,ภาคตะวันออกเฉียงเหนือ,2,ครูไทยเพื่อประชาชน,184,0.20,18,92921
2562,pv_33_z_2,pv_33,ศรีสะเกษ,ภาคตะวันออกเฉียงเหนือ,2,ประชาชาติ,183,0.20,19,92921
2562,pv_33_z_2,pv_33,ศรีสะเกษ,ภาคตะวันออกเฉียงเหนือ,2,ไทรักธรรม,172,0.19,20,92921
2562,pv_33_z_2,pv_33,ศรีสะเกษ,ภาคตะวันออกเฉียงเหนือ,2,ประชาธรรมไทย,171,0.18,21,92921
2562,pv_33_z_2,pv_33,ศรีสะเกษ,ภาคตะวันออกเฉียงเหนือ,2,พลังไทสร้างชาติ,169,0.18,22,92921
2562,pv_33_z_2,pv_33,ศรีสะเกษ,ภาคตะวันออกเฉียงเหนือ,2,ประชาธิปไตยใหม่,163,0.18,23,92921
2562,pv_33_z_2,pv_33,ศรีสะเกษ,ภาคตะวันออกเฉียงเหนือ,2,พลังท้องถิ่นไท,159,0.17,24,92921
2562,pv_33_z_2,pv_33,ศรีสะเกษ,ภาคตะวันออกเฉียงเหนือ,2,พลังไทยรักไทย,144,0.15,25,92921
2562,pv_33_z_2,pv_33,ศรีสะเกษ,ภาคตะวันออกเฉียงเหนือ,2,ประชานิยม,108,0.12,26,92921
2562,pv_33_z_2,pv_33,ศรีสะเกษ,ภาคตะวันออกเฉียงเหนือ,2,ทางเลือกใหม่,102,0.11,27,92921
2562,pv_33_z_2,pv_33,ศรีสะเกษ,ภาคตะวันออกเฉียงเหนือ,2,รวมพลังประชาชาติไทย,91,0.10,28,92921
2562,pv_33_z_2,pv_33,ศรีสะเกษ,ภาคตะวันออกเฉียงเหนือ,2,แผ่นดินธรรม,84,0.09,29,92921
2562,pv_33_z_2,pv_33,ศรีสะเกษ,ภาคตะวันออกเฉียงเหนือ,2,มหาชน,77,0.08,30,92921
2562,pv_33_z_2,pv_33,ศรีสะเกษ,ภาคตะวันออกเฉียงเหนือ,2,กลาง,61,0.07,31,92921
2562,pv_33_z_2,pv_33,ศรีสะเกษ,ภาคตะวันออกเฉียงเหนือ,2,เพื่อนไทย,0,0.00,32,92921
2562,pv_33_z_2,pv_33,ศรีสะเกษ,ภาคตะวันออกเฉียงเหนือ,2,ไทยรักษาชาติ,0,0.00,33,92921
2562,pv_33_z_3,pv_33,ศรีสะเกษ,ภาคตะวันออกเฉียงเหนือ,3,เพื่อไทย,41002,45.31,1,90496
2562,pv_33_z_3,pv_33,ศรีสะเกษ,ภาคตะวันออกเฉียงเหนือ,3,ภูมิใจไทย,23719,26.21,2,90496
2562,pv_33_z_3,pv_33,ศรีสะเกษ,ภาคตะวันออกเฉียงเหนือ,3,พลังประชารัฐ,9052,10.00,3,90496
2562,pv_33_z_3,pv_33,ศรีสะเกษ,ภาคตะวันออกเฉียงเหนือ,3,อนาคตใหม่,8286,9.16,4,90496
2562,pv_33_z_3,pv_33,ศรีสะเกษ,ภาคตะวันออกเฉียงเหนือ,3,ประชาธิปัตย์,1486,1.64,5,90496
2562,pv_33_z_3,pv_33,ศรีสะเกษ,ภาคตะวันออกเฉียงเหนือ,3,เสรีรวมไทย,778,0.86,6,90496
2562,pv_33_z_3,pv_33,ศรีสะเกษ,ภาคตะวันออกเฉียงเหนือ,3,แผ่นดินธรรม,758,0.84,7,90496
2562,pv_33_z_3,pv_33,ศรีสะเกษ,ภาคตะวันออกเฉียงเหนือ,3,เพื่อชาติ,575,0.64,8,90496
2562,pv_33_z_3,pv_33,ศรีสะเกษ,ภาคตะวันออกเฉียงเหนือ,3,ชาติไทยพัฒนา,533,0.59,9,90496
2562,pv_33_z_3,pv_33,ศรีสะเกษ,ภาคตะวันออกเฉียงเหนือ,3,ประชาธิปไตยใหม่,521,0.58,10,90496
2562,pv_33_z_3,pv_33,ศรีสะเกษ,ภาคตะวันออกเฉียงเหนือ,3,เศรษฐกิจใหม่,462,0.51,11,90496
2562,pv_33_z_3,pv_33,ศรีสะเกษ,ภาคตะวันออกเฉียงเหนือ,3,รวมพลังประชาชาติไทย,401,0.44,12,90496
2562,pv_33_z_3,pv_33,ศรีสะเกษ,ภาคตะวันออกเฉียงเหนือ,3,รักษ์ผืนป่าประเทศไทย,349,0.39,13,90496
2562,pv_33_z_3,pv_33,ศรีสะเกษ,ภาคตะวันออกเฉียงเหนือ,3,ประชาชาติ,343,0.38,14,90496
2562,pv_33_z_3,pv_33,ศรีสะเกษ,ภาคตะวันออกเฉียงเหนือ,3,ประชาชนปฏิรูป,276,0.30,15,90496
2562,pv_33_z_3,pv_33,ศรีสะเกษ,ภาคตะวันออกเฉียงเหนือ,3,พลังท้องถิ่นไท,256,0.28,16,90496
2562,pv_33_z_3,pv_33,ศรีสะเกษ,ภาคตะวันออกเฉียงเหนือ,3,ครูไทยเพื่อประชาชน,236,0.26,17,90496
2562,pv_33_z_3,pv_33,ศรีสะเกษ,ภาคตะวันออกเฉียงเหนือ,3,ประชานิยม,226,0.25,18,90496
2562,pv_33_z_3,pv_33,ศรีสะเกษ,ภาคตะวันออกเฉียงเหนือ,3,ชาติพัฒนา,217,0.24,19,90496
2562,pv_33_z_3,pv_33,ศรีสะเกษ,ภาคตะวันออกเฉียงเหนือ,3,พลังไทสร้างชาติ,131,0.14,20,90496
2562,pv_33_z_3,pv_33,ศรีสะเกษ,ภาคตะวันออกเฉียงเหนือ,3,ไทยศรีวิไลย์,100,0.11,21,90496
2562,pv_33_z_3,pv_33,ศรีสะเกษ,ภาคตะวันออกเฉียงเหนือ,3,กลาง,99,0.11,22,90496
2562,pv_33_z_3,pv_33,ศรีสะเกษ,ภาคตะวันออกเฉียงเหนือ,3,พลังไทยรักไทย,96,0.11,23,90496
2562,pv_33_z_3,pv_33,ศรีสะเกษ,ภาคตะวันออกเฉียงเหนือ,3,ภาคีเครือข่ายไทย,80,0.09,24,90496
2562,pv_33_z_3,pv_33,ศรีสะเกษ,ภาคตะวันออกเฉียงเหนือ,3,สังคมประชาธิปไตยไทย,75,0.08,25,90496
2562,pv_33_z_3,pv_33,ศรีสะเกษ,ภาคตะวันออกเฉียงเหนือ,3,ทางเลือกใหม่,72,0.08,26,90496
2562,pv_33_z_3,pv_33,ศรีสะเกษ,ภาคตะวันออกเฉียงเหนือ,3,ประชาธรรมไทย,64,0.07,27,90496
2562,pv_33_z_3,pv_33,ศรีสะเกษ,ภาคตะวันออกเฉียงเหนือ,3,ไทรักธรรม,62,0.07,28,90496
2562,pv_33_z_3,pv_33,ศรีสะเกษ,ภาคตะวันออกเฉียงเหนือ,3,พลังไทยรักชาติ,55,0.06,29,90496
2562,pv_33_z_3,pv_33,ศรีสะเกษ,ภาคตะวันออกเฉียงเหนือ,3,รวมใจไทย,46,0.05,30,90496
2562,pv_33_z_3,pv_33,ศรีสะเกษ,ภาคตะวันออกเฉียงเหนือ,3,พลังปวงชนไทย,39,0.04,31,90496
2562,pv_33_z_3,pv_33,ศรีสะเกษ,ภาคตะวันออกเฉียงเหนือ,3,พลังสังคม,38,0.04,32,90496
2562,pv_33_z_3,pv_33,ศรีสะเกษ,ภาคตะวันออกเฉียงเหนือ,3,มหาชน,35,0.04,33,90496
2562,pv_33_z_3,pv_33,ศรีสะเกษ,ภาคตะวันออกเฉียงเหนือ,3,ประชาภิวัฒน์,28,0.03,34,90496
2562,pv_33_z_3,pv_33,ศรีสะเกษ,ภาคตะวันออกเฉียงเหนือ,3,เพื่อนไทย,0,0.00,35,90496
2562,pv_33_z_3,pv_33,ศรีสะเกษ,ภาคตะวันออกเฉียงเหนือ,3,ไทยรักษาชาติ,0,0.00,36,90496
2562,pv_33_z_3,pv_33,ศรีสะเกษ,ภาคตะวันออกเฉียงเหนือ,3,คนงานไทย,0,0.00,37,90496
2562,pv_33_z_4,pv_33,ศรีสะเกษ,ภาคตะวันออกเฉียงเหนือ,4,เพื่อไทย,40065,42.09,1,95185
2562,pv_33_z_4,pv_33,ศรีสะเกษ,ภาคตะวันออกเฉียงเหนือ,4,พลังประชารัฐ,38143,40.07,2,95185
2562,pv_33_z_4,pv_33,ศรีสะเกษ,ภาคตะวันออกเฉียงเหนือ,4,อนาคตใหม่,9827,10.32,3,95185
2562,pv_33_z_4,pv_33,ศรีสะเกษ,ภาคตะวันออกเฉียงเหนือ,4,พลังไทยรักชาติ,1001,1.05,4,95185
2562,pv_33_z_4,pv_33,ศรีสะเกษ,ภาคตะวันออกเฉียงเหนือ,4,ประชาธิปัตย์,995,1.05,5,95185
2562,pv_33_z_4,pv_33,ศรีสะเกษ,ภาคตะวันออกเฉียงเหนือ,4,เสรีรวมไทย,818,0.86,6,95185
2562,pv_33_z_4,pv_33,ศรีสะเกษ,ภาคตะวันออกเฉียงเหนือ,4,ทางเลือกใหม่,780,0.82,7,95185
2562,pv_33_z_4,pv_33,ศรีสะเกษ,ภาคตะวันออกเฉียงเหนือ,4,พลังปวงชนไทย,625,0.66,8,95185
2562,pv_33_z_4,pv_33,ศรีสะเกษ,ภาคตะวันออกเฉียงเหนือ,4,เพื่อชาติ,441,0.46,9,95185
2562,pv_33_z_4,pv_33,ศรีสะเกษ,ภาคตะวันออกเฉียงเหนือ,4,เศรษฐกิจใหม่,378,0.40,10,95185
2562,pv_33_z_4,pv_33,ศรีสะเกษ,ภาคตะวันออกเฉียงเหนือ,4,ครูไทยเพื่อประชาชน,237,0.25,11,95185
2562,pv_33_z_4,pv_33,ศรีสะเกษ,ภาคตะวันออกเฉียงเหนือ,4,ชาติพัฒนา,204,0.21,12,95185
2562,pv_33_z_4,pv_33,ศรีสะเกษ,ภาคตะวันออกเฉียงเหนือ,4,ภูมิใจไทย,196,0.21,13,95185
2562,pv_33_z_4,pv_33,ศรีสะเกษ,ภาคตะวันออกเฉียงเหนือ,4,ประชาชนปฏิรูป,175,0.18,14,95185
2562,pv_33_z_4,pv_33,ศรีสะเกษ,ภาคตะวันออกเฉียงเหนือ,4,ไทรักธรรม,158,0.17,15,95185
2562,pv_33_z_4,pv_33,ศรีสะเกษ,ภาคตะวันออกเฉียงเหนือ,4,ประชานิยม,123,0.13,16,95185
2562,pv_33_z_4,pv_33,ศรีสะเกษ,ภาคตะวันออกเฉียงเหนือ,4,ประชาชาติ,118,0.12,17,95185
2562,pv_33_z_4,pv_33,ศรีสะเกษ,ภาคตะวันออกเฉียงเหนือ,4,รักษ์ผืนป่าประเทศไทย,114,0.12,18,95185
2562,pv_33_z_4,pv_33,ศรีสะเกษ,ภาคตะวันออกเฉียงเหนือ,4,ชาติไทยพัฒนา,109,0.11,19,95185
2562,pv_33_z_4,pv_33,ศรีสะเกษ,ภาคตะวันออกเฉียงเหนือ,4,รวมใจไทย,85,0.09,20,95185
2562,pv_33_z_4,pv_33,ศรีสะเกษ,ภาคตะวันออกเฉียงเหนือ,4,ไทยศรีวิไลย์,83,0.09,21,95185
2562,pv_33_z_4,pv_33,ศรีสะเกษ,ภาคตะวันออกเฉียงเหนือ,4,รวมพลังประชาชาติไทย,68,0.07,22,95185
2562,pv_33_z_4,pv_33,ศรีสะเกษ,ภาคตะวันออกเฉียงเหนือ,4,พลังท้องถิ่นไท,63,0.07,23,95185
2562,pv_33_z_4,pv_33,ศรีสะเกษ,ภาคตะวันออกเฉียงเหนือ,4,ประชาภิวัฒน์,62,0.07,24,95185
2562,pv_33_z_4,pv_33,ศรีสะเกษ,ภาคตะวันออกเฉียงเหนือ,4,แผ่นดินธรรม,44,0.05,25,95185
2562,pv_33_z_4,pv_33,ศรีสะเกษ,ภาคตะวันออกเฉียงเหนือ,4,พลังไทยรักไทย,42,0.04,26,95185
2562,pv_33_z_4,pv_33,ศรีสะเกษ,ภาคตะวันออกเฉียงเหนือ,4,กรีน,39,0.04,27,95185
2562,pv_33_z_4,pv_33,ศรีสะเกษ,ภาคตะวันออกเฉียงเหนือ,4,สังคมประชาธิปไตยไทย,38,0.04,28,95185
2562,pv_33_z_4,pv_33,ศรีสะเกษ,ภาคตะวันออกเฉียงเหนือ,4,ภาคีเครือข่ายไทย,34,0.04,29,95185
2562,pv_33_z_4,pv_33,ศรีสะเกษ,ภาคตะวันออกเฉียงเหนือ,4,ประชาธิปไตยใหม่,32,0.03,30,95185
2562,pv_33_z_4,pv_33,ศรีสะเกษ,ภาคตะวันออกเฉียงเหนือ,4,ประชาธรรมไทย,27,0.03,31,95185
2562,pv_33_z_4,pv_33,ศรีสะเกษ,ภาคตะวันออกเฉียงเหนือ,4,มหาชน,24,0.03,32,95185
2562,pv_33_z_4,pv_33,ศรีสะเกษ,ภาคตะวันออกเฉียงเหนือ,4,พลังชาติไทย,23,0.02,33,95185
2562,pv_33_z_4,pv_33,ศรีสะเกษ,ภาคตะวันออกเฉียงเหนือ,4,พลังไทสร้างชาติ,14,0.01,34,95185
2562,pv_33_z_4,pv_33,ศรีสะเกษ,ภาคตะวันออกเฉียงเหนือ,4,เพื่อนไทย,0,0.00,35,95185
2562,pv_33_z_5,pv_33,ศรีสะเกษ,ภาคตะวันออกเฉียงเหนือ,5,เพื่อไทย,35794,39.40,1,90842
2562,pv_33_z_5,pv_33,ศรีสะเกษ,ภาคตะวันออกเฉียงเหนือ,5,พลังประชารัฐ,15755,17.34,2,90842
2562,pv_33_z_5,pv_33,ศรีสะเกษ,ภาคตะวันออกเฉียงเหนือ,5,ชาติไทยพัฒนา,13909,15.31,3,90842
2562,pv_33_z_5,pv_33,ศรีสะเกษ,ภาคตะวันออกเฉียงเหนือ,5,อนาคตใหม่,11725,12.91,4,90842
2562,pv_33_z_5,pv_33,ศรีสะเกษ,ภาคตะวันออกเฉียงเหนือ,5,ภูมิใจไทย,5582,6.14,5,90842
2562,pv_33_z_5,pv_33,ศรีสะเกษ,ภาคตะวันออกเฉียงเหนือ,5,เพื่อชาติ,1421,1.56,6,90842
2562,pv_33_z_5,pv_33,ศรีสะเกษ,ภาคตะวันออกเฉียงเหนือ,5,ประชาธิปัตย์,1414,1.56,7,90842
2562,pv_33_z_5,pv_33,ศรีสะเกษ,ภาคตะวันออกเฉียงเหนือ,5,เสรีรวมไทย,677,0.75,8,90842
2562,pv_33_z_5,pv_33,ศรีสะเกษ,ภาคตะวันออกเฉียงเหนือ,5,พลังท้องถิ่นไท,673,0.74,9,90842
2562,pv_33_z_5,pv_33,ศรีสะเกษ,ภาคตะวันออกเฉียงเหนือ,5,ครูไทยเพื่อประชาชน,671,0.74,10,90842
2562,pv_33_z_5,pv_33,ศรีสะเกษ,ภาคตะวันออกเฉียงเหนือ,5,พลังชาติไทย,576,0.63,11,90842
2562,pv_33_z_5,pv_33,ศรีสะเกษ,ภาคตะวันออกเฉียงเหนือ,5,เศรษฐกิจใหม่,553,0.61,12,90842
2562,pv_33_z_5,pv_33,ศรีสะเกษ,ภาคตะวันออกเฉียงเหนือ,5,ทางเลือกใหม่,289,0.32,13,90842
2562,pv_33_z_5,pv_33,ศรีสะเกษ,ภาคตะวันออกเฉียงเหนือ,5,รวมพลังประชาชาติไทย,212,0.23,14,90842
2562,pv_33_z_5,pv_33,ศรีสะเกษ,ภาคตะวันออกเฉียงเหนือ,5,รักษ์ผืนป่าประเทศไทย,205,0.23,15,90842
2562,pv_33_z_5,pv_33,ศรีสะเกษ,ภาคตะวันออกเฉียงเหนือ,5,ไทยศรีวิไลย์,159,0.18,16,90842
2562,pv_33_z_5,pv_33,ศรีสะเกษ,ภาคตะวันออกเฉียงเหนือ,5,ประชาภิวัฒน์,149,0.16,17,90842
2562,pv_33_z_5,pv_33,ศรีสะเกษ,ภาคตะวันออกเฉียงเหนือ,5,พลังไทยรักชาติ,149,0.16,18,90842
2562,pv_33_z_5,pv_33,ศรีสะเกษ,ภาคตะวันออกเฉียงเหนือ,5,ชาติพัฒนา,133,0.15,19,90842
2562,pv_33_z_5,pv_33,ศรีสะเกษ,ภาคตะวันออกเฉียงเหนือ,5,ไทรักธรรม,117,0.13,20,90842
2562,pv_33_z_5,pv_33,ศรีสะเกษ,ภาคตะวันออกเฉียงเหนือ,5,ประชาธิปไตยใหม่,102,0.11,21,90842
2562,pv_33_z_5,pv_33,ศรีสะเกษ,ภาคตะวันออกเฉียงเหนือ,5,พลังศรัทธา,99,0.11,22,90842
2562,pv_33_z_5,pv_33,ศรีสะเกษ,ภาคตะวันออกเฉียงเหนือ,5,ประชานิยม,97,0.11,23,90842
2562,pv_33_z_5,pv_33,ศรีสะเกษ,ภาคตะวันออกเฉียงเหนือ,5,มหาชน,68,0.07,24,90842
2562,pv_33_z_5,pv_33,ศรีสะเกษ,ภาคตะวันออกเฉียงเหนือ,5,พลังไทยรักไทย,57,0.06,25,90842
2562,pv_33_z_5,pv_33,ศรีสะเกษ,ภาคตะวันออกเฉียงเหนือ,5,พลังปวงชนไทย,57,0.06,26,90842
2562,pv_33_z_5,pv_33,ศรีสะเกษ,ภาคตะวันออกเฉียงเหนือ,5,ประชาธรรมไทย,48,0.05,27,90842
2562,pv_33_z_5,pv_33,ศรีสะเกษ,ภาคตะวันออกเฉียงเหนือ,5,กลาง,43,0.05,28,90842
2562,pv_33_z_5,pv_33,ศรีสะเกษ,ภาคตะวันออกเฉียงเหนือ,5,ประชาชนปฏิรูป,41,0.05,29,90842
2562,pv_33_z_5,pv_33,ศรีสะเกษ,ภาคตะวันออกเฉียงเหนือ,5,ภาคีเครือข่ายไทย,41,0.05,30,90842
2562,pv_33_z_5,pv_33,ศรีสะเกษ,ภาคตะวันออกเฉียงเหนือ,5,พลังสังคม,26,0.03,31,90842
2562,pv_33_z_5,pv_33,ศรีสะเกษ,ภาคตะวันออกเฉียงเหนือ,5,เพื่อนไทย,0,0.00,32,90842
2562,pv_33_z_6,pv_33,ศรีสะเกษ,ภาคตะวันออกเฉียงเหนือ,6,เพื่อไทย,30899,34.72,1,88996
2562,pv_33_z_6,pv_33,ศรีสะเกษ,ภาคตะวันออกเฉียงเหนือ,6,เพื่อชาติ,14453,16.24,2,88996
2562,pv_33_z_6,pv_33,ศรีสะเกษ,ภาคตะวันออกเฉียงเหนือ,6,พลังประชารัฐ,13600,15.28,3,88996
2562,pv_33_z_6,pv_33,ศรีสะเกษ,ภาคตะวันออกเฉียงเหนือ,6,ภูมิใจไทย,10532,11.83,4,88996
2562,pv_33_z_6,pv_33,ศรีสะเกษ,ภาคตะวันออกเฉียงเหนือ,6,อนาคตใหม่,10350,11.63,5,88996
2562,pv_33_z_6,pv_33,ศรีสะเกษ,ภาคตะวันออกเฉียงเหนือ,6,ประชาธิปัตย์,2062,2.32,6,88996
2562,pv_33_z_6,pv_33,ศรีสะเกษ,ภาคตะวันออกเฉียงเหนือ,6,เสรีรวมไทย,1418,1.59,7,88996
2562,pv_33_z_6,pv_33,ศรีสะเกษ,ภาคตะวันออกเฉียงเหนือ,6,ชาติไทยพัฒนา,744,0.84,8,88996
2562,pv_33_z_6,pv_33,ศรีสะเกษ,ภาคตะวันออกเฉียงเหนือ,6,ประชาธรรมไทย,625,0.70,9,88996
2562,pv_33_z_6,pv_33,ศรีสะเกษ,ภาคตะวันออกเฉียงเหนือ,6,เศรษฐกิจใหม่,581,0.65,10,88996
2562,pv_33_z_6,pv_33,ศรีสะเกษ,ภาคตะวันออกเฉียงเหนือ,6,แผ่นดินธรรม,568,0.64,11,88996
2562,pv_33_z_6,pv_33,ศรีสะเกษ,ภาคตะวันออกเฉียงเหนือ,6,พลังสังคม,422,0.47,12,88996
2562,pv_33_z_6,pv_33,ศรีสะเกษ,ภาคตะวันออกเฉียงเหนือ,6,รักษ์ผืนป่าประเทศไทย,368,0.41,13,88996
2562,pv_33_z_6,pv_33,ศรีสะเกษ,ภาคตะวันออกเฉียงเหนือ,6,ทางเลือกใหม่,360,0.40,14,88996
2562,pv_33_z_6,pv_33,ศรีสะเกษ,ภาคตะวันออกเฉียงเหนือ,6,ชาติพัฒนา,277,0.31,15,88996
2562,pv_33_z_6,pv_33,ศรีสะเกษ,ภาคตะวันออกเฉียงเหนือ,6,ครูไทยเพื่อประชาชน,251,0.28,16,88996
2562,pv_33_z_6,pv_33,ศรีสะเกษ,ภาคตะวันออกเฉียงเหนือ,6,รวมพลังประชาชาติไทย,188,0.21,17,88996
2562,pv_33_z_6,pv_33,ศรีสะเกษ,ภาคตะวันออกเฉียงเหนือ,6,ประชานิยม,178,0.20,18,88996
2562,pv_33_z_6,pv_33,ศรีสะเกษ,ภาคตะวันออกเฉียงเหนือ,6,พลังท้องถิ่นไท,156,0.18,19,88996
2562,pv_33_z_6,pv_33,ศรีสะเกษ,ภาคตะวันออกเฉียงเหนือ,6,ประชาชนปฏิรูป,126,0.14,20,88996
2562,pv_33_z_6,pv_33,ศรีสะเกษ,ภาคตะวันออกเฉียงเหนือ,6,พลังชาติไทย,125,0.14,21,88996
2562,pv_33_z_6,pv_33,ศรีสะเกษ,ภาคตะวันออกเฉียงเหนือ,6,ไทยศรีวิไลย์,115,0.13,22,88996
2562,pv_33_z_6,pv_33,ศรีสะเกษ,ภาคตะวันออกเฉียงเหนือ,6,ไทรักธรรม,101,0.11,23,88996
2562,pv_33_z_6,pv_33,ศรีสะเกษ,ภาคตะวันออกเฉียงเหนือ,6,พลังศรัทธา,99,0.11,24,88996
2562,pv_33_z_6,pv_33,ศรีสะเกษ,ภาคตะวันออกเฉียงเหนือ,6,เพื่อแผ่นดิน,83,0.09,25,88996
2562,pv_33_z_6,pv_33,ศรีสะเกษ,ภาคตะวันออกเฉียงเหนือ,6,พลังปวงชนไทย,79,0.09,26,88996
2562,pv_33_z_6,pv_33,ศรีสะเกษ,ภาคตะวันออกเฉียงเหนือ,6,ประชาภิวัฒน์,70,0.08,27,88996
2562,pv_33_z_6,pv_33,ศรีสะเกษ,ภาคตะวันออกเฉียงเหนือ,6,ประชาธิปไตยใหม่,69,0.08,28,88996
2562,pv_33_z_6,pv_33,ศรีสะเกษ,ภาคตะวันออกเฉียงเหนือ,6,กลาง,53,0.06,29,88996
2562,pv_33_z_6,pv_33,ศรีสะเกษ,ภาคตะวันออกเฉียงเหนือ,6,มหาชน,44,0.05,30,88996
2562,pv_33_z_6,pv_33,ศรีสะเกษ,ภาคตะวันออกเฉียงเหนือ,6,เพื่อนไทย,0,0.00,31,88996
2562,pv_33_z_7,pv_33,ศรีสะเกษ,ภาคตะวันออกเฉียงเหนือ,7,ภูมิใจไทย,49123,51.60,1,95196
2562,pv_33_z_7,pv_33,ศรีสะเกษ,ภาคตะวันออกเฉียงเหนือ,7,เพื่อไทย,28581,30.02,2,95196
2562,pv_33_z_7,pv_33,ศรีสะเกษ,ภาคตะวันออกเฉียงเหนือ,7,อนาคตใหม่,6609,6.94,3,95196
2562,pv_33_z_7,pv_33,ศรีสะเกษ,ภาคตะวันออกเฉียงเหนือ,7,พลังประชารัฐ,6332,6.65,4,95196
2562,pv_33_z_7,pv_33,ศรีสะเกษ,ภาคตะวันออกเฉียงเหนือ,7,ไทยศรีวิไลย์,809,0.85,5,95196
2562,pv_33_z_7,pv_33,ศรีสะเกษ,ภาคตะวันออกเฉียงเหนือ,7,เสรีรวมไทย,695,0.73,6,95196
2562,pv_33_z_7,pv_33,ศรีสะเกษ,ภาคตะวันออกเฉียงเหนือ,7,พลังท้องถิ่นไท,522,0.55,7,95196
2562,pv_33_z_7,pv_33,ศรีสะเกษ,ภาคตะวันออกเฉียงเหนือ,7,ประชาธิปัตย์,518,0.54,8,95196
2562,pv_33_z_7,pv_33,ศรีสะเกษ,ภาคตะวันออกเฉียงเหนือ,7,ประชาชนปฏิรูป,436,0.46,9,95196
2562,pv_33_z_7,pv_33,ศรีสะเกษ,ภาคตะวันออกเฉียงเหนือ,7,เพื่อชาติ,314,0.33,10,95196
2562,pv_33_z_7,pv_33,ศรีสะเกษ,ภาคตะวันออกเฉียงเหนือ,7,เศรษฐกิจใหม่,269,0.28,11,95196
2562,pv_33_z_7,pv_33,ศรีสะเกษ,ภาคตะวันออกเฉียงเหนือ,7,รักษ์ผืนป่าประเทศไทย,97,0.10,12,95196
2562,pv_33_z_7,pv_33,ศรีสะเกษ,ภาคตะวันออกเฉียงเหนือ,7,พลังไทยรักไทย,97,0.10,13,95196
2562,pv_33_z_7,pv_33,ศรีสะเกษ,ภาคตะวันออกเฉียงเหนือ,7,ประชาภิวัฒน์,94,0.10,14,95196
2562,pv_33_z_7,pv_33,ศรีสะเกษ,ภาคตะวันออกเฉียงเหนือ,7,ชาติพัฒนา,94,0.10,15,95196
2562,pv_33_z_7,pv_33,ศรีสะเกษ,ภาคตะวันออกเฉียงเหนือ,7,ประชานิยม,81,0.09,16,95196
2562,pv_33_z_7,pv_33,ศรีสะเกษ,ภาคตะวันออกเฉียงเหนือ,7,มหาชน,65,0.07,17,95196
2562,pv_33_z_7,pv_33,ศรีสะเกษ,ภาคตะวันออกเฉียงเหนือ,7,รวมพลังประชาชาติไทย,60,0.06,18,95196
2562,pv_33_z_7,pv_33,ศรีสะเกษ,ภาคตะวันออกเฉียงเหนือ,7,ชาติไทยพัฒนา,53,0.06,19,95196
2562,pv_33_z_7,pv_33,ศรีสะเกษ,ภาคตะวันออกเฉียงเหนือ,7,ประชาชาติ,52,0.05,20,95196
2562,pv_33_z_7,pv_33,ศรีสะเกษ,ภาคตะวันออกเฉียงเหนือ,7,แผ่นดินธรรม,52,0.05,21,95196
2562,pv_33_z_7,pv_33,ศรีสะเกษ,ภาคตะวันออกเฉียงเหนือ,7,ครูไทยเพื่อประชาชน,51,0.05,22,95196
2562,pv_33_z_7,pv_33,ศรีสะเกษ,ภาคตะวันออกเฉียงเหนือ,7,เพื่อแผ่นดิน,42,0.04,23,95196
2562,pv_33_z_7,pv_33,ศรีสะเกษ,ภาคตะวันออกเฉียงเหนือ,7,ไทรักธรรม,42,0.04,24,95196
2562,pv_33_z_7,pv_33,ศรีสะเกษ,ภาคตะวันออกเฉียงเหนือ,7,ประชาธิปไตยใหม่,34,0.04,25,95196
2562,pv_33_z_7,pv_33,ศรีสะเกษ,ภาคตะวันออกเฉียงเหนือ,7,พลังศรัทธา,31,0.03,26,95196
2562,pv_33_z_7,pv_33,ศรีสะเกษ,ภาคตะวันออกเฉียงเหนือ,7,พลังปวงชนไทย,27,0.03,27,95196
2562,pv_33_z_7,pv_33,ศรีสะเกษ,ภาคตะวันออกเฉียงเหนือ,7,พลังสังคม,16,0.02,28,95196
2562,pv_33_z_7,pv_33,ศรีสะเกษ,ภาคตะวันออกเฉียงเหนือ,7,เพื่อนไทย,0,0.00,29,95196
2562,pv_33_z_8,pv_33,ศรีสะเกษ,ภาคตะวันออกเฉียงเหนือ,8,เพื่อไทย,50319,55.65,1,90427
2562,pv_33_z_8,pv_33,ศรีสะเกษ,ภาคตะวันออกเฉียงเหนือ,8,พลังประชารัฐ,13974,15.45,2,90427
2562,pv_33_z_8,pv_33,ศรีสะเกษ,ภาคตะวันออกเฉียงเหนือ,8,อนาคตใหม่,10712,11.85,3,90427
2562,pv_33_z_8,pv_33,ศรีสะเกษ,ภาคตะวันออกเฉียงเหนือ,8,ชาติไทยพัฒนา,4744,5.25,4,90427
2562,pv_33_z_8,pv_33,ศรีสะเกษ,ภาคตะวันออกเฉียงเหนือ,8,เสรีรวมไทย,1433,1.58,5,90427
2562,pv_33_z_8,pv_33,ศรีสะเกษ,ภาคตะวันออกเฉียงเหนือ,8,ประชาธิปัตย์,1341,1.48,6,90427
2562,pv_33_z_8,pv_33,ศรีสะเกษ,ภาคตะวันออกเฉียงเหนือ,8,ภูมิใจไทย,954,1.05,7,90427
2562,pv_33_z_8,pv_33,ศรีสะเกษ,ภาคตะวันออกเฉียงเหนือ,8,ประชาธรรมไทย,810,0.90,8,90427
2562,pv_33_z_8,pv_33,ศรีสะเกษ,ภาคตะวันออกเฉียงเหนือ,8,รวมใจไทย,581,0.64,9,90427
2562,pv_33_z_8,pv_33,ศรีสะเกษ,ภาคตะวันออกเฉียงเหนือ,8,เพื่อแผ่นดิน,542,0.60,10,90427
2562,pv_33_z_8,pv_33,ศรีสะเกษ,ภาคตะวันออกเฉียงเหนือ,8,เพื่อชาติ,498,0.55,11,90427
2562,pv_33_z_8,pv_33,ศรีสะเกษ,ภาคตะวันออกเฉียงเหนือ,8,ภราดรภาพ,470,0.52,12,90427
2562,pv_33_z_8,pv_33,ศรีสะเกษ,ภาคตะวันออกเฉียงเหนือ,8,เศรษฐกิจใหม่,408,0.45,13,90427
2562,pv_33_z_8,pv_33,ศรีสะเกษ,ภาคตะวันออกเฉียงเหนือ,8,พลังปวงชนไทย,367,0.41,14,90427
2562,pv_33_z_8,pv_33,ศรีสะเกษ,ภาคตะวันออกเฉียงเหนือ,8,พลังท้องถิ่นไท,330,0.36,15,90427
2562,pv_33_z_8,pv_33,ศรีสะเกษ,ภาคตะวันออกเฉียงเหนือ,8,ชาติพัฒนา,308,0.34,16,90427
2562,pv_33_z_8,pv_33,ศรีสะเกษ,ภาคตะวันออกเฉียงเหนือ,8,ประชาภิวัฒน์,282,0.31,17,90427
2562,pv_33_z_8,pv_33,ศรีสะเกษ,ภาคตะวันออกเฉียงเหนือ,8,แผ่นดินธรรม,281,0.31,18,90427
2562,pv_33_z_8,pv_33,ศรีสะเกษ,ภาคตะวันออกเฉียงเหนือ,8,ประชาธิปไตยใหม่,260,0.29,19,90427
2562,pv_33_z_8,pv_33,ศรีสะเกษ,ภาคตะวันออกเฉียงเหนือ,8,รวมพลังประชาชาติไทย,235,0.26,20,90427
2562,pv_33_z_8,pv_33,ศรีสะเกษ,ภาคตะวันออกเฉียงเหนือ,8,พลังไทยรักไทย,202,0.22,21,90427
2562,pv_33_z_8,pv_33,ศรีสะเกษ,ภาคตะวันออกเฉียงเหนือ,8,พลังไทยรักชาติ,193,0.21,22,90427
2562,pv_33_z_8,pv_33,ศรีสะเกษ,ภาคตะวันออกเฉียงเหนือ,8,ประชาชาติ,173,0.19,23,90427
2562,pv_33_z_8,pv_33,ศรีสะเกษ,ภาคตะวันออกเฉียงเหนือ,8,รักษ์ผืนป่าประเทศไทย,158,0.17,24,90427
2562,pv_33_z_8,pv_33,ศรีสะเกษ,ภาคตะวันออกเฉียงเหนือ,8,พลังศรัทธา,131,0.14,25,90427
2562,pv_33_z_8,pv_33,ศรีสะเกษ,ภาคตะวันออกเฉียงเหนือ,8,พลังชาติไทย,119,0.13,26,90427
2562,pv_33_z_8,pv_33,ศรีสะเกษ,ภาคตะวันออกเฉียงเหนือ,8,ไทยศรีวิไลย์,116,0.13,27,90427
2562,pv_33_z_8,pv_33,ศรีสะเกษ,ภาคตะวันออกเฉียงเหนือ,8,ไทรักธรรม,95,0.11,28,90427
2562,pv_33_z_8,pv_33,ศรีสะเกษ,ภาคตะวันออกเฉียงเหนือ,8,ทางเลือกใหม่,92,0.10,29,90427
2562,pv_33_z_8,pv_33,ศรีสะเกษ,ภาคตะวันออกเฉียงเหนือ,8,ครูไทยเพื่อประชาชน,86,0.10,30,90427
2562,pv_33_z_8,pv_33,ศรีสะเกษ,ภาคตะวันออกเฉียงเหนือ,8,กลาง,65,0.07,31,90427
2562,pv_33_z_8,pv_33,ศรีสะเกษ,ภาคตะวันออกเฉียงเหนือ,8,ประชาชนปฏิรูป,63,0.07,32,90427
2562,pv_33_z_8,pv_33,ศรีสะเกษ,ภาคตะวันออกเฉียงเหนือ,8,มหาชน,43,0.05,33,90427
2562,pv_33_z_8,pv_33,ศรีสะเกษ,ภาคตะวันออกเฉียงเหนือ,8,ประชานิยม,42,0.05,34,90427
2562,pv_33_z_8,pv_33,ศรีสะเกษ,ภาคตะวันออกเฉียงเหนือ,8,เพื่อนไทย,0,0.00,35,90427
2562,pv_64_z_1,pv_64,สุโขทัย,ภาคกลาง,1,พลังประชารัฐ,43957,39.21,1,112111
2562,pv_64_z_1,pv_64,สุโขทัย,ภาคกลาง,1,เพื่อไทย,32389,28.89,2,112111
2562,pv_64_z_1,pv_64,สุโขทัย,ภาคกลาง,1,ประชาธิปัตย์,14619,13.04,3,112111
2562,pv_64_z_1,pv_64,สุโขทัย,ภาคกลาง,1,อนาคตใหม่,13229,11.80,4,112111
2562,pv_64_z_1,pv_64,สุโขทัย,ภาคกลาง,1,เสรีรวมไทย,1539,1.37,5,112111
2562,pv_64_z_1,pv_64,สุโขทัย,ภาคกลาง,1,ภูมิใจไทย,1126,1.00,6,112111
2562,pv_64_z_1,pv_64,สุโขทัย,ภาคกลาง,1,รวมพลังประชาชาติไทย,798,0.71,7,112111
2562,pv_64_z_1,pv_64,สุโขทัย,ภาคกลาง,1,รักษ์ผืนป่าประเทศไทย,744,0.66,8,112111
2562,pv_64_z_1,pv_64,สุโขทัย,ภาคกลาง,1,ชาติไทยพัฒนา,549,0.49,9,112111
2562,pv_64_z_1,pv_64,สุโขทัย,ภาคกลาง,1,ไทยศรีวิไลย์,339,0.30,10,112111
2562,pv_64_z_1,pv_64,สุโขทัย,ภาคกลาง,1,ประชาภิวัฒน์,338,0.30,11,112111
2562,pv_64_z_1,pv_64,สุโขทัย,ภาคกลาง,1,กรีน,296,0.26,12,112111
2562,pv_64_z_1,pv_64,สุโขทัย,ภาคกลาง,1,เพื่อชาติ,292,0.26,13,112111
2562,pv_64_z_1,pv_64,สุโขทัย,ภาคกลาง,1,ประชาธิปไตยใหม่,252,0.22,14,112111
2562,pv_64_z_1,pv_64,สุโขทัย,ภาคกลาง,1,ไทรักธรรม,222,0.20,15,112111
2562,pv_64_z_1,pv_64,สุโขทัย,ภาคกลาง,1,พลังปวงชนไทย,190,0.17,16,112111
2562,pv_64_z_1,pv_64,สุโขทัย,ภาคกลาง,1,พลังท้องถิ่นไท,186,0.17,17,112111
2562,pv_64_z_1,pv_64,สุโขทัย,ภาคกลาง,1,แผ่นดินธรรม,178,0.16,18,112111
2562,pv_64_z_1,pv_64,สุโขทัย,ภาคกลาง,1,ชาติพัฒนา,173,0.15,19,112111
2562,pv_64_z_1,pv_64,สุโขทัย,ภาคกลาง,1,ประชาชนปฏิรูป,148,0.13,20,112111
2562,pv_64_z_1,pv_64,สุโขทัย,ภาคกลาง,1,พลังชาติไทย,123,0.11,21,112111
2562,pv_64_z_1,pv_64,สุโขทัย,ภาคกลาง,1,พลังไทยรักไทย,107,0.10,22,112111
2562,pv_64_z_1,pv_64,สุโขทัย,ภาคกลาง,1,ประชานิยม,98,0.09,23,112111
2562,pv_64_z_1,pv_64,สุโขทัย,ภาคกลาง,1,ภราดรภาพ,89,0.08,24,112111
2562,pv_64_z_1,pv_64,สุโขทัย,ภาคกลาง,1,เพื่อแผ่นดิน,78,0.07,25,112111
2562,pv_64_z_1,pv_64,สุโขทัย,ภาคกลาง,1,ประชาธรรมไทย,52,0.05,26,112111
2562,pv_64_z_2,pv_64,สุโขทัย,ภาคกลาง,2,พลังประชารัฐ,40419,39.15,1,103229
2562,pv_64_z_2,pv_64,สุโขทัย,ภาคกลาง,2,เพื่อไทย,26032,25.22,2,103229
2562,pv_64_z_2,pv_64,สุโขทัย,ภาคกลาง,2,ประชาธิปัตย์,15948,15.45,3,103229
2562,pv_64_z_2,pv_64,สุโขทัย,ภาคกลาง,2,อนาคตใหม่,10209,9.89,4,103229
2562,pv_64_z_2,pv_64,สุโขทัย,ภาคกลาง,2,เสรีรวมไทย,1488,1.44,5,103229
2562,pv_64_z_2,pv_64,สุโขทัย,ภาคกลาง,2,ภูมิใจไทย,1290,1.25,6,103229
2562,pv_64_z_2,pv_64,สุโขทัย,ภาคกลาง,2,เพื่อชาติ,1149,1.11,7,103229
2562,pv_64_z_2,pv_64,สุโขทัย,ภาคกลาง,2,แผ่นดินธรรม,937,0.91,8,103229
2562,pv_64_z_2,pv_64,สุโขทัย,ภาคกลาง,2,พลังท้องถิ่นไท,832,0.81,9,103229
2562,pv_64_z_2,pv_64,สุโขทัย,ภาคกลาง,2,รวมพลังประชาชาติไทย,831,0.81,10,103229
2562,pv_64_z_2,pv_64,สุโขทัย,ภาคกลาง,2,เศรษฐกิจใหม่,566,0.55,11,103229
2562,pv_64_z_2,pv_64,สุโขทัย,ภาคกลาง,2,ประชาธิปไตยใหม่,423,0.41,12,103229
2562,pv_64_z_2,pv_64,สุโขทัย,ภาคกลาง,2,ชาติไทยพัฒนา,413,0.40,13,103229
2562,pv_64_z_2,pv_64,สุโขทัย,ภาคกลาง,2,ไทยศรีวิไลย์,403,0.39,14,103229
2562,pv_64_z_2,pv_64,สุโขทัย,ภาคกลาง,2,พลังไทยรักไทย,392,0.38,15,103229
2562,pv_64_z_2,pv_64,สุโขทัย,ภาคกลาง,2,พลังชาติไทย,318,0.31,16,103229
2562,pv_64_z_2,pv_64,สุโขทัย,ภาคกลาง,2,ประชานิยม,193,0.19,17,103229
2562,pv_64_z_2,pv_64,สุโขทัย,ภาคกลาง,2,เพื่อแผ่นดิน,193,0.19,18,103229
2562,pv_64_z_2,pv_64,สุโขทัย,ภาคกลาง,2,พลังปวงชนไทย,162,0.16,19,103229
2562,pv_64_z_2,pv_64,สุโขทัย,ภาคกลาง,2,พลเมืองไทย,162,0.16,20,103229
2562,pv_64_z_2,pv_64,สุโขทัย,ภาคกลาง,2,ชาติพัฒนา,155,0.15,21,103229
2562,pv_64_z_2,pv_64,สุโขทัย,ภาคกลาง,2,รักษ์ผืนป่าประเทศไทย,138,0.13,22,103229
2562,pv_64_z_2,pv_64,สุโขทัย,ภาคกลาง,2,พลังศรัทธา,114,0.11,23,103229
2562,pv_64_z_2,pv_64,สุโขทัย,ภาคกลาง,2,ประชาชนปฏิรูป,111,0.11,24,103229
2562,pv_64_z_2,pv_64,สุโขทัย,ภาคกลาง,2,ประชาภิวัฒน์,96,0.09,25,103229
2562,pv_64_z_2,pv_64,สุโขทัย,ภาคกลาง,2,ไทรักธรรม,96,0.09,26,103229
2562,pv_64_z_2,pv_64,สุโขทัย,ภาคกลาง,2,กรีน,84,0.08,27,103229
2562,pv_64_z_2,pv_64,สุโขทัย,ภาคกลาง,2,ครูไทยเพื่อประชาชน,54,0.05,28,103229
2562,pv_64_z_2,pv_64,สุโขทัย,ภาคกลาง,2,ประชาธรรมไทย,21,0.02,29,103229
2562,pv_64_z_3,pv_64,สุโขทัย,ภาคกลาง,3,ภูมิใจไทย,34884,30.33,1,115032
2562,pv_64_z_3,pv_64,สุโขทัย,ภาคกลาง,3,พลังประชารัฐ,32133,27.93,2,115032
2562,pv_64_z_3,pv_64,สุโขทัย,ภาคกลาง,3,เพื่อไทย,27272,23.71,3,115032
2562,pv_64_z_3,pv_64,สุโขทัย,ภาคกลาง,3,อนาคตใหม่,9934,8.64,4,115032
2562,pv_64_z_3,pv_64,สุโขทัย,ภาคกลาง,3,ประชาธิปัตย์,5977,5.20,5,115032
2562,pv_64_z_3,pv_64,สุโขทัย,ภาคกลาง,3,เสรีรวมไทย,853,0.74,6,115032
2562,pv_64_z_3,pv_64,สุโขทัย,ภาคกลาง,3,พลังท้องถิ่นไท,469,0.41,7,115032
2562,pv_64_z_3,pv_64,สุโขทัย,ภาคกลาง,3,ภราดรภาพ,460,0.40,8,115032
2562,pv_64_z_3,pv_64,สุโขทัย,ภาคกลาง,3,ชาติพัฒนา,388,0.34,9,115032
2562,pv_64_z_3,pv_64,สุโขทัย,ภาคกลาง,3,พลังปวงชนไทย,374,0.33,10,115032
2562,pv_64_z_3,pv_64,สุโขทัย,ภาคกลาง,3,เพื่อชาติ,290,0.25,11,115032
2562,pv_64_z_3,pv_64,สุโขทัย,ภาคกลาง,3,ประชาธิปไตยใหม่,284,0.25,12,115032
2562,pv_64_z_3,pv_64,สุโขทัย,ภาคกลาง,3,พลังไทยรักไทย,262,0.23,13,115032
2562,pv_64_z_3,pv_64,สุโขทัย,ภาคกลาง,3,ไทยศรีวิไลย์,255,0.22,14,115032
2562,pv_64_z_3,pv_64,สุโขทัย,ภาคกลาง,3,รวมพลังประชาชาติไทย,224,0.19,15,115032
2562,pv_64_z_3,pv_64,สุโขทัย,ภาคกลาง,3,ประชานิยม,221,0.19,16,115032
2562,pv_64_z_3,pv_64,สุโขทัย,ภาคกลาง,3,รักษ์ผืนป่าประเทศไทย,163,0.14,17,115032
2562,pv_64_z_3,pv_64,สุโขทัย,ภาคกลาง,3,ประชาภิวัฒน์,112,0.10,18,115032
2562,pv_64_z_3,pv_64,สุโขทัย,ภาคกลาง,3,พลังชาติไทย,96,0.08,19,115032
2562,pv_64_z_3,pv_64,สุโขทัย,ภาคกลาง,3,กรีน,80,0.07,20,115032
2562,pv_64_z_3,pv_64,สุโขทัย,ภาคกลาง,3,ครูไทยเพื่อประชาชน,72,0.06,21,115032
2562,pv_64_z_3,pv_64,สุโขทัย,ภาคกลาง,3,ไทรักธรรม,68,0.06,22,115032
2562,pv_64_z_3,pv_64,สุโขทัย,ภาคกลาง,3,แผ่นดินธรรม,57,0.05,23,115032
2562,pv_64_z_3,pv_64,สุโขทัย,ภาคกลาง,3,ประชาชนปฏิรูป,35,0.03,24,115032
2562,pv_64_z_3,pv_64,สุโขทัย,ภาคกลาง,3,เพื่อแผ่นดิน,35,0.03,25,115032
2562,pv_64_z_3,pv_64,สุโขทัย,ภาคกลาง,3,ประชาธรรมไทย,34,0.03,26,115032
2562,pv_47_z_1,pv_47,สกลนคร,ภาคตะวันออกเฉียงเหนือ,1,เพื่อไทย,38544,36.67,1,105122
2562,pv_47_z_1,pv_47,สกลนคร,ภาคตะวันออกเฉียงเหนือ,1,พลังประชารัฐ,31145,29.63,2,105122
2562,pv_47_z_1,pv_47,สกลนคร,ภาคตะวันออกเฉียงเหนือ,1,อนาคตใหม่,20097,19.12,3,105122
2562,pv_47_z_1,pv_47,สกลนคร,ภาคตะวันออกเฉียงเหนือ,1,ชาติพัฒนา,2974,2.83,4,105122
2562,pv_47_z_1,pv_47,สกลนคร,ภาคตะวันออกเฉียงเหนือ,1,เสรีรวมไทย,2826,2.69,5,105122
2562,pv_47_z_1,pv_47,สกลนคร,ภาคตะวันออกเฉียงเหนือ,1,ประชาธิปัตย์,1774,1.69,6,105122
2562,pv_47_z_1,pv_47,สกลนคร,ภาคตะวันออกเฉียงเหนือ,1,เศรษฐกิจใหม่,1297,1.23,7,105122
2562,pv_47_z_1,pv_47,สกลนคร,ภาคตะวันออกเฉียงเหนือ,1,ภูมิใจไทย,1269,1.21,8,105122
2562,pv_47_z_1,pv_47,สกลนคร,ภาคตะวันออกเฉียงเหนือ,1,เพื่อคนไทย,735,0.70,9,105122
2562,pv_47_z_1,pv_47,สกลนคร,ภาคตะวันออกเฉียงเหนือ,1,พลังท้องถิ่นไท,526,0.50,10,105122
2562,pv_47_z_1,pv_47,สกลนคร,ภาคตะวันออกเฉียงเหนือ,1,พลังปวงชนไทย,506,0.48,11,105122
2562,pv_47_z_1,pv_47,สกลนคร,ภาคตะวันออกเฉียงเหนือ,1,รวมพลังประชาชาติไทย,379,0.36,12,105122
2562,pv_47_z_1,pv_47,สกลนคร,ภาคตะวันออกเฉียงเหนือ,1,พลังไทยรักไทย,374,0.36,13,105122
2562,pv_47_z_1,pv_47,สกลนคร,ภาคตะวันออกเฉียงเหนือ,1,พลังประชาธิปไตย,362,0.34,14,105122
2562,pv_47_z_1,pv_47,สกลนคร,ภาคตะวันออกเฉียงเหนือ,1,พลังชาติไทย,277,0.26,15,105122
2562,pv_47_z_1,pv_47,สกลนคร,ภาคตะวันออกเฉียงเหนือ,1,ประชาธิปไตยใหม่,246,0.23,16,105122
2562,pv_47_z_1,pv_47,สกลนคร,ภาคตะวันออกเฉียงเหนือ,1,ประชาชาติ,232,0.22,17,105122
2562,pv_47_z_1,pv_47,สกลนคร,ภาคตะวันออกเฉียงเหนือ,1,ชาติไทยพัฒนา,196,0.19,18,105122
2562,pv_47_z_1,pv_47,สกลนคร,ภาคตะวันออกเฉียงเหนือ,1,สยามพัฒนา,174,0.17,19,105122
2562,pv_47_z_1,pv_47,สกลนคร,ภาคตะวันออกเฉียงเหนือ,1,พลังธรรมใหม่,155,0.15,20,105122
2562,pv_47_z_1,pv_47,สกลนคร,ภาคตะวันออกเฉียงเหนือ,1,ประชาชนปฏิรูป,154,0.15,21,105122
2562,pv_47_z_1,pv_47,สกลนคร,ภาคตะวันออกเฉียงเหนือ,1,รักษ์ผืนป่าประเทศไทย,153,0.15,22,105122
2562,pv_47_z_1,pv_47,สกลนคร,ภาคตะวันออกเฉียงเหนือ,1,เพื่อชาติ,145,0.14,23,105122
2562,pv_47_z_1,pv_47,สกลนคร,ภาคตะวันออกเฉียงเหนือ,1,ภูมิพลังเกษตรกรไทย,118,0.11,24,105122
2562,pv_47_z_1,pv_47,สกลนคร,ภาคตะวันออกเฉียงเหนือ,1,ไทรักธรรม,88,0.08,25,105122
2562,pv_47_z_1,pv_47,สกลนคร,ภาคตะวันออกเฉียงเหนือ,1,ประชานิยม,74,0.07,26,105122
2562,pv_47_z_1,pv_47,สกลนคร,ภาคตะวันออกเฉียงเหนือ,1,ประชาภิวัฒน์,73,0.07,27,105122
2562,pv_47_z_1,pv_47,สกลนคร,ภาคตะวันออกเฉียงเหนือ,1,ครูไทยเพื่อประชาชน,66,0.06,28,105122
2562,pv_47_z_1,pv_47,สกลนคร,ภาคตะวันออกเฉียงเหนือ,1,กรีน,50,0.05,29,105122
2562,pv_47_z_1,pv_47,สกลนคร,ภาคตะวันออกเฉียงเหนือ,1,พลังศรัทธา,43,0.04,30,105122
2562,pv_47_z_1,pv_47,สกลนคร,ภาคตะวันออกเฉียงเหนือ,1,ประชาธรรมไทย,42,0.04,31,105122
2562,pv_47_z_1,pv_47,สกลนคร,ภาคตะวันออกเฉียงเหนือ,1,พลังสังคม,28,0.03,32,105122
2562,pv_47_z_1,pv_47,สกลนคร,ภาคตะวันออกเฉียงเหนือ,1,พลเมืองไทย,0,0.00,33,105122
2562,pv_47_z_1,pv_47,สกลนคร,ภาคตะวันออกเฉียงเหนือ,1,เพื่อนไทย,0,0.00,34,105122
2562,pv_47_z_2,pv_47,สกลนคร,ภาคตะวันออกเฉียงเหนือ,2,เพื่อไทย,34797,41.81,1,83221
2562,pv_47_z_2,pv_47,สกลนคร,ภาคตะวันออกเฉียงเหนือ,2,พลังประชารัฐ,23556,28.31,2,83221
2562,pv_47_z_2,pv_47,สกลนคร,ภาคตะวันออกเฉียงเหนือ,2,เพื่อชาติ,4359,5.24,3,83221
2562,pv_47_z_2,pv_47,สกลนคร,ภาคตะวันออกเฉียงเหนือ,2,ภูมิใจไทย,3630,4.36,4,83221
2562,pv_47_z_2,pv_47,สกลนคร,ภาคตะวันออกเฉียงเหนือ,2,ชาติพัฒนา,3214,3.86,5,83221
2562,pv_47_z_2,pv_47,สกลนคร,ภาคตะวันออกเฉียงเหนือ,2,เสรีรวมไทย,2960,3.56,6,83221
2562,pv_47_z_2,pv_47,สกลนคร,ภาคตะวันออกเฉียงเหนือ,2,ประชาธิปัตย์,1595,1.92,7,83221
2562,pv_47_z_2,pv_47,สกลนคร,ภาคตะวันออกเฉียงเหนือ,2,เพื่อคนไทย,1032,1.24,8,83221
2562,pv_47_z_2,pv_47,สกลนคร,ภาคตะวันออกเฉียงเหนือ,2,เศรษฐกิจใหม่,1030,1.24,9,83221
2562,pv_47_z_2,pv_47,สกลนคร,ภาคตะวันออกเฉียงเหนือ,2,พลังชาติไทย,998,1.20,10,83221
2562,pv_47_z_2,pv_47,สกลนคร,ภาคตะวันออกเฉียงเหนือ,2,ประชาชาติ,763,0.92,11,83221
2562,pv_47_z_2,pv_47,สกลนคร,ภาคตะวันออกเฉียงเหนือ,2,รวมพลังประชาชาติไทย,757,0.91,12,83221
2562,pv_47_z_2,pv_47,สกลนคร,ภาคตะวันออกเฉียงเหนือ,2,รักษ์ผืนป่าประเทศไทย,724,0.87,13,83221
2562,pv_47_z_2,pv_47,สกลนคร,ภาคตะวันออกเฉียงเหนือ,2,สยามพัฒนา,683,0.82,14,83221
2562,pv_47_z_2,pv_47,สกลนคร,ภาคตะวันออกเฉียงเหนือ,2,พลเมืองไทย,437,0.53,15,83221
2562,pv_47_z_2,pv_47,สกลนคร,ภาคตะวันออกเฉียงเหนือ,2,พลังปวงชนไทย,352,0.42,16,83221
2562,pv_47_z_2,pv_47,สกลนคร,ภาคตะวันออกเฉียงเหนือ,2,พลังไทยรักไทย,299,0.36,17,83221
2562,pv_47_z_2,pv_47,สกลนคร,ภาคตะวันออกเฉียงเหนือ,2,ประชาธิปไตยใหม่,219,0.26,18,83221
2562,pv_47_z_2,pv_47,สกลนคร,ภาคตะวันออกเฉียงเหนือ,2,ครูไทยเพื่อประชาชน,180,0.22,19,83221
2562,pv_47_z_2,pv_47,สกลนคร,ภาคตะวันออกเฉียงเหนือ,2,ประชาธรรมไทย,172,0.21,20,83221
2562,pv_47_z_2,pv_47,สกลนคร,ภาคตะวันออกเฉียงเหนือ,2,พลังธรรมใหม่,171,0.21,21,83221
2562,pv_47_z_2,pv_47,สกลนคร,ภาคตะวันออกเฉียงเหนือ,2,ประชานิยม,164,0.20,22,83221
2562,pv_47_z_2,pv_47,สกลนคร,ภาคตะวันออกเฉียงเหนือ,2,พลังท้องถิ่นไท,163,0.20,23,83221
2562,pv_47_z_2,pv_47,สกลนคร,ภาคตะวันออกเฉียงเหนือ,2,ชาติไทยพัฒนา,154,0.19,24,83221
2562,pv_47_z_2,pv_47,สกลนคร,ภาคตะวันออกเฉียงเหนือ,2,ไทรักธรรม,153,0.18,25,83221
2562,pv_47_z_2,pv_47,สกลนคร,ภาคตะวันออกเฉียงเหนือ,2,ประชาภิวัฒน์,138,0.17,26,83221
2562,pv_47_z_2,pv_47,สกลนคร,ภาคตะวันออกเฉียงเหนือ,2,ประชาชนปฏิรูป,125,0.15,27,83221
2562,pv_47_z_2,pv_47,สกลนคร,ภาคตะวันออกเฉียงเหนือ,2,กรีน,108,0.13,28,83221
2562,pv_47_z_2,pv_47,สกลนคร,ภาคตะวันออกเฉียงเหนือ,2,สามัญชน,105,0.13,29,83221
2562,pv_47_z_2,pv_47,สกลนคร,ภาคตะวันออกเฉียงเหนือ,2,เพื่อแผ่นดิน,91,0.11,30,83221
2562,pv_47_z_2,pv_47,สกลนคร,ภาคตะวันออกเฉียงเหนือ,2,พลังสังคม,60,0.07,31,83221
2562,pv_47_z_2,pv_47,สกลนคร,ภาคตะวันออกเฉียงเหนือ,2,พลังศรัทธา,32,0.04,32,83221
2562,pv_47_z_2,pv_47,สกลนคร,ภาคตะวันออกเฉียงเหนือ,2,อนาคตใหม่,0,0.00,33,83221
2562,pv_47_z_2,pv_47,สกลนคร,ภาคตะวันออกเฉียงเหนือ,2,ไทยรักษาชาติ,0,0.00,34,83221
2562,pv_47_z_3,pv_47,สกลนคร,ภาคตะวันออกเฉียงเหนือ,3,เพื่อไทย,37644,38.60,1,97521
2562,pv_47_z_3,pv_47,สกลนคร,ภาคตะวันออกเฉียงเหนือ,3,ชาติพัฒนา,18427,18.90,2,97521
2562,pv_47_z_3,pv_47,สกลนคร,ภาคตะวันออกเฉียงเหนือ,3,อนาคตใหม่,15305,15.69,3,97521
2562,pv_47_z_3,pv_47,สกลนคร,ภาคตะวันออกเฉียงเหนือ,3,พลังประชารัฐ,13549,13.89,4,97521
2562,pv_47_z_3,pv_47,สกลนคร,ภาคตะวันออกเฉียงเหนือ,3,เพื่อคนไทย,3009,3.09,5,97521
2562,pv_47_z_3,pv_47,สกลนคร,ภาคตะวันออกเฉียงเหนือ,3,ภูมิใจไทย,1425,1.46,6,97521
2562,pv_47_z_3,pv_47,สกลนคร,ภาคตะวันออกเฉียงเหนือ,3,ประชาธิปัตย์,1151,1.18,7,97521
2562,pv_47_z_3,pv_47,สกลนคร,ภาคตะวันออกเฉียงเหนือ,3,เสรีรวมไทย,1000,1.03,8,97521
2562,pv_47_z_3,pv_47,สกลนคร,ภาคตะวันออกเฉียงเหนือ,3,กรีน,866,0.89,9,97521
2562,pv_47_z_3,pv_47,สกลนคร,ภาคตะวันออกเฉียงเหนือ,3,พลเมืองไทย,567,0.58,10,97521
2562,pv_47_z_3,pv_47,สกลนคร,ภาคตะวันออกเฉียงเหนือ,3,พลังปวงชนไทย,526,0.54,11,97521
2562,pv_47_z_3,pv_47,สกลนคร,ภาคตะวันออกเฉียงเหนือ,3,ชาติไทยพัฒนา,491,0.50,12,97521
2562,pv_47_z_3,pv_47,สกลนคร,ภาคตะวันออกเฉียงเหนือ,3,รักษ์ผืนป่าประเทศไทย,461,0.47,13,97521
2562,pv_47_z_3,pv_47,สกลนคร,ภาคตะวันออกเฉียงเหนือ,3,ประชาธิปไตยใหม่,418,0.43,14,97521
2562,pv_47_z_3,pv_47,สกลนคร,ภาคตะวันออกเฉียงเหนือ,3,รวมพลังประชาชาติไทย,369,0.38,15,97521
2562,pv_47_z_3,pv_47,สกลนคร,ภาคตะวันออกเฉียงเหนือ,3,เศรษฐกิจใหม่,333,0.34,16,97521
2562,pv_47_z_3,pv_47,สกลนคร,ภาคตะวันออกเฉียงเหนือ,3,ประชาธรรมไทย,317,0.33,17,97521
2562,pv_47_z_3,pv_47,สกลนคร,ภาคตะวันออกเฉียงเหนือ,3,พลังชาติไทย,311,0.32,18,97521
2562,pv_47_z_3,pv_47,สกลนคร,ภาคตะวันออกเฉียงเหนือ,3,พลังท้องถิ่นไท,304,0.31,19,97521
2562,pv_47_z_3,pv_47,สกลนคร,ภาคตะวันออกเฉียงเหนือ,3,พลังไทยรักไทย,175,0.18,20,97521
2562,pv_47_z_3,pv_47,สกลนคร,ภาคตะวันออกเฉียงเหนือ,3,ประชาชนปฏิรูป,164,0.17,21,97521
2562,pv_47_z_3,pv_47,สกลนคร,ภาคตะวันออกเฉียงเหนือ,3,พลังธรรมใหม่,138,0.14,22,97521
2562,pv_47_z_3,pv_47,สกลนคร,ภาคตะวันออกเฉียงเหนือ,3,ประชานิยม,136,0.14,23,97521
2562,pv_47_z_3,pv_47,สกลนคร,ภาคตะวันออกเฉียงเหนือ,3,เพื่อชาติ,129,0.13,24,97521
2562,pv_47_z_3,pv_47,สกลนคร,ภาคตะวันออกเฉียงเหนือ,3,เพื่อแผ่นดิน,86,0.09,25,97521
2562,pv_47_z_3,pv_47,สกลนคร,ภาคตะวันออกเฉียงเหนือ,3,ประชาภิวัฒน์,60,0.06,26,97521
2562,pv_47_z_3,pv_47,สกลนคร,ภาคตะวันออกเฉียงเหนือ,3,ไทรักธรรม,48,0.05,27,97521
2562,pv_47_z_3,pv_47,สกลนคร,ภาคตะวันออกเฉียงเหนือ,3,ครูไทยเพื่อประชาชน,45,0.05,28,97521
2562,pv_47_z_3,pv_47,สกลนคร,ภาคตะวันออกเฉียงเหนือ,3,ภาคีเครือข่ายไทย,44,0.05,29,97521
2562,pv_47_z_3,pv_47,สกลนคร,ภาคตะวันออกเฉียงเหนือ,3,พลังสังคม,23,0.02,30,97521
2562,pv_47_z_3,pv_47,สกลนคร,ภาคตะวันออกเฉียงเหนือ,3,ประชาชาติ,0,0.00,31,97521
2562,pv_47_z_3,pv_47,สกลนคร,ภาคตะวันออกเฉียงเหนือ,3,เพื่อนไทย,0,0.00,32,97521
2562,pv_47_z_3,pv_47,สกลนคร,ภาคตะวันออกเฉียงเหนือ,3,พลังไทยรักชาติ,0,0.00,33,97521
2562,pv_47_z_3,pv_47,สกลนคร,ภาคตะวันออกเฉียงเหนือ,3,พลังศรัทธา,0,0.00,34,97521
2562,pv_47_z_4,pv_47,สกลนคร,ภาคตะวันออกเฉียงเหนือ,4,เพื่อไทย,36669,39.06,1,93885
2562,pv_47_z_4,pv_47,สกลนคร,ภาคตะวันออกเฉียงเหนือ,4,พลังประชารัฐ,26578,28.31,2,93885
2562,pv_47_z_4,pv_47,สกลนคร,ภาคตะวันออกเฉียงเหนือ,4,อนาคตใหม่,16895,18.00,3,93885
2562,pv_47_z_4,pv_47,สกลนคร,ภาคตะวันออกเฉียงเหนือ,4,ภูมิใจไทย,3404,3.63,4,93885
2562,pv_47_z_4,pv_47,สกลนคร,ภาคตะวันออกเฉียงเหนือ,4,เสรีรวมไทย,1936,2.06,5,93885
2562,pv_47_z_4,pv_47,สกลนคร,ภาคตะวันออกเฉียงเหนือ,4,ประชาธิปัตย์,1163,1.24,6,93885
2562,pv_47_z_4,pv_47,สกลนคร,ภาคตะวันออกเฉียงเหนือ,4,เพื่อชาติ,937,1.00,7,93885
2562,pv_47_z_4,pv_47,สกลนคร,ภาคตะวันออกเฉียงเหนือ,4,ไทยศรีวิไลย์,918,0.98,8,93885
2562,pv_47_z_4,pv_47,สกลนคร,ภาคตะวันออกเฉียงเหนือ,4,พลังท้องถิ่นไท,628,0.67,9,93885
2562,pv_47_z_4,pv_47,สกลนคร,ภาคตะวันออกเฉียงเหนือ,4,พลังไทยรักไทย,516,0.55,10,93885
2562,pv_47_z_4,pv_47,สกลนคร,ภาคตะวันออกเฉียงเหนือ,4,ชาติพัฒนา,460,0.49,11,93885
2562,pv_47_z_4,pv_47,สกลนคร,ภาคตะวันออกเฉียงเหนือ,4,กรีน,430,0.46,12,93885
2562,pv_47_z_4,pv_47,สกลนคร,ภาคตะวันออกเฉียงเหนือ,4,เพื่อคนไทย,373,0.40,13,93885
2562,pv_47_z_4,pv_47,สกลนคร,ภาคตะวันออกเฉียงเหนือ,4,รวมพลังประชาชาติไทย,338,0.36,14,93885
2562,pv_47_z_4,pv_47,สกลนคร,ภาคตะวันออกเฉียงเหนือ,4,พลเมืองไทย,306,0.33,15,93885
2562,pv_47_z_4,pv_47,สกลนคร,ภาคตะวันออกเฉียงเหนือ,4,เศรษฐกิจใหม่,290,0.31,16,93885
2562,pv_47_z_4,pv_47,สกลนคร,ภาคตะวันออกเฉียงเหนือ,4,เพื่อแผ่นดิน,280,0.30,17,93885
2562,pv_47_z_4,pv_47,สกลนคร,ภาคตะวันออกเฉียงเหนือ,4,ประชาธรรมไทย,249,0.27,18,93885
2562,pv_47_z_4,pv_47,สกลนคร,ภาคตะวันออกเฉียงเหนือ,4,พลังปวงชนไทย,245,0.26,19,93885
2562,pv_47_z_4,pv_47,สกลนคร,ภาคตะวันออกเฉียงเหนือ,4,ประชาธิปไตยใหม่,223,0.24,20,93885
2562,pv_47_z_4,pv_47,สกลนคร,ภาคตะวันออกเฉียงเหนือ,4,พลังชาติไทย,187,0.20,21,93885
2562,pv_47_z_4,pv_47,สกลนคร,ภาคตะวันออกเฉียงเหนือ,4,รักษ์ผืนป่าประเทศไทย,177,0.19,22,93885
2562,pv_47_z_4,pv_47,สกลนคร,ภาคตะวันออกเฉียงเหนือ,4,ไทรักธรรม,122,0.13,23,93885
2562,pv_47_z_4,pv_47,สกลนคร,ภาคตะวันออกเฉียงเหนือ,4,พลังธรรมใหม่,107,0.11,24,93885
2562,pv_47_z_4,pv_47,สกลนคร,ภาคตะวันออกเฉียงเหนือ,4,ประชาชนปฏิรูป,89,0.09,25,93885
2562,pv_47_z_4,pv_47,สกลนคร,ภาคตะวันออกเฉียงเหนือ,4,ประชาภิวัฒน์,89,0.09,26,93885
2562,pv_47_z_4,pv_47,สกลนคร,ภาคตะวันออกเฉียงเหนือ,4,ประชานิยม,87,0.09,27,93885
2562,pv_47_z_4,pv_47,สกลนคร,ภาคตะวันออกเฉียงเหนือ,4,พลังสังคม,67,0.07,28,93885
2562,pv_47_z_4,pv_47,สกลนคร,ภาคตะวันออกเฉียงเหนือ,4,รวมใจไทย,46,0.05,29,93885
2562,pv_47_z_4,pv_47,สกลนคร,ภาคตะวันออกเฉียงเหนือ,4,ชาติไทยพัฒนา,42,0.04,30,93885
2562,pv_47_z_4,pv_47,สกลนคร,ภาคตะวันออกเฉียงเหนือ,4,ครูไทยเพื่อประชาชน,34,0.04,31,93885
2562,pv_47_z_4,pv_47,สกลนคร,ภาคตะวันออกเฉียงเหนือ,4,ประชาชาติ,0,0.00,32,93885
2562,pv_47_z_5,pv_47,สกลนคร,ภาคตะวันออกเฉียงเหนือ,5,เพื่อไทย,46049,50.09,1,91925
2562,pv_47_z_5,pv_47,สกลนคร,ภาคตะวันออกเฉียงเหนือ,5,พลังประชารัฐ,19766,21.50,2,91925
2562,pv_47_z_5,pv_47,สกลนคร,ภาคตะวันออกเฉียงเหนือ,5,อนาคตใหม่,14032,15.26,3,91925
2562,pv_47_z_5,pv_47,สกลนคร,ภาคตะวันออกเฉียงเหนือ,5,เสรีรวมไทย,2419,2.63,4,91925
2562,pv_47_z_5,pv_47,สกลนคร,ภาคตะวันออกเฉียงเหนือ,5,ประชาธิปัตย์,1905,2.07,5,91925
2562,pv_47_z_5,pv_47,สกลนคร,ภาคตะวันออกเฉียงเหนือ,5,ภูมิใจไทย,1290,1.40,6,91925
2562,pv_47_z_5,pv_47,สกลนคร,ภาคตะวันออกเฉียงเหนือ,5,เพื่อคนไทย,1224,1.33,7,91925
2562,pv_47_z_5,pv_47,สกลนคร,ภาคตะวันออกเฉียงเหนือ,5,ชาติพัฒนา,1138,1.24,8,91925
2562,pv_47_z_5,pv_47,สกลนคร,ภาคตะวันออกเฉียงเหนือ,5,เพื่อชาติ,644,0.70,9,91925
2562,pv_47_z_5,pv_47,สกลนคร,ภาคตะวันออกเฉียงเหนือ,5,ประชาธิปไตยใหม่,406,0.44,10,91925
2562,pv_47_z_5,pv_47,สกลนคร,ภาคตะวันออกเฉียงเหนือ,5,สยามพัฒนา,369,0.40,11,91925
2562,pv_47_z_5,pv_47,สกลนคร,ภาคตะวันออกเฉียงเหนือ,5,ประชานิยม,324,0.35,12,91925
2562,pv_47_z_5,pv_47,สกลนคร,ภาคตะวันออกเฉียงเหนือ,5,ประชาธรรมไทย,310,0.34,13,91925
2562,pv_47_z_5,pv_47,สกลนคร,ภาคตะวันออกเฉียงเหนือ,5,เศรษฐกิจใหม่,249,0.27,14,91925
2562,pv_47_z_5,pv_47,สกลนคร,ภาคตะวันออกเฉียงเหนือ,5,รวมพลังประชาชาติไทย,238,0.26,15,91925
2562,pv_47_z_5,pv_47,สกลนคร,ภาคตะวันออกเฉียงเหนือ,5,พลังธรรมใหม่,222,0.24,16,91925
2562,pv_47_z_5,pv_47,สกลนคร,ภาคตะวันออกเฉียงเหนือ,5,พลเมืองไทย,168,0.18,17,91925
2562,pv_47_z_5,pv_47,สกลนคร,ภาคตะวันออกเฉียงเหนือ,5,รักท้องถิ่นไทย,130,0.14,18,91925
2562,pv_47_z_5,pv_47,สกลนคร,ภาคตะวันออกเฉียงเหนือ,5,ภูมิพลังเกษตรกรไทย,129,0.14,19,91925
2562,pv_47_z_5,pv_47,สกลนคร,ภาคตะวันออกเฉียงเหนือ,5,ประชาไทย,128,0.14,20,91925
2562,pv_47_z_5,pv_47,สกลนคร,ภาคตะวันออกเฉียงเหนือ,5,พลังไทยรักไทย,117,0.13,21,91925
2562,pv_47_z_5,pv_47,สกลนคร,ภาคตะวันออกเฉียงเหนือ,5,ประชาชนปฏิรูป,111,0.12,22,91925
2562,pv_47_z_5,pv_47,สกลนคร,ภาคตะวันออกเฉียงเหนือ,5,ประชาภิวัฒน์,105,0.11,23,91925
2562,pv_47_z_5,pv_47,สกลนคร,ภาคตะวันออกเฉียงเหนือ,5,ชาติไทยพัฒนา,96,0.10,24,91925
2562,pv_47_z_5,pv_47,สกลนคร,ภาคตะวันออกเฉียงเหนือ,5,พลังสังคม,88,0.10,25,91925
2562,pv_47_z_5,pv_47,สกลนคร,ภาคตะวันออกเฉียงเหนือ,5,พลังชาติไทย,83,0.09,26,91925
2562,pv_47_z_5,pv_47,สกลนคร,ภาคตะวันออกเฉียงเหนือ,5,พลังท้องถิ่นไท,77,0.08,27,91925
2562,pv_47_z_5,pv_47,สกลนคร,ภาคตะวันออกเฉียงเหนือ,5,กรีน,67,0.07,28,91925
2562,pv_47_z_5,pv_47,สกลนคร,ภาคตะวันออกเฉียงเหนือ,5,ไทรักธรรม,41,0.04,29,91925
2562,pv_47_z_5,pv_47,สกลนคร,ภาคตะวันออกเฉียงเหนือ,5,รักษ์ผืนป่าประเทศไทย,0,0.00,30,91925
2562,pv_47_z_5,pv_47,สกลนคร,ภาคตะวันออกเฉียงเหนือ,5,ครูไทยเพื่อประชาชน,0,0.00,31,91925
2562,pv_47_z_5,pv_47,สกลนคร,ภาคตะวันออกเฉียงเหนือ,5,พลังปวงชนไทย,0,0.00,32,91925
2562,pv_47_z_5,pv_47,สกลนคร,ภาคตะวันออกเฉียงเหนือ,5,ไทยรักษาชาติ,0,0.00,33,91925
2562,pv_47_z_6,pv_47,สกลนคร,ภาคตะวันออกเฉียงเหนือ,6,เพื่อไทย,28212,29.36,1,96081
2562,pv_47_z_6,pv_47,สกลนคร,ภาคตะวันออกเฉียงเหนือ,6,พลังประชารัฐ,24394,25.39,2,96081
2562,pv_47_z_6,pv_47,สกลนคร,ภาคตะวันออกเฉียงเหนือ,6,อนาคตใหม่,18036,18.77,3,96081
2562,pv_47_z_6,pv_47,สกลนคร,ภาคตะวันออกเฉียงเหนือ,6,เสรีรวมไทย,6655,6.93,4,96081
2562,pv_47_z_6,pv_47,สกลนคร,ภาคตะวันออกเฉียงเหนือ,6,เพื่อชาติ,5213,5.43,5,96081
2562,pv_47_z_6,pv_47,สกลนคร,ภาคตะวันออกเฉียงเหนือ,6,ภูมิใจไทย,2028,2.11,6,96081
2562,pv_47_z_6,pv_47,สกลนคร,ภาคตะวันออกเฉียงเหนือ,6,ชาติพัฒนา,1918,2.00,7,96081
2562,pv_47_z_6,pv_47,สกลนคร,ภาคตะวันออกเฉียงเหนือ,6,ประชาธิปัตย์,1261,1.31,8,96081
2562,pv_47_z_6,pv_47,สกลนคร,ภาคตะวันออกเฉียงเหนือ,6,พลังธรรมใหม่,986,1.03,9,96081
2562,pv_47_z_6,pv_47,สกลนคร,ภาคตะวันออกเฉียงเหนือ,6,สยามพัฒนา,905,0.94,10,96081
2562,pv_47_z_6,pv_47,สกลนคร,ภาคตะวันออกเฉียงเหนือ,6,พลังปวงชนไทย,856,0.89,11,96081
2562,pv_47_z_6,pv_47,สกลนคร,ภาคตะวันออกเฉียงเหนือ,6,ชาติไทยพัฒนา,765,0.80,12,96081
2562,pv_47_z_6,pv_47,สกลนคร,ภาคตะวันออกเฉียงเหนือ,6,เพื่อไทยพัฒนา,636,0.66,13,96081
2562,pv_47_z_6,pv_47,สกลนคร,ภาคตะวันออกเฉียงเหนือ,6,รักษ์ผืนป่าประเทศไทย,458,0.48,14,96081
2562,pv_47_z_6,pv_47,สกลนคร,ภาคตะวันออกเฉียงเหนือ,6,เพื่อคนไทย,455,0.47,15,96081
2562,pv_47_z_6,pv_47,สกลนคร,ภาคตะวันออกเฉียงเหนือ,6,พลเมืองไทย,413,0.43,16,96081
2562,pv_47_z_6,pv_47,สกลนคร,ภาคตะวันออกเฉียงเหนือ,6,เศรษฐกิจใหม่,296,0.31,17,96081
2562,pv_47_z_6,pv_47,สกลนคร,ภาคตะวันออกเฉียงเหนือ,6,รวมพลังประชาชาติไทย,293,0.30,18,96081
2562,pv_47_z_6,pv_47,สกลนคร,ภาคตะวันออกเฉียงเหนือ,6,ประชาธิปไตยใหม่,246,0.26,19,96081
2562,pv_47_z_6,pv_47,สกลนคร,ภาคตะวันออกเฉียงเหนือ,6,พลังไทยรักไทย,245,0.25,20,96081
2562,pv_47_z_6,pv_47,สกลนคร,ภาคตะวันออกเฉียงเหนือ,6,ประชาภิวัฒน์,231,0.24,21,96081
2562,pv_47_z_6,pv_47,สกลนคร,ภาคตะวันออกเฉียงเหนือ,6,สามัญชน,224,0.23,22,96081
2562,pv_47_z_6,pv_47,สกลนคร,ภาคตะวันออกเฉียงเหนือ,6,พลังสังคม,193,0.20,23,96081
2562,pv_47_z_6,pv_47,สกลนคร,ภาคตะวันออกเฉียงเหนือ,6,ครูไทยเพื่อประชาชน,181,0.19,24,96081
2562,pv_47_z_6,pv_47,สกลนคร,ภาคตะวันออกเฉียงเหนือ,6,ประชาชาติ,157,0.16,25,96081
2562,pv_47_z_6,pv_47,สกลนคร,ภาคตะวันออกเฉียงเหนือ,6,พลังชาติไทย,133,0.14,26,96081
2562,pv_47_z_6,pv_47,สกลนคร,ภาคตะวันออกเฉียงเหนือ,6,ภาคีเครือข่ายไทย,118,0.12,27,96081
2562,pv_47_z_6,pv_47,สกลนคร,ภาคตะวันออกเฉียงเหนือ,6,ประชาชนปฏิรูป,99,0.10,28,96081
2562,pv_47_z_6,pv_47,สกลนคร,ภาคตะวันออกเฉียงเหนือ,6,กรีน,93,0.10,29,96081
2562,pv_47_z_6,pv_47,สกลนคร,ภาคตะวันออกเฉียงเหนือ,6,พลังท้องถิ่นไท,73,0.08,30,96081
2562,pv_47_z_6,pv_47,สกลนคร,ภาคตะวันออกเฉียงเหนือ,6,พลังไทยรักชาติ,71,0.07,31,96081
2562,pv_47_z_6,pv_47,สกลนคร,ภาคตะวันออกเฉียงเหนือ,6,ประชานิยม,58,0.06,32,96081
2562,pv_47_z_6,pv_47,สกลนคร,ภาคตะวันออกเฉียงเหนือ,6,ผึ้งหลวง,49,0.05,33,96081
2562,pv_47_z_6,pv_47,สกลนคร,ภาคตะวันออกเฉียงเหนือ,6,ไทรักธรรม,47,0.05,34,96081
2562,pv_47_z_6,pv_47,สกลนคร,ภาคตะวันออกเฉียงเหนือ,6,เพื่อแผ่นดิน,35,0.04,35,96081
2562,pv_47_z_6,pv_47,สกลนคร,ภาคตะวันออกเฉียงเหนือ,6,ประชาธรรมไทย,24,0.02,36,96081
2562,pv_47_z_6,pv_47,สกลนคร,ภาคตะวันออกเฉียงเหนือ,6,ประชาไทย,24,0.02,37,96081
2562,pv_47_z_6,pv_47,สกลนคร,ภาคตะวันออกเฉียงเหนือ,6,เพื่อนไทย,0,0.00,38,96081
2562,pv_47_z_6,pv_47,สกลนคร,ภาคตะวันออกเฉียงเหนือ,6,พลังคนกีฬา,0,0.00,39,96081
2562,pv_90_z_1,pv_90,สงขลา,ภาคใต้,1,พลังประชารัฐ,37134,40.89,1,90817
2562,pv_90_z_1,pv_90,สงขลา,ภาคใต้,1,ประชาธิปัตย์,24540,27.02,2,90817
2562,pv_90_z_1,pv_90,สงขลา,ภาคใต้,1,อนาคตใหม่,12715,14.00,3,90817
2562,pv_90_z_1,pv_90,สงขลา,ภาคใต้,1,ภูมิใจไทย,3415,3.76,4,90817
2562,pv_90_z_1,pv_90,สงขลา,ภาคใต้,1,เศรษฐกิจใหม่,2756,3.03,5,90817
2562,pv_90_z_1,pv_90,สงขลา,ภาคใต้,1,เสรีรวมไทย,2344,2.58,6,90817
2562,pv_90_z_1,pv_90,สงขลา,ภาคใต้,1,รวมพลังประชาชาติไทย,2320,2.55,7,90817
2562,pv_90_z_1,pv_90,สงขลา,ภาคใต้,1,แผ่นดินธรรม,912,1.00,8,90817
2562,pv_90_z_1,pv_90,สงขลา,ภาคใต้,1,ประชาชาติ,762,0.84,9,90817
2562,pv_90_z_1,pv_90,สงขลา,ภาคใต้,1,พลังท้องถิ่นไท,547,0.60,10,90817
2562,pv_90_z_1,pv_90,สงขลา,ภาคใต้,1,ชาติพัฒนา,483,0.53,11,90817
2562,pv_90_z_1,pv_90,สงขลา,ภาคใต้,1,ชาติไทยพัฒนา,356,0.39,12,90817
2562,pv_90_z_1,pv_90,สงขลา,ภาคใต้,1,เพื่อธรรม,293,0.32,13,90817
2562,pv_90_z_1,pv_90,สงขลา,ภาคใต้,1,ไทยศรีวิไลย์,275,0.30,14,90817
2562,pv_90_z_1,pv_90,สงขลา,ภาคใต้,1,มหาชน,255,0.28,15,90817
2562,pv_90_z_1,pv_90,สงขลา,ภาคใต้,1,เพื่อชาติ,244,0.27,16,90817
2562,pv_90_z_1,pv_90,สงขลา,ภาคใต้,1,ไทรักธรรม,175,0.19,17,90817
2562,pv_90_z_1,pv_90,สงขลา,ภาคใต้,1,คลองไทย,170,0.19,18,90817
2562,pv_90_z_1,pv_90,สงขลา,ภาคใต้,1,พลังสังคม,162,0.18,19,90817
2562,pv_90_z_1,pv_90,สงขลา,ภาคใต้,1,พลังชาติไทย,155,0.17,20,90817
2562,pv_90_z_1,pv_90,สงขลา,ภาคใต้,1,รักษ์ผืนป่าประเทศไทย,144,0.16,21,90817
2562,pv_90_z_1,pv_90,สงขลา,ภาคใต้,1,ภราดรภาพ,130,0.14,22,90817
2562,pv_90_z_1,pv_90,สงขลา,ภาคใต้,1,ประชานิยม,124,0.14,23,90817
2562,pv_90_z_1,pv_90,สงขลา,ภาคใต้,1,ประชาชนปฏิรูป,77,0.08,24,90817
2562,pv_90_z_1,pv_90,สงขลา,ภาคใต้,1,พลังธรรมใหม่,64,0.07,25,90817
2562,pv_90_z_1,pv_90,สงขลา,ภาคใต้,1,ครูไทยเพื่อประชาชน,57,0.06,26,90817
2562,pv_90_z_1,pv_90,สงขลา,ภาคใต้,1,พลเมืองไทย,54,0.06,27,90817
2562,pv_90_z_1,pv_90,สงขลา,ภาคใต้,1,พลังปวงชนไทย,53,0.06,28,90817
2562,pv_90_z_1,pv_90,สงขลา,ภาคใต้,1,พลังไทสร้างชาติ,44,0.05,29,90817
2562,pv_90_z_1,pv_90,สงขลา,ภาคใต้,1,ถิ่นกาขาวชาววิไล,34,0.04,30,90817
2562,pv_90_z_1,pv_90,สงขลา,ภาคใต้,1,ประชาธรรมไทย,17,0.02,31,90817
2562,pv_90_z_1,pv_90,สงขลา,ภาคใต้,1,ประชาภิวัฒน์,6,0.01,32,90817
2562,pv_90_z_1,pv_90,สงขลา,ภาคใต้,1,ไทยรักษาชาติ,0,0.00,33,90817
2562,pv_90_z_1,pv_90,สงขลา,ภาคใต้,1,คนงานไทย,0,0.00,34,90817
2562,pv_90_z_2,pv_90,สงขลา,ภาคใต้,2,พลังประชารัฐ,36802,36.57,1,100642
2562,pv_90_z_2,pv_90,สงขลา,ภาคใต้,2,อนาคตใหม่,19040,18.92,2,100642
2562,pv_90_z_2,pv_90,สงขลา,ภาคใต้,2,ประชาธิปัตย์,18903,18.78,3,100642
2562,pv_90_z_2,pv_90,สงขลา,ภาคใต้,2,ภูมิใจไทย,12701,12.62,4,100642
2562,pv_90_z_2,pv_90,สงขลา,ภาคใต้,2,เศรษฐกิจใหม่,3778,3.75,5,100642
2562,pv_90_z_2,pv_90,สงขลา,ภาคใต้,2,เสรีรวมไทย,2856,2.84,6,100642
2562,pv_90_z_2,pv_90,สงขลา,ภาคใต้,2,รวมพลังประชาชาติไทย,1495,1.49,7,100642
2562,pv_90_z_2,pv_90,สงขลา,ภาคใต้,2,ประชาชาติ,832,0.83,8,100642
2562,pv_90_z_2,pv_90,สงขลา,ภาคใต้,2,พลังท้องถิ่นไท,785,0.78,9,100642
2562,pv_90_z_2,pv_90,สงขลา,ภาคใต้,2,เพื่อชาติ,459,0.46,10,100642
2562,pv_90_z_2,pv_90,สงขลา,ภาคใต้,2,ชาติพัฒนา,410,0.41,11,100642
2562,pv_90_z_2,pv_90,สงขลา,ภาคใต้,2,เพื่อธรรม,389,0.39,12,100642
2562,pv_90_z_2,pv_90,สงขลา,ภาคใต้,2,ไทยศรีวิไลย์,285,0.28,13,100642
2562,pv_90_z_2,pv_90,สงขลา,ภาคใต้,2,ประชานิยม,228,0.23,14,100642
2562,pv_90_z_2,pv_90,สงขลา,ภาคใต้,2,คลองไทย,173,0.17,15,100642
2562,pv_90_z_2,pv_90,สงขลา,ภาคใต้,2,ครูไทยเพื่อประชาชน,173,0.17,16,100642
2562,pv_90_z_2,pv_90,สงขลา,ภาคใต้,2,พลังชาติไทย,160,0.16,17,100642
2562,pv_90_z_2,pv_90,สงขลา,ภาคใต้,2,รักษ์ผืนป่าประเทศไทย,157,0.16,18,100642
2562,pv_90_z_2,pv_90,สงขลา,ภาคใต้,2,ทางเลือกใหม่,138,0.14,19,100642
2562,pv_90_z_2,pv_90,สงขลา,ภาคใต้,2,เพื่อแผ่นดิน,132,0.13,20,100642
2562,pv_90_z_2,pv_90,สงขลา,ภาคใต้,2,ความหวังใหม่,116,0.12,21,100642
2562,pv_90_z_2,pv_90,สงขลา,ภาคใต้,2,ประชาชนปฏิรูป,113,0.11,22,100642
2562,pv_90_z_2,pv_90,สงขลา,ภาคใต้,2,พลังธรรมใหม่,111,0.11,23,100642
2562,pv_90_z_2,pv_90,สงขลา,ภาคใต้,2,พลังไทสร้างชาติ,77,0.08,24,100642
2562,pv_90_z_2,pv_90,สงขลา,ภาคใต้,2,ไทรักธรรม,75,0.07,25,100642
2562,pv_90_z_2,pv_90,สงขลา,ภาคใต้,2,พลังสังคม,72,0.07,26,100642
2562,pv_90_z_2,pv_90,สงขลา,ภาคใต้,2,พลังไทยรักชาติ,70,0.07,27,100642
2562,pv_90_z_2,pv_90,สงขลา,ภาคใต้,2,ประชาภิวัฒน์,46,0.05,28,100642
2562,pv_90_z_2,pv_90,สงขลา,ภาคใต้,2,ภูมิพลังเกษตรกรไทย,41,0.04,29,100642
2562,pv_90_z_2,pv_90,สงขลา,ภาคใต้,2,ภาคีเครือข่ายไทย,25,0.02,30,100642
2562,pv_90_z_2,pv_90,สงขลา,ภาคใต้,2,ไทยรักษาชาติ,0,0.00,31,100642
2562,pv_90_z_2,pv_90,สงขลา,ภาคใต้,2,ประชาธรรมไทย,0,0.00,32,100642
2562,pv_90_z_3,pv_90,สงขลา,ภาคใต้,3,พลังประชารัฐ,42390,40.99,1,103425
2562,pv_90_z_3,pv_90,สงขลา,ภาคใต้,3,ประชาธิปัตย์,22857,22.10,2,103425
2562,pv_90_z_3,pv_90,สงขลา,ภาคใต้,3,อนาคตใหม่,15593,15.08,3,103425
2562,pv_90_z_3,pv_90,สงขลา,ภาคใต้,3,ภูมิใจไทย,4707,4.55,4,103425
2562,pv_90_z_3,pv_90,สงขลา,ภาคใต้,3,เศรษฐกิจใหม่,3420,3.31,5,103425
2562,pv_90_z_3,pv_90,สงขลา,ภาคใต้,3,ประชาชาติ,3235,3.13,6,103425
2562,pv_90_z_3,pv_90,สงขลา,ภาคใต้,3,เสรีรวมไทย,2819,2.73,7,103425
2562,pv_90_z_3,pv_90,สงขลา,ภาคใต้,3,พลังท้องถิ่นไท,2142,2.07,8,103425
2562,pv_90_z_3,pv_90,สงขลา,ภาคใต้,3,รวมพลังประชาชาติไทย,1250,1.21,9,103425
2562,pv_90_z_3,pv_90,สงขลา,ภาคใต้,3,ชาติไทยพัฒนา,847,0.82,10,103425
2562,pv_90_z_3,pv_90,สงขลา,ภาคใต้,3,เพื่อชาติ,621,0.60,11,103425
2562,pv_90_z_3,pv_90,สงขลา,ภาคใต้,3,เพื่อธรรม,420,0.41,12,103425
2562,pv_90_z_3,pv_90,สงขลา,ภาคใต้,3,พลังไทสร้างชาติ,354,0.34,13,103425
2562,pv_90_z_3,pv_90,สงขลา,ภาคใต้,3,ชาติพัฒนา,330,0.32,14,103425
2562,pv_90_z_3,pv_90,สงขลา,ภาคใต้,3,ไทยศรีวิไลย์,298,0.29,15,103425
2562,pv_90_z_3,pv_90,สงขลา,ภาคใต้,3,รักษ์ผืนป่าประเทศไทย,243,0.23,16,103425
2562,pv_90_z_3,pv_90,สงขลา,ภาคใต้,3,ทางเลือกใหม่,204,0.20,17,103425
2562,pv_90_z_3,pv_90,สงขลา,ภาคใต้,3,คลองไทย,188,0.18,18,103425
2562,pv_90_z_3,pv_90,สงขลา,ภาคใต้,3,ประชานิยม,186,0.18,19,103425
2562,pv_90_z_3,pv_90,สงขลา,ภาคใต้,3,มหาชน,169,0.16,20,103425
2562,pv_90_z_3,pv_90,สงขลา,ภาคใต้,3,เพื่อแผ่นดิน,162,0.16,21,103425
2562,pv_90_z_3,pv_90,สงขลา,ภาคใต้,3,พลังธรรมใหม่,147,0.14,22,103425
2562,pv_90_z_3,pv_90,สงขลา,ภาคใต้,3,ครูไทยเพื่อประชาชน,103,0.10,23,103425
2562,pv_90_z_3,pv_90,สงขลา,ภาคใต้,3,ภราดรภาพ,101,0.10,24,103425
2562,pv_90_z_3,pv_90,สงขลา,ภาคใต้,3,พลังปวงชนไทย,99,0.10,25,103425
2562,pv_90_z_3,pv_90,สงขลา,ภาคใต้,3,แผ่นดินธรรม,98,0.09,26,103425
2562,pv_90_z_3,pv_90,สงขลา,ภาคใต้,3,พลังสังคม,94,0.09,27,103425
2562,pv_90_z_3,pv_90,สงขลา,ภาคใต้,3,ประชาชนปฏิรูป,81,0.08,28,103425
2562,pv_90_z_3,pv_90,สงขลา,ภาคใต้,3,ไทรักธรรม,75,0.07,29,103425
2562,pv_90_z_3,pv_90,สงขลา,ภาคใต้,3,พลังไทยรักชาติ,61,0.06,30,103425
2562,pv_90_z_3,pv_90,สงขลา,ภาคใต้,3,ผึ้งหลวง,60,0.06,31,103425
2562,pv_90_z_3,pv_90,สงขลา,ภาคใต้,3,ประชาภิวัฒน์,55,0.05,32,103425
2562,pv_90_z_3,pv_90,สงขลา,ภาคใต้,3,ภาคีเครือข่ายไทย,16,0.02,33,103425
2562,pv_90_z_3,pv_90,สงขลา,ภาคใต้,3,ไทยรักษาชาติ,0,0.00,34,103425
2562,pv_90_z_4,pv_90,สงขลา,ภาคใต้,4,พลังประชารัฐ,31913,35.72,1,89338
2562,pv_90_z_4,pv_90,สงขลา,ภาคใต้,4,ประชาธิปัตย์,31299,35.03,2,89338
2562,pv_90_z_4,pv_90,สงขลา,ภาคใต้,4,อนาคตใหม่,7070,7.91,3,89338
2562,pv_90_z_4,pv_90,สงขลา,ภาคใต้,4,ภูมิใจไทย,4401,4.93,4,89338
2562,pv_90_z_4,pv_90,สงขลา,ภาคใต้,4,เสรีรวมไทย,2744,3.07,5,89338
2562,pv_90_z_4,pv_90,สงขลา,ภาคใต้,4,ชาติไทยพัฒนา,1248,1.40,6,89338
2562,pv_90_z_4,pv_90,สงขลา,ภาคใต้,4,ประชาชาติ,1194,1.34,7,89338
2562,pv_90_z_4,pv_90,สงขลา,ภาคใต้,4,เพื่อธรรม,1160,1.30,8,89338
2562,pv_90_z_4,pv_90,สงขลา,ภาคใต้,4,พลังท้องถิ่นไท,1109,1.24,9,89338
2562,pv_90_z_4,pv_90,สงขลา,ภาคใต้,4,เศรษฐกิจใหม่,1079,1.21,10,89338
2562,pv_90_z_4,pv_90,สงขลา,ภาคใต้,4,รวมพลังประชาชาติไทย,957,1.07,11,89338
2562,pv_90_z_4,pv_90,สงขลา,ภาคใต้,4,ชาติพัฒนา,895,1.00,12,89338
2562,pv_90_z_4,pv_90,สงขลา,ภาคใต้,4,ทางเลือกใหม่,594,0.66,13,89338
2562,pv_90_z_4,pv_90,สงขลา,ภาคใต้,4,คลองไทย,454,0.51,14,89338
2562,pv_90_z_4,pv_90,สงขลา,ภาคใต้,4,ครูไทยเพื่อประชาชน,424,0.47,15,89338
2562,pv_90_z_4,pv_90,สงขลา,ภาคใต้,4,เพื่อชาติ,346,0.39,16,89338
2562,pv_90_z_4,pv_90,สงขลา,ภาคใต้,4,พลเมืองไทย,278,0.31,17,89338
2562,pv_90_z_4,pv_90,สงขลา,ภาคใต้,4,พลังชาติไทย,231,0.26,18,89338
2562,pv_90_z_4,pv_90,สงขลา,ภาคใต้,4,พลังไทยรักไทย,213,0.24,19,89338
2562,pv_90_z_4,pv_90,สงขลา,ภาคใต้,4,ไทยศรีวิไลย์,200,0.22,20,89338
2562,pv_90_z_4,pv_90,สงขลา,ภาคใต้,4,พลังไทสร้างชาติ,198,0.22,21,89338
2562,pv_90_z_4,pv_90,สงขลา,ภาคใต้,4,ภราดรภาพ,195,0.22,22,89338
2562,pv_90_z_4,pv_90,สงขลา,ภาคใต้,4,ประชานิยม,193,0.22,23,89338
2562,pv_90_z_4,pv_90,สงขลา,ภาคใต้,4,พลังสังคม,135,0.15,24,89338
2562,pv_90_z_4,pv_90,สงขลา,ภาคใต้,4,รักษ์ผืนป่าประเทศไทย,133,0.15,25,89338
2562,pv_90_z_4,pv_90,สงขลา,ภาคใต้,4,แผ่นดินธรรม,111,0.12,26,89338
2562,pv_90_z_4,pv_90,สงขลา,ภาคใต้,4,ประชาภิวัฒน์,98,0.11,27,89338
2562,pv_90_z_4,pv_90,สงขลา,ภาคใต้,4,เพื่อแผ่นดิน,89,0.10,28,89338
2562,pv_90_z_4,pv_90,สงขลา,ภาคใต้,4,ภาคีเครือข่ายไทย,88,0.10,29,89338
2562,pv_90_z_4,pv_90,สงขลา,ภาคใต้,4,ผึ้งหลวง,60,0.07,30,89338
2562,pv_90_z_4,pv_90,สงขลา,ภาคใต้,4,แทนคุณแผ่นดิน,50,0.06,31,89338
2562,pv_90_z_4,pv_90,สงขลา,ภาคใต้,4,ไทรักธรรม,47,0.05,32,89338
2562,pv_90_z_4,pv_90,สงขลา,ภาคใต้,4,ภูมิพลังเกษตรกรไทย,34,0.04,33,89338
2562,pv_90_z_4,pv_90,สงขลา,ภาคใต้,4,ถิ่นกาขาวชาววิไล,28,0.03,34,89338
2562,pv_90_z_4,pv_90,สงขลา,ภาคใต้,4,พลังปวงชนไทย,26,0.03,35,89338
2562,pv_90_z_4,pv_90,สงขลา,ภาคใต้,4,ประชาธรรมไทย,24,0.03,36,89338
2562,pv_90_z_4,pv_90,สงขลา,ภาคใต้,4,มหาชน,20,0.02,37,89338
2562,pv_90_z_4,pv_90,สงขลา,ภาคใต้,4,ไทยรักษาชาติ,0,0.00,38,89338
2562,pv_90_z_5,pv_90,สงขลา,ภาคใต้,5,ประชาธิปัตย์,55386,51.54,1,107453
2562,pv_90_z_5,pv_90,สงขลา,ภาคใต้,5,พลังประชารัฐ,24267,22.58,2,107453
2562,pv_90_z_5,pv_90,สงขลา,ภาคใต้,5,อนาคตใหม่,10106,9.41,3,107453
2562,pv_90_z_5,pv_90,สงขลา,ภาคใต้,5,ประชาชาติ,4257,3.96,4,107453
2562,pv_90_z_5,pv_90,สงขลา,ภาคใต้,5,ภูมิใจไทย,3730,3.47,5,107453
2562,pv_90_z_5,pv_90,สงขลา,ภาคใต้,5,รวมพลังประชาชาติไทย,2769,2.58,6,107453
2562,pv_90_z_5,pv_90,สงขลา,ภาคใต้,5,เศรษฐกิจใหม่,1140,1.06,7,107453
2562,pv_90_z_5,pv_90,สงขลา,ภาคใต้,5,พลังท้องถิ่นไท,1090,1.01,8,107453
2562,pv_90_z_5,pv_90,สงขลา,ภาคใต้,5,ความหวังใหม่,460,0.43,9,107453
2562,pv_90_z_5,pv_90,สงขลา,ภาคใต้,5,ชาติพัฒนา,454,0.42,10,107453
2562,pv_90_z_5,pv_90,สงขลา,ภาคใต้,5,ประชานิยม,434,0.40,11,107453
2562,pv_90_z_5,pv_90,สงขลา,ภาคใต้,5,เพื่อธรรม,432,0.40,12,107453
2562,pv_90_z_5,pv_90,สงขลา,ภาคใต้,5,เพื่อชาติ,402,0.37,13,107453
2562,pv_90_z_5,pv_90,สงขลา,ภาคใต้,5,คลองไทย,396,0.37,14,107453
2562,pv_90_z_5,pv_90,สงขลา,ภาคใต้,5,ไทยศรีวิไลย์,321,0.30,15,107453
2562,pv_90_z_5,pv_90,สงขลา,ภาคใต้,5,พลังไทสร้างชาติ,276,0.26,16,107453
2562,pv_90_z_5,pv_90,สงขลา,ภาคใต้,5,ภาคีเครือข่ายไทย,214,0.20,17,107453
2562,pv_90_z_5,pv_90,สงขลา,ภาคใต้,5,ประชาธรรมไทย,189,0.18,18,107453
2562,pv_90_z_5,pv_90,สงขลา,ภาคใต้,5,พลังชาติไทย,161,0.15,19,107453
2562,pv_90_z_5,pv_90,สงขลา,ภาคใต้,5,ไทรักธรรม,156,0.15,20,107453
2562,pv_90_z_5,pv_90,สงขลา,ภาคใต้,5,ครูไทยเพื่อประชาชน,146,0.14,21,107453
2562,pv_90_z_5,pv_90,สงขลา,ภาคใต้,5,รักษ์ผืนป่าประเทศไทย,133,0.12,22,107453
2562,pv_90_z_5,pv_90,สงขลา,ภาคใต้,5,ถิ่นกาขาวชาววิไล,118,0.11,23,107453
2562,pv_90_z_5,pv_90,สงขลา,ภาคใต้,5,แผ่นดินธรรม,117,0.11,24,107453
2562,pv_90_z_5,pv_90,สงขลา,ภาคใต้,5,ภราดรภาพ,108,0.10,25,107453
2562,pv_90_z_5,pv_90,สงขลา,ภาคใต้,5,ประชาภิวัฒน์,79,0.07,26,107453
2562,pv_90_z_5,pv_90,สงขลา,ภาคใต้,5,ประชากรไทย,65,0.06,27,107453
2562,pv_90_z_5,pv_90,สงขลา,ภาคใต้,5,มหาชน,47,0.04,28,107453
2562,pv_90_z_5,pv_90,สงขลา,ภาคใต้,5,เสรีรวมไทย,0,0.00,29,107453
2562,pv_90_z_5,pv_90,สงขลา,ภาคใต้,5,ไทยรักษาชาติ,0,0.00,30,107453
2562,pv_90_z_6,pv_90,สงขลา,ภาคใต้,6,ประชาธิปัตย์,28465,32.14,1,88564
2562,pv_90_z_6,pv_90,สงขลา,ภาคใต้,6,พลังประชารัฐ,19317,21.81,2,88564
2562,pv_90_z_6,pv_90,สงขลา,ภาคใต้,6,ชาติไทยพัฒนา,13864,15.65,3,88564
2562,pv_90_z_6,pv_90,สงขลา,ภาคใต้,6,อนาคตใหม่,11966,13.51,4,88564
2562,pv_90_z_6,pv_90,สงขลา,ภาคใต้,6,ประชาชาติ,3132,3.54,5,88564
2562,pv_90_z_6,pv_90,สงขลา,ภาคใต้,6,เสรีรวมไทย,2322,2.62,6,88564
2562,pv_90_z_6,pv_90,สงขลา,ภาคใต้,6,เศรษฐกิจใหม่,2243,2.53,7,88564
2562,pv_90_z_6,pv_90,สงขลา,ภาคใต้,6,ภูมิใจไทย,1619,1.83,8,88564
2562,pv_90_z_6,pv_90,สงขลา,ภาคใต้,6,รวมพลังประชาชาติไทย,1130,1.28,9,88564
2562,pv_90_z_6,pv_90,สงขลา,ภาคใต้,6,ชาติพัฒนา,804,0.91,10,88564
2562,pv_90_z_6,pv_90,สงขลา,ภาคใต้,6,พลังท้องถิ่นไท,793,0.90,11,88564
2562,pv_90_z_6,pv_90,สงขลา,ภาคใต้,6,เพื่อธรรม,338,0.38,12,88564
2562,pv_90_z_6,pv_90,สงขลา,ภาคใต้,6,พลังธรรมใหม่,297,0.34,13,88564
2562,pv_90_z_6,pv_90,สงขลา,ภาคใต้,6,รักษ์ผืนป่าประเทศไทย,277,0.31,14,88564
2562,pv_90_z_6,pv_90,สงขลา,ภาคใต้,6,พลังไทสร้างชาติ,269,0.30,15,88564
2562,pv_90_z_6,pv_90,สงขลา,ภาคใต้,6,ภาคีเครือข่ายไทย,197,0.22,16,88564
2562,pv_90_z_6,pv_90,สงขลา,ภาคใต้,6,ไทยศรีวิไลย์,196,0.22,17,88564
2562,pv_90_z_6,pv_90,สงขลา,ภาคใต้,6,ประชานิยม,193,0.22,18,88564
2562,pv_90_z_6,pv_90,สงขลา,ภาคใต้,6,คลองไทย,175,0.20,19,88564
2562,pv_90_z_6,pv_90,สงขลา,ภาคใต้,6,พลังไทยรักไทย,163,0.18,20,88564
2562,pv_90_z_6,pv_90,สงขลา,ภาคใต้,6,เพื่อชาติ,125,0.14,21,88564
2562,pv_90_z_6,pv_90,สงขลา,ภาคใต้,6,ความหวังใหม่,122,0.14,22,88564
2562,pv_90_z_6,pv_90,สงขลา,ภาคใต้,6,ประชาภิวัฒน์,99,0.11,23,88564
2562,pv_90_z_6,pv_90,สงขลา,ภาคใต้,6,ถิ่นกาขาวชาววิไล,84,0.09,24,88564
2562,pv_90_z_6,pv_90,สงขลา,ภาคใต้,6,ครูไทยเพื่อประชาชน,79,0.09,25,88564
2562,pv_90_z_6,pv_90,สงขลา,ภาคใต้,6,แผ่นดินธรรม,68,0.08,26,88564
2562,pv_90_z_6,pv_90,สงขลา,ภาคใต้,6,เพื่อชีวิตใหม่,60,0.07,27,88564
2562,pv_90_z_6,pv_90,สงขลา,ภาคใต้,6,ประชาธรรมไทย,56,0.06,28,88564
2562,pv_90_z_6,pv_90,สงขลา,ภาคใต้,6,เพื่อแผ่นดิน,44,0.05,29,88564
2562,pv_90_z_6,pv_90,สงขลา,ภาคใต้,6,ประชากรไทย,43,0.05,30,88564
2562,pv_90_z_6,pv_90,สงขลา,ภาคใต้,6,พลังปวงชนไทย,24,0.03,31,88564
2562,pv_90_z_6,pv_90,สงขลา,ภาคใต้,6,ไทยรักษาชาติ,0,0.00,32,88564
2562,pv_90_z_6,pv_90,สงขลา,ภาคใต้,6,ไทรักธรรม,0,0.00,33,88564
2562,pv_90_z_7,pv_90,สงขลา,ภาคใต้,7,ภูมิใจไทย,31286,33.94,1,92175
2562,pv_90_z_7,pv_90,สงขลา,ภาคใต้,7,ประชาธิปัตย์,25140,27.27,2,92175
2562,pv_90_z_7,pv_90,สงขลา,ภาคใต้,7,พลังประชารัฐ,12797,13.88,3,92175
2562,pv_90_z_7,pv_90,สงขลา,ภาคใต้,7,ประชาชาติ,8588,9.32,4,92175
2562,pv_90_z_7,pv_90,สงขลา,ภาคใต้,7,อนาคตใหม่,7052,7.65,5,92175
2562,pv_90_z_7,pv_90,สงขลา,ภาคใต้,7,เศรษฐกิจใหม่,1360,1.48,6,92175
2562,pv_90_z_7,pv_90,สงขลา,ภาคใต้,7,รวมพลังประชาชาติไทย,1063,1.15,7,92175
2562,pv_90_z_7,pv_90,สงขลา,ภาคใต้,7,เสรีรวมไทย,950,1.03,8,92175
2562,pv_90_z_7,pv_90,สงขลา,ภาคใต้,7,ชาติไทยพัฒนา,382,0.41,9,92175
2562,pv_90_z_7,pv_90,สงขลา,ภาคใต้,7,ชาติพัฒนา,338,0.37,10,92175
2562,pv_90_z_7,pv_90,สงขลา,ภาคใต้,7,ประชาชนปฏิรูป,325,0.35,11,92175
2562,pv_90_z_7,pv_90,สงขลา,ภาคใต้,7,เพื่อธรรม,316,0.34,12,92175
2562,pv_90_z_7,pv_90,สงขลา,ภาคใต้,7,ครูไทยเพื่อประชาชน,268,0.29,13,92175
2562,pv_90_z_7,pv_90,สงขลา,ภาคใต้,7,ประชานิยม,234,0.25,14,92175
2562,pv_90_z_7,pv_90,สงขลา,ภาคใต้,7,พลังท้องถิ่นไท,209,0.23,15,92175
2562,pv_90_z_7,pv_90,สงขลา,ภาคใต้,7,ไทรักธรรม,207,0.22,16,92175
2562,pv_90_z_7,pv_90,สงขลา,ภาคใต้,7,พลังธรรมใหม่,204,0.22,17,92175
2562,pv_90_z_7,pv_90,สงขลา,ภาคใต้,7,ประชาธรรมไทย,173,0.19,18,92175
2562,pv_90_z_7,pv_90,สงขลา,ภาคใต้,7,พลังประชาธิปไตย,163,0.18,19,92175
2562,pv_90_z_7,pv_90,สงขลา,ภาคใต้,7,คลองไทย,138,0.15,20,92175
2562,pv_90_z_7,pv_90,สงขลา,ภาคใต้,7,เพื่อชาติ,131,0.14,21,92175
2562,pv_90_z_7,pv_90,สงขลา,ภาคใต้,7,แผ่นดินธรรม,127,0.14,22,92175
2562,pv_90_z_7,pv_90,สงขลา,ภาคใต้,7,ประชาธิปไตยใหม่,120,0.13,23,92175
2562,pv_90_z_7,pv_90,สงขลา,ภาคใต้,7,ไทยศรีวิไลย์,101,0.11,24,92175
2562,pv_90_z_7,pv_90,สงขลา,ภาคใต้,7,ประชากรไทย,101,0.11,25,92175
2562,pv_90_z_7,pv_90,สงขลา,ภาคใต้,7,ถิ่นกาขาวชาววิไล,93,0.10,26,92175
2562,pv_90_z_7,pv_90,สงขลา,ภาคใต้,7,พลังสังคม,81,0.09,27,92175
2562,pv_90_z_7,pv_90,สงขลา,ภาคใต้,7,พลังไทยรักไทย,65,0.07,28,92175
2562,pv_90_z_7,pv_90,สงขลา,ภาคใต้,7,รักษ์ผืนป่าประเทศไทย,63,0.07,29,92175
2562,pv_90_z_7,pv_90,สงขลา,ภาคใต้,7,พลังไทสร้างชาติ,56,0.06,30,92175
2562,pv_90_z_7,pv_90,สงขลา,ภาคใต้,7,ประชาภิวัฒน์,44,0.05,31,92175
2562,pv_90_z_7,pv_90,สงขลา,ภาคใต้,7,ไทยรักษาชาติ,0,0.00,32,92175
2562,pv_90_z_8,pv_90,สงขลา,ภาคใต้,8,ประชาธิปัตย์,52075,51.70,1,100731
2562,pv_90_z_8,pv_90,สงขลา,ภาคใต้,8,พลังประชารัฐ,15087,14.98,2,100731
2562,pv_90_z_8,pv_90,สงขลา,ภาคใต้,8,อนาคตใหม่,9966,9.89,3,100731
2562,pv_90_z_8,pv_90,สงขลา,ภาคใต้,8,ประชาชาติ,7155,7.10,4,100731
2562,pv_90_z_8,pv_90,สงขลา,ภาคใต้,8,ภูมิใจไทย,4076,4.05,5,100731
2562,pv_90_z_8,pv_90,สงขลา,ภาคใต้,8,เสรีรวมไทย,2321,2.30,6,100731
2562,pv_90_z_8,pv_90,สงขลา,ภาคใต้,8,รวมพลังประชาชาติไทย,1107,1.10,7,100731
2562,pv_90_z_8,pv_90,สงขลา,ภาคใต้,8,เศรษฐกิจใหม่,870,0.86,8,100731
2562,pv_90_z_8,pv_90,สงขลา,ภาคใต้,8,ไทรักธรรม,780,0.77,9,100731
2562,pv_90_z_8,pv_90,สงขลา,ภาคใต้,8,ชาติพัฒนา,720,0.71,10,100731
2562,pv_90_z_8,pv_90,สงขลา,ภาคใต้,8,เพื่อธรรม,648,0.64,11,100731
2562,pv_90_z_8,pv_90,สงขลา,ภาคใต้,8,ชาติไทยพัฒนา,610,0.61,12,100731
2562,pv_90_z_8,pv_90,สงขลา,ภาคใต้,8,พลังท้องถิ่นไท,589,0.58,13,100731
2562,pv_90_z_8,pv_90,สงขลา,ภาคใต้,8,พลังชาติไทย,570,0.57,14,100731
2562,pv_90_z_8,pv_90,สงขลา,ภาคใต้,8,ประชาภิวัฒน์,501,0.50,15,100731
2562,pv_90_z_8,pv_90,สงขลา,ภาคใต้,8,เพื่อชาติ,379,0.38,16,100731
2562,pv_90_z_8,pv_90,สงขลา,ภาคใต้,8,ครูไทยเพื่อประชาชน,378,0.38,17,100731
2562,pv_90_z_8,pv_90,สงขลา,ภาคใต้,8,ไทยศรีวิไลย์,310,0.31,18,100731
2562,pv_90_z_8,pv_90,สงขลา,ภาคใต้,8,พลังประชาธิปไตย,291,0.29,19,100731
2562,pv_90_z_8,pv_90,สงขลา,ภาคใต้,8,พลังไทยรักชาติ,277,0.27,20,100731
2562,pv_90_z_8,pv_90,สงขลา,ภาคใต้,8,ประชาธรรมไทย,265,0.26,21,100731
2562,pv_90_z_8,pv_90,สงขลา,ภาคใต้,8,คลองไทย,241,0.24,22,100731
2562,pv_90_z_8,pv_90,สงขลา,ภาคใต้,8,พลังไทสร้างชาติ,239,0.24,23,100731
2562,pv_90_z_8,pv_90,สงขลา,ภาคใต้,8,พลังธรรมใหม่,191,0.19,24,100731
2562,pv_90_z_8,pv_90,สงขลา,ภาคใต้,8,ประชาธิปไตยใหม่,157,0.16,25,100731
2562,pv_90_z_8,pv_90,สงขลา,ภาคใต้,8,พลังไทยรักไทย,154,0.15,26,100731
2562,pv_90_z_8,pv_90,สงขลา,ภาคใต้,8,ประชานิยม,117,0.12,27,100731
2562,pv_90_z_8,pv_90,สงขลา,ภาคใต้,8,แผ่นดินธรรม,104,0.10,28,100731
2562,pv_90_z_8,pv_90,สงขลา,ภาคใต้,8,ถิ่นกาขาวชาววิไล,102,0.10,29,100731
2562,pv_90_z_8,pv_90,สงขลา,ภาคใต้,8,รักษ์ผืนป่าประเทศไทย,100,0.10,30,100731
2562,pv_90_z_8,pv_90,สงขลา,ภาคใต้,8,ภราดรภาพ,98,0.10,31,100731
2562,pv_90_z_8,pv_90,สงขลา,ภาคใต้,8,ภาคีเครือข่ายไทย,78,0.08,32,100731
2562,pv_90_z_8,pv_90,สงขลา,ภาคใต้,8,เพื่อแผ่นดิน,55,0.05,33,100731
2562,pv_90_z_8,pv_90,สงขลา,ภาคใต้,8,ประชาชนปฏิรูป,48,0.05,34,100731
2562,pv_90_z_8,pv_90,สงขลา,ภาคใต้,8,ประชากรไทย,36,0.04,35,100731
2562,pv_90_z_8,pv_90,สงขลา,ภาคใต้,8,มหาชน,36,0.04,36,100731
2562,pv_90_z_8,pv_90,สงขลา,ภาคใต้,8,ไทยรักษาชาติ,0,0.00,37,100731
2562,pv_17_z_1,pv_17,สิงห์บุรี,ภาคกลาง,1,พลังประชารัฐ,48970,39.12,1,125186
2562,pv_17_z_1,pv_17,สิงห์บุรี,ภาคกลาง,1,เพื่อไทย,39085,31.22,2,125186
2562,pv_17_z_1,pv_17,สิงห์บุรี,ภาคกลาง,1,อนาคตใหม่,19672,15.71,3,125186
2562,pv_17_z_1,pv_17,สิงห์บุรี,ภาคกลาง,1,ภูมิใจไทย,4060,3.24,4,125186
2562,pv_17_z_1,pv_17,สิงห์บุรี,ภาคกลาง,1,ประชาธิปัตย์,2936,2.35,5,125186
2562,pv_17_z_1,pv_17,สิงห์บุรี,ภาคกลาง,1,เพื่อชาติ,2268,1.81,6,125186
2562,pv_17_z_1,pv_17,สิงห์บุรี,ภาคกลาง,1,เสรีรวมไทย,2175,1.74,7,125186
2562,pv_17_z_1,pv_17,สิงห์บุรี,ภาคกลาง,1,เศรษฐกิจใหม่,1328,1.06,8,125186
2562,pv_17_z_1,pv_17,สิงห์บุรี,ภาคกลาง,1,พลังปวงชนไทย,847,0.68,9,125186
2562,pv_17_z_1,pv_17,สิงห์บุรี,ภาคกลาง,1,รวมพลังประชาชาติไทย,753,0.60,10,125186
2562,pv_17_z_1,pv_17,สิงห์บุรี,ภาคกลาง,1,ชาติไทยพัฒนา,745,0.60,11,125186
2562,pv_17_z_1,pv_17,สิงห์บุรี,ภาคกลาง,1,พลังท้องถิ่นไท,500,0.40,12,125186
2562,pv_17_z_1,pv_17,สิงห์บุรี,ภาคกลาง,1,รักษ์ผืนป่าประเทศไทย,355,0.28,13,125186
2562,pv_17_z_1,pv_17,สิงห์บุรี,ภาคกลาง,1,เครือข่ายชาวนาแห่งประเทศไทย,321,0.26,14,125186
2562,pv_17_z_1,pv_17,สิงห์บุรี,ภาคกลาง,1,ไทรักธรรม,211,0.17,15,125186
2562,pv_17_z_1,pv_17,สิงห์บุรี,ภาคกลาง,1,พลังชาติไทย,192,0.15,16,125186
2562,pv_17_z_1,pv_17,สิงห์บุรี,ภาคกลาง,1,ชาติพัฒนา,187,0.15,17,125186
2562,pv_17_z_1,pv_17,สิงห์บุรี,ภาคกลาง,1,ครูไทยเพื่อประชาชน,171,0.14,18,125186
2562,pv_17_z_1,pv_17,สิงห์บุรี,ภาคกลาง,1,พลังไทสร้างชาติ,148,0.12,19,125186
2562,pv_17_z_1,pv_17,สิงห์บุรี,ภาคกลาง,1,ประชาภิวัฒน์,119,0.10,20,125186
2562,pv_17_z_1,pv_17,สิงห์บุรี,ภาคกลาง,1,ประชานิยม,77,0.06,21,125186
2562,pv_17_z_1,pv_17,สิงห์บุรี,ภาคกลาง,1,ประชาชนปฏิรูป,66,0.05,22,125186
2562,pv_17_z_1,pv_17,สิงห์บุรี,ภาคกลาง,1,เพื่อนไทย,0,0.00,23,125186
2562,pv_91_z_1,pv_91,สตูล,ภาคใต้,1,ภูมิใจไทย,33897,41.66,1,81362
2562,pv_91_z_1,pv_91,สตูล,ภาคใต้,1,ประชาธิปัตย์,13045,16.03,2,81362
2562,pv_91_z_1,pv_91,สตูล,ภาคใต้,1,ประชาชาติ,10011,12.30,3,81362
2562,pv_91_z_1,pv_91,สตูล,ภาคใต้,1,พลังประชารัฐ,9053,11.13,4,81362
2562,pv_91_z_1,pv_91,สตูล,ภาคใต้,1,อนาคตใหม่,8522,10.47,5,81362
2562,pv_91_z_1,pv_91,สตูล,ภาคใต้,1,เสรีรวมไทย,1566,1.92,6,81362
2562,pv_91_z_1,pv_91,สตูล,ภาคใต้,1,พลังท้องถิ่นไท,881,1.08,7,81362
2562,pv_91_z_1,pv_91,สตูล,ภาคใต้,1,เพื่อชาติ,685,0.84,8,81362
2562,pv_91_z_1,pv_91,สตูล,ภาคใต้,1,เศรษฐกิจใหม่,656,0.81,9,81362
2562,pv_91_z_1,pv_91,สตูล,ภาคใต้,1,ชาติไทยพัฒนา,376,0.46,10,81362
2562,pv_91_z_1,pv_91,สตูล,ภาคใต้,1,เพื่อธรรม,355,0.44,11,81362
2562,pv_91_z_1,pv_91,สตูล,ภาคใต้,1,พลังปวงชนไทย,317,0.39,12,81362
2562,pv_91_z_1,pv_91,สตูล,ภาคใต้,1,รักษ์ผืนป่าประเทศไทย,274,0.34,13,81362
2562,pv_91_z_1,pv_91,สตูล,ภาคใต้,1,รวมพลังประชาชาติไทย,251,0.31,14,81362
2562,pv_91_z_1,pv_91,สตูล,ภาคใต้,1,ไทรักธรรม,247,0.30,15,81362
2562,pv_91_z_1,pv_91,สตูล,ภาคใต้,1,ถิ่นกาขาวชาววิไล,179,0.22,16,81362
2562,pv_91_z_1,pv_91,สตูล,ภาคใต้,1,พลังประชาธิปไตย,165,0.20,17,81362
2562,pv_91_z_1,pv_91,สตูล,ภาคใต้,1,เพื่อแผ่นดิน,152,0.19,18,81362
2562,pv_91_z_1,pv_91,สตูล,ภาคใต้,1,พลังชาติไทย,138,0.17,19,81362
2562,pv_91_z_1,pv_91,สตูล,ภาคใต้,1,พลังไทยรักไทย,98,0.12,20,81362
2562,pv_91_z_1,pv_91,สตูล,ภาคใต้,1,ประชาธรรมไทย,91,0.11,21,81362
2562,pv_91_z_1,pv_91,สตูล,ภาคใต้,1,พลเมืองไทย,86,0.11,22,81362
2562,pv_91_z_1,pv_91,สตูล,ภาคใต้,1,ประชาภิวัฒน์,84,0.10,23,81362
2562,pv_91_z_1,pv_91,สตูล,ภาคใต้,1,ครูไทยเพื่อประชาชน,80,0.10,24,81362
2562,pv_91_z_1,pv_91,สตูล,ภาคใต้,1,ประชาชนปฏิรูป,57,0.07,25,81362
2562,pv_91_z_1,pv_91,สตูล,ภาคใต้,1,คลองไทย,48,0.06,26,81362
2562,pv_91_z_1,pv_91,สตูล,ภาคใต้,1,ประชานิยม,35,0.04,27,81362
2562,pv_91_z_1,pv_91,สตูล,ภาคใต้,1,มหาชน,13,0.02,28,81362
2562,pv_91_z_1,pv_91,สตูล,ภาคใต้,1,ไทยรักษาชาติ,0,0.00,29,81362
2562,pv_91_z_2,pv_91,สตูล,ภาคใต้,2,ภูมิใจไทย,51376,53.73,1,95613
2562,pv_91_z_2,pv_91,สตูล,ภาคใต้,2,ประชาธิปัตย์,13037,13.64,2,95613
2562,pv_91_z_2,pv_91,สตูล,ภาคใต้,2,เพื่อชาติ,10475,10.96,3,95613
2562,pv_91_z_2,pv_91,สตูล,ภาคใต้,2,อนาคตใหม่,6040,6.32,4,95613
2562,pv_91_z_2,pv_91,สตูล,ภาคใต้,2,พลังประชารัฐ,5647,5.91,5,95613
2562,pv_91_z_2,pv_91,สตูล,ภาคใต้,2,ประชาชาติ,3070,3.21,6,95613
2562,pv_91_z_2,pv_91,สตูล,ภาคใต้,2,เสรีรวมไทย,980,1.02,7,95613
2562,pv_91_z_2,pv_91,สตูล,ภาคใต้,2,รวมพลังประชาชาติไทย,555,0.58,8,95613
2562,pv_91_z_2,pv_91,สตูล,ภาคใต้,2,พลังสังคม,503,0.53,9,95613
2562,pv_91_z_2,pv_91,สตูล,ภาคใต้,2,ชาติไทยพัฒนา,484,0.51,10,95613
2562,pv_91_z_2,pv_91,สตูล,ภาคใต้,2,เศรษฐกิจใหม่,465,0.49,11,95613
2562,pv_91_z_2,pv_91,สตูล,ภาคใต้,2,พลเมืองไทย,423,0.44,12,95613
2562,pv_91_z_2,pv_91,สตูล,ภาคใต้,2,พลังท้องถิ่นไท,409,0.43,13,95613
2562,pv_91_z_2,pv_91,สตูล,ภาคใต้,2,ชาติพัฒนา,324,0.34,14,95613
2562,pv_91_z_2,pv_91,สตูล,ภาคใต้,2,ครูไทยเพื่อประชาชน,309,0.32,15,95613
2562,pv_91_z_2,pv_91,สตูล,ภาคใต้,2,รักษ์ผืนป่าประเทศไทย,267,0.28,16,95613
2562,pv_91_z_2,pv_91,สตูล,ภาคใต้,2,เพื่อธรรม,172,0.18,17,95613
2562,pv_91_z_2,pv_91,สตูล,ภาคใต้,2,พลังไทยรักไทย,154,0.16,18,95613
2562,pv_91_z_2,pv_91,สตูล,ภาคใต้,2,พลังปวงชนไทย,141,0.15,19,95613
2562,pv_91_z_2,pv_91,สตูล,ภาคใต้,2,พลังประชาธิปไตย,134,0.14,20,95613
2562,pv_91_z_2,pv_91,สตูล,ภาคใต้,2,ไทรักธรรม,113,0.12,21,95613
2562,pv_91_z_2,pv_91,สตูล,ภาคใต้,2,พลังชาติไทย,112,0.12,22,95613
2562,pv_91_z_2,pv_91,สตูล,ภาคใต้,2,ประชานิยม,93,0.10,23,95613
2562,pv_91_z_2,pv_91,สตูล,ภาคใต้,2,ภาคีเครือข่ายไทย,88,0.09,24,95613
2562,pv_91_z_2,pv_91,สตูล,ภาคใต้,2,คลองไทย,86,0.09,25,95613
2562,pv_91_z_2,pv_91,สตูล,ภาคใต้,2,ประชาชนปฏิรูป,41,0.04,26,95613
2562,pv_91_z_2,pv_91,สตูล,ภาคใต้,2,เพื่อแผ่นดิน,38,0.04,27,95613
2562,pv_91_z_2,pv_91,สตูล,ภาคใต้,2,ประชาภิวัฒน์,32,0.03,28,95613
2562,pv_91_z_2,pv_91,สตูล,ภาคใต้,2,ประชากรไทย,24,0.03,29,95613
2562,pv_91_z_2,pv_91,สตูล,ภาคใต้,2,ถิ่นกาขาวชาววิไล,21,0.02,30,95613
2562,pv_91_z_2,pv_91,สตูล,ภาคใต้,2,ไทยรักษาชาติ,0,0.00,31,95613
2562,pv_72_z_1,pv_72,สุพรรณบุรี,ภาคตะวันตก,1,ชาติไทยพัฒนา,67149,55.17,1,121711
2562,pv_72_z_1,pv_72,สุพรรณบุรี,ภาคตะวันตก,1,อนาคตใหม่,25414,20.88,2,121711
2562,pv_72_z_1,pv_72,สุพรรณบุรี,ภาคตะวันตก,1,พลังประชารัฐ,11867,9.75,3,121711
2562,pv_72_z_1,pv_72,สุพรรณบุรี,ภาคตะวันตก,1,ประชาธิปัตย์,4410,3.62,4,121711
2562,pv_72_z_1,pv_72,สุพรรณบุรี,ภาคตะวันตก,1,เสรีรวมไทย,4125,3.39,5,121711
2562,pv_72_z_1,pv_72,สุพรรณบุรี,ภาคตะวันตก,1,เศรษฐกิจใหม่,1368,1.12,6,121711
2562,pv_72_z_1,pv_72,สุพรรณบุรี,ภาคตะวันตก,1,เพื่อชาติ,1253,1.03,7,121711
2562,pv_72_z_1,pv_72,สุพรรณบุรี,ภาคตะวันตก,1,ชาติพัฒนา,892,0.73,8,121711
2562,pv_72_z_1,pv_72,สุพรรณบุรี,ภาคตะวันตก,1,พลังปวงชนไทย,703,0.58,9,121711
2562,pv_72_z_1,pv_72,สุพรรณบุรี,ภาคตะวันตก,1,รวมใจไทย,632,0.52,10,121711
2562,pv_72_z_1,pv_72,สุพรรณบุรี,ภาคตะวันตก,1,ประชาไทย,575,0.47,11,121711
2562,pv_72_z_1,pv_72,สุพรรณบุรี,ภาคตะวันตก,1,รวมพลังประชาชาติไทย,495,0.41,12,121711
2562,pv_72_z_1,pv_72,สุพรรณบุรี,ภาคตะวันตก,1,พลังท้องถิ่นไท,483,0.40,13,121711
2562,pv_72_z_1,pv_72,สุพรรณบุรี,ภาคตะวันตก,1,ภูมิใจไทย,474,0.39,14,121711
2562,pv_72_z_1,pv_72,สุพรรณบุรี,ภาคตะวันตก,1,รักษ์ผืนป่าประเทศไทย,431,0.35,15,121711
2562,pv_72_z_1,pv_72,สุพรรณบุรี,ภาคตะวันตก,1,สยามพัฒนา,353,0.29,16,121711
2562,pv_72_z_1,pv_72,สุพรรณบุรี,ภาคตะวันตก,1,พลังธรรมใหม่,311,0.26,17,121711
2562,pv_72_z_1,pv_72,สุพรรณบุรี,ภาคตะวันตก,1,เครือข่ายชาวนาแห่งประเทศไทย,170,0.14,18,121711
2562,pv_72_z_1,pv_72,สุพรรณบุรี,ภาคตะวันตก,1,ประชาภิวัฒน์,169,0.14,19,121711
2562,pv_72_z_1,pv_72,สุพรรณบุรี,ภาคตะวันตก,1,ประชาธิปไตยใหม่,117,0.10,20,121711
2562,pv_72_z_1,pv_72,สุพรรณบุรี,ภาคตะวันตก,1,ไทรักธรรม,99,0.08,21,121711
2562,pv_72_z_1,pv_72,สุพรรณบุรี,ภาคตะวันตก,1,ประชาธรรมไทย,77,0.06,22,121711
2562,pv_72_z_1,pv_72,สุพรรณบุรี,ภาคตะวันตก,1,ประชาชนปฏิรูป,75,0.06,23,121711
2562,pv_72_z_1,pv_72,สุพรรณบุรี,ภาคตะวันตก,1,กรีน,69,0.06,24,121711
2562,pv_72_z_1,pv_72,สุพรรณบุรี,ภาคตะวันตก,1,ไทยรักษาชาติ,0,0.00,25,121711
2562,pv_72_z_1,pv_72,สุพรรณบุรี,ภาคตะวันตก,1,ครูไทยเพื่อประชาชน,0,0.00,26,121711
2562,pv_72_z_1,pv_72,สุพรรณบุรี,ภาคตะวันตก,1,พลังชาติไทย,0,0.00,27,121711
2562,pv_72_z_2,pv_72,สุพรรณบุรี,ภาคตะวันตก,2,ชาติไทยพัฒนา,69274,59.51,1,116407
2562,pv_72_z_2,pv_72,สุพรรณบุรี,ภาคตะวันตก,2,อนาคตใหม่,22668,19.47,2,116407
2562,pv_72_z_2,pv_72,สุพรรณบุรี,ภาคตะวันตก,2,พลังประชารัฐ,10414,8.95,3,116407
2562,pv_72_z_2,pv_72,สุพรรณบุรี,ภาคตะวันตก,2,เสรีรวมไทย,3464,2.98,4,116407
2562,pv_72_z_2,pv_72,สุพรรณบุรี,ภาคตะวันตก,2,ประชาธิปัตย์,2301,1.98,5,116407
2562,pv_72_z_2,pv_72,สุพรรณบุรี,ภาคตะวันตก,2,เพื่อชาติ,1186,1.02,6,116407
2562,pv_72_z_2,pv_72,สุพรรณบุรี,ภาคตะวันตก,2,เศรษฐกิจใหม่,1155,0.99,7,116407
2562,pv_72_z_2,pv_72,สุพรรณบุรี,ภาคตะวันตก,2,รวมพลังประชาชาติไทย,873,0.75,8,116407
2562,pv_72_z_2,pv_72,สุพรรณบุรี,ภาคตะวันตก,2,พลังธรรมใหม่,869,0.75,9,116407
2562,pv_72_z_2,pv_72,สุพรรณบุรี,ภาคตะวันตก,2,รวมใจไทย,697,0.60,10,116407
2562,pv_72_z_2,pv_72,สุพรรณบุรี,ภาคตะวันตก,2,ครูไทยเพื่อประชาชน,659,0.57,11,116407
2562,pv_72_z_2,pv_72,สุพรรณบุรี,ภาคตะวันตก,2,ชาติพัฒนา,416,0.36,12,116407
2562,pv_72_z_2,pv_72,สุพรรณบุรี,ภาคตะวันตก,2,ภูมิใจไทย,414,0.36,13,116407
2562,pv_72_z_2,pv_72,สุพรรณบุรี,ภาคตะวันตก,2,พลังท้องถิ่นไท,333,0.29,14,116407
2562,pv_72_z_2,pv_72,สุพรรณบุรี,ภาคตะวันตก,2,เครือข่ายชาวนาแห่งประเทศไทย,320,0.27,15,116407
2562,pv_72_z_2,pv_72,สุพรรณบุรี,ภาคตะวันตก,2,พลังชาติไทย,193,0.17,16,116407
2562,pv_72_z_2,pv_72,สุพรรณบุรี,ภาคตะวันตก,2,รักษ์ผืนป่าประเทศไทย,183,0.16,17,116407
2562,pv_72_z_2,pv_72,สุพรรณบุรี,ภาคตะวันตก,2,ไทรักธรรม,176,0.15,18,116407
2562,pv_72_z_2,pv_72,สุพรรณบุรี,ภาคตะวันตก,2,ประชาธิปไตยใหม่,149,0.13,19,116407
2562,pv_72_z_2,pv_72,สุพรรณบุรี,ภาคตะวันตก,2,ประชาภิวัฒน์,148,0.13,20,116407
2562,pv_72_z_2,pv_72,สุพรรณบุรี,ภาคตะวันตก,2,กรีน,148,0.13,21,116407
2562,pv_72_z_2,pv_72,สุพรรณบุรี,ภาคตะวันตก,2,สยามพัฒนา,127,0.11,22,116407
2562,pv_72_z_2,pv_72,สุพรรณบุรี,ภาคตะวันตก,2,พลังปวงชนไทย,89,0.08,23,116407
2562,pv_72_z_2,pv_72,สุพรรณบุรี,ภาคตะวันตก,2,ประชาไทย,84,0.07,24,116407
2562,pv_72_z_2,pv_72,สุพรรณบุรี,ภาคตะวันตก,2,ประชาชนปฏิรูป,67,0.06,25,116407
2562,pv_72_z_2,pv_72,สุพรรณบุรี,ภาคตะวันตก,2,ไทยรักษาชาติ,0,0.00,26,116407
2562,pv_72_z_2,pv_72,สุพรรณบุรี,ภาคตะวันตก,2,เพื่อนไทย,0,0.00,27,116407
2562,pv_72_z_3,pv_72,สุพรรณบุรี,ภาคตะวันตก,3,ชาติไทยพัฒนา,59783,45.83,1,130457
2562,pv_72_z_3,pv_72,สุพรรณบุรี,ภาคตะวันตก,3,ภูมิใจไทย,39726,30.45,2,130457
2562,pv_72_z_3,pv_72,สุพรรณบุรี,ภาคตะวันตก,3,อนาคตใหม่,13933,10.68,3,130457
2562,pv_72_z_3,pv_72,สุพรรณบุรี,ภาคตะวันตก,3,พลังประชารัฐ,5377,4.12,4,130457
2562,pv_72_z_3,pv_72,สุพรรณบุรี,ภาคตะวันตก,3,เพื่อชาติ,2858,2.19,5,130457
2562,pv_72_z_3,pv_72,สุพรรณบุรี,ภาคตะวันตก,3,เสรีรวมไทย,1896,1.45,6,130457
2562,pv_72_z_3,pv_72,สุพรรณบุรี,ภาคตะวันตก,3,ประชาธิปัตย์,1649,1.26,7,130457
2562,pv_72_z_3,pv_72,สุพรรณบุรี,ภาคตะวันตก,3,เศรษฐกิจใหม่,1018,0.78,8,130457
2562,pv_72_z_3,pv_72,สุพรรณบุรี,ภาคตะวันตก,3,เครือข่ายชาวนาแห่งประเทศไทย,764,0.59,9,130457
2562,pv_72_z_3,pv_72,สุพรรณบุรี,ภาคตะวันตก,3,รักษ์ผืนป่าประเทศไทย,508,0.39,10,130457
2562,pv_72_z_3,pv_72,สุพรรณบุรี,ภาคตะวันตก,3,รวมพลังประชาชาติไทย,500,0.38,11,130457
2562,pv_72_z_3,pv_72,สุพรรณบุรี,ภาคตะวันตก,3,ชาติพัฒนา,397,0.30,12,130457
2562,pv_72_z_3,pv_72,สุพรรณบุรี,ภาคตะวันตก,3,พลังชาติไทย,373,0.29,13,130457
2562,pv_72_z_3,pv_72,สุพรรณบุรี,ภาคตะวันตก,3,พลังไทยรักชาติ,255,0.20,14,130457
2562,pv_72_z_3,pv_72,สุพรรณบุรี,ภาคตะวันตก,3,พลังปวงชนไทย,199,0.15,15,130457
2562,pv_72_z_3,pv_72,สุพรรณบุรี,ภาคตะวันตก,3,ประชาธิปไตยใหม่,187,0.14,16,130457
2562,pv_72_z_3,pv_72,สุพรรณบุรี,ภาคตะวันตก,3,ประชาภิวัฒน์,155,0.12,17,130457
2562,pv_72_z_3,pv_72,สุพรรณบุรี,ภาคตะวันตก,3,รวมใจไทย,152,0.12,18,130457
2562,pv_72_z_3,pv_72,สุพรรณบุรี,ภาคตะวันตก,3,พลังธรรมใหม่,127,0.10,19,130457
2562,pv_72_z_3,pv_72,สุพรรณบุรี,ภาคตะวันตก,3,ประชาไทย,111,0.09,20,130457
2562,pv_72_z_3,pv_72,สุพรรณบุรี,ภาคตะวันตก,3,กรีน,98,0.08,21,130457
2562,pv_72_z_3,pv_72,สุพรรณบุรี,ภาคตะวันตก,3,แผ่นดินธรรม,93,0.07,22,130457
2562,pv_72_z_3,pv_72,สุพรรณบุรี,ภาคตะวันตก,3,ครูไทยเพื่อประชาชน,89,0.07,23,130457
2562,pv_72_z_3,pv_72,สุพรรณบุรี,ภาคตะวันตก,3,พลังท้องถิ่นไท,76,0.06,24,130457
2562,pv_72_z_3,pv_72,สุพรรณบุรี,ภาคตะวันตก,3,ประชาธรรมไทย,64,0.05,25,130457
2562,pv_72_z_3,pv_72,สุพรรณบุรี,ภาคตะวันตก,3,ประชาชนปฏิรูป,42,0.03,26,130457
2562,pv_72_z_3,pv_72,สุพรรณบุรี,ภาคตะวันตก,3,ไทรักธรรม,27,0.02,27,130457
2562,pv_72_z_3,pv_72,สุพรรณบุรี,ภาคตะวันตก,3,ไทยรักษาชาติ,0,0.00,28,130457
2562,pv_72_z_3,pv_72,สุพรรณบุรี,ภาคตะวันตก,3,เพื่อนไทย,0,0.00,29,130457
2562,pv_72_z_4,pv_72,สุพรรณบุรี,ภาคตะวันตก,4,ชาติไทยพัฒนา,59714,51.03,1,117025
2562,pv_72_z_4,pv_72,สุพรรณบุรี,ภาคตะวันตก,4,เพื่อไทย,33368,28.51,2,117025
2562,pv_72_z_4,pv_72,สุพรรณบุรี,ภาคตะวันตก,4,อนาคตใหม่,11394,9.74,3,117025
2562,pv_72_z_4,pv_72,สุพรรณบุรี,ภาคตะวันตก,4,พลังประชารัฐ,5777,4.94,4,117025
2562,pv_72_z_4,pv_72,สุพรรณบุรี,ภาคตะวันตก,4,เศรษฐกิจใหม่,1781,1.52,5,117025
2562,pv_72_z_4,pv_72,สุพรรณบุรี,ภาคตะวันตก,4,ประชาธิปัตย์,1289,1.10,6,117025
2562,pv_72_z_4,pv_72,สุพรรณบุรี,ภาคตะวันตก,4,ประชาธรรมไทย,602,0.51,7,117025
2562,pv_72_z_4,pv_72,สุพรรณบุรี,ภาคตะวันตก,4,พลังธรรมใหม่,405,0.35,8,117025
2562,pv_72_z_4,pv_72,สุพรรณบุรี,ภาคตะวันตก,4,ภูมิใจไทย,379,0.32,9,117025
2562,pv_72_z_4,pv_72,สุพรรณบุรี,ภาคตะวันตก,4,เพื่อชาติ,368,0.31,10,117025
2562,pv_72_z_4,pv_72,สุพรรณบุรี,ภาคตะวันตก,4,พลังชาติไทย,283,0.24,11,117025
2562,pv_72_z_4,pv_72,สุพรรณบุรี,ภาคตะวันตก,4,ประชาไทย,196,0.17,12,117025
2562,pv_72_z_4,pv_72,สุพรรณบุรี,ภาคตะวันตก,4,ชาติพัฒนา,183,0.16,13,117025
2562,pv_72_z_4,pv_72,สุพรรณบุรี,ภาคตะวันตก,4,รวมพลังประชาชาติไทย,171,0.15,14,117025
2562,pv_72_z_4,pv_72,สุพรรณบุรี,ภาคตะวันตก,4,กรีน,161,0.14,15,117025
2562,pv_72_z_4,pv_72,สุพรรณบุรี,ภาคตะวันตก,4,รักษ์ผืนป่าประเทศไทย,143,0.12,16,117025
2562,pv_72_z_4,pv_72,สุพรรณบุรี,ภาคตะวันตก,4,แผ่นดินธรรม,128,0.11,17,117025
2562,pv_72_z_4,pv_72,สุพรรณบุรี,ภาคตะวันตก,4,ประชาภิวัฒน์,113,0.10,18,117025
2562,pv_72_z_4,pv_72,สุพรรณบุรี,ภาคตะวันตก,4,ประชาธิปไตยใหม่,107,0.09,19,117025
2562,pv_72_z_4,pv_72,สุพรรณบุรี,ภาคตะวันตก,4,ครูไทยเพื่อประชาชน,101,0.09,20,117025
2562,pv_72_z_4,pv_72,สุพรรณบุรี,ภาคตะวันตก,4,พลังท้องถิ่นไท,83,0.07,21,117025
2562,pv_72_z_4,pv_72,สุพรรณบุรี,ภาคตะวันตก,4,เครือข่ายชาวนาแห่งประเทศไทย,80,0.07,22,117025
2562,pv_72_z_4,pv_72,สุพรรณบุรี,ภาคตะวันตก,4,ประชาชนปฏิรูป,70,0.06,23,117025
2562,pv_72_z_4,pv_72,สุพรรณบุรี,ภาคตะวันตก,4,พลังสหกรณ์,64,0.05,24,117025
2562,pv_72_z_4,pv_72,สุพรรณบุรี,ภาคตะวันตก,4,ไทรักธรรม,48,0.04,25,117025
2562,pv_72_z_4,pv_72,สุพรรณบุรี,ภาคตะวันตก,4,พลังปวงชนไทย,17,0.01,26,117025
2562,pv_72_z_4,pv_72,สุพรรณบุรี,ภาคตะวันตก,4,ไทยรักษาชาติ,0,0.00,27,117025
2562,pv_72_z_4,pv_72,สุพรรณบุรี,ภาคตะวันตก,4,เสรีรวมไทย,0,0.00,28,117025
2562,pv_72_z_4,pv_72,สุพรรณบุรี,ภาคตะวันตก,4,เพื่อนไทย,0,0.00,29,117025
2562,pv_11_z_1,pv_11,สมุทรปราการ,ภาคกลาง,1,พลังประชารัฐ,34668,38.23,1,90691
2562,pv_11_z_1,pv_11,สมุทรปราการ,ภาคกลาง,1,อนาคตใหม่,21344,23.53,2,90691
2562,pv_11_z_1,pv_11,สมุทรปราการ,ภาคกลาง,1,เพื่อไทย,21121,23.29,3,90691
2562,pv_11_z_1,pv_11,สมุทรปราการ,ภาคกลาง,1,ประชาธิปัตย์,5685,6.27,4,90691
2562,pv_11_z_1,pv_11,สมุทรปราการ,ภาคกลาง,1,เศรษฐกิจใหม่,2688,2.96,5,90691
2562,pv_11_z_1,pv_11,สมุทรปราการ,ภาคกลาง,1,เสรีรวมไทย,1977,2.18,6,90691
2562,pv_11_z_1,pv_11,สมุทรปราการ,ภาคกลาง,1,ภูมิใจไทย,837,0.92,7,90691
2562,pv_11_z_1,pv_11,สมุทรปราการ,ภาคกลาง,1,รวมพลังประชาชาติไทย,300,0.33,8,90691
2562,pv_11_z_1,pv_11,สมุทรปราการ,ภาคกลาง,1,ประชานิยม,263,0.29,9,90691
2562,pv_11_z_1,pv_11,สมุทรปราการ,ภาคกลาง,1,ภราดรภาพ,240,0.26,10,90691
2562,pv_11_z_1,pv_11,สมุทรปราการ,ภาคกลาง,1,ไทยศรีวิไลย์,219,0.24,11,90691
2562,pv_11_z_1,pv_11,สมุทรปราการ,ภาคกลาง,1,ชาติไทยพัฒนา,167,0.18,12,90691
2562,pv_11_z_1,pv_11,สมุทรปราการ,ภาคกลาง,1,รักษ์ผืนป่าประเทศไทย,157,0.17,13,90691
2562,pv_11_z_1,pv_11,สมุทรปราการ,ภาคกลาง,1,พลังชาติไทย,153,0.17,14,90691
2562,pv_11_z_1,pv_11,สมุทรปราการ,ภาคกลาง,1,ประชาภิวัฒน์,131,0.14,15,90691
2562,pv_11_z_1,pv_11,สมุทรปราการ,ภาคกลาง,1,ทางเลือกใหม่,112,0.12,16,90691
2562,pv_11_z_1,pv_11,สมุทรปราการ,ภาคกลาง,1,ประชาชนปฏิรูป,98,0.11,17,90691
2562,pv_11_z_1,pv_11,สมุทรปราการ,ภาคกลาง,1,ครูไทยเพื่อประชาชน,83,0.09,18,90691
2562,pv_11_z_1,pv_11,สมุทรปราการ,ภาคกลาง,1,พลังไทสร้างชาติ,81,0.09,19,90691
2562,pv_11_z_1,pv_11,สมุทรปราการ,ภาคกลาง,1,ประชาธิปไตยใหม่,73,0.08,20,90691
2562,pv_11_z_1,pv_11,สมุทรปราการ,ภาคกลาง,1,พลังปวงชนไทย,72,0.08,21,90691
2562,pv_11_z_1,pv_11,สมุทรปราการ,ภาคกลาง,1,พลังธรรมใหม่,65,0.07,22,90691
2562,pv_11_z_1,pv_11,สมุทรปราการ,ภาคกลาง,1,ไทรักธรรม,50,0.06,23,90691
2562,pv_11_z_1,pv_11,สมุทรปราการ,ภาคกลาง,1,พลังท้องถิ่นไท,42,0.05,24,90691
2562,pv_11_z_1,pv_11,สมุทรปราการ,ภาคกลาง,1,เพื่อแผ่นดิน,29,0.03,25,90691
2562,pv_11_z_1,pv_11,สมุทรปราการ,ภาคกลาง,1,มหาชน,27,0.03,26,90691
2562,pv_11_z_1,pv_11,สมุทรปราการ,ภาคกลาง,1,ภาคีเครือข่ายไทย,9,0.01,27,90691
2562,pv_11_z_1,pv_11,สมุทรปราการ,ภาคกลาง,1,เพื่อชาติ,0,0.00,28,90691
2562,pv_11_z_2,pv_11,สมุทรปราการ,ภาคกลาง,2,พลังประชารัฐ,35707,31.19,1,114477
2562,pv_11_z_2,pv_11,สมุทรปราการ,ภาคกลาง,2,เพื่อไทย,31655,27.65,2,114477
2562,pv_11_z_2,pv_11,สมุทรปราการ,ภาคกลาง,2,อนาคตใหม่,30366,26.53,3,114477
2562,pv_11_z_2,pv_11,สมุทรปราการ,ภาคกลาง,2,ประชาธิปัตย์,5382,4.70,4,114477
2562,pv_11_z_2,pv_11,สมุทรปราการ,ภาคกลาง,2,ภูมิใจไทย,2978,2.60,5,114477
2562,pv_11_z_2,pv_11,สมุทรปราการ,ภาคกลาง,2,เสรีรวมไทย,2871,2.51,6,114477
2562,pv_11_z_2,pv_11,สมุทรปราการ,ภาคกลาง,2,เศรษฐกิจใหม่,2628,2.30,7,114477
2562,pv_11_z_2,pv_11,สมุทรปราการ,ภาคกลาง,2,ไทยศรีวิไลย์,312,0.27,8,114477
2562,pv_11_z_2,pv_11,สมุทรปราการ,ภาคกลาง,2,พลังธรรมใหม่,257,0.22,9,114477
2562,pv_11_z_2,pv_11,สมุทรปราการ,ภาคกลาง,2,ครูไทยเพื่อประชาชน,231,0.20,10,114477
2562,pv_11_z_2,pv_11,สมุทรปราการ,ภาคกลาง,2,ชาติไทยพัฒนา,211,0.18,11,114477
2562,pv_11_z_2,pv_11,สมุทรปราการ,ภาคกลาง,2,ประชาชนปฏิรูป,194,0.17,12,114477
2562,pv_11_z_2,pv_11,สมุทรปราการ,ภาคกลาง,2,รวมพลังประชาชาติไทย,183,0.16,13,114477
2562,pv_11_z_2,pv_11,สมุทรปราการ,ภาคกลาง,2,รักษ์ผืนป่าประเทศไทย,179,0.16,14,114477
2562,pv_11_z_2,pv_11,สมุทรปราการ,ภาคกลาง,2,ทางเลือกใหม่,170,0.15,15,114477
2562,pv_11_z_2,pv_11,สมุทรปราการ,ภาคกลาง,2,พลังปวงชนไทย,167,0.15,16,114477
2562,pv_11_z_2,pv_11,สมุทรปราการ,ภาคกลาง,2,ประชาธิปไตยใหม่,139,0.12,17,114477
2562,pv_11_z_2,pv_11,สมุทรปราการ,ภาคกลาง,2,ประชานิยม,129,0.11,18,114477
2562,pv_11_z_2,pv_11,สมุทรปราการ,ภาคกลาง,2,เพื่อชาติ,118,0.10,19,114477
2562,pv_11_z_2,pv_11,สมุทรปราการ,ภาคกลาง,2,พลังประชาธิปไตย,111,0.10,20,114477
2562,pv_11_z_2,pv_11,สมุทรปราการ,ภาคกลาง,2,พลังท้องถิ่นไท,109,0.10,21,114477
2562,pv_11_z_2,pv_11,สมุทรปราการ,ภาคกลาง,2,พลังชาติไทย,91,0.08,22,114477
2562,pv_11_z_2,pv_11,สมุทรปราการ,ภาคกลาง,2,ประชาภิวัฒน์,85,0.07,23,114477
2562,pv_11_z_2,pv_11,สมุทรปราการ,ภาคกลาง,2,ไทรักธรรม,80,0.07,24,114477
2562,pv_11_z_2,pv_11,สมุทรปราการ,ภาคกลาง,2,เพื่อแผ่นดิน,73,0.06,25,114477
2562,pv_11_z_2,pv_11,สมุทรปราการ,ภาคกลาง,2,พลังไทสร้างชาติ,34,0.03,26,114477
2562,pv_11_z_2,pv_11,สมุทรปราการ,ภาคกลาง,2,ภาคีเครือข่ายไทย,17,0.01,27,114477
2562,pv_11_z_2,pv_11,สมุทรปราการ,ภาคกลาง,2,มหาชน,0,0.00,28,114477
2562,pv_11_z_3,pv_11,สมุทรปราการ,ภาคกลาง,3,พลังประชารัฐ,29424,29.77,1,98854
2562,pv_11_z_3,pv_11,สมุทรปราการ,ภาคกลาง,3,อนาคตใหม่,23235,23.50,2,98854
2562,pv_11_z_3,pv_11,สมุทรปราการ,ภาคกลาง,3,เพื่อไทย,22703,22.97,3,98854
2562,pv_11_z_3,pv_11,สมุทรปราการ,ภาคกลาง,3,ประชาธิปัตย์,10121,10.24,4,98854
2562,pv_11_z_3,pv_11,สมุทรปราการ,ภาคกลาง,3,เศรษฐกิจใหม่,3633,3.68,5,98854
2562,pv_11_z_3,pv_11,สมุทรปราการ,ภาคกลาง,3,เสรีรวมไทย,2633,2.66,6,98854
2562,pv_11_z_3,pv_11,สมุทรปราการ,ภาคกลาง,3,เพื่อชาติ,2569,2.60,7,98854
2562,pv_11_z_3,pv_11,สมุทรปราการ,ภาคกลาง,3,ภูมิใจไทย,2317,2.34,8,98854
2562,pv_11_z_3,pv_11,สมุทรปราการ,ภาคกลาง,3,พลังประชาธิปไตย,366,0.37,9,98854
2562,pv_11_z_3,pv_11,สมุทรปราการ,ภาคกลาง,3,ไทยศรีวิไลย์,234,0.24,10,98854
2562,pv_11_z_3,pv_11,สมุทรปราการ,ภาคกลาง,3,พลังท้องถิ่นไท,218,0.22,11,98854
2562,pv_11_z_3,pv_11,สมุทรปราการ,ภาคกลาง,3,รักษ์ผืนป่าประเทศไทย,206,0.21,12,98854
2562,pv_11_z_3,pv_11,สมุทรปราการ,ภาคกลาง,3,ชาติไทยพัฒนา,203,0.21,13,98854
2562,pv_11_z_3,pv_11,สมุทรปราการ,ภาคกลาง,3,พลังชาติไทย,179,0.18,14,98854
2562,pv_11_z_3,pv_11,สมุทรปราการ,ภาคกลาง,3,พลังธรรมใหม่,168,0.17,15,98854
2562,pv_11_z_3,pv_11,สมุทรปราการ,ภาคกลาง,3,ครูไทยเพื่อประชาชน,85,0.09,16,98854
2562,pv_11_z_3,pv_11,สมุทรปราการ,ภาคกลาง,3,ทางเลือกใหม่,84,0.08,17,98854
2562,pv_11_z_3,pv_11,สมุทรปราการ,ภาคกลาง,3,ประชานิยม,82,0.08,18,98854
2562,pv_11_z_3,pv_11,สมุทรปราการ,ภาคกลาง,3,ประชาภิวัฒน์,79,0.08,19,98854
2562,pv_11_z_3,pv_11,สมุทรปราการ,ภาคกลาง,3,ประชาธิปไตยใหม่,60,0.06,20,98854
2562,pv_11_z_3,pv_11,สมุทรปราการ,ภาคกลาง,3,ไทรักธรรม,50,0.05,21,98854
2562,pv_11_z_3,pv_11,สมุทรปราการ,ภาคกลาง,3,พลังปวงชนไทย,49,0.05,22,98854
2562,pv_11_z_3,pv_11,สมุทรปราการ,ภาคกลาง,3,พลังไทสร้างชาติ,47,0.05,23,98854
2562,pv_11_z_3,pv_11,สมุทรปราการ,ภาคกลาง,3,เพื่อแผ่นดิน,46,0.05,24,98854
2562,pv_11_z_3,pv_11,สมุทรปราการ,ภาคกลาง,3,ภาคีเครือข่ายไทย,32,0.03,25,98854
2562,pv_11_z_3,pv_11,สมุทรปราการ,ภาคกลาง,3,มหาชน,31,0.03,26,98854
2562,pv_11_z_3,pv_11,สมุทรปราการ,ภาคกลาง,3,รวมพลังประชาชาติไทย,0,0.00,27,98854
2562,pv_11_z_4,pv_11,สมุทรปราการ,ภาคกลาง,4,อนาคตใหม่,36320,28.89,1,125723
2562,pv_11_z_4,pv_11,สมุทรปราการ,ภาคกลาง,4,พลังประชารัฐ,35441,28.19,2,125723
2562,pv_11_z_4,pv_11,สมุทรปราการ,ภาคกลาง,4,เพื่อไทย,29402,23.39,3,125723
2562,pv_11_z_4,pv_11,สมุทรปราการ,ภาคกลาง,4,ประชาธิปัตย์,9040,7.19,4,125723
2562,pv_11_z_4,pv_11,สมุทรปราการ,ภาคกลาง,4,เศรษฐกิจใหม่,5737,4.56,5,125723
2562,pv_11_z_4,pv_11,สมุทรปราการ,ภาคกลาง,4,เสรีรวมไทย,3362,2.67,6,125723
2562,pv_11_z_4,pv_11,สมุทรปราการ,ภาคกลาง,4,ชาติไทยพัฒนา,1282,1.02,7,125723
2562,pv_11_z_4,pv_11,สมุทรปราการ,ภาคกลาง,4,ภูมิใจไทย,1157,0.92,8,125723
2562,pv_11_z_4,pv_11,สมุทรปราการ,ภาคกลาง,4,พลังประชาธิปไตย,805,0.64,9,125723
2562,pv_11_z_4,pv_11,สมุทรปราการ,ภาคกลาง,4,พลังปวงชนไทย,487,0.39,10,125723
2562,pv_11_z_4,pv_11,สมุทรปราการ,ภาคกลาง,4,รักษ์ผืนป่าประเทศไทย,459,0.37,11,125723
2562,pv_11_z_4,pv_11,สมุทรปราการ,ภาคกลาง,4,รวมพลังประชาชาติไทย,388,0.31,12,125723
2562,pv_11_z_4,pv_11,สมุทรปราการ,ภาคกลาง,4,ไทยศรีวิไลย์,246,0.20,13,125723
2562,pv_11_z_4,pv_11,สมุทรปราการ,ภาคกลาง,4,พลังธรรมใหม่,240,0.19,14,125723
2562,pv_11_z_4,pv_11,สมุทรปราการ,ภาคกลาง,4,ประชาธิปไตยใหม่,224,0.18,15,125723
2562,pv_11_z_4,pv_11,สมุทรปราการ,ภาคกลาง,4,ประชาชนปฏิรูป,191,0.15,16,125723
2562,pv_11_z_4,pv_11,สมุทรปราการ,ภาคกลาง,4,เพื่อชาติ,154,0.12,17,125723
2562,pv_11_z_4,pv_11,สมุทรปราการ,ภาคกลาง,4,พลังไทสร้างชาติ,151,0.12,18,125723
2562,pv_11_z_4,pv_11,สมุทรปราการ,ภาคกลาง,4,พลังท้องถิ่นไท,145,0.12,19,125723
2562,pv_11_z_4,pv_11,สมุทรปราการ,ภาคกลาง,4,ประชาภิวัฒน์,127,0.10,20,125723
2562,pv_11_z_4,pv_11,สมุทรปราการ,ภาคกลาง,4,พลังชาติไทย,106,0.08,21,125723
2562,pv_11_z_4,pv_11,สมุทรปราการ,ภาคกลาง,4,ประชานิยม,89,0.07,22,125723
2562,pv_11_z_4,pv_11,สมุทรปราการ,ภาคกลาง,4,ครูไทยเพื่อประชาชน,78,0.06,23,125723
2562,pv_11_z_4,pv_11,สมุทรปราการ,ภาคกลาง,4,ภาคีเครือข่ายไทย,60,0.05,24,125723
2562,pv_11_z_4,pv_11,สมุทรปราการ,ภาคกลาง,4,ไทรักธรรม,32,0.03,25,125723
2562,pv_11_z_4,pv_11,สมุทรปราการ,ภาคกลาง,4,เพื่อแผ่นดิน,0,0.00,26,125723
2562,pv_11_z_4,pv_11,สมุทรปราการ,ภาคกลาง,4,มหาชน,0,0.00,27,125723
2562,pv_11_z_5,pv_11,สมุทรปราการ,ภาคกลาง,5,พลังประชารัฐ,41745,34.03,1,122662
2562,pv_11_z_5,pv_11,สมุทรปราการ,ภาคกลาง,5,เพื่อไทย,33007,26.91,2,122662
2562,pv_11_z_5,pv_11,สมุทรปราการ,ภาคกลาง,5,อนาคตใหม่,31430,25.62,3,122662
2562,pv_11_z_5,pv_11,สมุทรปราการ,ภาคกลาง,5,ประชาธิปัตย์,6954,5.67,4,122662
2562,pv_11_z_5,pv_11,สมุทรปราการ,ภาคกลาง,5,เสรีรวมไทย,3714,3.03,5,122662
2562,pv_11_z_5,pv_11,สมุทรปราการ,ภาคกลาง,5,ภูมิใจไทย,1210,0.99,6,122662
2562,pv_11_z_5,pv_11,สมุทรปราการ,ภาคกลาง,5,พลังปวงชนไทย,714,0.58,7,122662
2562,pv_11_z_5,pv_11,สมุทรปราการ,ภาคกลาง,5,พลังประชาธิปไตย,501,0.41,8,122662
2562,pv_11_z_5,pv_11,สมุทรปราการ,ภาคกลาง,5,รวมพลังประชาชาติไทย,481,0.39,9,122662
2562,pv_11_z_5,pv_11,สมุทรปราการ,ภาคกลาง,5,พลังไทยรักไทย,401,0.33,10,122662
2562,pv_11_z_5,pv_11,สมุทรปราการ,ภาคกลาง,5,ไทยศรีวิไลย์,378,0.31,11,122662
2562,pv_11_z_5,pv_11,สมุทรปราการ,ภาคกลาง,5,พลังธรรมใหม่,308,0.25,12,122662
2562,pv_11_z_5,pv_11,สมุทรปราการ,ภาคกลาง,5,รักษ์ผืนป่าประเทศไทย,259,0.21,13,122662
2562,pv_11_z_5,pv_11,สมุทรปราการ,ภาคกลาง,5,ชาติไทยพัฒนา,228,0.19,14,122662
2562,pv_11_z_5,pv_11,สมุทรปราการ,ภาคกลาง,5,ประชาชนปฏิรูป,152,0.12,15,122662
2562,pv_11_z_5,pv_11,สมุทรปราการ,ภาคกลาง,5,พลังไทสร้างชาติ,145,0.12,16,122662
2562,pv_11_z_5,pv_11,สมุทรปราการ,ภาคกลาง,5,ประชานิยม,144,0.12,17,122662
2562,pv_11_z_5,pv_11,สมุทรปราการ,ภาคกลาง,5,ประชาภิวัฒน์,132,0.11,18,122662
2562,pv_11_z_5,pv_11,สมุทรปราการ,ภาคกลาง,5,พลังชาติไทย,128,0.10,19,122662
2562,pv_11_z_5,pv_11,สมุทรปราการ,ภาคกลาง,5,ภาคีเครือข่ายไทย,125,0.10,20,122662
2562,pv_11_z_5,pv_11,สมุทรปราการ,ภาคกลาง,5,ประชาธิปไตยใหม่,122,0.10,21,122662
2562,pv_11_z_5,pv_11,สมุทรปราการ,ภาคกลาง,5,เพื่อชาติ,103,0.08,22,122662
2562,pv_11_z_5,pv_11,สมุทรปราการ,ภาคกลาง,5,ครูไทยเพื่อประชาชน,102,0.08,23,122662
2562,pv_11_z_5,pv_11,สมุทรปราการ,ภาคกลาง,5,ไทรักธรรม,74,0.06,24,122662
2562,pv_11_z_5,pv_11,สมุทรปราการ,ภาคกลาง,5,เพื่อแผ่นดิน,58,0.05,25,122662
2562,pv_11_z_5,pv_11,สมุทรปราการ,ภาคกลาง,5,ภราดรภาพ,47,0.04,26,122662
2562,pv_11_z_5,pv_11,สมุทรปราการ,ภาคกลาง,5,พลังท้องถิ่นไท,0,0.00,27,122662
2562,pv_11_z_5,pv_11,สมุทรปราการ,ภาคกลาง,5,เศรษฐกิจใหม่,0,0.00,28,122662
2562,pv_11_z_6,pv_11,สมุทรปราการ,ภาคกลาง,6,พลังประชารัฐ,27806,28.14,1,98799
2562,pv_11_z_6,pv_11,สมุทรปราการ,ภาคกลาง,6,เพื่อไทย,22349,22.62,2,98799
2562,pv_11_z_6,pv_11,สมุทรปราการ,ภาคกลาง,6,อนาคตใหม่,20177,20.42,3,98799
2562,pv_11_z_6,pv_11,สมุทรปราการ,ภาคกลาง,6,ภูมิใจไทย,19489,19.73,4,98799
2562,pv_11_z_6,pv_11,สมุทรปราการ,ภาคกลาง,6,ประชาธิปัตย์,4609,4.67,5,98799
2562,pv_11_z_6,pv_11,สมุทรปราการ,ภาคกลาง,6,เสรีรวมไทย,2065,2.09,6,98799
2562,pv_11_z_6,pv_11,สมุทรปราการ,ภาคกลาง,6,ชาติพัฒนา,272,0.28,7,98799
2562,pv_11_z_6,pv_11,สมุทรปราการ,ภาคกลาง,6,พลังธรรมใหม่,265,0.27,8,98799
2562,pv_11_z_6,pv_11,สมุทรปราการ,ภาคกลาง,6,เพื่อชาติ,254,0.26,9,98799
2562,pv_11_z_6,pv_11,สมุทรปราการ,ภาคกลาง,6,รวมพลังประชาชาติไทย,252,0.26,10,98799
2562,pv_11_z_6,pv_11,สมุทรปราการ,ภาคกลาง,6,ชาติไทยพัฒนา,223,0.23,11,98799
2562,pv_11_z_6,pv_11,สมุทรปราการ,ภาคกลาง,6,รักษ์ผืนป่าประเทศไทย,218,0.22,12,98799
2562,pv_11_z_6,pv_11,สมุทรปราการ,ภาคกลาง,6,ประชานิยม,149,0.15,13,98799
2562,pv_11_z_6,pv_11,สมุทรปราการ,ภาคกลาง,6,พลังท้องถิ่นไท,147,0.15,14,98799
2562,pv_11_z_6,pv_11,สมุทรปราการ,ภาคกลาง,6,ประชาชนปฏิรูป,102,0.10,15,98799
2562,pv_11_z_6,pv_11,สมุทรปราการ,ภาคกลาง,6,ทางเลือกใหม่,92,0.09,16,98799
2562,pv_11_z_6,pv_11,สมุทรปราการ,ภาคกลาง,6,ประชาธิปไตยใหม่,68,0.07,17,98799
2562,pv_11_z_6,pv_11,สมุทรปราการ,ภาคกลาง,6,ครูไทยเพื่อประชาชน,62,0.06,18,98799
2562,pv_11_z_6,pv_11,สมุทรปราการ,ภาคกลาง,6,พลังชาติไทย,49,0.05,19,98799
2562,pv_11_z_6,pv_11,สมุทรปราการ,ภาคกลาง,6,ภาคีเครือข่ายไทย,48,0.05,20,98799
2562,pv_11_z_6,pv_11,สมุทรปราการ,ภาคกลาง,6,พลังไทสร้างชาติ,41,0.04,21,98799
2562,pv_11_z_6,pv_11,สมุทรปราการ,ภาคกลาง,6,ประชาภิวัฒน์,33,0.03,22,98799
2562,pv_11_z_6,pv_11,สมุทรปราการ,ภาคกลาง,6,พลังปวงชนไทย,29,0.03,23,98799
2562,pv_11_z_7,pv_11,สมุทรปราการ,ภาคกลาง,7,พลังประชารัฐ,27875,30.44,1,91574
2562,pv_11_z_7,pv_11,สมุทรปราการ,ภาคกลาง,7,เพื่อไทย,27648,30.19,2,91574
2562,pv_11_z_7,pv_11,สมุทรปราการ,ภาคกลาง,7,อนาคตใหม่,19679,21.49,3,91574
2562,pv_11_z_7,pv_11,สมุทรปราการ,ภาคกลาง,7,ประชาธิปัตย์,6131,6.70,4,91574
2562,pv_11_z_7,pv_11,สมุทรปราการ,ภาคกลาง,7,ภูมิใจไทย,3736,4.08,5,91574
2562,pv_11_z_7,pv_11,สมุทรปราการ,ภาคกลาง,7,เศรษฐกิจใหม่,2217,2.42,6,91574
2562,pv_11_z_7,pv_11,สมุทรปราการ,ภาคกลาง,7,เสรีรวมไทย,1805,1.97,7,91574
2562,pv_11_z_7,pv_11,สมุทรปราการ,ภาคกลาง,7,เพื่อชาติ,478,0.52,8,91574
2562,pv_11_z_7,pv_11,สมุทรปราการ,ภาคกลาง,7,ทางเลือกใหม่,254,0.28,9,91574
2562,pv_11_z_7,pv_11,สมุทรปราการ,ภาคกลาง,7,รักษ์ผืนป่าประเทศไทย,243,0.27,10,91574
2562,pv_11_z_7,pv_11,สมุทรปราการ,ภาคกลาง,7,ครูไทยเพื่อประชาชน,207,0.23,11,91574
2562,pv_11_z_7,pv_11,สมุทรปราการ,ภาคกลาง,7,ชาติพัฒนา,204,0.22,12,91574
2562,pv_11_z_7,pv_11,สมุทรปราการ,ภาคกลาง,7,ประชาชนปฏิรูป,196,0.21,13,91574
2562,pv_11_z_7,pv_11,สมุทรปราการ,ภาคกลาง,7,รวมพลังประชาชาติไทย,144,0.16,14,91574
2562,pv_11_z_7,pv_11,สมุทรปราการ,ภาคกลาง,7,ชาติไทยพัฒนา,127,0.14,15,91574
2562,pv_11_z_7,pv_11,สมุทรปราการ,ภาคกลาง,7,ประชาภิวัฒน์,87,0.10,16,91574
2562,pv_11_z_7,pv_11,สมุทรปราการ,ภาคกลาง,7,พลังท้องถิ่นไท,85,0.09,17,91574
2562,pv_11_z_7,pv_11,สมุทรปราการ,ภาคกลาง,7,พลังปวงชนไทย,75,0.08,18,91574
2562,pv_11_z_7,pv_11,สมุทรปราการ,ภาคกลาง,7,พลังชาติไทย,62,0.07,19,91574
2562,pv_11_z_7,pv_11,สมุทรปราการ,ภาคกลาง,7,ประชานิยม,57,0.06,20,91574
2562,pv_11_z_7,pv_11,สมุทรปราการ,ภาคกลาง,7,พลังธรรมใหม่,57,0.06,21,91574
2562,pv_11_z_7,pv_11,สมุทรปราการ,ภาคกลาง,7,ประชาธิปไตยใหม่,56,0.06,22,91574
2562,pv_11_z_7,pv_11,สมุทรปราการ,ภาคกลาง,7,ประชาไทย,46,0.05,23,91574
2562,pv_11_z_7,pv_11,สมุทรปราการ,ภาคกลาง,7,พลังไทสร้างชาติ,39,0.04,24,91574
2562,pv_11_z_7,pv_11,สมุทรปราการ,ภาคกลาง,7,เพื่อแผ่นดิน,32,0.03,25,91574
2562,pv_11_z_7,pv_11,สมุทรปราการ,ภาคกลาง,7,ภาคีเครือข่ายไทย,18,0.02,26,91574
2562,pv_11_z_7,pv_11,สมุทรปราการ,ภาคกลาง,7,ไทรักธรรม,16,0.02,27,91574
2562,pv_75_z_1,pv_75,สมุทรสงคราม,ภาคตะวันตก,1,ประชาธิปัตย์,26718,23.84,1,112086
2562,pv_75_z_1,pv_75,สมุทรสงคราม,ภาคตะวันตก,1,พลังประชารัฐ,21868,19.51,2,112086
2562,pv_75_z_1,pv_75,สมุทรสงคราม,ภาคตะวันตก,1,อนาคตใหม่,17268,15.41,3,112086
2562,pv_75_z_1,pv_75,สมุทรสงคราม,ภาคตะวันตก,1,เพื่อไทย,12641,11.28,4,112086
2562,pv_75_z_1,pv_75,สมุทรสงคราม,ภาคตะวันตก,1,ภูมิใจไทย,11951,10.66,5,112086
2562,pv_75_z_1,pv_75,สมุทรสงคราม,ภาคตะวันตก,1,ชาติไทยพัฒนา,6270,5.59,6,112086
2562,pv_75_z_1,pv_75,สมุทรสงคราม,ภาคตะวันตก,1,เพื่อชาติ,5592,4.99,7,112086
2562,pv_75_z_1,pv_75,สมุทรสงคราม,ภาคตะวันตก,1,เสรีรวมไทย,2498,2.23,8,112086
2562,pv_75_z_1,pv_75,สมุทรสงคราม,ภาคตะวันตก,1,เศรษฐกิจใหม่,2296,2.05,9,112086
2562,pv_75_z_1,pv_75,สมุทรสงคราม,ภาคตะวันตก,1,พลเมืองไทย,846,0.75,10,112086
2562,pv_75_z_1,pv_75,สมุทรสงคราม,ภาคตะวันตก,1,พลังชาติไทย,478,0.43,11,112086
2562,pv_75_z_1,pv_75,สมุทรสงคราม,ภาคตะวันตก,1,ประชาธรรมไทย,451,0.40,12,112086
2562,pv_75_z_1,pv_75,สมุทรสงคราม,ภาคตะวันตก,1,พลังไทยดี,426,0.38,13,112086
2562,pv_75_z_1,pv_75,สมุทรสงคราม,ภาคตะวันตก,1,ประชานิยม,373,0.33,14,112086
2562,pv_75_z_1,pv_75,สมุทรสงคราม,ภาคตะวันตก,1,พลังประชาธิปไตย,354,0.32,15,112086
2562,pv_75_z_1,pv_75,สมุทรสงคราม,ภาคตะวันตก,1,ทางเลือกใหม่,337,0.30,16,112086
2562,pv_75_z_1,pv_75,สมุทรสงคราม,ภาคตะวันตก,1,ไทรักธรรม,331,0.30,17,112086
2562,pv_75_z_1,pv_75,สมุทรสงคราม,ภาคตะวันตก,1,รักษ์ผืนป่าประเทศไทย,237,0.21,18,112086
2562,pv_75_z_1,pv_75,สมุทรสงคราม,ภาคตะวันตก,1,รวมพลังประชาชาติไทย,203,0.18,19,112086
2562,pv_75_z_1,pv_75,สมุทรสงคราม,ภาคตะวันตก,1,ประชาธิปไตยใหม่,186,0.17,20,112086
2562,pv_75_z_1,pv_75,สมุทรสงคราม,ภาคตะวันตก,1,พลังไทยรักชาติ,165,0.15,21,112086
2562,pv_75_z_1,pv_75,สมุทรสงคราม,ภาคตะวันตก,1,ประชาภิวัฒน์,152,0.14,22,112086
2562,pv_75_z_1,pv_75,สมุทรสงคราม,ภาคตะวันตก,1,ประชาชนปฏิรูป,151,0.13,23,112086
2562,pv_75_z_1,pv_75,สมุทรสงคราม,ภาคตะวันตก,1,ครูไทยเพื่อประชาชน,140,0.12,24,112086
2562,pv_75_z_1,pv_75,สมุทรสงคราม,ภาคตะวันตก,1,ประชากรไทย,106,0.09,25,112086
2562,pv_75_z_1,pv_75,สมุทรสงคราม,ภาคตะวันตก,1,ประชาไทย,48,0.04,26,112086
2562,pv_75_z_1,pv_75,สมุทรสงคราม,ภาคตะวันตก,1,ไทยรักษาชาติ,0,0.00,27,112086
2562,pv_74_z_1,pv_74,สมุทรสาคร,ภาคตะวันตก,1,อนาคตใหม่,29912,29.13,1,102690
2562,pv_74_z_1,pv_74,สมุทรสาคร,ภาคตะวันตก,1,พลังประชารัฐ,25644,24.97,2,102690
2562,pv_74_z_1,pv_74,สมุทรสาคร,ภาคตะวันตก,1,ชาติไทยพัฒนา,20546,20.01,3,102690
2562,pv_74_z_1,pv_74,สมุทรสาคร,ภาคตะวันตก,1,ประชาธิปัตย์,16073,15.65,4,102690
2562,pv_74_z_1,pv_74,สมุทรสาคร,ภาคตะวันตก,1,เสรีรวมไทย,3758,3.66,5,102690
2562,pv_74_z_1,pv_74,สมุทรสาคร,ภาคตะวันตก,1,เพื่อชาติ,2557,2.49,6,102690
2562,pv_74_z_1,pv_74,สมุทรสาคร,ภาคตะวันตก,1,ภูมิใจไทย,1162,1.13,7,102690
2562,pv_74_z_1,pv_74,สมุทรสาคร,ภาคตะวันตก,1,รวมพลังประชาชาติไทย,626,0.61,8,102690
2562,pv_74_z_1,pv_74,สมุทรสาคร,ภาคตะวันตก,1,รักษ์ผืนป่าประเทศไทย,369,0.36,9,102690
2562,pv_74_z_1,pv_74,สมุทรสาคร,ภาคตะวันตก,1,ไทยศรีวิไลย์,297,0.29,10,102690
2562,pv_74_z_1,pv_74,สมุทรสาคร,ภาคตะวันตก,1,พลังธรรมใหม่,259,0.25,11,102690
2562,pv_74_z_1,pv_74,สมุทรสาคร,ภาคตะวันตก,1,กลาง,179,0.17,12,102690
2562,pv_74_z_1,pv_74,สมุทรสาคร,ภาคตะวันตก,1,ครูไทยเพื่อประชาชน,175,0.17,13,102690
2562,pv_74_z_1,pv_74,สมุทรสาคร,ภาคตะวันตก,1,ประชานิยม,132,0.13,14,102690
2562,pv_74_z_1,pv_74,สมุทรสาคร,ภาคตะวันตก,1,ประชาภิวัฒน์,124,0.12,15,102690
2562,pv_74_z_1,pv_74,สมุทรสาคร,ภาคตะวันตก,1,พลังไทยรักชาติ,124,0.12,16,102690
2562,pv_74_z_1,pv_74,สมุทรสาคร,ภาคตะวันตก,1,พลเมืองไทย,119,0.12,17,102690
2562,pv_74_z_1,pv_74,สมุทรสาคร,ภาคตะวันตก,1,เครือข่ายชาวนาแห่งประเทศไทย,116,0.11,18,102690
2562,pv_74_z_1,pv_74,สมุทรสาคร,ภาคตะวันตก,1,พลังท้องถิ่นไท,102,0.10,19,102690
2562,pv_74_z_1,pv_74,สมุทรสาคร,ภาคตะวันตก,1,ภราดรภาพ,102,0.10,20,102690
2562,pv_74_z_1,pv_74,สมุทรสาคร,ภาคตะวันตก,1,ประชาชนปฏิรูป,84,0.08,21,102690
2562,pv_74_z_1,pv_74,สมุทรสาคร,ภาคตะวันตก,1,พลังชาติไทย,74,0.07,22,102690
2562,pv_74_z_1,pv_74,สมุทรสาคร,ภาคตะวันตก,1,ไทรักธรรม,67,0.07,23,102690
2562,pv_74_z_1,pv_74,สมุทรสาคร,ภาคตะวันตก,1,ไทยรุ่งเรือง,61,0.06,24,102690
2562,pv_74_z_1,pv_74,สมุทรสาคร,ภาคตะวันตก,1,พลังสังคม,28,0.03,25,102690
2562,pv_74_z_1,pv_74,สมุทรสาคร,ภาคตะวันตก,1,ไทยรักษาชาติ,0,0.00,26,102690
2562,pv_74_z_2,pv_74,สมุทรสาคร,ภาคตะวันตก,2,อนาคตใหม่,36738,38.31,1,95903
2562,pv_74_z_2,pv_74,สมุทรสาคร,ภาคตะวันตก,2,พลังประชารัฐ,16758,17.47,2,95903
2562,pv_74_z_2,pv_74,สมุทรสาคร,ภาคตะวันตก,2,ชาติไทยพัฒนา,14997,15.64,3,95903
2562,pv_74_z_2,pv_74,สมุทรสาคร,ภาคตะวันตก,2,ประชาธิปัตย์,10652,11.11,4,95903
2562,pv_74_z_2,pv_74,สมุทรสาคร,ภาคตะวันตก,2,เพื่อชาติ,5719,5.96,5,95903
2562,pv_74_z_2,pv_74,สมุทรสาคร,ภาคตะวันตก,2,เสรีรวมไทย,4082,4.26,6,95903
2562,pv_74_z_2,pv_74,สมุทรสาคร,ภาคตะวันตก,2,รวมพลังประชาชาติไทย,1463,1.53,7,95903
2562,pv_74_z_2,pv_74,สมุทรสาคร,ภาคตะวันตก,2,ภูมิใจไทย,1129,1.18,8,95903
2562,pv_74_z_2,pv_74,สมุทรสาคร,ภาคตะวันตก,2,พลเมืองไทย,750,0.78,9,95903
2562,pv_74_z_2,pv_74,สมุทรสาคร,ภาคตะวันตก,2,พลังท้องถิ่นไท,746,0.78,10,95903
2562,pv_74_z_2,pv_74,สมุทรสาคร,ภาคตะวันตก,2,ไทยศรีวิไลย์,725,0.76,11,95903
2562,pv_74_z_2,pv_74,สมุทรสาคร,ภาคตะวันตก,2,พลังชาติไทย,429,0.45,12,95903
2562,pv_74_z_2,pv_74,สมุทรสาคร,ภาคตะวันตก,2,ประชานิยม,426,0.44,13,95903
2562,pv_74_z_2,pv_74,สมุทรสาคร,ภาคตะวันตก,2,รักษ์ผืนป่าประเทศไทย,321,0.33,14,95903
2562,pv_74_z_2,pv_74,สมุทรสาคร,ภาคตะวันตก,2,ประชาภิวัฒน์,212,0.22,15,95903
2562,pv_74_z_2,pv_74,สมุทรสาคร,ภาคตะวันตก,2,ภราดรภาพ,140,0.15,16,95903
2562,pv_74_z_2,pv_74,สมุทรสาคร,ภาคตะวันตก,2,ไทรักธรรม,134,0.14,17,95903
2562,pv_74_z_2,pv_74,สมุทรสาคร,ภาคตะวันตก,2,พลังสังคม,132,0.14,18,95903
2562,pv_74_z_2,pv_74,สมุทรสาคร,ภาคตะวันตก,2,เครือข่ายชาวนาแห่งประเทศไทย,114,0.12,19,95903
2562,pv_74_z_2,pv_74,สมุทรสาคร,ภาคตะวันตก,2,ครูไทยเพื่อประชาชน,109,0.11,20,95903
2562,pv_74_z_2,pv_74,สมุทรสาคร,ภาคตะวันตก,2,พลังไทสร้างชาติ,68,0.07,21,95903
2562,pv_74_z_2,pv_74,สมุทรสาคร,ภาคตะวันตก,2,ไทยรุ่งเรือง,59,0.06,22,95903
2562,pv_74_z_2,pv_74,สมุทรสาคร,ภาคตะวันตก,2,ไทยรักษาชาติ,0,0.00,23,95903
2562,pv_74_z_3,pv_74,สมุทรสาคร,ภาคตะวันตก,3,พลังประชารัฐ,25323,24.62,1,102835
2562,pv_74_z_3,pv_74,สมุทรสาคร,ภาคตะวันตก,3,ชาติไทยพัฒนา,23671,23.02,2,102835
2562,pv_74_z_3,pv_74,สมุทรสาคร,ภาคตะวันตก,3,อนาคตใหม่,17309,16.83,3,102835
2562,pv_74_z_3,pv_74,สมุทรสาคร,ภาคตะวันตก,3,เพื่อไทย,14516,14.12,4,102835
2562,pv_74_z_3,pv_74,สมุทรสาคร,ภาคตะวันตก,3,ประชาธิปัตย์,11823,11.50,5,102835
2562,pv_74_z_3,pv_74,สมุทรสาคร,ภาคตะวันตก,3,เสรีรวมไทย,2320,2.26,6,102835
2562,pv_74_z_3,pv_74,สมุทรสาคร,ภาคตะวันตก,3,เพื่อชาติ,1467,1.43,7,102835
2562,pv_74_z_3,pv_74,สมุทรสาคร,ภาคตะวันตก,3,พลเมืองไทย,1436,1.40,8,102835
2562,pv_74_z_3,pv_74,สมุทรสาคร,ภาคตะวันตก,3,ภูมิใจไทย,928,0.90,9,102835
2562,pv_74_z_3,pv_74,สมุทรสาคร,ภาคตะวันตก,3,เครือข่ายชาวนาแห่งประเทศไทย,689,0.67,10,102835
2562,pv_74_z_3,pv_74,สมุทรสาคร,ภาคตะวันตก,3,พลังธรรมใหม่,637,0.62,11,102835
2562,pv_74_z_3,pv_74,สมุทรสาคร,ภาคตะวันตก,3,รวมพลังประชาชาติไทย,343,0.33,12,102835
2562,pv_74_z_3,pv_74,สมุทรสาคร,ภาคตะวันตก,3,รักษ์ผืนป่าประเทศไทย,303,0.29,13,102835
2562,pv_74_z_3,pv_74,สมุทรสาคร,ภาคตะวันตก,3,ไทยศรีวิไลย์,293,0.28,14,102835
2562,pv_74_z_3,pv_74,สมุทรสาคร,ภาคตะวันตก,3,ไทยรุ่งเรือง,289,0.28,15,102835
2562,pv_74_z_3,pv_74,สมุทรสาคร,ภาคตะวันตก,3,ประชาภิวัฒน์,233,0.23,16,102835
2562,pv_74_z_3,pv_74,สมุทรสาคร,ภาคตะวันตก,3,พลังสังคม,194,0.19,17,102835
2562,pv_74_z_3,pv_74,สมุทรสาคร,ภาคตะวันตก,3,ประชานิยม,183,0.18,18,102835
2562,pv_74_z_3,pv_74,สมุทรสาคร,ภาคตะวันตก,3,ไทรักธรรม,168,0.16,19,102835
2562,pv_74_z_3,pv_74,สมุทรสาคร,ภาคตะวันตก,3,ครูไทยเพื่อประชาชน,122,0.12,20,102835
2562,pv_74_z_3,pv_74,สมุทรสาคร,ภาคตะวันตก,3,พลังชาติไทย,119,0.12,21,102835
2562,pv_74_z_3,pv_74,สมุทรสาคร,ภาคตะวันตก,3,พลังไทยรักชาติ,97,0.09,22,102835
2562,pv_74_z_3,pv_74,สมุทรสาคร,ภาคตะวันตก,3,ประชาไทย,95,0.09,23,102835
2562,pv_74_z_3,pv_74,สมุทรสาคร,ภาคตะวันตก,3,ประชาชนปฏิรูป,93,0.09,24,102835
2562,pv_74_z_3,pv_74,สมุทรสาคร,ภาคตะวันตก,3,พลังท้องถิ่นไท,85,0.08,25,102835
2562,pv_74_z_3,pv_74,สมุทรสาคร,ภาคตะวันตก,3,ภาคีเครือข่ายไทย,57,0.06,26,102835
2562,pv_74_z_3,pv_74,สมุทรสาคร,ภาคตะวันตก,3,ภราดรภาพ,42,0.04,27,102835
2562,pv_27_z_1,pv_27,สระแก้ว,ภาคตะวันออก,1,พลังประชารัฐ,63099,62.60,1,100804
2562,pv_27_z_1,pv_27,สระแก้ว,ภาคตะวันออก,1,เพื่อไทย,19097,18.94,2,100804
2562,pv_27_z_1,pv_27,สระแก้ว,ภาคตะวันออก,1,อนาคตใหม่,12013,11.92,3,100804
2562,pv_27_z_1,pv_27,สระแก้ว,ภาคตะวันออก,1,ประชาธิปัตย์,2754,2.73,4,100804
2562,pv_27_z_1,pv_27,สระแก้ว,ภาคตะวันออก,1,เศรษฐกิจใหม่,638,0.63,5,100804
2562,pv_27_z_1,pv_27,สระแก้ว,ภาคตะวันออก,1,พลังชาติไทย,603,0.60,6,100804
2562,pv_27_z_1,pv_27,สระแก้ว,ภาคตะวันออก,1,ภูมิใจไทย,505,0.50,7,100804
2562,pv_27_z_1,pv_27,สระแก้ว,ภาคตะวันออก,1,เพื่อชาติ,477,0.47,8,100804
2562,pv_27_z_1,pv_27,สระแก้ว,ภาคตะวันออก,1,รวมพลังประชาชาติไทย,287,0.28,9,100804
2562,pv_27_z_1,pv_27,สระแก้ว,ภาคตะวันออก,1,พลังท้องถิ่นไท,230,0.23,10,100804
2562,pv_27_z_1,pv_27,สระแก้ว,ภาคตะวันออก,1,ประชาชนปฏิรูป,210,0.21,11,100804
2562,pv_27_z_1,pv_27,สระแก้ว,ภาคตะวันออก,1,รักษ์ผืนป่าประเทศไทย,181,0.18,12,100804
2562,pv_27_z_1,pv_27,สระแก้ว,ภาคตะวันออก,1,ประชาธิปไตยใหม่,167,0.17,13,100804
2562,pv_27_z_1,pv_27,สระแก้ว,ภาคตะวันออก,1,กรีน,128,0.13,14,100804
2562,pv_27_z_1,pv_27,สระแก้ว,ภาคตะวันออก,1,ครูไทยเพื่อประชาชน,117,0.12,15,100804
2562,pv_27_z_1,pv_27,สระแก้ว,ภาคตะวันออก,1,ไทยศรีวิไลย์,116,0.12,16,100804
2562,pv_27_z_1,pv_27,สระแก้ว,ภาคตะวันออก,1,ประชาภิวัฒน์,48,0.05,17,100804
2562,pv_27_z_1,pv_27,สระแก้ว,ภาคตะวันออก,1,ไทรักธรรม,42,0.04,18,100804
2562,pv_27_z_1,pv_27,สระแก้ว,ภาคตะวันออก,1,เพื่อแผ่นดิน,39,0.04,19,100804
2562,pv_27_z_1,pv_27,สระแก้ว,ภาคตะวันออก,1,ประชาธรรมไทย,37,0.04,20,100804
2562,pv_27_z_1,pv_27,สระแก้ว,ภาคตะวันออก,1,พลังปวงชนไทย,16,0.02,21,100804
2562,pv_27_z_1,pv_27,สระแก้ว,ภาคตะวันออก,1,เพื่อนไทย,0,0.00,22,100804
2562,pv_27_z_1,pv_27,สระแก้ว,ภาคตะวันออก,1,เสรีรวมไทย,0,0.00,23,100804
2562,pv_27_z_2,pv_27,สระแก้ว,ภาคตะวันออก,2,พลังประชารัฐ,52787,53.70,1,98292
2562,pv_27_z_2,pv_27,สระแก้ว,ภาคตะวันออก,2,เพื่อไทย,21901,22.28,2,98292
2562,pv_27_z_2,pv_27,สระแก้ว,ภาคตะวันออก,2,อนาคตใหม่,13560,13.80,3,98292
2562,pv_27_z_2,pv_27,สระแก้ว,ภาคตะวันออก,2,ประชาธิปัตย์,4204,4.28,4,98292
2562,pv_27_z_2,pv_27,สระแก้ว,ภาคตะวันออก,2,เสรีรวมไทย,1973,2.01,5,98292
2562,pv_27_z_2,pv_27,สระแก้ว,ภาคตะวันออก,2,เศรษฐกิจใหม่,595,0.61,6,98292
2562,pv_27_z_2,pv_27,สระแก้ว,ภาคตะวันออก,2,เพื่อชาติ,569,0.58,7,98292
2562,pv_27_z_2,pv_27,สระแก้ว,ภาคตะวันออก,2,พลังท้องถิ่นไท,475,0.48,8,98292
2562,pv_27_z_2,pv_27,สระแก้ว,ภาคตะวันออก,2,รักษ์ผืนป่าประเทศไทย,470,0.48,9,98292
2562,pv_27_z_2,pv_27,สระแก้ว,ภาคตะวันออก,2,ภูมิใจไทย,411,0.42,10,98292
2562,pv_27_z_2,pv_27,สระแก้ว,ภาคตะวันออก,2,รวมพลังประชาชาติไทย,252,0.26,11,98292
2562,pv_27_z_2,pv_27,สระแก้ว,ภาคตะวันออก,2,ประชาธิปไตยใหม่,222,0.23,12,98292
2562,pv_27_z_2,pv_27,สระแก้ว,ภาคตะวันออก,2,ไทยศรีวิไลย์,177,0.18,13,98292
2562,pv_27_z_2,pv_27,สระแก้ว,ภาคตะวันออก,2,ครูไทยเพื่อประชาชน,142,0.14,14,98292
2562,pv_27_z_2,pv_27,สระแก้ว,ภาคตะวันออก,2,ประชาชนปฏิรูป,128,0.13,15,98292
2562,pv_27_z_2,pv_27,สระแก้ว,ภาคตะวันออก,2,พลังปวงชนไทย,104,0.11,16,98292
2562,pv_27_z_2,pv_27,สระแก้ว,ภาคตะวันออก,2,กรีน,97,0.10,17,98292
2562,pv_27_z_2,pv_27,สระแก้ว,ภาคตะวันออก,2,ประชาภิวัฒน์,68,0.07,18,98292
2562,pv_27_z_2,pv_27,สระแก้ว,ภาคตะวันออก,2,ไทรักธรรม,65,0.07,19,98292
2562,pv_27_z_2,pv_27,สระแก้ว,ภาคตะวันออก,2,เพื่อแผ่นดิน,52,0.05,20,98292
2562,pv_27_z_2,pv_27,สระแก้ว,ภาคตะวันออก,2,ประชาธรรมไทย,40,0.04,21,98292
2562,pv_27_z_2,pv_27,สระแก้ว,ภาคตะวันออก,2,เพื่อนไทย,0,0.00,22,98292
2562,pv_27_z_2,pv_27,สระแก้ว,ภาคตะวันออก,2,พลังชาติไทย,0,0.00,23,98292
2562,pv_27_z_3,pv_27,สระแก้ว,ภาคตะวันออก,3,พลังประชารัฐ,41962,42.79,1,98073
2562,pv_27_z_3,pv_27,สระแก้ว,ภาคตะวันออก,3,เพื่อไทย,34141,34.81,2,98073
2562,pv_27_z_3,pv_27,สระแก้ว,ภาคตะวันออก,3,อนาคตใหม่,12024,12.26,3,98073
2562,pv_27_z_3,pv_27,สระแก้ว,ภาคตะวันออก,3,ประชาธิปัตย์,4276,4.36,4,98073
2562,pv_27_z_3,pv_27,สระแก้ว,ภาคตะวันออก,3,เสรีรวมไทย,1790,1.83,5,98073
2562,pv_27_z_3,pv_27,สระแก้ว,ภาคตะวันออก,3,เศรษฐกิจใหม่,649,0.66,6,98073
2562,pv_27_z_3,pv_27,สระแก้ว,ภาคตะวันออก,3,ประชาธรรมไทย,500,0.51,7,98073
2562,pv_27_z_3,pv_27,สระแก้ว,ภาคตะวันออก,3,รักษ์ผืนป่าประเทศไทย,379,0.39,8,98073
2562,pv_27_z_3,pv_27,สระแก้ว,ภาคตะวันออก,3,รวมพลังประชาชาติไทย,341,0.35,9,98073
2562,pv_27_z_3,pv_27,สระแก้ว,ภาคตะวันออก,3,เพื่อชาติ,311,0.32,10,98073
2562,pv_27_z_3,pv_27,สระแก้ว,ภาคตะวันออก,3,ภูมิใจไทย,285,0.29,11,98073
2562,pv_27_z_3,pv_27,สระแก้ว,ภาคตะวันออก,3,ประชาธิปไตยใหม่,240,0.24,12,98073
2562,pv_27_z_3,pv_27,สระแก้ว,ภาคตะวันออก,3,ไทยศรีวิไลย์,168,0.17,13,98073
2562,pv_27_z_3,pv_27,สระแก้ว,ภาคตะวันออก,3,พลังชาติไทย,163,0.17,14,98073
2562,pv_27_z_3,pv_27,สระแก้ว,ภาคตะวันออก,3,พลังท้องถิ่นไท,148,0.15,15,98073
2562,pv_27_z_3,pv_27,สระแก้ว,ภาคตะวันออก,3,พลังปวงชนไทย,124,0.13,16,98073
2562,pv_27_z_3,pv_27,สระแก้ว,ภาคตะวันออก,3,ไทรักธรรม,118,0.12,17,98073
2562,pv_27_z_3,pv_27,สระแก้ว,ภาคตะวันออก,3,ครูไทยเพื่อประชาชน,105,0.11,18,98073
2562,pv_27_z_3,pv_27,สระแก้ว,ภาคตะวันออก,3,พลเมืองไทย,88,0.09,19,98073
2562,pv_27_z_3,pv_27,สระแก้ว,ภาคตะวันออก,3,พลังไทสร้างชาติ,80,0.08,20,98073
2562,pv_27_z_3,pv_27,สระแก้ว,ภาคตะวันออก,3,กรีน,74,0.08,21,98073
2562,pv_27_z_3,pv_27,สระแก้ว,ภาคตะวันออก,3,เพื่อแผ่นดิน,54,0.06,22,98073
2562,pv_27_z_3,pv_27,สระแก้ว,ภาคตะวันออก,3,ประชาชนปฏิรูป,53,0.05,23,98073
2562,pv_27_z_3,pv_27,สระแก้ว,ภาคตะวันออก,3,เพื่อนไทย,0,0.00,24,98073
2562,pv_27_z_3,pv_27,สระแก้ว,ภาคตะวันออก,3,ประชาภิวัฒน์,0,0.00,25,98073
2562,pv_19_z_1,pv_19,สระบุรี,ภาคกลาง,1,พลังประชารัฐ,31035,25.72,1,120669
2562,pv_19_z_1,pv_19,สระบุรี,ภาคกลาง,1,อนาคตใหม่,26550,22.00,2,120669
2562,pv_19_z_1,pv_19,สระบุรี,ภาคกลาง,1,เพื่อไทย,25154,20.85,3,120669
2562,pv_19_z_1,pv_19,สระบุรี,ภาคกลาง,1,ชาติไทยพัฒนา,21369,17.71,4,120669
2562,pv_19_z_1,pv_19,สระบุรี,ภาคกลาง,1,ประชาธิปัตย์,6406,5.31,5,120669
2562,pv_19_z_1,pv_19,สระบุรี,ภาคกลาง,1,เสรีรวมไทย,2962,2.45,6,120669
2562,pv_19_z_1,pv_19,สระบุรี,ภาคกลาง,1,ภูมิใจไทย,941,0.78,7,120669
2562,pv_19_z_1,pv_19,สระบุรี,ภาคกลาง,1,สยามพัฒนา,749,0.62,8,120669
2562,pv_19_z_1,pv_19,สระบุรี,ภาคกลาง,1,ไทยศรีวิไลย์,740,0.61,9,120669
2562,pv_19_z_1,pv_19,สระบุรี,ภาคกลาง,1,รวมพลังประชาชาติไทย,738,0.61,10,120669
2562,pv_19_z_1,pv_19,สระบุรี,ภาคกลาง,1,พลังไทยรักไทย,568,0.47,11,120669
2562,pv_19_z_1,pv_19,สระบุรี,ภาคกลาง,1,รักษ์ผืนป่าประเทศไทย,527,0.44,12,120669
2562,pv_19_z_1,pv_19,สระบุรี,ภาคกลาง,1,ชาติพัฒนา,518,0.43,13,120669
2562,pv_19_z_1,pv_19,สระบุรี,ภาคกลาง,1,พลังท้องถิ่นไท,395,0.33,14,120669
2562,pv_19_z_1,pv_19,สระบุรี,ภาคกลาง,1,ประชาภิวัฒน์,339,0.28,15,120669
2562,pv_19_z_1,pv_19,สระบุรี,ภาคกลาง,1,ไทรักธรรม,333,0.28,16,120669
2562,pv_19_z_1,pv_19,สระบุรี,ภาคกลาง,1,เพื่อชาติ,238,0.20,17,120669
2562,pv_19_z_1,pv_19,สระบุรี,ภาคกลาง,1,พลังชาติไทย,183,0.15,18,120669
2562,pv_19_z_1,pv_19,สระบุรี,ภาคกลาง,1,ครูไทยเพื่อประชาชน,172,0.14,19,120669
2562,pv_19_z_1,pv_19,สระบุรี,ภาคกลาง,1,พลังไทสร้างชาติ,158,0.13,20,120669
2562,pv_19_z_1,pv_19,สระบุรี,ภาคกลาง,1,เพื่อแผ่นดิน,157,0.13,21,120669
2562,pv_19_z_1,pv_19,สระบุรี,ภาคกลาง,1,ประชาชนปฏิรูป,121,0.10,22,120669
2562,pv_19_z_1,pv_19,สระบุรี,ภาคกลาง,1,เครือข่ายชาวนาแห่งประเทศไทย,118,0.10,23,120669
2562,pv_19_z_1,pv_19,สระบุรี,ภาคกลาง,1,ประชานิยม,117,0.10,24,120669
2562,pv_19_z_1,pv_19,สระบุรี,ภาคกลาง,1,ประชาไทย,81,0.07,25,120669
2562,pv_19_z_1,pv_19,สระบุรี,ภาคกลาง,1,เศรษฐกิจใหม่,0,0.00,26,120669
2562,pv_19_z_1,pv_19,สระบุรี,ภาคกลาง,1,แทนคุณแผ่นดิน,0,0.00,27,120669
2562,pv_19_z_2,pv_19,สระบุรี,ภาคกลาง,2,พลังประชารัฐ,43776,36.21,1,120887
2562,pv_19_z_2,pv_19,สระบุรี,ภาคกลาง,2,เพื่อไทย,30636,25.34,2,120887
2562,pv_19_z_2,pv_19,สระบุรี,ภาคกลาง,2,อนาคตใหม่,21796,18.03,3,120887
2562,pv_19_z_2,pv_19,สระบุรี,ภาคกลาง,2,ชาติไทยพัฒนา,9423,7.79,4,120887
2562,pv_19_z_2,pv_19,สระบุรี,ภาคกลาง,2,ประชาธิปัตย์,4728,3.91,5,120887
2562,pv_19_z_2,pv_19,สระบุรี,ภาคกลาง,2,ภูมิใจไทย,2887,2.39,6,120887
2562,pv_19_z_2,pv_19,สระบุรี,ภาคกลาง,2,เสรีรวมไทย,1905,1.58,7,120887
2562,pv_19_z_2,pv_19,สระบุรี,ภาคกลาง,2,เศรษฐกิจใหม่,1457,1.21,8,120887
2562,pv_19_z_2,pv_19,สระบุรี,ภาคกลาง,2,สยามพัฒนา,789,0.65,9,120887
2562,pv_19_z_2,pv_19,สระบุรี,ภาคกลาง,2,รวมพลังประชาชาติไทย,545,0.45,10,120887
2562,pv_19_z_2,pv_19,สระบุรี,ภาคกลาง,2,ครูไทยเพื่อประชาชน,342,0.28,11,120887
2562,pv_19_z_2,pv_19,สระบุรี,ภาคกลาง,2,ประชานิยม,340,0.28,12,120887
2562,pv_19_z_2,pv_19,สระบุรี,ภาคกลาง,2,ไทยศรีวิไลย์,311,0.26,13,120887
2562,pv_19_z_2,pv_19,สระบุรี,ภาคกลาง,2,รักษ์ผืนป่าประเทศไทย,275,0.23,14,120887
2562,pv_19_z_2,pv_19,สระบุรี,ภาคกลาง,2,พลังท้องถิ่นไท,268,0.22,15,120887
2562,pv_19_z_2,pv_19,สระบุรี,ภาคกลาง,2,เครือข่ายชาวนาแห่งประเทศไทย,227,0.19,16,120887
2562,pv_19_z_2,pv_19,สระบุรี,ภาคกลาง,2,ชาติพัฒนา,179,0.15,17,120887
2562,pv_19_z_2,pv_19,สระบุรี,ภาคกลาง,2,ไทรักธรรม,173,0.14,18,120887
2562,pv_19_z_2,pv_19,สระบุรี,ภาคกลาง,2,เพื่อชาติ,160,0.13,19,120887
2562,pv_19_z_2,pv_19,สระบุรี,ภาคกลาง,2,พลังชาติไทย,113,0.09,20,120887
2562,pv_19_z_2,pv_19,สระบุรี,ภาคกลาง,2,ประชาธิปไตยใหม่,107,0.09,21,120887
2562,pv_19_z_2,pv_19,สระบุรี,ภาคกลาง,2,ประชาธรรมไทย,107,0.09,22,120887
2562,pv_19_z_2,pv_19,สระบุรี,ภาคกลาง,2,มหาชน,106,0.09,23,120887
2562,pv_19_z_2,pv_19,สระบุรี,ภาคกลาง,2,พลังไทสร้างชาติ,81,0.07,24,120887
2562,pv_19_z_2,pv_19,สระบุรี,ภาคกลาง,2,ประชาภิวัฒน์,69,0.06,25,120887
2562,pv_19_z_2,pv_19,สระบุรี,ภาคกลาง,2,ประชาชนปฏิรูป,48,0.04,26,120887
2562,pv_19_z_2,pv_19,สระบุรี,ภาคกลาง,2,ประชาไทย,39,0.03,27,120887
2562,pv_19_z_2,pv_19,สระบุรี,ภาคกลาง,2,เพื่อนไทย,0,0.00,28,120887
2562,pv_19_z_2,pv_19,สระบุรี,ภาคกลาง,2,แทนคุณแผ่นดิน,0,0.00,29,120887
2562,pv_19_z_3,pv_19,สระบุรี,ภาคกลาง,3,เพื่อไทย,32674,25.83,1,126509
2562,pv_19_z_3,pv_19,สระบุรี,ภาคกลาง,3,ภูมิใจไทย,31414,24.83,2,126509
2562,pv_19_z_3,pv_19,สระบุรี,ภาคกลาง,3,พลังประชารัฐ,25328,20.02,3,126509
2562,pv_19_z_3,pv_19,สระบุรี,ภาคกลาง,3,อนาคตใหม่,19971,15.79,4,126509
2562,pv_19_z_3,pv_19,สระบุรี,ภาคกลาง,3,ประชาธิปัตย์,5316,4.20,5,126509
2562,pv_19_z_3,pv_19,สระบุรี,ภาคกลาง,3,สยามพัฒนา,3023,2.39,6,126509
2562,pv_19_z_3,pv_19,สระบุรี,ภาคกลาง,3,เสรีรวมไทย,2418,1.91,7,126509
2562,pv_19_z_3,pv_19,สระบุรี,ภาคกลาง,3,เศรษฐกิจใหม่,1702,1.35,8,126509
2562,pv_19_z_3,pv_19,สระบุรี,ภาคกลาง,3,รวมพลังประชาชาติไทย,646,0.51,9,126509
2562,pv_19_z_3,pv_19,สระบุรี,ภาคกลาง,3,ชาติไทยพัฒนา,637,0.50,10,126509
2562,pv_19_z_3,pv_19,สระบุรี,ภาคกลาง,3,ชาติพัฒนา,426,0.34,11,126509
2562,pv_19_z_3,pv_19,สระบุรี,ภาคกลาง,3,เพื่อชาติ,361,0.29,12,126509
2562,pv_19_z_3,pv_19,สระบุรี,ภาคกลาง,3,พลังท้องถิ่นไท,360,0.28,13,126509
2562,pv_19_z_3,pv_19,สระบุรี,ภาคกลาง,3,ไทยศรีวิไลย์,351,0.28,14,126509
2562,pv_19_z_3,pv_19,สระบุรี,ภาคกลาง,3,รักษ์ผืนป่าประเทศไทย,340,0.27,15,126509
2562,pv_19_z_3,pv_19,สระบุรี,ภาคกลาง,3,พลังรัก,269,0.21,16,126509
2562,pv_19_z_3,pv_19,สระบุรี,ภาคกลาง,3,ครูไทยเพื่อประชาชน,254,0.20,17,126509
2562,pv_19_z_3,pv_19,สระบุรี,ภาคกลาง,3,พลังชาติไทย,230,0.18,18,126509
2562,pv_19_z_3,pv_19,สระบุรี,ภาคกลาง,3,ประชานิยม,186,0.15,19,126509
2562,pv_19_z_3,pv_19,สระบุรี,ภาคกลาง,3,เครือข่ายชาวนาแห่งประเทศไทย,159,0.13,20,126509
2562,pv_19_z_3,pv_19,สระบุรี,ภาคกลาง,3,ไทรักธรรม,155,0.12,21,126509
2562,pv_19_z_3,pv_19,สระบุรี,ภาคกลาง,3,พลังไทสร้างชาติ,103,0.08,22,126509
2562,pv_19_z_3,pv_19,สระบุรี,ภาคกลาง,3,ประชาภิวัฒน์,100,0.08,23,126509
2562,pv_19_z_3,pv_19,สระบุรี,ภาคกลาง,3,ประชาชนปฏิรูป,86,0.07,24,126509
2562,pv_32_z_1,pv_32,สุรินทร์,ภาคตะวันออกเฉียงเหนือ,1,ภูมิใจไทย,31614,30.67,1,103071
2562,pv_32_z_1,pv_32,สุรินทร์,ภาคตะวันออกเฉียงเหนือ,1,เพื่อไทย,27078,26.27,2,103071
2562,pv_32_z_1,pv_32,สุรินทร์,ภาคตะวันออกเฉียงเหนือ,1,พลังประชารัฐ,22229,21.57,3,103071
2562,pv_32_z_1,pv_32,สุรินทร์,ภาคตะวันออกเฉียงเหนือ,1,อนาคตใหม่,13144,12.75,4,103071
2562,pv_32_z_1,pv_32,สุรินทร์,ภาคตะวันออกเฉียงเหนือ,1,ประชาธิปัตย์,2120,2.06,5,103071
2562,pv_32_z_1,pv_32,สุรินทร์,ภาคตะวันออกเฉียงเหนือ,1,เสรีรวมไทย,1210,1.17,6,103071
2562,pv_32_z_1,pv_32,สุรินทร์,ภาคตะวันออกเฉียงเหนือ,1,เศรษฐกิจใหม่,1025,0.99,7,103071
2562,pv_32_z_1,pv_32,สุรินทร์,ภาคตะวันออกเฉียงเหนือ,1,พลังไทสร้างชาติ,506,0.49,8,103071
2562,pv_32_z_1,pv_32,สุรินทร์,ภาคตะวันออกเฉียงเหนือ,1,แทนคุณแผ่นดิน,478,0.46,9,103071
2562,pv_32_z_1,pv_32,สุรินทร์,ภาคตะวันออกเฉียงเหนือ,1,เพื่อชาติ,458,0.44,10,103071
2562,pv_32_z_1,pv_32,สุรินทร์,ภาคตะวันออกเฉียงเหนือ,1,พลังชาติไทย,441,0.43,11,103071
2562,pv_32_z_1,pv_32,สุรินทร์,ภาคตะวันออกเฉียงเหนือ,1,ทางเลือกใหม่,415,0.40,12,103071
2562,pv_32_z_1,pv_32,สุรินทร์,ภาคตะวันออกเฉียงเหนือ,1,ชาติไทยพัฒนา,371,0.36,13,103071
2562,pv_32_z_1,pv_32,สุรินทร์,ภาคตะวันออกเฉียงเหนือ,1,พลังท้องถิ่นไท,269,0.26,14,103071
2562,pv_32_z_1,pv_32,สุรินทร์,ภาคตะวันออกเฉียงเหนือ,1,ประชาชนปฏิรูป,237,0.23,15,103071
2562,pv_32_z_1,pv_32,สุรินทร์,ภาคตะวันออกเฉียงเหนือ,1,ประชาภิวัฒน์,230,0.22,16,103071
2562,pv_32_z_1,pv_32,สุรินทร์,ภาคตะวันออกเฉียงเหนือ,1,ประชาชาติ,230,0.22,17,103071
2562,pv_32_z_1,pv_32,สุรินทร์,ภาคตะวันออกเฉียงเหนือ,1,รวมพลังประชาชาติไทย,215,0.21,18,103071
2562,pv_32_z_1,pv_32,สุรินทร์,ภาคตะวันออกเฉียงเหนือ,1,ไทยศรีวิไลย์,149,0.14,19,103071
2562,pv_32_z_1,pv_32,สุรินทร์,ภาคตะวันออกเฉียงเหนือ,1,พลังไทยรักไทย,129,0.13,20,103071
2562,pv_32_z_1,pv_32,สุรินทร์,ภาคตะวันออกเฉียงเหนือ,1,ครูไทยเพื่อประชาชน,95,0.09,21,103071
2562,pv_32_z_1,pv_32,สุรินทร์,ภาคตะวันออกเฉียงเหนือ,1,รักท้องถิ่นไทย,95,0.09,22,103071
2562,pv_32_z_1,pv_32,สุรินทร์,ภาคตะวันออกเฉียงเหนือ,1,ประชานิยม,93,0.09,23,103071
2562,pv_32_z_1,pv_32,สุรินทร์,ภาคตะวันออกเฉียงเหนือ,1,ประชาธรรมไทย,76,0.07,24,103071
2562,pv_32_z_1,pv_32,สุรินทร์,ภาคตะวันออกเฉียงเหนือ,1,รักษ์ผืนป่าประเทศไทย,72,0.07,25,103071
2562,pv_32_z_1,pv_32,สุรินทร์,ภาคตะวันออกเฉียงเหนือ,1,มหาชน,58,0.06,26,103071
2562,pv_32_z_1,pv_32,สุรินทร์,ภาคตะวันออกเฉียงเหนือ,1,พลังศรัทธา,34,0.03,27,103071
2562,pv_32_z_1,pv_32,สุรินทร์,ภาคตะวันออกเฉียงเหนือ,1,เพื่อนไทย,0,0.00,28,103071
2562,pv_32_z_1,pv_32,สุรินทร์,ภาคตะวันออกเฉียงเหนือ,1,เพื่อแผ่นดิน,0,0.00,29,103071
2562,pv_32_z_1,pv_32,สุรินทร์,ภาคตะวันออกเฉียงเหนือ,1,พลังปวงชนไทย,0,0.00,30,103071
2562,pv_32_z_2,pv_32,สุรินทร์,ภาคตะวันออกเฉียงเหนือ,2,พลังประชารัฐ,35446,33.73,1,105093
2562,pv_32_z_2,pv_32,สุรินทร์,ภาคตะวันออกเฉียงเหนือ,2,เพื่อไทย,24465,23.28,2,105093
2562,pv_32_z_2,pv_32,สุรินทร์,ภาคตะวันออกเฉียงเหนือ,2,ภูมิใจไทย,20624,19.62,3,105093
2562,pv_32_z_2,pv_32,สุรินทร์,ภาคตะวันออกเฉียงเหนือ,2,อนาคตใหม่,14236,13.55,4,105093
2562,pv_32_z_2,pv_32,สุรินทร์,ภาคตะวันออกเฉียงเหนือ,2,ประชาธิปัตย์,2638,2.51,5,105093
2562,pv_32_z_2,pv_32,สุรินทร์,ภาคตะวันออกเฉียงเหนือ,2,เศรษฐกิจใหม่,1527,1.45,6,105093
2562,pv_32_z_2,pv_32,สุรินทร์,ภาคตะวันออกเฉียงเหนือ,2,เพื่อชาติ,1262,1.20,7,105093
2562,pv_32_z_2,pv_32,สุรินทร์,ภาคตะวันออกเฉียงเหนือ,2,เสรีรวมไทย,1134,1.08,8,105093
2562,pv_32_z_2,pv_32,สุรินทร์,ภาคตะวันออกเฉียงเหนือ,2,แทนคุณแผ่นดิน,699,0.67,9,105093
2562,pv_32_z_2,pv_32,สุรินทร์,ภาคตะวันออกเฉียงเหนือ,2,ประชาไทย,437,0.42,10,105093
2562,pv_32_z_2,pv_32,สุรินทร์,ภาคตะวันออกเฉียงเหนือ,2,รวมพลังประชาชาติไทย,357,0.34,11,105093
2562,pv_32_z_2,pv_32,สุรินทร์,ภาคตะวันออกเฉียงเหนือ,2,รักษ์ผืนป่าประเทศไทย,255,0.24,12,105093
2562,pv_32_z_2,pv_32,สุรินทร์,ภาคตะวันออกเฉียงเหนือ,2,พลังไทยรักไทย,235,0.22,13,105093
2562,pv_32_z_2,pv_32,สุรินทร์,ภาคตะวันออกเฉียงเหนือ,2,ประชาชาติ,213,0.20,14,105093
2562,pv_32_z_2,pv_32,สุรินทร์,ภาคตะวันออกเฉียงเหนือ,2,ชาติไทยพัฒนา,200,0.19,15,105093
2562,pv_32_z_2,pv_32,สุรินทร์,ภาคตะวันออกเฉียงเหนือ,2,เพื่อแผ่นดิน,186,0.18,16,105093
2562,pv_32_z_2,pv_32,สุรินทร์,ภาคตะวันออกเฉียงเหนือ,2,ไทยศรีวิไลย์,171,0.16,17,105093
2562,pv_32_z_2,pv_32,สุรินทร์,ภาคตะวันออกเฉียงเหนือ,2,ประชานิยม,130,0.12,18,105093
2562,pv_32_z_2,pv_32,สุรินทร์,ภาคตะวันออกเฉียงเหนือ,2,ครูไทยเพื่อประชาชน,121,0.12,19,105093
2562,pv_32_z_2,pv_32,สุรินทร์,ภาคตะวันออกเฉียงเหนือ,2,พลังศรัทธา,87,0.08,20,105093
2562,pv_32_z_2,pv_32,สุรินทร์,ภาคตะวันออกเฉียงเหนือ,2,ประชาภิวัฒน์,82,0.08,21,105093
2562,pv_32_z_2,pv_32,สุรินทร์,ภาคตะวันออกเฉียงเหนือ,2,ผึ้งหลวง,79,0.08,22,105093
2562,pv_32_z_2,pv_32,สุรินทร์,ภาคตะวันออกเฉียงเหนือ,2,พลังชาติไทย,78,0.07,23,105093
2562,pv_32_z_2,pv_32,สุรินทร์,ภาคตะวันออกเฉียงเหนือ,2,ประชาธรรมไทย,68,0.06,24,105093
2562,pv_32_z_2,pv_32,สุรินทร์,ภาคตะวันออกเฉียงเหนือ,2,พลังท้องถิ่นไท,66,0.06,25,105093
2562,pv_32_z_2,pv_32,สุรินทร์,ภาคตะวันออกเฉียงเหนือ,2,ทางเลือกใหม่,54,0.05,26,105093
2562,pv_32_z_2,pv_32,สุรินทร์,ภาคตะวันออกเฉียงเหนือ,2,พลังปวงชนไทย,49,0.05,27,105093
2562,pv_32_z_2,pv_32,สุรินทร์,ภาคตะวันออกเฉียงเหนือ,2,ประชาชนปฏิรูป,48,0.05,28,105093
2562,pv_32_z_2,pv_32,สุรินทร์,ภาคตะวันออกเฉียงเหนือ,2,พลังไทสร้างชาติ,41,0.04,29,105093
2562,pv_32_z_2,pv_32,สุรินทร์,ภาคตะวันออกเฉียงเหนือ,2,มหาชน,41,0.04,30,105093
2562,pv_32_z_2,pv_32,สุรินทร์,ภาคตะวันออกเฉียงเหนือ,2,รวมใจไทย,38,0.04,31,105093
2562,pv_32_z_2,pv_32,สุรินทร์,ภาคตะวันออกเฉียงเหนือ,2,รักท้องถิ่นไทย,26,0.02,32,105093
2562,pv_32_z_2,pv_32,สุรินทร์,ภาคตะวันออกเฉียงเหนือ,2,เพื่อนไทย,0,0.00,33,105093
2562,pv_32_z_2,pv_32,สุรินทร์,ภาคตะวันออกเฉียงเหนือ,2,พลังประชาธิปไตย,0,0.00,34,105093
2562,pv_32_z_3,pv_32,สุรินทร์,ภาคตะวันออกเฉียงเหนือ,3,เพื่อไทย,29254,30.36,1,96353
2562,pv_32_z_3,pv_32,สุรินทร์,ภาคตะวันออกเฉียงเหนือ,3,พลังประชารัฐ,28492,29.57,2,96353
2562,pv_32_z_3,pv_32,สุรินทร์,ภาคตะวันออกเฉียงเหนือ,3,ภูมิใจไทย,18408,19.10,3,96353
2562,pv_32_z_3,pv_32,สุรินทร์,ภาคตะวันออกเฉียงเหนือ,3,อนาคตใหม่,8698,9.03,4,96353
2562,pv_32_z_3,pv_32,สุรินทร์,ภาคตะวันออกเฉียงเหนือ,3,ชาติไทยพัฒนา,3325,3.45,5,96353
2562,pv_32_z_3,pv_32,สุรินทร์,ภาคตะวันออกเฉียงเหนือ,3,เศรษฐกิจใหม่,855,0.89,6,96353
2562,pv_32_z_3,pv_32,สุรินทร์,ภาคตะวันออกเฉียงเหนือ,3,ประชาธิปัตย์,826,0.86,7,96353
2562,pv_32_z_3,pv_32,สุรินทร์,ภาคตะวันออกเฉียงเหนือ,3,รวมใจไทย,806,0.84,8,96353
2562,pv_32_z_3,pv_32,สุรินทร์,ภาคตะวันออกเฉียงเหนือ,3,เสรีรวมไทย,756,0.78,9,96353
2562,pv_32_z_3,pv_32,สุรินทร์,ภาคตะวันออกเฉียงเหนือ,3,พลังปวงชนไทย,688,0.71,10,96353
2562,pv_32_z_3,pv_32,สุรินทร์,ภาคตะวันออกเฉียงเหนือ,3,แทนคุณแผ่นดิน,415,0.43,11,96353
2562,pv_32_z_3,pv_32,สุรินทร์,ภาคตะวันออกเฉียงเหนือ,3,ชาติพัฒนา,402,0.42,12,96353
2562,pv_32_z_3,pv_32,สุรินทร์,ภาคตะวันออกเฉียงเหนือ,3,เพื่อชาติ,367,0.38,13,96353
2562,pv_32_z_3,pv_32,สุรินทร์,ภาคตะวันออกเฉียงเหนือ,3,พลังศรัทธา,334,0.35,14,96353
2562,pv_32_z_3,pv_32,สุรินทร์,ภาคตะวันออกเฉียงเหนือ,3,ประชาชนปฏิรูป,273,0.28,15,96353
2562,pv_32_z_3,pv_32,สุรินทร์,ภาคตะวันออกเฉียงเหนือ,3,พลังไทยรักไทย,271,0.28,16,96353
2562,pv_32_z_3,pv_32,สุรินทร์,ภาคตะวันออกเฉียงเหนือ,3,พลังท้องถิ่นไท,261,0.27,17,96353
2562,pv_32_z_3,pv_32,สุรินทร์,ภาคตะวันออกเฉียงเหนือ,3,ประชาชาติ,225,0.23,18,96353
2562,pv_32_z_3,pv_32,สุรินทร์,ภาคตะวันออกเฉียงเหนือ,3,เพื่อแผ่นดิน,203,0.21,19,96353
2562,pv_32_z_3,pv_32,สุรินทร์,ภาคตะวันออกเฉียงเหนือ,3,ภราดรภาพ,203,0.21,20,96353
2562,pv_32_z_3,pv_32,สุรินทร์,ภาคตะวันออกเฉียงเหนือ,3,ประชานิยม,188,0.20,21,96353
2562,pv_32_z_3,pv_32,สุรินทร์,ภาคตะวันออกเฉียงเหนือ,3,ไทยศรีวิไลย์,175,0.18,22,96353
2562,pv_32_z_3,pv_32,สุรินทร์,ภาคตะวันออกเฉียงเหนือ,3,ครูไทยเพื่อประชาชน,151,0.16,23,96353
2562,pv_32_z_3,pv_32,สุรินทร์,ภาคตะวันออกเฉียงเหนือ,3,พลังไทสร้างชาติ,142,0.15,24,96353
2562,pv_32_z_3,pv_32,สุรินทร์,ภาคตะวันออกเฉียงเหนือ,3,ประชาธรรมไทย,137,0.14,25,96353
2562,pv_32_z_3,pv_32,สุรินทร์,ภาคตะวันออกเฉียงเหนือ,3,รักท้องถิ่นไทย,127,0.13,26,96353
2562,pv_32_z_3,pv_32,สุรินทร์,ภาคตะวันออกเฉียงเหนือ,3,รวมพลังประชาชาติไทย,107,0.11,27,96353
2562,pv_32_z_3,pv_32,สุรินทร์,ภาคตะวันออกเฉียงเหนือ,3,ประชาธิปไตยใหม่,62,0.06,28,96353
2562,pv_32_z_3,pv_32,สุรินทร์,ภาคตะวันออกเฉียงเหนือ,3,ประชาภิวัฒน์,59,0.06,29,96353
2562,pv_32_z_3,pv_32,สุรินทร์,ภาคตะวันออกเฉียงเหนือ,3,ทางเลือกใหม่,55,0.06,30,96353
2562,pv_32_z_3,pv_32,สุรินทร์,ภาคตะวันออกเฉียงเหนือ,3,รักษ์ผืนป่าประเทศไทย,52,0.05,31,96353
2562,pv_32_z_3,pv_32,สุรินทร์,ภาคตะวันออกเฉียงเหนือ,3,มหาชน,36,0.04,32,96353
2562,pv_32_z_3,pv_32,สุรินทร์,ภาคตะวันออกเฉียงเหนือ,3,เพื่อนไทย,0,0.00,33,96353
2562,pv_32_z_3,pv_32,สุรินทร์,ภาคตะวันออกเฉียงเหนือ,3,พลังชาติไทย,0,0.00,34,96353
2562,pv_32_z_4,pv_32,สุรินทร์,ภาคตะวันออกเฉียงเหนือ,4,เพื่อไทย,34673,34.51,1,100460
2562,pv_32_z_4,pv_32,สุรินทร์,ภาคตะวันออกเฉียงเหนือ,4,ภูมิใจไทย,27411,27.29,2,100460
2562,pv_32_z_4,pv_32,สุรินทร์,ภาคตะวันออกเฉียงเหนือ,4,พลังประชารัฐ,15771,15.70,3,100460
2562,pv_32_z_4,pv_32,สุรินทร์,ภาคตะวันออกเฉียงเหนือ,4,อนาคตใหม่,11624,11.57,4,100460
2562,pv_32_z_4,pv_32,สุรินทร์,ภาคตะวันออกเฉียงเหนือ,4,เพื่อชาติ,2641,2.63,5,100460
2562,pv_32_z_4,pv_32,สุรินทร์,ภาคตะวันออกเฉียงเหนือ,4,ประชาธิปัตย์,1811,1.80,6,100460
2562,pv_32_z_4,pv_32,สุรินทร์,ภาคตะวันออกเฉียงเหนือ,4,เสรีรวมไทย,962,0.96,7,100460
2562,pv_32_z_4,pv_32,สุรินทร์,ภาคตะวันออกเฉียงเหนือ,4,พลังปวงชนไทย,698,0.69,8,100460
2562,pv_32_z_4,pv_32,สุรินทร์,ภาคตะวันออกเฉียงเหนือ,4,มหาชน,562,0.56,9,100460
2562,pv_32_z_4,pv_32,สุรินทร์,ภาคตะวันออกเฉียงเหนือ,4,เศรษฐกิจใหม่,514,0.51,10,100460
2562,pv_32_z_4,pv_32,สุรินทร์,ภาคตะวันออกเฉียงเหนือ,4,ครูไทยเพื่อประชาชน,464,0.46,11,100460
2562,pv_32_z_4,pv_32,สุรินทร์,ภาคตะวันออกเฉียงเหนือ,4,ประชาชาติ,446,0.44,12,100460
2562,pv_32_z_4,pv_32,สุรินทร์,ภาคตะวันออกเฉียงเหนือ,4,รักท้องถิ่นไทย,384,0.38,13,100460
2562,pv_32_z_4,pv_32,สุรินทร์,ภาคตะวันออกเฉียงเหนือ,4,ประชานิยม,247,0.25,14,100460
2562,pv_32_z_4,pv_32,สุรินทร์,ภาคตะวันออกเฉียงเหนือ,4,พลังไทยรักไทย,218,0.22,15,100460
2562,pv_32_z_4,pv_32,สุรินทร์,ภาคตะวันออกเฉียงเหนือ,4,พลังท้องถิ่นไท,208,0.21,16,100460
2562,pv_32_z_4,pv_32,สุรินทร์,ภาคตะวันออกเฉียงเหนือ,4,รักษ์ผืนป่าประเทศไทย,207,0.21,17,100460
2562,pv_32_z_4,pv_32,สุรินทร์,ภาคตะวันออกเฉียงเหนือ,4,รวมพลังประชาชาติไทย,178,0.18,18,100460
2562,pv_32_z_4,pv_32,สุรินทร์,ภาคตะวันออกเฉียงเหนือ,4,ชาติไทยพัฒนา,166,0.17,19,100460
2562,pv_32_z_4,pv_32,สุรินทร์,ภาคตะวันออกเฉียงเหนือ,4,ประชาภิวัฒน์,136,0.14,20,100460
2562,pv_32_z_4,pv_32,สุรินทร์,ภาคตะวันออกเฉียงเหนือ,4,เพื่อแผ่นดิน,116,0.12,21,100460
2562,pv_32_z_4,pv_32,สุรินทร์,ภาคตะวันออกเฉียงเหนือ,4,แทนคุณแผ่นดิน,113,0.11,22,100460
2562,pv_32_z_4,pv_32,สุรินทร์,ภาคตะวันออกเฉียงเหนือ,4,ประชาธรรมไทย,111,0.11,23,100460
2562,pv_32_z_4,pv_32,สุรินทร์,ภาคตะวันออกเฉียงเหนือ,4,ภาคีเครือข่ายไทย,110,0.11,24,100460
2562,pv_32_z_4,pv_32,สุรินทร์,ภาคตะวันออกเฉียงเหนือ,4,พลังแรงงานไทย,109,0.11,25,100460
2562,pv_32_z_4,pv_32,สุรินทร์,ภาคตะวันออกเฉียงเหนือ,4,พลังไทสร้างชาติ,108,0.11,26,100460
2562,pv_32_z_4,pv_32,สุรินทร์,ภาคตะวันออกเฉียงเหนือ,4,ไทยศรีวิไลย์,96,0.10,27,100460
2562,pv_32_z_4,pv_32,สุรินทร์,ภาคตะวันออกเฉียงเหนือ,4,ประชาชนปฏิรูป,88,0.09,28,100460
2562,pv_32_z_4,pv_32,สุรินทร์,ภาคตะวันออกเฉียงเหนือ,4,ทางเลือกใหม่,86,0.09,29,100460
2562,pv_32_z_4,pv_32,สุรินทร์,ภาคตะวันออกเฉียงเหนือ,4,รวมใจไทย,71,0.07,30,100460
2562,pv_32_z_4,pv_32,สุรินทร์,ภาคตะวันออกเฉียงเหนือ,4,ผึ้งหลวง,62,0.06,31,100460
2562,pv_32_z_4,pv_32,สุรินทร์,ภาคตะวันออกเฉียงเหนือ,4,ประชาธิปไตยใหม่,55,0.05,32,100460
2562,pv_32_z_4,pv_32,สุรินทร์,ภาคตะวันออกเฉียงเหนือ,4,พลังศรัทธา,14,0.01,33,100460
2562,pv_32_z_4,pv_32,สุรินทร์,ภาคตะวันออกเฉียงเหนือ,4,เพื่อนไทย,0,0.00,34,100460
2562,pv_32_z_4,pv_32,สุรินทร์,ภาคตะวันออกเฉียงเหนือ,4,พลังชาติไทย,0,0.00,35,100460
2562,pv_32_z_5,pv_32,สุรินทร์,ภาคตะวันออกเฉียงเหนือ,5,เพื่อไทย,45681,47.78,1,95599
2562,pv_32_z_5,pv_32,สุรินทร์,ภาคตะวันออกเฉียงเหนือ,5,ภูมิใจไทย,14917,15.60,2,95599
2562,pv_32_z_5,pv_32,สุรินทร์,ภาคตะวันออกเฉียงเหนือ,5,พลังประชารัฐ,13976,14.62,3,95599
2562,pv_32_z_5,pv_32,สุรินทร์,ภาคตะวันออกเฉียงเหนือ,5,อนาคตใหม่,10863,11.36,4,95599
2562,pv_32_z_5,pv_32,สุรินทร์,ภาคตะวันออกเฉียงเหนือ,5,ประชาธิปัตย์,1518,1.59,5,95599
2562,pv_32_z_5,pv_32,สุรินทร์,ภาคตะวันออกเฉียงเหนือ,5,พลังไทสร้างชาติ,939,0.98,6,95599
2562,pv_32_z_5,pv_32,สุรินทร์,ภาคตะวันออกเฉียงเหนือ,5,เสรีรวมไทย,816,0.85,7,95599
2562,pv_32_z_5,pv_32,สุรินทร์,ภาคตะวันออกเฉียงเหนือ,5,เพื่อชาติ,815,0.85,8,95599
2562,pv_32_z_5,pv_32,สุรินทร์,ภาคตะวันออกเฉียงเหนือ,5,ประชาชาติ,658,0.69,9,95599
2562,pv_32_z_5,pv_32,สุรินทร์,ภาคตะวันออกเฉียงเหนือ,5,พลังไทยรักชาติ,555,0.58,10,95599
2562,pv_32_z_5,pv_32,สุรินทร์,ภาคตะวันออกเฉียงเหนือ,5,ทางเลือกใหม่,484,0.51,11,95599
2562,pv_32_z_5,pv_32,สุรินทร์,ภาคตะวันออกเฉียงเหนือ,5,ชาติไทยพัฒนา,482,0.50,12,95599
2562,pv_32_z_5,pv_32,สุรินทร์,ภาคตะวันออกเฉียงเหนือ,5,พลังชาติไทย,442,0.46,13,95599
2562,pv_32_z_5,pv_32,สุรินทร์,ภาคตะวันออกเฉียงเหนือ,5,รวมใจไทย,425,0.44,14,95599
2562,pv_32_z_5,pv_32,สุรินทร์,ภาคตะวันออกเฉียงเหนือ,5,ชาติพัฒนา,406,0.42,15,95599
2562,pv_32_z_5,pv_32,สุรินทร์,ภาคตะวันออกเฉียงเหนือ,5,เศรษฐกิจใหม่,405,0.42,16,95599
2562,pv_32_z_5,pv_32,สุรินทร์,ภาคตะวันออกเฉียงเหนือ,5,ประชานิยม,309,0.32,17,95599
2562,pv_32_z_5,pv_32,สุรินทร์,ภาคตะวันออกเฉียงเหนือ,5,พลังท้องถิ่นไท,215,0.22,18,95599
2562,pv_32_z_5,pv_32,สุรินทร์,ภาคตะวันออกเฉียงเหนือ,5,เพื่อแผ่นดิน,207,0.22,19,95599
2562,pv_32_z_5,pv_32,สุรินทร์,ภาคตะวันออกเฉียงเหนือ,5,รวมพลังประชาชาติไทย,191,0.20,20,95599
2562,pv_32_z_5,pv_32,สุรินทร์,ภาคตะวันออกเฉียงเหนือ,5,สามัญชน,185,0.19,21,95599
2562,pv_32_z_5,pv_32,สุรินทร์,ภาคตะวันออกเฉียงเหนือ,5,พลังไทยรักไทย,165,0.17,22,95599
2562,pv_32_z_5,pv_32,สุรินทร์,ภาคตะวันออกเฉียงเหนือ,5,ไทรักธรรม,148,0.15,23,95599
2562,pv_32_z_5,pv_32,สุรินทร์,ภาคตะวันออกเฉียงเหนือ,5,ครูไทยเพื่อประชาชน,134,0.14,24,95599
2562,pv_32_z_5,pv_32,สุรินทร์,ภาคตะวันออกเฉียงเหนือ,5,ไทยศรีวิไลย์,133,0.14,25,95599
2562,pv_32_z_5,pv_32,สุรินทร์,ภาคตะวันออกเฉียงเหนือ,5,ประชาภิวัฒน์,125,0.13,26,95599
2562,pv_32_z_5,pv_32,สุรินทร์,ภาคตะวันออกเฉียงเหนือ,5,รักษ์ผืนป่าประเทศไทย,69,0.07,27,95599
2562,pv_32_z_5,pv_32,สุรินทร์,ภาคตะวันออกเฉียงเหนือ,5,พลังศรัทธา,66,0.07,28,95599
2562,pv_32_z_5,pv_32,สุรินทร์,ภาคตะวันออกเฉียงเหนือ,5,พลังปวงชนไทย,51,0.05,29,95599
2562,pv_32_z_5,pv_32,สุรินทร์,ภาคตะวันออกเฉียงเหนือ,5,ประชาชนปฏิรูป,50,0.05,30,95599
2562,pv_32_z_5,pv_32,สุรินทร์,ภาคตะวันออกเฉียงเหนือ,5,มหาชน,40,0.04,31,95599
2562,pv_32_z_5,pv_32,สุรินทร์,ภาคตะวันออกเฉียงเหนือ,5,ภาคีเครือข่ายไทย,38,0.04,32,95599
2562,pv_32_z_5,pv_32,สุรินทร์,ภาคตะวันออกเฉียงเหนือ,5,พลังประชาธิปไตย,37,0.04,33,95599
2562,pv_32_z_5,pv_32,สุรินทร์,ภาคตะวันออกเฉียงเหนือ,5,ประชาธรรมไทย,33,0.03,34,95599
2562,pv_32_z_5,pv_32,สุรินทร์,ภาคตะวันออกเฉียงเหนือ,5,แทนคุณแผ่นดิน,21,0.02,35,95599
2562,pv_32_z_5,pv_32,สุรินทร์,ภาคตะวันออกเฉียงเหนือ,5,เพื่อนไทย,0,0.00,36,95599
2562,pv_32_z_6,pv_32,สุรินทร์,ภาคตะวันออกเฉียงเหนือ,6,เพื่อไทย,23401,26.29,1,89026
2562,pv_32_z_6,pv_32,สุรินทร์,ภาคตะวันออกเฉียงเหนือ,6,พลังประชารัฐ,22262,25.01,2,89026
2562,pv_32_z_6,pv_32,สุรินทร์,ภาคตะวันออกเฉียงเหนือ,6,ภูมิใจไทย,18711,21.02,3,89026
2562,pv_32_z_6,pv_32,สุรินทร์,ภาคตะวันออกเฉียงเหนือ,6,เพื่อชาติ,11167,12.54,4,89026
2562,pv_32_z_6,pv_32,สุรินทร์,ภาคตะวันออกเฉียงเหนือ,6,ประชาชาติ,4180,4.70,5,89026
2562,pv_32_z_6,pv_32,สุรินทร์,ภาคตะวันออกเฉียงเหนือ,6,ประชาธิปัตย์,1547,1.74,6,89026
2562,pv_32_z_6,pv_32,สุรินทร์,ภาคตะวันออกเฉียงเหนือ,6,เสรีรวมไทย,1061,1.19,7,89026
2562,pv_32_z_6,pv_32,สุรินทร์,ภาคตะวันออกเฉียงเหนือ,6,เศรษฐกิจใหม่,979,1.10,8,89026
2562,pv_32_z_6,pv_32,สุรินทร์,ภาคตะวันออกเฉียงเหนือ,6,ชาติไทยพัฒนา,951,1.07,9,89026
2562,pv_32_z_6,pv_32,สุรินทร์,ภาคตะวันออกเฉียงเหนือ,6,พลังชาติไทย,669,0.75,10,89026
2562,pv_32_z_6,pv_32,สุรินทร์,ภาคตะวันออกเฉียงเหนือ,6,ครูไทยเพื่อประชาชน,661,0.74,11,89026
2562,pv_32_z_6,pv_32,สุรินทร์,ภาคตะวันออกเฉียงเหนือ,6,ประชาภิวัฒน์,494,0.55,12,89026
2562,pv_32_z_6,pv_32,สุรินทร์,ภาคตะวันออกเฉียงเหนือ,6,พลังปวงชนไทย,409,0.46,13,89026
2562,pv_32_z_6,pv_32,สุรินทร์,ภาคตะวันออกเฉียงเหนือ,6,รวมพลังประชาชาติไทย,312,0.35,14,89026
2562,pv_32_z_6,pv_32,สุรินทร์,ภาคตะวันออกเฉียงเหนือ,6,พลังไทสร้างชาติ,307,0.34,15,89026
2562,pv_32_z_6,pv_32,สุรินทร์,ภาคตะวันออกเฉียงเหนือ,6,พลังท้องถิ่นไท,241,0.27,16,89026
2562,pv_32_z_6,pv_32,สุรินทร์,ภาคตะวันออกเฉียงเหนือ,6,ประชาธิปไตยใหม่,223,0.25,17,89026
2562,pv_32_z_6,pv_32,สุรินทร์,ภาคตะวันออกเฉียงเหนือ,6,รักษ์ผืนป่าประเทศไทย,221,0.25,18,89026
2562,pv_32_z_6,pv_32,สุรินทร์,ภาคตะวันออกเฉียงเหนือ,6,ประชาธรรมไทย,217,0.24,19,89026
2562,pv_32_z_6,pv_32,สุรินทร์,ภาคตะวันออกเฉียงเหนือ,6,ไทยศรีวิไลย์,145,0.16,20,89026
2562,pv_32_z_6,pv_32,สุรินทร์,ภาคตะวันออกเฉียงเหนือ,6,พลังไทยรักไทย,127,0.14,21,89026
2562,pv_32_z_6,pv_32,สุรินทร์,ภาคตะวันออกเฉียงเหนือ,6,รักท้องถิ่นไทย,127,0.14,22,89026
2562,pv_32_z_6,pv_32,สุรินทร์,ภาคตะวันออกเฉียงเหนือ,6,ทางเลือกใหม่,120,0.13,23,89026
2562,pv_32_z_6,pv_32,สุรินทร์,ภาคตะวันออกเฉียงเหนือ,6,ประชานิยม,110,0.12,24,89026
2562,pv_32_z_6,pv_32,สุรินทร์,ภาคตะวันออกเฉียงเหนือ,6,ประชาชนปฏิรูป,92,0.10,25,89026
2562,pv_32_z_6,pv_32,สุรินทร์,ภาคตะวันออกเฉียงเหนือ,6,แทนคุณแผ่นดิน,71,0.08,26,89026
2562,pv_32_z_6,pv_32,สุรินทร์,ภาคตะวันออกเฉียงเหนือ,6,ผึ้งหลวง,67,0.08,27,89026
2562,pv_32_z_6,pv_32,สุรินทร์,ภาคตะวันออกเฉียงเหนือ,6,พลังศรัทธา,64,0.07,28,89026
2562,pv_32_z_6,pv_32,สุรินทร์,ภาคตะวันออกเฉียงเหนือ,6,เพื่อแผ่นดิน,54,0.06,29,89026
2562,pv_32_z_6,pv_32,สุรินทร์,ภาคตะวันออกเฉียงเหนือ,6,มหาชน,36,0.04,30,89026
2562,pv_32_z_6,pv_32,สุรินทร์,ภาคตะวันออกเฉียงเหนือ,6,อนาคตใหม่,0,0.00,31,89026
2562,pv_32_z_6,pv_32,สุรินทร์,ภาคตะวันออกเฉียงเหนือ,6,เพื่อนไทย,0,0.00,32,89026
2562,pv_32_z_7,pv_32,สุรินทร์,ภาคตะวันออกเฉียงเหนือ,7,เพื่อไทย,29026,31.54,1,92022
2562,pv_32_z_7,pv_32,สุรินทร์,ภาคตะวันออกเฉียงเหนือ,7,ภูมิใจไทย,21251,23.09,2,92022
2562,pv_32_z_7,pv_32,สุรินทร์,ภาคตะวันออกเฉียงเหนือ,7,พลังประชารัฐ,12973,14.10,3,92022
2562,pv_32_z_7,pv_32,สุรินทร์,ภาคตะวันออกเฉียงเหนือ,7,อนาคตใหม่,12636,13.73,4,92022
2562,pv_32_z_7,pv_32,สุรินทร์,ภาคตะวันออกเฉียงเหนือ,7,เพื่อชาติ,8346,9.07,5,92022
2562,pv_32_z_7,pv_32,สุรินทร์,ภาคตะวันออกเฉียงเหนือ,7,ประชาธิปัตย์,1944,2.11,6,92022
2562,pv_32_z_7,pv_32,สุรินทร์,ภาคตะวันออกเฉียงเหนือ,7,เสรีรวมไทย,1484,1.61,7,92022
2562,pv_32_z_7,pv_32,สุรินทร์,ภาคตะวันออกเฉียงเหนือ,7,ชาติไทยพัฒนา,580,0.63,8,92022
2562,pv_32_z_7,pv_32,สุรินทร์,ภาคตะวันออกเฉียงเหนือ,7,เศรษฐกิจใหม่,533,0.58,9,92022
2562,pv_32_z_7,pv_32,สุรินทร์,ภาคตะวันออกเฉียงเหนือ,7,พลังไทยรักชาติ,516,0.56,10,92022
2562,pv_32_z_7,pv_32,สุรินทร์,ภาคตะวันออกเฉียงเหนือ,7,พลังประชาธิปไตย,379,0.41,11,92022
2562,pv_32_z_7,pv_32,สุรินทร์,ภาคตะวันออกเฉียงเหนือ,7,ไทยศรีวิไลย์,366,0.40,12,92022
2562,pv_32_z_7,pv_32,สุรินทร์,ภาคตะวันออกเฉียงเหนือ,7,รักษ์ผืนป่าประเทศไทย,330,0.36,13,92022
2562,pv_32_z_7,pv_32,สุรินทร์,ภาคตะวันออกเฉียงเหนือ,7,คนธรรมดาแห่งประเทศไทย,216,0.23,14,92022
2562,pv_32_z_7,pv_32,สุรินทร์,ภาคตะวันออกเฉียงเหนือ,7,พลังท้องถิ่นไท,197,0.21,15,92022
2562,pv_32_z_7,pv_32,สุรินทร์,ภาคตะวันออกเฉียงเหนือ,7,ประชาธรรมไทย,143,0.16,16,92022
2562,pv_32_z_7,pv_32,สุรินทร์,ภาคตะวันออกเฉียงเหนือ,7,รวมพลังประชาชาติไทย,140,0.15,17,92022
2562,pv_32_z_7,pv_32,สุรินทร์,ภาคตะวันออกเฉียงเหนือ,7,ประชาภิวัฒน์,107,0.12,18,92022
2562,pv_32_z_7,pv_32,สุรินทร์,ภาคตะวันออกเฉียงเหนือ,7,พลังไทยรักไทย,94,0.10,19,92022
2562,pv_32_z_7,pv_32,สุรินทร์,ภาคตะวันออกเฉียงเหนือ,7,ทางเลือกใหม่,88,0.10,20,92022
2562,pv_32_z_7,pv_32,สุรินทร์,ภาคตะวันออกเฉียงเหนือ,7,พลังแรงงานไทย,85,0.09,21,92022
2562,pv_32_z_7,pv_32,สุรินทร์,ภาคตะวันออกเฉียงเหนือ,7,ไทรักธรรม,82,0.09,22,92022
2562,pv_32_z_7,pv_32,สุรินทร์,ภาคตะวันออกเฉียงเหนือ,7,ครูไทยเพื่อประชาชน,81,0.09,23,92022
2562,pv_32_z_7,pv_32,สุรินทร์,ภาคตะวันออกเฉียงเหนือ,7,พลังปวงชนไทย,76,0.08,24,92022
2562,pv_32_z_7,pv_32,สุรินทร์,ภาคตะวันออกเฉียงเหนือ,7,พลังชาติไทย,73,0.08,25,92022
2562,pv_32_z_7,pv_32,สุรินทร์,ภาคตะวันออกเฉียงเหนือ,7,พลังไทสร้างชาติ,64,0.07,26,92022
2562,pv_32_z_7,pv_32,สุรินทร์,ภาคตะวันออกเฉียงเหนือ,7,ประชานิยม,63,0.07,27,92022
2562,pv_32_z_7,pv_32,สุรินทร์,ภาคตะวันออกเฉียงเหนือ,7,ประชาชนปฏิรูป,61,0.07,28,92022
2562,pv_32_z_7,pv_32,สุรินทร์,ภาคตะวันออกเฉียงเหนือ,7,เพื่อแผ่นดิน,50,0.05,29,92022
2562,pv_32_z_7,pv_32,สุรินทร์,ภาคตะวันออกเฉียงเหนือ,7,รักท้องถิ่นไทย,38,0.04,30,92022
2562,pv_32_z_7,pv_32,สุรินทร์,ภาคตะวันออกเฉียงเหนือ,7,เพื่อนไทย,0,0.00,31,92022
2562,pv_32_z_7,pv_32,สุรินทร์,ภาคตะวันออกเฉียงเหนือ,7,ประชาชาติ,0,0.00,32,92022
2562,pv_32_z_7,pv_32,สุรินทร์,ภาคตะวันออกเฉียงเหนือ,7,แทนคุณแผ่นดิน,0,0.00,33,92022
2562,pv_84_z_1,pv_84,สุราษฎร์ธานี,ภาคใต้,1,ประชาธิปัตย์,32092,34.66,1,92586
2562,pv_84_z_1,pv_84,สุราษฎร์ธานี,ภาคใต้,1,อนาคตใหม่,17093,18.46,2,92586
2562,pv_84_z_1,pv_84,สุราษฎร์ธานี,ภาคใต้,1,พลังประชารัฐ,15953,17.23,3,92586
2562,pv_84_z_1,pv_84,สุราษฎร์ธานี,ภาคใต้,1,รวมพลังประชาชาติไทย,12068,13.03,4,92586
2562,pv_84_z_1,pv_84,สุราษฎร์ธานี,ภาคใต้,1,เสรีรวมไทย,5445,5.88,5,92586
2562,pv_84_z_1,pv_84,สุราษฎร์ธานี,ภาคใต้,1,เศรษฐกิจใหม่,2693,2.91,6,92586
2562,pv_84_z_1,pv_84,สุราษฎร์ธานี,ภาคใต้,1,ภูมิใจไทย,1539,1.66,7,92586
2562,pv_84_z_1,pv_84,สุราษฎร์ธานี,ภาคใต้,1,เพื่อชาติ,723,0.78,8,92586
2562,pv_84_z_1,pv_84,สุราษฎร์ธานี,ภาคใต้,1,ประชาชาติ,673,0.73,9,92586
2562,pv_84_z_1,pv_84,สุราษฎร์ธานี,ภาคใต้,1,ครูไทยเพื่อประชาชน,564,0.61,10,92586
2562,pv_84_z_1,pv_84,สุราษฎร์ธานี,ภาคใต้,1,ชาติไทยพัฒนา,426,0.46,11,92586
2562,pv_84_z_1,pv_84,สุราษฎร์ธานี,ภาคใต้,1,ชาติพัฒนา,387,0.42,12,92586
2562,pv_84_z_1,pv_84,สุราษฎร์ธานี,ภาคใต้,1,เพื่อธรรม,363,0.39,13,92586
2562,pv_84_z_1,pv_84,สุราษฎร์ธานี,ภาคใต้,1,ไทยศรีวิไลย์,329,0.36,14,92586
2562,pv_84_z_1,pv_84,สุราษฎร์ธานี,ภาคใต้,1,รักษ์ผืนป่าประเทศไทย,309,0.33,15,92586
2562,pv_84_z_1,pv_84,สุราษฎร์ธานี,ภาคใต้,1,พลังท้องถิ่นไท,272,0.29,16,92586
2562,pv_84_z_1,pv_84,สุราษฎร์ธานี,ภาคใต้,1,ประชาธรรมไทย,226,0.24,17,92586
2562,pv_84_z_1,pv_84,สุราษฎร์ธานี,ภาคใต้,1,พลังปวงชนไทย,225,0.24,18,92586
2562,pv_84_z_1,pv_84,สุราษฎร์ธานี,ภาคใต้,1,พลังไทสร้างชาติ,220,0.24,19,92586
2562,pv_84_z_1,pv_84,สุราษฎร์ธานี,ภาคใต้,1,กรีน,176,0.19,20,92586
2562,pv_84_z_1,pv_84,สุราษฎร์ธานี,ภาคใต้,1,พลังประชาธิปไตย,158,0.17,21,92586
2562,pv_84_z_1,pv_84,สุราษฎร์ธานี,ภาคใต้,1,ประชาภิวัฒน์,146,0.16,22,92586
2562,pv_84_z_1,pv_84,สุราษฎร์ธานี,ภาคใต้,1,พลังไทยรักไทย,125,0.14,23,92586
2562,pv_84_z_1,pv_84,สุราษฎร์ธานี,ภาคใต้,1,ประชาธิปไตยใหม่,101,0.11,24,92586
2562,pv_84_z_1,pv_84,สุราษฎร์ธานี,ภาคใต้,1,ทางเลือกใหม่,80,0.09,25,92586
2562,pv_84_z_1,pv_84,สุราษฎร์ธานี,ภาคใต้,1,คลองไทย,61,0.07,26,92586
2562,pv_84_z_1,pv_84,สุราษฎร์ธานี,ภาคใต้,1,พลังชาติไทย,60,0.06,27,92586
2562,pv_84_z_1,pv_84,สุราษฎร์ธานี,ภาคใต้,1,ประชากรไทย,43,0.05,28,92586
2562,pv_84_z_1,pv_84,สุราษฎร์ธานี,ภาคใต้,1,ไทรักธรรม,36,0.04,29,92586
2562,pv_84_z_1,pv_84,สุราษฎร์ธานี,ภาคใต้,1,ไทยรักษาชาติ,0,0.00,30,92586
2562,pv_84_z_1,pv_84,สุราษฎร์ธานี,ภาคใต้,1,เพื่อแผ่นดิน,0,0.00,31,92586
2562,pv_84_z_1,pv_84,สุราษฎร์ธานี,ภาคใต้,1,ภราดรภาพ,0,0.00,32,92586
2562,pv_84_z_1,pv_84,สุราษฎร์ธานี,ภาคใต้,1,พลังสังคม,0,0.00,33,92586
2562,pv_84_z_2,pv_84,สุราษฎร์ธานี,ภาคใต้,2,ประชาธิปัตย์,21957,22.62,1,97089
2562,pv_84_z_2,pv_84,สุราษฎร์ธานี,ภาคใต้,2,พลังประชารัฐ,17366,17.89,2,97089
2562,pv_84_z_2,pv_84,สุราษฎร์ธานี,ภาคใต้,2,อนาคตใหม่,16342,16.83,3,97089
2562,pv_84_z_2,pv_84,สุราษฎร์ธานี,ภาคใต้,2,รวมพลังประชาชาติไทย,14158,14.58,4,97089
2562,pv_84_z_2,pv_84,สุราษฎร์ธานี,ภาคใต้,2,พลังท้องถิ่นไท,12187,12.55,5,97089
2562,pv_84_z_2,pv_84,สุราษฎร์ธานี,ภาคใต้,2,ชาติไทยพัฒนา,2913,3.00,6,97089
2562,pv_84_z_2,pv_84,สุราษฎร์ธานี,ภาคใต้,2,ภูมิใจไทย,2156,2.22,7,97089
2562,pv_84_z_2,pv_84,สุราษฎร์ธานี,ภาคใต้,2,เสรีรวมไทย,1821,1.88,8,97089
2562,pv_84_z_2,pv_84,สุราษฎร์ธานี,ภาคใต้,2,เพื่อชาติ,1351,1.39,9,97089
2562,pv_84_z_2,pv_84,สุราษฎร์ธานี,ภาคใต้,2,ประชาชาติ,1231,1.27,10,97089
2562,pv_84_z_2,pv_84,สุราษฎร์ธานี,ภาคใต้,2,เศรษฐกิจใหม่,923,0.95,11,97089
2562,pv_84_z_2,pv_84,สุราษฎร์ธานี,ภาคใต้,2,ชาติพัฒนา,532,0.55,12,97089
2562,pv_84_z_2,pv_84,สุราษฎร์ธานี,ภาคใต้,2,รักษ์ผืนป่าประเทศไทย,382,0.39,13,97089
2562,pv_84_z_2,pv_84,สุราษฎร์ธานี,ภาคใต้,2,พลังไทยรักไทย,368,0.38,14,97089
2562,pv_84_z_2,pv_84,สุราษฎร์ธานี,ภาคใต้,2,พลังธรรมใหม่,343,0.35,15,97089
2562,pv_84_z_2,pv_84,สุราษฎร์ธานี,ภาคใต้,2,เพื่อธรรม,315,0.32,16,97089
2562,pv_84_z_2,pv_84,สุราษฎร์ธานี,ภาคใต้,2,เพื่อแผ่นดิน,306,0.32,17,97089
2562,pv_84_z_2,pv_84,สุราษฎร์ธานี,ภาคใต้,2,ประชาภิวัฒน์,288,0.30,18,97089
2562,pv_84_z_2,pv_84,สุราษฎร์ธานี,ภาคใต้,2,พลังประชาธิปไตย,281,0.29,19,97089
2562,pv_84_z_2,pv_84,สุราษฎร์ธานี,ภาคใต้,2,พลังไทสร้างชาติ,237,0.24,20,97089
2562,pv_84_z_2,pv_84,สุราษฎร์ธานี,ภาคใต้,2,พลังสังคม,219,0.23,21,97089
2562,pv_84_z_2,pv_84,สุราษฎร์ธานี,ภาคใต้,2,กรีน,216,0.22,22,97089
2562,pv_84_z_2,pv_84,สุราษฎร์ธานี,ภาคใต้,2,ทางเลือกใหม่,178,0.18,23,97089
2562,pv_84_z_2,pv_84,สุราษฎร์ธานี,ภาคใต้,2,ถิ่นกาขาวชาววิไล,165,0.17,24,97089
2562,pv_84_z_2,pv_84,สุราษฎร์ธานี,ภาคใต้,2,ครูไทยเพื่อประชาชน,154,0.16,25,97089
2562,pv_84_z_2,pv_84,สุราษฎร์ธานี,ภาคใต้,2,ความหวังใหม่,134,0.14,26,97089
2562,pv_84_z_2,pv_84,สุราษฎร์ธานี,ภาคใต้,2,ประชาธิปไตยใหม่,123,0.13,27,97089
2562,pv_84_z_2,pv_84,สุราษฎร์ธานี,ภาคใต้,2,พลังชาติไทย,121,0.12,28,97089
2562,pv_84_z_2,pv_84,สุราษฎร์ธานี,ภาคใต้,2,ประชากรไทย,114,0.12,29,97089
2562,pv_84_z_2,pv_84,สุราษฎร์ธานี,ภาคใต้,2,คลองไทย,61,0.06,30,97089
2562,pv_84_z_2,pv_84,สุราษฎร์ธานี,ภาคใต้,2,ภราดรภาพ,40,0.04,31,97089
2562,pv_84_z_2,pv_84,สุราษฎร์ธานี,ภาคใต้,2,ประชาธรรมไทย,40,0.04,32,97089
2562,pv_84_z_2,pv_84,สุราษฎร์ธานี,ภาคใต้,2,ประชาชนปฏิรูป,38,0.04,33,97089
2562,pv_84_z_2,pv_84,สุราษฎร์ธานี,ภาคใต้,2,ไทรักธรรม,29,0.03,34,97089
2562,pv_84_z_2,pv_84,สุราษฎร์ธานี,ภาคใต้,2,ไทยรักษาชาติ,0,0.00,35,97089
2562,pv_84_z_3,pv_84,สุราษฎร์ธานี,ภาคใต้,3,ประชาธิปัตย์,44514,46.48,1,95768
2562,pv_84_z_3,pv_84,สุราษฎร์ธานี,ภาคใต้,3,พลังประชารัฐ,12189,12.73,2,95768
2562,pv_84_z_3,pv_84,สุราษฎร์ธานี,ภาคใต้,3,อนาคตใหม่,12137,12.67,3,95768
2562,pv_84_z_3,pv_84,สุราษฎร์ธานี,ภาคใต้,3,รวมพลังประชาชาติไทย,5998,6.26,4,95768
2562,pv_84_z_3,pv_84,สุราษฎร์ธานี,ภาคใต้,3,เสรีรวมไทย,2845,2.97,5,95768
2562,pv_84_z_3,pv_84,สุราษฎร์ธานี,ภาคใต้,3,ภูมิใจไทย,2567,2.68,6,95768
2562,pv_84_z_3,pv_84,สุราษฎร์ธานี,ภาคใต้,3,พลังธรรมใหม่,2505,2.62,7,95768
2562,pv_84_z_3,pv_84,สุราษฎร์ธานี,ภาคใต้,3,เศรษฐกิจใหม่,1447,1.51,8,95768
2562,pv_84_z_3,pv_84,สุราษฎร์ธานี,ภาคใต้,3,พลเมืองไทย,1378,1.44,9,95768
2562,pv_84_z_3,pv_84,สุราษฎร์ธานี,ภาคใต้,3,พลังท้องถิ่นไท,1203,1.26,10,95768
2562,pv_84_z_3,pv_84,สุราษฎร์ธานี,ภาคใต้,3,พลังชาติไทย,1186,1.24,11,95768
2562,pv_84_z_3,pv_84,สุราษฎร์ธานี,ภาคใต้,3,พลังปวงชนไทย,1111,1.16,12,95768
2562,pv_84_z_3,pv_84,สุราษฎร์ธานี,ภาคใต้,3,เพื่อชาติ,656,0.68,13,95768
2562,pv_84_z_3,pv_84,สุราษฎร์ธานี,ภาคใต้,3,ชาติไทยพัฒนา,643,0.67,14,95768
2562,pv_84_z_3,pv_84,สุราษฎร์ธานี,ภาคใต้,3,ชาติพัฒนา,537,0.56,15,95768
2562,pv_84_z_3,pv_84,สุราษฎร์ธานี,ภาคใต้,3,ภราดรภาพ,496,0.52,16,95768
2562,pv_84_z_3,pv_84,สุราษฎร์ธานี,ภาคใต้,3,รักษ์ผืนป่าประเทศไทย,477,0.50,17,95768
2562,pv_84_z_3,pv_84,สุราษฎร์ธานี,ภาคใต้,3,ประชาชาติ,433,0.45,18,95768
2562,pv_84_z_3,pv_84,สุราษฎร์ธานี,ภาคใต้,3,เพื่อแผ่นดิน,424,0.44,19,95768
2562,pv_84_z_3,pv_84,สุราษฎร์ธานี,ภาคใต้,3,พลังไทสร้างชาติ,381,0.40,20,95768
2562,pv_84_z_3,pv_84,สุราษฎร์ธานี,ภาคใต้,3,เพื่อธรรม,350,0.37,21,95768
2562,pv_84_z_3,pv_84,สุราษฎร์ธานี,ภาคใต้,3,ไทยศรีวิไลย์,336,0.35,22,95768
2562,pv_84_z_3,pv_84,สุราษฎร์ธานี,ภาคใต้,3,ครูไทยเพื่อประชาชน,290,0.30,23,95768
2562,pv_84_z_3,pv_84,สุราษฎร์ธานี,ภาคใต้,3,ประชากรไทย,276,0.29,24,95768
2562,pv_84_z_3,pv_84,สุราษฎร์ธานี,ภาคใต้,3,พลังสังคม,196,0.20,25,95768
2562,pv_84_z_3,pv_84,สุราษฎร์ธานี,ภาคใต้,3,พลังไทยรักไทย,191,0.20,26,95768
2562,pv_84_z_3,pv_84,สุราษฎร์ธานี,ภาคใต้,3,ประชาธิปไตยใหม่,182,0.19,27,95768
2562,pv_84_z_3,pv_84,สุราษฎร์ธานี,ภาคใต้,3,ความหวังใหม่,180,0.19,28,95768
2562,pv_84_z_3,pv_84,สุราษฎร์ธานี,ภาคใต้,3,กรีน,137,0.14,29,95768
2562,pv_84_z_3,pv_84,สุราษฎร์ธานี,ภาคใต้,3,ประชาภิวัฒน์,122,0.13,30,95768
2562,pv_84_z_3,pv_84,สุราษฎร์ธานี,ภาคใต้,3,พลังประชาธิปไตย,95,0.10,31,95768
2562,pv_84_z_3,pv_84,สุราษฎร์ธานี,ภาคใต้,3,ประชาธรรมไทย,87,0.09,32,95768
2562,pv_84_z_3,pv_84,สุราษฎร์ธานี,ภาคใต้,3,ประชาชนปฏิรูป,85,0.09,33,95768
2562,pv_84_z_3,pv_84,สุราษฎร์ธานี,ภาคใต้,3,แผ่นดินธรรม,53,0.06,34,95768
2562,pv_84_z_3,pv_84,สุราษฎร์ธานี,ภาคใต้,3,คลองไทย,39,0.04,35,95768
2562,pv_84_z_3,pv_84,สุราษฎร์ธานี,ภาคใต้,3,ไทรักธรรม,22,0.02,36,95768
2562,pv_84_z_3,pv_84,สุราษฎร์ธานี,ภาคใต้,3,ไทยรักษาชาติ,0,0.00,37,95768
2562,pv_84_z_4,pv_84,สุราษฎร์ธานี,ภาคใต้,4,ประชาธิปัตย์,47408,47.99,1,98791
2562,pv_84_z_4,pv_84,สุราษฎร์ธานี,ภาคใต้,4,รวมพลังประชาชาติไทย,14279,14.45,2,98791
2562,pv_84_z_4,pv_84,สุราษฎร์ธานี,ภาคใต้,4,อนาคตใหม่,11608,11.75,3,98791
2562,pv_84_z_4,pv_84,สุราษฎร์ธานี,ภาคใต้,4,พลังประชารัฐ,8671,8.78,4,98791
2562,pv_84_z_4,pv_84,สุราษฎร์ธานี,ภาคใต้,4,ภูมิใจไทย,4297,4.35,5,98791
2562,pv_84_z_4,pv_84,สุราษฎร์ธานี,ภาคใต้,4,เสรีรวมไทย,3138,3.18,6,98791
2562,pv_84_z_4,pv_84,สุราษฎร์ธานี,ภาคใต้,4,พลังไทสร้างชาติ,1767,1.79,7,98791
2562,pv_84_z_4,pv_84,สุราษฎร์ธานี,ภาคใต้,4,เศรษฐกิจใหม่,1168,1.18,8,98791
2562,pv_84_z_4,pv_84,สุราษฎร์ธานี,ภาคใต้,4,ชาติไทยพัฒนา,999,1.01,9,98791
2562,pv_84_z_4,pv_84,สุราษฎร์ธานี,ภาคใต้,4,ชาติพัฒนา,713,0.72,10,98791
2562,pv_84_z_4,pv_84,สุราษฎร์ธานี,ภาคใต้,4,เพื่อธรรม,641,0.65,11,98791
2562,pv_84_z_4,pv_84,สุราษฎร์ธานี,ภาคใต้,4,พลังชาติไทย,540,0.55,12,98791
2562,pv_84_z_4,pv_84,สุราษฎร์ธานี,ภาคใต้,4,กรีน,474,0.48,13,98791
2562,pv_84_z_4,pv_84,สุราษฎร์ธานี,ภาคใต้,4,พลังสังคม,433,0.44,14,98791
2562,pv_84_z_4,pv_84,สุราษฎร์ธานี,ภาคใต้,4,พลังประชาธิปไตย,362,0.37,15,98791
2562,pv_84_z_4,pv_84,สุราษฎร์ธานี,ภาคใต้,4,เพื่อแผ่นดิน,332,0.34,16,98791
2562,pv_84_z_4,pv_84,สุราษฎร์ธานี,ภาคใต้,4,พลังธรรมใหม่,262,0.27,17,98791
2562,pv_84_z_4,pv_84,สุราษฎร์ธานี,ภาคใต้,4,พลังท้องถิ่นไท,252,0.26,18,98791
2562,pv_84_z_4,pv_84,สุราษฎร์ธานี,ภาคใต้,4,ประชากรไทย,218,0.22,19,98791
2562,pv_84_z_4,pv_84,สุราษฎร์ธานี,ภาคใต้,4,ภราดรภาพ,204,0.21,20,98791
2562,pv_84_z_4,pv_84,สุราษฎร์ธานี,ภาคใต้,4,ความหวังใหม่,161,0.16,21,98791
2562,pv_84_z_4,pv_84,สุราษฎร์ธานี,ภาคใต้,4,รักษ์ผืนป่าประเทศไทย,146,0.15,22,98791
2562,pv_84_z_4,pv_84,สุราษฎร์ธานี,ภาคใต้,4,พลังไทยรักไทย,146,0.15,23,98791
2562,pv_84_z_4,pv_84,สุราษฎร์ธานี,ภาคใต้,4,ประชาภิวัฒน์,132,0.13,24,98791
2562,pv_84_z_4,pv_84,สุราษฎร์ธานี,ภาคใต้,4,ครูไทยเพื่อประชาชน,122,0.12,25,98791
2562,pv_84_z_4,pv_84,สุราษฎร์ธานี,ภาคใต้,4,ประชาชาติ,107,0.11,26,98791
2562,pv_84_z_4,pv_84,สุราษฎร์ธานี,ภาคใต้,4,ไทรักธรรม,89,0.09,27,98791
2562,pv_84_z_4,pv_84,สุราษฎร์ธานี,ภาคใต้,4,แผ่นดินธรรม,61,0.06,28,98791
2562,pv_84_z_4,pv_84,สุราษฎร์ธานี,ภาคใต้,4,ประชาธรรมไทย,43,0.04,29,98791
2562,pv_84_z_4,pv_84,สุราษฎร์ธานี,ภาคใต้,4,คลองไทย,18,0.02,30,98791
2562,pv_84_z_4,pv_84,สุราษฎร์ธานี,ภาคใต้,4,เพื่อชาติ,0,0.00,31,98791
2562,pv_84_z_4,pv_84,สุราษฎร์ธานี,ภาคใต้,4,ไทยรักษาชาติ,0,0.00,32,98791
2562,pv_84_z_4,pv_84,สุราษฎร์ธานี,ภาคใต้,4,ประชาธิปไตยใหม่,0,0.00,33,98791
2562,pv_84_z_5,pv_84,สุราษฎร์ธานี,ภาคใต้,5,ประชาธิปัตย์,44084,47.16,1,93478
2562,pv_84_z_5,pv_84,สุราษฎร์ธานี,ภาคใต้,5,รวมพลังประชาชาติไทย,11210,11.99,2,93478
2562,pv_84_z_5,pv_84,สุราษฎร์ธานี,ภาคใต้,5,อนาคตใหม่,9781,10.46,3,93478
2562,pv_84_z_5,pv_84,สุราษฎร์ธานี,ภาคใต้,5,พลังประชารัฐ,8499,9.09,4,93478
2562,pv_84_z_5,pv_84,สุราษฎร์ธานี,ภาคใต้,5,ภูมิใจไทย,4297,4.60,5,93478
2562,pv_84_z_5,pv_84,สุราษฎร์ธานี,ภาคใต้,5,เสรีรวมไทย,3992,4.27,6,93478
2562,pv_84_z_5,pv_84,สุราษฎร์ธานี,ภาคใต้,5,พลังท้องถิ่นไท,1312,1.40,7,93478
2562,pv_84_z_5,pv_84,สุราษฎร์ธานี,ภาคใต้,5,พลังธรรมใหม่,1107,1.18,8,93478
2562,pv_84_z_5,pv_84,สุราษฎร์ธานี,ภาคใต้,5,เพื่อชาติ,962,1.03,9,93478
2562,pv_84_z_5,pv_84,สุราษฎร์ธานี,ภาคใต้,5,ชาติไทยพัฒนา,740,0.79,10,93478
2562,pv_84_z_5,pv_84,สุราษฎร์ธานี,ภาคใต้,5,รักษ์ผืนป่าประเทศไทย,735,0.79,11,93478
2562,pv_84_z_5,pv_84,สุราษฎร์ธานี,ภาคใต้,5,ภราดรภาพ,701,0.75,12,93478
2562,pv_84_z_5,pv_84,สุราษฎร์ธานี,ภาคใต้,5,ประชาธิปไตยใหม่,699,0.75,13,93478
2562,pv_84_z_5,pv_84,สุราษฎร์ธานี,ภาคใต้,5,เศรษฐกิจใหม่,640,0.68,14,93478
2562,pv_84_z_5,pv_84,สุราษฎร์ธานี,ภาคใต้,5,พลังไทสร้างชาติ,567,0.61,15,93478
2562,pv_84_z_5,pv_84,สุราษฎร์ธานี,ภาคใต้,5,ประชาชาติ,562,0.60,16,93478
2562,pv_84_z_5,pv_84,สุราษฎร์ธานี,ภาคใต้,5,เพื่อธรรม,544,0.58,17,93478
2562,pv_84_z_5,pv_84,สุราษฎร์ธานี,ภาคใต้,5,ครูไทยเพื่อประชาชน,457,0.49,18,93478
2562,pv_84_z_5,pv_84,สุราษฎร์ธานี,ภาคใต้,5,พลังชาติไทย,376,0.40,19,93478
2562,pv_84_z_5,pv_84,สุราษฎร์ธานี,ภาคใต้,5,พลเมืองไทย,355,0.38,20,93478
2562,pv_84_z_5,pv_84,สุราษฎร์ธานี,ภาคใต้,5,ชาติพัฒนา,332,0.36,21,93478
2562,pv_84_z_5,pv_84,สุราษฎร์ธานี,ภาคใต้,5,พลังประชาธิปไตย,247,0.26,22,93478
2562,pv_84_z_5,pv_84,สุราษฎร์ธานี,ภาคใต้,5,พลังสังคม,207,0.22,23,93478
2562,pv_84_z_5,pv_84,สุราษฎร์ธานี,ภาคใต้,5,ประชาชนปฏิรูป,179,0.19,24,93478
2562,pv_84_z_5,pv_84,สุราษฎร์ธานี,ภาคใต้,5,ความหวังใหม่,169,0.18,25,93478
2562,pv_84_z_5,pv_84,สุราษฎร์ธานี,ภาคใต้,5,กรีน,135,0.14,26,93478
2562,pv_84_z_5,pv_84,สุราษฎร์ธานี,ภาคใต้,5,เพื่อแผ่นดิน,124,0.13,27,93478
2562,pv_84_z_5,pv_84,สุราษฎร์ธานี,ภาคใต้,5,ประชากรไทย,111,0.12,28,93478
2562,pv_84_z_5,pv_84,สุราษฎร์ธานี,ภาคใต้,5,แผ่นดินธรรม,91,0.10,29,93478
2562,pv_84_z_5,pv_84,สุราษฎร์ธานี,ภาคใต้,5,ประชาภิวัฒน์,82,0.09,30,93478
2562,pv_84_z_5,pv_84,สุราษฎร์ธานี,ภาคใต้,5,ทางเลือกใหม่,65,0.07,31,93478
2562,pv_84_z_5,pv_84,สุราษฎร์ธานี,ภาคใต้,5,ประชาธรรมไทย,46,0.05,32,93478
2562,pv_84_z_5,pv_84,สุราษฎร์ธานี,ภาคใต้,5,ไทรักธรรม,38,0.04,33,93478
2562,pv_84_z_5,pv_84,สุราษฎร์ธานี,ภาคใต้,5,คลองไทย,32,0.03,34,93478
2562,pv_84_z_5,pv_84,สุราษฎร์ธานี,ภาคใต้,5,ไทยรักษาชาติ,0,0.00,35,93478
2562,pv_84_z_6,pv_84,สุราษฎร์ธานี,ภาคใต้,6,ประชาธิปัตย์,41877,42.96,1,97476
2562,pv_84_z_6,pv_84,สุราษฎร์ธานี,ภาคใต้,6,รวมพลังประชาชาติไทย,17620,18.08,2,97476
2562,pv_84_z_6,pv_84,สุราษฎร์ธานี,ภาคใต้,6,อนาคตใหม่,9970,10.23,3,97476
2562,pv_84_z_6,pv_84,สุราษฎร์ธานี,ภาคใต้,6,พลังประชารัฐ,9149,9.39,4,97476
2562,pv_84_z_6,pv_84,สุราษฎร์ธานี,ภาคใต้,6,ภูมิใจไทย,5207,5.34,5,97476
2562,pv_84_z_6,pv_84,สุราษฎร์ธานี,ภาคใต้,6,เสรีรวมไทย,2311,2.37,6,97476
2562,pv_84_z_6,pv_84,สุราษฎร์ธานี,ภาคใต้,6,พลังไทสร้างชาติ,1356,1.39,7,97476
2562,pv_84_z_6,pv_84,สุราษฎร์ธานี,ภาคใต้,6,เศรษฐกิจใหม่,1124,1.15,8,97476
2562,pv_84_z_6,pv_84,สุราษฎร์ธานี,ภาคใต้,6,ชาติพัฒนา,1058,1.09,9,97476
2562,pv_84_z_6,pv_84,สุราษฎร์ธานี,ภาคใต้,6,ชาติไทยพัฒนา,1010,1.04,10,97476
2562,pv_84_z_6,pv_84,สุราษฎร์ธานี,ภาคใต้,6,กรีน,939,0.96,11,97476
2562,pv_84_z_6,pv_84,สุราษฎร์ธานี,ภาคใต้,6,พลังธรรมใหม่,675,0.69,12,97476
2562,pv_84_z_6,pv_84,สุราษฎร์ธานี,ภาคใต้,6,พลังท้องถิ่นไท,664,0.68,13,97476
2562,pv_84_z_6,pv_84,สุราษฎร์ธานี,ภาคใต้,6,ประชาชาติ,590,0.61,14,97476
2562,pv_84_z_6,pv_84,สุราษฎร์ธานี,ภาคใต้,6,ความหวังใหม่,573,0.59,15,97476
2562,pv_84_z_6,pv_84,สุราษฎร์ธานี,ภาคใต้,6,เพื่อธรรม,387,0.40,16,97476
2562,pv_84_z_6,pv_84,สุราษฎร์ธานี,ภาคใต้,6,ไทยศรีวิไลย์,353,0.36,17,97476
2562,pv_84_z_6,pv_84,สุราษฎร์ธานี,ภาคใต้,6,คลองไทย,288,0.30,18,97476
2562,pv_84_z_6,pv_84,สุราษฎร์ธานี,ภาคใต้,6,เพื่อแผ่นดิน,259,0.27,19,97476
2562,pv_84_z_6,pv_84,สุราษฎร์ธานี,ภาคใต้,6,พลังไทยรักไทย,249,0.26,20,97476
2562,pv_84_z_6,pv_84,สุราษฎร์ธานี,ภาคใต้,6,ประชาธิปไตยใหม่,246,0.25,21,97476
2562,pv_84_z_6,pv_84,สุราษฎร์ธานี,ภาคใต้,6,พลังประชาธิปไตย,228,0.23,22,97476
2562,pv_84_z_6,pv_84,สุราษฎร์ธานี,ภาคใต้,6,ทางเลือกใหม่,203,0.21,23,97476
2562,pv_84_z_6,pv_84,สุราษฎร์ธานี,ภาคใต้,6,เพื่อชาติ,195,0.20,24,97476
2562,pv_84_z_6,pv_84,สุราษฎร์ธานี,ภาคใต้,6,รักษ์ผืนป่าประเทศไทย,165,0.17,25,97476
2562,pv_84_z_6,pv_84,สุราษฎร์ธานี,ภาคใต้,6,มหาชน,137,0.14,26,97476
2562,pv_84_z_6,pv_84,สุราษฎร์ธานี,ภาคใต้,6,พลังสังคม,132,0.14,27,97476
2562,pv_84_z_6,pv_84,สุราษฎร์ธานี,ภาคใต้,6,พลังปวงชนไทย,112,0.11,28,97476
2562,pv_84_z_6,pv_84,สุราษฎร์ธานี,ภาคใต้,6,ไทรักธรรม,99,0.10,29,97476
2562,pv_84_z_6,pv_84,สุราษฎร์ธานี,ภาคใต้,6,ประชาภิวัฒน์,86,0.09,30,97476
2562,pv_84_z_6,pv_84,สุราษฎร์ธานี,ภาคใต้,6,ประชากรไทย,63,0.06,31,97476
2562,pv_84_z_6,pv_84,สุราษฎร์ธานี,ภาคใต้,6,ถิ่นกาขาวชาววิไล,49,0.05,32,97476
2562,pv_84_z_6,pv_84,สุราษฎร์ธานี,ภาคใต้,6,ครูไทยเพื่อประชาชน,46,0.05,33,97476
2562,pv_84_z_6,pv_84,สุราษฎร์ธานี,ภาคใต้,6,พลังชาติไทย,36,0.04,34,97476
2562,pv_84_z_6,pv_84,สุราษฎร์ธานี,ภาคใต้,6,ภราดรภาพ,20,0.02,35,97476
2562,pv_84_z_6,pv_84,สุราษฎร์ธานี,ภาคใต้,6,ไทยรักษาชาติ,0,0.00,36,97476
2562,pv_43_z_1,pv_43,หนองคาย,ภาคตะวันออกเฉียงเหนือ,1,เพื่อไทย,33492,37.98,1,88183
2562,pv_43_z_1,pv_43,หนองคาย,ภาคตะวันออกเฉียงเหนือ,1,พลังประชารัฐ,26695,30.27,2,88183
2562,pv_43_z_1,pv_43,หนองคาย,ภาคตะวันออกเฉียงเหนือ,1,อนาคตใหม่,15696,17.80,3,88183
2562,pv_43_z_1,pv_43,หนองคาย,ภาคตะวันออกเฉียงเหนือ,1,ภูมิใจไทย,3932,4.46,4,88183
2562,pv_43_z_1,pv_43,หนองคาย,ภาคตะวันออกเฉียงเหนือ,1,ประชาธิปัตย์,2055,2.33,5,88183
2562,pv_43_z_1,pv_43,หนองคาย,ภาคตะวันออกเฉียงเหนือ,1,เสรีรวมไทย,1518,1.72,6,88183
2562,pv_43_z_1,pv_43,หนองคาย,ภาคตะวันออกเฉียงเหนือ,1,เศรษฐกิจใหม่,1009,1.14,7,88183
2562,pv_43_z_1,pv_43,หนองคาย,ภาคตะวันออกเฉียงเหนือ,1,เพื่อชาติ,364,0.41,8,88183
2562,pv_43_z_1,pv_43,หนองคาย,ภาคตะวันออกเฉียงเหนือ,1,ชาติไทยพัฒนา,317,0.36,9,88183
2562,pv_43_z_1,pv_43,หนองคาย,ภาคตะวันออกเฉียงเหนือ,1,รวมพลังประชาชาติไทย,312,0.35,10,88183
2562,pv_43_z_1,pv_43,หนองคาย,ภาคตะวันออกเฉียงเหนือ,1,ประชาชนปฏิรูป,274,0.31,11,88183
2562,pv_43_z_1,pv_43,หนองคาย,ภาคตะวันออกเฉียงเหนือ,1,พลังธรรมใหม่,265,0.30,12,88183
2562,pv_43_z_1,pv_43,หนองคาย,ภาคตะวันออกเฉียงเหนือ,1,ชาติพัฒนา,256,0.29,13,88183
2562,pv_43_z_1,pv_43,หนองคาย,ภาคตะวันออกเฉียงเหนือ,1,ประชานิยม,222,0.25,14,88183
2562,pv_43_z_1,pv_43,หนองคาย,ภาคตะวันออกเฉียงเหนือ,1,เพื่อไทยพัฒนา,197,0.22,15,88183
2562,pv_43_z_1,pv_43,หนองคาย,ภาคตะวันออกเฉียงเหนือ,1,พลเมืองไทย,173,0.20,16,88183
2562,pv_43_z_1,pv_43,หนองคาย,ภาคตะวันออกเฉียงเหนือ,1,สยามพัฒนา,166,0.19,17,88183
2562,pv_43_z_1,pv_43,หนองคาย,ภาคตะวันออกเฉียงเหนือ,1,ประชาธรรมไทย,155,0.18,18,88183
2562,pv_43_z_1,pv_43,หนองคาย,ภาคตะวันออกเฉียงเหนือ,1,พลังท้องถิ่นไท,142,0.16,19,88183
2562,pv_43_z_1,pv_43,หนองคาย,ภาคตะวันออกเฉียงเหนือ,1,ไทยศรีวิไลย์,138,0.16,20,88183
2562,pv_43_z_1,pv_43,หนองคาย,ภาคตะวันออกเฉียงเหนือ,1,ประชาชาติ,135,0.15,21,88183
2562,pv_43_z_1,pv_43,หนองคาย,ภาคตะวันออกเฉียงเหนือ,1,รักษ์ผืนป่าประเทศไทย,115,0.13,22,88183
2562,pv_43_z_1,pv_43,หนองคาย,ภาคตะวันออกเฉียงเหนือ,1,ประชาภิวัฒน์,86,0.10,23,88183
2562,pv_43_z_1,pv_43,หนองคาย,ภาคตะวันออกเฉียงเหนือ,1,พลังไทยรักไทย,85,0.10,24,88183
2562,pv_43_z_1,pv_43,หนองคาย,ภาคตะวันออกเฉียงเหนือ,1,รวมใจไทย,80,0.09,25,88183
2562,pv_43_z_1,pv_43,หนองคาย,ภาคตะวันออกเฉียงเหนือ,1,ครูไทยเพื่อประชาชน,63,0.07,26,88183
2562,pv_43_z_1,pv_43,หนองคาย,ภาคตะวันออกเฉียงเหนือ,1,เพื่อแผ่นดิน,50,0.06,27,88183
2562,pv_43_z_1,pv_43,หนองคาย,ภาคตะวันออกเฉียงเหนือ,1,ไทรักธรรม,43,0.05,28,88183
2562,pv_43_z_1,pv_43,หนองคาย,ภาคตะวันออกเฉียงเหนือ,1,พลังไทสร้างชาติ,39,0.04,29,88183
2562,pv_43_z_1,pv_43,หนองคาย,ภาคตะวันออกเฉียงเหนือ,1,พลังชาติไทย,30,0.03,30,88183
2562,pv_43_z_1,pv_43,หนองคาย,ภาคตะวันออกเฉียงเหนือ,1,พลังปวงชนไทย,28,0.03,31,88183
2562,pv_43_z_1,pv_43,หนองคาย,ภาคตะวันออกเฉียงเหนือ,1,ภาคีเครือข่ายไทย,27,0.03,32,88183
2562,pv_43_z_1,pv_43,หนองคาย,ภาคตะวันออกเฉียงเหนือ,1,ประชากรไทย,24,0.03,33,88183
2562,pv_43_z_1,pv_43,หนองคาย,ภาคตะวันออกเฉียงเหนือ,1,เพื่อนไทย,0,0.00,34,88183
2562,pv_43_z_1,pv_43,หนองคาย,ภาคตะวันออกเฉียงเหนือ,1,ประชาธิปไตยใหม่,0,0.00,35,88183
2562,pv_43_z_1,pv_43,หนองคาย,ภาคตะวันออกเฉียงเหนือ,1,ไทยรักษาชาติ,0,0.00,36,88183
2562,pv_43_z_2,pv_43,หนองคาย,ภาคตะวันออกเฉียงเหนือ,2,เพื่อไทย,29559,37.70,1,78404
2562,pv_43_z_2,pv_43,หนองคาย,ภาคตะวันออกเฉียงเหนือ,2,เสรีรวมไทย,13738,17.52,2,78404
2562,pv_43_z_2,pv_43,หนองคาย,ภาคตะวันออกเฉียงเหนือ,2,อนาคตใหม่,13544,17.27,3,78404
2562,pv_43_z_2,pv_43,หนองคาย,ภาคตะวันออกเฉียงเหนือ,2,พลังประชารัฐ,13438,17.14,4,78404
2562,pv_43_z_2,pv_43,หนองคาย,ภาคตะวันออกเฉียงเหนือ,2,ภูมิใจไทย,1291,1.65,5,78404
2562,pv_43_z_2,pv_43,หนองคาย,ภาคตะวันออกเฉียงเหนือ,2,ประชาธิปัตย์,1165,1.49,6,78404
2562,pv_43_z_2,pv_43,หนองคาย,ภาคตะวันออกเฉียงเหนือ,2,พลังประชาธิปไตย,687,0.88,7,78404
2562,pv_43_z_2,pv_43,หนองคาย,ภาคตะวันออกเฉียงเหนือ,2,พลังไทยรักไทย,597,0.76,8,78404
2562,pv_43_z_2,pv_43,หนองคาย,ภาคตะวันออกเฉียงเหนือ,2,ครูไทยเพื่อประชาชน,508,0.65,9,78404
2562,pv_43_z_2,pv_43,หนองคาย,ภาคตะวันออกเฉียงเหนือ,2,ชาติไทยพัฒนา,421,0.54,10,78404
2562,pv_43_z_2,pv_43,หนองคาย,ภาคตะวันออกเฉียงเหนือ,2,พลังปวงชนไทย,379,0.48,11,78404
2562,pv_43_z_2,pv_43,หนองคาย,ภาคตะวันออกเฉียงเหนือ,2,เศรษฐกิจใหม่,338,0.43,12,78404
2562,pv_43_z_2,pv_43,หนองคาย,ภาคตะวันออกเฉียงเหนือ,2,เพื่อชาติ,247,0.32,13,78404
2562,pv_43_z_2,pv_43,หนองคาย,ภาคตะวันออกเฉียงเหนือ,2,ประชาภิวัฒน์,237,0.30,14,78404
2562,pv_43_z_2,pv_43,หนองคาย,ภาคตะวันออกเฉียงเหนือ,2,พลเมืองไทย,223,0.28,15,78404
2562,pv_43_z_2,pv_43,หนองคาย,ภาคตะวันออกเฉียงเหนือ,2,เพื่อไทยพัฒนา,217,0.28,16,78404
2562,pv_43_z_2,pv_43,หนองคาย,ภาคตะวันออกเฉียงเหนือ,2,ประชาธรรมไทย,197,0.25,17,78404
2562,pv_43_z_2,pv_43,หนองคาย,ภาคตะวันออกเฉียงเหนือ,2,ประชากรไทย,176,0.22,18,78404
2562,pv_43_z_2,pv_43,หนองคาย,ภาคตะวันออกเฉียงเหนือ,2,ประชาชาติ,164,0.21,19,78404
2562,pv_43_z_2,pv_43,หนองคาย,ภาคตะวันออกเฉียงเหนือ,2,ประชานิยม,159,0.20,20,78404
2562,pv_43_z_2,pv_43,หนองคาย,ภาคตะวันออกเฉียงเหนือ,2,รวมพลังประชาชาติไทย,130,0.17,21,78404
2562,pv_43_z_2,pv_43,หนองคาย,ภาคตะวันออกเฉียงเหนือ,2,พลังธรรมใหม่,112,0.14,22,78404
2562,pv_43_z_2,pv_43,หนองคาย,ภาคตะวันออกเฉียงเหนือ,2,รักษ์ผืนป่าประเทศไทย,110,0.14,23,78404
2562,pv_43_z_2,pv_43,หนองคาย,ภาคตะวันออกเฉียงเหนือ,2,รวมใจไทย,103,0.13,24,78404
2562,pv_43_z_2,pv_43,หนองคาย,ภาคตะวันออกเฉียงเหนือ,2,พลังท้องถิ่นไท,99,0.13,25,78404
2562,pv_43_z_2,pv_43,หนองคาย,ภาคตะวันออกเฉียงเหนือ,2,ไทยศรีวิไลย์,92,0.12,26,78404
2562,pv_43_z_2,pv_43,หนองคาย,ภาคตะวันออกเฉียงเหนือ,2,พลังไทสร้างชาติ,71,0.09,27,78404
2562,pv_43_z_2,pv_43,หนองคาย,ภาคตะวันออกเฉียงเหนือ,2,ทางเลือกใหม่,63,0.08,28,78404
2562,pv_43_z_2,pv_43,หนองคาย,ภาคตะวันออกเฉียงเหนือ,2,พลังชาติไทย,62,0.08,29,78404
2562,pv_43_z_2,pv_43,หนองคาย,ภาคตะวันออกเฉียงเหนือ,2,ไทรักธรรม,61,0.08,30,78404
2562,pv_43_z_2,pv_43,หนองคาย,ภาคตะวันออกเฉียงเหนือ,2,พลังศรัทธา,57,0.07,31,78404
2562,pv_43_z_2,pv_43,หนองคาย,ภาคตะวันออกเฉียงเหนือ,2,ประชาชนปฏิรูป,41,0.05,32,78404
2562,pv_43_z_2,pv_43,หนองคาย,ภาคตะวันออกเฉียงเหนือ,2,สยามพัฒนา,39,0.05,33,78404
2562,pv_43_z_2,pv_43,หนองคาย,ภาคตะวันออกเฉียงเหนือ,2,ชาติพัฒนา,34,0.04,34,78404
2562,pv_43_z_2,pv_43,หนองคาย,ภาคตะวันออกเฉียงเหนือ,2,เพื่อแผ่นดิน,30,0.04,35,78404
2562,pv_43_z_2,pv_43,หนองคาย,ภาคตะวันออกเฉียงเหนือ,2,ภาคีเครือข่ายไทย,15,0.02,36,78404
2562,pv_43_z_2,pv_43,หนองคาย,ภาคตะวันออกเฉียงเหนือ,2,เพื่อนไทย,0,0.00,37,78404
2562,pv_43_z_3,pv_43,หนองคาย,ภาคตะวันออกเฉียงเหนือ,3,เพื่อไทย,44024,52.64,1,83637
2562,pv_43_z_3,pv_43,หนองคาย,ภาคตะวันออกเฉียงเหนือ,3,อนาคตใหม่,14523,17.36,2,83637
2562,pv_43_z_3,pv_43,หนองคาย,ภาคตะวันออกเฉียงเหนือ,3,พลังประชารัฐ,12443,14.88,3,83637
2562,pv_43_z_3,pv_43,หนองคาย,ภาคตะวันออกเฉียงเหนือ,3,เพื่อชาติ,1798,2.15,4,83637
2562,pv_43_z_3,pv_43,หนองคาย,ภาคตะวันออกเฉียงเหนือ,3,ภูมิใจไทย,1733,2.07,5,83637
2562,pv_43_z_3,pv_43,หนองคาย,ภาคตะวันออกเฉียงเหนือ,3,ประชาธิปัตย์,1489,1.78,6,83637
2562,pv_43_z_3,pv_43,หนองคาย,ภาคตะวันออกเฉียงเหนือ,3,พลังธรรมใหม่,1138,1.36,7,83637
2562,pv_43_z_3,pv_43,หนองคาย,ภาคตะวันออกเฉียงเหนือ,3,เสรีรวมไทย,1094,1.31,8,83637
2562,pv_43_z_3,pv_43,หนองคาย,ภาคตะวันออกเฉียงเหนือ,3,เศรษฐกิจใหม่,463,0.55,9,83637
2562,pv_43_z_3,pv_43,หนองคาย,ภาคตะวันออกเฉียงเหนือ,3,พลังท้องถิ่นไท,414,0.49,10,83637
2562,pv_43_z_3,pv_43,หนองคาย,ภาคตะวันออกเฉียงเหนือ,3,ชาติไทยพัฒนา,394,0.47,11,83637
2562,pv_43_z_3,pv_43,หนองคาย,ภาคตะวันออกเฉียงเหนือ,3,ไทรักธรรม,334,0.40,12,83637
2562,pv_43_z_3,pv_43,หนองคาย,ภาคตะวันออกเฉียงเหนือ,3,รักษ์ผืนป่าประเทศไทย,333,0.40,13,83637
2562,pv_43_z_3,pv_43,หนองคาย,ภาคตะวันออกเฉียงเหนือ,3,ประชาชาติ,322,0.38,14,83637
2562,pv_43_z_3,pv_43,หนองคาย,ภาคตะวันออกเฉียงเหนือ,3,ประชาภิวัฒน์,319,0.38,15,83637
2562,pv_43_z_3,pv_43,หนองคาย,ภาคตะวันออกเฉียงเหนือ,3,ครูไทยเพื่อประชาชน,319,0.38,16,83637
2562,pv_43_z_3,pv_43,หนองคาย,ภาคตะวันออกเฉียงเหนือ,3,เพื่อไทยพัฒนา,301,0.36,17,83637
2562,pv_43_z_3,pv_43,หนองคาย,ภาคตะวันออกเฉียงเหนือ,3,สยามพัฒนา,296,0.35,18,83637
2562,pv_43_z_3,pv_43,หนองคาย,ภาคตะวันออกเฉียงเหนือ,3,ทางเลือกใหม่,261,0.31,19,83637
2562,pv_43_z_3,pv_43,หนองคาย,ภาคตะวันออกเฉียงเหนือ,3,ชาติพัฒนา,210,0.25,20,83637
2562,pv_43_z_3,pv_43,หนองคาย,ภาคตะวันออกเฉียงเหนือ,3,ภราดรภาพ,199,0.24,21,83637
2562,pv_43_z_3,pv_43,หนองคาย,ภาคตะวันออกเฉียงเหนือ,3,พลเมืองไทย,184,0.22,22,83637
2562,pv_43_z_3,pv_43,หนองคาย,ภาคตะวันออกเฉียงเหนือ,3,ประชาธรรมไทย,151,0.18,23,83637
2562,pv_43_z_3,pv_43,หนองคาย,ภาคตะวันออกเฉียงเหนือ,3,พลังไทยรักไทย,131,0.16,24,83637
2562,pv_43_z_3,pv_43,หนองคาย,ภาคตะวันออกเฉียงเหนือ,3,รวมพลังประชาชาติไทย,125,0.15,25,83637
2562,pv_43_z_3,pv_43,หนองคาย,ภาคตะวันออกเฉียงเหนือ,3,ประชาชนปฏิรูป,121,0.14,26,83637
2562,pv_43_z_3,pv_43,หนองคาย,ภาคตะวันออกเฉียงเหนือ,3,เพื่อแผ่นดิน,107,0.13,27,83637
2562,pv_43_z_3,pv_43,หนองคาย,ภาคตะวันออกเฉียงเหนือ,3,ประชานิยม,103,0.12,28,83637
2562,pv_43_z_3,pv_43,หนองคาย,ภาคตะวันออกเฉียงเหนือ,3,พลังปวงชนไทย,88,0.11,29,83637
2562,pv_43_z_3,pv_43,หนองคาย,ภาคตะวันออกเฉียงเหนือ,3,พลังศรัทธา,79,0.09,30,83637
2562,pv_43_z_3,pv_43,หนองคาย,ภาคตะวันออกเฉียงเหนือ,3,รวมใจไทย,62,0.07,31,83637
2562,pv_43_z_3,pv_43,หนองคาย,ภาคตะวันออกเฉียงเหนือ,3,พลังไทสร้างชาติ,33,0.04,32,83637
2562,pv_43_z_3,pv_43,หนองคาย,ภาคตะวันออกเฉียงเหนือ,3,ประชากรไทย,32,0.04,33,83637
2562,pv_43_z_3,pv_43,หนองคาย,ภาคตะวันออกเฉียงเหนือ,3,ภาคีเครือข่ายไทย,14,0.02,34,83637
2562,pv_43_z_3,pv_43,หนองคาย,ภาคตะวันออกเฉียงเหนือ,3,เพื่อนไทย,0,0.00,35,83637
2562,pv_43_z_3,pv_43,หนองคาย,ภาคตะวันออกเฉียงเหนือ,3,ไทยรักษาชาติ,0,0.00,36,83637
2562,pv_39_z_1,pv_39,หนองบัวลำภู,ภาคตะวันออกเฉียงเหนือ,1,เพื่อไทย,36792,41.88,1,87861
2562,pv_39_z_1,pv_39,หนองบัวลำภู,ภาคตะวันออกเฉียงเหนือ,1,อนาคตใหม่,16359,18.62,2,87861
2562,pv_39_z_1,pv_39,หนองบัวลำภู,ภาคตะวันออกเฉียงเหนือ,1,พลังประชารัฐ,15650,17.81,3,87861
2562,pv_39_z_1,pv_39,หนองบัวลำภู,ภาคตะวันออกเฉียงเหนือ,1,ภูมิใจไทย,7483,8.52,4,87861
2562,pv_39_z_1,pv_39,หนองบัวลำภู,ภาคตะวันออกเฉียงเหนือ,1,รวมพลังประชาชาติไทย,1501,1.71,5,87861
2562,pv_39_z_1,pv_39,หนองบัวลำภู,ภาคตะวันออกเฉียงเหนือ,1,ประชาธิปัตย์,1428,1.63,6,87861
2562,pv_39_z_1,pv_39,หนองบัวลำภู,ภาคตะวันออกเฉียงเหนือ,1,เพื่อชาติ,1366,1.55,7,87861
2562,pv_39_z_1,pv_39,หนองบัวลำภู,ภาคตะวันออกเฉียงเหนือ,1,เสรีรวมไทย,1159,1.32,8,87861
2562,pv_39_z_1,pv_39,หนองบัวลำภู,ภาคตะวันออกเฉียงเหนือ,1,ประชาชาติ,879,1.00,9,87861
2562,pv_39_z_1,pv_39,หนองบัวลำภู,ภาคตะวันออกเฉียงเหนือ,1,ครูไทยเพื่อประชาชน,536,0.61,10,87861
2562,pv_39_z_1,pv_39,หนองบัวลำภู,ภาคตะวันออกเฉียงเหนือ,1,เพื่อไทยพัฒนา,503,0.57,11,87861
2562,pv_39_z_1,pv_39,หนองบัวลำภู,ภาคตะวันออกเฉียงเหนือ,1,พลังปวงชนไทย,491,0.56,12,87861
2562,pv_39_z_1,pv_39,หนองบัวลำภู,ภาคตะวันออกเฉียงเหนือ,1,เศรษฐกิจใหม่,456,0.52,13,87861
2562,pv_39_z_1,pv_39,หนองบัวลำภู,ภาคตะวันออกเฉียงเหนือ,1,พลังแรงงานไทย,454,0.52,14,87861
2562,pv_39_z_1,pv_39,หนองบัวลำภู,ภาคตะวันออกเฉียงเหนือ,1,ชาติไทยพัฒนา,426,0.48,15,87861
2562,pv_39_z_1,pv_39,หนองบัวลำภู,ภาคตะวันออกเฉียงเหนือ,1,สังคมประชาธิปไตยไทย,396,0.45,16,87861
2562,pv_39_z_1,pv_39,หนองบัวลำภู,ภาคตะวันออกเฉียงเหนือ,1,เพื่อคนไทย,387,0.44,17,87861
2562,pv_39_z_1,pv_39,หนองบัวลำภู,ภาคตะวันออกเฉียงเหนือ,1,ชาติพัฒนา,300,0.34,18,87861
2562,pv_39_z_1,pv_39,หนองบัวลำภู,ภาคตะวันออกเฉียงเหนือ,1,รักษ์ผืนป่าประเทศไทย,161,0.18,19,87861
2562,pv_39_z_1,pv_39,หนองบัวลำภู,ภาคตะวันออกเฉียงเหนือ,1,ประชาธรรมไทย,132,0.15,20,87861
2562,pv_39_z_1,pv_39,หนองบัวลำภู,ภาคตะวันออกเฉียงเหนือ,1,ไทยศรีวิไลย์,120,0.14,21,87861
2562,pv_39_z_1,pv_39,หนองบัวลำภู,ภาคตะวันออกเฉียงเหนือ,1,ประชาชนปฏิรูป,117,0.13,22,87861
2562,pv_39_z_1,pv_39,หนองบัวลำภู,ภาคตะวันออกเฉียงเหนือ,1,พลังไทยรักไทย,111,0.13,23,87861
2562,pv_39_z_1,pv_39,หนองบัวลำภู,ภาคตะวันออกเฉียงเหนือ,1,พลังท้องถิ่นไท,106,0.12,24,87861
2562,pv_39_z_1,pv_39,หนองบัวลำภู,ภาคตะวันออกเฉียงเหนือ,1,พลังชาติไทย,102,0.12,25,87861
2562,pv_39_z_1,pv_39,หนองบัวลำภู,ภาคตะวันออกเฉียงเหนือ,1,ประชาภิวัฒน์,93,0.11,26,87861
2562,pv_39_z_1,pv_39,หนองบัวลำภู,ภาคตะวันออกเฉียงเหนือ,1,ประชานิยม,87,0.10,27,87861
2562,pv_39_z_1,pv_39,หนองบัวลำภู,ภาคตะวันออกเฉียงเหนือ,1,รวมใจไทย,77,0.09,28,87861
2562,pv_39_z_1,pv_39,หนองบัวลำภู,ภาคตะวันออกเฉียงเหนือ,1,พลังศรัทธา,67,0.08,29,87861
2562,pv_39_z_1,pv_39,หนองบัวลำภู,ภาคตะวันออกเฉียงเหนือ,1,ประชาธิปไตยใหม่,39,0.04,30,87861
2562,pv_39_z_1,pv_39,หนองบัวลำภู,ภาคตะวันออกเฉียงเหนือ,1,พลังไทสร้างชาติ,33,0.04,31,87861
2562,pv_39_z_1,pv_39,หนองบัวลำภู,ภาคตะวันออกเฉียงเหนือ,1,ภาคีเครือข่ายไทย,30,0.03,32,87861
2562,pv_39_z_1,pv_39,หนองบัวลำภู,ภาคตะวันออกเฉียงเหนือ,1,เพื่อแผ่นดิน,20,0.02,33,87861
2562,pv_39_z_2,pv_39,หนองบัวลำภู,ภาคตะวันออกเฉียงเหนือ,2,เพื่อไทย,25732,30.88,1,83342
2562,pv_39_z_2,pv_39,หนองบัวลำภู,ภาคตะวันออกเฉียงเหนือ,2,อนาคตใหม่,21345,25.61,2,83342
2562,pv_39_z_2,pv_39,หนองบัวลำภู,ภาคตะวันออกเฉียงเหนือ,2,ภูมิใจไทย,14266,17.12,3,83342
2562,pv_39_z_2,pv_39,หนองบัวลำภู,ภาคตะวันออกเฉียงเหนือ,2,พลังประชารัฐ,10444,12.53,4,83342
2562,pv_39_z_2,pv_39,หนองบัวลำภู,ภาคตะวันออกเฉียงเหนือ,2,เพื่อชาติ,2839,3.41,5,83342
2562,pv_39_z_2,pv_39,หนองบัวลำภู,ภาคตะวันออกเฉียงเหนือ,2,พลังท้องถิ่นไท,1446,1.74,6,83342
2562,pv_39_z_2,pv_39,หนองบัวลำภู,ภาคตะวันออกเฉียงเหนือ,2,เศรษฐกิจใหม่,958,1.15,7,83342
2562,pv_39_z_2,pv_39,หนองบัวลำภู,ภาคตะวันออกเฉียงเหนือ,2,พลังปวงชนไทย,729,0.87,8,83342
2562,pv_39_z_2,pv_39,หนองบัวลำภู,ภาคตะวันออกเฉียงเหนือ,2,เสรีรวมไทย,721,0.87,9,83342
2562,pv_39_z_2,pv_39,หนองบัวลำภู,ภาคตะวันออกเฉียงเหนือ,2,ประชาธิปัตย์,607,0.73,10,83342
2562,pv_39_z_2,pv_39,หนองบัวลำภู,ภาคตะวันออกเฉียงเหนือ,2,พลังแรงงานไทย,530,0.64,11,83342
2562,pv_39_z_2,pv_39,หนองบัวลำภู,ภาคตะวันออกเฉียงเหนือ,2,ไทยศรีวิไลย์,524,0.63,12,83342
2562,pv_39_z_2,pv_39,หนองบัวลำภู,ภาคตะวันออกเฉียงเหนือ,2,รักษ์ผืนป่าประเทศไทย,440,0.53,13,83342
2562,pv_39_z_2,pv_39,หนองบัวลำภู,ภาคตะวันออกเฉียงเหนือ,2,เพื่อคนไทย,406,0.49,14,83342
2562,pv_39_z_2,pv_39,หนองบัวลำภู,ภาคตะวันออกเฉียงเหนือ,2,พลังไทยรักไทย,354,0.42,15,83342
2562,pv_39_z_2,pv_39,หนองบัวลำภู,ภาคตะวันออกเฉียงเหนือ,2,ชาติพัฒนา,225,0.27,16,83342
2562,pv_39_z_2,pv_39,หนองบัวลำภู,ภาคตะวันออกเฉียงเหนือ,2,เพื่อแผ่นดิน,219,0.26,17,83342
2562,pv_39_z_2,pv_39,หนองบัวลำภู,ภาคตะวันออกเฉียงเหนือ,2,ชาติไทยพัฒนา,196,0.24,18,83342
2562,pv_39_z_2,pv_39,หนองบัวลำภู,ภาคตะวันออกเฉียงเหนือ,2,รวมพลังประชาชาติไทย,191,0.23,19,83342
2562,pv_39_z_2,pv_39,หนองบัวลำภู,ภาคตะวันออกเฉียงเหนือ,2,รักท้องถิ่นไทย,172,0.21,20,83342
2562,pv_39_z_2,pv_39,หนองบัวลำภู,ภาคตะวันออกเฉียงเหนือ,2,ภราดรภาพ,114,0.14,21,83342
2562,pv_39_z_2,pv_39,หนองบัวลำภู,ภาคตะวันออกเฉียงเหนือ,2,ประชาภิวัฒน์,104,0.12,22,83342
2562,pv_39_z_2,pv_39,หนองบัวลำภู,ภาคตะวันออกเฉียงเหนือ,2,กรีน,103,0.12,23,83342
2562,pv_39_z_2,pv_39,หนองบัวลำภู,ภาคตะวันออกเฉียงเหนือ,2,พลังชาติไทย,89,0.11,24,83342
2562,pv_39_z_2,pv_39,หนองบัวลำภู,ภาคตะวันออกเฉียงเหนือ,2,ประชาธรรมไทย,88,0.11,25,83342
2562,pv_39_z_2,pv_39,หนองบัวลำภู,ภาคตะวันออกเฉียงเหนือ,2,ประชานิยม,83,0.10,26,83342
2562,pv_39_z_2,pv_39,หนองบัวลำภู,ภาคตะวันออกเฉียงเหนือ,2,เพื่อไทยพัฒนา,81,0.10,27,83342
2562,pv_39_z_2,pv_39,หนองบัวลำภู,ภาคตะวันออกเฉียงเหนือ,2,ครูไทยเพื่อประชาชน,65,0.08,28,83342
2562,pv_39_z_2,pv_39,หนองบัวลำภู,ภาคตะวันออกเฉียงเหนือ,2,สังคมประชาธิปไตยไทย,55,0.07,29,83342
2562,pv_39_z_2,pv_39,หนองบัวลำภู,ภาคตะวันออกเฉียงเหนือ,2,ประชาธิปไตยใหม่,54,0.06,30,83342
2562,pv_39_z_2,pv_39,หนองบัวลำภู,ภาคตะวันออกเฉียงเหนือ,2,รวมใจไทย,45,0.05,31,83342
2562,pv_39_z_2,pv_39,หนองบัวลำภู,ภาคตะวันออกเฉียงเหนือ,2,พลังไทสร้างชาติ,42,0.05,32,83342
2562,pv_39_z_2,pv_39,หนองบัวลำภู,ภาคตะวันออกเฉียงเหนือ,2,เครือข่ายชาวนาแห่งประเทศไทย,30,0.04,33,83342
2562,pv_39_z_2,pv_39,หนองบัวลำภู,ภาคตะวันออกเฉียงเหนือ,2,ประชาชนปฏิรูป,23,0.03,34,83342
2562,pv_39_z_2,pv_39,หนองบัวลำภู,ภาคตะวันออกเฉียงเหนือ,2,ภาคีเครือข่ายไทย,22,0.03,35,83342
2562,pv_39_z_2,pv_39,หนองบัวลำภู,ภาคตะวันออกเฉียงเหนือ,2,เพื่อนไทย,0,0.00,36,83342
2562,pv_39_z_3,pv_39,หนองบัวลำภู,ภาคตะวันออกเฉียงเหนือ,3,เพื่อไทย,41260,51.19,1,80602
2562,pv_39_z_3,pv_39,หนองบัวลำภู,ภาคตะวันออกเฉียงเหนือ,3,อนาคตใหม่,19217,23.84,2,80602
2562,pv_39_z_3,pv_39,หนองบัวลำภู,ภาคตะวันออกเฉียงเหนือ,3,พลังประชารัฐ,6994,8.68,3,80602
2562,pv_39_z_3,pv_39,หนองบัวลำภู,ภาคตะวันออกเฉียงเหนือ,3,เพื่อชาติ,1724,2.14,4,80602
2562,pv_39_z_3,pv_39,หนองบัวลำภู,ภาคตะวันออกเฉียงเหนือ,3,ภูมิใจไทย,1588,1.97,5,80602
2562,pv_39_z_3,pv_39,หนองบัวลำภู,ภาคตะวันออกเฉียงเหนือ,3,เสรีรวมไทย,1533,1.90,6,80602
2562,pv_39_z_3,pv_39,หนองบัวลำภู,ภาคตะวันออกเฉียงเหนือ,3,ประชาธรรมไทย,1477,1.83,7,80602
2562,pv_39_z_3,pv_39,หนองบัวลำภู,ภาคตะวันออกเฉียงเหนือ,3,ประชาธิปัตย์,1086,1.35,8,80602
2562,pv_39_z_3,pv_39,หนองบัวลำภู,ภาคตะวันออกเฉียงเหนือ,3,พลังไทยรักไทย,1066,1.32,9,80602
2562,pv_39_z_3,pv_39,หนองบัวลำภู,ภาคตะวันออกเฉียงเหนือ,3,ชาติไทยพัฒนา,786,0.98,10,80602
2562,pv_39_z_3,pv_39,หนองบัวลำภู,ภาคตะวันออกเฉียงเหนือ,3,เพื่อคนไทย,736,0.91,11,80602
2562,pv_39_z_3,pv_39,หนองบัวลำภู,ภาคตะวันออกเฉียงเหนือ,3,กลาง,463,0.57,12,80602
2562,pv_39_z_3,pv_39,หนองบัวลำภู,ภาคตะวันออกเฉียงเหนือ,3,ครูไทยเพื่อประชาชน,292,0.36,13,80602
2562,pv_39_z_3,pv_39,หนองบัวลำภู,ภาคตะวันออกเฉียงเหนือ,3,ประชาชนปฏิรูป,234,0.29,14,80602
2562,pv_39_z_3,pv_39,หนองบัวลำภู,ภาคตะวันออกเฉียงเหนือ,3,พลังท้องถิ่นไท,224,0.28,15,80602
2562,pv_39_z_3,pv_39,หนองบัวลำภู,ภาคตะวันออกเฉียงเหนือ,3,สังคมประชาธิปไตยไทย,213,0.26,16,80602
2562,pv_39_z_3,pv_39,หนองบัวลำภู,ภาคตะวันออกเฉียงเหนือ,3,เศรษฐกิจใหม่,210,0.26,17,80602
2562,pv_39_z_3,pv_39,หนองบัวลำภู,ภาคตะวันออกเฉียงเหนือ,3,รวมพลังประชาชาติไทย,175,0.22,18,80602
2562,pv_39_z_3,pv_39,หนองบัวลำภู,ภาคตะวันออกเฉียงเหนือ,3,ประชานิยม,167,0.21,19,80602
2562,pv_39_z_3,pv_39,หนองบัวลำภู,ภาคตะวันออกเฉียงเหนือ,3,กรีน,164,0.20,20,80602
2562,pv_39_z_3,pv_39,หนองบัวลำภู,ภาคตะวันออกเฉียงเหนือ,3,ภาคีเครือข่ายไทย,129,0.16,21,80602
2562,pv_39_z_3,pv_39,หนองบัวลำภู,ภาคตะวันออกเฉียงเหนือ,3,รักษ์ผืนป่าประเทศไทย,114,0.14,22,80602
2562,pv_39_z_3,pv_39,หนองบัวลำภู,ภาคตะวันออกเฉียงเหนือ,3,รักท้องถิ่นไทย,113,0.14,23,80602
2562,pv_39_z_3,pv_39,หนองบัวลำภู,ภาคตะวันออกเฉียงเหนือ,3,เพื่อไทยพัฒนา,104,0.13,24,80602
2562,pv_39_z_3,pv_39,หนองบัวลำภู,ภาคตะวันออกเฉียงเหนือ,3,พลังปวงชนไทย,95,0.12,25,80602
2562,pv_39_z_3,pv_39,หนองบัวลำภู,ภาคตะวันออกเฉียงเหนือ,3,สามัญชน,91,0.11,26,80602
2562,pv_39_z_3,pv_39,หนองบัวลำภู,ภาคตะวันออกเฉียงเหนือ,3,เพื่อแผ่นดิน,75,0.09,27,80602
2562,pv_39_z_3,pv_39,หนองบัวลำภู,ภาคตะวันออกเฉียงเหนือ,3,พลังไทสร้างชาติ,61,0.08,28,80602
2562,pv_39_z_3,pv_39,หนองบัวลำภู,ภาคตะวันออกเฉียงเหนือ,3,รวมใจไทย,57,0.07,29,80602
2562,pv_39_z_3,pv_39,หนองบัวลำภู,ภาคตะวันออกเฉียงเหนือ,3,ประชาภิวัฒน์,46,0.06,30,80602
2562,pv_39_z_3,pv_39,หนองบัวลำภู,ภาคตะวันออกเฉียงเหนือ,3,ประชาธิปไตยใหม่,43,0.05,31,80602
2562,pv_39_z_3,pv_39,หนองบัวลำภู,ภาคตะวันออกเฉียงเหนือ,3,พลังชาติไทย,36,0.04,32,80602
2562,pv_39_z_3,pv_39,หนองบัวลำภู,ภาคตะวันออกเฉียงเหนือ,3,พลังศรัทธา,29,0.04,33,80602
2562,pv_39_z_3,pv_39,หนองบัวลำภู,ภาคตะวันออกเฉียงเหนือ,3,ไทยรักษาชาติ,0,0.00,34,80602
2562,pv_37_z_1,pv_37,อำนาจเจริญ,ภาคตะวันออกเฉียงเหนือ,1,เพื่อไทย,26320,26.89,1,97879
2562,pv_37_z_1,pv_37,อำนาจเจริญ,ภาคตะวันออกเฉียงเหนือ,1,ภูมิใจไทย,24654,25.19,2,97879
2562,pv_37_z_1,pv_37,อำนาจเจริญ,ภาคตะวันออกเฉียงเหนือ,1,พลังประชารัฐ,17425,17.80,3,97879
2562,pv_37_z_1,pv_37,อำนาจเจริญ,ภาคตะวันออกเฉียงเหนือ,1,อนาคตใหม่,13915,14.22,4,97879
2562,pv_37_z_1,pv_37,อำนาจเจริญ,ภาคตะวันออกเฉียงเหนือ,1,ประชาธิปัตย์,7724,7.89,5,97879
2562,pv_37_z_1,pv_37,อำนาจเจริญ,ภาคตะวันออกเฉียงเหนือ,1,เสรีรวมไทย,3231,3.30,6,97879
2562,pv_37_z_1,pv_37,อำนาจเจริญ,ภาคตะวันออกเฉียงเหนือ,1,ชาติไทยพัฒนา,529,0.54,7,97879
2562,pv_37_z_1,pv_37,อำนาจเจริญ,ภาคตะวันออกเฉียงเหนือ,1,ไทยศรีวิไลย์,518,0.53,8,97879
2562,pv_37_z_1,pv_37,อำนาจเจริญ,ภาคตะวันออกเฉียงเหนือ,1,ประชาชาติ,477,0.49,9,97879
2562,pv_37_z_1,pv_37,อำนาจเจริญ,ภาคตะวันออกเฉียงเหนือ,1,ครูไทยเพื่อประชาชน,464,0.47,10,97879
2562,pv_37_z_1,pv_37,อำนาจเจริญ,ภาคตะวันออกเฉียงเหนือ,1,พลังไทยรักไทย,443,0.45,11,97879
2562,pv_37_z_1,pv_37,อำนาจเจริญ,ภาคตะวันออกเฉียงเหนือ,1,ไทรักธรรม,331,0.34,12,97879
2562,pv_37_z_1,pv_37,อำนาจเจริญ,ภาคตะวันออกเฉียงเหนือ,1,ชาติพัฒนา,286,0.29,13,97879
2562,pv_37_z_1,pv_37,อำนาจเจริญ,ภาคตะวันออกเฉียงเหนือ,1,ประชาชนปฏิรูป,194,0.20,14,97879
2562,pv_37_z_1,pv_37,อำนาจเจริญ,ภาคตะวันออกเฉียงเหนือ,1,รักษ์ผืนป่าประเทศไทย,159,0.16,15,97879
2562,pv_37_z_1,pv_37,อำนาจเจริญ,ภาคตะวันออกเฉียงเหนือ,1,สยามพัฒนา,158,0.16,16,97879
2562,pv_37_z_1,pv_37,อำนาจเจริญ,ภาคตะวันออกเฉียงเหนือ,1,รวมพลังประชาชาติไทย,128,0.13,17,97879
2562,pv_37_z_1,pv_37,อำนาจเจริญ,ภาคตะวันออกเฉียงเหนือ,1,พลังชาติไทย,105,0.11,18,97879
2562,pv_37_z_1,pv_37,อำนาจเจริญ,ภาคตะวันออกเฉียงเหนือ,1,พลังท้องถิ่นไท,100,0.10,19,97879
2562,pv_37_z_1,pv_37,อำนาจเจริญ,ภาคตะวันออกเฉียงเหนือ,1,เพื่อชาติ,96,0.10,20,97879
2562,pv_37_z_1,pv_37,อำนาจเจริญ,ภาคตะวันออกเฉียงเหนือ,1,ประชานิยม,93,0.10,21,97879
2562,pv_37_z_1,pv_37,อำนาจเจริญ,ภาคตะวันออกเฉียงเหนือ,1,พลังปวงชนไทย,93,0.10,22,97879
2562,pv_37_z_1,pv_37,อำนาจเจริญ,ภาคตะวันออกเฉียงเหนือ,1,พลังศรัทธา,91,0.09,23,97879
2562,pv_37_z_1,pv_37,อำนาจเจริญ,ภาคตะวันออกเฉียงเหนือ,1,พลังไทสร้างชาติ,83,0.08,24,97879
2562,pv_37_z_1,pv_37,อำนาจเจริญ,ภาคตะวันออกเฉียงเหนือ,1,ประชาธรรมไทย,68,0.07,25,97879
2562,pv_37_z_1,pv_37,อำนาจเจริญ,ภาคตะวันออกเฉียงเหนือ,1,รักท้องถิ่นไทย,67,0.07,26,97879
2562,pv_37_z_1,pv_37,อำนาจเจริญ,ภาคตะวันออกเฉียงเหนือ,1,ภาคีเครือข่ายไทย,56,0.06,27,97879
2562,pv_37_z_1,pv_37,อำนาจเจริญ,ภาคตะวันออกเฉียงเหนือ,1,เพื่อแผ่นดิน,36,0.04,28,97879
2562,pv_37_z_1,pv_37,อำนาจเจริญ,ภาคตะวันออกเฉียงเหนือ,1,ภราดรภาพ,35,0.04,29,97879
2562,pv_37_z_1,pv_37,อำนาจเจริญ,ภาคตะวันออกเฉียงเหนือ,1,ประชาภิวัฒน์,0,0.00,30,97879
2562,pv_37_z_1,pv_37,อำนาจเจริญ,ภาคตะวันออกเฉียงเหนือ,1,เพื่อนไทย,0,0.00,31,97879
2562,pv_37_z_1,pv_37,อำนาจเจริญ,ภาคตะวันออกเฉียงเหนือ,1,เศรษฐกิจใหม่,0,0.00,32,97879
2562,pv_37_z_2,pv_37,อำนาจเจริญ,ภาคตะวันออกเฉียงเหนือ,2,เพื่อไทย,26540,25.72,1,103170
2562,pv_37_z_2,pv_37,อำนาจเจริญ,ภาคตะวันออกเฉียงเหนือ,2,พลังประชารัฐ,24721,23.96,2,103170
2562,pv_37_z_2,pv_37,อำนาจเจริญ,ภาคตะวันออกเฉียงเหนือ,2,ภูมิใจไทย,21367,20.71,3,103170
2562,pv_37_z_2,pv_37,อำนาจเจริญ,ภาคตะวันออกเฉียงเหนือ,2,ประชาธิปัตย์,11498,11.14,4,103170
2562,pv_37_z_2,pv_37,อำนาจเจริญ,ภาคตะวันออกเฉียงเหนือ,2,อนาคตใหม่,11384,11.03,5,103170
2562,pv_37_z_2,pv_37,อำนาจเจริญ,ภาคตะวันออกเฉียงเหนือ,2,พลังท้องถิ่นไท,1329,1.29,6,103170
2562,pv_37_z_2,pv_37,อำนาจเจริญ,ภาคตะวันออกเฉียงเหนือ,2,เสรีรวมไทย,1317,1.28,7,103170
2562,pv_37_z_2,pv_37,อำนาจเจริญ,ภาคตะวันออกเฉียงเหนือ,2,เพื่อชาติ,891,0.86,8,103170
2562,pv_37_z_2,pv_37,อำนาจเจริญ,ภาคตะวันออกเฉียงเหนือ,2,เพื่อแผ่นดิน,612,0.59,9,103170
2562,pv_37_z_2,pv_37,อำนาจเจริญ,ภาคตะวันออกเฉียงเหนือ,2,เศรษฐกิจใหม่,473,0.46,10,103170
2562,pv_37_z_2,pv_37,อำนาจเจริญ,ภาคตะวันออกเฉียงเหนือ,2,รวมพลังประชาชาติไทย,407,0.39,11,103170
2562,pv_37_z_2,pv_37,อำนาจเจริญ,ภาคตะวันออกเฉียงเหนือ,2,ชาติพัฒนา,324,0.31,12,103170
2562,pv_37_z_2,pv_37,อำนาจเจริญ,ภาคตะวันออกเฉียงเหนือ,2,ประชาธรรมไทย,274,0.27,13,103170
2562,pv_37_z_2,pv_37,อำนาจเจริญ,ภาคตะวันออกเฉียงเหนือ,2,เพื่อคนไทย,232,0.22,14,103170
2562,pv_37_z_2,pv_37,อำนาจเจริญ,ภาคตะวันออกเฉียงเหนือ,2,รักษ์ผืนป่าประเทศไทย,218,0.21,15,103170
2562,pv_37_z_2,pv_37,อำนาจเจริญ,ภาคตะวันออกเฉียงเหนือ,2,ไทยศรีวิไลย์,213,0.21,16,103170
2562,pv_37_z_2,pv_37,อำนาจเจริญ,ภาคตะวันออกเฉียงเหนือ,2,พลังไทยรักไทย,212,0.21,17,103170
2562,pv_37_z_2,pv_37,อำนาจเจริญ,ภาคตะวันออกเฉียงเหนือ,2,รักท้องถิ่นไทย,211,0.20,18,103170
2562,pv_37_z_2,pv_37,อำนาจเจริญ,ภาคตะวันออกเฉียงเหนือ,2,พลังปวงชนไทย,154,0.15,19,103170
2562,pv_37_z_2,pv_37,อำนาจเจริญ,ภาคตะวันออกเฉียงเหนือ,2,ประชาชนปฏิรูป,145,0.14,20,103170
2562,pv_37_z_2,pv_37,อำนาจเจริญ,ภาคตะวันออกเฉียงเหนือ,2,ประชาภิวัฒน์,113,0.11,21,103170
2562,pv_37_z_2,pv_37,อำนาจเจริญ,ภาคตะวันออกเฉียงเหนือ,2,พลังชาติไทย,96,0.09,22,103170
2562,pv_37_z_2,pv_37,อำนาจเจริญ,ภาคตะวันออกเฉียงเหนือ,2,ประชานิยม,90,0.09,23,103170
2562,pv_37_z_2,pv_37,อำนาจเจริญ,ภาคตะวันออกเฉียงเหนือ,2,พลังไทสร้างชาติ,77,0.07,24,103170
2562,pv_37_z_2,pv_37,อำนาจเจริญ,ภาคตะวันออกเฉียงเหนือ,2,พลังศรัทธา,70,0.07,25,103170
2562,pv_37_z_2,pv_37,อำนาจเจริญ,ภาคตะวันออกเฉียงเหนือ,2,ชาติไทยพัฒนา,56,0.05,26,103170
2562,pv_37_z_2,pv_37,อำนาจเจริญ,ภาคตะวันออกเฉียงเหนือ,2,ไทรักธรรม,55,0.05,27,103170
2562,pv_37_z_2,pv_37,อำนาจเจริญ,ภาคตะวันออกเฉียงเหนือ,2,ภาคีเครือข่ายไทย,48,0.05,28,103170
2562,pv_37_z_2,pv_37,อำนาจเจริญ,ภาคตะวันออกเฉียงเหนือ,2,ครูไทยเพื่อประชาชน,43,0.04,29,103170
2562,pv_37_z_2,pv_37,อำนาจเจริญ,ภาคตะวันออกเฉียงเหนือ,2,ไทยรักษาชาติ,0,0.00,30,103170
2562,pv_37_z_2,pv_37,อำนาจเจริญ,ภาคตะวันออกเฉียงเหนือ,2,เพื่อนไทย,0,0.00,31,103170
2562,pv_41_z_1,pv_41,อุดรธานี,ภาคตะวันออกเฉียงเหนือ,1,เพื่อไทย,30963,31.92,1,96995
2562,pv_41_z_1,pv_41,อุดรธานี,ภาคตะวันออกเฉียงเหนือ,1,อนาคตใหม่,26552,27.37,2,96995
2562,pv_41_z_1,pv_41,อุดรธานี,ภาคตะวันออกเฉียงเหนือ,1,พลังประชารัฐ,24635,25.40,3,96995
2562,pv_41_z_1,pv_41,อุดรธานี,ภาคตะวันออกเฉียงเหนือ,1,ภูมิใจไทย,3200,3.30,4,96995
2562,pv_41_z_1,pv_41,อุดรธานี,ภาคตะวันออกเฉียงเหนือ,1,ประชาธิปัตย์,2983,3.08,5,96995
2562,pv_41_z_1,pv_41,อุดรธานี,ภาคตะวันออกเฉียงเหนือ,1,เสรีรวมไทย,2442,2.52,6,96995
2562,pv_41_z_1,pv_41,อุดรธานี,ภาคตะวันออกเฉียงเหนือ,1,เศรษฐกิจใหม่,2161,2.23,7,96995
2562,pv_41_z_1,pv_41,อุดรธานี,ภาคตะวันออกเฉียงเหนือ,1,รวมพลังประชาชาติไทย,916,0.94,8,96995
2562,pv_41_z_1,pv_41,อุดรธานี,ภาคตะวันออกเฉียงเหนือ,1,ชาติไทยพัฒนา,428,0.44,9,96995
2562,pv_41_z_1,pv_41,อุดรธานี,ภาคตะวันออกเฉียงเหนือ,1,ชาติพัฒนา,287,0.30,10,96995
2562,pv_41_z_1,pv_41,อุดรธานี,ภาคตะวันออกเฉียงเหนือ,1,พลังไทยรักไทย,260,0.27,11,96995
2562,pv_41_z_1,pv_41,อุดรธานี,ภาคตะวันออกเฉียงเหนือ,1,พลังท้องถิ่นไท,257,0.26,12,96995
2562,pv_41_z_1,pv_41,อุดรธานี,ภาคตะวันออกเฉียงเหนือ,1,รักษ์ผืนป่าประเทศไทย,227,0.23,13,96995
2562,pv_41_z_1,pv_41,อุดรธานี,ภาคตะวันออกเฉียงเหนือ,1,เพื่อไทยพัฒนา,178,0.18,14,96995
2562,pv_41_z_1,pv_41,อุดรธานี,ภาคตะวันออกเฉียงเหนือ,1,ไทยศรีวิไลย์,159,0.16,15,96995
2562,pv_41_z_1,pv_41,อุดรธานี,ภาคตะวันออกเฉียงเหนือ,1,พลังปวงชนไทย,153,0.16,16,96995
2562,pv_41_z_1,pv_41,อุดรธานี,ภาคตะวันออกเฉียงเหนือ,1,พลังศรัทธา,153,0.16,17,96995
2562,pv_41_z_1,pv_41,อุดรธานี,ภาคตะวันออกเฉียงเหนือ,1,พลังครูไทย,133,0.14,18,96995
2562,pv_41_z_1,pv_41,อุดรธานี,ภาคตะวันออกเฉียงเหนือ,1,ประชาชนปฏิรูป,126,0.13,19,96995
2562,pv_41_z_1,pv_41,อุดรธานี,ภาคตะวันออกเฉียงเหนือ,1,ประชาชาติ,107,0.11,20,96995
2562,pv_41_z_1,pv_41,อุดรธานี,ภาคตะวันออกเฉียงเหนือ,1,เพื่อชาติ,105,0.11,21,96995
2562,pv_41_z_1,pv_41,อุดรธานี,ภาคตะวันออกเฉียงเหนือ,1,ครูไทยเพื่อประชาชน,75,0.08,22,96995
2562,pv_41_z_1,pv_41,อุดรธานี,ภาคตะวันออกเฉียงเหนือ,1,ประชาภิวัฒน์,73,0.08,23,96995
2562,pv_41_z_1,pv_41,อุดรธานี,ภาคตะวันออกเฉียงเหนือ,1,พลังสังคม,61,0.06,24,96995
2562,pv_41_z_1,pv_41,อุดรธานี,ภาคตะวันออกเฉียงเหนือ,1,พลังชาติไทย,56,0.06,25,96995
2562,pv_41_z_1,pv_41,อุดรธานี,ภาคตะวันออกเฉียงเหนือ,1,พลเมืองไทย,44,0.05,26,96995
2562,pv_41_z_1,pv_41,อุดรธานี,ภาคตะวันออกเฉียงเหนือ,1,พลังประชาธิปไตย,44,0.05,27,96995
2562,pv_41_z_1,pv_41,อุดรธานี,ภาคตะวันออกเฉียงเหนือ,1,ไทรักธรรม,38,0.04,28,96995
2562,pv_41_z_1,pv_41,อุดรธานี,ภาคตะวันออกเฉียงเหนือ,1,เพื่อแผ่นดิน,37,0.04,29,96995
2562,pv_41_z_1,pv_41,อุดรธานี,ภาคตะวันออกเฉียงเหนือ,1,ภาคีเครือข่ายไทย,34,0.04,30,96995
2562,pv_41_z_1,pv_41,อุดรธานี,ภาคตะวันออกเฉียงเหนือ,1,ประชากรไทย,23,0.02,31,96995
2562,pv_41_z_1,pv_41,อุดรธานี,ภาคตะวันออกเฉียงเหนือ,1,แผ่นดินธรรม,22,0.02,32,96995
2562,pv_41_z_1,pv_41,อุดรธานี,ภาคตะวันออกเฉียงเหนือ,1,มหาชน,22,0.02,33,96995
2562,pv_41_z_1,pv_41,อุดรธานี,ภาคตะวันออกเฉียงเหนือ,1,ประชาธรรมไทย,21,0.02,34,96995
2562,pv_41_z_1,pv_41,อุดรธานี,ภาคตะวันออกเฉียงเหนือ,1,พลังรัก,20,0.02,35,96995
2562,pv_41_z_1,pv_41,อุดรธานี,ภาคตะวันออกเฉียงเหนือ,1,เพื่อนไทย,0,0.00,36,96995
2562,pv_41_z_1,pv_41,อุดรธานี,ภาคตะวันออกเฉียงเหนือ,1,ประชานิยม,0,0.00,37,96995
2562,pv_41_z_1,pv_41,อุดรธานี,ภาคตะวันออกเฉียงเหนือ,1,ไทยรักษาชาติ,0,0.00,38,96995
2562,pv_41_z_1,pv_41,อุดรธานี,ภาคตะวันออกเฉียงเหนือ,1,กลาง,0,0.00,39,96995
2562,pv_41_z_2,pv_41,อุดรธานี,ภาคตะวันออกเฉียงเหนือ,2,เพื่อไทย,32587,32.93,1,98969
2562,pv_41_z_2,pv_41,อุดรธานี,ภาคตะวันออกเฉียงเหนือ,2,ภูมิใจไทย,24209,24.46,2,98969
2562,pv_41_z_2,pv_41,อุดรธานี,ภาคตะวันออกเฉียงเหนือ,2,พลังประชารัฐ,17400,17.58,3,98969
2562,pv_41_z_2,pv_41,อุดรธานี,ภาคตะวันออกเฉียงเหนือ,2,อนาคตใหม่,16857,17.03,4,98969
2562,pv_41_z_2,pv_41,อุดรธานี,ภาคตะวันออกเฉียงเหนือ,2,เพื่อชาติ,1546,1.56,5,98969
2562,pv_41_z_2,pv_41,อุดรธานี,ภาคตะวันออกเฉียงเหนือ,2,เสรีรวมไทย,1482,1.50,6,98969
2562,pv_41_z_2,pv_41,อุดรธานี,ภาคตะวันออกเฉียงเหนือ,2,ประชาธิปัตย์,891,0.90,7,98969
2562,pv_41_z_2,pv_41,อุดรธานี,ภาคตะวันออกเฉียงเหนือ,2,เศรษฐกิจใหม่,498,0.50,8,98969
2562,pv_41_z_2,pv_41,อุดรธานี,ภาคตะวันออกเฉียงเหนือ,2,แผ่นดินธรรม,396,0.40,9,98969
2562,pv_41_z_2,pv_41,อุดรธานี,ภาคตะวันออกเฉียงเหนือ,2,เพื่อไทยพัฒนา,329,0.33,10,98969
2562,pv_41_z_2,pv_41,อุดรธานี,ภาคตะวันออกเฉียงเหนือ,2,พลังไทยรักไทย,310,0.31,11,98969
2562,pv_41_z_2,pv_41,อุดรธานี,ภาคตะวันออกเฉียงเหนือ,2,ประชาชาติ,293,0.30,12,98969
2562,pv_41_z_2,pv_41,อุดรธานี,ภาคตะวันออกเฉียงเหนือ,2,ประชาชนปฏิรูป,291,0.29,13,98969
2562,pv_41_z_2,pv_41,อุดรธานี,ภาคตะวันออกเฉียงเหนือ,2,รักษ์ผืนป่าประเทศไทย,247,0.25,14,98969
2562,pv_41_z_2,pv_41,อุดรธานี,ภาคตะวันออกเฉียงเหนือ,2,รวมพลังประชาชาติไทย,228,0.23,15,98969
2562,pv_41_z_2,pv_41,อุดรธานี,ภาคตะวันออกเฉียงเหนือ,2,พลังครูไทย,171,0.17,16,98969
2562,pv_41_z_2,pv_41,อุดรธานี,ภาคตะวันออกเฉียงเหนือ,2,ชาติไทยพัฒนา,133,0.13,17,98969
2562,pv_41_z_2,pv_41,อุดรธานี,ภาคตะวันออกเฉียงเหนือ,2,พลังปวงชนไทย,120,0.12,18,98969
2562,pv_41_z_2,pv_41,อุดรธานี,ภาคตะวันออกเฉียงเหนือ,2,พลังท้องถิ่นไท,110,0.11,19,98969
2562,pv_41_z_2,pv_41,อุดรธานี,ภาคตะวันออกเฉียงเหนือ,2,ชาติพัฒนา,108,0.11,20,98969
2562,pv_41_z_2,pv_41,อุดรธานี,ภาคตะวันออกเฉียงเหนือ,2,ไทยศรีวิไลย์,100,0.10,21,98969
2562,pv_41_z_2,pv_41,อุดรธานี,ภาคตะวันออกเฉียงเหนือ,2,พลังสังคม,81,0.08,22,98969
2562,pv_41_z_2,pv_41,อุดรธานี,ภาคตะวันออกเฉียงเหนือ,2,มหาชน,56,0.06,23,98969
2562,pv_41_z_2,pv_41,อุดรธานี,ภาคตะวันออกเฉียงเหนือ,2,พลังชาติไทย,52,0.05,24,98969
2562,pv_41_z_2,pv_41,อุดรธานี,ภาคตะวันออกเฉียงเหนือ,2,ประชานิยม,50,0.05,25,98969
2562,pv_41_z_2,pv_41,อุดรธานี,ภาคตะวันออกเฉียงเหนือ,2,พลังแผ่นดินทอง,50,0.05,26,98969
2562,pv_41_z_2,pv_41,อุดรธานี,ภาคตะวันออกเฉียงเหนือ,2,ภาคีเครือข่ายไทย,48,0.05,27,98969
2562,pv_41_z_2,pv_41,อุดรธานี,ภาคตะวันออกเฉียงเหนือ,2,พลเมืองไทย,44,0.04,28,98969
2562,pv_41_z_2,pv_41,อุดรธานี,ภาคตะวันออกเฉียงเหนือ,2,ทางเลือกใหม่,44,0.04,29,98969
2562,pv_41_z_2,pv_41,อุดรธานี,ภาคตะวันออกเฉียงเหนือ,2,ประชาภิวัฒน์,43,0.04,30,98969
2562,pv_41_z_2,pv_41,อุดรธานี,ภาคตะวันออกเฉียงเหนือ,2,พลังศรัทธา,40,0.04,31,98969
2562,pv_41_z_2,pv_41,อุดรธานี,ภาคตะวันออกเฉียงเหนือ,2,ไทรักธรรม,34,0.03,32,98969
2562,pv_41_z_2,pv_41,อุดรธานี,ภาคตะวันออกเฉียงเหนือ,2,เพื่อแผ่นดิน,33,0.03,33,98969
2562,pv_41_z_2,pv_41,อุดรธานี,ภาคตะวันออกเฉียงเหนือ,2,ประชาธรรมไทย,23,0.02,34,98969
2562,pv_41_z_2,pv_41,อุดรธานี,ภาคตะวันออกเฉียงเหนือ,2,ประชาธิปไตยใหม่,21,0.02,35,98969
2562,pv_41_z_2,pv_41,อุดรธานี,ภาคตะวันออกเฉียงเหนือ,2,ประชากรไทย,18,0.02,36,98969
2562,pv_41_z_2,pv_41,อุดรธานี,ภาคตะวันออกเฉียงเหนือ,2,กลาง,14,0.01,37,98969
2562,pv_41_z_2,pv_41,อุดรธานี,ภาคตะวันออกเฉียงเหนือ,2,พลังประชาธิปไตย,12,0.01,38,98969
2562,pv_41_z_2,pv_41,อุดรธานี,ภาคตะวันออกเฉียงเหนือ,2,ไทยรักษาชาติ,0,0.00,39,98969
2562,pv_41_z_2,pv_41,อุดรธานี,ภาคตะวันออกเฉียงเหนือ,2,ครูไทยเพื่อประชาชน,0,0.00,40,98969
2562,pv_41_z_3,pv_41,อุดรธานี,ภาคตะวันออกเฉียงเหนือ,3,เพื่อไทย,36728,40.87,1,89870
2562,pv_41_z_3,pv_41,อุดรธานี,ภาคตะวันออกเฉียงเหนือ,3,ภูมิใจไทย,24385,27.13,2,89870
2562,pv_41_z_3,pv_41,อุดรธานี,ภาคตะวันออกเฉียงเหนือ,3,อนาคตใหม่,13906,15.47,3,89870
2562,pv_41_z_3,pv_41,อุดรธานี,ภาคตะวันออกเฉียงเหนือ,3,พลังประชารัฐ,5722,6.37,4,89870
2562,pv_41_z_3,pv_41,อุดรธานี,ภาคตะวันออกเฉียงเหนือ,3,ประชาชาติ,1354,1.51,5,89870
2562,pv_41_z_3,pv_41,อุดรธานี,ภาคตะวันออกเฉียงเหนือ,3,เสรีรวมไทย,1259,1.40,6,89870
2562,pv_41_z_3,pv_41,อุดรธานี,ภาคตะวันออกเฉียงเหนือ,3,ประชาธิปัตย์,1118,1.24,7,89870
2562,pv_41_z_3,pv_41,อุดรธานี,ภาคตะวันออกเฉียงเหนือ,3,เศรษฐกิจใหม่,788,0.88,8,89870
2562,pv_41_z_3,pv_41,อุดรธานี,ภาคตะวันออกเฉียงเหนือ,3,พลเมืองไทย,705,0.78,9,89870
2562,pv_41_z_3,pv_41,อุดรธานี,ภาคตะวันออกเฉียงเหนือ,3,ประชาธิปไตยใหม่,547,0.61,10,89870
2562,pv_41_z_3,pv_41,อุดรธานี,ภาคตะวันออกเฉียงเหนือ,3,ชาติไทยพัฒนา,351,0.39,11,89870
2562,pv_41_z_3,pv_41,อุดรธานี,ภาคตะวันออกเฉียงเหนือ,3,เพื่อชาติ,350,0.39,12,89870
2562,pv_41_z_3,pv_41,อุดรธานี,ภาคตะวันออกเฉียงเหนือ,3,พลังปวงชนไทย,299,0.33,13,89870
2562,pv_41_z_3,pv_41,อุดรธานี,ภาคตะวันออกเฉียงเหนือ,3,ประชากรไทย,292,0.32,14,89870
2562,pv_41_z_3,pv_41,อุดรธานี,ภาคตะวันออกเฉียงเหนือ,3,เพื่อไทยพัฒนา,265,0.29,15,89870
2562,pv_41_z_3,pv_41,อุดรธานี,ภาคตะวันออกเฉียงเหนือ,3,ชาติพัฒนา,242,0.27,16,89870
2562,pv_41_z_3,pv_41,อุดรธานี,ภาคตะวันออกเฉียงเหนือ,3,ครูไทยเพื่อประชาชน,152,0.17,17,89870
2562,pv_41_z_3,pv_41,อุดรธานี,ภาคตะวันออกเฉียงเหนือ,3,รวมพลังประชาชาติไทย,121,0.13,18,89870
2562,pv_41_z_3,pv_41,อุดรธานี,ภาคตะวันออกเฉียงเหนือ,3,ประชาธรรมไทย,121,0.13,19,89870
2562,pv_41_z_3,pv_41,อุดรธานี,ภาคตะวันออกเฉียงเหนือ,3,ทางเลือกใหม่,117,0.13,20,89870
2562,pv_41_z_3,pv_41,อุดรธานี,ภาคตะวันออกเฉียงเหนือ,3,ภูมิพลังเกษตรกรไทย,100,0.11,21,89870
2562,pv_41_z_3,pv_41,อุดรธานี,ภาคตะวันออกเฉียงเหนือ,3,รักษ์ผืนป่าประเทศไทย,99,0.11,22,89870
2562,pv_41_z_3,pv_41,อุดรธานี,ภาคตะวันออกเฉียงเหนือ,3,เพื่อแผ่นดิน,96,0.11,23,89870
2562,pv_41_z_3,pv_41,อุดรธานี,ภาคตะวันออกเฉียงเหนือ,3,ประชาภิวัฒน์,91,0.10,24,89870
2562,pv_41_z_3,pv_41,อุดรธานี,ภาคตะวันออกเฉียงเหนือ,3,ประชานิยม,87,0.10,25,89870
2562,pv_41_z_3,pv_41,อุดรธานี,ภาคตะวันออกเฉียงเหนือ,3,พลังไทยรักไทย,84,0.09,26,89870
2562,pv_41_z_3,pv_41,อุดรธานี,ภาคตะวันออกเฉียงเหนือ,3,ภาคีเครือข่ายไทย,76,0.08,27,89870
2562,pv_41_z_3,pv_41,อุดรธานี,ภาคตะวันออกเฉียงเหนือ,3,สยามพัฒนา,70,0.08,28,89870
2562,pv_41_z_3,pv_41,อุดรธานี,ภาคตะวันออกเฉียงเหนือ,3,ไทยศรีวิไลย์,69,0.08,29,89870
2562,pv_41_z_3,pv_41,อุดรธานี,ภาคตะวันออกเฉียงเหนือ,3,มหาชน,52,0.06,30,89870
2562,pv_41_z_3,pv_41,อุดรธานี,ภาคตะวันออกเฉียงเหนือ,3,พลังชาติไทย,46,0.05,31,89870
2562,pv_41_z_3,pv_41,อุดรธานี,ภาคตะวันออกเฉียงเหนือ,3,พลังครูไทย,44,0.05,32,89870
2562,pv_41_z_3,pv_41,อุดรธานี,ภาคตะวันออกเฉียงเหนือ,3,พลังศรัทธา,31,0.03,33,89870
2562,pv_41_z_3,pv_41,อุดรธานี,ภาคตะวันออกเฉียงเหนือ,3,พลังประชาธิปไตย,25,0.03,34,89870
2562,pv_41_z_3,pv_41,อุดรธานี,ภาคตะวันออกเฉียงเหนือ,3,ไทรักธรรม,24,0.03,35,89870
2562,pv_41_z_3,pv_41,อุดรธานี,ภาคตะวันออกเฉียงเหนือ,3,แทนคุณแผ่นดิน,21,0.02,36,89870
2562,pv_41_z_3,pv_41,อุดรธานี,ภาคตะวันออกเฉียงเหนือ,3,พลังสังคม,17,0.02,37,89870
2562,pv_41_z_3,pv_41,อุดรธานี,ภาคตะวันออกเฉียงเหนือ,3,ประชาชนปฏิรูป,16,0.02,38,89870
2562,pv_41_z_3,pv_41,อุดรธานี,ภาคตะวันออกเฉียงเหนือ,3,พลังท้องถิ่นไท,0,0.00,39,89870
2562,pv_41_z_3,pv_41,อุดรธานี,ภาคตะวันออกเฉียงเหนือ,3,ไทยรักษาชาติ,0,0.00,40,89870
2562,pv_41_z_4,pv_41,อุดรธานี,ภาคตะวันออกเฉียงเหนือ,4,เพื่อไทย,47734,50.95,1,93694
2562,pv_41_z_4,pv_41,อุดรธานี,ภาคตะวันออกเฉียงเหนือ,4,อนาคตใหม่,21739,23.20,2,93694
2562,pv_41_z_4,pv_41,อุดรธานี,ภาคตะวันออกเฉียงเหนือ,4,พลังประชารัฐ,9845,10.51,3,93694
2562,pv_41_z_4,pv_41,อุดรธานี,ภาคตะวันออกเฉียงเหนือ,4,ภูมิใจไทย,3572,3.81,4,93694
2562,pv_41_z_4,pv_41,อุดรธานี,ภาคตะวันออกเฉียงเหนือ,4,เสรีรวมไทย,1797,1.92,5,93694
2562,pv_41_z_4,pv_41,อุดรธานี,ภาคตะวันออกเฉียงเหนือ,4,เศรษฐกิจใหม่,1349,1.44,6,93694
2562,pv_41_z_4,pv_41,อุดรธานี,ภาคตะวันออกเฉียงเหนือ,4,ประชาธิปัตย์,1205,1.29,7,93694
2562,pv_41_z_4,pv_41,อุดรธานี,ภาคตะวันออกเฉียงเหนือ,4,เพื่อชาติ,1142,1.22,8,93694
2562,pv_41_z_4,pv_41,อุดรธานี,ภาคตะวันออกเฉียงเหนือ,4,พลเมืองไทย,836,0.89,9,93694
2562,pv_41_z_4,pv_41,อุดรธานี,ภาคตะวันออกเฉียงเหนือ,4,ชาติพัฒนา,490,0.52,10,93694
2562,pv_41_z_4,pv_41,อุดรธานี,ภาคตะวันออกเฉียงเหนือ,4,ประชานิยม,481,0.51,11,93694
2562,pv_41_z_4,pv_41,อุดรธานี,ภาคตะวันออกเฉียงเหนือ,4,พลังครูไทย,409,0.44,12,93694
2562,pv_41_z_4,pv_41,อุดรธานี,ภาคตะวันออกเฉียงเหนือ,4,พลังไทยรักไทย,361,0.39,13,93694
2562,pv_41_z_4,pv_41,อุดรธานี,ภาคตะวันออกเฉียงเหนือ,4,พลังปวงชนไทย,356,0.38,14,93694
2562,pv_41_z_4,pv_41,อุดรธานี,ภาคตะวันออกเฉียงเหนือ,4,ประชาชาติ,237,0.25,15,93694
2562,pv_41_z_4,pv_41,อุดรธานี,ภาคตะวันออกเฉียงเหนือ,4,เพื่อไทยพัฒนา,234,0.25,16,93694
2562,pv_41_z_4,pv_41,อุดรธานี,ภาคตะวันออกเฉียงเหนือ,4,ฐานรากไทย,228,0.24,17,93694
2562,pv_41_z_4,pv_41,อุดรธานี,ภาคตะวันออกเฉียงเหนือ,4,พลังประชาธิปไตย,214,0.23,18,93694
2562,pv_41_z_4,pv_41,อุดรธานี,ภาคตะวันออกเฉียงเหนือ,4,ชาติไทยพัฒนา,181,0.19,19,93694
2562,pv_41_z_4,pv_41,อุดรธานี,ภาคตะวันออกเฉียงเหนือ,4,รักษ์ผืนป่าประเทศไทย,163,0.17,20,93694
2562,pv_41_z_4,pv_41,อุดรธานี,ภาคตะวันออกเฉียงเหนือ,4,ภาคีเครือข่ายไทย,163,0.17,21,93694
2562,pv_41_z_4,pv_41,อุดรธานี,ภาคตะวันออกเฉียงเหนือ,4,รวมพลังประชาชาติไทย,153,0.16,22,93694
2562,pv_41_z_4,pv_41,อุดรธานี,ภาคตะวันออกเฉียงเหนือ,4,ประชาภิวัฒน์,122,0.13,23,93694
2562,pv_41_z_4,pv_41,อุดรธานี,ภาคตะวันออกเฉียงเหนือ,4,พลังชาติไทย,107,0.11,24,93694
2562,pv_41_z_4,pv_41,อุดรธานี,ภาคตะวันออกเฉียงเหนือ,4,ไทยศรีวิไลย์,107,0.11,25,93694
2562,pv_41_z_4,pv_41,อุดรธานี,ภาคตะวันออกเฉียงเหนือ,4,ประชาชนปฏิรูป,95,0.10,26,93694
2562,pv_41_z_4,pv_41,อุดรธานี,ภาคตะวันออกเฉียงเหนือ,4,เพื่อแผ่นดิน,69,0.07,27,93694
2562,pv_41_z_4,pv_41,อุดรธานี,ภาคตะวันออกเฉียงเหนือ,4,แผ่นดินธรรม,60,0.06,28,93694
2562,pv_41_z_4,pv_41,อุดรธานี,ภาคตะวันออกเฉียงเหนือ,4,ประชากรไทย,57,0.06,29,93694
2562,pv_41_z_4,pv_41,อุดรธานี,ภาคตะวันออกเฉียงเหนือ,4,พลังสังคม,57,0.06,30,93694
2562,pv_41_z_4,pv_41,อุดรธานี,ภาคตะวันออกเฉียงเหนือ,4,พลังศรัทธา,50,0.05,31,93694
2562,pv_41_z_4,pv_41,อุดรธานี,ภาคตะวันออกเฉียงเหนือ,4,ประชาธรรมไทย,48,0.05,32,93694
2562,pv_41_z_4,pv_41,อุดรธานี,ภาคตะวันออกเฉียงเหนือ,4,ประชาธิปไตยใหม่,33,0.04,33,93694
2562,pv_41_z_4,pv_41,อุดรธานี,ภาคตะวันออกเฉียงเหนือ,4,เพื่อนไทย,0,0.00,34,93694
2562,pv_41_z_4,pv_41,อุดรธานี,ภาคตะวันออกเฉียงเหนือ,4,ไทยรักษาชาติ,0,0.00,35,93694
2562,pv_41_z_4,pv_41,อุดรธานี,ภาคตะวันออกเฉียงเหนือ,4,ครูไทยเพื่อประชาชน,0,0.00,36,93694
2562,pv_41_z_4,pv_41,อุดรธานี,ภาคตะวันออกเฉียงเหนือ,4,ไทรักธรรม,0,0.00,37,93694
2562,pv_41_z_5,pv_41,อุดรธานี,ภาคตะวันออกเฉียงเหนือ,5,เพื่อไทย,40271,42.77,1,94157
2562,pv_41_z_5,pv_41,อุดรธานี,ภาคตะวันออกเฉียงเหนือ,5,ภูมิใจไทย,17643,18.74,2,94157
2562,pv_41_z_5,pv_41,อุดรธานี,ภาคตะวันออกเฉียงเหนือ,5,อนาคตใหม่,15321,16.27,3,94157
2562,pv_41_z_5,pv_41,อุดรธานี,ภาคตะวันออกเฉียงเหนือ,5,พลังประชารัฐ,11128,11.82,4,94157
2562,pv_41_z_5,pv_41,อุดรธานี,ภาคตะวันออกเฉียงเหนือ,5,เพื่อชาติ,1666,1.77,5,94157
2562,pv_41_z_5,pv_41,อุดรธานี,ภาคตะวันออกเฉียงเหนือ,5,เสรีรวมไทย,1244,1.32,6,94157
2562,pv_41_z_5,pv_41,อุดรธานี,ภาคตะวันออกเฉียงเหนือ,5,ประชาธิปัตย์,1044,1.11,7,94157
2562,pv_41_z_5,pv_41,อุดรธานี,ภาคตะวันออกเฉียงเหนือ,5,เศรษฐกิจใหม่,672,0.71,8,94157
2562,pv_41_z_5,pv_41,อุดรธานี,ภาคตะวันออกเฉียงเหนือ,5,ประชานิยม,541,0.57,9,94157
2562,pv_41_z_5,pv_41,อุดรธานี,ภาคตะวันออกเฉียงเหนือ,5,พลังไทยรักไทย,441,0.47,10,94157
2562,pv_41_z_5,pv_41,อุดรธานี,ภาคตะวันออกเฉียงเหนือ,5,ประชาภิวัฒน์,386,0.41,11,94157
2562,pv_41_z_5,pv_41,อุดรธานี,ภาคตะวันออกเฉียงเหนือ,5,พลเมืองไทย,341,0.36,12,94157
2562,pv_41_z_5,pv_41,อุดรธานี,ภาคตะวันออกเฉียงเหนือ,5,ชาติไทยพัฒนา,323,0.34,13,94157
2562,pv_41_z_5,pv_41,อุดรธานี,ภาคตะวันออกเฉียงเหนือ,5,รวมพลังประชาชาติไทย,282,0.30,14,94157
2562,pv_41_z_5,pv_41,อุดรธานี,ภาคตะวันออกเฉียงเหนือ,5,พลังชาติไทย,268,0.28,15,94157
2562,pv_41_z_5,pv_41,อุดรธานี,ภาคตะวันออกเฉียงเหนือ,5,เพื่อคนไทย,231,0.25,16,94157
2562,pv_41_z_5,pv_41,อุดรธานี,ภาคตะวันออกเฉียงเหนือ,5,ไทรักธรรม,231,0.25,17,94157
2562,pv_41_z_5,pv_41,อุดรธานี,ภาคตะวันออกเฉียงเหนือ,5,ชาติพัฒนา,221,0.23,18,94157
2562,pv_41_z_5,pv_41,อุดรธานี,ภาคตะวันออกเฉียงเหนือ,5,ภูมิพลังเกษตรกรไทย,218,0.23,19,94157
2562,pv_41_z_5,pv_41,อุดรธานี,ภาคตะวันออกเฉียงเหนือ,5,เพื่อแผ่นดิน,213,0.23,20,94157
2562,pv_41_z_5,pv_41,อุดรธานี,ภาคตะวันออกเฉียงเหนือ,5,พลังท้องถิ่นไท,208,0.22,21,94157
2562,pv_41_z_5,pv_41,อุดรธานี,ภาคตะวันออกเฉียงเหนือ,5,ประชาชาติ,183,0.19,22,94157
2562,pv_41_z_5,pv_41,อุดรธานี,ภาคตะวันออกเฉียงเหนือ,5,รักษ์ผืนป่าประเทศไทย,175,0.19,23,94157
2562,pv_41_z_5,pv_41,อุดรธานี,ภาคตะวันออกเฉียงเหนือ,5,พลังปวงชนไทย,131,0.14,24,94157
2562,pv_41_z_5,pv_41,อุดรธานี,ภาคตะวันออกเฉียงเหนือ,5,ประชาชนปฏิรูป,127,0.13,25,94157
2562,pv_41_z_5,pv_41,อุดรธานี,ภาคตะวันออกเฉียงเหนือ,5,กรีน,127,0.13,26,94157
2562,pv_41_z_5,pv_41,อุดรธานี,ภาคตะวันออกเฉียงเหนือ,5,เพื่อไทยพัฒนา,102,0.11,27,94157
2562,pv_41_z_5,pv_41,อุดรธานี,ภาคตะวันออกเฉียงเหนือ,5,กลาง,101,0.11,28,94157
2562,pv_41_z_5,pv_41,อุดรธานี,ภาคตะวันออกเฉียงเหนือ,5,ประชาธรรมไทย,72,0.08,29,94157
2562,pv_41_z_5,pv_41,อุดรธานี,ภาคตะวันออกเฉียงเหนือ,5,ครูไทยเพื่อประชาชน,55,0.06,30,94157
2562,pv_41_z_5,pv_41,อุดรธานี,ภาคตะวันออกเฉียงเหนือ,5,พลังศรัทธา,48,0.05,31,94157
2562,pv_41_z_5,pv_41,อุดรธานี,ภาคตะวันออกเฉียงเหนือ,5,ฐานรากไทย,41,0.04,32,94157
2562,pv_41_z_5,pv_41,อุดรธานี,ภาคตะวันออกเฉียงเหนือ,5,พลังประชาธิปไตย,38,0.04,33,94157
2562,pv_41_z_5,pv_41,อุดรธานี,ภาคตะวันออกเฉียงเหนือ,5,แผ่นดินธรรม,37,0.04,34,94157
2562,pv_41_z_5,pv_41,อุดรธานี,ภาคตะวันออกเฉียงเหนือ,5,ภาคีเครือข่ายไทย,27,0.03,35,94157
2562,pv_41_z_5,pv_41,อุดรธานี,ภาคตะวันออกเฉียงเหนือ,5,เพื่อนไทย,0,0.00,36,94157
2562,pv_41_z_5,pv_41,อุดรธานี,ภาคตะวันออกเฉียงเหนือ,5,มหาชน,0,0.00,37,94157
2562,pv_41_z_5,pv_41,อุดรธานี,ภาคตะวันออกเฉียงเหนือ,5,ไทยรักษาชาติ,0,0.00,38,94157
2562,pv_41_z_6,pv_41,อุดรธานี,ภาคตะวันออกเฉียงเหนือ,6,เพื่อไทย,41307,41.28,1,100067
2562,pv_41_z_6,pv_41,อุดรธานี,ภาคตะวันออกเฉียงเหนือ,6,อนาคตใหม่,19422,19.41,2,100067
2562,pv_41_z_6,pv_41,อุดรธานี,ภาคตะวันออกเฉียงเหนือ,6,พลังประชารัฐ,13317,13.31,3,100067
2562,pv_41_z_6,pv_41,อุดรธานี,ภาคตะวันออกเฉียงเหนือ,6,ภูมิใจไทย,4155,4.15,4,100067
2562,pv_41_z_6,pv_41,อุดรธานี,ภาคตะวันออกเฉียงเหนือ,6,ชาติไทยพัฒนา,3818,3.82,5,100067
2562,pv_41_z_6,pv_41,อุดรธานี,ภาคตะวันออกเฉียงเหนือ,6,ประชาธรรมไทย,2180,2.18,6,100067
2562,pv_41_z_6,pv_41,อุดรธานี,ภาคตะวันออกเฉียงเหนือ,6,เสรีรวมไทย,2054,2.05,7,100067
2562,pv_41_z_6,pv_41,อุดรธานี,ภาคตะวันออกเฉียงเหนือ,6,พลังปวงชนไทย,1931,1.93,8,100067
2562,pv_41_z_6,pv_41,อุดรธานี,ภาคตะวันออกเฉียงเหนือ,6,คนธรรมดาแห่งประเทศไทย,1731,1.73,9,100067
2562,pv_41_z_6,pv_41,อุดรธานี,ภาคตะวันออกเฉียงเหนือ,6,ประชาธิปัตย์,1692,1.69,10,100067
2562,pv_41_z_6,pv_41,อุดรธานี,ภาคตะวันออกเฉียงเหนือ,6,เพื่อชาติ,1505,1.50,11,100067
2562,pv_41_z_6,pv_41,อุดรธานี,ภาคตะวันออกเฉียงเหนือ,6,เศรษฐกิจใหม่,860,0.86,12,100067
2562,pv_41_z_6,pv_41,อุดรธานี,ภาคตะวันออกเฉียงเหนือ,6,ประชาชาติ,797,0.80,13,100067
2562,pv_41_z_6,pv_41,อุดรธานี,ภาคตะวันออกเฉียงเหนือ,6,แผ่นดินธรรม,593,0.59,14,100067
2562,pv_41_z_6,pv_41,อุดรธานี,ภาคตะวันออกเฉียงเหนือ,6,พลังไทยรักไทย,576,0.58,15,100067
2562,pv_41_z_6,pv_41,อุดรธานี,ภาคตะวันออกเฉียงเหนือ,6,ฐานรากไทย,450,0.45,16,100067
2562,pv_41_z_6,pv_41,อุดรธานี,ภาคตะวันออกเฉียงเหนือ,6,รักษ์ผืนป่าประเทศไทย,328,0.33,17,100067
2562,pv_41_z_6,pv_41,อุดรธานี,ภาคตะวันออกเฉียงเหนือ,6,ครูไทยเพื่อประชาชน,322,0.32,18,100067
2562,pv_41_z_6,pv_41,อุดรธานี,ภาคตะวันออกเฉียงเหนือ,6,รวมพลังประชาชาติไทย,290,0.29,19,100067
2562,pv_41_z_6,pv_41,อุดรธานี,ภาคตะวันออกเฉียงเหนือ,6,ประชาภิวัฒน์,253,0.25,20,100067
2562,pv_41_z_6,pv_41,อุดรธานี,ภาคตะวันออกเฉียงเหนือ,6,เพื่อไทยพัฒนา,198,0.20,21,100067
2562,pv_41_z_6,pv_41,อุดรธานี,ภาคตะวันออกเฉียงเหนือ,6,พลังสังคม,196,0.20,22,100067
2562,pv_41_z_6,pv_41,อุดรธานี,ภาคตะวันออกเฉียงเหนือ,6,ประชานิยม,192,0.19,23,100067
2562,pv_41_z_6,pv_41,อุดรธานี,ภาคตะวันออกเฉียงเหนือ,6,แทนคุณแผ่นดิน,169,0.17,24,100067
2562,pv_41_z_6,pv_41,อุดรธานี,ภาคตะวันออกเฉียงเหนือ,6,ภูมิพลังเกษตรกรไทย,166,0.17,25,100067
2562,pv_41_z_6,pv_41,อุดรธานี,ภาคตะวันออกเฉียงเหนือ,6,พลังท้องถิ่นไท,164,0.16,26,100067
2562,pv_41_z_6,pv_41,อุดรธานี,ภาคตะวันออกเฉียงเหนือ,6,พลังชาติไทย,164,0.16,27,100067
2562,pv_41_z_6,pv_41,อุดรธานี,ภาคตะวันออกเฉียงเหนือ,6,ไทยศรีวิไลย์,157,0.16,28,100067
2562,pv_41_z_6,pv_41,อุดรธานี,ภาคตะวันออกเฉียงเหนือ,6,ชาติพัฒนา,141,0.14,29,100067
2562,pv_41_z_6,pv_41,อุดรธานี,ภาคตะวันออกเฉียงเหนือ,6,ไทยธรรม,135,0.13,30,100067
2562,pv_41_z_6,pv_41,อุดรธานี,ภาคตะวันออกเฉียงเหนือ,6,พลเมืองไทย,131,0.13,31,100067
2562,pv_41_z_6,pv_41,อุดรธานี,ภาคตะวันออกเฉียงเหนือ,6,พลังรัก,103,0.10,32,100067
2562,pv_41_z_6,pv_41,อุดรธานี,ภาคตะวันออกเฉียงเหนือ,6,ผึ้งหลวง,101,0.10,33,100067
2562,pv_41_z_6,pv_41,อุดรธานี,ภาคตะวันออกเฉียงเหนือ,6,ไทรักธรรม,92,0.09,34,100067
2562,pv_41_z_6,pv_41,อุดรธานี,ภาคตะวันออกเฉียงเหนือ,6,พลังประชาธิปไตย,83,0.08,35,100067
2562,pv_41_z_6,pv_41,อุดรธานี,ภาคตะวันออกเฉียงเหนือ,6,มหาชน,72,0.07,36,100067
2562,pv_41_z_6,pv_41,อุดรธานี,ภาคตะวันออกเฉียงเหนือ,6,ประชาชนปฏิรูป,69,0.07,37,100067
2562,pv_41_z_6,pv_41,อุดรธานี,ภาคตะวันออกเฉียงเหนือ,6,ประชากรไทย,67,0.07,38,100067
2562,pv_41_z_6,pv_41,อุดรธานี,ภาคตะวันออกเฉียงเหนือ,6,เพื่อแผ่นดิน,40,0.04,39,100067
2562,pv_41_z_6,pv_41,อุดรธานี,ภาคตะวันออกเฉียงเหนือ,6,กลาง,23,0.02,40,100067
2562,pv_41_z_6,pv_41,อุดรธานี,ภาคตะวันออกเฉียงเหนือ,6,ภาคีเครือข่ายไทย,23,0.02,41,100067
2562,pv_41_z_6,pv_41,อุดรธานี,ภาคตะวันออกเฉียงเหนือ,6,เพื่อนไทย,0,0.00,42,100067
2562,pv_41_z_6,pv_41,อุดรธานี,ภาคตะวันออกเฉียงเหนือ,6,ไทยรักษาชาติ,0,0.00,43,100067
2562,pv_41_z_7,pv_41,อุดรธานี,ภาคตะวันออกเฉียงเหนือ,7,เพื่อไทย,46351,47.40,1,97787
2562,pv_41_z_7,pv_41,อุดรธานี,ภาคตะวันออกเฉียงเหนือ,7,อนาคตใหม่,19449,19.89,2,97787
2562,pv_41_z_7,pv_41,อุดรธานี,ภาคตะวันออกเฉียงเหนือ,7,พลังประชารัฐ,7291,7.46,3,97787
2562,pv_41_z_7,pv_41,อุดรธานี,ภาคตะวันออกเฉียงเหนือ,7,พลังปวงชนไทย,6548,6.70,4,97787
2562,pv_41_z_7,pv_41,อุดรธานี,ภาคตะวันออกเฉียงเหนือ,7,เสรีรวมไทย,3911,4.00,5,97787
2562,pv_41_z_7,pv_41,อุดรธานี,ภาคตะวันออกเฉียงเหนือ,7,ประชาธิปัตย์,1561,1.60,6,97787
2562,pv_41_z_7,pv_41,อุดรธานี,ภาคตะวันออกเฉียงเหนือ,7,ชาติไทยพัฒนา,1420,1.45,7,97787
2562,pv_41_z_7,pv_41,อุดรธานี,ภาคตะวันออกเฉียงเหนือ,7,พลังไทยรักไทย,1283,1.31,8,97787
2562,pv_41_z_7,pv_41,อุดรธานี,ภาคตะวันออกเฉียงเหนือ,7,พลังท้องถิ่นไท,1275,1.30,9,97787
2562,pv_41_z_7,pv_41,อุดรธานี,ภาคตะวันออกเฉียงเหนือ,7,สยามพัฒนา,1105,1.13,10,97787
2562,pv_41_z_7,pv_41,อุดรธานี,ภาคตะวันออกเฉียงเหนือ,7,ชาติพัฒนา,1083,1.11,11,97787
2562,pv_41_z_7,pv_41,อุดรธานี,ภาคตะวันออกเฉียงเหนือ,7,ประชาชาติ,1002,1.02,12,97787
2562,pv_41_z_7,pv_41,อุดรธานี,ภาคตะวันออกเฉียงเหนือ,7,เพื่อชาติ,826,0.84,13,97787
2562,pv_41_z_7,pv_41,อุดรธานี,ภาคตะวันออกเฉียงเหนือ,7,เศรษฐกิจใหม่,625,0.64,14,97787
2562,pv_41_z_7,pv_41,อุดรธานี,ภาคตะวันออกเฉียงเหนือ,7,เพื่อแผ่นดิน,570,0.58,15,97787
2562,pv_41_z_7,pv_41,อุดรธานี,ภาคตะวันออกเฉียงเหนือ,7,ภูมิใจไทย,519,0.53,16,97787
2562,pv_41_z_7,pv_41,อุดรธานี,ภาคตะวันออกเฉียงเหนือ,7,ประชาธรรมไทย,310,0.32,17,97787
2562,pv_41_z_7,pv_41,อุดรธานี,ภาคตะวันออกเฉียงเหนือ,7,ประชานิยม,309,0.32,18,97787
2562,pv_41_z_7,pv_41,อุดรธานี,ภาคตะวันออกเฉียงเหนือ,7,ประชาภิวัฒน์,299,0.31,19,97787
2562,pv_41_z_7,pv_41,อุดรธานี,ภาคตะวันออกเฉียงเหนือ,7,รวมพลังประชาชาติไทย,275,0.28,20,97787
2562,pv_41_z_7,pv_41,อุดรธานี,ภาคตะวันออกเฉียงเหนือ,7,รักษ์ผืนป่าประเทศไทย,234,0.24,21,97787
2562,pv_41_z_7,pv_41,อุดรธานี,ภาคตะวันออกเฉียงเหนือ,7,เพื่อไทยพัฒนา,190,0.19,22,97787
2562,pv_41_z_7,pv_41,อุดรธานี,ภาคตะวันออกเฉียงเหนือ,7,ประชากรไทย,159,0.16,23,97787
2562,pv_41_z_7,pv_41,อุดรธานี,ภาคตะวันออกเฉียงเหนือ,7,ประชาชนปฏิรูป,145,0.15,24,97787
2562,pv_41_z_7,pv_41,อุดรธานี,ภาคตะวันออกเฉียงเหนือ,7,พลังศรัทธา,142,0.15,25,97787
2562,pv_41_z_7,pv_41,อุดรธานี,ภาคตะวันออกเฉียงเหนือ,7,ครูไทยเพื่อประชาชน,132,0.13,26,97787
2562,pv_41_z_7,pv_41,อุดรธานี,ภาคตะวันออกเฉียงเหนือ,7,ภูมิพลังเกษตรกรไทย,132,0.13,27,97787
2562,pv_41_z_7,pv_41,อุดรธานี,ภาคตะวันออกเฉียงเหนือ,7,ไทยศรีวิไลย์,132,0.13,28,97787
2562,pv_41_z_7,pv_41,อุดรธานี,ภาคตะวันออกเฉียงเหนือ,7,พลังสังคม,123,0.13,29,97787
2562,pv_41_z_7,pv_41,อุดรธานี,ภาคตะวันออกเฉียงเหนือ,7,พลเมืองไทย,108,0.11,30,97787
2562,pv_41_z_7,pv_41,อุดรธานี,ภาคตะวันออกเฉียงเหนือ,7,พลังชาติไทย,60,0.06,31,97787
2562,pv_41_z_7,pv_41,อุดรธานี,ภาคตะวันออกเฉียงเหนือ,7,มหาชน,53,0.05,32,97787
2562,pv_41_z_7,pv_41,อุดรธานี,ภาคตะวันออกเฉียงเหนือ,7,พลังประชาธิปไตย,51,0.05,33,97787
2562,pv_41_z_7,pv_41,อุดรธานี,ภาคตะวันออกเฉียงเหนือ,7,ไทรักธรรม,48,0.05,34,97787
2562,pv_41_z_7,pv_41,อุดรธานี,ภาคตะวันออกเฉียงเหนือ,7,ภาคีเครือข่ายไทย,34,0.03,35,97787
2562,pv_41_z_7,pv_41,อุดรธานี,ภาคตะวันออกเฉียงเหนือ,7,กลาง,32,0.03,36,97787
2562,pv_41_z_7,pv_41,อุดรธานี,ภาคตะวันออกเฉียงเหนือ,7,ไทยรักษาชาติ,0,0.00,37,97787
2562,pv_41_z_8,pv_41,อุดรธานี,ภาคตะวันออกเฉียงเหนือ,8,เพื่อไทย,58318,60.07,1,97087
2562,pv_41_z_8,pv_41,อุดรธานี,ภาคตะวันออกเฉียงเหนือ,8,อนาคตใหม่,15604,16.07,2,97087
2562,pv_41_z_8,pv_41,อุดรธานี,ภาคตะวันออกเฉียงเหนือ,8,พลังประชารัฐ,6715,6.92,3,97087
2562,pv_41_z_8,pv_41,อุดรธานี,ภาคตะวันออกเฉียงเหนือ,8,ภูมิใจไทย,4020,4.14,4,97087
2562,pv_41_z_8,pv_41,อุดรธานี,ภาคตะวันออกเฉียงเหนือ,8,ประชาธิปัตย์,2763,2.85,5,97087
2562,pv_41_z_8,pv_41,อุดรธานี,ภาคตะวันออกเฉียงเหนือ,8,เพื่อชาติ,2258,2.33,6,97087
2562,pv_41_z_8,pv_41,อุดรธานี,ภาคตะวันออกเฉียงเหนือ,8,ชาติพัฒนา,1039,1.07,7,97087
2562,pv_41_z_8,pv_41,อุดรธานี,ภาคตะวันออกเฉียงเหนือ,8,เสรีรวมไทย,979,1.01,8,97087
2562,pv_41_z_8,pv_41,อุดรธานี,ภาคตะวันออกเฉียงเหนือ,8,ประชากรไทย,971,1.00,9,97087
2562,pv_41_z_8,pv_41,อุดรธานี,ภาคตะวันออกเฉียงเหนือ,8,เศรษฐกิจใหม่,600,0.62,10,97087
2562,pv_41_z_8,pv_41,อุดรธานี,ภาคตะวันออกเฉียงเหนือ,8,ชาติไทยพัฒนา,406,0.42,11,97087
2562,pv_41_z_8,pv_41,อุดรธานี,ภาคตะวันออกเฉียงเหนือ,8,ประชานิยม,402,0.41,12,97087
2562,pv_41_z_8,pv_41,อุดรธานี,ภาคตะวันออกเฉียงเหนือ,8,พลังท้องถิ่นไท,358,0.37,13,97087
2562,pv_41_z_8,pv_41,อุดรธานี,ภาคตะวันออกเฉียงเหนือ,8,เพื่อไทยพัฒนา,288,0.30,14,97087
2562,pv_41_z_8,pv_41,อุดรธานี,ภาคตะวันออกเฉียงเหนือ,8,ประชาชาติ,264,0.27,15,97087
2562,pv_41_z_8,pv_41,อุดรธานี,ภาคตะวันออกเฉียงเหนือ,8,พลังไทยรักไทย,233,0.24,16,97087
2562,pv_41_z_8,pv_41,อุดรธานี,ภาคตะวันออกเฉียงเหนือ,8,ประชาธรรมไทย,193,0.20,17,97087
2562,pv_41_z_8,pv_41,อุดรธานี,ภาคตะวันออกเฉียงเหนือ,8,ไทรักธรรม,193,0.20,18,97087
2562,pv_41_z_8,pv_41,อุดรธานี,ภาคตะวันออกเฉียงเหนือ,8,พลังครูไทย,183,0.19,19,97087
2562,pv_41_z_8,pv_41,อุดรธานี,ภาคตะวันออกเฉียงเหนือ,8,ประชาชนปฏิรูป,163,0.17,20,97087
2562,pv_41_z_8,pv_41,อุดรธานี,ภาคตะวันออกเฉียงเหนือ,8,รักษ์ผืนป่าประเทศไทย,158,0.16,21,97087
2562,pv_41_z_8,pv_41,อุดรธานี,ภาคตะวันออกเฉียงเหนือ,8,รวมพลังประชาชาติไทย,152,0.16,22,97087
2562,pv_41_z_8,pv_41,อุดรธานี,ภาคตะวันออกเฉียงเหนือ,8,ครูไทยเพื่อประชาชน,146,0.15,23,97087
2562,pv_41_z_8,pv_41,อุดรธานี,ภาคตะวันออกเฉียงเหนือ,8,พลังปวงชนไทย,100,0.10,24,97087
2562,pv_41_z_8,pv_41,อุดรธานี,ภาคตะวันออกเฉียงเหนือ,8,พลเมืองไทย,86,0.09,25,97087
2562,pv_41_z_8,pv_41,อุดรธานี,ภาคตะวันออกเฉียงเหนือ,8,พลังศรัทธา,82,0.08,26,97087
2562,pv_41_z_8,pv_41,อุดรธานี,ภาคตะวันออกเฉียงเหนือ,8,ประชาภิวัฒน์,74,0.08,27,97087
2562,pv_41_z_8,pv_41,อุดรธานี,ภาคตะวันออกเฉียงเหนือ,8,เพื่อแผ่นดิน,71,0.07,28,97087
2562,pv_41_z_8,pv_41,อุดรธานี,ภาคตะวันออกเฉียงเหนือ,8,พลังประชาธิปไตย,68,0.07,29,97087
2562,pv_41_z_8,pv_41,อุดรธานี,ภาคตะวันออกเฉียงเหนือ,8,เพื่อคนไทย,67,0.07,30,97087
2562,pv_41_z_8,pv_41,อุดรธานี,ภาคตะวันออกเฉียงเหนือ,8,มหาชน,58,0.06,31,97087
2562,pv_41_z_8,pv_41,อุดรธานี,ภาคตะวันออกเฉียงเหนือ,8,พลังชาติไทย,52,0.05,32,97087
2562,pv_41_z_8,pv_41,อุดรธานี,ภาคตะวันออกเฉียงเหนือ,8,ภาคีเครือข่ายไทย,23,0.02,33,97087
2562,pv_41_z_8,pv_41,อุดรธานี,ภาคตะวันออกเฉียงเหนือ,8,เพื่อนไทย,0,0.00,34,97087
2562,pv_41_z_8,pv_41,อุดรธานี,ภาคตะวันออกเฉียงเหนือ,8,ไทยรักษาชาติ,0,0.00,35,97087
2562,pv_53_z_1,pv_53,อุตรดิตถ์,ภาคเหนือ,1,เพื่อไทย,54669,40.22,1,135933
2562,pv_53_z_1,pv_53,อุตรดิตถ์,ภาคเหนือ,1,พลังประชารัฐ,40747,29.98,2,135933
2562,pv_53_z_1,pv_53,อุตรดิตถ์,ภาคเหนือ,1,อนาคตใหม่,23828,17.53,3,135933
2562,pv_53_z_1,pv_53,อุตรดิตถ์,ภาคเหนือ,1,ประชาธิปัตย์,5318,3.91,4,135933
2562,pv_53_z_1,pv_53,อุตรดิตถ์,ภาคเหนือ,1,เสรีรวมไทย,1762,1.30,5,135933
2562,pv_53_z_1,pv_53,อุตรดิตถ์,ภาคเหนือ,1,เพื่อชาติ,1553,1.14,6,135933
2562,pv_53_z_1,pv_53,อุตรดิตถ์,ภาคเหนือ,1,เศรษฐกิจใหม่,1180,0.87,7,135933
2562,pv_53_z_1,pv_53,อุตรดิตถ์,ภาคเหนือ,1,พลังปวงชนไทย,786,0.58,8,135933
2562,pv_53_z_1,pv_53,อุตรดิตถ์,ภาคเหนือ,1,พลังธรรมใหม่,680,0.50,9,135933
2562,pv_53_z_1,pv_53,อุตรดิตถ์,ภาคเหนือ,1,รวมพลังประชาชาติไทย,661,0.49,10,135933
2562,pv_53_z_1,pv_53,อุตรดิตถ์,ภาคเหนือ,1,เพื่อแผ่นดิน,624,0.46,11,135933
2562,pv_53_z_1,pv_53,อุตรดิตถ์,ภาคเหนือ,1,ภูมิใจไทย,623,0.46,12,135933
2562,pv_53_z_1,pv_53,อุตรดิตถ์,ภาคเหนือ,1,พลังสังคม,595,0.44,13,135933
2562,pv_53_z_1,pv_53,อุตรดิตถ์,ภาคเหนือ,1,ประชานิยม,404,0.30,14,135933
2562,pv_53_z_1,pv_53,อุตรดิตถ์,ภาคเหนือ,1,ชาติไทยพัฒนา,250,0.18,15,135933
2562,pv_53_z_1,pv_53,อุตรดิตถ์,ภาคเหนือ,1,พลังท้องถิ่นไท,235,0.17,16,135933
2562,pv_53_z_1,pv_53,อุตรดิตถ์,ภาคเหนือ,1,ครูไทยเพื่อประชาชน,225,0.17,17,135933
2562,pv_53_z_1,pv_53,อุตรดิตถ์,ภาคเหนือ,1,ไทรักธรรม,213,0.16,18,135933
2562,pv_53_z_1,pv_53,อุตรดิตถ์,ภาคเหนือ,1,ไทยศรีวิไลย์,205,0.15,19,135933
2562,pv_53_z_1,pv_53,อุตรดิตถ์,ภาคเหนือ,1,ประชาธิปไตยใหม่,185,0.14,20,135933
2562,pv_53_z_1,pv_53,อุตรดิตถ์,ภาคเหนือ,1,พลังไทสร้างชาติ,161,0.12,21,135933
2562,pv_53_z_1,pv_53,อุตรดิตถ์,ภาคเหนือ,1,รักษ์ผืนป่าประเทศไทย,146,0.11,22,135933
2562,pv_53_z_1,pv_53,อุตรดิตถ์,ภาคเหนือ,1,พลังไทยดี,143,0.11,23,135933
2562,pv_53_z_1,pv_53,อุตรดิตถ์,ภาคเหนือ,1,พลังชาติไทย,129,0.09,24,135933
2562,pv_53_z_1,pv_53,อุตรดิตถ์,ภาคเหนือ,1,ภราดรภาพ,118,0.09,25,135933
2562,pv_53_z_1,pv_53,อุตรดิตถ์,ภาคเหนือ,1,กรีน,115,0.08,26,135933
2562,pv_53_z_1,pv_53,อุตรดิตถ์,ภาคเหนือ,1,ประชาธรรมไทย,99,0.07,27,135933
2562,pv_53_z_1,pv_53,อุตรดิตถ์,ภาคเหนือ,1,พลังประชาธิปไตย,87,0.06,28,135933
2562,pv_53_z_1,pv_53,อุตรดิตถ์,ภาคเหนือ,1,ผึ้งหลวง,81,0.06,29,135933
2562,pv_53_z_1,pv_53,อุตรดิตถ์,ภาคเหนือ,1,ประชาภิวัฒน์,67,0.05,30,135933
2562,pv_53_z_1,pv_53,อุตรดิตถ์,ภาคเหนือ,1,แทนคุณแผ่นดิน,44,0.03,31,135933
2562,pv_53_z_1,pv_53,อุตรดิตถ์,ภาคเหนือ,1,ประชาชนปฏิรูป,0,0.00,32,135933
2562,pv_53_z_2,pv_53,อุตรดิตถ์,ภาคเหนือ,2,เพื่อไทย,51144,43.96,1,116346
2562,pv_53_z_2,pv_53,อุตรดิตถ์,ภาคเหนือ,2,พลังประชารัฐ,33797,29.05,2,116346
2562,pv_53_z_2,pv_53,อุตรดิตถ์,ภาคเหนือ,2,อนาคตใหม่,16020,13.77,3,116346
2562,pv_53_z_2,pv_53,อุตรดิตถ์,ภาคเหนือ,2,ประชาธิปัตย์,5702,4.90,4,116346
2562,pv_53_z_2,pv_53,อุตรดิตถ์,ภาคเหนือ,2,ภูมิใจไทย,1649,1.42,5,116346
2562,pv_53_z_2,pv_53,อุตรดิตถ์,ภาคเหนือ,2,เสรีรวมไทย,1420,1.22,6,116346
2562,pv_53_z_2,pv_53,อุตรดิตถ์,ภาคเหนือ,2,พลังปวงชนไทย,849,0.73,7,116346
2562,pv_53_z_2,pv_53,อุตรดิตถ์,ภาคเหนือ,2,เศรษฐกิจใหม่,767,0.66,8,116346
2562,pv_53_z_2,pv_53,อุตรดิตถ์,ภาคเหนือ,2,รักษ์ผืนป่าประเทศไทย,744,0.64,9,116346
2562,pv_53_z_2,pv_53,อุตรดิตถ์,ภาคเหนือ,2,รวมพลังประชาชาติไทย,555,0.48,10,116346
2562,pv_53_z_2,pv_53,อุตรดิตถ์,ภาคเหนือ,2,ประชานิยม,497,0.43,11,116346
2562,pv_53_z_2,pv_53,อุตรดิตถ์,ภาคเหนือ,2,เพื่อชาติ,461,0.40,12,116346
2562,pv_53_z_2,pv_53,อุตรดิตถ์,ภาคเหนือ,2,พลังธรรมใหม่,415,0.36,13,116346
2562,pv_53_z_2,pv_53,อุตรดิตถ์,ภาคเหนือ,2,ไทรักธรรม,296,0.25,14,116346
2562,pv_53_z_2,pv_53,อุตรดิตถ์,ภาคเหนือ,2,ไทยศรีวิไลย์,292,0.25,15,116346
2562,pv_53_z_2,pv_53,อุตรดิตถ์,ภาคเหนือ,2,ครูไทยเพื่อประชาชน,287,0.25,16,116346
2562,pv_53_z_2,pv_53,อุตรดิตถ์,ภาคเหนือ,2,พลังท้องถิ่นไท,249,0.21,17,116346
2562,pv_53_z_2,pv_53,อุตรดิตถ์,ภาคเหนือ,2,พลังไทยรักไทย,240,0.21,18,116346
2562,pv_53_z_2,pv_53,อุตรดิตถ์,ภาคเหนือ,2,กสิกรไทย,183,0.16,19,116346
2562,pv_53_z_2,pv_53,อุตรดิตถ์,ภาคเหนือ,2,เพื่อแผ่นดิน,159,0.14,20,116346
2562,pv_53_z_2,pv_53,อุตรดิตถ์,ภาคเหนือ,2,พลังชาติไทย,144,0.12,21,116346
2562,pv_53_z_2,pv_53,อุตรดิตถ์,ภาคเหนือ,2,ภราดรภาพ,122,0.10,22,116346
2562,pv_53_z_2,pv_53,อุตรดิตถ์,ภาคเหนือ,2,ประชาธรรมไทย,88,0.08,23,116346
2562,pv_53_z_2,pv_53,อุตรดิตถ์,ภาคเหนือ,2,ประชาชนปฏิรูป,80,0.07,24,116346
2562,pv_53_z_2,pv_53,อุตรดิตถ์,ภาคเหนือ,2,ผึ้งหลวง,78,0.07,25,116346
2562,pv_53_z_2,pv_53,อุตรดิตถ์,ภาคเหนือ,2,แทนคุณแผ่นดิน,62,0.05,26,116346
2562,pv_53_z_2,pv_53,อุตรดิตถ์,ภาคเหนือ,2,ประชาภิวัฒน์,46,0.04,27,116346
2562,pv_61_z_1,pv_61,อุทัยธานี,ภาคกลาง,1,ภูมิใจไทย,58659,64.35,1,91156
2562,pv_61_z_1,pv_61,อุทัยธานี,ภาคกลาง,1,อนาคตใหม่,9075,9.96,2,91156
2562,pv_61_z_1,pv_61,อุทัยธานี,ภาคกลาง,1,ประชาธิปัตย์,8122,8.91,3,91156
2562,pv_61_z_1,pv_61,อุทัยธานี,ภาคกลาง,1,พลังประชารัฐ,8042,8.82,4,91156
2562,pv_61_z_1,pv_61,อุทัยธานี,ภาคกลาง,1,เสรีรวมไทย,2493,2.73,5,91156
2562,pv_61_z_1,pv_61,อุทัยธานี,ภาคกลาง,1,เพื่อชาติ,1629,1.79,6,91156
2562,pv_61_z_1,pv_61,อุทัยธานี,ภาคกลาง,1,รวมพลังประชาชาติไทย,717,0.79,7,91156
2562,pv_61_z_1,pv_61,อุทัยธานี,ภาคกลาง,1,เศรษฐกิจใหม่,647,0.71,8,91156
2562,pv_61_z_1,pv_61,อุทัยธานี,ภาคกลาง,1,พลังท้องถิ่นไท,341,0.37,9,91156
2562,pv_61_z_1,pv_61,อุทัยธานี,ภาคกลาง,1,รักษ์ผืนป่าประเทศไทย,331,0.36,10,91156
2562,pv_61_z_1,pv_61,อุทัยธานี,ภาคกลาง,1,พลังปวงชนไทย,183,0.20,11,91156
2562,pv_61_z_1,pv_61,อุทัยธานี,ภาคกลาง,1,แผ่นดินธรรม,154,0.17,12,91156
2562,pv_61_z_1,pv_61,อุทัยธานี,ภาคกลาง,1,พลังประชาธิปไตย,153,0.17,13,91156
2562,pv_61_z_1,pv_61,อุทัยธานี,ภาคกลาง,1,เครือข่ายชาวนาแห่งประเทศไทย,151,0.17,14,91156
2562,pv_61_z_1,pv_61,อุทัยธานี,ภาคกลาง,1,พลเมืองไทย,143,0.16,15,91156
2562,pv_61_z_1,pv_61,อุทัยธานี,ภาคกลาง,1,พลังชาติไทย,74,0.08,16,91156
2562,pv_61_z_1,pv_61,อุทัยธานี,ภาคกลาง,1,ประชาภิวัฒน์,61,0.07,17,91156
2562,pv_61_z_1,pv_61,อุทัยธานี,ภาคกลาง,1,ไทรักธรรม,54,0.06,18,91156
2562,pv_61_z_1,pv_61,อุทัยธานี,ภาคกลาง,1,เพื่อแผ่นดิน,49,0.05,19,91156
2562,pv_61_z_1,pv_61,อุทัยธานี,ภาคกลาง,1,ประชานิยม,41,0.04,20,91156
2562,pv_61_z_1,pv_61,อุทัยธานี,ภาคกลาง,1,ประชาชนปฏิรูป,24,0.03,21,91156
2562,pv_61_z_1,pv_61,อุทัยธานี,ภาคกลาง,1,พลังสังคม,13,0.01,22,91156
2562,pv_61_z_1,pv_61,อุทัยธานี,ภาคกลาง,1,ไทยรักษาชาติ,0,0.00,23,91156
2562,pv_61_z_1,pv_61,อุทัยธานี,ภาคกลาง,1,เพื่อนไทย,0,0.00,24,91156
2562,pv_61_z_2,pv_61,อุทัยธานี,ภาคกลาง,2,ภูมิใจไทย,35450,40.44,1,87657
2562,pv_61_z_2,pv_61,อุทัยธานี,ภาคกลาง,2,อนาคตใหม่,14046,16.02,2,87657
2562,pv_61_z_2,pv_61,อุทัยธานี,ภาคกลาง,2,พลังประชารัฐ,13256,15.12,3,87657
2562,pv_61_z_2,pv_61,อุทัยธานี,ภาคกลาง,2,ประชาธิปัตย์,12523,14.29,4,87657
2562,pv_61_z_2,pv_61,อุทัยธานี,ภาคกลาง,2,เพื่อชาติ,4584,5.23,5,87657
2562,pv_61_z_2,pv_61,อุทัยธานี,ภาคกลาง,2,เสรีรวมไทย,3308,3.77,6,87657
2562,pv_61_z_2,pv_61,อุทัยธานี,ภาคกลาง,2,พลเมืองไทย,852,0.97,7,87657
2562,pv_61_z_2,pv_61,อุทัยธานี,ภาคกลาง,2,พลังท้องถิ่นไท,834,0.95,8,87657
2562,pv_61_z_2,pv_61,อุทัยธานี,ภาคกลาง,2,รวมพลังประชาชาติไทย,483,0.55,9,87657
2562,pv_61_z_2,pv_61,อุทัยธานี,ภาคกลาง,2,รักษ์ผืนป่าประเทศไทย,435,0.50,10,87657
2562,pv_61_z_2,pv_61,อุทัยธานี,ภาคกลาง,2,พลังปวงชนไทย,293,0.33,11,87657
2562,pv_61_z_2,pv_61,อุทัยธานี,ภาคกลาง,2,ประชาภิวัฒน์,255,0.29,12,87657
2562,pv_61_z_2,pv_61,อุทัยธานี,ภาคกลาง,2,เครือข่ายชาวนาแห่งประเทศไทย,209,0.24,13,87657
2562,pv_61_z_2,pv_61,อุทัยธานี,ภาคกลาง,2,ไทรักธรรม,206,0.24,14,87657
2562,pv_61_z_2,pv_61,อุทัยธานี,ภาคกลาง,2,พลังชาติไทย,196,0.22,15,87657
2562,pv_61_z_2,pv_61,อุทัยธานี,ภาคกลาง,2,กรีน,171,0.20,16,87657
2562,pv_61_z_2,pv_61,อุทัยธานี,ภาคกลาง,2,พลังประชาธิปไตย,171,0.20,17,87657
2562,pv_61_z_2,pv_61,อุทัยธานี,ภาคกลาง,2,ประชานิยม,170,0.19,18,87657
2562,pv_61_z_2,pv_61,อุทัยธานี,ภาคกลาง,2,เพื่อแผ่นดิน,129,0.15,19,87657
2562,pv_61_z_2,pv_61,อุทัยธานี,ภาคกลาง,2,พลังสังคม,86,0.10,20,87657
2562,pv_61_z_2,pv_61,อุทัยธานี,ภาคกลาง,2,ไทยรักษาชาติ,0,0.00,21,87657
2562,pv_61_z_2,pv_61,อุทัยธานี,ภาคกลาง,2,ประชาชนปฏิรูป,0,0.00,22,87657
2562,pv_34_z_1,pv_34,อุบลราชธานี,ภาคตะวันออกเฉียงเหนือ,1,เพื่อไทย,38660,32.71,1,118181
2562,pv_34_z_1,pv_34,อุบลราชธานี,ภาคตะวันออกเฉียงเหนือ,1,พลังประชารัฐ,37476,31.71,2,118181
2562,pv_34_z_1,pv_34,อุบลราชธานี,ภาคตะวันออกเฉียงเหนือ,1,อนาคตใหม่,26456,22.39,3,118181
2562,pv_34_z_1,pv_34,อุบลราชธานี,ภาคตะวันออกเฉียงเหนือ,1,ประชาธิปัตย์,5220,4.42,4,118181
2562,pv_34_z_1,pv_34,อุบลราชธานี,ภาคตะวันออกเฉียงเหนือ,1,เสรีรวมไทย,2409,2.04,5,118181
2562,pv_34_z_1,pv_34,อุบลราชธานี,ภาคตะวันออกเฉียงเหนือ,1,เศรษฐกิจใหม่,2014,1.70,6,118181
2562,pv_34_z_1,pv_34,อุบลราชธานี,ภาคตะวันออกเฉียงเหนือ,1,ภูมิใจไทย,1413,1.20,7,118181
2562,pv_34_z_1,pv_34,อุบลราชธานี,ภาคตะวันออกเฉียงเหนือ,1,แผ่นดินธรรม,563,0.48,8,118181
2562,pv_34_z_1,pv_34,อุบลราชธานี,ภาคตะวันออกเฉียงเหนือ,1,รวมพลังประชาชาติไทย,527,0.45,9,118181
2562,pv_34_z_1,pv_34,อุบลราชธานี,ภาคตะวันออกเฉียงเหนือ,1,รักษ์ผืนป่าประเทศไทย,312,0.26,10,118181
2562,pv_34_z_1,pv_34,อุบลราชธานี,ภาคตะวันออกเฉียงเหนือ,1,ประชาชาติ,303,0.26,11,118181
2562,pv_34_z_1,pv_34,อุบลราชธานี,ภาคตะวันออกเฉียงเหนือ,1,พลังปวงชนไทย,269,0.23,12,118181
2562,pv_34_z_1,pv_34,อุบลราชธานี,ภาคตะวันออกเฉียงเหนือ,1,ชาติพัฒนา,249,0.21,13,118181
2562,pv_34_z_1,pv_34,อุบลราชธานี,ภาคตะวันออกเฉียงเหนือ,1,ทางเลือกใหม่,237,0.20,14,118181
2562,pv_34_z_1,pv_34,อุบลราชธานี,ภาคตะวันออกเฉียงเหนือ,1,ไทยศรีวิไลย์,233,0.20,15,118181
2562,pv_34_z_1,pv_34,อุบลราชธานี,ภาคตะวันออกเฉียงเหนือ,1,ประชาภิวัฒน์,211,0.18,16,118181
2562,pv_34_z_1,pv_34,อุบลราชธานี,ภาคตะวันออกเฉียงเหนือ,1,พลังท้องถิ่นไท,166,0.14,17,118181
2562,pv_34_z_1,pv_34,อุบลราชธานี,ภาคตะวันออกเฉียงเหนือ,1,เพื่อชาติ,129,0.11,18,118181
2562,pv_34_z_1,pv_34,อุบลราชธานี,ภาคตะวันออกเฉียงเหนือ,1,พลังครูไทย,123,0.10,19,118181
2562,pv_34_z_1,pv_34,อุบลราชธานี,ภาคตะวันออกเฉียงเหนือ,1,ประชาชนปฏิรูป,121,0.10,20,118181
2562,pv_34_z_1,pv_34,อุบลราชธานี,ภาคตะวันออกเฉียงเหนือ,1,ชาติไทยพัฒนา,117,0.10,21,118181
2562,pv_34_z_1,pv_34,อุบลราชธานี,ภาคตะวันออกเฉียงเหนือ,1,เพื่อไทยพัฒนา,107,0.09,22,118181
2562,pv_34_z_1,pv_34,อุบลราชธานี,ภาคตะวันออกเฉียงเหนือ,1,ประชาธิปไตยใหม่,100,0.08,23,118181
2562,pv_34_z_1,pv_34,อุบลราชธานี,ภาคตะวันออกเฉียงเหนือ,1,ครูไทยเพื่อประชาชน,91,0.08,24,118181
2562,pv_34_z_1,pv_34,อุบลราชธานี,ภาคตะวันออกเฉียงเหนือ,1,ความหวังใหม่,89,0.08,25,118181
2562,pv_34_z_1,pv_34,อุบลราชธานี,ภาคตะวันออกเฉียงเหนือ,1,ไทรักธรรม,81,0.07,26,118181
2562,pv_34_z_1,pv_34,อุบลราชธานี,ภาคตะวันออกเฉียงเหนือ,1,พลังชาติไทย,79,0.07,27,118181
2562,pv_34_z_1,pv_34,อุบลราชธานี,ภาคตะวันออกเฉียงเหนือ,1,ประชาไทย,66,0.06,28,118181
2562,pv_34_z_1,pv_34,อุบลราชธานี,ภาคตะวันออกเฉียงเหนือ,1,ประชานิยม,62,0.05,29,118181
2562,pv_34_z_1,pv_34,อุบลราชธานี,ภาคตะวันออกเฉียงเหนือ,1,รักท้องถิ่นไทย,57,0.05,30,118181
2562,pv_34_z_1,pv_34,อุบลราชธานี,ภาคตะวันออกเฉียงเหนือ,1,รวมใจไทย,53,0.04,31,118181
2562,pv_34_z_1,pv_34,อุบลราชธานี,ภาคตะวันออกเฉียงเหนือ,1,พลังสังคม,41,0.03,32,118181
2562,pv_34_z_1,pv_34,อุบลราชธานี,ภาคตะวันออกเฉียงเหนือ,1,พลังไทสร้างชาติ,39,0.03,33,118181
2562,pv_34_z_1,pv_34,อุบลราชธานี,ภาคตะวันออกเฉียงเหนือ,1,มหาชน,32,0.03,34,118181
2562,pv_34_z_1,pv_34,อุบลราชธานี,ภาคตะวันออกเฉียงเหนือ,1,ประชาธรรมไทย,32,0.03,35,118181
2562,pv_34_z_1,pv_34,อุบลราชธานี,ภาคตะวันออกเฉียงเหนือ,1,กลาง,22,0.02,36,118181
2562,pv_34_z_1,pv_34,อุบลราชธานี,ภาคตะวันออกเฉียงเหนือ,1,ภราดรภาพ,22,0.02,37,118181
2562,pv_34_z_1,pv_34,อุบลราชธานี,ภาคตะวันออกเฉียงเหนือ,1,เพื่อนไทย,0,0.00,38,118181
2562,pv_34_z_2,pv_34,อุบลราชธานี,ภาคตะวันออกเฉียงเหนือ,2,ประชาธิปัตย์,41777,40.47,1,103240
2562,pv_34_z_2,pv_34,อุบลราชธานี,ภาคตะวันออกเฉียงเหนือ,2,เพื่อไทย,30198,29.25,2,103240
2562,pv_34_z_2,pv_34,อุบลราชธานี,ภาคตะวันออกเฉียงเหนือ,2,พลังประชารัฐ,16107,15.60,3,103240
2562,pv_34_z_2,pv_34,อุบลราชธานี,ภาคตะวันออกเฉียงเหนือ,2,อนาคตใหม่,8804,8.53,4,103240
2562,pv_34_z_2,pv_34,อุบลราชธานี,ภาคตะวันออกเฉียงเหนือ,2,ภูมิใจไทย,1606,1.56,5,103240
2562,pv_34_z_2,pv_34,อุบลราชธานี,ภาคตะวันออกเฉียงเหนือ,2,ครูไทยเพื่อประชาชน,809,0.78,6,103240
2562,pv_34_z_2,pv_34,อุบลราชธานี,ภาคตะวันออกเฉียงเหนือ,2,เสรีรวมไทย,563,0.55,7,103240
2562,pv_34_z_2,pv_34,อุบลราชธานี,ภาคตะวันออกเฉียงเหนือ,2,ประชาภิวัฒน์,486,0.47,8,103240
2562,pv_34_z_2,pv_34,อุบลราชธานี,ภาคตะวันออกเฉียงเหนือ,2,รวมใจไทย,474,0.46,9,103240
2562,pv_34_z_2,pv_34,อุบลราชธานี,ภาคตะวันออกเฉียงเหนือ,2,เศรษฐกิจใหม่,370,0.36,10,103240
2562,pv_34_z_2,pv_34,อุบลราชธานี,ภาคตะวันออกเฉียงเหนือ,2,ประชาชาติ,347,0.34,11,103240
2562,pv_34_z_2,pv_34,อุบลราชธานี,ภาคตะวันออกเฉียงเหนือ,2,เพื่อไทยพัฒนา,241,0.23,12,103240
2562,pv_34_z_2,pv_34,อุบลราชธานี,ภาคตะวันออกเฉียงเหนือ,2,ชาติพัฒนา,210,0.20,13,103240
2562,pv_34_z_2,pv_34,อุบลราชธานี,ภาคตะวันออกเฉียงเหนือ,2,ชาติไทยพัฒนา,130,0.13,14,103240
2562,pv_34_z_2,pv_34,อุบลราชธานี,ภาคตะวันออกเฉียงเหนือ,2,พลังท้องถิ่นไท,128,0.12,15,103240
2562,pv_34_z_2,pv_34,อุบลราชธานี,ภาคตะวันออกเฉียงเหนือ,2,ไทยศรีวิไลย์,120,0.12,16,103240
2562,pv_34_z_2,pv_34,อุบลราชธานี,ภาคตะวันออกเฉียงเหนือ,2,ภราดรภาพ,104,0.10,17,103240
2562,pv_34_z_2,pv_34,อุบลราชธานี,ภาคตะวันออกเฉียงเหนือ,2,ไทรักธรรม,89,0.09,18,103240
2562,pv_34_z_2,pv_34,อุบลราชธานี,ภาคตะวันออกเฉียงเหนือ,2,รักษ์ผืนป่าประเทศไทย,82,0.08,19,103240
2562,pv_34_z_2,pv_34,อุบลราชธานี,ภาคตะวันออกเฉียงเหนือ,2,ประชานิยม,69,0.07,20,103240
2562,pv_34_z_2,pv_34,อุบลราชธานี,ภาคตะวันออกเฉียงเหนือ,2,ทางเลือกใหม่,66,0.06,21,103240
2562,pv_34_z_2,pv_34,อุบลราชธานี,ภาคตะวันออกเฉียงเหนือ,2,รวมพลังประชาชาติไทย,64,0.06,22,103240
2562,pv_34_z_2,pv_34,อุบลราชธานี,ภาคตะวันออกเฉียงเหนือ,2,พลังประชาธิปไตย,64,0.06,23,103240
2562,pv_34_z_2,pv_34,อุบลราชธานี,ภาคตะวันออกเฉียงเหนือ,2,เพื่อชาติ,58,0.06,24,103240
2562,pv_34_z_2,pv_34,อุบลราชธานี,ภาคตะวันออกเฉียงเหนือ,2,ประชาธิปไตยใหม่,47,0.05,25,103240
2562,pv_34_z_2,pv_34,อุบลราชธานี,ภาคตะวันออกเฉียงเหนือ,2,แผ่นดินธรรม,43,0.04,26,103240
2562,pv_34_z_2,pv_34,อุบลราชธานี,ภาคตะวันออกเฉียงเหนือ,2,พลังไทยรักไทย,36,0.03,27,103240
2562,pv_34_z_2,pv_34,อุบลราชธานี,ภาคตะวันออกเฉียงเหนือ,2,ภาคีเครือข่ายไทย,34,0.03,28,103240
2562,pv_34_z_2,pv_34,อุบลราชธานี,ภาคตะวันออกเฉียงเหนือ,2,พลังปวงชนไทย,28,0.03,29,103240
2562,pv_34_z_2,pv_34,อุบลราชธานี,ภาคตะวันออกเฉียงเหนือ,2,รักท้องถิ่นไทย,25,0.02,30,103240
2562,pv_34_z_2,pv_34,อุบลราชธานี,ภาคตะวันออกเฉียงเหนือ,2,พลังชาติไทย,16,0.02,31,103240
2562,pv_34_z_2,pv_34,อุบลราชธานี,ภาคตะวันออกเฉียงเหนือ,2,ภูมิพลังเกษตรกรไทย,16,0.02,32,103240
2562,pv_34_z_2,pv_34,อุบลราชธานี,ภาคตะวันออกเฉียงเหนือ,2,พลังสังคม,12,0.01,33,103240
2562,pv_34_z_2,pv_34,อุบลราชธานี,ภาคตะวันออกเฉียงเหนือ,2,มหาชน,8,0.01,34,103240
2562,pv_34_z_2,pv_34,อุบลราชธานี,ภาคตะวันออกเฉียงเหนือ,2,พลังไทสร้างชาติ,5,0.00,35,103240
2562,pv_34_z_2,pv_34,อุบลราชธานี,ภาคตะวันออกเฉียงเหนือ,2,เพื่อแผ่นดิน,4,0.00,36,103240
2562,pv_34_z_2,pv_34,อุบลราชธานี,ภาคตะวันออกเฉียงเหนือ,2,เพื่อนไทย,0,0.00,37,103240
2562,pv_34_z_2,pv_34,อุบลราชธานี,ภาคตะวันออกเฉียงเหนือ,2,ประชาชนปฏิรูป,0,0.00,38,103240
2562,pv_34_z_2,pv_34,อุบลราชธานี,ภาคตะวันออกเฉียงเหนือ,2,แทนคุณแผ่นดิน,0,0.00,39,103240
2562,pv_34_z_3,pv_34,อุบลราชธานี,ภาคตะวันออกเฉียงเหนือ,3,เพื่อไทย,44251,42.15,1,104973
2562,pv_34_z_3,pv_34,อุบลราชธานี,ภาคตะวันออกเฉียงเหนือ,3,พลังประชารัฐ,24378,23.22,2,104973
2562,pv_34_z_3,pv_34,อุบลราชธานี,ภาคตะวันออกเฉียงเหนือ,3,อนาคตใหม่,17889,17.04,3,104973
2562,pv_34_z_3,pv_34,อุบลราชธานี,ภาคตะวันออกเฉียงเหนือ,3,ภูมิใจไทย,8323,7.93,4,104973
2562,pv_34_z_3,pv_34,อุบลราชธานี,ภาคตะวันออกเฉียงเหนือ,3,เสรีรวมไทย,1692,1.61,5,104973
2562,pv_34_z_3,pv_34,อุบลราชธานี,ภาคตะวันออกเฉียงเหนือ,3,ประชาธิปัตย์,1582,1.51,6,104973
2562,pv_34_z_3,pv_34,อุบลราชธานี,ภาคตะวันออกเฉียงเหนือ,3,เศรษฐกิจใหม่,896,0.85,7,104973
2562,pv_34_z_3,pv_34,อุบลราชธานี,ภาคตะวันออกเฉียงเหนือ,3,พลังท้องถิ่นไท,667,0.64,8,104973
2562,pv_34_z_3,pv_34,อุบลราชธานี,ภาคตะวันออกเฉียงเหนือ,3,มหาชน,568,0.54,9,104973
2562,pv_34_z_3,pv_34,อุบลราชธานี,ภาคตะวันออกเฉียงเหนือ,3,รวมพลังประชาชาติไทย,543,0.52,10,104973
2562,pv_34_z_3,pv_34,อุบลราชธานี,ภาคตะวันออกเฉียงเหนือ,3,พลังไทสร้างชาติ,391,0.37,11,104973
2562,pv_34_z_3,pv_34,อุบลราชธานี,ภาคตะวันออกเฉียงเหนือ,3,ชาติไทยพัฒนา,382,0.36,12,104973
2562,pv_34_z_3,pv_34,อุบลราชธานี,ภาคตะวันออกเฉียงเหนือ,3,พลังปวงชนไทย,352,0.34,13,104973
2562,pv_34_z_3,pv_34,อุบลราชธานี,ภาคตะวันออกเฉียงเหนือ,3,ประชาภิวัฒน์,306,0.29,14,104973
2562,pv_34_z_3,pv_34,อุบลราชธานี,ภาคตะวันออกเฉียงเหนือ,3,ประชานิยม,237,0.23,15,104973
2562,pv_34_z_3,pv_34,อุบลราชธานี,ภาคตะวันออกเฉียงเหนือ,3,ประชาชาติ,227,0.22,16,104973
2562,pv_34_z_3,pv_34,อุบลราชธานี,ภาคตะวันออกเฉียงเหนือ,3,พลังครูไทย,201,0.19,17,104973
2562,pv_34_z_3,pv_34,อุบลราชธานี,ภาคตะวันออกเฉียงเหนือ,3,รักษ์ผืนป่าประเทศไทย,190,0.18,18,104973
2562,pv_34_z_3,pv_34,อุบลราชธานี,ภาคตะวันออกเฉียงเหนือ,3,พลังสังคม,188,0.18,19,104973
2562,pv_34_z_3,pv_34,อุบลราชธานี,ภาคตะวันออกเฉียงเหนือ,3,พลังประชาธิปไตย,166,0.16,20,104973
2562,pv_34_z_3,pv_34,อุบลราชธานี,ภาคตะวันออกเฉียงเหนือ,3,ชาติพัฒนา,154,0.15,21,104973
2562,pv_34_z_3,pv_34,อุบลราชธานี,ภาคตะวันออกเฉียงเหนือ,3,ประชาชนปฏิรูป,143,0.14,22,104973
2562,pv_34_z_3,pv_34,อุบลราชธานี,ภาคตะวันออกเฉียงเหนือ,3,ไทยศรีวิไลย์,141,0.13,23,104973
2562,pv_34_z_3,pv_34,อุบลราชธานี,ภาคตะวันออกเฉียงเหนือ,3,ภาคีเครือข่ายไทย,141,0.13,24,104973
2562,pv_34_z_3,pv_34,อุบลราชธานี,ภาคตะวันออกเฉียงเหนือ,3,เพื่อชาติ,140,0.13,25,104973
2562,pv_34_z_3,pv_34,อุบลราชธานี,ภาคตะวันออกเฉียงเหนือ,3,ทางเลือกใหม่,136,0.13,26,104973
2562,pv_34_z_3,pv_34,อุบลราชธานี,ภาคตะวันออกเฉียงเหนือ,3,กลาง,133,0.13,27,104973
2562,pv_34_z_3,pv_34,อุบลราชธานี,ภาคตะวันออกเฉียงเหนือ,3,ความหวังใหม่,130,0.12,28,104973
2562,pv_34_z_3,pv_34,อุบลราชธานี,ภาคตะวันออกเฉียงเหนือ,3,ครูไทยเพื่อประชาชน,96,0.09,29,104973
2562,pv_34_z_3,pv_34,อุบลราชธานี,ภาคตะวันออกเฉียงเหนือ,3,เพื่อแผ่นดิน,88,0.08,30,104973
2562,pv_34_z_3,pv_34,อุบลราชธานี,ภาคตะวันออกเฉียงเหนือ,3,พลังชาติไทย,82,0.08,31,104973
2562,pv_34_z_3,pv_34,อุบลราชธานี,ภาคตะวันออกเฉียงเหนือ,3,ไทรักธรรม,50,0.05,32,104973
2562,pv_34_z_3,pv_34,อุบลราชธานี,ภาคตะวันออกเฉียงเหนือ,3,ประชาไทย,48,0.05,33,104973
2562,pv_34_z_3,pv_34,อุบลราชธานี,ภาคตะวันออกเฉียงเหนือ,3,ภราดรภาพ,31,0.03,34,104973
2562,pv_34_z_3,pv_34,อุบลราชธานี,ภาคตะวันออกเฉียงเหนือ,3,ประชากรไทย,31,0.03,35,104973
2562,pv_34_z_3,pv_34,อุบลราชธานี,ภาคตะวันออกเฉียงเหนือ,3,เพื่อนไทย,0,0.00,36,104973
2562,pv_34_z_4,pv_34,อุบลราชธานี,ภาคตะวันออกเฉียงเหนือ,4,เพื่อไทย,32074,37.53,1,85467
2562,pv_34_z_4,pv_34,อุบลราชธานี,ภาคตะวันออกเฉียงเหนือ,4,พลังประชารัฐ,20433,23.91,2,85467
2562,pv_34_z_4,pv_34,อุบลราชธานี,ภาคตะวันออกเฉียงเหนือ,4,ภูมิใจไทย,17335,20.28,3,85467
2562,pv_34_z_4,pv_34,อุบลราชธานี,ภาคตะวันออกเฉียงเหนือ,4,อนาคตใหม่,7630,8.93,4,85467
2562,pv_34_z_4,pv_34,อุบลราชธานี,ภาคตะวันออกเฉียงเหนือ,4,ประชาธิปัตย์,1804,2.11,5,85467
2562,pv_34_z_4,pv_34,อุบลราชธานี,ภาคตะวันออกเฉียงเหนือ,4,พลังท้องถิ่นไท,1186,1.39,6,85467
2562,pv_34_z_4,pv_34,อุบลราชธานี,ภาคตะวันออกเฉียงเหนือ,4,เสรีรวมไทย,1048,1.23,7,85467
2562,pv_34_z_4,pv_34,อุบลราชธานี,ภาคตะวันออกเฉียงเหนือ,4,ชาติไทยพัฒนา,506,0.59,8,85467
2562,pv_34_z_4,pv_34,อุบลราชธานี,ภาคตะวันออกเฉียงเหนือ,4,ภราดรภาพ,466,0.55,9,85467
2562,pv_34_z_4,pv_34,อุบลราชธานี,ภาคตะวันออกเฉียงเหนือ,4,ประชาไทย,438,0.51,10,85467
2562,pv_34_z_4,pv_34,อุบลราชธานี,ภาคตะวันออกเฉียงเหนือ,4,ชาติพัฒนา,363,0.42,11,85467
2562,pv_34_z_4,pv_34,อุบลราชธานี,ภาคตะวันออกเฉียงเหนือ,4,เพื่อแผ่นดิน,333,0.39,12,85467
2562,pv_34_z_4,pv_34,อุบลราชธานี,ภาคตะวันออกเฉียงเหนือ,4,รวมพลังประชาชาติไทย,330,0.39,13,85467
2562,pv_34_z_4,pv_34,อุบลราชธานี,ภาคตะวันออกเฉียงเหนือ,4,เศรษฐกิจใหม่,287,0.34,14,85467
2562,pv_34_z_4,pv_34,อุบลราชธานี,ภาคตะวันออกเฉียงเหนือ,4,ทางเลือกใหม่,121,0.14,15,85467
2562,pv_34_z_4,pv_34,อุบลราชธานี,ภาคตะวันออกเฉียงเหนือ,4,ประชานิยม,103,0.12,16,85467
2562,pv_34_z_4,pv_34,อุบลราชธานี,ภาคตะวันออกเฉียงเหนือ,4,ไทยศรีวิไลย์,103,0.12,17,85467
2562,pv_34_z_4,pv_34,อุบลราชธานี,ภาคตะวันออกเฉียงเหนือ,4,เพื่อชาติ,100,0.12,18,85467
2562,pv_34_z_4,pv_34,อุบลราชธานี,ภาคตะวันออกเฉียงเหนือ,4,แทนคุณแผ่นดิน,90,0.11,19,85467
2562,pv_34_z_4,pv_34,อุบลราชธานี,ภาคตะวันออกเฉียงเหนือ,4,ไทรักธรรม,88,0.10,20,85467
2562,pv_34_z_4,pv_34,อุบลราชธานี,ภาคตะวันออกเฉียงเหนือ,4,ครูไทยเพื่อประชาชน,76,0.09,21,85467
2562,pv_34_z_4,pv_34,อุบลราชธานี,ภาคตะวันออกเฉียงเหนือ,4,รักษ์ผืนป่าประเทศไทย,68,0.08,22,85467
2562,pv_34_z_4,pv_34,อุบลราชธานี,ภาคตะวันออกเฉียงเหนือ,4,พลังครูไทย,68,0.08,23,85467
2562,pv_34_z_4,pv_34,อุบลราชธานี,ภาคตะวันออกเฉียงเหนือ,4,ประชาชาติ,66,0.08,24,85467
2562,pv_34_z_4,pv_34,อุบลราชธานี,ภาคตะวันออกเฉียงเหนือ,4,พลังไทยรักไทย,55,0.06,25,85467
2562,pv_34_z_4,pv_34,อุบลราชธานี,ภาคตะวันออกเฉียงเหนือ,4,พลังปวงชนไทย,47,0.05,26,85467
2562,pv_34_z_4,pv_34,อุบลราชธานี,ภาคตะวันออกเฉียงเหนือ,4,พลังชาติไทย,45,0.05,27,85467
2562,pv_34_z_4,pv_34,อุบลราชธานี,ภาคตะวันออกเฉียงเหนือ,4,ประชาธิปไตยใหม่,40,0.05,28,85467
2562,pv_34_z_4,pv_34,อุบลราชธานี,ภาคตะวันออกเฉียงเหนือ,4,ความหวังใหม่,38,0.04,29,85467
2562,pv_34_z_4,pv_34,อุบลราชธานี,ภาคตะวันออกเฉียงเหนือ,4,ผึ้งหลวง,35,0.04,30,85467
2562,pv_34_z_4,pv_34,อุบลราชธานี,ภาคตะวันออกเฉียงเหนือ,4,มหาชน,24,0.03,31,85467
2562,pv_34_z_4,pv_34,อุบลราชธานี,ภาคตะวันออกเฉียงเหนือ,4,รวมใจไทย,22,0.03,32,85467
2562,pv_34_z_4,pv_34,อุบลราชธานี,ภาคตะวันออกเฉียงเหนือ,4,ประชาภิวัฒน์,17,0.02,33,85467
2562,pv_34_z_4,pv_34,อุบลราชธานี,ภาคตะวันออกเฉียงเหนือ,4,พลังประชาธิปไตย,17,0.02,34,85467
2562,pv_34_z_4,pv_34,อุบลราชธานี,ภาคตะวันออกเฉียงเหนือ,4,พลังสังคม,11,0.01,35,85467
2562,pv_34_z_4,pv_34,อุบลราชธานี,ภาคตะวันออกเฉียงเหนือ,4,เพื่อนไทย,0,0.00,36,85467
2562,pv_34_z_4,pv_34,อุบลราชธานี,ภาคตะวันออกเฉียงเหนือ,4,ไทยรักษาชาติ,0,0.00,37,85467
2562,pv_34_z_5,pv_34,อุบลราชธานี,ภาคตะวันออกเฉียงเหนือ,5,เพื่อไทย,42903,47.00,1,91291
2562,pv_34_z_5,pv_34,อุบลราชธานี,ภาคตะวันออกเฉียงเหนือ,5,พลังประชารัฐ,33960,37.20,2,91291
2562,pv_34_z_5,pv_34,อุบลราชธานี,ภาคตะวันออกเฉียงเหนือ,5,อนาคตใหม่,6684,7.32,3,91291
2562,pv_34_z_5,pv_34,อุบลราชธานี,ภาคตะวันออกเฉียงเหนือ,5,ประชาธิปัตย์,1424,1.56,4,91291
2562,pv_34_z_5,pv_34,อุบลราชธานี,ภาคตะวันออกเฉียงเหนือ,5,ภูมิใจไทย,1413,1.55,5,91291
2562,pv_34_z_5,pv_34,อุบลราชธานี,ภาคตะวันออกเฉียงเหนือ,5,เศรษฐกิจใหม่,917,1.00,6,91291
2562,pv_34_z_5,pv_34,อุบลราชธานี,ภาคตะวันออกเฉียงเหนือ,5,เสรีรวมไทย,776,0.85,7,91291
2562,pv_34_z_5,pv_34,อุบลราชธานี,ภาคตะวันออกเฉียงเหนือ,5,มหาชน,746,0.82,8,91291
2562,pv_34_z_5,pv_34,อุบลราชธานี,ภาคตะวันออกเฉียงเหนือ,5,ประชาชาติ,633,0.69,9,91291
2562,pv_34_z_5,pv_34,อุบลราชธานี,ภาคตะวันออกเฉียงเหนือ,5,พลังท้องถิ่นไท,359,0.39,10,91291
2562,pv_34_z_5,pv_34,อุบลราชธานี,ภาคตะวันออกเฉียงเหนือ,5,ชาติไทยพัฒนา,248,0.27,11,91291
2562,pv_34_z_5,pv_34,อุบลราชธานี,ภาคตะวันออกเฉียงเหนือ,5,ไทยศรีวิไลย์,109,0.12,12,91291
2562,pv_34_z_5,pv_34,อุบลราชธานี,ภาคตะวันออกเฉียงเหนือ,5,ทางเลือกใหม่,106,0.12,13,91291
2562,pv_34_z_5,pv_34,อุบลราชธานี,ภาคตะวันออกเฉียงเหนือ,5,ประชานิยม,106,0.12,14,91291
2562,pv_34_z_5,pv_34,อุบลราชธานี,ภาคตะวันออกเฉียงเหนือ,5,พลังประชาธิปไตย,98,0.11,15,91291
2562,pv_34_z_5,pv_34,อุบลราชธานี,ภาคตะวันออกเฉียงเหนือ,5,รวมพลังประชาชาติไทย,84,0.09,16,91291
2562,pv_34_z_5,pv_34,อุบลราชธานี,ภาคตะวันออกเฉียงเหนือ,5,ไทรักธรรม,83,0.09,17,91291
2562,pv_34_z_5,pv_34,อุบลราชธานี,ภาคตะวันออกเฉียงเหนือ,5,ชาติพัฒนา,68,0.07,18,91291
2562,pv_34_z_5,pv_34,อุบลราชธานี,ภาคตะวันออกเฉียงเหนือ,5,พลังปวงชนไทย,64,0.07,19,91291
2562,pv_34_z_5,pv_34,อุบลราชธานี,ภาคตะวันออกเฉียงเหนือ,5,เพื่อแผ่นดิน,62,0.07,20,91291
2562,pv_34_z_5,pv_34,อุบลราชธานี,ภาคตะวันออกเฉียงเหนือ,5,เพื่อชาติ,57,0.06,21,91291
2562,pv_34_z_5,pv_34,อุบลราชธานี,ภาคตะวันออกเฉียงเหนือ,5,พลังไทยรักไทย,52,0.06,22,91291
2562,pv_34_z_5,pv_34,อุบลราชธานี,ภาคตะวันออกเฉียงเหนือ,5,รักษ์ผืนป่าประเทศไทย,42,0.05,23,91291
2562,pv_34_z_5,pv_34,อุบลราชธานี,ภาคตะวันออกเฉียงเหนือ,5,ครูไทยเพื่อประชาชน,37,0.04,24,91291
2562,pv_34_z_5,pv_34,อุบลราชธานี,ภาคตะวันออกเฉียงเหนือ,5,พลังไทสร้างชาติ,36,0.04,25,91291
2562,pv_34_z_5,pv_34,อุบลราชธานี,ภาคตะวันออกเฉียงเหนือ,5,ประชาธิปไตยใหม่,35,0.04,26,91291
2562,pv_34_z_5,pv_34,อุบลราชธานี,ภาคตะวันออกเฉียงเหนือ,5,ประชาภิวัฒน์,34,0.04,27,91291
2562,pv_34_z_5,pv_34,อุบลราชธานี,ภาคตะวันออกเฉียงเหนือ,5,ภราดรภาพ,31,0.03,28,91291
2562,pv_34_z_5,pv_34,อุบลราชธานี,ภาคตะวันออกเฉียงเหนือ,5,พลังชาติไทย,27,0.03,29,91291
2562,pv_34_z_5,pv_34,อุบลราชธานี,ภาคตะวันออกเฉียงเหนือ,5,แผ่นดินธรรม,23,0.03,30,91291
2562,pv_34_z_5,pv_34,อุบลราชธานี,ภาคตะวันออกเฉียงเหนือ,5,แทนคุณแผ่นดิน,23,0.03,31,91291
2562,pv_34_z_5,pv_34,อุบลราชธานี,ภาคตะวันออกเฉียงเหนือ,5,ผึ้งหลวง,21,0.02,32,91291
2562,pv_34_z_5,pv_34,อุบลราชธานี,ภาคตะวันออกเฉียงเหนือ,5,ประชาไทย,18,0.02,33,91291
2562,pv_34_z_5,pv_34,อุบลราชธานี,ภาคตะวันออกเฉียงเหนือ,5,พลังสังคม,12,0.01,34,91291
2562,pv_34_z_5,pv_34,อุบลราชธานี,ภาคตะวันออกเฉียงเหนือ,5,เพื่อนไทย,0,0.00,35,91291
2562,pv_34_z_6,pv_34,อุบลราชธานี,ภาคตะวันออกเฉียงเหนือ,6,พลังประชารัฐ,32630,38.17,1,85484
2562,pv_34_z_6,pv_34,อุบลราชธานี,ภาคตะวันออกเฉียงเหนือ,6,เพื่อไทย,32289,37.77,2,85484
2562,pv_34_z_6,pv_34,อุบลราชธานี,ภาคตะวันออกเฉียงเหนือ,6,อนาคตใหม่,8320,9.73,3,85484
2562,pv_34_z_6,pv_34,อุบลราชธานี,ภาคตะวันออกเฉียงเหนือ,6,ประชาธิปัตย์,3524,4.12,4,85484
2562,pv_34_z_6,pv_34,อุบลราชธานี,ภาคตะวันออกเฉียงเหนือ,6,ภูมิใจไทย,2511,2.94,5,85484
2562,pv_34_z_6,pv_34,อุบลราชธานี,ภาคตะวันออกเฉียงเหนือ,6,เสรีรวมไทย,852,1.00,6,85484
2562,pv_34_z_6,pv_34,อุบลราชธานี,ภาคตะวันออกเฉียงเหนือ,6,ประชาธรรมไทย,779,0.91,7,85484
2562,pv_34_z_6,pv_34,อุบลราชธานี,ภาคตะวันออกเฉียงเหนือ,6,พลังท้องถิ่นไท,577,0.67,8,85484
2562,pv_34_z_6,pv_34,อุบลราชธานี,ภาคตะวันออกเฉียงเหนือ,6,เศรษฐกิจใหม่,493,0.58,9,85484
2562,pv_34_z_6,pv_34,อุบลราชธานี,ภาคตะวันออกเฉียงเหนือ,6,ประชาธิปไตยใหม่,451,0.53,10,85484
2562,pv_34_z_6,pv_34,อุบลราชธานี,ภาคตะวันออกเฉียงเหนือ,6,เพื่อชาติ,309,0.36,11,85484
2562,pv_34_z_6,pv_34,อุบลราชธานี,ภาคตะวันออกเฉียงเหนือ,6,พลังปวงชนไทย,277,0.32,12,85484
2562,pv_34_z_6,pv_34,อุบลราชธานี,ภาคตะวันออกเฉียงเหนือ,6,พลังไทยรักไทย,228,0.27,13,85484
2562,pv_34_z_6,pv_34,อุบลราชธานี,ภาคตะวันออกเฉียงเหนือ,6,ชาติพัฒนา,196,0.23,14,85484
2562,pv_34_z_6,pv_34,อุบลราชธานี,ภาคตะวันออกเฉียงเหนือ,6,ประชาชนปฏิรูป,182,0.21,15,85484
2562,pv_34_z_6,pv_34,อุบลราชธานี,ภาคตะวันออกเฉียงเหนือ,6,พลังครูไทย,178,0.21,16,85484
2562,pv_34_z_6,pv_34,อุบลราชธานี,ภาคตะวันออกเฉียงเหนือ,6,ประชาชาติ,128,0.15,17,85484
2562,pv_34_z_6,pv_34,อุบลราชธานี,ภาคตะวันออกเฉียงเหนือ,6,รวมพลังประชาชาติไทย,126,0.15,18,85484
2562,pv_34_z_6,pv_34,อุบลราชธานี,ภาคตะวันออกเฉียงเหนือ,6,ภราดรภาพ,119,0.14,19,85484
2562,pv_34_z_6,pv_34,อุบลราชธานี,ภาคตะวันออกเฉียงเหนือ,6,รักษ์ผืนป่าประเทศไทย,117,0.14,20,85484
2562,pv_34_z_6,pv_34,อุบลราชธานี,ภาคตะวันออกเฉียงเหนือ,6,พลังไทสร้างชาติ,104,0.12,21,85484
2562,pv_34_z_6,pv_34,อุบลราชธานี,ภาคตะวันออกเฉียงเหนือ,6,ครูไทยเพื่อประชาชน,103,0.12,22,85484
2562,pv_34_z_6,pv_34,อุบลราชธานี,ภาคตะวันออกเฉียงเหนือ,6,ประชานิยม,100,0.12,23,85484
2562,pv_34_z_6,pv_34,อุบลราชธานี,ภาคตะวันออกเฉียงเหนือ,6,พลังชาติไทย,93,0.11,24,85484
2562,pv_34_z_6,pv_34,อุบลราชธานี,ภาคตะวันออกเฉียงเหนือ,6,ทางเลือกใหม่,90,0.11,25,85484
2562,pv_34_z_6,pv_34,อุบลราชธานี,ภาคตะวันออกเฉียงเหนือ,6,เพื่อแผ่นดิน,90,0.11,26,85484
2562,pv_34_z_6,pv_34,อุบลราชธานี,ภาคตะวันออกเฉียงเหนือ,6,แผ่นดินธรรม,84,0.10,27,85484
2562,pv_34_z_6,pv_34,อุบลราชธานี,ภาคตะวันออกเฉียงเหนือ,6,ชาติไทยพัฒนา,77,0.09,28,85484
2562,pv_34_z_6,pv_34,อุบลราชธานี,ภาคตะวันออกเฉียงเหนือ,6,ไทรักธรรม,75,0.09,29,85484
2562,pv_34_z_6,pv_34,อุบลราชธานี,ภาคตะวันออกเฉียงเหนือ,6,ไทยศรีวิไลย์,70,0.08,30,85484
2562,pv_34_z_6,pv_34,อุบลราชธานี,ภาคตะวันออกเฉียงเหนือ,6,ประชากรไทย,66,0.08,31,85484
2562,pv_34_z_6,pv_34,อุบลราชธานี,ภาคตะวันออกเฉียงเหนือ,6,แทนคุณแผ่นดิน,64,0.07,32,85484
2562,pv_34_z_6,pv_34,อุบลราชธานี,ภาคตะวันออกเฉียงเหนือ,6,ความหวังใหม่,50,0.06,33,85484
2562,pv_34_z_6,pv_34,อุบลราชธานี,ภาคตะวันออกเฉียงเหนือ,6,มหาชน,43,0.05,34,85484
2562,pv_34_z_6,pv_34,อุบลราชธานี,ภาคตะวันออกเฉียงเหนือ,6,ประชาภิวัฒน์,23,0.03,35,85484
2562,pv_34_z_6,pv_34,อุบลราชธานี,ภาคตะวันออกเฉียงเหนือ,6,ผึ้งหลวง,22,0.03,36,85484
2562,pv_34_z_6,pv_34,อุบลราชธานี,ภาคตะวันออกเฉียงเหนือ,6,พลังประชาธิปไตย,20,0.02,37,85484
2562,pv_34_z_6,pv_34,อุบลราชธานี,ภาคตะวันออกเฉียงเหนือ,6,พลังสังคม,17,0.02,38,85484
2562,pv_34_z_6,pv_34,อุบลราชธานี,ภาคตะวันออกเฉียงเหนือ,6,ภาคีเครือข่ายไทย,7,0.01,39,85484
2562,pv_34_z_6,pv_34,อุบลราชธานี,ภาคตะวันออกเฉียงเหนือ,6,เพื่อนไทย,0,0.00,40,85484
2562,pv_34_z_7,pv_34,อุบลราชธานี,ภาคตะวันออกเฉียงเหนือ,7,เพื่อไทย,34439,38.81,1,88742
2562,pv_34_z_7,pv_34,อุบลราชธานี,ภาคตะวันออกเฉียงเหนือ,7,พลังประชารัฐ,30748,34.65,2,88742
2562,pv_34_z_7,pv_34,อุบลราชธานี,ภาคตะวันออกเฉียงเหนือ,7,อนาคตใหม่,8228,9.27,3,88742
2562,pv_34_z_7,pv_34,อุบลราชธานี,ภาคตะวันออกเฉียงเหนือ,7,ประชาธิปัตย์,6326,7.13,4,88742
2562,pv_34_z_7,pv_34,อุบลราชธานี,ภาคตะวันออกเฉียงเหนือ,7,ภูมิใจไทย,3509,3.95,5,88742
2562,pv_34_z_7,pv_34,อุบลราชธานี,ภาคตะวันออกเฉียงเหนือ,7,เสรีรวมไทย,775,0.87,6,88742
2562,pv_34_z_7,pv_34,อุบลราชธานี,ภาคตะวันออกเฉียงเหนือ,7,ประชาชนปฏิรูป,610,0.69,7,88742
2562,pv_34_z_7,pv_34,อุบลราชธานี,ภาคตะวันออกเฉียงเหนือ,7,พลังท้องถิ่นไท,602,0.68,8,88742
2562,pv_34_z_7,pv_34,อุบลราชธานี,ภาคตะวันออกเฉียงเหนือ,7,ประชาชาติ,446,0.50,9,88742
2562,pv_34_z_7,pv_34,อุบลราชธานี,ภาคตะวันออกเฉียงเหนือ,7,ชาติไทยพัฒนา,356,0.40,10,88742
2562,pv_34_z_7,pv_34,อุบลราชธานี,ภาคตะวันออกเฉียงเหนือ,7,เศรษฐกิจใหม่,340,0.38,11,88742
2562,pv_34_z_7,pv_34,อุบลราชธานี,ภาคตะวันออกเฉียงเหนือ,7,รวมพลังประชาชาติไทย,321,0.36,12,88742
2562,pv_34_z_7,pv_34,อุบลราชธานี,ภาคตะวันออกเฉียงเหนือ,7,แผ่นดินธรรม,195,0.22,13,88742
2562,pv_34_z_7,pv_34,อุบลราชธานี,ภาคตะวันออกเฉียงเหนือ,7,ประชาไทย,178,0.20,14,88742
2562,pv_34_z_7,pv_34,อุบลราชธานี,ภาคตะวันออกเฉียงเหนือ,7,พลังไทยรักไทย,152,0.17,15,88742
2562,pv_34_z_7,pv_34,อุบลราชธานี,ภาคตะวันออกเฉียงเหนือ,7,รักษ์ผืนป่าประเทศไทย,147,0.17,16,88742
2562,pv_34_z_7,pv_34,อุบลราชธานี,ภาคตะวันออกเฉียงเหนือ,7,ชาติพัฒนา,145,0.16,17,88742
2562,pv_34_z_7,pv_34,อุบลราชธานี,ภาคตะวันออกเฉียงเหนือ,7,ประชาธรรมไทย,130,0.15,18,88742
2562,pv_34_z_7,pv_34,อุบลราชธานี,ภาคตะวันออกเฉียงเหนือ,7,ประชานิยม,126,0.14,19,88742
2562,pv_34_z_7,pv_34,อุบลราชธานี,ภาคตะวันออกเฉียงเหนือ,7,ประชาธิปไตยใหม่,109,0.12,20,88742
2562,pv_34_z_7,pv_34,อุบลราชธานี,ภาคตะวันออกเฉียงเหนือ,7,ความหวังใหม่,105,0.12,21,88742
2562,pv_34_z_7,pv_34,อุบลราชธานี,ภาคตะวันออกเฉียงเหนือ,7,มหาชน,98,0.11,22,88742
2562,pv_34_z_7,pv_34,อุบลราชธานี,ภาคตะวันออกเฉียงเหนือ,7,เพื่อชาติ,87,0.10,23,88742
2562,pv_34_z_7,pv_34,อุบลราชธานี,ภาคตะวันออกเฉียงเหนือ,7,ครูไทยเพื่อประชาชน,84,0.09,24,88742
2562,pv_34_z_7,pv_34,อุบลราชธานี,ภาคตะวันออกเฉียงเหนือ,7,ไทยศรีวิไลย์,71,0.08,25,88742
2562,pv_34_z_7,pv_34,อุบลราชธานี,ภาคตะวันออกเฉียงเหนือ,7,พลังครูไทย,70,0.08,26,88742
2562,pv_34_z_7,pv_34,อุบลราชธานี,ภาคตะวันออกเฉียงเหนือ,7,ประชาภิวัฒน์,62,0.07,27,88742
2562,pv_34_z_7,pv_34,อุบลราชธานี,ภาคตะวันออกเฉียงเหนือ,7,ทางเลือกใหม่,58,0.07,28,88742
2562,pv_34_z_7,pv_34,อุบลราชธานี,ภาคตะวันออกเฉียงเหนือ,7,พลังชาติไทย,49,0.06,29,88742
2562,pv_34_z_7,pv_34,อุบลราชธานี,ภาคตะวันออกเฉียงเหนือ,7,ไทรักธรรม,45,0.05,30,88742
2562,pv_34_z_7,pv_34,อุบลราชธานี,ภาคตะวันออกเฉียงเหนือ,7,ภราดรภาพ,36,0.04,31,88742
2562,pv_34_z_7,pv_34,อุบลราชธานี,ภาคตะวันออกเฉียงเหนือ,7,เพื่อแผ่นดิน,30,0.03,32,88742
2562,pv_34_z_7,pv_34,อุบลราชธานี,ภาคตะวันออกเฉียงเหนือ,7,ประชากรไทย,27,0.03,33,88742
2562,pv_34_z_7,pv_34,อุบลราชธานี,ภาคตะวันออกเฉียงเหนือ,7,พลังสังคม,24,0.03,34,88742
2562,pv_34_z_7,pv_34,อุบลราชธานี,ภาคตะวันออกเฉียงเหนือ,7,พลังปวงชนไทย,14,0.02,35,88742
2562,pv_34_z_8,pv_34,อุบลราชธานี,ภาคตะวันออกเฉียงเหนือ,8,ประชาธิปัตย์,24306,25.84,1,94055
2562,pv_34_z_8,pv_34,อุบลราชธานี,ภาคตะวันออกเฉียงเหนือ,8,เพื่อไทย,22989,24.44,2,94055
2562,pv_34_z_8,pv_34,อุบลราชธานี,ภาคตะวันออกเฉียงเหนือ,8,พลังประชารัฐ,21429,22.78,3,94055
2562,pv_34_z_8,pv_34,อุบลราชธานี,ภาคตะวันออกเฉียงเหนือ,8,ภูมิใจไทย,11071,11.77,4,94055
2562,pv_34_z_8,pv_34,อุบลราชธานี,ภาคตะวันออกเฉียงเหนือ,8,อนาคตใหม่,8260,8.78,5,94055
2562,pv_34_z_8,pv_34,อุบลราชธานี,ภาคตะวันออกเฉียงเหนือ,8,เสรีรวมไทย,979,1.04,6,94055
2562,pv_34_z_8,pv_34,อุบลราชธานี,ภาคตะวันออกเฉียงเหนือ,8,ชาติไทยพัฒนา,651,0.69,7,94055
2562,pv_34_z_8,pv_34,อุบลราชธานี,ภาคตะวันออกเฉียงเหนือ,8,พลังไทยรักไทย,416,0.44,8,94055
2562,pv_34_z_8,pv_34,อุบลราชธานี,ภาคตะวันออกเฉียงเหนือ,8,ครูไทยเพื่อประชาชน,398,0.42,9,94055
2562,pv_34_z_8,pv_34,อุบลราชธานี,ภาคตะวันออกเฉียงเหนือ,8,เศรษฐกิจใหม่,376,0.40,10,94055
2562,pv_34_z_8,pv_34,อุบลราชธานี,ภาคตะวันออกเฉียงเหนือ,8,ทางเลือกใหม่,365,0.39,11,94055
2562,pv_34_z_8,pv_34,อุบลราชธานี,ภาคตะวันออกเฉียงเหนือ,8,พลังท้องถิ่นไท,317,0.34,12,94055
2562,pv_34_z_8,pv_34,อุบลราชธานี,ภาคตะวันออกเฉียงเหนือ,8,ประชานิยม,297,0.32,13,94055
2562,pv_34_z_8,pv_34,อุบลราชธานี,ภาคตะวันออกเฉียงเหนือ,8,รวมพลังประชาชาติไทย,287,0.31,14,94055
2562,pv_34_z_8,pv_34,อุบลราชธานี,ภาคตะวันออกเฉียงเหนือ,8,เพื่อชาติ,272,0.29,15,94055
2562,pv_34_z_8,pv_34,อุบลราชธานี,ภาคตะวันออกเฉียงเหนือ,8,ไทยศรีวิไลย์,185,0.20,16,94055
2562,pv_34_z_8,pv_34,อุบลราชธานี,ภาคตะวันออกเฉียงเหนือ,8,พลังปวงชนไทย,159,0.17,17,94055
2562,pv_34_z_8,pv_34,อุบลราชธานี,ภาคตะวันออกเฉียงเหนือ,8,พลังประชาธิปไตย,158,0.17,18,94055
2562,pv_34_z_8,pv_34,อุบลราชธานี,ภาคตะวันออกเฉียงเหนือ,8,ไทรักธรรม,156,0.17,19,94055
2562,pv_34_z_8,pv_34,อุบลราชธานี,ภาคตะวันออกเฉียงเหนือ,8,ประชาชาติ,143,0.15,20,94055
2562,pv_34_z_8,pv_34,อุบลราชธานี,ภาคตะวันออกเฉียงเหนือ,8,ประชาธิปไตยใหม่,131,0.14,21,94055
2562,pv_34_z_8,pv_34,อุบลราชธานี,ภาคตะวันออกเฉียงเหนือ,8,ชาติพัฒนา,110,0.12,22,94055
2562,pv_34_z_8,pv_34,อุบลราชธานี,ภาคตะวันออกเฉียงเหนือ,8,ประชาชนปฏิรูป,109,0.12,23,94055
2562,pv_34_z_8,pv_34,อุบลราชธานี,ภาคตะวันออกเฉียงเหนือ,8,พลังครูไทย,102,0.11,24,94055
2562,pv_34_z_8,pv_34,อุบลราชธานี,ภาคตะวันออกเฉียงเหนือ,8,เพื่อแผ่นดิน,77,0.08,25,94055
2562,pv_34_z_8,pv_34,อุบลราชธานี,ภาคตะวันออกเฉียงเหนือ,8,ความหวังใหม่,76,0.08,26,94055
2562,pv_34_z_8,pv_34,อุบลราชธานี,ภาคตะวันออกเฉียงเหนือ,8,แผ่นดินธรรม,73,0.08,27,94055
2562,pv_34_z_8,pv_34,อุบลราชธานี,ภาคตะวันออกเฉียงเหนือ,8,ประชากรไทย,45,0.05,28,94055
2562,pv_34_z_8,pv_34,อุบลราชธานี,ภาคตะวันออกเฉียงเหนือ,8,กลาง,36,0.04,29,94055
2562,pv_34_z_8,pv_34,อุบลราชธานี,ภาคตะวันออกเฉียงเหนือ,8,พลังชาติไทย,31,0.03,30,94055
2562,pv_34_z_8,pv_34,อุบลราชธานี,ภาคตะวันออกเฉียงเหนือ,8,ประชาภิวัฒน์,25,0.03,31,94055
2562,pv_34_z_8,pv_34,อุบลราชธานี,ภาคตะวันออกเฉียงเหนือ,8,มหาชน,15,0.02,32,94055
2562,pv_34_z_8,pv_34,อุบลราชธานี,ภาคตะวันออกเฉียงเหนือ,8,พลังไทสร้างชาติ,11,0.01,33,94055
2562,pv_34_z_8,pv_34,อุบลราชธานี,ภาคตะวันออกเฉียงเหนือ,8,เพื่อนไทย,0,0.00,34,94055
2562,pv_34_z_9,pv_34,อุบลราชธานี,ภาคตะวันออกเฉียงเหนือ,9,เพื่อไทย,33157,38.04,1,87171
2562,pv_34_z_9,pv_34,อุบลราชธานี,ภาคตะวันออกเฉียงเหนือ,9,พลังประชารัฐ,18579,21.31,2,87171
2562,pv_34_z_9,pv_34,อุบลราชธานี,ภาคตะวันออกเฉียงเหนือ,9,ภูมิใจไทย,14518,16.65,3,87171
2562,pv_34_z_9,pv_34,อุบลราชธานี,ภาคตะวันออกเฉียงเหนือ,9,อนาคตใหม่,10427,11.96,4,87171
2562,pv_34_z_9,pv_34,อุบลราชธานี,ภาคตะวันออกเฉียงเหนือ,9,ประชาธิปัตย์,3272,3.75,5,87171
2562,pv_34_z_9,pv_34,อุบลราชธานี,ภาคตะวันออกเฉียงเหนือ,9,เสรีรวมไทย,1257,1.44,6,87171
2562,pv_34_z_9,pv_34,อุบลราชธานี,ภาคตะวันออกเฉียงเหนือ,9,เศรษฐกิจใหม่,705,0.81,7,87171
2562,pv_34_z_9,pv_34,อุบลราชธานี,ภาคตะวันออกเฉียงเหนือ,9,ไทยศรีวิไลย์,545,0.63,8,87171
2562,pv_34_z_9,pv_34,อุบลราชธานี,ภาคตะวันออกเฉียงเหนือ,9,ประชานิยม,445,0.51,9,87171
2562,pv_34_z_9,pv_34,อุบลราชธานี,ภาคตะวันออกเฉียงเหนือ,9,เพื่อชาติ,438,0.50,10,87171
2562,pv_34_z_9,pv_34,อุบลราชธานี,ภาคตะวันออกเฉียงเหนือ,9,รวมพลังประชาชาติไทย,391,0.45,11,87171
2562,pv_34_z_9,pv_34,อุบลราชธานี,ภาคตะวันออกเฉียงเหนือ,9,พลังสังคม,365,0.42,12,87171
2562,pv_34_z_9,pv_34,อุบลราชธานี,ภาคตะวันออกเฉียงเหนือ,9,ประชาภิวัฒน์,350,0.40,13,87171
2562,pv_34_z_9,pv_34,อุบลราชธานี,ภาคตะวันออกเฉียงเหนือ,9,ประชาธิปไตยใหม่,335,0.38,14,87171
2562,pv_34_z_9,pv_34,อุบลราชธานี,ภาคตะวันออกเฉียงเหนือ,9,ชาติพัฒนา,242,0.28,15,87171
2562,pv_34_z_9,pv_34,อุบลราชธานี,ภาคตะวันออกเฉียงเหนือ,9,รักษ์ผืนป่าประเทศไทย,224,0.26,16,87171
2562,pv_34_z_9,pv_34,อุบลราชธานี,ภาคตะวันออกเฉียงเหนือ,9,เพื่อแผ่นดิน,207,0.24,17,87171
2562,pv_34_z_9,pv_34,อุบลราชธานี,ภาคตะวันออกเฉียงเหนือ,9,พลังปวงชนไทย,182,0.21,18,87171
2562,pv_34_z_9,pv_34,อุบลราชธานี,ภาคตะวันออกเฉียงเหนือ,9,รวมใจไทย,182,0.21,19,87171
2562,pv_34_z_9,pv_34,อุบลราชธานี,ภาคตะวันออกเฉียงเหนือ,9,พลังประชาธิปไตย,171,0.20,20,87171
2562,pv_34_z_9,pv_34,อุบลราชธานี,ภาคตะวันออกเฉียงเหนือ,9,พลังไทยรักไทย,164,0.19,21,87171
2562,pv_34_z_9,pv_34,อุบลราชธานี,ภาคตะวันออกเฉียงเหนือ,9,พลังท้องถิ่นไท,161,0.18,22,87171
2562,pv_34_z_9,pv_34,อุบลราชธานี,ภาคตะวันออกเฉียงเหนือ,9,พลังครูไทย,155,0.18,23,87171
2562,pv_34_z_9,pv_34,อุบลราชธานี,ภาคตะวันออกเฉียงเหนือ,9,ทางเลือกใหม่,99,0.11,24,87171
2562,pv_34_z_9,pv_34,อุบลราชธานี,ภาคตะวันออกเฉียงเหนือ,9,ความหวังใหม่,99,0.11,25,87171
2562,pv_34_z_9,pv_34,อุบลราชธานี,ภาคตะวันออกเฉียงเหนือ,9,ชาติไทยพัฒนา,92,0.11,26,87171
2562,pv_34_z_9,pv_34,อุบลราชธานี,ภาคตะวันออกเฉียงเหนือ,9,ไทรักธรรม,75,0.09,27,87171
2562,pv_34_z_9,pv_34,อุบลราชธานี,ภาคตะวันออกเฉียงเหนือ,9,พลังชาติไทย,60,0.07,28,87171
2562,pv_34_z_9,pv_34,อุบลราชธานี,ภาคตะวันออกเฉียงเหนือ,9,ภาคีเครือข่ายไทย,59,0.07,29,87171
2562,pv_34_z_9,pv_34,อุบลราชธานี,ภาคตะวันออกเฉียงเหนือ,9,ผึ้งหลวง,55,0.06,30,87171
2562,pv_34_z_9,pv_34,อุบลราชธานี,ภาคตะวันออกเฉียงเหนือ,9,ครูไทยเพื่อประชาชน,54,0.06,31,87171
2562,pv_34_z_9,pv_34,อุบลราชธานี,ภาคตะวันออกเฉียงเหนือ,9,แทนคุณแผ่นดิน,46,0.05,32,87171
2562,pv_34_z_9,pv_34,อุบลราชธานี,ภาคตะวันออกเฉียงเหนือ,9,มหาชน,34,0.04,33,87171
2562,pv_34_z_9,pv_34,อุบลราชธานี,ภาคตะวันออกเฉียงเหนือ,9,ภราดรภาพ,26,0.03,34,87171
2562,pv_34_z_9,pv_34,อุบลราชธานี,ภาคตะวันออกเฉียงเหนือ,9,เพื่อนไทย,0,0.00,35,87171
2562,pv_34_z_9,pv_34,อุบลราชธานี,ภาคตะวันออกเฉียงเหนือ,9,ไทยรักษาชาติ,0,0.00,36,87171
2562,pv_34_z_10,pv_34,อุบลราชธานี,ภาคตะวันออกเฉียงเหนือ,10,เพื่อไทย,36657,36.28,1,101032
2562,pv_34_z_10,pv_34,อุบลราชธานี,ภาคตะวันออกเฉียงเหนือ,10,พลังประชารัฐ,21617,21.40,2,101032
2562,pv_34_z_10,pv_34,อุบลราชธานี,ภาคตะวันออกเฉียงเหนือ,10,ภูมิใจไทย,10261,10.16,3,101032
2562,pv_34_z_10,pv_34,อุบลราชธานี,ภาคตะวันออกเฉียงเหนือ,10,อนาคตใหม่,9532,9.43,4,101032
2562,pv_34_z_10,pv_34,อุบลราชธานี,ภาคตะวันออกเฉียงเหนือ,10,ประชาธิปัตย์,8051,7.97,5,101032
2562,pv_34_z_10,pv_34,อุบลราชธานี,ภาคตะวันออกเฉียงเหนือ,10,ชาติไทยพัฒนา,7325,7.25,6,101032
2562,pv_34_z_10,pv_34,อุบลราชธานี,ภาคตะวันออกเฉียงเหนือ,10,เสรีรวมไทย,1131,1.12,7,101032
2562,pv_34_z_10,pv_34,อุบลราชธานี,ภาคตะวันออกเฉียงเหนือ,10,เพื่อชาติ,885,0.88,8,101032
2562,pv_34_z_10,pv_34,อุบลราชธานี,ภาคตะวันออกเฉียงเหนือ,10,เศรษฐกิจใหม่,783,0.78,9,101032
2562,pv_34_z_10,pv_34,อุบลราชธานี,ภาคตะวันออกเฉียงเหนือ,10,รักษ์ผืนป่าประเทศไทย,612,0.61,10,101032
2562,pv_34_z_10,pv_34,อุบลราชธานี,ภาคตะวันออกเฉียงเหนือ,10,ครูไทยเพื่อประชาชน,577,0.57,11,101032
2562,pv_34_z_10,pv_34,อุบลราชธานี,ภาคตะวันออกเฉียงเหนือ,10,ทางเลือกใหม่,358,0.35,12,101032
2562,pv_34_z_10,pv_34,อุบลราชธานี,ภาคตะวันออกเฉียงเหนือ,10,ประชาชาติ,309,0.31,13,101032
2562,pv_34_z_10,pv_34,อุบลราชธานี,ภาคตะวันออกเฉียงเหนือ,10,พลังชาติไทย,283,0.28,14,101032
2562,pv_34_z_10,pv_34,อุบลราชธานี,ภาคตะวันออกเฉียงเหนือ,10,ประชาภิวัฒน์,251,0.25,15,101032
2562,pv_34_z_10,pv_34,อุบลราชธานี,ภาคตะวันออกเฉียงเหนือ,10,พลังไทยรักไทย,218,0.22,16,101032
2562,pv_34_z_10,pv_34,อุบลราชธานี,ภาคตะวันออกเฉียงเหนือ,10,รวมพลังประชาชาติไทย,200,0.20,17,101032
2562,pv_34_z_10,pv_34,อุบลราชธานี,ภาคตะวันออกเฉียงเหนือ,10,พลังปวงชนไทย,181,0.18,18,101032
2562,pv_34_z_10,pv_34,อุบลราชธานี,ภาคตะวันออกเฉียงเหนือ,10,พลังประชาธิปไตย,174,0.17,19,101032
2562,pv_34_z_10,pv_34,อุบลราชธานี,ภาคตะวันออกเฉียงเหนือ,10,ประชานิยม,173,0.17,20,101032
2562,pv_34_z_10,pv_34,อุบลราชธานี,ภาคตะวันออกเฉียงเหนือ,10,ไทยศรีวิไลย์,173,0.17,21,101032
2562,pv_34_z_10,pv_34,อุบลราชธานี,ภาคตะวันออกเฉียงเหนือ,10,ชาติพัฒนา,156,0.15,22,101032
2562,pv_34_z_10,pv_34,อุบลราชธานี,ภาคตะวันออกเฉียงเหนือ,10,พลังท้องถิ่นไท,154,0.15,23,101032
2562,pv_34_z_10,pv_34,อุบลราชธานี,ภาคตะวันออกเฉียงเหนือ,10,เพื่อแผ่นดิน,143,0.14,24,101032
2562,pv_34_z_10,pv_34,อุบลราชธานี,ภาคตะวันออกเฉียงเหนือ,10,ประชาไทย,125,0.12,25,101032
2562,pv_34_z_10,pv_34,อุบลราชธานี,ภาคตะวันออกเฉียงเหนือ,10,ผึ้งหลวง,104,0.10,26,101032
2562,pv_34_z_10,pv_34,อุบลราชธานี,ภาคตะวันออกเฉียงเหนือ,10,ประชาธิปไตยใหม่,83,0.08,27,101032
2562,pv_34_z_10,pv_34,อุบลราชธานี,ภาคตะวันออกเฉียงเหนือ,10,แผ่นดินธรรม,81,0.08,28,101032
2562,pv_34_z_10,pv_34,อุบลราชธานี,ภาคตะวันออกเฉียงเหนือ,10,ความหวังใหม่,77,0.08,29,101032
2562,pv_34_z_10,pv_34,อุบลราชธานี,ภาคตะวันออกเฉียงเหนือ,10,พลังครูไทย,69,0.07,30,101032
2562,pv_34_z_10,pv_34,อุบลราชธานี,ภาคตะวันออกเฉียงเหนือ,10,รวมใจไทย,45,0.04,31,101032
2562,pv_34_z_10,pv_34,อุบลราชธานี,ภาคตะวันออกเฉียงเหนือ,10,ประชาชนปฏิรูป,45,0.04,32,101032
2562,pv_34_z_10,pv_34,อุบลราชธานี,ภาคตะวันออกเฉียงเหนือ,10,รักท้องถิ่นไทย,43,0.04,33,101032
2562,pv_34_z_10,pv_34,อุบลราชธานี,ภาคตะวันออกเฉียงเหนือ,10,แทนคุณแผ่นดิน,42,0.04,34,101032
2562,pv_34_z_10,pv_34,อุบลราชธานี,ภาคตะวันออกเฉียงเหนือ,10,ไทรักธรรม,42,0.04,35,101032
2562,pv_34_z_10,pv_34,อุบลราชธานี,ภาคตะวันออกเฉียงเหนือ,10,ภาคีเครือข่ายไทย,37,0.04,36,101032
2562,pv_34_z_10,pv_34,อุบลราชธานี,ภาคตะวันออกเฉียงเหนือ,10,ภราดรภาพ,35,0.03,37,101032
2562,pv_15_z_1,pv_15,อ่างทอง,ภาคกลาง,1,ภูมิใจไทย,62741,39.10,1,160448
2562,pv_15_z_1,pv_15,อ่างทอง,ภาคกลาง,1,เพื่อไทย,47373,29.53,2,160448
2562,pv_15_z_1,pv_15,อ่างทอง,ภาคกลาง,1,อนาคตใหม่,21321,13.29,3,160448
2562,pv_15_z_1,pv_15,อ่างทอง,ภาคกลาง,1,พลังประชารัฐ,18128,11.30,4,160448
2562,pv_15_z_1,pv_15,อ่างทอง,ภาคกลาง,1,เสรีรวมไทย,2287,1.43,5,160448
2562,pv_15_z_1,pv_15,อ่างทอง,ภาคกลาง,1,เศรษฐกิจใหม่,1812,1.13,6,160448
2562,pv_15_z_1,pv_15,อ่างทอง,ภาคกลาง,1,พลังชาติไทย,1669,1.04,7,160448
2562,pv_15_z_1,pv_15,อ่างทอง,ภาคกลาง,1,ชาติพัฒนา,1033,0.64,8,160448
2562,pv_15_z_1,pv_15,อ่างทอง,ภาคกลาง,1,พลังท้องถิ่นไท,690,0.43,9,160448
2562,pv_15_z_1,pv_15,อ่างทอง,ภาคกลาง,1,รวมพลังประชาชาติไทย,585,0.36,10,160448
2562,pv_15_z_1,pv_15,อ่างทอง,ภาคกลาง,1,ประชานิยม,462,0.29,11,160448
2562,pv_15_z_1,pv_15,อ่างทอง,ภาคกลาง,1,เครือข่ายชาวนาแห่งประเทศไทย,345,0.22,12,160448
2562,pv_15_z_1,pv_15,อ่างทอง,ภาคกลาง,1,รักษ์ผืนป่าประเทศไทย,328,0.20,13,160448
2562,pv_15_z_1,pv_15,อ่างทอง,ภาคกลาง,1,ไทยศรีวิไลย์,300,0.19,14,160448
2562,pv_15_z_1,pv_15,อ่างทอง,ภาคกลาง,1,เพื่อชาติ,263,0.16,15,160448
2562,pv_15_z_1,pv_15,อ่างทอง,ภาคกลาง,1,ภาคีเครือข่ายไทย,255,0.16,16,160448
2562,pv_15_z_1,pv_15,อ่างทอง,ภาคกลาง,1,พลังปวงชนไทย,161,0.10,17,160448
2562,pv_15_z_1,pv_15,อ่างทอง,ภาคกลาง,1,ไทรักธรรม,161,0.10,18,160448
2562,pv_15_z_1,pv_15,อ่างทอง,ภาคกลาง,1,ประชาภิวัฒน์,156,0.10,19,160448
2562,pv_15_z_1,pv_15,อ่างทอง,ภาคกลาง,1,แผ่นดินธรรม,129,0.08,20,160448
2562,pv_15_z_1,pv_15,อ่างทอง,ภาคกลาง,1,ประชาไทย,109,0.07,21,160448
2562,pv_15_z_1,pv_15,อ่างทอง,ภาคกลาง,1,พลังศรัทธา,75,0.05,22,160448
2562,pv_15_z_1,pv_15,อ่างทอง,ภาคกลาง,1,ประชาชนปฏิรูป,65,0.04,23,160448
2562,pv_15_z_1,pv_15,อ่างทอง,ภาคกลาง,1,ประชาธิปัตย์,0,0.00,24,160448
2562,pv_15_z_1,pv_15,อ่างทอง,ภาคกลาง,1,เพื่อนไทย,0,0.00,25,160448
2562,pv_15_z_1,pv_15,อ่างทอง,ภาคกลาง,1,ประชาชาติ,0,0.00,26,160448
